,0,0,0,0
0,0.00314348131205105,0.003830779891207801,0.0035108530283226324,0.003316038853211278
1,0.0031439127952623542,0.003831329625518506,0.00351134797452063,0.0033164809267191855
2,0.0031452048060647618,0.003832955706430891,0.0035128270360328577,0.003317814116064769
3,0.0031473565390171725,0.003835660595433593,0.003515303788773812,0.0033200324383252672
4,0.0031503617142769787,0.003839426762561066,0.003518781387254748,0.003323132291000761
5,0.0031542187348760856,0.003844249363881734,0.0035232784200666493,0.0033271072654437557
6,0.0031589296020939394,0.0038501240751918904,0.0035288112625014374,0.003331946576897199
7,0.0031644952765777583,0.0038570518373829297,0.003535401369319604,0.0033376571460354935
8,0.0031709238371636743,0.0038650380515713417,0.003543085221944968,0.003344227341224828
9,0.003178221128687175,0.003874100241309061,0.003551887833191613,0.0033516477227590862
10,0.0031864021216470658,0.0038842490913525017,0.003561856716320053,0.0033599282757902633
11,0.0031954855895232116,0.0038955115772498407,0.0035730303134841475,0.003369065979508305
12,0.0032055037350583178,0.003907916667677615,0.0035854768150870363,0.0033790577247533103
13,0.0032164813735955566,0.003921516416393573,0.0035992561148488807,0.0033899330493097003
14,0.0032284517386806854,0.0039363406652815,0.003614426491291291,0.003401698552813788
15,0.0032414509660628156,0.0039524515139706205,0.003631110994297676,0.0034143368749357966
16,0.0032556176789946658,0.003969900445450571,0.003649366763413778,0.0034280484546700017
17,0.003270949502693325,0.003988765537912172,0.003669270516104398,0.0034425727811863128
18,0.0032873252776932666,0.004009396856023092,0.003690913003392435,0.0034584374064770417
19,0.003305700214797579,0.004031039096225795,0.0037143146035178358,0.0034749314765881146
20,0.0033247562837933065,0.004054861312013748,0.0037396252374358886,0.0034929436677586185
21,0.0033457654215179686,0.004080678628028063,0.003768184115772384,0.00351316461027601
22,0.003368548160237654,0.0041085010213214495,0.003797334676525999,0.0035340984978249434
23,0.0033926869745689076,0.004139246950971278,0.0038306406953930614,0.003556983795585426
24,0.0034200819813666643,0.004172622492233028,0.003866994874464701,0.0035802097527364257
25,0.00344940845748382,0.0042079001539591585,0.003903536804472987,0.003607466791652217
26,0.0034800535225357,0.004245156492077221,0.00395160954445886,0.003639589849402963
27,0.0035159674915198075,0.004282039668014953,0.0040059246259854485,0.0036632469499651744
28,0.00355690296171014,0.004330807389415935,0.004044968119072312,0.0036980622654871646
29,0.0035951723906476165,0.00438277650180111,0.004095395534503537,0.003743588050453402
30,0.0036291962910879193,0.004448093312518565,0.004150465440354367,0.0037839059497095434
31,0.0036961660181924184,0.004487490075922371,0.0042174265791549,0.0038306632959593094
32,0.0037637505419155838,0.004581447573845994,0.004281197942205654,0.003927644428164579
33,0.0038059207975821695,0.004703315050653739,0.004352429298831201,0.003944998144300655
34,0.0038690269780863712,0.004707749903480321,0.0044160775522523645,0.003985554242903568
35,0.00393514938081609,0.004806529145584244,0.004546756811622047,0.004099461763670925
36,0.004047444505115685,0.004963877276908808,0.004539186572333232,0.004139057773079014
37,0.004154828064901448,0.005035369951796542,0.004720372495679978,0.004254568059071468
38,0.004280470530905789,0.005153315398892043,0.004879054894697097,0.0043178688989319895
39,0.004252227245062438,0.005479821111361644,0.004851649655274887,0.004567851549964883
40,0.004600787765290868,0.005471753530946844,0.005033469399884528,0.004609788606935864
41,0.004764563244513299,0.005850311483231399,0.005254316109170002,0.004800896124096796
42,0.004903900179053285,0.005880960091403528,0.005611719030738106,0.005191155081349586
43,0.005042935283923209,0.005913221408273303,0.005678635162716249,0.005519425637051805
44,0.005249513080821247,0.006151627788571367,0.006097060913552622,0.005564257628076793
45,0.005903474325250826,0.006839921463955681,0.006130098242015383,0.006025734575405433
46,0.005513477008266835,0.006647462282643632,0.006428802517249769,0.006359005700287054
47,0.006258444275689934,0.007358945768316234,0.006948363665186878,0.006652955814071099
48,0.0064391002201787464,0.007697644790935679,0.007329431422283888,0.007394919838818014
49,0.007077828477453522,0.00803653418282962,0.0073557117483709486,0.00722296686071085
50,0.007412847073678521,0.008562562421841042,0.007169788423306612,0.007950406685506665
51,0.008227339345607255,0.008490009820645461,0.008582136957949332,0.008108984672489727
52,0.008527009005084699,0.009185574331815303,0.009485977046959743,0.008717262131188987
53,0.009483161621667973,0.01006377395740369,0.009334831880968003,0.009751485793964702
54,0.009666473395477137,0.01105284101708531,0.010647530661649602,0.009936008900482223
55,0.010469448607168358,0.011370119706707683,0.011318759069408298,0.011032162677106938
56,0.011599554630936421,0.012094326644063094,0.012831562581886275,0.010604497047011443
57,0.011318628884190154,0.011566243214038105,0.010581992025435005,0.011972363081357327
58,0.013398508912748026,0.01366592336451658,0.01260803651574025,0.012950649202751597
59,0.01186925060909458,0.013172670635807975,0.012880982693593016,0.011758827089279172
60,0.014662304286124632,0.012598821468376618,0.015325304001171625,0.015081317439322936
61,0.015545973325814737,0.0138542774446009,0.016194588185827728,0.01591575799479275
62,0.015585850001691664,0.016615883287714902,0.016375726548776157,0.016400884402278538
63,0.015426448613725965,0.01790043545254925,0.017157429931497877,0.01672099623745541
64,0.0169789529684738,0.016535899684936968,0.0153968868027898,0.015157449103352167
65,0.017433436795711636,0.017128647364111148,0.020544485076702607,0.01788997104169747
66,0.017798037192495796,0.017431257046963793,0.01717682023608424,0.018824407899699355
67,0.017832629598574665,0.017649845293281428,0.020443264998422715,0.01851744401583805
68,0.018532851522406833,0.016910187983050395,0.018620331978149773,0.019820064665920026
69,0.017259383415493462,0.01904219702663144,0.020934434976616737,0.018807853321146165
70,0.019225422916738507,0.01689511143090114,0.018861394219766237,0.02184212079037585
71,0.017199831626751948,0.01792837625941347,0.01963093265163083,0.01760787800572429
72,0.019718289065934366,0.021918312781517856,0.019431657594261364,0.017323395766244643
73,0.02039588004854582,0.01970989410188127,0.020014661127890764,0.019415985513077758
74,0.018903688485506352,0.021226937016689484,0.019939715409932404,0.02010787331031285
75,0.020987815717555633,0.0176416154487835,0.02009346456968482,0.0208472969305036
76,0.0207042513972469,0.018973793834160625,0.020373482909354635,0.017767420834748294
77,0.01913083961730188,0.02180131152210736,0.018141656279966556,0.021634850558467623
78,0.01903189235672524,0.01721921610997279,0.018672842760237358,0.017671540710961862
79,0.020078820099445557,0.018045902461284763,0.018611340880475467,0.017533517123374854
80,0.02155116625877615,0.021623512893767346,0.020404249126541884,0.020495288158105723
81,0.021378479199631158,0.018937171728767577,0.01893140432549299,0.0191706942250388
82,0.02198954670105097,0.021482883458010648,0.019160885861826616,0.020276679716560574
83,0.020975156245458905,0.022024768750119158,0.020364818876840954,0.019578025658202318
84,0.020230689936801983,0.020366605159866137,0.018364245900781725,0.0219696027739242
85,0.021177525382390924,0.02002064097622693,0.02053474424142553,0.02005674110206691
86,0.0210232084786965,0.022134340530876755,0.02019159231935941,0.01918681891515365
87,0.020562275846145787,0.019953832038357832,0.021828776701707263,0.021409275510559694
88,0.019991994166735468,0.021244613122129156,0.02138257619289123,0.019218384345071494
89,0.021308094587109992,0.02112018044595131,0.02051658114083145,0.01967327090224255
90,0.020690287027438855,0.020362518782270515,0.01968233269159445,0.021093289761083794
91,0.019980974379354907,0.020745575770047864,0.020990418836681058,0.020964319015268774
92,0.02140795841704505,0.01609454190036929,0.020895989117927463,0.019800489323091607
93,0.020925404008315572,0.023939202312352616,0.020861178281413772,0.020712365226761537
94,0.021535451586903433,0.01960447916678487,0.02189662329828695,0.022326995457904092
95,0.021708122472934348,0.019194944263490613,0.02298032791827783,0.01789696421125175
96,0.018651980893930758,0.023062173573410286,0.022295993044724814,0.01898850302424202
97,0.0206252953353656,0.019530232173603692,0.019759838974723717,0.01943627991230976
98,0.019619760029972996,0.024221343994266835,0.018330266108221478,0.01843305514476192
99,0.020768210538923696,0.021301172126582953,0.02028418079738341,0.021467314608463798
100,0.019981402840518137,0.020467568346064592,0.0200777847403897,0.022871698979648185
101,0.021002091042386282,0.02025025330590947,0.018796597516775385,0.020093351600317756
102,0.02023333062836603,0.017963611386580255,0.018076028386316518,0.019071935774825376
103,0.021035262423368,0.01718823834527943,0.019644862440166996,0.02132540795193031
104,0.02116941744914093,0.02076052787189511,0.02049863712300374,0.021243521115013465
105,0.01975210643159889,0.01937805996067043,0.02050784365116891,0.023537952414957545
106,0.020525565568187867,0.016822228300764085,0.020549604380681385,0.021410666557128942
107,0.022343910989692576,0.019601592487629882,0.020775424261780952,0.022404451624545314
108,0.018273616720724098,0.020404230299959816,0.020518701144331235,0.01861325195601019
109,0.019929621458586157,0.019221629289208494,0.01704142741882898,0.020817784719618773
110,0.01926895580110137,0.01944273744334268,0.01740800067214401,0.018091982798931785
111,0.019244039119394037,0.019104372517941455,0.0211887875080722,0.020896617854019993
112,0.019090882649598278,0.021328999348476606,0.020011639202138644,0.018149150867546805
113,0.020464517997598165,0.020851147430993547,0.01792945817353643,0.020125140374957558
114,0.01860878369496719,0.01653816068801541,0.019188869499154933,0.024283139517429015
115,0.020007553113111046,0.020053867311190618,0.01994710569359532,0.01905089260159454
116,0.01844496498672607,0.019433313902239985,0.02176577927710459,0.01907981829098535
117,0.01727968751250561,0.01681494695610873,0.018942404298222127,0.01968726458966709
118,0.0190839774689995,0.020486870789651602,0.018057126566400312,0.021309544861486073
119,0.019076174298606682,0.019943792963342005,0.017594311447246925,0.01818483134700886
120,0.019883815147805118,0.01803717287657707,0.018747248595747164,0.019401923120537703
121,0.020500921986958374,0.019404594176094754,0.0180676027270517,0.019390350926983015
122,0.019798795807167098,0.01901370681909447,0.019616292656560362,0.020908633281455213
123,0.017897912080954134,0.018718908920629444,0.01812410353949945,0.018452255689840977
124,0.02073671080348768,0.018222574321970195,0.01712670626149799,0.019275583236392918
125,0.02019981279195301,0.01817111218947191,0.019451294946250863,0.019479663725017072
126,0.018484047720579704,0.019562912728945805,0.018684350040052523,0.01879022211900439
127,0.017143478539745283,0.02090678582224089,0.019740268201066707,0.017528237706927276
128,0.018089991837106308,0.02000898227069202,0.01996189178956004,0.01863914772033924
129,0.01966329287253991,0.02047770289376863,0.015383873145224469,0.02025543801797163
130,0.019306072009184817,0.01901738199036245,0.02153364353773884,0.01845765537924675
131,0.019253768048633164,0.018148841704625593,0.019763531874734154,0.018188712561244214
132,0.017999326770554772,0.020551222540457614,0.019050646993809647,0.017029847472411753
133,0.01926925919903331,0.018186224123644734,0.01765688901395089,0.018739243490953253
134,0.020388596439134425,0.018578725882034516,0.017016989493869962,0.018380823137432067
135,0.018300911865594727,0.01882659695466259,0.019250605580111654,0.019880628385883545
136,0.017132267619254026,0.017029070973602414,0.021435634891715717,0.01878695401883457
137,0.01888118241606001,0.018082570132665184,0.01856281532613567,0.019938990369290203
138,0.018916007563337355,0.018937639323735846,0.017819872325914657,0.017227882279799673
139,0.018397984339084118,0.020023022057797487,0.020369995630659977,0.018760337952999057
140,0.017995386046558967,0.016125182449592185,0.021391694664317312,0.020623226183247013
141,0.018452511142834846,0.02040255373431464,0.018612452586547888,0.018652151787324
142,0.017941005077276032,0.01690037592058418,0.01977149908864498,0.01792321722910901
143,0.01893162034029294,0.01647019577361315,0.015924482580338687,0.01985734040070772
144,0.019459089067013453,0.01974799956302164,0.01802861546757665,0.020400261241961787
145,0.01942778365367418,0.01792883840347189,0.01998832415993206,0.019984724126444985
146,0.017082522162028057,0.018713419332938946,0.017137881656324856,0.02081562125161172
147,0.017409205640736385,0.01806780298140388,0.018917842928699594,0.015034176358269771
148,0.017437777365255678,0.01950034919871626,0.017797200457844962,0.019582455389476755
149,0.018052877577736885,0.01923524738115849,0.019325263429758086,0.018474766349750343
150,0.01645620120089221,0.018826689012607974,0.01527816519469622,0.017053407360680534
151,0.018448246559173122,0.01725899746859042,0.017679846305095594,0.017779815290486507
152,0.019495731119570633,0.01754215126949966,0.016439827558529595,0.019537553386948077
153,0.01848267698479124,0.019291235663835834,0.019295365223373665,0.019757767591350194
154,0.01848223266465496,0.018870944661157983,0.018115919509373947,0.018182767530078026
155,0.018260130381826545,0.022592002841485024,0.018001877039641307,0.016880894067081015
156,0.0185587565038783,0.019082333521517895,0.01976830950861303,0.01686932417938065
157,0.01978047540265444,0.016068879800971464,0.01712221039878087,0.01850093204915841
158,0.017646564687945305,0.020883896784992934,0.017798991096667598,0.016696138256111204
159,0.018829476029759287,0.01703637777975702,0.017095705331963817,0.01779379682806289
160,0.018249242930421728,0.01939279670138022,0.019342856812097523,0.01893807362947268
161,0.017024557860901172,0.01682254435350532,0.019226768681976886,0.019285473737367432
162,0.0179621536972152,0.017278714144862116,0.016506663801920632,0.019133967499309595
163,0.01880384090656529,0.019336704578179143,0.015924929438263284,0.018510069679178672
164,0.018752442763601298,0.017575876015752615,0.01905186574155466,0.01928676502492278
165,0.016650877657951618,0.01479735087504158,0.018672069935539187,0.01658246326625455
166,0.017355423231800015,0.016944752603414544,0.019565023779950178,0.01853510598100139
167,0.0180448232269935,0.016674505094306107,0.018566266459448318,0.019270285170483563
168,0.018012475992459726,0.01745948199386252,0.018239633385559107,0.018856480851787497
169,0.0169359480774653,0.019221027702187147,0.01924184176290063,0.018108346863695488
170,0.01772515303648474,0.01672882062025722,0.01603984572183921,0.01824870100004342
171,0.01802803230552459,0.01919301568489501,0.017721195021738013,0.01822426292314712
172,0.017870077220245625,0.01949205804589788,0.016593445778799034,0.015106352535727438
173,0.015875264209931392,0.01935260989016115,0.016382907020421694,0.015910626111151974
174,0.017937731146426696,0.01787417025497642,0.016710298478127956,0.017392178716554275
175,0.018470602247411788,0.014675501162695857,0.016649112228949617,0.019059943551135213
176,0.01693852957117815,0.020508300864950476,0.01841526641154854,0.019118695550644996
177,0.018034717614445448,0.01875152076004705,0.01826357875802014,0.015680853467763
178,0.018278877314827868,0.01830308439453198,0.018290361285423704,0.01618210508383553
179,0.01875856782192889,0.019400176580695247,0.020511196142001798,0.01721151595769949
180,0.018777339898710724,0.01793987928131613,0.017177443491044716,0.018933915086762124
181,0.017077049915599586,0.01954760712676294,0.017134723224112813,0.01808372163815615
182,0.01911421812308762,0.0167582248657526,0.017064602416752533,0.018455256051025624
183,0.017616554260327367,0.019332735221149644,0.018038587286179505,0.018542485315793764
184,0.015342831015143433,0.01802013444948099,0.018048686308509424,0.01992290506036229
185,0.01959649948519247,0.015996225170017715,0.018218651569842866,0.01508730237206784
186,0.016091474741028088,0.0172234588395452,0.01666373533450351,0.01811036487597514
187,0.017749033973646234,0.017511814914365348,0.018818475968512775,0.01685249045061768
188,0.018023214606165853,0.01882988118207935,0.018497333150380938,0.0188257229377334
189,0.018239353311374083,0.016764330876102407,0.017263681005607757,0.017291587842560737
190,0.019447169667022556,0.01901851890086078,0.01874415972128959,0.019013222423014994
191,0.01798859414443731,0.016491948818164192,0.018757515298714167,0.018005376000529986
192,0.018431712898117864,0.01714440921069251,0.018648257816119264,0.016186008577590276
193,0.017925553763655767,0.015356929622960596,0.017015608975770053,0.015916846876819064
194,0.017721310989854234,0.014798251588594892,0.01701834736753448,0.016518617974638897
195,0.017018711160577658,0.01683160374327472,0.016723268026695916,0.020668544528172333
196,0.016699985609860312,0.016963035481181422,0.01619015989062486,0.017087427544079943
197,0.01926887730250031,0.013826897418942474,0.017376639666048597,0.01594541916386483
198,0.01752543429694067,0.015096867398514721,0.017306197247218866,0.017499598131908108
199,0.01590397509935146,0.0201650299753742,0.01729519360848904,0.01840948071170284
200,0.019538619554602444,0.01953204831449854,0.017122558815063867,0.018640836660664847
201,0.017623314369127733,0.01856303029637669,0.018059094346089957,0.01799166000043512
202,0.018356760774007882,0.01732770426556472,0.01860828829943853,0.0171380039286574
203,0.018131012996887907,0.01753947586823293,0.019959981593252005,0.014810001119448331
204,0.019148648799742585,0.01967967757365852,0.01845765768590803,0.015410262662431694
205,0.018504619863785078,0.017526223967521404,0.018567588481029386,0.015731451759198045
206,0.017238669807354706,0.017604204322566763,0.018080094173173012,0.01760821732138097
207,0.01817745524761853,0.016724656964722175,0.017399069864120945,0.017546176976036536
208,0.01805286086383311,0.01769498095929203,0.0177894855853013,0.017650919273011476
209,0.017968670447345916,0.01729514568929405,0.016970758191249036,0.017097489198697323
210,0.018411960576971528,0.018932402854333622,0.016904766532785203,0.016263391730216677
211,0.016340513565954947,0.016070677115752344,0.01719652357817034,0.016147820261977263
212,0.017418553742594545,0.01672025065024501,0.01943207005279132,0.017511592982224915
213,0.01580081467737516,0.0201572154703492,0.018377940134653274,0.019346569505647088
214,0.01720561702938897,0.01658942298277391,0.01834784999071684,0.018397104451265276
215,0.018103561307252852,0.014479913422973176,0.017406549374090596,0.01744380656653083
216,0.018328834064184195,0.01803482244461294,0.016666222115865822,0.015228520737087768
217,0.01794766719982785,0.01782850284939788,0.014807151688510014,0.016876387628253994
218,0.017216460703793193,0.016457539478492857,0.01761600648512497,0.017724248797881606
219,0.016604993692986035,0.020302017683652602,0.01807559427049398,0.018054736227105215
220,0.017059987492202576,0.015222211644892686,0.01753184270399321,0.0160441780367654
221,0.016954748969594664,0.018250031591334648,0.01821855251080353,0.017456625835760704
222,0.016036402843264942,0.0164460166085927,0.017172124978354405,0.017358016955139742
223,0.01644845646918502,0.015671049471047083,0.01668618667249448,0.017247003648987676
224,0.018266065861030422,0.017146733470164367,0.01755657724227831,0.015871355086382547
225,0.017399060618446167,0.0162557084786029,0.015804411326489826,0.019663627974668217
226,0.018261964186155367,0.01882241717646112,0.016416305101989496,0.019751048747480397
227,0.01835973857267527,0.01646826362826277,0.016098039072481838,0.017343432379462367
228,0.016773920614144427,0.015487108730718038,0.01721520901464465,0.018857480036788686
229,0.016455647628434936,0.018001337341449333,0.018247569327430047,0.018444729539985057
230,0.01693167961272408,0.01595025402154651,0.01684995904367912,0.017194757688486578
231,0.018564340086583163,0.016610822533038663,0.018398219903172346,0.018340216091222147
232,0.017872952355645802,0.017723490630906565,0.01694128128973809,0.019317592789023293
233,0.018033530200847865,0.016887405427795613,0.01794468259937303,0.016477253970343806
234,0.018303327666386995,0.01589561986906032,0.01641860618975025,0.015646446940180893
235,0.018240480293634988,0.018860688145065616,0.01715111644628494,0.017040338601509938
236,0.018464778281126235,0.016382541322001398,0.016765344750325116,0.018124506811275386
237,0.0175959183882317,0.016492571320951853,0.01762762808304798,0.01675252592409715
238,0.017912641569606064,0.017836334813807,0.018355169215105542,0.017847189676365494
239,0.015649496550196575,0.016876219521342738,0.019099348194612578,0.017340600114692493
240,0.016606643505601842,0.016827707574379548,0.017079904835560066,0.017230316510099864
241,0.01775211663039181,0.017601234950502614,0.015243241402039363,0.018242308141293215
242,0.01780775440802665,0.021698770586504053,0.016251749574260184,0.01862134212784698
243,0.01790405778050816,0.016519507555011415,0.017319480958413135,0.016108895630240837
244,0.017787660752362246,0.017291760842523266,0.01556979377260979,0.013267373904059831
245,0.018078942030401713,0.016919676555104873,0.016919928639953993,0.017392440812042997
246,0.01827673644084035,0.017412187370801007,0.015347689328497869,0.018623650150277688
247,0.01858333669779288,0.018696896203347167,0.016899036645177862,0.018293785116205243
248,0.017922012722351614,0.01871767591607597,0.018116310578769227,0.016581914555485574
249,0.017164530818937887,0.0170787992924759,0.01720200326161551,0.01659053303851676
250,0.017798367765006914,0.01719157703031831,0.01742128010594207,0.015336996935458093
251,0.017617689653910723,0.016144324879443592,0.017888827962287066,0.019000293328144895
252,0.016982438132570794,0.02002145722952972,0.01699797787600144,0.017752898718565648
253,0.01768576866098539,0.017545452420269152,0.01388172035340163,0.014913450128136769
254,0.017661251534782686,0.01685227197255121,0.01800603623374804,0.014880416423345071
255,0.017444770911013666,0.01758307193259251,0.017755675897317434,0.017450235880214774
256,0.01732653244387176,0.018087539081743344,0.01618715663701621,0.018804285381729857
257,0.01649726972444052,0.01672370187279744,0.01798511553475145,0.0179298804815134
258,0.017518828039501715,0.019212500197067123,0.01836923174260032,0.01607890950275813
259,0.01783873051207422,0.015594095565199728,0.018283794779705292,0.018470266412186576
260,0.01607858580699733,0.017266044471894122,0.01973014667859254,0.016450590735551277
261,0.015892687615495067,0.019885470549867525,0.016981040616691884,0.014720732272674737
262,0.017522592999274503,0.018316237176467794,0.01803959049629621,0.01769756501919667
263,0.01824454532400541,0.016109894918645347,0.01934492723336535,0.017451542855707353
264,0.01649944495220095,0.01832724717417706,0.017030257959168536,0.01603438802159162
265,0.018772067849356325,0.018638682626472388,0.019139741018784965,0.016660179902885076
266,0.015821228390174132,0.019779963549514393,0.01797277047752308,0.017178929318776317
267,0.018987015807970378,0.016189755792938926,0.015892003243423297,0.017107033674235137
268,0.017267036794723342,0.01834347598187246,0.02011925868327585,0.016220925258776497
269,0.01816397976464056,0.017587543722136816,0.016556147212915373,0.017902261626140763
270,0.017250796331715154,0.019186103590659365,0.017506569822043194,0.018717843028772826
271,0.01789408104606106,0.019053117115956152,0.014909562057170405,0.018752871105573003
272,0.01805139014869757,0.02136461772717249,0.01581656203657018,0.018729411947149166
273,0.016902353988828257,0.017753824202277432,0.018252567021333543,0.01958089609129659
274,0.015622795379390913,0.01550969814024761,0.01644516322395686,0.019071767962920115
275,0.016666925162371095,0.01527351685769296,0.017146669299685034,0.017660896513903294
276,0.018051263506966595,0.01637165488174549,0.01578284959073711,0.015858145177028982
277,0.01911737990018772,0.016519597798111154,0.01731414585163901,0.016316616808058
278,0.016316137994657986,0.016139669430375682,0.016528682342128172,0.015763904642176335
279,0.016897334304017728,0.015599686699812633,0.020002251077492064,0.01632816074485184
280,0.016609089266285414,0.019394599903168403,0.016942504864995912,0.017977638191054093
281,0.017182419680213005,0.015367095750684177,0.01803707392965756,0.01632735956009197
282,0.01768508044630068,0.017642541893257587,0.01682786188815924,0.015380565409807256
283,0.016557044327910848,0.01649142679504051,0.018474293494523376,0.018408538115437315
284,0.017336486386989643,0.015732999486342967,0.01851377998789673,0.017527735974774153
285,0.017445790749162374,0.017204570599074775,0.016928096563916254,0.015613767650716669
286,0.017264964669007534,0.019704495358316046,0.017768680420408925,0.018036283925187073
287,0.01807986859848222,0.013864629287709167,0.018334190607284973,0.0193697083332976
288,0.01761687185141506,0.017938601935774883,0.016034865544886118,0.0185368722846521
289,0.01663081109075322,0.015138486767018256,0.01541568943132138,0.018739807432946787
290,0.01888982364131864,0.01816273546058094,0.019154210685366616,0.01783455322965518
291,0.016050688753721194,0.018313788647846416,0.01691530726903656,0.01584581021409936
292,0.017844080884835797,0.017185549931378122,0.017479143689327473,0.01863654686495355
293,0.018922786579984217,0.017732721274102935,0.015206309556057371,0.016050586750647144
294,0.018283574155323792,0.018310278227181183,0.016672851103404596,0.01722526229849034
295,0.01742628575136721,0.0177060863640294,0.016239111796480042,0.017926238075915736
296,0.0188317465032539,0.01759521831531852,0.01797559432274402,0.016429089453567528
297,0.0186990353651406,0.017223623353412588,0.016771570835770567,0.01471411220994043
298,0.017098519343480154,0.0182582735489172,0.017749777057040183,0.017736138429914693
299,0.017506016110127705,0.017901800967280373,0.016180148653057107,0.01730109485771628
300,0.01755229940452192,0.015835720427958958,0.015050308367844085,0.01744976503750785
301,0.01677191023821922,0.0162240776726437,0.01716689201418759,0.017308161416628526
302,0.017616381002677744,0.01644327769615987,0.014958961232970348,0.016657628652889552
303,0.017194578539573842,0.017823853025444203,0.016716763544714585,0.015658480880610344
304,0.019218265202107093,0.018445235074382137,0.016905498579016565,0.01736387332383769
305,0.017717165570063743,0.016926846042000725,0.01570186847955419,0.01723295956206966
306,0.01736282848968599,0.015205224294191386,0.016017736853222705,0.016560081607704988
307,0.01758760412875032,0.016747642155335495,0.01562723283970212,0.017713322267504526
308,0.019196283013947303,0.014940100235394457,0.015795208231383685,0.01696260067247947
309,0.017169358300016754,0.01524760918222294,0.017414438546403954,0.016978712195844622
310,0.017906377938726074,0.015867694258361147,0.016648431945976892,0.01673148966112102
311,0.01736462404750219,0.018074789276727943,0.015080737926929459,0.016406473497586227
312,0.019718001007324838,0.015168591904008441,0.01628170295326883,0.016388466359333477
313,0.01715419372451891,0.014382458388778791,0.01763885769184146,0.015554989162220279
314,0.017778514121613888,0.01812425509596192,0.019831731435121725,0.017881598490268772
315,0.017099875123090313,0.01827178806050713,0.016111434840331854,0.019461304220031707
316,0.017076858104793223,0.01763481589560019,0.019031707206321788,0.016851952687385915
317,0.016355473869110074,0.014624379451382839,0.01697219303755952,0.016089532760800093
318,0.016747030346937884,0.01727419170874392,0.01621986617712126,0.01789510367556777
319,0.016848520196027363,0.01739182562920601,0.016966568616953802,0.016407881702635158
320,0.01657651799854398,0.018310112277968842,0.01744797938944642,0.017191515473897648
321,0.01720409543031463,0.01657641959005195,0.01563804464860675,0.018635971008418347
322,0.018348955377365292,0.017090963366379906,0.016732420285724876,0.016654757466780915
323,0.01804527414471955,0.015117185051069498,0.01656636139476422,0.018591196304039038
324,0.017753594724950056,0.01674775686034925,0.016874230419336604,0.01691139724151637
325,0.015789882483575893,0.016919387676225386,0.014846010463571497,0.01811933055930057
326,0.016834314597386355,0.01842474714840652,0.019250857791068582,0.01722711284490835
327,0.017282961235842203,0.017674719121168813,0.016667572609355495,0.017612869206738865
328,0.01743248775152298,0.017689228462642332,0.01960336394942086,0.020228343429923645
329,0.017686962033639956,0.01675959076908904,0.017545550720295663,0.01572746305229824
330,0.015811256691013492,0.01693028710898966,0.01710708652952357,0.016643580965437065
331,0.018584641950357018,0.019619198134853057,0.017808942541916034,0.018098278475780546
332,0.01667101229449295,0.01831028403728196,0.01860878979823989,0.0177652074273427
333,0.01797823734457164,0.01851936914394716,0.019557455833015634,0.018713706841573995
334,0.017669252810813923,0.01725037703410704,0.018048719997534032,0.017947076286374052
335,0.017328200019525893,0.016032458964958734,0.017510579037071528,0.01548752774846959
336,0.017785039260913578,0.01474283768850668,0.01770838276705182,0.01835447971739438
337,0.018027730087422558,0.017315452972095146,0.015491482195204447,0.016982970398216658
338,0.016373309957311878,0.0173580181918363,0.01753443997043989,0.01765180361685038
339,0.016246509171660716,0.01795142149784945,0.017623363585638166,0.01738735190561318
340,0.01882217102915534,0.016272466344001795,0.01581505439117307,0.018087230950639323
341,0.018525056771552563,0.01904154160935777,0.01502248501205391,0.01773660671299488
342,0.018247430384860392,0.01867807155611344,0.018072644499768566,0.016251197290576044
343,0.01638985590943018,0.020455365869875158,0.017078459306042522,0.01835484518056212
344,0.017058810230095558,0.016183295534175846,0.016363397864296716,0.0158841502622792
345,0.019171377591856574,0.015966834867071882,0.017376998329314018,0.016854947279482148
346,0.016983759682156263,0.01923788119293422,0.017960437833899806,0.016887441385005964
347,0.016736419827125943,0.015101418228395837,0.018079141119663678,0.019604558052631827
348,0.016486882041699565,0.017654972338696295,0.016484678422759066,0.017862282858457736
349,0.017297237576147054,0.018025699061380775,0.01814065300502704,0.0174988665321153
350,0.016360762439093887,0.017624964524782072,0.016174974063344484,0.02011560114390327
351,0.01768330451783253,0.015367421957432865,0.015930859994921286,0.017491687025156837
352,0.01763798448461357,0.014609283420488145,0.015707300472047415,0.01904751359706979
353,0.01641830906270857,0.01943309068625423,0.01658974997997466,0.0178907141860004
354,0.016804517230846562,0.016418032693267696,0.017267447433619156,0.018147827301955476
355,0.018644329775869464,0.016957532302084466,0.018275019506212235,0.015321848400111759
356,0.01644423839967033,0.01769567282048303,0.016194187536788023,0.012779448833986781
357,0.017336250487266187,0.0177497406754071,0.016794673706511255,0.016539530157746108
358,0.017265045496076208,0.016058147181407356,0.019421462806705817,0.017274480801010194
359,0.018012227167740945,0.015978721783741545,0.017780284627363693,0.019606585490311593
360,0.016563432565487708,0.018370493403787505,0.015085910547548053,0.015179423262984888
361,0.015838101097464006,0.019931992256579753,0.015707609201224507,0.017958648679162387
362,0.0168534048735043,0.01789484877152919,0.016448233832211806,0.01828461740673914
363,0.01857170289488659,0.01860331238020485,0.016844562024449648,0.017808027509272926
364,0.01759963792308014,0.01714834482244651,0.01718885141277238,0.015384650914877944
365,0.017440995631351815,0.01723151897676661,0.016156321228288716,0.016959922408575533
366,0.016411456507951828,0.016911008411694788,0.016447986849275065,0.014951154133174408
367,0.016496279575329197,0.01649011243297198,0.015479811170666742,0.016052608900151973
368,0.01633274443999656,0.014810135690455875,0.020176578401454866,0.017936937359047826
369,0.01622009656049892,0.017040008794062506,0.017391363013637987,0.016135251710127592
370,0.017511491046412923,0.016988481269919864,0.019747217121760953,0.016969524482005817
371,0.016264201876309926,0.017940594046774026,0.0173712376979027,0.018455855510431912
372,0.01572485337624951,0.016744943166221656,0.017310074522997716,0.01882751135621791
373,0.0184910547937055,0.01862218969734787,0.016657954495298916,0.018990311664053895
374,0.017472632685923938,0.01901043175631717,0.015409517242197064,0.016498434163403367
375,0.017983957776699214,0.016567892144785847,0.016089411193318904,0.017479742739948588
376,0.015330347946632981,0.01597685279978582,0.018109712903386584,0.01675075347962026
377,0.01785668953258109,0.01650933187924148,0.016277255858355003,0.016379394219261375
378,0.018867182804753194,0.014803659938216382,0.017979793811689043,0.017104611021197272
379,0.01616144221382406,0.015152739118324392,0.018836410792869664,0.01908630277856298
380,0.01704287840505948,0.018728977392449293,0.017598988052171024,0.015665423437237213
381,0.016514214106300253,0.014847359748141043,0.01573806306168538,0.019724982381611456
382,0.019015202988027384,0.01729480160617398,0.0178611956191738,0.016689210746918537
383,0.01806694482298042,0.016201713524731265,0.018597626108503726,0.016210962268706202
384,0.01829224798024319,0.01633217628215246,0.017447162624123182,0.019398785406675043
385,0.016822572850741357,0.016940311733822603,0.015259186979406864,0.0171205454864811
386,0.017069935927851963,0.017689131594414185,0.01643204813673491,0.014782314159854619
387,0.01878129590657979,0.01632456238446629,0.018278808217579042,0.017510825927530487
388,0.0175378519400498,0.01593311533437184,0.015397683841892655,0.013974847582490896
389,0.016252577133211498,0.014818082498568546,0.017588283623556564,0.01577483734432646
390,0.016435033181376207,0.016850642326575908,0.016140723704712413,0.01734003292895562
391,0.019149654839951274,0.017362259221681352,0.01665622660734039,0.01618385530459111
392,0.01761892789330566,0.018081046942433284,0.018773356429855153,0.01688976731341781
393,0.017925536120107305,0.019223131363801237,0.01654690449717579,0.018501799060020748
394,0.016132018053863915,0.017148090566091345,0.017942067356253803,0.018719796108864924
395,0.01730360968132762,0.018124495443073686,0.017813246000295248,0.018087724860261334
396,0.01758285662104785,0.018029099257036992,0.02050617872313044,0.0191202014005241
397,0.01659343023657231,0.018912077477611835,0.018359637823292592,0.016088253571896815
398,0.01814410683005337,0.01745325567259252,0.017991948931526128,0.01646779764770011
399,0.016333043777582403,0.016090294432132366,0.017608966577625427,0.01586932905567019
400,0.016315165838971874,0.01577497253629922,0.017002520655187772,0.017513191333869603
401,0.01852125252722442,0.018002632233847654,0.018151948175199394,0.01616848798626118
402,0.017513788318633327,0.017596178471406033,0.01694408025014369,0.015706316320958046
403,0.017422986833216088,0.018232094147156482,0.016452761563412462,0.01871286959596007
404,0.01629862314596248,0.018404912606805917,0.016629891949030126,0.017547639049228504
405,0.019081173695478893,0.01860202961419202,0.015436639114959468,0.016153124376599288
406,0.0173829834697428,0.016767658564930357,0.018531692958669212,0.019140870351117553
407,0.01907678300504248,0.01817886773323588,0.017507212117751664,0.018234253230734528
408,0.017033369317170845,0.01737729968993906,0.017255245170677915,0.01753885833886781
409,0.01598653216100971,0.018622377671139844,0.018549088608826175,0.015405583378709483
410,0.01705676774347073,0.01684305453119718,0.017867860268979636,0.017778066536077303
411,0.017155932679112165,0.018311939087215866,0.01525339333732246,0.017102331441033205
412,0.017345022114957902,0.017686683059914297,0.015974580960858215,0.017062850997647788
413,0.017185497553143178,0.017697334102559973,0.016487073824598086,0.016755463106590495
414,0.01598447568321102,0.016549602577843884,0.014619350053207797,0.016430260309337395
415,0.015728373773127226,0.018910280254775026,0.017303946045502897,0.015314669920830255
416,0.016895985563988428,0.01810957688492883,0.01705193044399846,0.01679768266441027
417,0.015722818888412312,0.015155964627806886,0.018364652585593867,0.01701623040570671
418,0.017672078874479774,0.01978077441840848,0.0181060189891627,0.01711026080606227
419,0.01740506912711114,0.017966771965822064,0.015124837728957351,0.016090516939480614
420,0.016827083191581906,0.016017652236244607,0.016596707519847514,0.015577862801251684
421,0.018488765756183637,0.01711150378681621,0.017065668935926478,0.0175624632555887
422,0.018923358549143853,0.017248868632447296,0.015061801567482304,0.0159291484311514
423,0.017313637016632872,0.017693817485553827,0.016060377668493057,0.01810306438781182
424,0.017395953352626746,0.017898946541960628,0.018968982207793746,0.015229992239334442
425,0.017286790593925926,0.018790836650574197,0.01847666190527477,0.015937815862826256
426,0.01689273553596921,0.016905772081780148,0.015682251965581043,0.017410698231394864
427,0.016015112819964324,0.01521781428325411,0.015340246211250299,0.01597372053765639
428,0.017496235294375204,0.01603250014783269,0.017240700862805138,0.016876972938966367
429,0.015851337646363373,0.019327839578156265,0.016619363291462352,0.020565866860554533
430,0.019229332705545162,0.018882085755587336,0.016333055398953942,0.01582139855681543
431,0.015683887410576563,0.015100437673555334,0.015629072095489152,0.014892968990434614
432,0.01688604901707479,0.01604574398964537,0.01924375975018282,0.017441796325705555
433,0.016055552574529307,0.017504733345203905,0.01783253509492822,0.01784678338026736
434,0.017207910681138642,0.017213504837252373,0.017100057274921393,0.0167933789214833
435,0.01810200762453888,0.017238566962822825,0.018004974780690013,0.018218850660385772
436,0.016094017014177894,0.017999719143853104,0.015454434363658573,0.015563285164942401
437,0.016679157955356752,0.016383040281025052,0.018745009376291685,0.017530213430333463
438,0.017770109442231004,0.016419573387198894,0.01688053594183038,0.017229809715611243
439,0.01730165327368805,0.017518854730621373,0.01760737891894421,0.01763355621410192
440,0.018794465807966596,0.016430353487747452,0.017158844554457393,0.01780440094211231
441,0.017731166287331974,0.018638592638909945,0.017126229991694462,0.015108776787690204
442,0.01654522671395544,0.016907216510606844,0.019341755155210482,0.017399773449196344
443,0.016583474751970414,0.015845836168896663,0.017950685962332763,0.014923978756757455
444,0.01762620669767589,0.01854893499555766,0.015582985350019016,0.017430072539588223
445,0.017669307577235217,0.016221248024748357,0.017545522351665673,0.01809532351799249
446,0.017168219989579427,0.015904682666063496,0.01601486353853054,0.01810900481938916
447,0.019072843146803534,0.018451752879204735,0.015702251974680722,0.018328554465792672
448,0.017058935541293424,0.015391099284806474,0.017270788518904102,0.01776842189362154
449,0.018564495241338762,0.016767990532203573,0.015779525464405534,0.017348569958469385
450,0.019189983734991558,0.01706508363502794,0.019401424534442536,0.01896764593404652
451,0.017173930984529608,0.015989435427458787,0.01629101962112618,0.017325139923944674
452,0.015649651892555683,0.018300004456058967,0.01718286285125903,0.017620389788796362
453,0.017379410319047568,0.017644776061893568,0.017068383827272285,0.01600480359269686
454,0.01690106601935639,0.016764817063589368,0.016533811715927455,0.016849220582875503
455,0.01580106361094583,0.018407394447995523,0.01814709997749634,0.01881031553603371
456,0.01859427338633037,0.0172451035432525,0.017128399005761418,0.015959016799376127
457,0.01706020544740921,0.016076542776752693,0.01921245594691704,0.01797411770498116
458,0.016826627207185516,0.016581099319803547,0.01499844911350665,0.016249916118055308
459,0.017989513771357348,0.015970929395950486,0.018438536546079944,0.017114465696749105
460,0.0158079523786686,0.01727318941365536,0.018257290988973315,0.018199283382445718
461,0.015966625186371253,0.015662197645834798,0.016885978856847353,0.018453593583864763
462,0.017668512153268316,0.018792460101833882,0.01631631777331935,0.018018267727943495
463,0.01747643096084561,0.017772856467754974,0.017120739160970167,0.017769771883929836
464,0.01680448861643683,0.017887275445262595,0.01616492130523955,0.015659497349382306
465,0.018476008043921736,0.017916283926720292,0.016738989554340025,0.018251413623252506
466,0.01655985085455258,0.016121601912253022,0.017294486175989457,0.0165730626882548
467,0.016890339746616276,0.016391741813329107,0.016832613572617047,0.016503092900737294
468,0.01826797260692784,0.01745059629565694,0.01879356959481434,0.015436197301446132
469,0.016507581604960513,0.015316624846371753,0.013824307844094075,0.01683085213197142
470,0.015972851803085938,0.020641943105693197,0.018269819193960077,0.018009349609645228
471,0.01846538493630964,0.017693900734148827,0.016290789814252294,0.01751335764720685
472,0.015247741103661408,0.016324723747276646,0.016417942189996898,0.016018503797380935
473,0.01644285774011129,0.014965217360372826,0.015482031296971246,0.01596722320282843
474,0.016162595226701947,0.016856404955291487,0.016599501651036824,0.016437006017874504
475,0.018043536085537448,0.017801968294557262,0.016157353187661993,0.016936232113191313
476,0.01715121791892504,0.017776273115865868,0.01699769172165108,0.017347343381061673
477,0.016444426609816896,0.01777306296318882,0.015730583031036662,0.01793965566211378
478,0.017420909431475538,0.015529647883057728,0.017696263019025205,0.018072810225388238
479,0.01590418690750442,0.015115599560017044,0.014058903693389961,0.016856238821450435
480,0.017286826460099134,0.017537837787226843,0.017835819593607652,0.01656630248157776
481,0.016958066037684773,0.016076328292755335,0.017050633547204232,0.019191216133023322
482,0.016923568368686578,0.019343949124071714,0.018024630412299365,0.014477904667247504
483,0.01798687268035819,0.01689589002613077,0.017050793645089535,0.018305188824865128
484,0.017181493669758054,0.01758099628373221,0.01670665174294488,0.016115847282363503
485,0.016573490572420656,0.017516525722032744,0.018780924936042366,0.019468112040439526
486,0.016866777694072018,0.017202157120763673,0.018318607583090462,0.01897020461110114
487,0.016966650736664958,0.017419367548212543,0.016725961126168663,0.01732411752569394
488,0.017103584655114558,0.01774344661131245,0.01616980318856414,0.01590194074675255
489,0.01719184123636993,0.01781066680551004,0.015247134828290786,0.017227716732244283
490,0.01786383638346642,0.015143439796549337,0.017999079374654683,0.016278805773733755
491,0.018499619086621587,0.018220994607534916,0.016258340474988288,0.016531839376691435
492,0.0174393634905682,0.01612437668385954,0.01578723562320262,0.016337850517860686
493,0.01600796637845157,0.016670601990176698,0.01681527323436703,0.0166808818942749
494,0.018003176930185855,0.015237520324869823,0.01568601535925165,0.015996398642888248
495,0.01596022214227377,0.016946021189588312,0.01661703924139649,0.01810358032337897
496,0.017201951045618454,0.01814084189060669,0.016634310602883368,0.016162555364362043
497,0.01789032886184523,0.017068321472911825,0.01465159926087606,0.01863743798114339
498,0.01706725039695086,0.01621819894037418,0.016858795963697198,0.017920669432819142
499,0.01770593684089207,0.01558215978333355,0.019525602705501455,0.016930144043659657
500,0.017907732481399232,0.016686945153857775,0.014510444595618599,0.018798721272560503
501,0.017456865657771922,0.015846198899671277,0.01789049910749745,0.01804513989158107
502,0.01649643212762746,0.017771030516402244,0.017345373160640373,0.01608108791419069
503,0.016432426334321834,0.01571304481447559,0.01930993597658127,0.01801494007085939
504,0.01613968614941455,0.01963017015867558,0.016654082669033118,0.014089512088758778
505,0.01983425856578127,0.016448069890152073,0.016632187565336784,0.017702033955441093
506,0.015996451113370672,0.018958264504308594,0.01797944840716075,0.016588179213361955
507,0.015333520668298795,0.015047228126420396,0.016353373043904523,0.016737103304932423
508,0.01640508574333828,0.016621518606179282,0.015309932297580202,0.018668822085272728
509,0.017125261480186896,0.01601821716796299,0.017114674632989643,0.018361070271174708
510,0.01703544669153313,0.0162822412168621,0.0176462331345196,0.015540550758233336
511,0.017287723793558446,0.01574390979885961,0.01724956240020858,0.014118170757591302
512,0.017690143808396536,0.01677695127822919,0.01673838986717763,0.016639904399469937
513,0.015747393291232682,0.016921909335555763,0.019427780438516076,0.019422382830664463
514,0.01728205696008892,0.01806365958020121,0.016330201452438388,0.01700729166448849
515,0.01643585141494485,0.016837329037590918,0.019174254558905195,0.018133647711582733
516,0.01620433579305644,0.016602326218592613,0.018870587748330378,0.019051651132243243
517,0.0178993829068177,0.017498284153822864,0.016687485128346297,0.01803585939974655
518,0.01719601680134199,0.015746037964849052,0.01760932084857727,0.016489947558714663
519,0.017400621686778143,0.015480824319755879,0.016653149227194085,0.018222814824203265
520,0.015861435226569465,0.017334260939767036,0.017194168188030056,0.018478749094109004
521,0.017341445944781427,0.019189122729052818,0.018078131734987516,0.015892007241847982
522,0.017296511415763948,0.016986205174391884,0.016915051011030004,0.015239610202822378
523,0.017741270697746135,0.01667274958313118,0.01719403379662361,0.018153672900035653
524,0.017228360925369765,0.016116102165267328,0.01743447492778567,0.017153663590125663
525,0.01655431064826807,0.01759186663926077,0.017473936217231256,0.016377329737001005
526,0.016017351475301006,0.01640647721806689,0.018124785219468732,0.017910848841158688
527,0.01802158594792824,0.016684953847411598,0.018575030743066708,0.016014658250248684
528,0.01817303443797496,0.01563834742434332,0.018619518663370253,0.018311876031355506
529,0.015619915337110248,0.01584445801463284,0.01783475403043805,0.017122722748088393
530,0.018252916366366646,0.01539794461559966,0.015064316985638471,0.01701539901757097
531,0.01912274038894957,0.014613403842833805,0.018594628533575384,0.016215600530518452
532,0.01853000794272028,0.017392765830525125,0.014004350729734842,0.019569004493966695
533,0.016075646455790973,0.015313112594963684,0.01397486690705263,0.015686314411914867
534,0.015302292359793418,0.015566782890990725,0.015728762949531263,0.014218269405804944
535,0.016579909353760542,0.0167867688376159,0.015178410565455014,0.01632078601080534
536,0.017469057337459903,0.015838882116270755,0.01555627238198609,0.017917944419903083
537,0.016770879016533517,0.015586573854415578,0.01541445364669759,0.018743221171547603
538,0.01695639886801108,0.016191332222846754,0.01769501770024865,0.015730838351084506
539,0.016898006962779148,0.01680985801575772,0.01893907727315204,0.01803061077341099
540,0.01614603918525378,0.01789785663705491,0.01833106131276827,0.017399480888846134
541,0.017316034248074267,0.018550290618859832,0.016971645904106478,0.016864361434387784
542,0.016739920255984496,0.01684761060134918,0.017411443742236597,0.017683625559402807
543,0.016961813173593354,0.016882665099258766,0.019689520595417183,0.017453292471696594
544,0.01741333088864348,0.016630717428979806,0.016125103858665,0.016164264394611202
545,0.01815311982648544,0.015607741650591889,0.016266588099127302,0.015787342376509004
546,0.01667130797450919,0.017128754121586057,0.01811299980610228,0.014849267498801173
547,0.017434851589396977,0.018466205606600745,0.01724486161730169,0.018137517410945405
548,0.01683323977740544,0.013970229344114614,0.016622682060684905,0.015424886276059877
549,0.01633897698546549,0.01690322742219278,0.014641668327382134,0.015399184169586421
550,0.01582999459969631,0.01760574799032368,0.017573498776185578,0.01853473576532227
551,0.017857464461983715,0.0128249543719746,0.017010892694700172,0.017387009755006757
552,0.016182240206761147,0.01686682491927927,0.01773209389034153,0.015657576888729687
553,0.016265666516691882,0.01765253880017001,0.01844548757270689,0.019386448375372844
554,0.017560510632822702,0.018049351511835343,0.015325492793968176,0.017528488713213875
555,0.017035582175186314,0.02069557875155815,0.01383108215066414,0.014945535820975676
556,0.01678249593372908,0.015601498491187965,0.015136807493695347,0.015376100673378976
557,0.016602400024082184,0.01873447247421159,0.016904904562395105,0.016683540678781392
558,0.017414545636834436,0.014099801926545778,0.016193250625813536,0.016042153952305595
559,0.015637986627113402,0.016103250104698704,0.01702032738349256,0.01566801907421047
560,0.017719694129214033,0.016230695045616708,0.01617144130857641,0.01871833486868226
561,0.016700890496683687,0.016165111917958067,0.017051029313391138,0.017002689187672938
562,0.015515929673307463,0.015152647561589627,0.017974028005093044,0.015297338641057208
563,0.01614907194543523,0.017915201239565488,0.017326980279635244,0.015683369702298517
564,0.015049215644252364,0.01656616506515852,0.016805386913746424,0.015467212997580599
565,0.01521260244862222,0.01456083643240058,0.014534310606141876,0.0162325960821856
566,0.016559111097840095,0.01567085346766144,0.017917421020848923,0.016256882454711578
567,0.017811236584107763,0.01648374806373978,0.01721168570522226,0.01631421200415136
568,0.017093255391718954,0.016557947438584433,0.014857190925891299,0.016714267779047883
569,0.015789604640137435,0.018813680577650774,0.016443737588442826,0.01596577781928527
570,0.016098414816158108,0.014235305872386347,0.017957936948144924,0.017550400362921752
571,0.018695839512597227,0.014554263847778602,0.01537606902158668,0.014103142848169641
572,0.015258337371964447,0.015437661177259672,0.018744480772684508,0.01554957076339567
573,0.017650764152933766,0.01509922771318659,0.015580148035774571,0.01679471287291491
574,0.015554686962598381,0.014261686852940388,0.017713488407069107,0.016937702063894874
575,0.016227673786496016,0.017723812767077216,0.018274795748249154,0.01558749938297101
576,0.016175948936789107,0.0161749780619788,0.015998220141316435,0.016253176039703388
577,0.017189495057185655,0.017612508298481655,0.016439395227691108,0.015961639021362366
578,0.016597464369994052,0.019405108484953054,0.01797175846077513,0.01640304302856511
579,0.017470400212248313,0.016309983636934842,0.016208720861445078,0.017068175587258757
580,0.016258905259132414,0.01676033357029697,0.017569066207446783,0.014648164314727602
581,0.016420640302552705,0.016333425799239767,0.016839734544232668,0.01781862968127552
582,0.015963253439822064,0.017067987494587575,0.01768168368939917,0.015652992184397193
583,0.017502899562276776,0.015744242488272872,0.017565782946025704,0.018093517234923136
584,0.016345107298660528,0.014632362139030883,0.01856800961438875,0.015323748749116906
585,0.01659618825737206,0.0161717745237691,0.01606428116650465,0.017344217306249722
586,0.016157624483750067,0.015279968017221172,0.01521600728006027,0.0162575427167176
587,0.01818243498879406,0.016225994064651552,0.015595914018103594,0.018182482612284487
588,0.01760969586213463,0.014642857097698974,0.01602003093823405,0.015730263635946654
589,0.015772438578619073,0.018475105875411152,0.017172575972670797,0.017510894991518557
590,0.016927605239745864,0.017514340496543903,0.01622143938208174,0.018385378840479263
591,0.01851642167468069,0.015725607518204277,0.015019785970210385,0.014874203777121118
592,0.01612274774435849,0.016793859144662086,0.015517735641258664,0.01651127832305709
593,0.015140391449375804,0.014874114535557105,0.01630743824666912,0.01463567281973563
594,0.016666697750310558,0.015575219720219986,0.01669761675426636,0.016796266646894476
595,0.01724059303188087,0.017800656906728694,0.015676869429341787,0.016795861865144746
596,0.01725862201508717,0.017481179384904014,0.0176515139595026,0.018060526579960864
597,0.01529517435161536,0.013913541736056264,0.01594546784583712,0.014122815653054446
598,0.01602828597911676,0.015276707687969794,0.01607974322710792,0.01699513126288396
599,0.016827541701420243,0.017230280728650137,0.016441334189844274,0.01765977837106293
600,0.015964122372717892,0.015306548464573732,0.017335040170653498,0.016397454713507106
601,0.01759703599136241,0.01424877906400727,0.01713338710077029,0.015540630466631875
602,0.01638830950793129,0.014787537956451104,0.01675404550382201,0.017158201414274096
603,0.015608147647673409,0.014937491426042799,0.016404737179283257,0.015989132587938028
604,0.015064876649560337,0.01717847227104986,0.017883490220081427,0.016598478196043497
605,0.017266860591551907,0.01570241773899544,0.014918542194582956,0.015704242751397732
606,0.016848975973059715,0.015515344395987318,0.015585003173127441,0.01716515940704549
607,0.016638237813022642,0.014643996949239443,0.016985501507436978,0.013731980755264767
608,0.01575958731086402,0.015300143850905265,0.014324781214689513,0.015965738167623592
609,0.01719158949090638,0.01549753498266922,0.01642283533847768,0.014138700769737939
610,0.016994611244582285,0.015702423204742674,0.016047822371575836,0.01565498045844205
611,0.016162441992741444,0.014489532934434578,0.017235109089053294,0.01307336475308741
612,0.014742286463369643,0.015411965161844777,0.01661102003557492,0.014515704921409045
613,0.01500863615087681,0.016522008607965794,0.014641192395902516,0.01648167246670003
614,0.016069238880129868,0.015087856036122385,0.01703933736620956,0.017516314264752742
615,0.016044829665027963,0.015697649039045112,0.017536326371344658,0.01816276356280255
616,0.016753175887303965,0.014500626804334053,0.014405514696907649,0.014051300919229593
617,0.015624517268535304,0.01469556281316171,0.017269874173388978,0.014829279284697463
618,0.01588461294875934,0.011394614614782483,0.013211931903186482,0.015127511505660591
619,0.01691278799114782,0.015224024460433336,0.01743047862716093,0.01701389564184355
620,0.015705239251025547,0.016988827034742814,0.017463554983161992,0.018061224045350502
621,0.015328367959510052,0.014529396080958887,0.016444549774274148,0.0155155317886196
622,0.015935822836710113,0.017020185500675914,0.015350330587941809,0.01516321239153356
623,0.01689328463456484,0.01430873225954332,0.014499449274948123,0.01584314839984797
624,0.01775604945532041,0.016183661431768026,0.015169920400034387,0.01591473217804832
625,0.016121759117302584,0.016102628914223153,0.01518101072986356,0.015886519067090706
626,0.014776419001264142,0.01741124652691445,0.01603658826437397,0.015040460906178133
627,0.015145487951120093,0.014966057005902589,0.014871665146507864,0.015654317902682176
628,0.015333665915665541,0.013879586277676204,0.015241979698212062,0.014663026027149766
629,0.015595313664117531,0.01644363547054098,0.01638801526320747,0.015788845884726104
630,0.014298023997075481,0.014300676672384742,0.017502593375638035,0.013551176780357102
631,0.015767279488218947,0.016672507339332603,0.017035518016210092,0.015820054698063777
632,0.01508669518643143,0.018005061621546577,0.017559587594967382,0.017281474772374704
633,0.015289754933628141,0.01442735175134826,0.016481824918641096,0.015832932161363878
634,0.016440329277287738,0.014456329588004585,0.015224332660362893,0.017024922560441726
635,0.017252296546892407,0.01370035610129934,0.014117723418998855,0.016157962961067755
636,0.016513788147550643,0.012804525887208476,0.01713307198034342,0.015722875078614244
637,0.01537809445783918,0.014715847327409581,0.015476289425157639,0.014858694583587111
638,0.015329311224815482,0.015868572782142713,0.015690543893515953,0.016423388606900836
639,0.01592372567437306,0.014988251544116454,0.015326191964692308,0.016043238410692454
640,0.01454825897889053,0.015694292581921333,0.015652634374237848,0.01626354844771086
641,0.01615407703343697,0.012830627808744274,0.016345617214673605,0.015088373234358347
642,0.01607156540230846,0.01635334372917078,0.016081781162606997,0.016544084932608578
643,0.014326186586717318,0.016064676422755157,0.016629587300359815,0.01700165502402511
644,0.015251365189715543,0.015140911476559733,0.01625553242135399,0.01531103989374364
645,0.015048070211037339,0.015879081812633106,0.01462134271474929,0.014178260158919381
646,0.01537963147120553,0.01604900121196227,0.013669805936479247,0.014284012320636585
647,0.016714673111479138,0.015212648355831495,0.014559271695322505,0.0161385565481307
648,0.016162615456721884,0.01641910184396358,0.013932994023854374,0.015330617053095873
649,0.01596479775358944,0.01559477160415428,0.016631288151616134,0.01403628703624797
650,0.016054136446424602,0.01653880219551689,0.01620780403540381,0.015268890180052506
651,0.015893098961583585,0.015492223079782834,0.015682921210445025,0.013282787884119152
652,0.016209934357588773,0.014134683175055581,0.013946429263125656,0.014369587238633807
653,0.015501870039424305,0.016472219806857924,0.016625372845629326,0.015258078426681625
654,0.01537535581675601,0.014233495129994708,0.015444643861193257,0.01532442612166375
655,0.01556086773857879,0.013661009358317459,0.014995318663499483,0.01585353728250993
656,0.016283092951980615,0.013547131422328648,0.014858182483592476,0.015096650965297678
657,0.014728789222217603,0.01613599410953675,0.016322832565639017,0.015631148234504576
658,0.014217395966855005,0.014791028729665083,0.016317129079117115,0.014872209627037794
659,0.01507635544181512,0.017797530961890358,0.015497173412742598,0.01666073999507143
660,0.01619275409422498,0.016150948600373034,0.014850892472826987,0.015231698722031341
661,0.015165180715510387,0.016413914464122693,0.014358961844578631,0.014171661866372693
662,0.015381922336043595,0.01489719864314151,0.0175365504281638,0.013487715221262311
663,0.015369737971195611,0.015964882740340462,0.014112797618703326,0.015762688012463603
664,0.01614345476266833,0.014848322613368083,0.014545217485638832,0.013846856619110894
665,0.01580212696964622,0.015295981546060124,0.01682891132918745,0.016671966467472578
666,0.014283119794305783,0.01654862197941371,0.01597197993461553,0.01483755908670641
667,0.016473021767993642,0.014638830712300226,0.014698612033125093,0.015150523958444248
668,0.014137055685751743,0.015466925843430276,0.015540648451918293,0.01548768587759052
669,0.015823456925446986,0.01412565468854091,0.014736940260951363,0.014746536651143848
670,0.015078617768410634,0.01535977638378721,0.01417690799497147,0.014026729338187374
671,0.013620565552784736,0.013388714813362287,0.013701888147289724,0.013705703693436743
672,0.013552862972112995,0.014386711249636691,0.01759558221254509,0.014946829363165087
673,0.015202748802165211,0.01654495848582955,0.014774470727496098,0.014913628300828452
674,0.014873739040188832,0.01574832233767056,0.014595835858958725,0.014382368135302028
675,0.0154201611404253,0.01590917538979894,0.013565567933386638,0.01644836874688407
676,0.015028396354705442,0.014797001770521005,0.017471055393614324,0.014332681164345716
677,0.014851962702880256,0.01575242564053807,0.014103119410963207,0.015058882756185473
678,0.015247990797854305,0.015618375174921189,0.015307162983854811,0.015325668051013618
679,0.015405602661355598,0.014599999715791689,0.013088607356600071,0.015022963142715754
680,0.01516374427235209,0.013924413338776111,0.013208225051873312,0.01445459178827662
681,0.014596244720654454,0.01584498403899947,0.013158825967002186,0.014901981666919162
682,0.014685698702710793,0.014658573854367937,0.014754421348842067,0.015311183641104455
683,0.015047586445612498,0.01674515196434133,0.012572013845499172,0.01572484960094961
684,0.017195799160063287,0.014447749288770692,0.015733033919176003,0.013170341446603694
685,0.013677352384946828,0.013808369133786212,0.013453040202861779,0.01558741295036078
686,0.01297159824956236,0.011776330932505259,0.012243795143390097,0.014062576913036893
687,0.01399528782456995,0.013461051830556294,0.012913196137951584,0.016982099850608917
688,0.014850845459642856,0.01435478767602176,0.016034977810338615,0.01380941840421124
689,0.015448404065718182,0.01296487499237889,0.014672034537775127,0.01441815512378715
690,0.015181900474915752,0.013361362328573203,0.016269388994513224,0.015273416884273153
691,0.014042135277582963,0.013842542726161991,0.014170578251313262,0.015140296127354753
692,0.014697745275065672,0.01443161094249655,0.014026057326517875,0.014754064480760285
693,0.013429773736538869,0.014824283058302367,0.01398995191875938,0.014047125895090213
694,0.014859002358435076,0.013241429824405133,0.013609690103462297,0.015409221959308281
695,0.015369070439517758,0.015290725742608285,0.014420370297856313,0.01380013985115409
696,0.014632998497945067,0.01233880089743118,0.012874886009697089,0.014312436537692375
697,0.015886239273818856,0.014440332957281244,0.013653973115862906,0.012924607940781352
698,0.014248993038686424,0.015042903243227464,0.016484027684829566,0.012535493460042393
699,0.01588312353152441,0.014618457140428934,0.014445550046793466,0.013559294997832295
700,0.014749538384284572,0.015034225867179727,0.015248143023833077,0.012821410184721107
701,0.015054900387079611,0.01599276466421872,0.013828663695366852,0.015343214515544967
702,0.013802450670719201,0.014724332186290122,0.015348701249260107,0.014131338057660463
703,0.015293751219861788,0.015972332945413715,0.012138747796633756,0.015517307342592554
704,0.013666492145943026,0.013497540927088193,0.015069548345535772,0.014168910787097928
705,0.01297547515337535,0.014290276620754678,0.013536146491254526,0.013649246126071794
706,0.014572547884170292,0.014076910072755402,0.014839223692517495,0.014647299325941353
707,0.013952554326976903,0.014615070924091835,0.013177026641118028,0.013768283008029944
708,0.013628753135339124,0.012395975962175426,0.014107556265624589,0.012723344422702955
709,0.014930786891455959,0.012449024314512646,0.014489291691486132,0.014432931477550598
710,0.014013631634919968,0.014155139312334506,0.01436546969714114,0.015022231705266705
711,0.013515849494956416,0.014303950428778628,0.01160518003658515,0.013521062088934863
712,0.013984546814989895,0.013101654495650603,0.011252855170706845,0.01264025976342643
713,0.014209779025152709,0.01191130391660881,0.0140600620757651,0.012917710868399015
714,0.014104641398130809,0.013392869298476997,0.012957614485411223,0.014034224547246574
715,0.013688984445680185,0.012877163628890144,0.013389868291092628,0.01406432792649664
716,0.013633759820352455,0.011909690439419642,0.01379152190681775,0.01395199111202276
717,0.014622879734046895,0.014879184706993408,0.014099321094933361,0.013660173718290614
718,0.011968460976784057,0.013596632631195555,0.01399240214078811,0.013656264864347867
719,0.01319278792956509,0.012821516924970881,0.013695352547300272,0.01291681503498326
720,0.013087583338330443,0.012482250530570914,0.013938343562710797,0.012864380492718278
721,0.01476946104434272,0.011090884518903277,0.012008253485789681,0.013276695250415254
722,0.012731611664997401,0.014505115075524514,0.015250059460381167,0.009977751452371184
723,0.01250791910250224,0.012839391297522774,0.014014114365106588,0.011953073992811925
724,0.012412848177066036,0.01484101378233922,0.0135340580329354,0.014711831506199544
725,0.013369848069513033,0.013930600083619158,0.013319799257484177,0.0124424242885861
726,0.014027669104828954,0.01340873688663594,0.011201664998289462,0.013056307051987308
727,0.013431333098280073,0.010763077432893477,0.012497768190543705,0.012696319012225702
728,0.013253428879653344,0.014113676536451599,0.01523402716094789,0.013200831904208666
729,0.01394136015321506,0.01193332451711325,0.013111835855483868,0.012873473078024928
730,0.012408974638092119,0.013570016772287032,0.012533298867374486,0.012913011629108122
731,0.01306690438836176,0.011950895554561893,0.011590298332980692,0.012451274319138412
732,0.01195139299182577,0.012435104655727428,0.012118315292023523,0.013407093601742234
733,0.013003610250919086,0.011692366459914323,0.01393306337062227,0.012812017449863848
734,0.01353003887175113,0.01205493052471578,0.012720956741785283,0.012799586101781453
735,0.01240299307641269,0.012733572762123105,0.01231500783607539,0.010852659887328522
736,0.012852231747455825,0.01152772151141154,0.013661637713390214,0.013132437984188951
737,0.011888162721739499,0.012748276852161601,0.013300237573130954,0.011365750550877914
738,0.013118174426236879,0.013066794318153918,0.01357244575552127,0.012097531980868229
739,0.012357788610497468,0.013070065022239143,0.012360619660666245,0.011874324163827247
740,0.013019441256003328,0.012255108074633429,0.011977106706570352,0.0108437856029464
741,0.011357842767339648,0.013126865842043313,0.01158113682140243,0.013435932345966099
742,0.01295375056712179,0.011332756462592382,0.01254235289218418,0.012143078610783967
743,0.0132008778595721,0.012378631841222123,0.011861646562300644,0.011565282586024666
744,0.011601358042163416,0.011576409695535745,0.013496378674081004,0.012129341550753353
745,0.011967335837825319,0.012542443025690957,0.012415878942976265,0.012573910018534173
746,0.01175373048016317,0.011550716986153096,0.011001303759355091,0.012230750332736844
747,0.012343178382344657,0.013505830182860853,0.013257792473663979,0.009999348030111155
748,0.012164093053911633,0.011916750808347398,0.011452182566662392,0.011919554763687897
749,0.011964802314352083,0.011182914078427383,0.01129743557027156,0.011806475724022993
750,0.011813169762754889,0.011251766182946557,0.013615252393378819,0.013347023660935877
751,0.012481446412762076,0.012621129916254909,0.013327776358612988,0.011474905322082866
752,0.011410632551967838,0.011908714516299244,0.011189497868307745,0.012775952614090348
753,0.011991445279563275,0.010716906627107276,0.011540613905619633,0.012864263424900678
754,0.01213453149305496,0.009776037658351567,0.012295086986184995,0.01129179080065391
755,0.01237427353847358,0.010348917808645554,0.010818241209389491,0.012167074274923393
756,0.011268966744289302,0.012954538026071622,0.01252027957129677,0.01259176343627673
757,0.012394242603610897,0.0115071527746826,0.010576824489538568,0.011361769747232908
758,0.011786315557388351,0.013361459942860327,0.011095220391755716,0.01169736443091434
759,0.011795129765835757,0.01168496046479913,0.011331350471542006,0.010840270013998031
760,0.011683379170184735,0.01095874366298873,0.011766414699052666,0.01293545843456713
761,0.011484616058447054,0.012740698654809984,0.010694392618360199,0.011433530809086396
762,0.011091555610213044,0.011725120995510617,0.013482691534240572,0.010624231264154198
763,0.011126697569627541,0.010889521914237258,0.010593280146367498,0.010823233334566666
764,0.01164573959401319,0.012582350316112972,0.012416509934952184,0.012255832087041339
765,0.011112688690273867,0.01097961423242863,0.012707555227976165,0.011153121972484368
766,0.010221628802106742,0.0097411973299881,0.011567724025495914,0.01039221563024497
767,0.010619172406219773,0.009918771728865685,0.01062487596707011,0.010473037037211278
768,0.010597225964471385,0.010982210926315735,0.011152310545958624,0.010677983474071055
769,0.011849688566544083,0.011516005502128406,0.01079180009800669,0.00996062474161414
770,0.011668668992179037,0.010069914777976788,0.010074224207949858,0.01006575706069728
771,0.012123794925520326,0.011451446618727759,0.011228168539090151,0.010780363770950636
772,0.010183904714833896,0.011016694137223592,0.01149240175687164,0.010160313738318444
773,0.010188916139676627,0.011746882655233108,0.010479823625007125,0.012265892742675578
774,0.010495103995764598,0.0125639272176905,0.011993268527238872,0.01143174074841775
775,0.01101422294710776,0.00967244896536141,0.010282021359759235,0.01012843550803751
776,0.009967535828989743,0.012621920876710862,0.012196983014180613,0.00922977885376482
777,0.010203285003880791,0.011496289389608597,0.00942132246752741,0.009161680359373552
778,0.011006189930476855,0.011318049792884192,0.010530649314485628,0.010016712685130665
779,0.011390558815643841,0.011228071780483611,0.009950995227815295,0.01129641483814404
780,0.010104045111258874,0.010809061251884968,0.012290934039337863,0.011221619107220516
781,0.010395558622623906,0.009524799162407463,0.010503489617450134,0.010720088066427736
782,0.010826617585382038,0.010394392519665733,0.010719527092937385,0.010611791306565694
783,0.010395843969936926,0.010731042884167189,0.011314730824701007,0.010722003697929638
784,0.011540707403430526,0.009970990788032706,0.009494104278278286,0.01063278162143131
785,0.01024277818107871,0.01048366132293159,0.008989529950541617,0.009937760843872146
786,0.00983246450513902,0.011288460018556188,0.011237666682666923,0.008992308292898559
787,0.009692033205760078,0.010000951283097791,0.00797544971855287,0.009480191424414594
788,0.010455820301767444,0.011448525107751649,0.010528093206379341,0.01003801928928317
789,0.010111486386221618,0.0090402790602993,0.010046946968155184,0.010181646717980022
790,0.009866643340823086,0.010088622391474095,0.009919396274818637,0.010445457237970903
791,0.010342971547098213,0.009900687612276035,0.010264266277736488,0.008645836710273776
792,0.010112074478224056,0.0093342416917242,0.009203166094089723,0.009044259129031687
793,0.009247248655341045,0.010661011265117046,0.010128287001208748,0.010220331803092364
794,0.0098514143537481,0.00920433403940088,0.00972682681243159,0.010703838528091404
795,0.010293366461064593,0.009547857455907817,0.01030250748197377,0.009727051213415761
796,0.010413642528128047,0.009021177207166655,0.010064671612608147,0.009543728957706018
797,0.00972203156292206,0.010470729983856172,0.010161355523331804,0.009887491804047976
798,0.008834181475297439,0.01028658227865524,0.009677577823635864,0.008752558539336175
799,0.010842966043046142,0.009159247211999547,0.010371809054750346,0.009584787446880086
800,0.009185966902446732,0.010309167464859628,0.01055544942844149,0.009113936616470078
801,0.00831277143924561,0.009249401184183893,0.00947940002055202,0.009225325143756673
802,0.0101571118557705,0.00830152269745041,0.008902761649933873,0.009631755968033067
803,0.009455164739878582,0.009006370151875,0.009398622362165224,0.008963175964556256
804,0.009561639479906243,0.00962544117438775,0.010865745441124978,0.00992236052228369
805,0.010432844671635206,0.009007141732811684,0.010060589162007368,0.011701473665811552
806,0.009456314197325703,0.009480247731698501,0.008287642513709628,0.009949431942666103
807,0.00953029866263121,0.009789598143091877,0.01052810488512727,0.008815571420564088
808,0.008361780519648887,0.008333885573860573,0.010301657403221032,0.008178141653646746
809,0.007968628327608324,0.009032617242866886,0.010349446394918877,0.00901121632907692
810,0.009058453867475204,0.00904205560912749,0.009641853125811627,0.009436319034867547
811,0.008257502316380384,0.008608270833310947,0.008986025195105763,0.008130563033903622
812,0.008751978635056923,0.008124807986332933,0.007955875758954876,0.008264807642933757
813,0.008714807327481458,0.009519413104624529,0.0084962040742099,0.008949412555113468
814,0.00911374880120808,0.007506656017723881,0.008318976667571542,0.008269915324526063
815,0.008688188020450164,0.00855843940122887,0.00844284299974043,0.010005436986306078
816,0.008799925317700505,0.008853133926640057,0.009326525208237658,0.008181399484146262
817,0.008788702003561211,0.008559999398101427,0.009361817535958956,0.00956809994677012
818,0.008773999840440146,0.00830359231373688,0.008428733161928775,0.00829220236160535
819,0.009777974468957713,0.009188795125012725,0.009418196884022047,0.008555365518643401
820,0.008631359791084592,0.008621840573516712,0.008194306610324706,0.009282163732427316
821,0.00776022321500125,0.008240257311306006,0.009496524124386344,0.006928360636781635
822,0.008991939027515394,0.008838204887706001,0.008754103089886178,0.008883097683436529
823,0.008916060317089386,0.008217344355818956,0.00811046058897862,0.009624686937875283
824,0.008235507673158114,0.007600860453084858,0.008891438683469066,0.008940724314963953
825,0.00868724313339391,0.008768764213412493,0.008516055645007728,0.008989079719837456
826,0.007714977942408749,0.007440627104663707,0.008021602653473332,0.008730620578508146
827,0.008005012456912404,0.008925931500250266,0.007776935327641362,0.007555152542765918
828,0.008440165247346396,0.009390405573307009,0.007676119854007179,0.00784022180371016
829,0.007491234899971804,0.008511290062328064,0.008564045967287291,0.0075785560940229025
830,0.007957734302705665,0.007771192594712705,0.00832674612359704,0.00877507486317806
831,0.008426920211189895,0.008217751273908233,0.007774505613064657,0.007449225542024695
832,0.00798227626987897,0.0068500907235507094,0.008746415853388433,0.008397735245379675
833,0.007570321725913671,0.008289641174559102,0.007431215485148417,0.006851243148593632
834,0.007654314306787131,0.006937074089109822,0.007260650683880388,0.008685516357338602
835,0.007017359833772616,0.007022074796469281,0.007606600746281675,0.007062290076807625
836,0.007797846393098547,0.007867081769502309,0.007853828026356065,0.00798735134561474
837,0.007628255551444327,0.008166261757743504,0.00764623659937263,0.007052860947503122
838,0.007254062194419713,0.007196384224976449,0.007719657957228631,0.007470858291204754
839,0.007235709377013256,0.006931706971922886,0.0071952147717082,0.008142381532727434
840,0.007855045473023202,0.00734843842125141,0.007729693702345528,0.007689596564373725
841,0.007374331303818767,0.007637211140902901,0.007050642956988111,0.007408058742380526
842,0.0076469208158272605,0.007558956620718865,0.007569741613031917,0.007974391947254961
843,0.0074795124950363555,0.00824280793186045,0.006789516511402245,0.008985796706460764
844,0.007592753107501072,0.007663071930432629,0.008287054783083433,0.007637878735039955
845,0.00783300793527485,0.007893658774862691,0.007475658640826638,0.007868904608265191
846,0.007612090694892925,0.007573814471704614,0.007038205132600198,0.006539874879575185
847,0.00714422705844015,0.00749966198627422,0.0075262328558652865,0.006901569194959929
848,0.007395915929815176,0.007041333688834857,0.0064336626978599,0.007774739797492036
849,0.007626063573175229,0.007749382959623329,0.007169818171345539,0.007577433734481231
850,0.007242959555006264,0.006881796738223046,0.007691153236095946,0.007768974716784913
851,0.007359785991057469,0.006680886212870064,0.0075216681870055625,0.007854832904321435
852,0.007406130363541002,0.007085910710755957,0.0066930520615039344,0.005899434672538515
853,0.007002680390173257,0.005768370785732246,0.006349987871544351,0.007187582226737377
854,0.007208648692025992,0.007455037285321483,0.007545717343472098,0.006772765034965223
855,0.0073062940038121586,0.007308357487352025,0.007301390002830973,0.0072842923627128775
856,0.006624371227585259,0.007048241110413944,0.007366594600782793,0.00722385929273232
857,0.006165974151557482,0.007641785215726778,0.0070054966994272235,0.006188254531291575
858,0.007002300027140978,0.006576614613454223,0.006980354535893687,0.006173873848985484
859,0.00677993855528964,0.006199527213440056,0.006309008664682509,0.00636715151957928
860,0.007133592534148144,0.005616344181573695,0.00624809161317177,0.006441182983321319
861,0.006792483744213573,0.006359944444367875,0.005762436017209718,0.005703176717595796
862,0.00667274129428513,0.006939740247383138,0.006487528580121367,0.00624782861949288
863,0.0073648272429116465,0.006141606620321949,0.005771008103216985,0.007038514503186825
864,0.006473606810907928,0.00567187832031936,0.0058977054169312955,0.006824455871263294
865,0.006317183452353351,0.00582019068159696,0.006768203161526352,0.0064277600569589925
866,0.006348832096210465,0.006488884827174848,0.006263113700596061,0.0072617595137099466
867,0.006124462484129432,0.005953310014807051,0.0056970039658143035,0.0069072804883755935
868,0.006128053243760891,0.006225340710779171,0.005804668718837823,0.0056662053629954615
869,0.0060415264114526725,0.005357426226656066,0.006866855936872155,0.006342905897062062
870,0.006059792448922658,0.0058551265311889335,0.005951578697013806,0.005873008237243445
871,0.006060479374584057,0.006937627229627133,0.006109830442637144,0.005636978282693376
872,0.0061410995533695365,0.005867075991435978,0.005655801514105184,0.006767852010176113
873,0.006375029269106558,0.006284694763910733,0.005532718014607596,0.004863488920685671
874,0.005517698950563767,0.005535412198246752,0.006798590223253576,0.006736923608816956
875,0.005133770514531059,0.007056931101095644,0.005715420252798076,0.006239734274967578
876,0.006519406616313233,0.006529209541254695,0.006443764623808111,0.0061766616448230335
877,0.0058621133975467,0.0055990817102352245,0.007271649896219577,0.005752366756979933
878,0.005868979232658624,0.006135325117271299,0.0058454818766015375,0.005885775946193375
879,0.005676132834404902,0.006028197306074342,0.005230790928865776,0.005832476821671448
880,0.006127961306178127,0.005713668381530447,0.005277389033208597,0.006164068097682341
881,0.005801924453562567,0.005799266382487958,0.00568099756931729,0.005771907607343942
882,0.0054635753444370405,0.005291801438078177,0.006280986018144558,0.005427757173546622
883,0.006137997154870933,0.00506601344599705,0.0052040842035338975,0.005559788634263597
884,0.006248682211589423,0.006397185686054197,0.005117234788343746,0.005798384166211754
885,0.005568860210071328,0.0058107785872207295,0.005201220555272407,0.005562987495147528
886,0.00573638163610567,0.006341615596661096,0.005964533455557866,0.0056869750741309726
887,0.005755782905765902,0.006168463686389881,0.0052789813466875175,0.0060064895089267205
888,0.005458526452290253,0.005200189004048261,0.005724021961359558,0.005669291342130574
889,0.0056186312199405465,0.005280067526560109,0.0051030236035996875,0.0052195501559902345
890,0.005320784652207849,0.0056582521531164465,0.005568100708532742,0.005144815656406826
891,0.005494686414336495,0.005526296177294047,0.004700309617431384,0.005780550759534736
892,0.005361171069204286,0.006005596562128092,0.005211485262826299,0.005338506545778899
893,0.005302443449958583,0.004295566948241015,0.005304749139003261,0.004971090058270387
894,0.005407835876785827,0.004698828442403286,0.005482519826095877,0.005494504425820072
895,0.0053295163276785625,0.005163653381651388,0.005099878015257056,0.005069087154146623
896,0.005524303746750988,0.005178296734783509,0.005358159989101528,0.005842002067383097
897,0.005419787208680693,0.00530403072976708,0.00475211251976915,0.005210205435742735
898,0.0048768465743241575,0.005385027077177108,0.005603200086382361,0.005571409755219406
899,0.0049558076111695945,0.005257169850750403,0.00610579592238073,0.005327385432578654
900,0.005238145940300055,0.004518078698612359,0.004209790833083642,0.004847603732412061
901,0.004902672172083441,0.005173749349392158,0.0047872256541440965,0.005139770090299538
902,0.0052195899214675864,0.005018363533764853,0.005160316390869466,0.00484855685895285
903,0.005353884963132585,0.005040273255688183,0.004421734889948868,0.005176139267659917
904,0.005205440618909063,0.005226329814966601,0.004712002776802654,0.004056294126500582
905,0.005095609148707383,0.00516880995004359,0.0046710420809106205,0.004424027520263538
906,0.0048061886518549965,0.005031270066738235,0.00449608709365227,0.005624818314896304
907,0.005192445165132259,0.004835297208064651,0.0044705155235731,0.004625725343416635
908,0.004266935810233919,0.003863041874630383,0.004659361679634432,0.00456241297649361
909,0.0046209069948584675,0.005299343094889626,0.00494781799484888,0.004511213587883934
910,0.005078844190408751,0.00502734189071258,0.004811220621708817,0.004766885430756469
911,0.004656434764723201,0.004510663846896556,0.004910427686502622,0.0044225411171913585
912,0.004746906939681775,0.004939950474535516,0.00492425074851318,0.004650957908065854
913,0.00426010968934335,0.004362841670480394,0.004828983405269628,0.0052348014043468085
914,0.004575574094923957,0.004361593063287246,0.004775525743065415,0.004668212785126063
915,0.004383712121802888,0.004847816539304231,0.005332936244559305,0.00454768353536541
916,0.004538979978744884,0.0046851455391788786,0.004640691440433569,0.004263732729593769
917,0.00440864867793723,0.004729176717292186,0.0039599218922641375,0.005015567512038197
918,0.00431073390875775,0.003882198535897311,0.004468412613230881,0.004599609812502489
919,0.004190104228426604,0.003960374692814098,0.004182165276042392,0.004659456297043893
920,0.004649558694699817,0.004333493780552549,0.004158990599622491,0.003960838661479369
921,0.004168044256950364,0.004043629410541661,0.0044272140650822335,0.004455636649426126
922,0.004446246256234065,0.004463356036139376,0.0040604189714925805,0.004316248936943482
923,0.0044545107943638725,0.004350454677116193,0.004391059874358481,0.0043927075786084875
924,0.004370050869327647,0.00410274167645993,0.00431454211242949,0.004455988233863937
925,0.004260022039514427,0.003838287847539712,0.004346884038391016,0.004055085074416226
926,0.004559480507309498,0.0043070240135726955,0.004352036256026936,0.003644723300833152
927,0.0038986484829432997,0.004806309290765061,0.004336927659483877,0.004105805947716222
928,0.00396440174831305,0.003845932490322066,0.0036955717410810007,0.004291624532913038
929,0.004189376392130675,0.003970598569862599,0.003933784146601476,0.0043734878087574895
930,0.004293128515060587,0.004072641313071149,0.00402755024165442,0.0035985300817402057
931,0.004054142481849122,0.00372624982883385,0.0036913006895536405,0.004243404470556675
932,0.004274404808174082,0.003971268916295844,0.0038128757265789267,0.003911384854800602
933,0.004000119066409829,0.0042418105102420825,0.0037877004593626098,0.0041309824112148565
934,0.003947616084264886,0.003860561203344052,0.0036999024641456092,0.0037225901813323393
935,0.0036542813576596143,0.004199314167351811,0.004343117210727268,0.004336553477565711
936,0.003899362687305504,0.004218223154812006,0.0037406552961028318,0.0036144307403883445
937,0.004092306855967865,0.004057036719726286,0.0038385524037612517,0.00403250084455125
938,0.004102548721448387,0.003711202204796689,0.0034880171340288184,0.003861647206286774
939,0.003984584261904329,0.004289380686013535,0.003965982898822257,0.004241973961752735
940,0.003941791429519984,0.003807909180346059,0.004464287568160598,0.0033937026736789604
941,0.004122999754542384,0.003736335223491394,0.0031343237896811664,0.0035602698449595503
942,0.003973982141035819,0.0036585860203265093,0.004009730035772163,0.003961676242267812
943,0.003740846139119568,0.0033947428439932005,0.003766146170552776,0.003657709122320373
944,0.00346103141392802,0.003064841895925556,0.003611492696522499,0.003533118631069909
945,0.003451098746777942,0.003361345389442389,0.0037445233079076946,0.003751081952560804
946,0.003930491637777855,0.0034863708053837496,0.003648904669046606,0.0032147860639171466
947,0.0035894064536404046,0.0035202878781622265,0.003953736280609233,0.0036541677627868656
948,0.0035991100700779725,0.0033460002390303055,0.0034230048480489096,0.003410765734571445
949,0.0035272338168235184,0.003392341851379329,0.0036819921362051195,0.0034850079657105736
950,0.0036280989129466056,0.003941262269188835,0.0033716613938355026,0.0036445973912552104
951,0.0034830704968496617,0.003506771170957528,0.0036164099167101888,0.0031772475801748632
952,0.003456460822890939,0.0032356641137424903,0.0033870695078758485,0.003938262675876525
953,0.003588517476686494,0.0035253547686974513,0.0033213356242402514,0.003295027107605808
954,0.0034811062919389685,0.003612348532170711,0.0037843458983889654,0.0040199172492972925
955,0.0032336273576866353,0.0038429652647710335,0.003675829479709293,0.004162841340010587
956,0.003478636750913672,0.0033705602560785987,0.003478080419194089,0.0032269311618694464
957,0.003243031837203631,0.003796632474762755,0.0031418584446638205,0.003696543229041536
958,0.003152684673768575,0.0034849759459597085,0.0029676183207106533,0.0031719184325822262
959,0.003398514371142912,0.0037698331733598714,0.003813925041330932,0.0031944782913581136
960,0.003377671036414261,0.0035333021114180387,0.0034370098595757027,0.003451411175513555
961,0.0031796440509945564,0.003166866527301785,0.0031815307139042115,0.003178352706974922
962,0.003135661234152447,0.0030293970633162456,0.003058931393151888,0.00292045669805688
963,0.0032675537674852597,0.003354987353923331,0.003060532200698728,0.0031014266397555914
964,0.003050791549262311,0.0026302971136351366,0.0027724562201060874,0.0031840780309441564
965,0.0034328886747878097,0.0032052245840699716,0.003085995871611473,0.0028157624519567527
966,0.002915594028552373,0.0034269462177939783,0.003119301379636847,0.0027606609524396665
967,0.003136079369924066,0.0028573725373369175,0.0027055168887699906,0.0031237819021551505
968,0.002993775395819724,0.003209051559027895,0.002960061450178406,0.0033616489152333666
969,0.0030521532934486917,0.00301535757197953,0.003316970466871766,0.002972428712523751
970,0.002930960569834727,0.003002800266063865,0.0029838512599102995,0.003091864664766404
971,0.003001109237078312,0.002959764815047516,0.0033618617040779126,0.0031590580722129277
972,0.0030203857197088945,0.002914408026013466,0.0029317175255921977,0.002868269596539574
973,0.002940393105206549,0.0026847262765881895,0.0033329479116584898,0.003171249975767293
974,0.0029677204134636553,0.0024978404203187944,0.0031543694633799383,0.002834240346801429
975,0.0029470001364457943,0.0026852296614950817,0.003059135509091383,0.0028645618637734883
976,0.00318874824680068,0.002808438122714975,0.003327706977104403,0.0028473317143875056
977,0.0028920392318116635,0.002986852851949653,0.0026941519776548235,0.002915873363603793
978,0.0028904038819175903,0.003033368315382264,0.0029491871172600097,0.003012366286296988
979,0.0028050285527513076,0.0029135309955425326,0.0025858911083032053,0.0027056562040515698
980,0.002675268799197236,0.002827420922871046,0.002609692075463489,0.002453243943155036
981,0.002846536434142724,0.00308358012393008,0.003016590590624295,0.0027541050549006675
982,0.00272209825883854,0.0027076029845175507,0.0028385562808344532,0.0029613872166341522
983,0.002685659020860657,0.0027363371898678542,0.0027704311034673058,0.002719780955543491
984,0.002788956234768971,0.002701385676918477,0.0028120030814405756,0.002841836617502989
985,0.002653460209311885,0.00281811220544046,0.0027740992266106312,0.0032165645624864076
986,0.002745505053493663,0.0020955452459187293,0.002748520528999192,0.0027203079270419887
987,0.0026928877236425163,0.002465024687039346,0.0028410098204101663,0.0024882295519635515
988,0.0027345157809349112,0.002925832447572254,0.0028480807649254518,0.002567447282978013
989,0.002583264321480947,0.002850069207770673,0.0026282614840442537,0.0025749802966131947
990,0.00255079869961198,0.0027499099506414566,0.002578310058601249,0.0026274636856363893
991,0.0026257354083149796,0.0026343213459118107,0.002502366350749663,0.00241876385221254
992,0.002447760079346766,0.002508062141752916,0.0026164339634402313,0.002616160327097346
993,0.0024457362302436995,0.0025661497424952144,0.0029568574684273458,0.002420651991640637
994,0.002779823739115932,0.0026311431958534566,0.00267661334537468,0.0024353387722024227
995,0.002560402652276357,0.002386145596001466,0.002447266069350139,0.0023240709108901343
996,0.002417334750371886,0.0026865732280655858,0.002131424161735328,0.0024026450520688862
997,0.0025756691045251815,0.002493018839591978,0.002745858068829582,0.0023504079488616218
998,0.0025763469284302504,0.0022564202723714378,0.0022026459784132567,0.002549581624435677
999,0.0024996004820870797,0.0021980217771624616,0.0023197346948420137,0.0023501053711996013
1000,0.0025164159363313056,0.0023560842761435196,0.0023386620777397283,0.0023625550081044556
1001,0.0024514326401267055,0.0021503328592634165,0.002397462218744882,0.002254897142942004
1002,0.002478950562602533,0.002342352648042575,0.0023122087216729753,0.002465592366332987
1003,0.002487396763529951,0.002480131813099897,0.0023105116732985743,0.002003911844811344
1004,0.002086888389274401,0.0024936641996757447,0.0021731698882603433,0.0021298559845005197
1005,0.0022385541271681964,0.0024288927892701434,0.0021952332355223074,0.002312346411800623
1006,0.0023405844886849065,0.0024131800864912335,0.002467429205598949,0.0020177343184791525
1007,0.0024180184323230863,0.002320797503719314,0.0022891844088338453,0.0018726098750023545
1008,0.0021333949095843617,0.002272060339016106,0.002049938002362708,0.0024007100078209578
1009,0.0023684231786881755,0.0022233922470701844,0.002177433923544344,0.0022861785337977437
1010,0.0021860281263465856,0.0022107785618296935,0.0023616330829583122,0.002291657001278638
1011,0.0023414476569127325,0.0022746704518466585,0.0021775919092825403,0.002128173792936903
1012,0.0021484186200308158,0.0021109877767204895,0.002141458921134688,0.002091710988212941
1013,0.002113080305152981,0.0019828971263544425,0.0020066681184334103,0.002260253239316357
1014,0.0021014179194448653,0.002185327600852878,0.002286316017192825,0.0022507286223322014
1015,0.002188524201637584,0.0021676614613393747,0.0019468570510343534,0.0022055525544950063
1016,0.002207365931603382,0.0020680893366642624,0.002443985940993309,0.0019364540745916258
1017,0.002017362177048539,0.0021700654618560956,0.0017863025337990551,0.002035940913859487
1018,0.002412040475798996,0.0021029783006659628,0.002019103222239079,0.002018809940519237
1019,0.0021320007571372047,0.0019368968864728463,0.0020300515869817294,0.0023457180500060285
1020,0.002102107155818224,0.0022874442481690582,0.0017752055823307444,0.002055664527893987
1021,0.0022127352197865765,0.0018770903830995854,0.002208621200662907,0.0021942372149378235
1022,0.002243204167924788,0.0023385557709427497,0.0020640045132096726,0.002086673410028387
1023,0.002077421940728923,0.0022143384143367977,0.002270157338985981,0.0019589044105280413
1024,0.002096090432714325,0.0022756416855269027,0.0025183087193000574,0.0020097144801970997
1025,0.001965525345297135,0.0022157327150993237,0.0021928544037765237,0.0018403800224212313
1026,0.001989516932219173,0.001963703529610571,0.0021661346788337836,0.002105819932971455
1027,0.0019679792969142396,0.001684283905921608,0.0020862235177370853,0.0019111161757826777
1028,0.0019586960389641112,0.0019482019874903932,0.0019794824508931365,0.0019518658646796743
1029,0.0019277000499565897,0.001905445301002638,0.0020292672589365007,0.0017466355036570716
1030,0.0019980254909109964,0.0021500042584668474,0.002100573789011647,0.0019591641248580256
1031,0.0018610266344578023,0.0016907925538494528,0.0018324518403039628,0.002038734155494052
1032,0.0019498909798079907,0.0018415943588373908,0.0018599239269712186,0.0020257179281399566
1033,0.0020567992726671105,0.0020557301340586517,0.002147599404578362,0.001787151677003718
1034,0.0019560692802563957,0.001752637888119345,0.001915031080815644,0.0018282336878150168
1035,0.0017573687054666177,0.0017595834698779726,0.0016564269111970977,0.0017964956687828721
1036,0.0020376395853883957,0.001680736339604408,0.0018783702669707975,0.0016186580180190006
1037,0.0018668962770598272,0.002040630701661418,0.0018839093322353454,0.0018803355444185865
1038,0.0018743155125891706,0.0018187831793353409,0.001672853471960072,0.00197157061889961
1039,0.0018867335774622872,0.001573371133023311,0.0017332131879550523,0.0018459488343875818
1040,0.0019408889338632194,0.0017168237122647198,0.0017819767667876362,0.0016761122385837487
1041,0.0017884100866823757,0.0017875593002395747,0.0015013752842517446,0.0017469507867526862
1042,0.0017245419213345616,0.0016765508031481842,0.0016322050725332971,0.0017510142832543251
1043,0.0016764951377252,0.0015860978848795627,0.0016927808342212026,0.0015152450879170503
1044,0.001733903224442779,0.0016394385722895794,0.0016698164916951574,0.0016437887085695225
1045,0.0017991936065026005,0.001572054763305799,0.0016903817244515547,0.0017683604406708317
1046,0.00190451960007287,0.001960384133989616,0.0018564510449420404,0.0016403389271483829
1047,0.001768394043921711,0.0016040985880357178,0.0018488353210133917,0.0015955268696526239
1048,0.0017251063522602647,0.0016272687536610017,0.00169067739015797,0.001444667802297864
1049,0.0016832271544451145,0.0017845696266080486,0.0017036099435012227,0.0016333080585612708
1050,0.0015997778795442538,0.0016934676608585544,0.0016890566268879762,0.001693160541470329
1051,0.0017212617174906992,0.0016595920890797133,0.001719722529093374,0.0016941478079187514
1052,0.0016218527047312068,0.0015409226150653488,0.0015967046897419873,0.0017246766244608973
1053,0.0016862704149795476,0.001560055835425294,0.0016424698119323114,0.0017405941405024274
1054,0.001731017019844637,0.0015721427070839197,0.0015843603139014425,0.0015397559725791954
1055,0.0015706074906247111,0.0014863683815111797,0.0016840696950236806,0.0014917461839282992
1056,0.0017149713043324367,0.0017727038746826519,0.0015326946241786285,0.0014859316859371315
1057,0.0017021805126478584,0.0015481203330767071,0.0015110624505485927,0.0014255703715579896
1058,0.0015238702544302066,0.0014537237987918518,0.0017049228326044288,0.0014466046530301289
1059,0.001506779424870388,0.0015444036219174676,0.0016823340377350858,0.0014767027542787717
1060,0.0015644667928700901,0.001550480858174044,0.0015634532726985847,0.0015165771726118043
1061,0.0016175326431596532,0.001311769678630151,0.0014242191347185172,0.0014800357953476666
1062,0.001571089114810127,0.001664091418920426,0.0012676674765162142,0.0013871826040593581
1063,0.0016116243110458818,0.0014860034085964972,0.001735820694183534,0.0014898244621382331
1064,0.0013212118056347341,0.0013607410030883173,0.0016049686526523085,0.001396498962198873
1065,0.0014531401624033702,0.0013958433062861344,0.0015232988206531294,0.0014708775651900193
1066,0.0015079490347956854,0.0012400062260418856,0.0014165250733573845,0.0014988293221272792
1067,0.0014575918143884788,0.0014953748158631687,0.0014127143600237981,0.0014841749987384361
1068,0.0014413152939287005,0.0014207295272843053,0.0014024737817825322,0.0014039866926083007
1069,0.0015115880485729323,0.0014244729050657216,0.0013079720309803111,0.0012557849008663765
1070,0.0015338628790959685,0.0013588417654475846,0.0015128670697811095,0.0015700898790398869
1071,0.0014228096546176417,0.0013434516643130853,0.0014381553018190535,0.001293048749291526
1072,0.001404754575757778,0.0013762395662715449,0.0012945937866443776,0.0015951135814607593
1073,0.0014796929684057708,0.0013484074764258185,0.00154366801481484,0.0013774832037356966
1074,0.0013877684590372255,0.0013120945469672176,0.001428490751616674,0.001377259422013328
1075,0.0013637176150351638,0.0013324771551283116,0.0013869552139779248,0.0013471657381812722
1076,0.0014213779639067048,0.001437933944681845,0.0014421366752115628,0.001267601901826165
1077,0.0014647456482181158,0.0014029753506324529,0.0014473690806694503,0.0013295199562890767
1078,0.0014011239752120257,0.0012556607336101395,0.0012053506440893786,0.0011721964344169103
1079,0.0013499248915737933,0.0014193652836920682,0.0013815616226695822,0.0013469083793964404
1080,0.0012356264484770397,0.0013203178323990196,0.0011927342066237845,0.0013862553508108303
1081,0.0013678370747253745,0.001369615682700821,0.001377796245007913,0.001267015954357418
1082,0.001339457160609497,0.001349494778207221,0.0013637490195632055,0.001282250512675641
1083,0.001405989401927607,0.001317893788211921,0.0013087162359897895,0.0013123839570534455
1084,0.001206751225435427,0.0013029138207577458,0.0012027887855225394,0.0013726879759119958
1085,0.0013158336519711227,0.00144917792250559,0.0012265706333556062,0.0010903938483062996
1086,0.0012768396625937517,0.0012603653883103863,0.0014859413379965996,0.0013515228674862234
1087,0.0012415824508105315,0.0012147752737491832,0.0012163931819711405,0.0012734139790761166
1088,0.0011796656947250291,0.0012901990430981712,0.0012038457294249807,0.0013754653571242312
1089,0.0012786393776708827,0.0013088678207617362,0.0012094765684114407,0.0012521953965973288
1090,0.0013533677576497932,0.001065897090488119,0.0010862413878933524,0.0012198389522870515
1091,0.0010698085249816634,0.0012742918764137082,0.0011469202517826727,0.001257641333238061
1092,0.001160230369760943,0.0011921806430911159,0.0013163829270630531,0.0013439056898549334
1093,0.0012584484515359515,0.0012462767304502551,0.0012540025885191435,0.0012239021055480497
1094,0.001261850457147196,0.00133041701664622,0.0011371494184752354,0.0012944985519662655
1095,0.0010565531177736277,0.0010208362815509458,0.0013210433774406554,0.0011255297891493573
1096,0.0012510330029789033,0.001088282521892579,0.001165238514171387,0.0013893124968888404
1097,0.0011834651935924139,0.0012075224133148814,0.0011971686901608857,0.0011541906910231556
1098,0.0011332790672504128,0.0011046108075790902,0.0010767688897536645,0.0012083119710736773
1099,0.0011921944110789527,0.0010347952616217662,0.0011238762990777584,0.0010784211619156569
1100,0.001278702094825649,0.001160239817400458,0.0011264988712705788,0.0011015577478428328
1101,0.001119697408371144,0.0011350068646097773,0.001001457425726349,0.0010643070524803207
1102,0.001175233120421573,0.0011052376579148862,0.001164957021287844,0.0011305865330129851
1103,0.0010737457353305663,0.001100215079717832,0.0010614545878583064,0.0010892397609726923
1104,0.0011147728997290072,0.0009777158782492182,0.0010552465352893327,0.0010803901740691498
1105,0.001027567493936068,0.0010633435327837937,0.0010572926286269422,0.0010848045014361285
1106,0.0011081594886862287,0.001057855932226407,0.0010808993648317065,0.0011396365778094403
1107,0.0010325567225899915,0.0010602921990240136,0.00098892134182196,0.0009760273028709295
1108,0.0010335425741452898,0.0012262506673799307,0.0010264092891589514,0.0011488798445105867
1109,0.0010940048294152882,0.0011572273250840535,0.0009352738689945815,0.0012330767390716587
1110,0.001141322497486282,0.0009169962581193343,0.0009488247706317329,0.0010132704250595298
1111,0.0011461200367436793,0.0009081521240659054,0.0010098895730214234,0.0011415596040008941
1112,0.0011044194869016981,0.001040080928433893,0.0010289339081745038,0.001054045107287205
1113,0.0011221597151249818,0.000947885052821203,0.0011123122405311445,0.0010436963095734096
1114,0.0010471718537269292,0.0010929360788066533,0.0010427026147930183,0.001088350074149886
1115,0.001001693193492495,0.0009274274944630443,0.0011251472825146542,0.0010791948720600087
1116,0.0010230369487101896,0.00095148493604784,0.0010154890869767787,0.0010601463206010723
1117,0.0010079550447314011,0.0011254964015977107,0.0008655743969563007,0.0010346703613384153
1118,0.0008708035131664356,0.0010407758983972909,0.0010039684489770743,0.001000909235995662
1119,0.0010921599866555117,0.0010060712828710015,0.0010012044572146528,0.0009248992839645835
1120,0.001050939345416901,0.0010440948147041507,0.0010671637374485101,0.001126663103755287
1121,0.0008717068903445303,0.0009530589968041612,0.0009698624449313349,0.0008895390617868989
1122,0.0009852485002418369,0.0010018961561015522,0.0009901111136191903,0.001001642880624464
1123,0.0010531435933411922,0.0009082922362804059,0.0010343841752760582,0.0008527206116018573
1124,0.0009432154569580262,0.0009428563074915624,0.0009281191351286592,0.0009305095895908961
1125,0.0009819016630256902,0.0009777388535124765,0.0008666742314958757,0.0009298966771829926
1126,0.0009505248647026783,0.000970547384809324,0.0009625862897521414,0.0008603105533072663
1127,0.0009068663195607313,0.0010211991915892063,0.0009224111033023443,0.0008283287067844755
1128,0.0009147851783002995,0.0008065502441873577,0.0009767123305889245,0.0008942245524590879
1129,0.0010406969802422904,0.0010134042442204831,0.0009334875953306795,0.00099046722725334
1130,0.0009009134527216535,0.000809906978660596,0.0008896632030118154,0.0008402757606502918
1131,0.0009363443864629545,0.000955855054115933,0.0008555906525765412,0.0007964606046403936
1132,0.0009378543437101152,0.0008144615083981824,0.000898631635643617,0.0009754165213318181
1133,0.0009027191841625751,0.0008962798928224264,0.0009090894674266984,0.0009951440385558847
1134,0.0008823486004482634,0.0009650251231580309,0.0009007962258183535,0.0009450909016486005
1135,0.0009337216166663383,0.000948193918021932,0.0008453024837637449,0.0009445877902402565
1136,0.0008365365664510547,0.001018177250195988,0.0009125769673759102,0.0007516593556417351
1137,0.0009078916409040082,0.0009343770510202974,0.0009215794770447313,0.0008484825014350711
1138,0.0008806583262606484,0.0009325163901768662,0.0010287421348982703,0.0009557675656105939
1139,0.0009135683909276274,0.0008259437187031936,0.0008046314481715913,0.0009150038819867492
1140,0.0007999971982854972,0.00097354024681437,0.0009316367394121601,0.0009012098427727479
1141,0.0007844657237896509,0.0008493639640904377,0.0008562969548704631,0.0009008859916896036
1142,0.0009124550087520434,0.0009564508247514607,0.0007929629273387491,0.0008301407385333346
1143,0.0007980676606357222,0.0007827113334542843,0.0008621550085051955,0.0008411859721327132
1144,0.00080992831344028,0.0008693778023606481,0.0008729980644923106,0.0008300960325901606
1145,0.0008483322337967769,0.0007537744722652931,0.0008552414211252346,0.0009124750588972034
1146,0.0008762255142939387,0.0008582688264214813,0.0007879637641403978,0.0009982609500920959
1147,0.0008918332945135185,0.000840839052029572,0.0008146918378664213,0.0007858484102138463
1148,0.0008799181414116693,0.0007745125687659212,0.0008353693731982308,0.0008645434360444445
1149,0.0007983560922843052,0.0008504182675931222,0.000752525489818269,0.0007686986227931919
1150,0.0008537548540372103,0.0007639696681580821,0.0008854670344241711,0.000854089882248093
1151,0.0007312079352938733,0.0007973313376077775,0.0007518911971028296,0.0007818483077659494
1152,0.0008323040397042572,0.0007511285321570647,0.0008850270411198313,0.000914204725051321
1153,0.0007792249672338048,0.0008518939149979666,0.0007215367436625679,0.0007748101546615037
1154,0.0008313161994098644,0.0007998239603065842,0.0008099267594992111,0.0006640611358073744
1155,0.0007586939418667183,0.000789069538755682,0.0008565480517743824,0.0007764313691042491
1156,0.0008384765855829119,0.0006884624336103863,0.0007551220762709195,0.0007229383965041567
1157,0.0007568674888544687,0.0007343419710851055,0.0007310296726703814,0.0006930111128747591
1158,0.0007369659584506996,0.0008268212432708717,0.0006713678458481584,0.0007629349553285132
1159,0.000723335330919024,0.0007582217678558439,0.0007715146708719612,0.0008552532869946273
1160,0.0007643799184434573,0.0007302556359326324,0.000902731710253258,0.000808924891666835
1161,0.0006918613983393888,0.0006685738687510199,0.0007528201358963023,0.000683730101221415
1162,0.0007445392649203658,0.0007846682858871731,0.0007718514369051783,0.0006654060202127174
1163,0.0007507335097840923,0.0007323261031465508,0.0007238649449200272,0.0008668004928135597
1164,0.0007830950721417663,0.0007674683979280501,0.0007288017665167041,0.0007694310618011006
1165,0.0007646028985791278,0.0007259520604318821,0.0007222053964271777,0.0007307457809831853
1166,0.000759308234982596,0.0006987240587026004,0.0007079871288090708,0.0006932074088171737
1167,0.000749824400826384,0.0007993164749076729,0.0007571099192450084,0.0007565203961432281
1168,0.0007579015331280733,0.0007129716006408864,0.0007349537525468803,0.0007156600750534619
1169,0.0007291952211109111,0.0007927045147064461,0.0007108681046619783,0.0006792359671775006
1170,0.0006639475482120967,0.0006810079292953333,0.0007258502322065849,0.0007742182519323566
1171,0.0006710845409530646,0.0007385734323480068,0.000672518076969614,0.0007359881164197101
1172,0.0007340464949001412,0.000650251021178508,0.0007681609462438475,0.0006422601083875762
1173,0.0007359898998350759,0.0007046018938378472,0.0007186945609589527,0.0006937346730291208
1174,0.0007269604991705359,0.0006872880536098265,0.0006617891814169653,0.0006929472758449305
1175,0.0006870565983446923,0.0006634144824480227,0.0006829315315147532,0.000632250705354333
1176,0.0006270585908234431,0.0007101935443500532,0.000709126678717971,0.0006898861869879827
1177,0.0007078732188507641,0.000634819520367984,0.0006392531183518756,0.0006259047597009714
1178,0.0006769433335961823,0.0006227969055990323,0.0006304342630256739,0.0006490166590000912
1179,0.0006300770139288261,0.0006043123471961536,0.0006723863495786271,0.0006231789274288963
1180,0.0006317946449035045,0.0007197443442865404,0.0006813735754360195,0.0007505335631096985
1181,0.0007313785841412322,0.0006053573866555633,0.0006273411318671946,0.0006251120005375496
1182,0.0006610096753855259,0.000758385446401213,0.0006749717721951714,0.0007314252261446772
1183,0.0006324536347909336,0.0006286495264255416,0.0006708395406005633,0.0006124523332700178
1184,0.0005859758172704857,0.0006195608823850851,0.0006022658945132051,0.0006673292309194176
1185,0.0006592940658586995,0.0006919325372996666,0.0007091973774421254,0.0006615994717714055
1186,0.0006654018952947974,0.0005599074618226705,0.0006791756530862314,0.0005495582497732354
1187,0.0006219415087067183,0.0005505258146018442,0.000604288920064291,0.00048193332902754114
1188,0.000611239367574472,0.0006217632861082008,0.0007191694924176401,0.0006413231146611013
1189,0.0006521050388724972,0.0006625039288477132,0.0006609618352265224,0.0005776471802473978
1190,0.000677341361265457,0.0005874558073312841,0.0007130495271494533,0.0005766875918545822
1191,0.000583226728054239,0.0006024106552292948,0.0006260753645716824,0.0005854694877415476
1192,0.0005950389184640668,0.0005239340638411472,0.0005825134554948531,0.0005897457638253467
1193,0.0006079043977331851,0.0005570415428486238,0.0006544833625681424,0.0005841181423049137
1194,0.0005830208036860265,0.0005590206540747277,0.0005817216699442614,0.0006059311245510824
1195,0.0006284637936601998,0.0006478708752231275,0.0006447588084527501,0.0005591918814154649
1196,0.0006167300598236594,0.0006268499004008698,0.0006736180456586256,0.0005626983950812966
1197,0.000627437317682783,0.0006178148639968799,0.0006206670108138443,0.0006956488086373708
1198,0.0006155596719263935,0.0005977130352098289,0.000557180273350613,0.000582279358142249
1199,0.0005671342373574877,0.000569485723423196,0.0005905969990763514,0.000570414338189979
1200,0.0005968390383816004,0.0005721182690513592,0.0005913355712171107,0.0006831729759657929
1201,0.0005790420506586916,0.0006631150211528626,0.0004960680864906319,0.0006392988280326918
1202,0.0005705300949176693,0.000615358262656243,0.0005372203195250573,0.0006322226059626246
1203,0.0005484169029466372,0.0005633033148410938,0.0006010332115206113,0.0004631098034510417
1204,0.0005848708215385533,0.0005568210041889539,0.0005258309072312366,0.0006263402107295167
1205,0.00053566111719647,0.0006122829257271302,0.0006199384529576691,0.0006001792176723226
1206,0.0005562853757718987,0.0005972533459402307,0.0005939049384130307,0.0004989334710294445
1207,0.0005684463894779575,0.0005887333613848702,0.0005732708675659686,0.0005555902956293449
1208,0.0005717636576086383,0.0005275817929710075,0.0005231127541064772,0.0006260741047749552
1209,0.0005418947107949937,0.0006166426994643735,0.0005498621918545786,0.00046466774776951237
1210,0.0005288077693688404,0.0005323889701896568,0.0006319870801128097,0.0005535295505999447
1211,0.0005491594294880102,0.0004996192160985334,0.0005430431426651975,0.000558732410099222
1212,0.0005508263853234889,0.0005165323611093129,0.0005966335770784307,0.0004948037378272783
1213,0.0005740088383465885,0.0005101607401260759,0.0005353231973758328,0.0005168247306740715
1214,0.0005551461888239916,0.0005479836339201274,0.0004651598791176618,0.0005329763376873027
1215,0.000525692759662686,0.0004728308966675934,0.0005330965200002713,0.0005350047705039795
1216,0.0005220512461416944,0.000574682745700578,0.00046039495461549547,0.00048268090383237546
1217,0.0004995275919147272,0.0005141020282461237,0.0005767132427024709,0.0005039393768270151
1218,0.0005496988849581547,0.0005341622886999125,0.000575072389833413,0.0005667390439105109
1219,0.0005082750629509652,0.0005332038725184367,0.0005148362179642409,0.0005027042720963413
1220,0.0005248028351917505,0.0005087796601321749,0.0005145027400651462,0.00046576794393051726
1221,0.0005220361505425342,0.0005059440984524593,0.0005565546313599716,0.0004899804581313983
1222,0.0005325035509795665,0.0005295031933967906,0.0005165703097224711,0.00048807847683963963
1223,0.0005117097157338081,0.0005329890198425802,0.0005168916608870696,0.0004983672444151915
1224,0.0005214707268470217,0.0004993617781326376,0.0005388492445538539,0.0005178030861786166
1225,0.00048789925108924415,0.0005096398325148056,0.00048135498335817004,0.0005357347669833429
1226,0.00046576976777066686,0.00044181134811416365,0.000524838501417722,0.0004956367167686003
1227,0.0004738978172427647,0.0004891819323330726,0.0005125793144729596,0.0005031972349204736
1228,0.0005338141719319134,0.0004510795751814202,0.0005320021382710085,0.0004200633381131883
1229,0.0004985147516426336,0.0005320933220156279,0.0004540532541393052,0.0005007695640412509
1230,0.0004996282816123653,0.0005088364579794767,0.0005023797879947899,0.0004942178048287108
1231,0.0005120110949912275,0.0005043899752754625,0.00047999997776502747,0.0005291851133366347
1232,0.0005155509530774099,0.0004967037146644595,0.0005245079783440578,0.0004836936126886055
1233,0.0004934238351260627,0.0004834099661198391,0.0004876811585041833,0.0004526544925562793
1234,0.00045234422197092117,0.0005187242167639563,0.0004226876982457179,0.0004366921060581456
1235,0.0004641167406388185,0.0003603543753556677,0.00042180546927392037,0.000433589446788434
1236,0.0004961830571585076,0.0004649847939368274,0.0005052907284237196,0.00039785925674252424
1237,0.00045158986128842645,0.0005005844794173737,0.000501393576398454,0.00047766238767772424
1238,0.0004915967969419164,0.0004061750297768738,0.000534920629600287,0.00046829109862444804
1239,0.00044245314971658764,0.0005057480466029037,0.0004856831190052599,0.00041112793454741315
1240,0.0004782143704508039,0.00041432814409835396,0.0004582402411625851,0.0004695878787946767
1241,0.00042601885408359927,0.00047697287084348444,0.00046861350185944126,0.00043964901729794413
1242,0.00044187723645987753,0.0005111651576372538,0.0004196551684203602,0.00041988531904469105
1243,0.0004738467177413022,0.00044651088226525023,0.00043392522974358146,0.0005025812322933823
1244,0.0004661329611201537,0.00041335582116393423,0.0004032823623464508,0.0004738960912701984
1245,0.0005009129186066504,0.0004794391701206195,0.0004850489261976747,0.00045741199678624736
1246,0.0004833065407570144,0.00045476739169416237,0.0004129741164453615,0.00040110525647109443
1247,0.0004242516228107865,0.0004335353355168652,0.0004658853221909512,0.00045641287305603156
1248,0.0004984563823521311,0.00043159180741434333,0.0004170752911147787,0.0004423984686445341
1249,0.0004537007850879754,0.00045004725506334856,0.0004427099217549591,0.0004014270682967768
1250,0.00044104383288998356,0.0004431297105381218,0.00047292945551839083,0.0003781350149765066
1251,0.0004939505086050347,0.00045329922307085394,0.00043246325857037275,0.0004193386779599805
1252,0.0004433842198469093,0.0004471333532493074,0.0004452883484828643,0.0003941533832330469
1253,0.00040378112681668793,0.00039528603240177995,0.0004349150239706281,0.0004311048331627928
1254,0.0004519729349948015,0.0004756439657999439,0.0004504626648710786,0.00041560270721956535
1255,0.00046486179042976033,0.00045025808870103256,0.00045119322736992157,0.00048804742237527324
1256,0.00044872988145950086,0.0003817656901475672,0.000508651882506476,0.0004294571961973811
1257,0.00043520125197581605,0.0003622491593611592,0.000356423204742724,0.0003928040832799827
1258,0.000466803183868544,0.0004988788370779069,0.00042146978400229565,0.00040078851664115505
1259,0.00044460607163423186,0.0003925949594361216,0.0004005028966217393,0.00041423936899964486
1260,0.00042414991419845416,0.0003896593345087823,0.00044561990909038166,0.00040540531415410823
1261,0.00042893928789294113,0.00035462091337455095,0.00046773267378061827,0.00038286120624664196
1262,0.0004582359911481746,0.0003941072641581958,0.00042626612072715106,0.00037946647090300156
1263,0.00039943772622810575,0.0003877423806966834,0.0004127538768150137,0.00042697139513816
1264,0.00038660157077494004,0.0004021755590988443,0.0004188342845794746,0.0004074200279248855
1265,0.0003987455734365899,0.0003671297294698519,0.00039585090287533,0.0004002241788404498
1266,0.00039788939329025107,0.00036113659374169895,0.0003964160355602955,0.0004067349897845731
1267,0.0003952172196724352,0.0003525815160812229,0.00042298847405564723,0.00036416155149277874
1268,0.0004284033607185541,0.00037387268373481196,0.000418176471964879,0.00040441518241865905
1269,0.00036309746955356324,0.00042710721226284866,0.00034220047968976986,0.00040515743872554223
1270,0.00037579526522357813,0.00036218676621279104,0.00033533332105652793,0.0003948454662114725
1271,0.00039130743846750983,0.0003661286191587177,0.0003650665597306066,0.00035350318708800364
1272,0.0004089842622642152,0.0004045622337507358,0.0003616116448558427,0.000402213957034536
1273,0.00038815392447982903,0.00037244260002091485,0.0004146677569799721,0.0003925886916899902
1274,0.00038962160227745083,0.0003562012807590716,0.0004025827706269134,0.00043770098855060467
1275,0.00037935695594409777,0.000376320732714206,0.0004016669242740256,0.0003429405831331545
1276,0.00038874227143569556,0.00035409005859902867,0.000386437955547704,0.00035426743838221835
1277,0.00038605659037645906,0.00041008706679262374,0.00035080692880482765,0.0004016280094278334
1278,0.0003594427475699796,0.00037448482896142675,0.00036088638110369877,0.00034727221239367847
1279,0.00039306760823963193,0.00040466884506316935,0.0003958652066543174,0.00041991113433669235
1280,0.00040693809938456197,0.0003313969287188458,0.0003602952753499344,0.0003441687280310389
1281,0.00036639687463404185,0.00042330483113460775,0.0003524660599537073,0.0004113229565854035
1282,0.00039971379108056455,0.0003440612342408739,0.0003574141247355038,0.0003523795889755743
1283,0.00033631471297220606,0.00039136867560412637,0.00038108538572838746,0.000387471661400545
1284,0.000371336809669261,0.00034796655357511176,0.0003539876777978645,0.0003430254895098117
1285,0.0003959716078483147,0.00035313000746616674,0.0003662387333293341,0.000367389992188247
1286,0.0003534275404135987,0.00028634004714973583,0.0003569906960285274,0.0003464196880989772
1287,0.000379802837345831,0.0003782448400702148,0.00035550417499986527,0.00034653309559445753
1288,0.00035243386927379534,0.00034006640332631753,0.00034870516311103714,0.00033511906293150223
1289,0.00034241060292159483,0.00033351192694295163,0.00034631780080352344,0.0003273235666055308
1290,0.0003432081759978808,0.000353202112487933,0.0003450777936447168,0.0003292072091103721
1291,0.0003352518182564679,0.00031429341782182726,0.0003522403552815356,0.0003105814092172087
1292,0.00035633828466151825,0.0003524885935076734,0.0003667520726184403,0.0003335698028466343
1293,0.0003695774089557449,0.0003374585013189798,0.00040543668680541366,0.0003259546941068263
1294,0.0003525446405307554,0.00032138783936790674,0.00036423952143761654,0.0003786206304031861
1295,0.00032686538753565365,0.0003281381851061043,0.0003600850213998769,0.0002995060570352849
1296,0.0003247733837517341,0.00033454863072314043,0.0003335487925833326,0.0003693839269986969
1297,0.00035702232970602753,0.0003437939486167034,0.0003323090334698196,0.00033984374513044096
1298,0.00037385014606457575,0.0003298274243653359,0.00028884066948185364,0.0003463484359131425
1299,0.00035672546266627943,0.0002982209423669095,0.00034574783641704195,0.00033627603880683724
1300,0.0003662584882583737,0.00030290065405293376,0.0003124823090321457,0.00036856003292507384
1301,0.0003236587693709964,0.00032078120994577384,0.00033240318801307635,0.0003288494179830664
1302,0.00035251312393356604,0.00031858569658494204,0.0002941530210717607,0.0003015292290382539
1303,0.00034001356795255495,0.00034912807189056526,0.00033303920915504217,0.00030978011789909755
1304,0.00034292252627793026,0.00034549261261626043,0.0003227593337414333,0.00037428623511010477
1305,0.0003210415608993871,0.00034280929805865135,0.0003390374983281063,0.000338192620765817
1306,0.0003285700922945585,0.0003367956765180431,0.0003304528663936673,0.00029682026351191134
1307,0.00032778651399490176,0.00033782856850057336,0.00032050599627597286,0.0003297000424596706
1308,0.00033968620954705133,0.00033866819253276575,0.000306652892901465,0.0003116863370773055
1309,0.00033388914257794584,0.00029063163646566854,0.0002889925352810809,0.00029650700800143285
1310,0.0003124189718202398,0.00031842349713282484,0.0002864437338187952,0.00031667860344826806
1311,0.0003217681895098034,0.000329535221977078,0.00030154847730701743,0.00031120907675890013
1312,0.000315055111265939,0.000324278183588456,0.0003220957476918915,0.0003528561913889975
1313,0.0003295393118154449,0.00034465989244049735,0.00029808317400816507,0.000299298724610094
1314,0.00029648296920927483,0.0003063532228704806,0.0002904898524559243,0.0003384336553589314
1315,0.0003059670763673152,0.00031970624000971046,0.00032842164402493816,0.00032872138815309053
1316,0.0003305184547659129,0.0003487769877268431,0.00030941387685539957,0.00034633221891083713
1317,0.00032390660824104607,0.0003210826045813894,0.0003487393557546439,0.00030156308120010835
1318,0.00030592590575617343,0.0003274808294531434,0.0002856741679441889,0.00029757677139906856
1319,0.0002990905561789019,0.0003161375852708954,0.0003182906204947998,0.0003090953787894351
1320,0.00027949181286236383,0.00027875219144842027,0.0002941882030109819,0.0002743972883853521
1321,0.00031042375965777727,0.0003001847068767938,0.0003135404265116711,0.00029598705947293607
1322,0.0003239919890059447,0.00032981872255084463,0.00030109759788141523,0.000285618434433391
1323,0.0002936528042582129,0.0003182670556310919,0.00032107379060233263,0.0002706797502187731
1324,0.00030135704798662724,0.0002836988093079175,0.00028468631578155686,0.00028065356210289663
1325,0.00029310102316072023,0.00030399268791207664,0.00028841870547731885,0.00026291294737476866
1326,0.00029682009685111816,0.0003005454132198531,0.00029790984793114436,0.000297302316479817
1327,0.00029888291409492973,0.00028645204252167653,0.0002756572557059267,0.00031836688889002305
1328,0.0002744601696938279,0.00030873103831328795,0.00027950986098022087,0.0002703960421382905
1329,0.00028551492182499454,0.0002737797746706846,0.00029729549838760207,0.00030394908597720265
1330,0.00032441321910226315,0.0003049222691801084,0.0003139569460727151,0.0002804511500928439
1331,0.0003108149183553234,0.00025635251888827154,0.0002838666712211134,0.00029223421150794716
1332,0.00029361773926067777,0.0003039165632778523,0.0002643768851672805,0.00030201933211464047
1333,0.0002825896074866125,0.0002796483451805305,0.00030311084866045305,0.0002860909967325325
1334,0.0002995773660152783,0.00028348234367208465,0.0003068931358347492,0.0002927677247065459
1335,0.00029831050811277417,0.0002982472786129665,0.000235004416120153,0.0002570123133140776
1336,0.00032053003470594317,0.00025088831019361965,0.00028738315299236134,0.0002708492578261634
1337,0.0002838383984961841,0.0002784844950367078,0.0003065612700458576,0.0002606302849962805
1338,0.00026964709196869387,0.0002528907673366686,0.0002710676814620258,0.00027275728840751216
1339,0.00030620964962423445,0.00027987046589366137,0.00028104984295819274,0.0002585809808020947
1340,0.00029589603778380297,0.00026522383010179224,0.0002714392961666223,0.0002644660930683445
1341,0.0002793945385022188,0.00028729659970677603,0.00027329729566244373,0.00025714577370736
1342,0.0002868316787655591,0.00024696031220705655,0.00027458842213297867,0.000261593299992431
1343,0.00028043833517023,0.0002573604493983477,0.000262646922665045,0.00027938438960675884
1344,0.00027361784291236846,0.0002856126065383465,0.0002957818349906058,0.0002504395834402011
1345,0.00028971080100669206,0.00029019461305269565,0.00026635601557763926,0.0002545616982001731
1346,0.0002850754394982114,0.000254379964842169,0.00025910104014713797,0.00026199987596924187
1347,0.00026205771533127116,0.00030236800793259053,0.00025345021477712204,0.00028953017595267563
1348,0.0002790625457649733,0.00029105083242942763,0.0002721208454580177,0.0002682309654397435
1349,0.00027321738641317947,0.0002471683972488542,0.00028183213499205826,0.00026387321422160256
1350,0.000296112428902757,0.0002954517877245745,0.00030369892507023095,0.0002542815604200015
1351,0.0002645495311849657,0.00027893009844138014,0.00028647183499451044,0.00027709372949974773
1352,0.00026202139606642296,0.00025443009176875496,0.0002640951080104442,0.0002612932053086095
1353,0.00025293893001841837,0.00027821193442278074,0.00024048145433982094,0.00025504630331952334
1354,0.0002642381955028394,0.00024002072193780773,0.0002388017864375911,0.00025182115666715446
1355,0.0002704533795289669,0.00023418461022917401,0.0002534783998417322,0.00025381462840257243
1356,0.00026695743271308846,0.00026760404895063446,0.00025089529679199886,0.0002531431017489207
1357,0.0002562622376492456,0.00024022916195569758,0.00022697646487081092,0.00022754281856367155
1358,0.0002812841038715459,0.0002870764126426194,0.00025656979903027283,0.00024927509784251705
1359,0.0002677591072628605,0.0002519816601748728,0.00027020522423858753,0.0002342638037037229
1360,0.00027266680840320453,0.00026894711241432005,0.00026048625721576424,0.0002678105205118629
1361,0.0002531179692846473,0.0002468617308506312,0.0002469455959348789,0.0002647108148747331
1362,0.00026858799995636476,0.00024404149168952378,0.0002480471167866301,0.0002211892555048988
1363,0.00026375712488319514,0.0002637983784083517,0.00022317774603463177,0.0002436594220692179
1364,0.00025067894105466724,0.00027230577888055747,0.00028918074905800073,0.00025639230319036787
1365,0.0002660426098512075,0.00026602383842802866,0.00023577098287308351,0.00025936423551034944
1366,0.0002595116005758613,0.00023402369409041167,0.00023764475393001875,0.00025563582676098074
1367,0.00025576713416828196,0.00023856442825550184,0.00024421156745824265,0.00023721305226211023
1368,0.00025642406292453006,0.00023037493088012796,0.00025752501419221504,0.0002517013785360231
1369,0.0002551640222359817,0.00024724262560871235,0.0002590401737950951,0.0002278297365639901
1370,0.00025390989668472124,0.00023526582869243682,0.00025921895663315417,0.00024839735277314514
1371,0.0002552490932837163,0.0002506415698901419,0.0002502318087516401,0.0002623777824579994
1372,0.00025430605386416366,0.00022774869370537185,0.00021529732553681542,0.0002634492531525268
1373,0.0002546708466637997,0.0002364237802799042,0.00024092884734689735,0.00024284360954661833
1374,0.0002499311188776478,0.00023511269953597154,0.0002303560451627061,0.00025432275101998456
1375,0.0002636403730194781,0.0002528908157032277,0.00021513294646575385,0.00023478450921468147
1376,0.00023417668905931306,0.00022620372010998397,0.0002452513431591295,0.0002325537325745337
1377,0.00025840608230472806,0.0002486360486692461,0.00024211874229949047,0.00022199328299038693
1378,0.0002627839329502888,0.00022153917622844471,0.00023104411656040688,0.00025956386670128467
1379,0.00023420324079522522,0.0002446998877883349,0.00023051469907046246,0.0002490339032654962
1380,0.00026721230056411533,0.0002178428211375635,0.00022327149009915905,0.00026173484833180645
1381,0.0002491978237343312,0.0002547616545499291,0.00024235170453684713,0.0002448402337411389
1382,0.0002651958683563859,0.00022494539757398222,0.00024520589248772795,0.00023723771914124734
1383,0.00024556841944476445,0.00022855927770419314,0.00023430749426352944,0.00021421738295825633
1384,0.00023603071421320006,0.00020771872548842662,0.0002101501048256992,0.00022253510056402753
1385,0.0002331378127271653,0.000252642681524721,0.0002302166359942979,0.00022702107925848342
1386,0.00023169874749931106,0.0002185810015422462,0.0002100332721882667,0.00022164936127022278
1387,0.00023094261811193077,0.00020832266938692538,0.00021594165010416084,0.00022688159567380375
1388,0.000248584486905229,0.00023357549804661247,0.00024099041599981926,0.00024368239796009327
1389,0.00022144508436291375,0.0002088165226376003,0.00022460443989546567,0.0002128662393305433
1390,0.00024265579523266367,0.00022127512370557107,0.00021206189563879467,0.00020170926413105956
1391,0.00023186077037895298,0.00023266262514266684,0.0002402949543020072,0.0002410346682772912
1392,0.00022514577934205836,0.00021407863076379922,0.00021731971932389588,0.00020583500621406564
1393,0.00022133929119528062,0.00021993471854513493,0.0002385201465082402,0.00020722529191634972
1394,0.00023708325684427682,0.0002321987459527639,0.00022715429678338907,0.0002318017278169155
1395,0.00022408250799341593,0.00019621160713323402,0.00020851074157291798,0.00022133885889995673
1396,0.0002155877207644542,0.00024289010692349333,0.00023758988301067114,0.00023032409568971457
1397,0.00021574648617838426,0.00022371037524350208,0.00019710057284707657,0.00021957787250764964
1398,0.00022793833035364484,0.00023071074784156688,0.0002643246257992824,0.0002130587697307283
1399,0.0002259289995231774,0.00023376144102705833,0.00022792405714373417,0.00019835421152405641
1400,0.00021783281032361672,0.0002073406217369615,0.00020719118421396604,0.00018474709276498948
1401,0.00022326802671846543,0.0001976039144828791,0.0001903497400870056,0.0002176664578466906
1402,0.0002232889973973231,0.00021146926667494048,0.00021899385057715435,0.00020467041567520227
1403,0.00022622363328877285,0.00021346382480505805,0.0002255793824697183,0.0002143899741665417
1404,0.00023896203997724743,0.0002103798299332204,0.0002003694160641641,0.00020071900457032128
1405,0.0002109091633367086,0.00020557117497105014,0.00022097837081230036,0.00022158897460907941
1406,0.0002257743009326393,0.00021383023898981625,0.0002048617207517978,0.00022409767920268553
1407,0.00022958953671481112,0.0001907141520898183,0.00018440033970443674,0.0002047011741544913
1408,0.00023784710894642096,0.00021657363565043064,0.00021973310211735215,0.00021773305980508467
1409,0.00022705435928221365,0.00020434016288506458,0.00020233140065430727,0.0002247396345937676
1410,0.00021347891179034507,0.00021391222591696766,0.00019984619738305746,0.0002209479810560187
1411,0.0002207267092877584,0.00020482512111815682,0.00021249639858258448,0.00019544829052956352
1412,0.0002247346874766625,0.00021804306431688264,0.00024168266856539226,0.0002219924234307529
1413,0.0002084858832518949,0.00020774586654278418,0.00022571277705416403,0.00022444063448643693
1414,0.00022115731789397125,0.00021456777162538342,0.00020321988803546537,0.00022152120301629838
1415,0.00021441866397378453,0.00021079439015310293,0.00022093326270153878,0.00021890288127071847
1416,0.00021764245376994985,0.00019091081685711174,0.00017304065756360167,0.0001912802888799188
1417,0.00020775311020168572,0.0002143285764001536,0.00019485186172452996,0.00021222519916585449
1418,0.00020838572948690903,0.000192147777349793,0.00020245439501617385,0.00019996916979413297
1419,0.0002299701664304863,0.00018548101293746437,0.00020697431079187605,0.0001931833948277992
1420,0.00021440367724416212,0.0001863741076477773,0.00020017321224047064,0.00018859843373053686
1421,0.00023139607820604684,0.00018870247135722605,0.0001703752157493991,0.00020803569951052133
1422,0.00022364853169424637,0.0002337567958066022,0.0001996182064442899,0.00019736451897249465
1423,0.00021192683567938095,0.00020401707237438537,0.0001843734464164826,0.00020500922878429566
1424,0.00020915228104295352,0.00019781366709876457,0.00019373888600094703,0.00018953679590686892
1425,0.00021939195399271017,0.00020183129193970123,0.00021207430841786132,0.00022411079300615946
1426,0.0002133027226293122,0.0001990768576796684,0.00020855347315098467,0.00019630282530540603
1427,0.00021237934777935616,0.00020244258477810685,0.00017427157865630268,0.0001996336983357418
1428,0.00019850271661719766,0.00021154959030045988,0.00019708534883368424,0.0001684257918221294
1429,0.0002052244999548054,0.00016994458366583352,0.00020750122935500552,0.00019378322968650525
1430,0.00020699440352611894,0.00019821312977254607,0.00019783670728425938,0.0001862735199364245
1431,0.00021382720588168945,0.00019480887834417862,0.00020541286845685163,0.00019106234374845232
1432,0.0002064345049611677,0.00019769608625534726,0.0001949640928818841,0.0001953006519367843
1433,0.000207832591082123,0.00020835336737756716,0.00019623058723002712,0.00018795573207161759
1434,0.0002146867211984786,0.00018779466074221604,0.0002011913809174715,0.00019507789496893294
1435,0.0001971405096771238,0.00018608033830132256,0.00019684161446497986,0.00020231956656769766
1436,0.00019566507901813506,0.00022126315280494833,0.0002074355816791578,0.00017073660459255267
1437,0.0002017211673431787,0.0001924816924284755,0.00018639836828791105,0.00017828188090156312
1438,0.0002103393549420957,0.00020334877786187165,0.00020332512448765908,0.00018759317936764043
1439,0.00020929403019075783,0.00019649560920435838,0.00018456175178908893,0.00019333897334631065
1440,0.00019626496880843197,0.00017969317526140996,0.00020982287660111995,0.00018941511731751677
1441,0.00021336173766709157,0.00018030727802401808,0.0002038243910360344,0.00019143869330213797
1442,0.0001978917708159747,0.00017992057602175788,0.0001941207061761177,0.00020570489185280859
1443,0.00020228288111796337,0.00019266463335827172,0.00021052568173149703,0.00019829877319895193
1444,0.0001962094013075585,0.0001942889360219169,0.0001862131979165612,0.0001900170416896863
1445,0.0002044369977573462,0.0001778980617842994,0.0001891358487368826,0.00019291671345090345
1446,0.0001868665309520298,0.0001867032710980114,0.00018630037721905339,0.0001848392987802638
1447,0.0001963691594818083,0.0001858699882254592,0.00018194027468705986,0.00018881306249208705
1448,0.00020208093528626612,0.00019044370879427175,0.00017593478028379825,0.00018838522326540468
1449,0.0001933872043526544,0.00016381084465750103,0.00018312234520482913,0.00017891776117287973
1450,0.00019605924657147374,0.0001716425208585086,0.00018258598146036166,0.0001709412269758686
1451,0.00018959955130035632,0.0001686834594298189,0.00018816322879474162,0.00017595674214563185
1452,0.00019656468803296397,0.0001829069156054364,0.00017612209893361002,0.00019277785205018558
1453,0.0002072469867998167,0.00016889789947001468,0.00018342761249345678,0.00017975302565381615
1454,0.00018168020036626482,0.00018182916802315038,0.00016185622001666015,0.00017582203315724785
1455,0.0002017303989896491,0.00018475361359720832,0.0002096627196308315,0.00018695892109820336
1456,0.00020605609992631284,0.00017225803676542662,0.0001829326192010409,0.0001668679716874976
1457,0.00019779007951976652,0.00018081332702857576,0.0001872561313393786,0.00018883553538924026
1458,0.0002157846028839583,0.00017133979541327426,0.00018789124165373796,0.00017996313878995042
1459,0.00019094290458970277,0.00018794922244187368,0.0001786289460926305,0.00019089457035261374
1460,0.0001991439471323433,0.000189730378985405,0.0001839340306610239,0.00017977963843004714
1461,0.00019946358668066635,0.00017414407384645778,0.00016980846514358567,0.00018658676632578249
1462,0.00019679598728535784,0.00018790964348622155,0.00019158431365468045,0.0001770799229017771
1463,0.00018935383559088366,0.0001843921725086828,0.0001740199796376533,0.00019715226634104343
1464,0.00018302545614742237,0.0001789252953117805,0.00019033791090213885,0.00017670732831001623
1465,0.00017685452899867846,0.00018275761383477416,0.00018780370889372546,0.000179346738027059
1466,0.00019180327168280556,0.00018289340687858264,0.0001799427522449142,0.00016369556082120254
1467,0.00019530138939371952,0.0001923432366786723,0.0001804289662436332,0.0001787017348713274
1468,0.00019460456392851721,0.00018034969894963187,0.0001757101286022866,0.00016962686646389454
1469,0.00017263922368293365,0.00015578449710029217,0.00018881987897734987,0.0001620720108399934
1470,0.0001869001016398088,0.00016953994222869572,0.00018877330663854555,0.00017775816293437544
1471,0.00020207559911520882,0.00018557741160960532,0.00018117059028209293,0.00016307127654194932
1472,0.00018427427969106922,0.00015698410305595075,0.00018039782347739115,0.00017631505380401942
1473,0.00019270240960028804,0.00017744083411095973,0.00017039103065656836,0.00017870531907469183
1474,0.00019192775505499075,0.00016523714095584394,0.000168620686183361,0.00018606841627745053
1475,0.0001888834369091204,0.00017401301858727198,0.00018184229232445494,0.00016543359536943402
1476,0.0001855974305369134,0.0001748360217483902,0.00016208796524941436,0.00016584631740598234
1477,0.00018516459104670407,0.00018333664604582045,0.00016675338638266114,0.00017916942265267536
1478,0.00018945372286444023,0.00017266301862226902,0.00017133865669474992,0.000165622740134633
1479,0.00018993197801857645,0.0001834869292419683,0.00018040630914124335,0.0001663563114938745
1480,0.00019068241634223832,0.0001734653425234975,0.0001763776343125134,0.00016834641551460785
1481,0.0001840219777979696,0.0001777650776216327,0.00018863928511061664,0.000168932019767857
1482,0.00018119199663642837,0.00016569004887216092,0.00017915302843418639,0.0001582884407270931
1483,0.00018126841399039326,0.00016405855202598666,0.0001759677458625078,0.00015930365080652704
1484,0.0001801486550066317,0.00016877473303445815,0.0001615647899939347,0.0001783590976636924
1485,0.00017593765950912982,0.00016808403164316358,0.00017879723639805642,0.00017509638662317636
1486,0.0001768457514083564,0.00015746907924800918,0.00017858308244440843,0.00017625238469999054
1487,0.00018307826446445764,0.0001753948871267418,0.00016780743760707887,0.00017187825469847017
1488,0.00017500187723482006,0.00017614425237772054,0.00017061475482623564,0.00017605832404895362
1489,0.00017828264948936587,0.00014574183722191578,0.0001734343477589896,0.00017348707481187268
1490,0.00018330345036559156,0.00016715551384074631,0.00017089782326342747,0.00017525193398072665
1491,0.0001819993008155026,0.00016227368729678147,0.00015087517643151962,0.0001750441055149613
1492,0.00017402692822028062,0.00015860077028609167,0.00016841524634216788,0.00017194439677527745
1493,0.00017919246722659818,0.00017169965943072184,0.00016768259711851197,0.00016349038407995718
1494,0.000181920261267896,0.00016503471311990242,0.00017892715656481664,0.00015294307739002253
1495,0.00018172510998233225,0.00016139284003857448,0.00016729995955839857,0.00015933060946801046
1496,0.00017262466851854637,0.00015635976659448782,0.00016509185395132634,0.00016216226892691251
1497,0.00017879877205648044,0.00015921292786639688,0.0001724302494291406,0.00014967493220249735
1498,0.00018044450587020064,0.00015849027179173808,0.000171420083090747,0.0001532386058519179
1499,0.00018085107130030357,0.0001605143263028005,0.0001651739673300844,0.0001729205726029145
1500,0.00017644360561015236,0.00016358166876359704,0.0001686032283251755,0.0001543128099607457
1501,0.00017118245071427,0.0001593217307223457,0.00016156773862776122,0.00015377806259026964
1502,0.0001753958907469528,0.00014921689248586955,0.00015163168448661997,0.0001615449950608081
1503,0.00017967657450909362,0.00015534360075432043,0.00016440062134667193,0.00016260104045525613
1504,0.00017136023626162654,0.00016300428819479874,0.0001541521702091926,0.00015574317507706557
1505,0.00017353966536450807,0.00016770309919244574,0.00015558450456467827,0.00016271131255225985
1506,0.00017639268718164274,0.00016064719742281812,0.00016689090847260335,0.00016149318930857242
1507,0.00017668049840988123,0.0001566570290012654,0.00016948734469031664,0.00015571937482705418
1508,0.00017119806713270587,0.00014843444882965096,0.00017057517482278032,0.00015202775605223438
1509,0.00017495945029476597,0.000156944513024668,0.00017349739503053375,0.0001640476872774661
1510,0.00018193817007407131,0.00016026127982428422,0.0001731518599116571,0.00016009960000987176
1511,0.00017950358723945885,0.0001564932846729309,0.00015654155348555945,0.0001722900975343383
1512,0.00017586486883009714,0.00015391214490419617,0.0001610994752917732,0.00014528284316006317
1513,0.00017716505963267268,0.00016132722839324405,0.00014371477396899274,0.0001606716420068764
1514,0.00017004784955194953,0.00015950751466764875,0.00015420106941456166,0.00016436460467947808
1515,0.00017092569978489428,0.00016250373962839332,0.0001720108474834416,0.0001574824054242967
1516,0.00016769566052011477,0.00015794941196626904,0.00016445170748687437,0.00015653089234007322
1517,0.0001695680788084745,0.00014842466496597958,0.0001732022893918155,0.00017197718541046562
1518,0.00016749833366430555,0.00015148895924783497,0.00015478328056531276,0.0001534395845764468
1519,0.0001664410475759105,0.00015891084433321715,0.0001604892043456135,0.00017302229353147622
1520,0.0001749031308548697,0.00015239674758077296,0.00014759465525776482,0.00015262059816534114
1521,0.00017296821291609775,0.00015573460817832005,0.0001571447394473485,0.00016167429870266866
1522,0.00016636214939250691,0.0001583819760373037,0.00017172737803122052,0.0001557276907888785
1523,0.00016970730573636475,0.00016289097132338162,0.00016177009776594334,0.00015899225974254016
1524,0.00016908805300284088,0.0001605784150801939,0.0001649636522884655,0.00014910617093095904
1525,0.00016904928433618242,0.00013832086460138725,0.00016487428906615257,0.00015732895018116813
1526,0.00017174840658045056,0.00014753972443090009,0.00014647486816811314,0.00015998492738097473
1527,0.00016253013343318773,0.0001551276837743296,0.00015834692404377446,0.00015285201444987598
1528,0.000168138861198371,0.0001419803346057514,0.00015287278810370512,0.0001495881036162215
1529,0.00016961985685093363,0.00014894844256434635,0.00015603694568907557,0.0001485694174048377
1530,0.0001587802072969841,0.00015672072403269695,0.00015178740228818122,0.0001465160425418485
1531,0.00016471447422636631,0.000150409925244201,0.00016078006307281974,0.000148889168893006
1532,0.00015716445746795623,0.00014440426381412977,0.00014422227700003722,0.0001505501077590216
1533,0.00016876025235097785,0.0001456030577982692,0.00015256147206513544,0.00014468447848934449
1534,0.0001567955274197028,0.00014426731468084167,0.00015533924070166446,0.0001438431764088516
1535,0.00016378893915858683,0.00014808127549151374,0.00015899236506731362,0.00015211474937283195
1536,0.0001661953675688904,0.00013310023404585492,0.00014903335880666124,0.0001582185994705663
1537,0.00016679546681559447,0.0001510483370546899,0.0001557314732804058,0.00015597934129468071
1538,0.00016189900322893816,0.00014361492863756514,0.0001544413231244192,0.00015577432337466476
1539,0.00016457257002117063,0.00014283105253094517,0.00016241974684452472,0.00016057062803905987
1540,0.00016461209688410617,0.0001450767881359875,0.00016432386924164139,0.0001391674437289061
1541,0.00016600068952856532,0.00014169665535365575,0.0001487697885971602,0.00014249387838617263
1542,0.00016382002413381069,0.000150896855549448,0.00013575272760623728,0.0001448046827676482
1543,0.0001601739447731152,0.00015034303342606576,0.00014007267860296585,0.00014181317432992785
1544,0.00016517060072124244,0.00014551502018439005,0.0001652404879291678,0.00014858332921117534
1545,0.00015675343374457024,0.00013355281091428155,0.00014981994548175724,0.0001522872649084511
1546,0.0001629303916549634,0.00013833116856367729,0.00015454136570965043,0.0001488950505498059
1547,0.0001643383811677934,0.00014210414442982974,0.00015857517094612655,0.0001570813564398852
1548,0.00015969785111034468,0.0001531679665936813,0.00015131561522795233,0.00014896949850153054
1549,0.0001571074473350498,0.00013879459562731955,0.0001441410061623645,0.00013840646754361468
1550,0.0001619049337516678,0.00014394661835013994,0.0001452314431255195,0.00014949759007568754
1551,0.00015823627087519946,0.000141670366193892,0.00014190200599427437,0.00014992323134984534
1552,0.00015639412783556407,0.00013826108256713803,0.00014429253018231482,0.00014741618305315487
1553,0.00016131221732413952,0.0001443078659014174,0.00014278056363877355,0.0001389140834785976
1554,0.00016315403744173208,0.0001436488369372066,0.00015244987113248166,0.00014096760452664674
1555,0.00015842634816579237,0.0001391052979260336,0.000138965586634619,0.00014838207090855552
1556,0.00016309549251093455,0.00013583774166376925,0.00015325644207708216,0.0001465558206811766
1557,0.0001596778259667267,0.00014247539130328254,0.00014396949579132355,0.00014864476689527016
1558,0.0001574814434088059,0.00014712461548390974,0.00015947721959570175,0.00013612673031275735
1559,0.00015672860236208965,0.00014142984800277988,0.00013825003486128722,0.0001439465987103024
1560,0.0001646672888566739,0.00014274786978912818,0.00015029123729759107,0.00014960714900612632
1561,0.00015371960514849856,0.0001378689223450568,0.0001470926394711578,0.00014019654042747747
1562,0.00015555228875228832,0.00013946520241804692,0.0001485888255252353,0.00014215724727380887
1563,0.00015854444270684353,0.00014704123416888507,0.00014549194805731246,0.00014290480994367174
1564,0.00015815425802955617,0.0001376532496487839,0.00015180953867224668,0.00013880355939484748
1565,0.00015857714499747843,0.00013292515486267443,0.00015444156157924676,0.0001313661375155233
1566,0.00016258787749477298,0.00013689483693195916,0.00014126784320528488,0.0001363961485871493
1567,0.00015682642801574407,0.00013697859330944978,0.00014075970120177545,0.00013911052290552648
1568,0.00015610187072162733,0.00013721791098789783,0.00013734888233641663,0.0001437663733669156
1569,0.00015554383641304008,0.0001407963526289341,0.00014693896175870037,0.00013510273471442182
1570,0.00015419021419089916,0.00013638956221677923,0.00013480998545567697,0.00014039970543834322
1571,0.0001473396628810735,0.00013749882882485803,0.0001442762196867348,0.00014824215071230487
1572,0.0001560611119746682,0.0001334636047067092,0.0001543616366898104,0.00014449738795431754
1573,0.0001540172668811819,0.00013577860814430854,0.0001417339438269846,0.00014488539720202014
1574,0.00015901622693252754,0.00012312583861864076,0.00014506097534984505,0.00013589966104251734
1575,0.00015943856821225261,0.0001344480882656261,0.0001361458589088682,0.00013683060646856252
1576,0.00015754195832244446,0.0001343158169676548,0.00013557383008970373,0.00013797972474231614
1577,0.00015748575834618317,0.0001429369913315908,0.00014188562737882024,0.00013487062285807018
1578,0.00015538887472929527,0.00012677121722666534,0.00014519637586353945,0.00013896074879456307
1579,0.00014875197316802753,0.00013032692516813405,0.00014694219049734994,0.00013537747943928537
1580,0.00015433606624576656,0.00013631261479165693,0.00014431474732296148,0.00014687299126951958
1581,0.00014740345866801418,0.0001339751713731278,0.00014639919515685042,0.00013494581740173324
1582,0.00015070157035633442,0.0001363752238146785,0.00013564391075254276,0.00013338857911167424
1583,0.00015519596817518592,0.00012868522351164706,0.00013408860768830536,0.00013536501126237965
1584,0.00014800205008898835,0.00013010508875522177,0.00013376376980151476,0.0001375421207854332
1585,0.00014526327370230105,0.00014256802547653517,0.00013964190279925536,0.00014035086883020995
1586,0.00014649933634116902,0.00012710502938555356,0.00014171842153965075,0.00012885694741851544
1587,0.0001495712472185459,0.00013394604555785856,0.00013473073857864893,0.00013538425120349342
1588,0.00014683984588271192,0.00013102329421978696,0.00013284773776194833,0.00013522825805687035
1589,0.00015168237100599482,0.00012626959478301782,0.00012409106117717238,0.00013243676868855605
1590,0.0001534557073184556,0.00014287951685619735,0.00013902257394978444,0.00013956261792900048
1591,0.00015538769721332402,0.0001362401252767107,0.00013341232754139878,0.0001351276255818088
1592,0.00015309280608799265,0.00013586515626183254,0.0001379618002533454,0.00014548232615013752
1593,0.00014907670266141106,0.00013262105693134083,0.0001371065260765235,0.0001411368929318023
1594,0.00015300579260553004,0.00013234278205766036,0.0001301585422592596,0.0001420232120166152
1595,0.0001491224958903596,0.00012567524100263208,0.0001368644137528324,0.00014120132113820737
1596,0.00015242143921176686,0.00013032940579499295,0.00012774499941679788,0.00013220186372504106
1597,0.00014652502208392255,0.00013186109307851686,0.00013499233241224398,0.00013719655807826255
1598,0.00014347398704742795,0.0001334109959174392,0.0001265271662263565,0.0001317252520918175
1599,0.00014364649745878737,0.00013395362957680253,0.000138209249031701,0.00013884633782484222
1600,0.0001486827097465271,0.0001302325952867001,0.00013817103716325623,0.0001289774900836334
1601,0.0001555016783394698,0.0001349775016640869,0.00013099221588877086,0.0001357593047497806
1602,0.00014505211760620945,0.00013071217388143887,0.00013607339293876316,0.00013671945428526028
1603,0.00014471258008717954,0.00013299135456550223,0.00013585487245273398,0.00012876182591835408
1604,0.00014400784691805994,0.00012917303424820757,0.00013791484134037705,0.0001316121994317073
1605,0.00014424696210073415,0.00012992065152887317,0.00014463993779716792,0.00013574665316404126
1606,0.0001490221413476027,0.00013161680153378057,0.00013618315200907978,0.00013606604796260498
1607,0.00015048265211667705,0.0001266476118994209,0.00013737621985837698,0.00013782729041757753
1608,0.00014577248140153494,0.00012670622573106497,0.00012704898863840738,0.00013679457631378435
1609,0.00014280216621689084,0.00012357592418847204,0.00013841465779243479,0.00013780907753135533
1610,0.00014413350221281556,0.00012418984956148355,0.00013426636375939873,0.00012245538423614344
1611,0.00014897026603463484,0.00013413918605169773,0.00013730405630270201,0.00013049581009075316
1612,0.00014886975543718363,0.00012869575311006914,0.00013238578424276234,0.00013205113211838877
1613,0.0001406168702919957,0.00011892968957985622,0.00013030687356254084,0.00013386015743823484
1614,0.00014487665377587835,0.00012534088609190172,0.00012758527443760623,0.00013076655049782434
1615,0.00014278954108308894,0.00011995724944368185,0.0001286661418289245,0.00012354178107435064
1616,0.00014490200303306325,0.00012554681364413856,0.0001289642983439193,0.0001355011436002769
1617,0.00014732575461123232,0.0001256998411509799,0.00012863320751451362,0.00012920431647726527
1618,0.0001455505169831634,0.00012735064765260354,0.00013396877663532402,0.00013137612682960736
1619,0.00014322569372667268,0.00012138821529694035,0.00013354016795761396,0.0001275971511643031
1620,0.0001388510748045431,0.00012004055508533651,0.00013603536761916418,0.00012914098277158425
1621,0.00014619409657004636,0.00012850300226117231,0.0001287546861998428,0.00013525135128546103
1622,0.00014494419356281756,0.00012669369445514027,0.00013315281009204733,0.00012963395416292444
1623,0.00014626601616890705,0.00012178986348025881,0.00013534742940511264,0.00013214432243584127
1624,0.00014382999554579022,0.000127650883683638,0.00012736679700457612,0.0001236776272209852
1625,0.00014373903875087,0.00013253264045648265,0.000117791141339271,0.00013397263009691366
1626,0.00014323938806524224,0.00011911044483942855,0.00014005537155678226,0.00012348762571246478
1627,0.0001417829245374357,0.00012575836883505864,0.00012547965856622386,0.00012626966899948185
1628,0.00013967859739241685,0.00012507048876488105,0.0001381692613308428,0.00011757406723394875
1629,0.00014060395463976497,0.0001256342199030311,0.00013065150462382086,0.00011892538757507076
1630,0.0001385333546347638,0.0001227114491150322,0.0001331752644354987,0.00012845998703642965
1631,0.00014440426589182721,0.00012371777476417338,0.00012800842109185416,0.00013024898795971744
1632,0.00013900345551842692,0.00012167776209808298,0.00012831901795742106,0.00012568134533588152
1633,0.0001427518381115393,0.000125686935871151,0.00012844355639074652,0.00012924267081939123
1634,0.0001430989346636236,0.00012362989206901712,0.0001224932520971558,0.00012982158552625556
1635,0.0001447055930034975,0.00012647217460654483,0.00012864408344059923,0.00012098710609050923
1636,0.00013927891669123025,0.00012151768432797719,0.00013170556390378543,0.00012596023429559727
1637,0.0001446488110489688,0.0001224554596841764,0.00013313796937081693,0.0001298447371874365
1638,0.000141705224334236,0.00012231972662896836,0.0001381037580985672,0.00012610687052130005
1639,0.00014375208151604473,0.00011808278444744504,0.00012269711456339307,0.00012393846437508304
1640,0.00014080673171282685,0.00012824144984343124,0.00013183808924220467,0.0001347864968362575
1641,0.00014033550108999218,0.00013150336108339744,0.00012713485432903676,0.00012910907608883624
1642,0.00013950542360213376,0.00012267362673122384,0.00012721692649292669,0.0001319544700317305
1643,0.00014128415470367363,0.00012335015658735996,0.00012757960516906222,0.00012402601413709146
1644,0.0001391655016117254,0.00011820073536642171,0.00011705100026109497,0.00012984418253083506
1645,0.00013665397979618763,0.0001232849839941446,0.00012104678174938316,0.00012850885402651834
1646,0.00014154490125885505,0.00011851539766326214,0.00012312344599299562,0.0001228592899458708
1647,0.00013751012268481305,0.00011888776142228251,0.00012919507489862704,0.0001230973993036457
1648,0.00013388339321320335,0.00012055906270997084,0.0001261594071539665,0.00011963116343401045
1649,0.0001401528734460662,0.00011742642263689688,0.00012522864160450378,0.00012106251095379853
1650,0.00013684789466434036,0.0001201383755661958,0.00012482165800865557,0.0001252977097980005
1651,0.0001377564619903993,0.00012031062563431377,0.0001292175468719423,0.0001265555032352826
1652,0.00013496803480151167,0.00011419645498044972,0.00012862140151829115,0.00012861874191224442
1653,0.00014305584323024564,0.00011677502928108027,0.00012334055756994458,0.00012857468114936503
1654,0.00013632682050682604,0.00012060033930335168,0.00013161200745892963,0.00012756622519348508
1655,0.000134598453887561,0.00011796625176989752,0.000125734622912973,0.00011849122014020464
1656,0.00014305344459368937,0.000120239131953595,0.00012572316885358384,0.00011881789242179863
1657,0.00013523822197029228,0.0001159777789792179,0.0001224418838630403,0.00012396792384369341
1658,0.00013818311060154892,0.00011642580934965886,0.00012362208176283786,0.0001202462286812919
1659,0.0001355873869342103,0.00011920217169968575,0.00012687002706248952,0.00012602887003866064
1660,0.00014151755071603193,0.00011813755807027251,0.000123716188928133,0.00012105659753016939
1661,0.00013479670854851705,0.00011249108234490842,0.00011981768079495328,0.00011833906059319801
1662,0.00013301250079381113,0.0001151199453247477,0.00012989421685242163,0.00012123225647199477
1663,0.00013708488769897785,0.00010923224332059857,0.00012674848526206245,0.00012411664201817318
1664,0.00013792487552092105,0.0001166286159079458,0.00012120303566256364,0.00011733148536637477
1665,0.00013358866294587828,0.00011666277476370778,0.0001278548891312379,0.00011743819688406323
1666,0.00013715280096055404,0.0001188564300499748,0.0001271293449951653,0.0001245288663466206
1667,0.0001330644596618848,0.00011357770502389548,0.00012290539779053036,0.00011750137582516904
1668,0.00012705910681100945,0.00011974999606421922,0.00012470207522278663,0.0001206142124819423
1669,0.00013892480614787403,0.00011995915475324365,0.00012222610158495303,0.00011596181164207764
1670,0.00013605691100199532,0.00011599589858099049,0.00012775862534345034,0.00012152079226243536
1671,0.00013284688731426421,0.00011372714140769414,0.00011930642915137709,0.00011846781130193315
1672,0.00013288242382722315,0.0001142001788956578,0.00012423709263809402,0.00012101096668244506
1673,0.00013059578166834591,0.00011399991436772989,0.00011893591967996586,0.00012077439053875495
1674,0.00013820754683316203,0.0001106990875071927,0.00012777388703404154,0.00012193724820205306
1675,0.00013143555153120333,0.00011502963747128404,0.00012653818086319623,0.0001226062760593218
1676,0.00013422763674108808,0.00011659464755509722,0.00012052605984271355,0.000119195964827548
1677,0.0001333373946796489,0.00010935379368273045,0.00012003528314999229,0.000115531250302182
1678,0.00013230517016653482,0.0001150231825883894,0.00012578646023511748,0.00011940015723145041
1679,0.00013372333966310987,0.00011842235048745315,0.00012240624091430725,0.0001160970260438092
1680,0.0001304562999254534,0.00011247344872515701,0.00011941988830002444,0.00012251985860616153
1681,0.00013086773500180893,0.00011715760378607626,0.00011610880685862683,0.00011820535024431738
1682,0.00013380947166110064,0.00011739074647996522,0.00012018134146425465,0.00011981904902287328
1683,0.00013349553219759724,0.00011239012205783201,0.00012298000133689052,0.0001236527548019708
1684,0.00012938888600140587,0.00011010596557123273,0.00011946128088679116,0.00011435329040260327
1685,0.00012669558101184784,0.00011780571260398794,0.00011819708930243821,0.0001203939858331427
1686,0.0001344187996183383,0.00011405647677411253,0.00011550385600902825,0.0001234539775137343
1687,0.00013544647837238788,0.0001130083737052293,0.00012011919594583774,0.00012024591939353464
1688,0.00012843140951527166,0.0001117112690049034,0.00012437070038709967,0.00012036772842811578
1689,0.00012896955941635785,0.00011373368314726549,0.00012112201656178026,0.00012024523801062099
1690,0.00012996095321081725,0.00011632320682109683,0.00011990066429752873,0.00012109742502539685
1691,0.00013267328716900327,0.00010819637194150538,0.0001264198937567274,0.0001223247398196487
1692,0.00012928251503783753,0.00011139835319630755,0.00011375312196933789,0.00011840885739121039
1693,0.00013164488815078134,0.00011160667635907387,0.00011762290031296004,0.00011768331296354223
1694,0.00012931859663851912,0.000105810131339092,0.00011892202592704032,0.00011591578226566883
1695,0.00012827074201959018,0.00011168224530369047,0.00011793961314953803,0.00011718804041702861
1696,0.00013114227358308598,0.00011559082240609678,0.00011766032568835443,0.0001157740063193704
1697,0.00012592533641688462,0.00010623205896240392,0.00012026621279017684,0.00011798813877649555
1698,0.0001276196157476046,0.00010783809527709915,0.00012123602630175392,0.00011957647685602652
1699,0.00012746687684176376,0.00011071615080750254,0.00011468239542761586,0.00011949063943607684
1700,0.00012816491975390493,0.00010912966468309247,0.00011676766528313068,0.0001156701952849057
1701,0.0001288878165870359,0.00011047540011514305,0.00011971205744785459,0.00011651514205570767
1702,0.00012999045361072444,0.00011277117218261869,0.00011598664178996427,0.0001185929153127588
1703,0.00012535571311338787,0.00011330601467618886,0.00011886281191048676,0.000117316816262349
1704,0.0001289997154143569,0.00011037182383793702,0.00012053263061704596,0.00011759634910431402
1705,0.00012677218456942253,0.0001099942941600328,0.00012077433314853746,0.00011642428591477148
1706,0.00012840800152945887,0.00011218978098870866,0.00011926726702539645,0.00011543364623456062
1707,0.00013136747586904818,0.0001108378982584172,0.0001125794902513697,0.0001095936446688435
1708,0.00012903676141499506,0.00010897566222288801,0.00011835778717757888,0.00011445946772924208
1709,0.0001272957495134336,0.00010901644698888482,0.00011731987339164799,0.00011931578052199321
1710,0.00012585545263389957,0.00010997601683643659,0.00011349943599813737,0.000113131813372401
1711,0.00012920520049871162,0.00011311440982755644,0.00011568968141984095,0.00011476878114796108
1712,0.00012487365593488056,0.00011284960471313586,0.000115487627721079,0.00011375885710634325
1713,0.00012575024725191287,0.0001098449074685257,0.0001137590381405781,0.00011440395496400022
1714,0.0001299719149281931,0.00010686124414384378,0.00011834700875724681,0.00011633272541303382
1715,0.00012972496444874876,0.00011037472875111006,0.00011570845104547579,0.00011675422022056803
1716,0.00012601574426703558,0.00010908015339274324,0.00011744416189962699,0.00011719730660469307
1717,0.00012641664594408939,0.00010792665250558778,0.0001128194260874972,0.00011504475295420641
1718,0.00012944553596987417,0.00010574953698685526,0.00011256879920645301,0.00011292235988084607
1719,0.0001272717744023283,0.00011068819176520687,0.00011738697576749533,0.00011339467887432609
1720,0.0001254164049067565,0.00010630911094461862,0.00011521636673473647,0.0001119257156660651
1721,0.0001261843846234939,0.00010758782696393254,0.00011178929849967452,0.00011336742393959938
1722,0.00012730419132071447,0.00010799771495137076,0.00011111394925992885,0.00011460515158942462
1723,0.00012576398580651632,0.00010955152780597836,0.0001128532440888758,0.0001122830635104639
1724,0.00012597774222726575,0.00010928354376223275,0.00011328746398016877,0.00010971960206956049
1725,0.00012402586770852885,0.00010953590261929063,0.00011190485569875948,0.00011163409057033549
1726,0.00012528588888043168,0.0001111685052344425,0.00011761265403402702,0.00011218710702091457
1727,0.00012421256309836143,0.00010381700900330342,0.00011144740939688168,0.00010789713838401806
1728,0.00012371730650320587,0.00010591047980509257,0.00011825133327353445,0.000111765617678234
1729,0.00012681360136782062,0.00010459645328510345,0.00011672650837879222,0.00011156956671912565
1730,0.000126769880570952,0.0001063984449765417,0.00011493330867079841,0.00011663378738724704
1731,0.00012789766641078433,0.00010285311016154589,0.00011616266496269022,0.00011095751674759423
1732,0.00012258983882935305,0.00010648698002255745,0.00011689678523408498,0.00011383524998145498
1733,0.00012857401507537943,0.00010890671260495544,0.00011830384450364512,0.00011221317438212634
1734,0.00012273947714964504,0.00010999117829231982,0.00011313422602071639,0.00011530733740418218
1735,0.00012453034254952756,0.00010569843636568433,0.0001176012226936792,0.00010873486198482968
1736,0.0001239632024191255,0.00010516278799687807,0.00011300879047537396,0.00011298753673558513
1737,0.0001259547304825351,0.0001055027655503024,0.0001132002083722796,0.0001079754377857118
1738,0.00012471803498921092,0.00010582497039048472,0.00011329045226707749,0.0001103318737070301
1739,0.00012675546767808104,0.00010701826215764662,0.00011281836640321277,0.0001072625216586999
1740,0.00012215778973106214,0.00010904965508204237,0.00010950286574239658,0.00011062007009231794
1741,0.0001250095756838874,0.00010711317413261215,0.00011678107808552003,0.00010878650269900793
1742,0.00012765615742173773,0.0001019064591301276,0.00011181336977827437,0.0001127006178164199
1743,0.00012609661358731558,0.00010756972693697198,0.00011284424019827112,0.00010923572751430785
1744,0.00012130683466830704,0.00010302101138984015,0.00011374776734089983,0.0001129865847280759
1745,0.00012404993543449152,0.00010630919865663236,0.00011371011694254006,0.00011266148242072564
1746,0.00012203328647450531,0.0001052577723776961,0.0001116556922578324,0.00011105905361372294
1747,0.00012204624606256682,0.00010613352839745662,0.00011042250531978151,0.00011047877500080921
1748,0.000124678596909602,0.00010478637828681078,0.00011013571692224687,0.00010823088506137075
1749,0.00012460171329619816,0.00010347734216719728,0.00011097149402218665,0.0001094744607033844
1750,0.00012172415394545072,0.00010350061724092938,0.00011001309463209204,0.00011174226789684416
1751,0.00012301877209323217,0.00010469149715040722,0.00011341892164637423,0.00011067043460844564
1752,0.00012021600835698272,0.00010589015512135907,0.00011484164710861002,0.0001088710277857486
1753,0.00012188656074321081,0.00010281783480269509,0.00011289020835233705,0.00010756245251693481
1754,0.00012071536479252625,0.0001030141474578786,0.00010920179657183321,0.00010712303577643329
1755,0.0001243718439460813,0.00010219219242531337,0.00011626359317654256,0.00010833646735474133
1756,0.00011777588651397826,0.00010604702799722467,0.00011091697221300469,0.00010846154133725413
1757,0.00012440896461968212,9.877877799691434e-05,0.00011165015633840461,0.00010879109006513887
1758,0.0001199492452861137,9.747495892041566e-05,0.0001145101218612668,0.00010886618567351295
1759,0.0001220968921323734,0.0001045241078407135,0.00011067873643057218,0.00010673993209986903
1760,0.00011938340859149045,0.00010280044177949462,0.00011463562741503464,0.00010777982079803384
1761,0.00012160216827299262,0.00010336676606978284,0.0001088982134457837,0.00010437519943433945
1762,0.0001183445232234235,0.00010272122807856459,0.00011072667450825251,0.00011169874497547748
1763,0.00012017022586336861,0.00010050721300032231,0.00010669478585730468,0.000109714962038681
1764,0.00012131440398547749,0.00010473255404157108,0.00010957224424010321,0.00010482359567607584
1765,0.00012065519508867891,0.000105768538904508,0.00011007933112331877,0.00010425691188165628
1766,0.00011843267035627965,0.00010687019616454209,0.0001071258850417039,0.0001107398463235079
1767,0.00011923467369305543,0.00010052408303170108,0.00010844375322826111,0.00011192320291588083
1768,0.00011737595621283384,0.00010088145179185694,0.00010699048448007878,0.00010610725471813506
1769,0.00011830370480102853,0.00010224926284316687,0.00010418753212047747,0.00010823799918012758
1770,0.00011819729491095914,0.00010279295936827827,0.00010863810780640714,0.00010584461222244155
1771,0.00012052035186823713,0.00010004863173324551,0.00011128285013311954,0.00011039868869569857
1772,0.00011896980383685123,0.00010113815867668988,0.00010724023065759012,0.00010776887727725193
1773,0.0001194712839139688,9.942401873263983e-05,0.00010656795390621606,0.00010344034864038277
1774,0.00012194260982755082,0.00010100670956696465,0.00011014830310844347,0.00010340620413654051
1775,0.00012050323328686692,9.977942345347156e-05,0.00010936974888564632,0.00010747963237968402
1776,0.00012169312100737124,0.00010075760293198262,0.00010804766401538069,0.00011055513239519241
1777,0.00011820291741045037,0.00010191009747155086,0.00010715832319518038,0.0001060487934701244
1778,0.00011891872289475168,0.0001007553404357905,0.00010489705749868864,0.00010751239721674338
1779,0.0001167361329694812,0.00010205468304970299,0.00010922196591743443,0.00010550606751276264
1780,0.0001186451477686865,0.00010164352195871642,0.00011064266075162853,0.00010966461671594426
1781,0.0001186383363972144,0.00010141763423136367,0.00010923396343917245,0.0001071265910462331
1782,0.00011967789100310964,9.772061144362272e-05,0.00010779179648473737,0.00010656519100638178
1783,0.00011900720417148855,0.00010226058168703697,0.00010545731374487846,0.00010532581276156554
1784,0.00011804738024090676,9.882393503127986e-05,0.00010613281430735335,0.00010511115981365708
1785,0.00011758005592873388,9.776999241115069e-05,0.00010580668382576437,0.00010838529342228202
1786,0.00011730671703926626,9.986200927189572e-05,0.0001073252929635932,0.00010922223253168516
1787,0.00011747285258954264,0.00010035874317543312,0.00010960969044908464,0.00010656969291763683
1788,0.00011732335902650349,0.00010013111586080873,0.00010787781654056369,0.00010948290087738463
1789,0.00011751718182944306,0.00010106117805091899,0.00010682880561809703,0.00010398768138467299
1790,0.00011531883754043804,0.00010105969682085122,0.00010715803910864726,0.0001061568966777422
1791,0.00011900306387334028,0.000100993715002081,0.00010805465281291746,0.00010555534864955216
1792,0.00011793086052016736,0.00010036309876539002,0.0001084308678631154,0.00010235829364925442
1793,0.00011623253860439128,0.00010030055697709177,0.00011013585434913946,0.00010641993983378688
1794,0.00011870724958816699,9.962721714589599e-05,0.00010783307250767374,0.00010701693516006688
1795,0.00011779158345810384,9.896757019767314e-05,0.00010702360154759335,0.00010621055493292554
1796,0.00011725584276411333,0.00010061492161395346,0.00010881179718987645,0.00010478880191163734
1797,0.0001151433512024397,9.838623057505515e-05,0.00010879563609572959,0.00010507416322557283
1798,0.0001185428405421631,9.655458994900092e-05,0.00010439009332247789,0.0001043091177236717
1799,0.00011582020963774085,9.839980036279166e-05,0.0001065016315654315,0.00010488797867016842
1800,0.00011593344636842191,9.728631042054993e-05,0.00010566514780972348,0.00010265933471044624
1801,0.00011355648785043752,9.896166683392992e-05,0.00010653773459477019,0.00010073979783932316
1802,0.00011724225402690301,9.781883187681054e-05,0.00010501734630942276,0.00010719282143170801
1803,0.00011283330387791691,9.668340309896471e-05,0.0001051242728820388,0.000104910011327214
1804,0.00011648942068682246,9.663028167272669e-05,0.00010669413834485614,0.00010897008002529284
1805,0.00011687822161234492,9.681284853816843e-05,0.00010577595130908665,0.00010348192668672271
1806,0.00011649531054380777,9.759026987934282e-05,0.00010399138976993298,0.00010515378434196491
1807,0.00011722815703551473,9.960151447993998e-05,0.00010536198903251425,0.00010464001061698144
1808,0.00011487114273284267,9.835761478479388e-05,0.00010624265083003162,0.00010360717663365009
1809,0.0001137320360225497,9.659512425700458e-05,0.00010347239859468847,0.00010774311401381705
1810,0.00011665626001235807,9.842096809209162e-05,0.0001049621544441271,0.00010442907361485754
1811,0.00011623966930669654,9.633848907797346e-05,0.00010706549155291041,0.0001025030869369788
1812,0.00011530184094552732,0.00010049298534722733,0.00010600274765873083,0.00010496605254497866
1813,0.00011350842725011282,9.320904994611384e-05,0.00010588597819808168,0.00010315142858550789
1814,0.00011326339903221015,9.699760471479073e-05,0.00010605510559698042,0.00010255003758226675
1815,0.00011542694053782986,9.91070937105628e-05,0.00010446568241477024,0.00010310592295923945
1816,0.00011484822252387878,9.719826451026162e-05,0.0001079140789394797,0.0001037448399277762
1817,0.0001146824158244087,9.765452051755137e-05,0.00010507707561909833,0.00010187989040090843
1818,0.00011324272098445122,9.706760056496072e-05,0.0001049386117221516,0.00010453535996287521
1819,0.00011305444543122009,9.59253852696841e-05,0.00010193379525403362,0.00010236599464796863
1820,0.00011242919224880278,9.553575225017453e-05,0.00010262630535469272,0.00010361440277926394
1821,0.00011287333703080821,9.524997984142601e-05,0.00010401113189448947,0.00010083561257225862
1822,0.00011258481156021747,9.5202839676766e-05,0.0001045218575100667,0.0001040346550978035
1823,0.00011549205073199778,9.510449488409538e-05,0.00010381157240207952,0.0001005096915935745
1824,0.00011252679636302674,9.393447194081569e-05,0.00010419442459440606,9.826592479500328e-05
1825,0.00011352876018472393,9.86316725274124e-05,0.00010357299251078693,0.00010090274958660709
1826,0.00011326904921367558,9.382078924639353e-05,0.00010221080192197963,0.00010531291212842743
1827,0.0001140989487587153,9.856116835297855e-05,0.00010468280062555267,0.0001012661073876093
1828,0.00011325814434064263,9.75719819210559e-05,0.00010386938132528255,0.00010257202717406268
1829,0.00011346319910896782,9.673760689731213e-05,0.0001011494374480874,0.00010102180192261597
1830,0.00011337438752809553,9.353875442604252e-05,0.00010375725422568846,0.00010112498155054237
1831,0.0001123093526653942,9.577312170576888e-05,0.0001057071814912541,0.00010213311649310323
1832,0.0001127482876184732,9.738221837596554e-05,0.0001013651464902367,0.00010126954329919115
1833,0.00011327912058242596,9.448415897765606e-05,0.00010382454888563073,0.00010309026067091776
1834,0.00011352289294996031,9.5971290050762e-05,0.00010347957166358737,0.00010091530643524532
1835,0.00011269148764426055,9.519246436498056e-05,0.00010225113526021779,0.00010118716749488892
1836,0.00011198906927329922,9.573032467507294e-05,0.00010046597067906098,0.00010201553920270938
1837,0.00011295680211619502,9.583424169380763e-05,0.00010049936771798383,0.00010213836506430315
1838,0.00011291690555433117,9.657312242734491e-05,0.00010116354270721958,9.921610275441982e-05
1839,0.00011192026806909227,9.549984548088587e-05,0.0001012290218670574,0.00010265769293466691
1840,0.00011261445856453621,9.257338903891353e-05,0.00010426901655509594,0.000100697126234301
1841,0.00011018601998257817,9.382215732789439e-05,9.939657870281536e-05,9.996599856713872e-05
1842,0.00011070694525343573,9.549454969266547e-05,0.00010090335518484561,0.00010084861884744037
1843,0.00011121815592813427,9.61185177054624e-05,9.935493717917905e-05,9.986164646177929e-05
1844,0.00011085569696400335,9.281644834598143e-05,0.00010326186947902174,0.00010101194770301386
1845,0.00011144054182371433,9.154801550321016e-05,0.00010199534601453524,9.809581020516133e-05
1846,0.0001101749905135878,9.472656849914782e-05,0.00010160563406388496,0.00010026913301838775
1847,0.00011189583424109003,9.211898654525459e-05,0.0001019805086912501,9.7973854119057e-05
1848,0.00010965279208210872,9.238598197897149e-05,0.00010305254799049475,0.00010121848970482085
1849,0.00011218541386665247,9.248358962764853e-05,0.00010383969967149451,9.981871488771763e-05
1850,0.00011361430232438104,9.197114654152176e-05,9.958171716325533e-05,9.947471357253466e-05
1851,0.00011202196234738608,9.272820886076706e-05,0.0001004540765974164,0.0001011570939028826
1852,0.00011171941100215133,9.364384895839586e-05,0.00010074590789937613,9.880086124340828e-05
1853,0.00011124565660553384,9.206194611359269e-05,0.00010073924516066946,0.00010040462307507151
1854,0.00011065024116758923,9.157719584370817e-05,0.00010046744325981808,9.997927708925596e-05
1855,0.00011082808480864645,9.14342670330764e-05,9.996906502255238e-05,9.664598338632531e-05
1856,0.00011068264967795155,9.501165417439089e-05,9.897286431278423e-05,9.843402439492457e-05
1857,0.00010997850842711067,9.191296979498825e-05,9.801758359325587e-05,9.915997872738792e-05
1858,0.0001109979422374353,9.01344101156349e-05,0.00010191255684764725,9.973996409073418e-05
1859,0.00010915067561170562,9.288786021564755e-05,9.967986423157594e-05,9.650763048283832e-05
1860,0.00010981506108692487,9.342989014014482e-05,0.00010288040363839856,9.832662633943577e-05
1861,0.00010971774750613575,9.232461586830276e-05,9.98964488101957e-05,9.791188739071354e-05
1862,0.0001106317913015717,9.121345140684637e-05,9.890355845034213e-05,9.866136085434553e-05
1863,0.00010878876590355522,9.003564162888543e-05,0.00010230290423776227,9.747146763872215e-05
1864,0.00011033453312137104,9.263060054338749e-05,9.989635201836917e-05,9.719834849591688e-05
1865,0.0001103123312516724,9.178718722805516e-05,9.941416701616713e-05,9.906041045350279e-05
1866,0.0001105570236840775,8.935269023561246e-05,9.859061692471853e-05,9.874350225284081e-05
1867,0.0001097708548314613,9.105589179364422e-05,9.792069105747196e-05,9.814742890834853e-05
1868,0.0001093151290515037,8.97508075072275e-05,9.902283106895098e-05,9.786897457954581e-05
1869,0.00010955869763150122,9.040369796835836e-05,9.954665164210128e-05,9.84255010599663e-05
1870,0.00010906861065003518,9.272056760225322e-05,9.926113749858366e-05,9.712653497930913e-05
1871,0.00010911304228367001,9.152909516642247e-05,9.84609844770027e-05,9.905006122532472e-05
1872,0.0001077486439457905,9.17681148343081e-05,0.00010055989571365738,0.00010020848595836614
1873,0.0001081978489329545,9.183691725979655e-05,9.805344410207322e-05,9.762058378216501e-05
1874,0.00010778334011620281,9.101471470400866e-05,9.75443094522136e-05,9.810003257681706e-05
1875,0.00010925921418683087,9.097053318779583e-05,0.00010048803589240824,9.706321701752358e-05
1876,0.00010767304417140344,9.083173970893457e-05,9.690038178586273e-05,9.743854177243734e-05
1877,0.0001083540381733271,9.19219409109935e-05,0.00010039210043098687,9.727720721555122e-05
1878,0.00010860524537088418,9.020477722710523e-05,9.835746840000144e-05,9.481709383037844e-05
1879,0.00010854678315818927,8.985870257390631e-05,9.886811859873229e-05,9.646906910391308e-05
1880,0.00010880148341749832,9.037471548835597e-05,9.901147881853643e-05,9.800104946062959e-05
1881,0.0001072137429813029,9.143365115232519e-05,9.851700868702466e-05,9.689546582855177e-05
1882,0.0001076006746478942,9.035336047278768e-05,9.914692058337346e-05,9.696536722778688e-05
1883,0.00010851782978699685,9.076165558457838e-05,9.902978050717621e-05,9.694108880172546e-05
1884,0.00010719827743549486,8.875950194513344e-05,9.791279985755017e-05,9.612423978378105e-05
1885,0.00010714408426958539,9.09162925983682e-05,9.841286068743e-05,9.725994304917315e-05
1886,0.0001071699593195255,8.898153617534107e-05,9.909346223809469e-05,9.804182991921083e-05
1887,0.0001074157232646719,8.774647165370712e-05,9.813586439016954e-05,9.656468468394138e-05
1888,0.00010634763009222864,8.793294993100702e-05,9.871131237605796e-05,9.724948114015445e-05
1889,0.00010777975129888286,8.944966462820393e-05,9.524915105317857e-05,9.740231541456571e-05
1890,0.00010566790170925909,9.083164560885235e-05,9.53928578216027e-05,9.754041565181165e-05
1891,0.00010802341259357986,8.933177842021235e-05,9.740655280305247e-05,9.769353833792247e-05
1892,0.0001072505092065597,8.961602814476024e-05,9.787196685724712e-05,9.600405009038587e-05
1893,0.00010750360867816302,8.95178687883714e-05,9.834403899292179e-05,9.627937379905515e-05
1894,0.00010655862138739371,8.764922119823836e-05,9.69934682649486e-05,9.695376050817703e-05
1895,0.00010515332575428256,9.04049880983423e-05,9.569946691089444e-05,9.712320719311912e-05
1896,0.00010673792533332885,8.815110641385352e-05,9.642010343006787e-05,9.630654335620098e-05
1897,0.0001071545142405627,8.848350674653238e-05,9.58120118833528e-05,9.55606028110538e-05
1898,0.00010797087770532614,8.976860833161391e-05,9.693030506509245e-05,9.440976901086773e-05
1899,0.00010620323843992865,8.778855828105997e-05,9.75177348770472e-05,9.693588758444064e-05
1900,0.00010574687105723874,8.943882490471933e-05,9.712545747236422e-05,9.404253698482548e-05
1901,0.00010700308630664367,8.725665461797005e-05,9.467544539221733e-05,9.350731151119851e-05
1902,0.00010635101203870533,8.846461156619852e-05,9.617860244244493e-05,9.602891818361234e-05
1903,0.00010694681765214119,8.838863540397799e-05,9.763388541965339e-05,9.239525415508638e-05
1904,0.00010565655423385138,8.885663469363499e-05,9.479653001026741e-05,9.367099866497818e-05
1905,0.00010555421070021961,8.810449730654678e-05,9.75199492016104e-05,9.30067879059588e-05
1906,0.00010582291071532983,8.699117704613443e-05,9.597571186363624e-05,9.480798700222011e-05
1907,0.00010484529346357952,8.834739357205048e-05,9.692456177263126e-05,9.417425637018663e-05
1908,0.00010440927321757875,8.686762163595553e-05,9.583302406501264e-05,9.437965022420515e-05
1909,0.00010531383401360517,8.71705635816117e-05,9.71937659954306e-05,9.431554681897458e-05
1910,0.00010669975999563162,9.067179947853909e-05,9.561595638852351e-05,9.332701970060968e-05
1911,0.00010483912500780529,8.819231257357706e-05,9.697380875555361e-05,9.345263211441658e-05
1912,0.000104325516745244,8.955927741347877e-05,9.513093958492036e-05,9.486471183868272e-05
1913,0.00010507378501011492,8.91051887055944e-05,9.403066913438682e-05,9.498386619394174e-05
1914,0.00010443482537546903,8.751460876551963e-05,9.469235287337938e-05,9.476583478145256e-05
1915,0.00010447384370505733,8.676032347933657e-05,9.61254202113251e-05,9.349678983080124e-05
1916,0.00010392954989336001,8.778931221493501e-05,9.506745184781358e-05,9.355218578231064e-05
1917,0.00010509669287691621,8.712962072186163e-05,9.494502907580994e-05,9.323212096557296e-05
1918,0.00010381887431262355,8.679770307967696e-05,9.575280958108888e-05,9.34985339148096e-05
1919,0.0001037232781357189,8.636468867276637e-05,9.401714733626103e-05,9.234451228443007e-05
1920,0.00010425197932754385,8.683322218041607e-05,9.399985961826602e-05,9.340068831713675e-05
1921,0.00010421603742871367,8.598874792949795e-05,9.264093940039513e-05,9.191718266815147e-05
1922,0.00010359593215788937,8.568173925644172e-05,9.502062008059282e-05,9.399087590103376e-05
1923,0.00010213752965223467,8.641045899740696e-05,9.517949088095197e-05,9.327989020551732e-05
1924,0.00010348148860109132,8.533808857665395e-05,9.456236726978638e-05,9.355284736085656e-05
1925,0.00010367418665084361,8.842325131593584e-05,9.382097411411165e-05,9.375080266623624e-05
1926,0.0001034615917173507,8.620285846123054e-05,9.560755814455032e-05,9.178590352666965e-05
1927,0.00010318653679749716,8.518491237140117e-05,9.419955478261636e-05,9.264681773215531e-05
1928,0.00010287981254487806,8.786448094727437e-05,9.349180117498263e-05,9.017106572844843e-05
1929,0.00010289386607338139,8.7147124895557e-05,9.35119575523297e-05,9.206382528700287e-05
1930,0.00010215507817072686,8.473058599442683e-05,9.326679302579608e-05,9.347579671717994e-05
1931,0.0001026618084605006,8.555736723621599e-05,9.490846023249657e-05,9.208502213851701e-05
1932,0.00010342400603987955,8.508511299053772e-05,9.51454511121023e-05,9.203503483274202e-05
1933,0.00010393042616318261,8.748138354897077e-05,9.194295791015382e-05,9.313124940542969e-05
1934,0.0001023839578080993,8.542225631565995e-05,9.322430177048809e-05,9.251886415252857e-05
1935,0.00010330869867762535,8.542091153501108e-05,9.342783608057502e-05,9.21664032330809e-05
1936,0.00010270573049272446,8.460909097839127e-05,9.229301250452653e-05,9.440702732944599e-05
1937,0.00010353656329115862,8.618203109036841e-05,9.311547371238753e-05,9.360349788519609e-05
1938,0.00010255332664697546,8.480420151339509e-05,9.387170797337952e-05,9.211009190275502e-05
1939,0.00010181526873592646,8.673499038478956e-05,9.202433427049466e-05,9.318409523523216e-05
1940,0.0001033378575897057,8.443588773846716e-05,9.163236359303511e-05,9.242914513286466e-05
1941,0.0001022361842077631,8.454482779749636e-05,9.22400362307371e-05,9.12343675736007e-05
1942,0.00010183200010125308,8.451157969325467e-05,9.144376213927968e-05,9.25037990778043e-05
1943,0.00010210612262049678,8.510018342233663e-05,9.378020880807111e-05,9.083860976924623e-05
1944,0.00010234551410345928,8.640686383107556e-05,9.278211986729181e-05,9.27563411150379e-05
1945,0.00010162868359790788,8.57978316850115e-05,9.193694221904585e-05,9.14588444498438e-05
1946,0.00010132173572770176,8.357717029499988e-05,9.32650206925678e-05,9.017928090517354e-05
1947,0.00010142234293972036,8.473544110939984e-05,9.249167136936854e-05,9.242646008360806e-05
1948,0.0001018626262908731,8.508641939218593e-05,9.307016436129207e-05,8.961281024893967e-05
1949,0.00010100839824175577,8.451384764916411e-05,9.087722319764428e-05,9.124225509724677e-05
1950,0.00010246986693064961,8.561615889330113e-05,9.165012348716164e-05,9.084662605958731e-05
1951,0.00010152645868608396,8.474726683105105e-05,9.002549646201332e-05,9.065750915514446e-05
1952,0.00010244356441588852,8.508210936688867e-05,9.156319581928207e-05,9.166493688338254e-05
1953,0.00010102838027354794,8.37798006415506e-05,9.297343535305865e-05,9.083910825404095e-05
1954,0.00010036614582696177,8.339310470116871e-05,9.053125998144465e-05,8.909892021073768e-05
1955,0.00010256844991699324,8.402958448147468e-05,9.125206904568224e-05,9.036566393200348e-05
1956,0.00010110502022970187,8.411092928125341e-05,9.231985020201345e-05,9.033923801700739e-05
1957,0.00010133773807298818,8.392707253544374e-05,9.12882713191962e-05,8.970219859023226e-05
1958,0.0001013503568361379,8.381448512808192e-05,9.15431711761237e-05,8.935093912271083e-05
1959,0.00010011420019880542,8.332209487583802e-05,9.054795393354634e-05,9.020684337108573e-05
1960,0.00010147639366858443,8.503380518551341e-05,9.211941759803194e-05,9.086328227557808e-05
1961,0.00010028768602112456,8.367460498024583e-05,9.232278570434919e-05,9.052747525986508e-05
1962,9.992968088839827e-05,8.50109144556044e-05,9.070141896607438e-05,8.922519404853493e-05
1963,0.00010089390247344061,8.27567972119425e-05,9.038671656474901e-05,9.195956629023662e-05
1964,0.00010055917254171555,8.188176956514213e-05,9.004405129859293e-05,9.050970151308346e-05
1965,0.00010001739229326644,8.391103935837381e-05,8.986373409104514e-05,9.023997602766483e-05
1966,9.967173232114824e-05,8.354232774155176e-05,9.104456289434968e-05,8.994729910511642e-05
1967,9.96808841419759e-05,8.355967958719464e-05,9.090201902976946e-05,8.9679533017837e-05
1968,0.00010022280719269093,8.30261911375035e-05,9.158141138185376e-05,9.026256416181839e-05
1969,9.99686227367775e-05,8.346677795589886e-05,8.986903458231896e-05,8.828674567515365e-05
1970,9.846941706355021e-05,8.382992928528493e-05,8.998199643223936e-05,8.917072144089886e-05
1971,9.880099066098733e-05,8.269570808166644e-05,9.159346697602674e-05,8.896540696250918e-05
1972,9.977897099848953e-05,8.321586038234197e-05,9.232109179132114e-05,8.950500054190454e-05
1973,9.949099058986457e-05,8.277391857140353e-05,8.962226535581924e-05,8.901038058198563e-05
1974,9.93622216283845e-05,8.324574481212176e-05,9.108459136759999e-05,8.918843595892715e-05
1975,9.952144501181677e-05,8.342680389392457e-05,9.066727297376843e-05,8.925218831070409e-05
1976,9.906503609153167e-05,8.334558749727188e-05,9.029313686101431e-05,8.944310688722203e-05
1977,9.849382266328566e-05,8.203559345225677e-05,8.928136673001864e-05,9.046231169287504e-05
1978,0.00010008802485667021,8.265090058288331e-05,8.92793256807546e-05,8.861554597490937e-05
1979,9.868360584381375e-05,8.166964571066161e-05,9.013367945016845e-05,8.891201673901754e-05
1980,9.949279949925857e-05,8.29464122160777e-05,9.038802269974096e-05,8.86328661739712e-05
1981,9.892328108924438e-05,8.296493698417135e-05,8.940526238547633e-05,8.896349535422305e-05
1982,9.87545952932874e-05,8.260246555519407e-05,8.957651759065562e-05,8.838138833584293e-05
1983,9.894098381570316e-05,8.206898296272256e-05,8.938368214455872e-05,8.817861625279007e-05
1984,9.882001932106031e-05,8.140560869887697e-05,8.94042537743017e-05,8.809275821446801e-05
1985,9.92567508269892e-05,8.20909810626501e-05,9.017774754963725e-05,8.767140869176689e-05
1986,9.871627799550144e-05,8.307247351228715e-05,8.998301117268572e-05,8.821262037196661e-05
1987,9.913620523052255e-05,8.156321745526748e-05,9.006918151651878e-05,8.900394464274716e-05
1988,9.832576322721391e-05,8.189212209756705e-05,8.900144214161708e-05,8.889844936726095e-05
1989,9.768043793330106e-05,8.126516278247714e-05,8.989236007191248e-05,8.734776124039417e-05
1990,9.832598565895928e-05,8.177636411847715e-05,8.942112028226556e-05,8.891442239624314e-05
1991,9.760519077030674e-05,8.184178289043289e-05,8.896496887670833e-05,8.754635369118255e-05
1992,9.861721943056686e-05,8.189693222577528e-05,8.889685275274943e-05,8.690509835422895e-05
1993,9.760511112553905e-05,8.149495496251792e-05,8.787428580217749e-05,8.736972600319938e-05
1994,9.789294059402453e-05,8.047479674987668e-05,8.924197094179097e-05,8.92577802892088e-05
1995,9.739407203388128e-05,8.12968671496789e-05,8.835184533300997e-05,8.670131884264527e-05
1996,9.858198702432598e-05,8.126911226439259e-05,8.891051270575779e-05,8.719964128988985e-05
1997,9.784067988214652e-05,8.039068101555433e-05,8.76320377306786e-05,8.678632763428916e-05
1998,9.782903370574783e-05,8.157661072286088e-05,8.882354642641705e-05,8.849171956639618e-05
1999,9.729779504135452e-05,7.988336621684403e-05,8.720006948623184e-05,8.772948583157449e-05
2000,9.781573573742903e-05,8.087878028537511e-05,8.772339027100795e-05,8.67446750153846e-05
2001,9.73883808020763e-05,8.115164336917938e-05,8.835148433829513e-05,8.668761221559332e-05
2002,9.786847571886233e-05,8.053522848860126e-05,8.895675567431458e-05,8.813597833238675e-05
2003,9.76694957515355e-05,7.990800348810131e-05,8.83944189267371e-05,8.732477053342743e-05
2004,9.660806141953571e-05,8.038012433433733e-05,8.776766860823948e-05,8.666789806620394e-05
2005,9.73061084448093e-05,8.010257804721024e-05,8.6908145444991e-05,8.7113352294286e-05
2006,9.645476921140019e-05,8.086365605954888e-05,8.851418531861882e-05,8.673430363223742e-05
2007,9.734921800555192e-05,7.965870386282968e-05,8.595776762281338e-05,8.711118872464666e-05
2008,9.670628718798178e-05,7.92452676097135e-05,8.850154452614256e-05,8.727498854683507e-05
2009,9.714288302130064e-05,7.9938058699435e-05,8.642377136686362e-05,8.707155240622933e-05
2010,9.646353427802552e-05,8.052848572270423e-05,8.740244939064572e-05,8.652326109741796e-05
2011,9.589146051122024e-05,8.005317459826807e-05,8.661449513347286e-05,8.576870607812088e-05
2012,9.646070841078355e-05,8.003600013819705e-05,8.700044149598546e-05,8.619560084666364e-05
2013,9.582877042543205e-05,7.989949062440874e-05,8.690149514498198e-05,8.711605613036048e-05
2014,9.681452740501309e-05,7.936167902770425e-05,8.728457710069491e-05,8.62243056884054e-05
2015,9.670771832819187e-05,8.045452925898053e-05,8.642743356961644e-05,8.705792230801087e-05
2016,9.633823220262116e-05,7.954464297132256e-05,8.676721585536691e-05,8.619245146779729e-05
2017,9.627891073968778e-05,8.065504565732382e-05,8.64228613593449e-05,8.660941697379882e-05
2018,9.538423012896025e-05,7.89860932165031e-05,8.622573783893667e-05,8.796126866809497e-05
2019,9.594544907446531e-05,7.996497139906143e-05,8.683770484014841e-05,8.672908984403495e-05
2020,9.653491501416456e-05,7.811801933189458e-05,8.63918839335096e-05,8.540314112418627e-05
2021,9.501066128005536e-05,7.941035212494555e-05,8.7104829439216e-05,8.496927107967881e-05
2022,9.66695978436715e-05,7.87885506249973e-05,8.629109272966282e-05,8.559693107141154e-05
2023,9.531426424258768e-05,8.011561582546351e-05,8.652266903141096e-05,8.734557871160263e-05
2024,9.59450329883215e-05,8.057704024322523e-05,8.620858889605209e-05,8.580854494052366e-05
2025,9.566870157270009e-05,7.915566244331517e-05,8.68529113416043e-05,8.649297333788124e-05
2026,9.518466230707632e-05,7.938066706905195e-05,8.556939222642371e-05,8.538729883564308e-05
2027,9.556740420498126e-05,7.853735872135794e-05,8.620996014287975e-05,8.49888574694308e-05
2028,9.647800710359708e-05,7.895249625181274e-05,8.603215100328497e-05,8.635334621186228e-05
2029,9.48446027767442e-05,7.917974787498116e-05,8.65958318816363e-05,8.68238641286624e-05
2030,9.563908222593439e-05,7.984682955085812e-05,8.633616021382447e-05,8.585944894730436e-05
2031,9.500711614371663e-05,7.967782889995467e-05,8.69005374845975e-05,8.530031458165738e-05
2032,9.603514842568644e-05,7.923884733313714e-05,8.604883614502503e-05,8.523739934027325e-05
2033,9.564658635762864e-05,7.842916210485862e-05,8.570168112039482e-05,8.591226114485627e-05
2034,9.504810762521057e-05,7.871615725506063e-05,8.56869048174634e-05,8.429548083733756e-05
2035,9.479388728844912e-05,7.846504062953405e-05,8.537961021122142e-05,8.47469829253793e-05
2036,9.51535269037873e-05,7.773115080766187e-05,8.477086571430083e-05,8.512297222148919e-05
2037,9.487208105460511e-05,7.771517844400229e-05,8.550315641336564e-05,8.510756205121052e-05
2038,9.509928239383806e-05,7.936906604378472e-05,8.557062807497186e-05,8.534892060235089e-05
2039,9.447734177502409e-05,7.869371783900788e-05,8.496942812156667e-05,8.47615267875873e-05
2040,9.421537485450246e-05,7.754545761519502e-05,8.429929209465487e-05,8.477914505468248e-05
2041,9.401469156504835e-05,7.79608571353023e-05,8.559910844019007e-05,8.474652957933207e-05
2042,9.504240310335289e-05,7.845683074860756e-05,8.508338178170483e-05,8.539804681273001e-05
2043,9.421493134423489e-05,7.778164042915736e-05,8.502887472413724e-05,8.495405666278766e-05
2044,9.451350741836555e-05,7.780425367451342e-05,8.505415110172547e-05,8.468919258656466e-05
2045,9.478107035776683e-05,7.800577320407582e-05,8.479445887945568e-05,8.416349731758982e-05
2046,9.393855198161911e-05,7.833621222433011e-05,8.486003977432294e-05,8.404379423174188e-05
2047,9.397755801978285e-05,7.758273836764508e-05,8.402535137479043e-05,8.431236707487554e-05
2048,9.30209406235791e-05,7.618947282510307e-05,8.468997653527441e-05,8.44792626163543e-05
2049,9.417419703234127e-05,7.780228738234389e-05,8.484055810356799e-05,8.450558700413634e-05
2050,9.32748740909976e-05,7.758974156807705e-05,8.43851203492327e-05,8.3991867987004e-05
2051,9.369645250303826e-05,7.766550480806267e-05,8.478350847450578e-05,8.442422047876513e-05
2052,9.367888779411563e-05,7.730512424697094e-05,8.441997881814598e-05,8.289133815632066e-05
2053,9.38481173073339e-05,7.739678043391456e-05,8.407761350976597e-05,8.353875316191979e-05
2054,9.378543843139007e-05,7.767185160505424e-05,8.416874894859453e-05,8.309213992223185e-05
2055,9.390363703722615e-05,7.730102643605073e-05,8.448714406595333e-05,8.420626134544316e-05
2056,9.368595347296617e-05,7.686370250693634e-05,8.454084722712987e-05,8.340898751869873e-05
2057,9.352122487112608e-05,7.611822448107212e-05,8.377944940749898e-05,8.31675818469511e-05
2058,9.310887183068984e-05,7.719953034454097e-05,8.385847841196951e-05,8.344285249845749e-05
2059,9.332068584874112e-05,7.684739655827385e-05,8.419785174855228e-05,8.388049830901908e-05
2060,9.300221991163543e-05,7.586075818033703e-05,8.39150437759847e-05,8.380199371860686e-05
2061,9.296705386646763e-05,7.645886807616446e-05,8.404236368643e-05,8.379411836843981e-05
2062,9.296732449420579e-05,7.684025568887158e-05,8.297441290474887e-05,8.316514365621909e-05
2063,9.280324736115326e-05,7.63953764155795e-05,8.384424770718806e-05,8.334048990935446e-05
2064,9.261372518707966e-05,7.66797872314022e-05,8.320649951368886e-05,8.285348867905421e-05
2065,9.16665421654477e-05,7.566281708443202e-05,8.2874950023637e-05,8.243020465061451e-05
2066,9.281425288852595e-05,7.662311902369094e-05,8.259345996275067e-05,8.196992143801233e-05
2067,9.295197966224062e-05,7.702721979049932e-05,8.42176212308964e-05,8.311545759075322e-05
2068,9.265335629348419e-05,7.543784277093956e-05,8.352341617824571e-05,8.311809381714764e-05
2069,9.240217171932028e-05,7.59587264742928e-05,8.338318223244745e-05,8.273757587232617e-05
2070,9.260590062200705e-05,7.614287407655757e-05,8.295189966571137e-05,8.211263343469516e-05
2071,9.258514352830797e-05,7.617113753181158e-05,8.337415163680884e-05,8.259202124001495e-05
2072,9.171501192769349e-05,7.659924359882402e-05,8.220459998205804e-05,8.248841733755327e-05
2073,9.227142832550984e-05,7.563022562914055e-05,8.340858119663692e-05,8.236442137441778e-05
2074,9.162374966619642e-05,7.576585467833932e-05,8.308355668029728e-05,8.19755419554323e-05
2075,9.194291582038374e-05,7.590795479860352e-05,8.277889630524746e-05,8.322551920050323e-05
2076,9.212399369302576e-05,7.503367287099732e-05,8.286581730336894e-05,8.256049022101161e-05
2077,9.16822268155478e-05,7.565367936741436e-05,8.27789370516384e-05,8.118299430851966e-05
2078,9.15695024450281e-05,7.601034678299086e-05,8.238986087996978e-05,8.235761895588764e-05
2079,9.174803882347856e-05,7.578812139723589e-05,8.303447501882686e-05,8.171090126839951e-05
2080,9.168944850081352e-05,7.434596216728917e-05,8.225547134766996e-05,8.238621929529299e-05
2081,9.137501927573347e-05,7.596592416310735e-05,8.303855076771351e-05,8.1436106945961e-05
2082,9.143145279929688e-05,7.534742301485788e-05,8.186762253750392e-05,8.21483190151749e-05
2083,9.157730397693264e-05,7.418614520968242e-05,8.248115576720165e-05,8.159347645215766e-05
2084,9.151241342591133e-05,7.470258787274556e-05,8.184228700617702e-05,8.197131328672477e-05
2085,9.151479991939359e-05,7.468122947666435e-05,8.210856536764966e-05,8.219308883569458e-05
2086,9.129355255988945e-05,7.476445981458734e-05,8.261482067073427e-05,8.181292183232146e-05
2087,9.107642013453325e-05,7.50818746845434e-05,8.229510474159113e-05,8.153980444346989e-05
2088,9.07107727177629e-05,7.505761678705833e-05,8.20394772400659e-05,8.107875009803236e-05
2089,9.06872068152774e-05,7.485470688613373e-05,8.223388081330411e-05,8.142182520790424e-05
2090,9.13196288346735e-05,7.539906946030598e-05,8.26093039399105e-05,8.205750237183878e-05
2091,9.055742071415272e-05,7.480790585652067e-05,8.124387019222959e-05,8.154245706441743e-05
2092,9.053228713687632e-05,7.524402695004258e-05,8.173683139471607e-05,8.130549150845928e-05
2093,9.059160068665862e-05,7.535783562544677e-05,8.17115059827076e-05,8.235248201983793e-05
2094,9.045113525984139e-05,7.514630432908442e-05,8.228873928984654e-05,8.081957120579194e-05
2095,9.063619223510165e-05,7.459808759892202e-05,8.19438645087744e-05,8.076136931464504e-05
2096,9.041456282536561e-05,7.412787139356569e-05,8.217315545375535e-05,8.116587225926246e-05
2097,9.053595636243861e-05,7.540023612456469e-05,8.236716492665418e-05,8.082256198395525e-05
2098,9.064991665280227e-05,7.379594951979845e-05,8.106187301814316e-05,8.136502063699711e-05
2099,8.991586241449874e-05,7.429413998444843e-05,8.160218555257585e-05,8.186678503788126e-05
2100,9.02424408304569e-05,7.39726169971176e-05,8.145046715677287e-05,8.146514749654131e-05
2101,9.020089225182955e-05,7.393994501008082e-05,8.151316245404812e-05,8.063604831524081e-05
2102,9.046594259326318e-05,7.402131551035997e-05,8.067854065794229e-05,8.073620199025783e-05
2103,9.009248043858912e-05,7.457719858129139e-05,8.199747496860941e-05,8.031988830582704e-05
2104,9.015919130325147e-05,7.43970811731984e-05,8.090071217030313e-05,8.092232263106039e-05
2105,8.976278748390973e-05,7.402104775465428e-05,8.07625198989107e-05,8.084087185714958e-05
2106,8.955772999732365e-05,7.302760810243741e-05,8.015127010724234e-05,8.159012352008286e-05
2107,8.987115052688774e-05,7.45685390481654e-05,8.06540404913903e-05,8.066641163233793e-05
2108,8.967938719040262e-05,7.473485076860631e-05,8.029335730679316e-05,8.007568905004748e-05
2109,8.98362348910619e-05,7.352225031799798e-05,8.04602700736998e-05,8.140885660925151e-05
2110,8.942704947283692e-05,7.382318469422373e-05,8.030319589545251e-05,7.976115177796363e-05
2111,9.014927375018e-05,7.336351221482171e-05,8.074473719366244e-05,8.013537018680552e-05
2112,8.957404495338324e-05,7.31958795430938e-05,8.046521562580403e-05,8.030855458073461e-05
2113,8.880852815646014e-05,7.264594140866931e-05,8.07252360766766e-05,8.030487135475698e-05
2114,8.96338221927433e-05,7.336244330620965e-05,8.022046518033697e-05,8.028932587699182e-05
2115,8.88779299208197e-05,7.27471898949496e-05,8.062307196160264e-05,7.958483237976908e-05
2116,8.903139852545918e-05,7.365344797055061e-05,8.042762170950963e-05,8.029184651908631e-05
2117,8.925426732632656e-05,7.308213114353355e-05,8.059860115905078e-05,7.955161132791907e-05
2118,8.878764942284553e-05,7.3257394504509e-05,8.011554638512343e-05,7.97487496826166e-05
2119,8.911357612705921e-05,7.347072837915979e-05,8.02794437666815e-05,8.002747614034175e-05
2120,8.898544169718714e-05,7.264382839874892e-05,7.983710333197072e-05,8.003929217557412e-05
2121,8.919752536266298e-05,7.311206887661101e-05,8.024385271765449e-05,7.980872887901375e-05
2122,8.869960553449684e-05,7.308553063890617e-05,8.03945403706876e-05,7.996686209072739e-05
2123,8.859963931700077e-05,7.298390681022163e-05,7.98934169959744e-05,7.987621933474388e-05
2124,8.888024931627423e-05,7.206136461311241e-05,7.935692854503476e-05,7.871310877443524e-05
2125,8.839426846799288e-05,7.322226824848862e-05,7.932119331877423e-05,7.925168841430255e-05
2126,8.820538574968607e-05,7.307868049598327e-05,7.964087698453762e-05,7.922829541590298e-05
2127,8.781544032063462e-05,7.267938487646117e-05,7.946024905567931e-05,7.903639776687538e-05
2128,8.780366566048954e-05,7.260426024539129e-05,7.884491468743209e-05,7.892378940004429e-05
2129,8.888739361047652e-05,7.284643100480384e-05,7.898604889294025e-05,7.897148592834133e-05
2130,8.854720189344318e-05,7.255790727852742e-05,7.936185320938803e-05,7.867376841929324e-05
2131,8.832451371555247e-05,7.220670710547182e-05,8.012832215201058e-05,7.917478460275586e-05
2132,8.820251794087222e-05,7.297818179404686e-05,7.94958204050562e-05,7.968943352196285e-05
2133,8.839150554554683e-05,7.162362718670545e-05,7.939182288803694e-05,7.878739913681608e-05
2134,8.778615275325158e-05,7.174769102996108e-05,7.906918884639803e-05,7.832372842368037e-05
2135,8.814213551785246e-05,7.27412207249424e-05,7.932903412982379e-05,7.90987596833867e-05
2136,8.794016818762132e-05,7.238813005216313e-05,7.92635328627106e-05,7.874048472951794e-05
2137,8.773304623490328e-05,7.191147575746818e-05,7.89226354199251e-05,7.823738334379494e-05
2138,8.759300400452435e-05,7.22379361784964e-05,7.924406249769891e-05,7.853449150442362e-05
2139,8.725674337771277e-05,7.144723326629298e-05,7.867001935208645e-05,7.802850082242229e-05
2140,8.798331157572288e-05,7.20778327036349e-05,7.901401697545487e-05,7.888519284876753e-05
2141,8.785258430368765e-05,7.163132289410024e-05,7.908350141295002e-05,7.815319044666954e-05
2142,8.754990233616996e-05,7.217661619924213e-05,7.927200819071109e-05,7.837550000183396e-05
2143,8.748152363506077e-05,7.138660722406783e-05,7.900592107375856e-05,7.863864270658952e-05
2144,8.809088176295313e-05,7.157852778870095e-05,7.852954234302519e-05,7.838099014623823e-05
2145,8.735491836307858e-05,7.146930584337792e-05,7.830587632662416e-05,7.84604545052875e-05
2146,8.736821645068648e-05,7.154836282474617e-05,7.84268011137324e-05,7.839333959850876e-05
2147,8.718172026466398e-05,7.173419689784934e-05,7.854882588911791e-05,7.834771332013876e-05
2148,8.719832791978479e-05,7.167208347024158e-05,7.868876608836141e-05,7.827907960203556e-05
2149,8.702834413482645e-05,7.144815795692846e-05,7.775445145855358e-05,7.849573116546975e-05
2150,8.686575488461985e-05,7.20883813803664e-05,7.850381117898494e-05,7.792479199110159e-05
2151,8.703301857878137e-05,7.14490594944718e-05,7.793110498430158e-05,7.852148784167999e-05
2152,8.692035448672687e-05,7.107168385107917e-05,7.784803244329023e-05,7.7639218859952e-05
2153,8.672063674500587e-05,7.054322227119305e-05,7.806565204692934e-05,7.84620064139058e-05
2154,8.69859116041364e-05,7.093233327783002e-05,7.782553444531122e-05,7.771676926527981e-05
2155,8.641802300928961e-05,7.114213253087587e-05,7.791207642930023e-05,7.784284977530194e-05
2156,8.65923761935155e-05,7.095535921745153e-05,7.814417910546694e-05,7.839533705697913e-05
2157,8.615885462839993e-05,7.097291919873962e-05,7.816554050089363e-05,7.736663066688629e-05
2158,8.653416822259468e-05,7.087774381193942e-05,7.819749079605866e-05,7.711839350333476e-05
2159,8.692140567868424e-05,7.091649457632947e-05,7.851139516505437e-05,7.736532727236374e-05
2160,8.696437138536817e-05,7.117212492453808e-05,7.799385926339793e-05,7.785650278567602e-05
2161,8.665757634857605e-05,7.075080670584289e-05,7.73363834675112e-05,7.754776966442812e-05
2162,8.653139088884372e-05,7.122815654035752e-05,7.776203897905642e-05,7.621670671088422e-05
2163,8.636302861490653e-05,7.046142824127065e-05,7.746275282072748e-05,7.726751585896612e-05
2164,8.63854300358411e-05,7.064255242696083e-05,7.719583622826783e-05,7.778006242268011e-05
2165,8.59477634499352e-05,7.076194346965175e-05,7.724845497100133e-05,7.705172776166033e-05
2166,8.61657008173703e-05,7.032163894919564e-05,7.717234750647593e-05,7.733338995845698e-05
2167,8.598492773993443e-05,6.97229284775987e-05,7.776281820648933e-05,7.702073587581771e-05
2168,8.596413075735169e-05,7.001816641990025e-05,7.7236329737556e-05,7.699551403500173e-05
2169,8.583551160405581e-05,7.001741916390471e-05,7.782144167770655e-05,7.72787881040884e-05
2170,8.618548301948185e-05,7.053823424023187e-05,7.714345140713913e-05,7.745590148910038e-05
2171,8.593757648003008e-05,7.03043954950644e-05,7.717340881707869e-05,7.636183886261716e-05
2172,8.603730811427769e-05,7.048881489634363e-05,7.735416547277934e-05,7.688242995917003e-05
2173,8.575995908825204e-05,7.092292318924293e-05,7.722361250036446e-05,7.701489540426915e-05
2174,8.563271681286537e-05,6.967080597540408e-05,7.673823953141968e-05,7.654037627292056e-05
2175,8.523492079945057e-05,7.027334163202826e-05,7.657024877106802e-05,7.726865720845012e-05
2176,8.56030314443701e-05,6.989750172908381e-05,7.716306277529713e-05,7.657644648631388e-05
2177,8.523977747264308e-05,6.966740003770978e-05,7.646754764270366e-05,7.63099402314458e-05
2178,8.556248598906212e-05,6.991645165927508e-05,7.643160485975194e-05,7.711596905410794e-05
2179,8.505560931147037e-05,6.968447451939136e-05,7.683518696088038e-05,7.690037146898479e-05
2180,8.515489010684005e-05,6.934167464553666e-05,7.713186637671861e-05,7.61967724659739e-05
2181,8.483544254382842e-05,6.961458518626215e-05,7.671166182260586e-05,7.620722706638762e-05
2182,8.509414759930132e-05,6.942727797487479e-05,7.637591630108022e-05,7.653350786556076e-05
2183,8.516845371785451e-05,6.947853160426139e-05,7.648519472353781e-05,7.62683751976875e-05
2184,8.523231455003042e-05,6.928191459089945e-05,7.663697311406309e-05,7.61208583211982e-05
2185,8.490292735291312e-05,6.991583800942139e-05,7.613727607659814e-05,7.580832179298838e-05
2186,8.523277602496954e-05,6.904726816063304e-05,7.640435898654071e-05,7.633736900587947e-05
2187,8.485434944937795e-05,6.945812209392251e-05,7.657354605476594e-05,7.629737810449799e-05
2188,8.509442087007373e-05,6.892338284655927e-05,7.620586215610041e-05,7.640926104705671e-05
2189,8.491322924772194e-05,6.91629100116098e-05,7.57197318832021e-05,7.631927617266776e-05
2190,8.524603489863118e-05,6.929234245944897e-05,7.595282823253687e-05,7.575089512513463e-05
2191,8.479890145733896e-05,6.916929762636863e-05,7.615393044566107e-05,7.566111473375308e-05
2192,8.483619740238655e-05,6.903140394250393e-05,7.579357013813073e-05,7.565858188945707e-05
2193,8.44809275657056e-05,6.901268342292964e-05,7.605332802668581e-05,7.563449216231794e-05
2194,8.434927891143145e-05,6.92470111430301e-05,7.600039803714337e-05,7.567962596005711e-05
2195,8.467521182826651e-05,6.915645685102954e-05,7.624731306737774e-05,7.595327117894692e-05
2196,8.411530312546049e-05,6.873358479452485e-05,7.546150706849224e-05,7.555434982035449e-05
2197,8.396900418997459e-05,6.880764321335882e-05,7.53662347024129e-05,7.546216431087645e-05
2198,8.440303071874642e-05,6.910072033013054e-05,7.530132234206643e-05,7.553087589629244e-05
2199,8.40505833337938e-05,6.858931692719329e-05,7.543308619855674e-05,7.503978759042255e-05
2200,8.378683565992085e-05,6.831339552839057e-05,7.546238836308307e-05,7.566825803253183e-05
2201,8.408568745040229e-05,6.873903683780206e-05,7.546944389479698e-05,7.536094547536144e-05
2202,8.390541871367355e-05,6.82035366994342e-05,7.501636077070339e-05,7.538291478579619e-05
2203,8.415232239303992e-05,6.868901049222413e-05,7.588678187563245e-05,7.547227140594072e-05
2204,8.384337777591018e-05,6.859014338115647e-05,7.496456572223098e-05,7.588699382870494e-05
2205,8.404947626410194e-05,6.83146659744226e-05,7.556805642999819e-05,7.504945678064058e-05
2206,8.340304891075842e-05,6.839975927972994e-05,7.53203644323798e-05,7.493730333243268e-05
2207,8.36629128395921e-05,6.800751615955016e-05,7.491344600774783e-05,7.515817444989024e-05
2208,8.350113556159081e-05,6.828287099584307e-05,7.535043662248097e-05,7.496306855180679e-05
2209,8.386489884832472e-05,6.80321755842688e-05,7.505386490793183e-05,7.480476172001956e-05
2210,8.358463382714137e-05,6.797028025775696e-05,7.490717129436183e-05,7.5019110135483e-05
2211,8.333189662339301e-05,6.800639285368329e-05,7.487506177749464e-05,7.509476198191719e-05
2212,8.358406045754772e-05,6.832576951077055e-05,7.510977490362402e-05,7.459893158512014e-05
2213,8.341362740137153e-05,6.794642507305135e-05,7.540139342404297e-05,7.483113547875203e-05
2214,8.3201319036247e-05,6.822743200092945e-05,7.471475975337588e-05,7.454401981034283e-05
2215,8.307449418369346e-05,6.810197888596288e-05,7.488403179893787e-05,7.485217471500504e-05
2216,8.310160645580985e-05,6.71059934657091e-05,7.460205701909378e-05,7.432368712454324e-05
2217,8.330055584226439e-05,6.798476402741819e-05,7.461854773442251e-05,7.477657737235007e-05
2218,8.30807799016804e-05,6.80253494671166e-05,7.465259142943203e-05,7.459962978425316e-05
2219,8.286103439431784e-05,6.793752135996804e-05,7.441321913703855e-05,7.433746457558814e-05
2220,8.296653528003787e-05,6.78455338026396e-05,7.410023653976003e-05,7.439272799256585e-05
2221,8.29342321425259e-05,6.786043153227852e-05,7.419470014314241e-05,7.477846936023505e-05
2222,8.312992840046565e-05,6.769939480394494e-05,7.428358928092947e-05,7.433964616319384e-05
2223,8.29295714535112e-05,6.743337889113482e-05,7.424022816332837e-05,7.37831961727918e-05
2224,8.262370499813081e-05,6.788663140499363e-05,7.416905587571741e-05,7.422751197907814e-05
2225,8.268389088015268e-05,6.741731012381071e-05,7.399128620862645e-05,7.411545601928328e-05
2226,8.265944813817511e-05,6.758185108288912e-05,7.429293459086997e-05,7.413026886832802e-05
2227,8.250049175156647e-05,6.735547293317504e-05,7.373507132221036e-05,7.393309571187348e-05
2228,8.257617400609378e-05,6.773762263558894e-05,7.400274537355364e-05,7.41767837014354e-05
2229,8.234951673578154e-05,6.729286585517359e-05,7.391941122020944e-05,7.390711950528941e-05
2230,8.227876550063922e-05,6.709772684093236e-05,7.379264487525541e-05,7.384434154670384e-05
2231,8.239101780662052e-05,6.701737779622199e-05,7.40446291607395e-05,7.378449081021349e-05
2232,8.22133842234894e-05,6.711723393429263e-05,7.338999494667668e-05,7.33319888813725e-05
2233,8.194629455141107e-05,6.732037455781898e-05,7.342295609038005e-05,7.415911331962477e-05
2234,8.22986219251946e-05,6.698619406164405e-05,7.385351394188268e-05,7.33348448696624e-05
2235,8.176336299236786e-05,6.714372062471867e-05,7.364376777854824e-05,7.360977090635276e-05
2236,8.210272517951786e-05,6.743199509831097e-05,7.37767285664053e-05,7.324131135245883e-05
2237,8.225815185351561e-05,6.730406593723121e-05,7.345436115504152e-05,7.362817529457559e-05
2238,8.219504720596625e-05,6.68037883844718e-05,7.359622764949758e-05,7.36371341849127e-05
2239,8.191560564209266e-05,6.721310738183572e-05,7.369836034232808e-05,7.310906584557444e-05
2240,8.1685788309126e-05,6.675965208635731e-05,7.345742562950077e-05,7.333835914889511e-05
2241,8.168705553911235e-05,6.701689653929172e-05,7.318529827053472e-05,7.35132110975998e-05
2242,8.172026517401489e-05,6.648374769074658e-05,7.338396964554845e-05,7.37771638080757e-05
2243,8.178059555060118e-05,6.648739717336946e-05,7.354799310513771e-05,7.340566003813018e-05
2244,8.188710195583953e-05,6.632414188892393e-05,7.314885608642507e-05,7.300747391511277e-05
2245,8.16616981196575e-05,6.643391763887121e-05,7.341367687932793e-05,7.321456472804694e-05
2246,8.131086391955706e-05,6.65306264349147e-05,7.30212751417668e-05,7.315271003561638e-05
2247,8.130359791727306e-05,6.636655123291434e-05,7.324887402572356e-05,7.281152858875739e-05
2248,8.144443499577382e-05,6.640886756958837e-05,7.27407772463951e-05,7.371902376008345e-05
2249,8.147001118787776e-05,6.679334503916531e-05,7.275892490933728e-05,7.285913190161249e-05
2250,8.134001780140381e-05,6.581709407062215e-05,7.321175905451542e-05,7.296349566780163e-05
2251,8.125383797037389e-05,6.601444212084244e-05,7.269705563442053e-05,7.298551769674614e-05
2252,8.140678307943677e-05,6.64256743372972e-05,7.28969907332388e-05,7.25731039271261e-05
2253,8.129773416544359e-05,6.604321545493206e-05,7.269963378758667e-05,7.300410735547017e-05
2254,8.117424724578932e-05,6.588398971274639e-05,7.255685324241528e-05,7.293450995386392e-05
2255,8.116759478910382e-05,6.62914827566793e-05,7.285973243510801e-05,7.23039070413083e-05
2256,8.101329944015825e-05,6.580134428626383e-05,7.251247659569043e-05,7.205362024026083e-05
2257,8.113425144811464e-05,6.579018348484051e-05,7.25330658416609e-05,7.282824227905716e-05
2258,8.085872136987685e-05,6.62455610908286e-05,7.25319506296449e-05,7.237734094260209e-05
2259,8.073259411622915e-05,6.563782724056424e-05,7.259390772029303e-05,7.251440205338251e-05
2260,8.094267414800265e-05,6.595987957978623e-05,7.279632883886839e-05,7.275055836656211e-05
2261,8.067591106589888e-05,6.591860082503972e-05,7.211166775360237e-05,7.270498463040895e-05
2262,8.078735658006404e-05,6.575300166745152e-05,7.263026888380933e-05,7.258397397823996e-05
2263,8.05842659726938e-05,6.574589860977667e-05,7.227371214402404e-05,7.258746523842305e-05
2264,8.086928191670851e-05,6.602951022697189e-05,7.208481922126309e-05,7.194620650201921e-05
2265,8.039124690383896e-05,6.583861077837787e-05,7.20700739668503e-05,7.253128155335939e-05
2266,8.033964123738602e-05,6.555466005140865e-05,7.25790706228382e-05,7.23123606045702e-05
2267,8.030027070774652e-05,6.572939462686483e-05,7.206283679780146e-05,7.204268327108229e-05
2268,8.047984799125188e-05,6.522864257092908e-05,7.181001793575857e-05,7.207402993290411e-05
2269,8.001629318788558e-05,6.544095674508971e-05,7.183265672143256e-05,7.211208095560312e-05
2270,8.021825887824028e-05,6.537201395761491e-05,7.193256886937538e-05,7.196732868282161e-05
2271,8.032066264391453e-05,6.499052487949088e-05,7.209773904770941e-05,7.184826920175803e-05
2272,8.014154227789902e-05,6.532966800784032e-05,7.172292580079645e-05,7.200666990379953e-05
2273,8.007066884155503e-05,6.529456730567028e-05,7.15326343367565e-05,7.171823813317016e-05
2274,8.02863137574801e-05,6.497090270131033e-05,7.200910549597137e-05,7.159014499305092e-05
2275,8.024216618819096e-05,6.52060999170369e-05,7.157566305722591e-05,7.169127563434281e-05
2276,7.98064333261053e-05,6.503561342268728e-05,7.16456916740168e-05,7.187935506338503e-05
2277,8.004612707682341e-05,6.47596152302943e-05,7.146532602783115e-05,7.170116364528822e-05
2278,7.999748377411506e-05,6.478860994528002e-05,7.167098761694432e-05,7.164593761075916e-05
2279,7.983698103948696e-05,6.477005462401755e-05,7.166311701323888e-05,7.171220645770279e-05
2280,7.96180676487882e-05,6.44972022537763e-05,7.138271483364566e-05,7.109993924925509e-05
2281,7.969909378475878e-05,6.501121633839404e-05,7.150368406871046e-05,7.134961124881343e-05
2282,7.970164076832305e-05,6.478326765272708e-05,7.139364689501238e-05,7.134851208771462e-05
2283,7.987770345563293e-05,6.482835562261848e-05,7.141060520758538e-05,7.117368354054153e-05
2284,7.96469989836483e-05,6.469417813905306e-05,7.119448707267582e-05,7.129417452462466e-05
2285,7.939139450316856e-05,6.454747387179666e-05,7.111548876704608e-05,7.13003358883908e-05
2286,7.949840340950756e-05,6.494615137830396e-05,7.085738454351836e-05,7.124813177104215e-05
2287,7.914355371023868e-05,6.431959787940552e-05,7.103963231968904e-05,7.136900555732278e-05
2288,7.95246257579108e-05,6.455279595805529e-05,7.055134359964888e-05,7.126736751135717e-05
2289,7.962104513321938e-05,6.439821587778969e-05,7.093781985235532e-05,7.093949789950816e-05
2290,7.941628185408975e-05,6.475209358429768e-05,7.127034276121871e-05,7.111141998256899e-05
2291,7.898080894178208e-05,6.442199735013694e-05,7.078041338086213e-05,7.083746539803433e-05
2292,7.915989028499326e-05,6.426850801136124e-05,7.081599861083918e-05,7.120744137736413e-05
2293,7.888475764075772e-05,6.43356661816143e-05,7.089643982353265e-05,7.071620751695583e-05
2294,7.915055242718782e-05,6.422630967164342e-05,7.071237273268824e-05,7.103722873265554e-05
2295,7.899255137052865e-05,6.434705507195458e-05,7.064009576600467e-05,7.084820709803556e-05
2296,7.897198054896106e-05,6.476890672815073e-05,7.087110577545078e-05,7.085277108232137e-05
2297,7.881807982359784e-05,6.427559196818986e-05,7.055663045859118e-05,7.055997864099336e-05
2298,7.881499619025017e-05,6.375253981957003e-05,7.013528039519954e-05,7.118785506615694e-05
2299,7.887607367995246e-05,6.409083333505557e-05,7.024522811279863e-05,7.038062875548324e-05
2300,7.881346489293406e-05,6.348524495734104e-05,7.041407075209183e-05,7.09829635929934e-05
2301,7.888561561262181e-05,6.424929752295541e-05,7.023387713384933e-05,7.05383618482948e-05
2302,7.863345889303462e-05,6.377890693430143e-05,7.022196675200273e-05,7.053029781814519e-05
2303,7.852466521975337e-05,6.370660274073333e-05,7.07008372880099e-05,7.053024409327792e-05
2304,7.862638019048206e-05,6.377842305812667e-05,7.047880405127459e-05,7.05673144439504e-05
2305,7.85018828110581e-05,6.366265189618231e-05,7.0073039482911e-05,7.055493892409825e-05
2306,7.838122435079972e-05,6.361922570478963e-05,7.021917157630644e-05,7.037313759337658e-05
2307,7.852228607012583e-05,6.385611361956312e-05,6.976454540774192e-05,7.027634053760943e-05
2308,7.871318080863093e-05,6.374553184657097e-05,7.018470715773512e-05,7.017004565224085e-05
2309,7.855546289917904e-05,6.346703582361134e-05,6.988420410300163e-05,6.992948864945822e-05
2310,7.840587671286018e-05,6.368997335123326e-05,7.000280656094128e-05,7.011827552814453e-05
2311,7.814885666397668e-05,6.353215842052911e-05,6.988594262034003e-05,6.999183177634618e-05
2312,7.801333039873364e-05,6.367410808801268e-05,6.996702517435886e-05,6.995679209107245e-05
2313,7.808049099645494e-05,6.360542234309867e-05,6.97789812282557e-05,6.986543008422503e-05
2314,7.78109464264032e-05,6.366355136737467e-05,6.96846702333957e-05,6.983668307827327e-05
2315,7.786002973397754e-05,6.341062229217886e-05,6.986146635939579e-05,7.009480839879322e-05
2316,7.792008191126358e-05,6.362600600935228e-05,6.944413969413015e-05,6.983276273267175e-05
2317,7.777156592131445e-05,6.333382035027415e-05,6.936648572457632e-05,6.973213256468193e-05
2318,7.798639069309582e-05,6.346336399264631e-05,6.950145246110192e-05,6.981793593689645e-05
2319,7.776297852947639e-05,6.311487128971282e-05,6.96460552118424e-05,6.972969589783097e-05
2320,7.781639138235806e-05,6.326463367714453e-05,6.970790206821504e-05,6.99240162416755e-05
2321,7.767199643719424e-05,6.326175235203216e-05,6.948465229662421e-05,6.931656054739856e-05
2322,7.763593760747218e-05,6.272954884932142e-05,6.943284808147799e-05,6.995043392657117e-05
2323,7.785918397289586e-05,6.313478246557813e-05,6.925913100575205e-05,6.97097707019949e-05
2324,7.765000453032805e-05,6.282230200003475e-05,6.951533546418711e-05,6.961191250492829e-05
2325,7.743456425055685e-05,6.286868054685633e-05,6.913912849428962e-05,6.927530537650947e-05
2326,7.745576955541567e-05,6.278971674816668e-05,6.944904773299101e-05,6.944527767371093e-05
2327,7.747914613915218e-05,6.265691668996293e-05,6.925595098649607e-05,6.953380248852303e-05
2328,7.72511389233122e-05,6.275240545087514e-05,6.9245139124319e-05,6.951805794383439e-05
2329,7.736985219688378e-05,6.275245243767189e-05,6.887227633659147e-05,6.915490060571934e-05
2330,7.722713981931235e-05,6.289730718703565e-05,6.930024859499793e-05,6.938005426592803e-05
2331,7.724118372068454e-05,6.283379088718802e-05,6.91601134265885e-05,6.924413662750546e-05
2332,7.728254536506467e-05,6.263880899060391e-05,6.90576230565639e-05,6.919713929253232e-05
2333,7.728744277128942e-05,6.246685088529891e-05,6.911524007307313e-05,6.918717652776059e-05
2334,7.714454516338501e-05,6.241584326520413e-05,6.889603759377679e-05,6.897687978038306e-05
2335,7.71439067316689e-05,6.245040426112608e-05,6.918840182583425e-05,6.932401567677246e-05
2336,7.69210210123211e-05,6.253059382541882e-05,6.85925307705732e-05,6.921235053956877e-05
2337,7.688397227361889e-05,6.24643514643188e-05,6.886060600384941e-05,6.881896285023898e-05
2338,7.694157939966149e-05,6.228158589271208e-05,6.84785223552395e-05,6.882696942724389e-05
2339,7.69583918258633e-05,6.242492294075239e-05,6.842877292285402e-05,6.887401210558969e-05
2340,7.68877791346456e-05,6.225769419722338e-05,6.898434162179413e-05,6.843196701779463e-05
2341,7.690055913956426e-05,6.23315690283434e-05,6.853537904446202e-05,6.854816064808097e-05
2342,7.672359090748741e-05,6.243276546174996e-05,6.850685088113828e-05,6.869626878927173e-05
2343,7.69128311159632e-05,6.211383767700818e-05,6.875982642143611e-05,6.854764489344054e-05
2344,7.667159089031741e-05,6.233913624486413e-05,6.877130839667947e-05,6.904019664910476e-05
2345,7.658717161419169e-05,6.205656196280938e-05,6.838391467295246e-05,6.874279693313748e-05
2346,7.643140667904934e-05,6.204588894489134e-05,6.862788382950067e-05,6.86456682107332e-05
2347,7.651303038263521e-05,6.179644892285613e-05,6.821958393189488e-05,6.855149328652393e-05
2348,7.634504157739984e-05,6.178247817009377e-05,6.855483627028096e-05,6.85541270925455e-05
2349,7.642093885696749e-05,6.176521954237351e-05,6.82813783242669e-05,6.833201491543173e-05
2350,7.621798275047732e-05,6.207454587594268e-05,6.848644248759119e-05,6.845325779152321e-05
2351,7.652283319222616e-05,6.191098861191727e-05,6.810213015557929e-05,6.837311748710809e-05
2352,7.603853075333942e-05,6.180119423391336e-05,6.808351318765339e-05,6.826625835257639e-05
2353,7.615016693261891e-05,6.178659274339291e-05,6.798525666506252e-05,6.807473964177626e-05
2354,7.611609836228282e-05,6.184489436888018e-05,6.793747953876235e-05,6.835565091216659e-05
2355,7.599717709859222e-05,6.166291789886926e-05,6.794356504707168e-05,6.825634936636007e-05
2356,7.598444007428854e-05,6.150177604979697e-05,6.76983221729128e-05,6.820326648115162e-05
2357,7.593847275743943e-05,6.15934735353122e-05,6.761882312439649e-05,6.809726106844931e-05
2358,7.612609272865248e-05,6.167727208830837e-05,6.792386233348508e-05,6.816723785215483e-05
2359,7.607949545472828e-05,6.156232337733896e-05,6.75162917364742e-05,6.827379843772594e-05
2360,7.577064957704348e-05,6.162917771183424e-05,6.764819344706011e-05,6.82171862806641e-05
2361,7.585962139648432e-05,6.14866135895977e-05,6.772844144449126e-05,6.81268329649153e-05
2362,7.58453224252773e-05,6.136466585511415e-05,6.777209778937161e-05,6.791386062605207e-05
2363,7.582958981384616e-05,6.150605786613971e-05,6.76218933634839e-05,6.794554999646504e-05
2364,7.582529371115053e-05,6.155517491403018e-05,6.756797920772562e-05,6.766869443240905e-05
2365,7.582004296406816e-05,6.124405345400119e-05,6.748498395994237e-05,6.793582702489765e-05
2366,7.579275999507343e-05,6.118479528376525e-05,6.75492361114867e-05,6.756482316119141e-05
2367,7.548678503716364e-05,6.118436185281978e-05,6.726983848058922e-05,6.744783811626029e-05
2368,7.543330253451602e-05,6.108569079243052e-05,6.75572654355894e-05,6.775679931155185e-05
2369,7.529365330243911e-05,6.130074114688505e-05,6.734467130231743e-05,6.764366129750442e-05
2370,7.549488683537044e-05,6.113520279495752e-05,6.716403965631872e-05,6.749937032027943e-05
2371,7.534282535370563e-05,6.0999337087131716e-05,6.733847940941195e-05,6.742229311340992e-05
2372,7.543125082834131e-05,6.112256509213323e-05,6.731345563918702e-05,6.755745405993004e-05
2373,7.53029960179924e-05,6.112325736631938e-05,6.708468072394636e-05,6.734184182978862e-05
2374,7.51160362778989e-05,6.10921082673965e-05,6.72661460001016e-05,6.723686414959558e-05
2375,7.519720120649139e-05,6.083616655175708e-05,6.702765811622418e-05,6.712517938649529e-05
2376,7.516938793476882e-05,6.083083828105522e-05,6.737628680734208e-05,6.772478225741712e-05
2377,7.504852359778904e-05,6.072824685526978e-05,6.70328939673673e-05,6.738690193116479e-05
2378,7.490517685605191e-05,6.085060526873366e-05,6.705949194877144e-05,6.72478029467482e-05
2379,7.507157698264344e-05,6.090740512723887e-05,6.662326190136141e-05,6.746445111285503e-05
2380,7.503256823325596e-05,6.0674427718754595e-05,6.681388487020158e-05,6.710558530237951e-05
2381,7.503209314743717e-05,6.0841216548269e-05,6.672925156914555e-05,6.721561623525687e-05
2382,7.48514467077645e-05,6.059256423040605e-05,6.669594335318964e-05,6.719757841530787e-05
2383,7.485579826240981e-05,6.0385597015210474e-05,6.674755503610764e-05,6.724752366496175e-05
2384,7.472349515286894e-05,6.059092666815149e-05,6.685751987291581e-05,6.709738327188614e-05
2385,7.462097606628521e-05,6.057663550713731e-05,6.667507775919312e-05,6.677116399281512e-05
2386,7.450499846121692e-05,6.054364297924279e-05,6.643517241654854e-05,6.714064872312132e-05
2387,7.466919674588525e-05,6.070475752691942e-05,6.683014038886446e-05,6.692137946794253e-05
2388,7.454826826697651e-05,6.051864670547298e-05,6.65282767393003e-05,6.683498904975986e-05
2389,7.43436966008286e-05,6.039458290625402e-05,6.625006354948102e-05,6.679144993052356e-05
2390,7.44294188860954e-05,6.040100170246199e-05,6.626944101059896e-05,6.697666109367987e-05
2391,7.449463278040184e-05,6.032896983923127e-05,6.635267154159805e-05,6.694640850783698e-05
2392,7.449825791032087e-05,6.0094770358427884e-05,6.651200115373823e-05,6.674021865580484e-05
2393,7.444568418116675e-05,6.0166141734784905e-05,6.64887922937015e-05,6.669181584095701e-05
2394,7.427136729903386e-05,6.0182013025753945e-05,6.610421660069077e-05,6.68159983196453e-05
2395,7.434894300312439e-05,6.000429576078092e-05,6.634345791673368e-05,6.684944350212e-05
2396,7.435106375888452e-05,6.005128029207803e-05,6.624504821613649e-05,6.668395410166226e-05
2397,7.403723024656221e-05,6.001349799634615e-05,6.616367427061704e-05,6.662766249162308e-05
2398,7.425366688010343e-05,6.002424634079864e-05,6.610777163684663e-05,6.622814274297254e-05
2399,7.402686881968072e-05,5.996883644034184e-05,6.621811316997144e-05,6.634288040868421e-05
2400,7.402966317960039e-05,5.984823009229321e-05,6.618390062808846e-05,6.61754649058851e-05
2401,7.402148564761026e-05,5.976259073236185e-05,6.600554759779265e-05,6.635528458829856e-05
2402,7.415097288737185e-05,5.9721151562588604e-05,6.602974994264985e-05,6.63668659462315e-05
2403,7.400050871071964e-05,5.980077917904655e-05,6.607704988477343e-05,6.624678701618803e-05
2404,7.385965989937717e-05,5.96251411549154e-05,6.56369519540199e-05,6.629213862485405e-05
2405,7.365190097739308e-05,5.98271815846105e-05,6.596240172005952e-05,6.626341361788011e-05
2406,7.384513263847884e-05,5.956977315250346e-05,6.582110063186117e-05,6.609297541396708e-05
2407,7.367695364240395e-05,5.977008209997313e-05,6.568504127451278e-05,6.625209325067553e-05
2408,7.38880202261319e-05,5.962315948314427e-05,6.569272705332345e-05,6.625634288622789e-05
2409,7.37806443775474e-05,5.962950320779858e-05,6.57108816733358e-05,6.607765269852112e-05
2410,7.368544236594068e-05,5.964775003904653e-05,6.55732816189324e-05,6.604405335163642e-05
2411,7.362421172609698e-05,5.940264682077987e-05,6.577411291039162e-05,6.604519635775828e-05
2412,7.356360106658816e-05,5.9471557287807054e-05,6.57752961539687e-05,6.592168001019439e-05
2413,7.359120704685304e-05,5.9293130326771635e-05,6.574554310959416e-05,6.58790928660436e-05
2414,7.349724678537036e-05,5.932780769358088e-05,6.53854123873408e-05,6.59931862924908e-05
2415,7.335203042139015e-05,5.9180708784354545e-05,6.528665826055508e-05,6.594635533700945e-05
2416,7.336135841616001e-05,5.921207171479682e-05,6.539174108370552e-05,6.586969547977718e-05
2417,7.325596450141174e-05,5.942950727651659e-05,6.547919691181587e-05,6.587187457185689e-05
2418,7.334861019571982e-05,5.926325689754856e-05,6.526820118161065e-05,6.55614914089502e-05
2419,7.334487986765119e-05,5.9456993117315206e-05,6.537524982705881e-05,6.541344385829612e-05
2420,7.322544930545275e-05,5.923851340618758e-05,6.53051455561372e-05,6.563760616553935e-05
2421,7.313586170339245e-05,5.9137926724914296e-05,6.522102780716165e-05,6.567649599515215e-05
2422,7.318697212353846e-05,5.911799502578194e-05,6.513678175752235e-05,6.543846170079673e-05
2423,7.317027659002896e-05,5.882446116225618e-05,6.509600104822698e-05,6.554943898157069e-05
2424,7.326887228292786e-05,5.896120036823471e-05,6.512198942912392e-05,6.54595682607811e-05
2425,7.306062680115239e-05,5.88025381860923e-05,6.496977467139805e-05,6.5616134872225e-05
2426,7.292469210461276e-05,5.879974678986974e-05,6.496586477703603e-05,6.540168491943473e-05
2427,7.299590873242044e-05,5.900740332369395e-05,6.49559672049229e-05,6.54375624941045e-05
2428,7.285767193655322e-05,5.877246875609029e-05,6.480492368032038e-05,6.524469674736624e-05
2429,7.278087620136281e-05,5.882452799644875e-05,6.474920189868058e-05,6.507586260540525e-05
2430,7.27395205308954e-05,5.8821877694187e-05,6.471463731744047e-05,6.522004928650904e-05
2431,7.282247573027019e-05,5.8868541648368586e-05,6.494321075611328e-05,6.528938377997609e-05
2432,7.268858599061521e-05,5.881827195686283e-05,6.475010414937779e-05,6.521229041765761e-05
2433,7.255820476487765e-05,5.871602302636945e-05,6.474388087205077e-05,6.51939985660673e-05
2434,7.282542048819443e-05,5.8665947934072276e-05,6.466582483611649e-05,6.518800333218773e-05
2435,7.262341268057123e-05,5.844512129582517e-05,6.471969065709602e-05,6.5154801891794e-05
2436,7.27120243161169e-05,5.8547395528474556e-05,6.485317271909101e-05,6.488691228594793e-05
2437,7.253376565869207e-05,5.839184122966647e-05,6.472809568018514e-05,6.498636237775484e-05
2438,7.241455368023995e-05,5.840400086123863e-05,6.45455971049122e-05,6.483701503910759e-05
2439,7.245395423406526e-05,5.856033549289485e-05,6.452837551872647e-05,6.48591502392056e-05
2440,7.237352336728593e-05,5.840663296245187e-05,6.442950315394512e-05,6.486069712881576e-05
2441,7.216953371166184e-05,5.845865873932241e-05,6.445832707059608e-05,6.477300248529115e-05
2442,7.232845929398383e-05,5.835606847769076e-05,6.432340546168827e-05,6.473664261004808e-05
2443,7.209792972473163e-05,5.8424416072763145e-05,6.447305571996658e-05,6.451603653604532e-05
2444,7.233404558147385e-05,5.821114871991746e-05,6.435560239227218e-05,6.477232949982068e-05
2445,7.209886236853731e-05,5.819146831721794e-05,6.42967131928441e-05,6.47502947413505e-05
2446,7.195632145248742e-05,5.810633525998032e-05,6.420704162901904e-05,6.457286037054589e-05
2447,7.198756874053014e-05,5.815191729438887e-05,6.428990970908135e-05,6.443101058533677e-05
2448,7.214304098477874e-05,5.8132110164157776e-05,6.402216985329453e-05,6.438247794363788e-05
2449,7.204960723980254e-05,5.8132279752708905e-05,6.425289417423728e-05,6.462119501828416e-05
2450,7.19086946526258e-05,5.811200534982033e-05,6.406328437332499e-05,6.43090061398733e-05
2451,7.194104468256499e-05,5.78736701101255e-05,6.409854078256994e-05,6.468825190342778e-05
2452,7.198580168015037e-05,5.7991871295707235e-05,6.400837090648395e-05,6.435451074628145e-05
2453,7.186097697367055e-05,5.8114790287424626e-05,6.400633066244324e-05,6.43911681372404e-05
2454,7.171255954204077e-05,5.791909015780879e-05,6.395779034822293e-05,6.428891310736811e-05
2455,7.189618520543122e-05,5.7928928213012154e-05,6.377527824536297e-05,6.445579440305634e-05
2456,7.178300252356235e-05,5.7791641785621964e-05,6.381451385109339e-05,6.401344811324918e-05
2457,7.159895725873387e-05,5.7786320637079935e-05,6.375870724291043e-05,6.424135458501612e-05
2458,7.168421395335823e-05,5.766593294464835e-05,6.380723583654312e-05,6.430311784255947e-05
2459,7.158562065216115e-05,5.7942406699433864e-05,6.367897594243255e-05,6.419276104452106e-05
2460,7.147404785740624e-05,5.7534665436377504e-05,6.3613770467678e-05,6.413972382024043e-05
2461,7.149761820404973e-05,5.7677559670969315e-05,6.35418592991649e-05,6.418925900947193e-05
2462,7.151456312788374e-05,5.783216145210001e-05,6.366642234973998e-05,6.40464661619312e-05
2463,7.160013330748524e-05,5.754842421502125e-05,6.363526143586296e-05,6.393707555339674e-05
2464,7.133336771102927e-05,5.7420668163682236e-05,6.359391191235354e-05,6.383284992429108e-05
2465,7.13057887500083e-05,5.759329182209985e-05,6.36420567903729e-05,6.379825140690754e-05
2466,7.127668933783679e-05,5.739601775648914e-05,6.352649713671004e-05,6.391061658621942e-05
2467,7.142548304646803e-05,5.756969665571035e-05,6.354681652480674e-05,6.39871787765814e-05
2468,7.119982207069294e-05,5.740171394529758e-05,6.344040641483985e-05,6.375785646418568e-05
2469,7.114931567074682e-05,5.7275480050444745e-05,6.34008402816285e-05,6.388536945795706e-05
2470,7.105567610708272e-05,5.730873859159897e-05,6.330460138900725e-05,6.386831568146006e-05
2471,7.115909741266356e-05,5.737734188358149e-05,6.320143916623493e-05,6.374774990357374e-05
2472,7.113694876071549e-05,5.7263818368562055e-05,6.310053146913755e-05,6.357405414373843e-05
2473,7.095554171469902e-05,5.728333870347772e-05,6.312321761151656e-05,6.356328998456203e-05
2474,7.086043969418226e-05,5.7229717319506586e-05,6.310585222521736e-05,6.37854457329147e-05
2475,7.100918189993661e-05,5.7322910402824604e-05,6.328156151390682e-05,6.354775972124646e-05
2476,7.093980521184168e-05,5.6984884831417285e-05,6.318445862163169e-05,6.356851314666303e-05
2477,7.097905888639843e-05,5.7195566630612416e-05,6.310722900824317e-05,6.352976580817106e-05
2478,7.086276641490748e-05,5.713439068191588e-05,6.285149814681401e-05,6.331544779803792e-05
2479,7.08893360818408e-05,5.70358539066208e-05,6.295146636046393e-05,6.332142646194853e-05
2480,7.075543410079616e-05,5.7141577133433404e-05,6.287219313652854e-05,6.352156649380441e-05
2481,7.073274158914811e-05,5.709644401082197e-05,6.288948244525474e-05,6.357764876077621e-05
2482,7.072634516695735e-05,5.715707833740443e-05,6.286202950285722e-05,6.3250866775466e-05
2483,7.067230339523202e-05,5.6870945785998e-05,6.302161722052325e-05,6.333770923403563e-05
2484,7.065107570853507e-05,5.689422844525079e-05,6.291626929507203e-05,6.323282764665655e-05
2485,7.053658496590623e-05,5.6845452909010136e-05,6.29783084535153e-05,6.321105531490134e-05
2486,7.060769331926238e-05,5.680364362718362e-05,6.25943285993918e-05,6.32896999359789e-05
2487,7.048942246410356e-05,5.6850729921527544e-05,6.274538781534601e-05,6.310718112164476e-05
2488,7.0393758363557e-05,5.675105403723021e-05,6.259988210389594e-05,6.324006641079076e-05
2489,7.050154548146589e-05,5.6814883857709436e-05,6.259760087674041e-05,6.321903677044371e-05
2490,7.029138294079514e-05,5.662013473921815e-05,6.260778390021105e-05,6.287809374965932e-05
2491,7.021144797136825e-05,5.663181574967337e-05,6.245425866317406e-05,6.304686467391562e-05
2492,7.025652944605071e-05,5.655787417753539e-05,6.250313907807696e-05,6.300249800543418e-05
2493,7.014920517839032e-05,5.646620105892849e-05,6.240197046653392e-05,6.29262344665194e-05
2494,7.02254352647512e-05,5.647997954358353e-05,6.247288146074803e-05,6.291225440282029e-05
2495,7.017499513863377e-05,5.636017068410268e-05,6.23795936312274e-05,6.296218023442637e-05
2496,7.02679796197035e-05,5.641146327034872e-05,6.232788763830975e-05,6.285609293034525e-05
2497,7.009832340354214e-05,5.642763377692939e-05,6.221892629488787e-05,6.285081451187637e-05
2498,7.013948724297335e-05,5.64680257671906e-05,6.221077060245785e-05,6.272255082957305e-05
2499,6.996559871050312e-05,5.6428673512186136e-05,6.223666675987902e-05,6.28098421405853e-05
2500,6.99188921964936e-05,5.6410736804007384e-05,6.225755984321981e-05,6.265785690701723e-05
2501,6.989962652062229e-05,5.619675286303602e-05,6.20876801841487e-05,6.25910262097315e-05
2502,6.98242050358362e-05,5.629484774693153e-05,6.219479410052734e-05,6.253315768130602e-05
2503,6.984350961172341e-05,5.621743214742021e-05,6.205569687860669e-05,6.247261273870894e-05
2504,6.978381318167376e-05,5.6231784265214603e-05,6.204036706879914e-05,6.26093482421779e-05
2505,6.972081929243579e-05,5.6117859880472935e-05,6.210121421382252e-05,6.265697503209928e-05
2506,6.968392605739967e-05,5.6051007688800195e-05,6.206104876598259e-05,6.242039042464907e-05
2507,6.965074395488982e-05,5.5969348342223955e-05,6.189451718202651e-05,6.260188649197194e-05
2508,6.96210648354078e-05,5.5957776387742195e-05,6.18655146021027e-05,6.237103341096906e-05
2509,6.95406404533854e-05,5.613961923849345e-05,6.20304823938529e-05,6.246882150241195e-05
2510,6.956780635911564e-05,5.61060432082718e-05,6.187795407196888e-05,6.229348553187312e-05
2511,6.954391840738966e-05,5.594166176230934e-05,6.190989532524905e-05,6.228460720962987e-05
2512,6.953771485856321e-05,5.585280280252796e-05,6.182119687740375e-05,6.228240197692094e-05
2513,6.94909557867392e-05,5.587615481380779e-05,6.159639762625924e-05,6.229289249642741e-05
2514,6.943166436357408e-05,5.591832231490232e-05,6.185115168381197e-05,6.220341217444434e-05
2515,6.941743214010165e-05,5.567440602687229e-05,6.152853703807803e-05,6.213763443618911e-05
2516,6.929725398833103e-05,5.584074261957177e-05,6.166020442054371e-05,6.217352349085936e-05
2517,6.927781950739647e-05,5.576117605032311e-05,6.156659324303746e-05,6.214584792850524e-05
2518,6.92560247941054e-05,5.5609850018588796e-05,6.159963936130102e-05,6.207206033017667e-05
2519,6.92703167188667e-05,5.569162127883455e-05,6.141715020451269e-05,6.198446989034149e-05
2520,6.914722554313456e-05,5.544342768588521e-05,6.144884612071986e-05,6.217687917081525e-05
2521,6.9157870294001e-05,5.558808366073378e-05,6.144599852061258e-05,6.202040535924956e-05
2522,6.919971850568693e-05,5.565602139507586e-05,6.146608405810893e-05,6.197514925131347e-05
2523,6.907929124455043e-05,5.551627947971481e-05,6.138848391764618e-05,6.187358069368698e-05
2524,6.898483652502827e-05,5.552094180939075e-05,6.132815147589794e-05,6.189880001751318e-05
2525,6.897253290036716e-05,5.542504000763123e-05,6.123796385533677e-05,6.191312919983004e-05
2526,6.886684139729414e-05,5.542772287184288e-05,6.118075093150949e-05,6.193670693630578e-05
2527,6.889551715104394e-05,5.522307231589007e-05,6.12261002159064e-05,6.177111974060825e-05
2528,6.892182163924942e-05,5.540134471681268e-05,6.117422276303207e-05,6.181486763280469e-05
2529,6.874677380685352e-05,5.5401682215850564e-05,6.129390980890832e-05,6.16614472306072e-05
2530,6.888723536780838e-05,5.516108693419924e-05,6.104246102053516e-05,6.165624743286124e-05
2531,6.876972011080045e-05,5.5249496301716784e-05,6.105944120305165e-05,6.162100044191326e-05
2532,6.870736718786855e-05,5.527385042464053e-05,6.100179945017106e-05,6.151255325615509e-05
2533,6.866506787968273e-05,5.509756750604203e-05,6.113730705608216e-05,6.15266221982949e-05
2534,6.863065930887041e-05,5.521441690096535e-05,6.100250604692578e-05,6.167662464022927e-05
2535,6.870239704168505e-05,5.508383745731323e-05,6.092953958795235e-05,6.142546496075333e-05
2536,6.853456343130295e-05,5.5094609029055857e-05,6.09032295592254e-05,6.143723692669873e-05
2537,6.863120011185656e-05,5.506305586015777e-05,6.081099598849812e-05,6.147342234777845e-05
2538,6.850523210249413e-05,5.5109820994107676e-05,6.0764977269388064e-05,6.135947300375354e-05
2539,6.845337935472121e-05,5.5031158238844664e-05,6.075433084887523e-05,6.1324291417612e-05
2540,6.841340244056533e-05,5.4937440599854276e-05,6.089057658436421e-05,6.136633629589133e-05
2541,6.845100070190732e-05,5.485524577675807e-05,6.086572900511596e-05,6.137757374831996e-05
2542,6.83970611160448e-05,5.495352409931831e-05,6.068557641627907e-05,6.145600299961629e-05
2543,6.832397709294985e-05,5.4706843301641254e-05,6.0708011713109915e-05,6.114648729574775e-05
2544,6.829630126575042e-05,5.4857809439715226e-05,6.055662674125059e-05,6.130048873496402e-05
2545,6.821056903523595e-05,5.485300985516942e-05,6.062397469397673e-05,6.125013232924835e-05
2546,6.828268720872883e-05,5.495373590257484e-05,6.058332160137521e-05,6.108173240733269e-05
2547,6.82534077071869e-05,5.4870450889853504e-05,6.042084078308348e-05,6.103008496708988e-05
2548,6.812610552289721e-05,5.468142729419283e-05,6.0586435369497715e-05,6.1014072474256796e-05
2549,6.808171869638089e-05,5.4593464380494186e-05,6.0415635016012996e-05,6.0984312911116015e-05
2550,6.817945760333681e-05,5.456907289165609e-05,6.03909561762081e-05,6.10881920091431e-05
2551,6.798740465763474e-05,5.457590198036741e-05,6.051091860212639e-05,6.0874655636226896e-05
2552,6.803089553796506e-05,5.474789308032664e-05,6.05322820156018e-05,6.082155266617166e-05
2553,6.789166614548817e-05,5.4447746299094885e-05,6.035372673558202e-05,6.0810099189900985e-05
2554,6.788197361035511e-05,5.453046939819046e-05,6.032288203682035e-05,6.08322059982663e-05
2555,6.788441870400733e-05,5.453089172717541e-05,6.0252986109648675e-05,6.085370359068145e-05
2556,6.792000527785876e-05,5.438505312130143e-05,6.014098155616278e-05,6.077554832505833e-05
2557,6.785122937881297e-05,5.440482220479831e-05,6.022105596423934e-05,6.06916605810475e-05
2558,6.778708461107773e-05,5.421475752851868e-05,6.0215884907400474e-05,6.067188096197125e-05
2559,6.771438962503057e-05,5.431108493300334e-05,6.0197443549087426e-05,6.045478080233542e-05
2560,6.767142581146592e-05,5.442932909470487e-05,6.005409854651488e-05,6.0669449258865865e-05
2561,6.766852905116434e-05,5.434519374469084e-05,5.99839200890903e-05,6.055683439444162e-05
2562,6.759047076824807e-05,5.423315906258632e-05,6.016127501067283e-05,6.059478546484363e-05
2563,6.771005480972074e-05,5.432031555693696e-05,5.989298041970541e-05,6.0662589566249034e-05
2564,6.763185834844728e-05,5.41232602560369e-05,5.995210779119066e-05,6.049513800058972e-05
2565,6.750299312341339e-05,5.413362362754715e-05,5.9897471334111185e-05,6.0487529078625135e-05
2566,6.746040418349968e-05,5.3989968051309796e-05,5.988757049625843e-05,6.048242708652931e-05
2567,6.752663378980786e-05,5.40961396118865e-05,5.982245567803473e-05,6.0502490983844426e-05
2568,6.737763682954029e-05,5.4102941539653424e-05,5.975100409557989e-05,6.049233912458775e-05
2569,6.737900802145423e-05,5.4098131120632373e-05,5.971776405152414e-05,6.02907315658402e-05
2570,6.737228245396856e-05,5.3984968354995274e-05,5.9770718146838565e-05,6.027848844433737e-05
2571,6.737249118265995e-05,5.400018417298892e-05,5.97372554459607e-05,6.0289473831929095e-05
2572,6.722204556016156e-05,5.399271114962425e-05,5.971131719080988e-05,6.0310679428371566e-05
2573,6.725425897411126e-05,5.383848676401905e-05,5.9784682591622774e-05,6.031257195133819e-05
2574,6.720550010733551e-05,5.3837430065704755e-05,5.972797093451966e-05,6.0126793603187424e-05
2575,6.718163725991952e-05,5.386573185474705e-05,5.9664762225641406e-05,6.017960240567116e-05
2576,6.714239581072563e-05,5.376638237749252e-05,5.960853297240165e-05,6.020754507568687e-05
2577,6.703270607839693e-05,5.3896597521316436e-05,5.943734181248951e-05,6.000395647387717e-05
2578,6.706547975368686e-05,5.3809379482243466e-05,5.94663286411567e-05,6.012656535217765e-05
2579,6.705973618096696e-05,5.375045899332782e-05,5.940137729158974e-05,5.9990692169542514e-05
2580,6.696807345324846e-05,5.371311385311003e-05,5.947627894403951e-05,5.9924330035909915e-05
2581,6.691431788493784e-05,5.3791024728555026e-05,5.93567486587519e-05,5.99829290852954e-05
2582,6.693812491451757e-05,5.365101324259192e-05,5.93046564054365e-05,5.991469314553067e-05
2583,6.687775248360709e-05,5.3712267811259e-05,5.9389885605005525e-05,5.994557363330017e-05
2584,6.672288353997956e-05,5.3517889974037346e-05,5.932354704227491e-05,5.985948176015396e-05
2585,6.678145592591257e-05,5.3567302622762906e-05,5.940374348506914e-05,5.977205972626145e-05
2586,6.67692800718342e-05,5.353786053519233e-05,5.931680361493901e-05,5.983581611226333e-05
2587,6.672056801945401e-05,5.3497585514251666e-05,5.919578282086441e-05,5.9782676034187754e-05
2588,6.667681996727375e-05,5.3547121780900286e-05,5.9235803991322605e-05,5.969797206980631e-05
2589,6.673340339308444e-05,5.337274601284343e-05,5.919667912623061e-05,5.975287913295289e-05
2590,6.659697530635884e-05,5.332587085019879e-05,5.9132045449932265e-05,5.9572947385136586e-05
2591,6.648639536315975e-05,5.333522944605497e-05,5.909567788329794e-05,5.9640979913409e-05
2592,6.655500943933702e-05,5.335114501488494e-05,5.9034212587538445e-05,5.964152885152897e-05
2593,6.65443316614667e-05,5.324989220837809e-05,5.9062309495738626e-05,5.959478163458115e-05
2594,6.647678884185243e-05,5.3205441152785326e-05,5.891933680340979e-05,5.95221581525937e-05
2595,6.64941335376972e-05,5.3265366728123935e-05,5.8903494130392726e-05,5.9665930612181424e-05
2596,6.638212761569602e-05,5.326568564214063e-05,5.8877456355198767e-05,5.9426182832140564e-05
2597,6.633382728117677e-05,5.2986762789271556e-05,5.893634459118889e-05,5.9596235814084314e-05
2598,6.643621600355295e-05,5.3142563973499934e-05,5.877704827771114e-05,5.949600899275603e-05
2599,6.629545798198743e-05,5.308544945300523e-05,5.87568855570872e-05,5.93939588748552e-05
2600,6.63482226349217e-05,5.299736788886283e-05,5.879630247909526e-05,5.9424037855208415e-05
2601,6.626586257391906e-05,5.2938755412544475e-05,5.879701494501492e-05,5.9389283677994164e-05
2602,6.612434758304302e-05,5.3074650275176093e-05,5.869661572141771e-05,5.9224222530912406e-05
2603,6.616512990852955e-05,5.304959718668591e-05,5.8667446168447734e-05,5.927493970648976e-05
2604,6.621717386691489e-05,5.300137472554229e-05,5.859988336035172e-05,5.9168242864840624e-05
2605,6.612376301149718e-05,5.3015477475305455e-05,5.872143429848527e-05,5.911543257463154e-05
2606,6.601925702612012e-05,5.297200200398495e-05,5.863213025076979e-05,5.9304633928076374e-05
2607,6.604076397750966e-05,5.2859226057660645e-05,5.847577209709055e-05,5.92334561214855e-05
2608,6.599386136158643e-05,5.2903738757568545e-05,5.855341323029647e-05,5.917180384183887e-05
2609,6.596012576052154e-05,5.273920098318402e-05,5.84753352372147e-05,5.9090804716263174e-05
2610,6.593732188806446e-05,5.2792704446268264e-05,5.857456490197627e-05,5.9095376753272944e-05
2611,6.594272446099314e-05,5.266596088769848e-05,5.848014508464783e-05,5.900454560209293e-05
2612,6.578399856745979e-05,5.2713197396536035e-05,5.838406244687189e-05,5.906070674634209e-05
2613,6.580732652349999e-05,5.264696896954297e-05,5.8411813405910654e-05,5.896276172915067e-05
2614,6.581893749481181e-05,5.267448904303793e-05,5.837264279851027e-05,5.895192573383023e-05
2615,6.570570059740185e-05,5.2615687311467014e-05,5.829708845834714e-05,5.899539734204124e-05
2616,6.58004235801806e-05,5.2655427230538805e-05,5.828398192151146e-05,5.897464644214471e-05
2617,6.56735715865913e-05,5.251617281528693e-05,5.831646309601608e-05,5.881820052492179e-05
2618,6.558500294829175e-05,5.2590944420191434e-05,5.821892182983074e-05,5.886288622813316e-05
2619,6.565146636124289e-05,5.251328048301451e-05,5.81994097918433e-05,5.879111840120706e-05
2620,6.559118857980371e-05,5.250885332675725e-05,5.8193128404315206e-05,5.86373792882948e-05
2621,6.559580689230194e-05,5.238384997093571e-05,5.8157678015655805e-05,5.8710512882393834e-05
2622,6.554445043212305e-05,5.240782888150447e-05,5.7999816332732164e-05,5.869961693046217e-05
2623,6.55355431148829e-05,5.234013305205657e-05,5.812113400616747e-05,5.862066585154647e-05
2624,6.543295821209586e-05,5.235800424068238e-05,5.8049067869042755e-05,5.8664736921576766e-05
2625,6.545743189431922e-05,5.235575109333536e-05,5.801734933181248e-05,5.866662128869009e-05
2626,6.53599434456515e-05,5.229135962414515e-05,5.79675106067649e-05,5.858465819525094e-05
2627,6.533241236963799e-05,5.225759340322132e-05,5.78571284909865e-05,5.8605797530406555e-05
2628,6.536147468215098e-05,5.22511335642421e-05,5.7878121605633865e-05,5.8557230211547405e-05
2629,6.523123560959715e-05,5.219457949431159e-05,5.794964805477106e-05,5.844694897792917e-05
2630,6.524823175054872e-05,5.208063988965948e-05,5.785222074578967e-05,5.8353466956284724e-05
2631,6.517768996765284e-05,5.210753579878549e-05,5.7824033960194385e-05,5.851682843163169e-05
2632,6.5124242982676e-05,5.217446200839541e-05,5.777397891410378e-05,5.83521141581219e-05
2633,6.513837954462117e-05,5.214700745298935e-05,5.76210989249219e-05,5.82830792964015e-05
2634,6.512022330436919e-05,5.215458988303776e-05,5.766466285655965e-05,5.836890515125481e-05
2635,6.508820140934416e-05,5.20608479593629e-05,5.75837678655324e-05,5.8322748132888086e-05
2636,6.499910341550911e-05,5.216247785795107e-05,5.753785220356369e-05,5.825536275163166e-05
2637,6.501419355429302e-05,5.2019685815771704e-05,5.768528392763703e-05,5.8238810609653274e-05
2638,6.505167337894487e-05,5.195462051951653e-05,5.759123683261355e-05,5.8086199273011035e-05
2639,6.496613620188129e-05,5.1930375603899395e-05,5.751350826396412e-05,5.8156534538453774e-05
2640,6.490609246373389e-05,5.189847367637989e-05,5.752774003019513e-05,5.813307772196526e-05
2641,6.489273075136614e-05,5.1733130435500265e-05,5.74237398300713e-05,5.80297978119727e-05
2642,6.480861245853588e-05,5.178417983914908e-05,5.735564300480965e-05,5.815526721075833e-05
2643,6.480885749709542e-05,5.18350166345942e-05,5.739836819586905e-05,5.8141601652416206e-05
2644,6.479378098767354e-05,5.177598742669788e-05,5.7364781065543557e-05,5.800768496787489e-05
2645,6.47387882045625e-05,5.173457343438619e-05,5.7344677722227396e-05,5.803066733156133e-05
2646,6.478582898892922e-05,5.1637103722717813e-05,5.739073112994268e-05,5.793884486843136e-05
2647,6.466208065310457e-05,5.166907451267693e-05,5.730839362704039e-05,5.796404214358364e-05
2648,6.46877366205129e-05,5.173307843462604e-05,5.7242896869304834e-05,5.7903554106238626e-05
2649,6.46759760864505e-05,5.164026246967027e-05,5.73070888056654e-05,5.782471900644271e-05
2650,6.462545566061594e-05,5.1586311119083035e-05,5.71917697453098e-05,5.787932113175791e-05
2651,6.45343280558685e-05,5.154050253809577e-05,5.720046222144625e-05,5.780493051192442e-05
2652,6.4517927379333e-05,5.1555653246577244e-05,5.7172176553044205e-05,5.778919026005361e-05
2653,6.44644287366659e-05,5.15474409746623e-05,5.708426382797311e-05,5.7820510794136926e-05
2654,6.448764807505336e-05,5.15529931682257e-05,5.714087980352779e-05,5.7728838234355984e-05
2655,6.440837532707237e-05,5.1563064043859904e-05,5.7015714031715856e-05,5.768416620712426e-05
2656,6.44280954084483e-05,5.139755114604094e-05,5.704262803143049e-05,5.77376516125288e-05
2657,6.438635342152523e-05,5.137418029173701e-05,5.7066067440065683e-05,5.769137368430777e-05
2658,6.43534707915099e-05,5.1310834316627695e-05,5.70381078998888e-05,5.7600944779395354e-05
2659,6.434489635592818e-05,5.142900660719728e-05,5.702982146072856e-05,5.761022866040074e-05
2660,6.430366226955641e-05,5.141310702939313e-05,5.6928867969833385e-05,5.7561419610489394e-05
2661,6.422129474149965e-05,5.130203943741323e-05,5.69305929940842e-05,5.753935426335445e-05
2662,6.424727854554359e-05,5.125404572487417e-05,5.694133359153471e-05,5.756204009388551e-05
2663,6.413914541872843e-05,5.1227041990343924e-05,5.678838563889295e-05,5.754334942519428e-05
2664,6.413237213989751e-05,5.1188295256597144e-05,5.6848120042551476e-05,5.742074604250541e-05
2665,6.412085058405862e-05,5.1144638689924486e-05,5.6787517118901936e-05,5.7438546268275793e-05
2666,6.407891359895771e-05,5.1234108175078654e-05,5.673544033385711e-05,5.740618544851288e-05
2667,6.401000809668086e-05,5.1103283194976145e-05,5.661220449913296e-05,5.7387276939912176e-05
2668,6.404604151216431e-05,5.103737989122899e-05,5.666797571362607e-05,5.73234830487434e-05
2669,6.39927747084522e-05,5.1124649718061545e-05,5.6620171704630545e-05,5.722595651159834e-05
2670,6.393800225464932e-05,5.103725353549953e-05,5.667186646282658e-05,5.7299965304100584e-05
2671,6.390573747062618e-05,5.102953345148882e-05,5.652737910469172e-05,5.7289490454790773e-05
2672,6.38372201380549e-05,5.101486513264251e-05,5.655451816790446e-05,5.719321470614264e-05
2673,6.386463044280354e-05,5.091084919719701e-05,5.649349134956719e-05,5.718943969337043e-05
2674,6.376226608344219e-05,5.096099735695484e-05,5.646328693063574e-05,5.713403011037016e-05
2675,6.372271072110579e-05,5.095651955633544e-05,5.642335442805891e-05,5.7159620665680044e-05
2676,6.374486589186216e-05,5.0781855836344746e-05,5.6447144762378215e-05,5.706468855085618e-05
2677,6.37205799251511e-05,5.078471350318512e-05,5.6393192523439865e-05,5.70516355011656e-05
2678,6.36395295786372e-05,5.083687767731286e-05,5.64444319180433e-05,5.699027836101647e-05
2679,6.364913608036007e-05,5.080928648995828e-05,5.6327821398743786e-05,5.7069400943479154e-05
2680,6.361022881043494e-05,5.077935332844414e-05,5.6325958044568354e-05,5.686641531703389e-05
2681,6.364589324829725e-05,5.076047827098029e-05,5.6350597872337054e-05,5.69546722651668e-05
2682,6.349534131366621e-05,5.075579719957338e-05,5.629600310471383e-05,5.691053374185851e-05
2683,6.352607283486325e-05,5.0736384620107014e-05,5.621465096812542e-05,5.6905647615696914e-05
2684,6.35161191887677e-05,5.061284494621784e-05,5.6183755032825006e-05,5.693947946210099e-05
2685,6.347581442572318e-05,5.0697402293174216e-05,5.615371266694765e-05,5.684859218571072e-05
2686,6.341394796288626e-05,5.059807818070573e-05,5.609859262866251e-05,5.6789081483430546e-05
2687,6.34029865184903e-05,5.0503497310441994e-05,5.606853753656713e-05,5.671252938826313e-05
2688,6.342300529593157e-05,5.055259825413805e-05,5.60575603805432e-05,5.668251184505801e-05
2689,6.333791993681045e-05,5.046604897440713e-05,5.6053327518337355e-05,5.6681691419726054e-05
2690,6.33252477335764e-05,5.0505412185302496e-05,5.6020033778947435e-05,5.663970110280354e-05
2691,6.327771726131249e-05,5.043187376801391e-05,5.597829904684575e-05,5.669241507078605e-05
2692,6.324287357985476e-05,5.0445555754033704e-05,5.6054557388184906e-05,5.666213913663024e-05
2693,6.322175017415994e-05,5.039524488386273e-05,5.586138125180941e-05,5.657063484402442e-05
2694,6.315581969565425e-05,5.033781277966506e-05,5.589329783259493e-05,5.6483830643259654e-05
2695,6.314277991171807e-05,5.0326993159407774e-05,5.59121739730567e-05,5.653390588271707e-05
2696,6.312519799988486e-05,5.02814589507498e-05,5.588087115632355e-05,5.653128922230805e-05
2697,6.306532406942537e-05,5.034810916082897e-05,5.583337859826341e-05,5.647712668172104e-05
2698,6.303871466224223e-05,5.0228001598227736e-05,5.567545379649416e-05,5.6420785096216484e-05
2699,6.298494937816777e-05,5.026681530381775e-05,5.570548585316201e-05,5.647381730167861e-05
2700,6.298368667965228e-05,5.02489270991855e-05,5.578126366735107e-05,5.63800278314791e-05
2701,6.296580464442894e-05,5.0132189975299517e-05,5.571852678371444e-05,5.6353925605739625e-05
2702,6.295889185776973e-05,5.014965834999838e-05,5.568315765903997e-05,5.6344553021745817e-05
2703,6.289699027267151e-05,5.016118512150537e-05,5.5656966193416205e-05,5.6395624655535364e-05
2704,6.291383267689198e-05,5.0133479356669006e-05,5.552512940393571e-05,5.6249498375070504e-05
2705,6.282013078951501e-05,5.009641222404775e-05,5.54998850663691e-05,5.623538703159011e-05
2706,6.283011789536871e-05,5.011824771936616e-05,5.546415362570045e-05,5.621054020743417e-05
2707,6.272579024791244e-05,4.998606600079067e-05,5.546794661363441e-05,5.618586876536555e-05
2708,6.270914312589461e-05,5.0042932188939036e-05,5.5442663666709244e-05,5.6192204968335294e-05
2709,6.265013733513215e-05,4.995380205355466e-05,5.5519115729157216e-05,5.610685990643718e-05
2710,6.263898272126468e-05,4.9904413861831424e-05,5.5457819385298484e-05,5.612912470055716e-05
2711,6.266522529359092e-05,4.991540924287667e-05,5.538964434182119e-05,5.610846689557426e-05
2712,6.259520216571904e-05,4.993528513405565e-05,5.5402863800909736e-05,5.602987237833875e-05
2713,6.258173124400781e-05,4.989501611799066e-05,5.523806674838342e-05,5.604757031578298e-05
2714,6.256122267275984e-05,4.9858454116597885e-05,5.52432458663018e-05,5.6012150169676646e-05
2715,6.247802635864409e-05,4.987464052859224e-05,5.5284890740040376e-05,5.5952351225535176e-05
2716,6.25234148518191e-05,4.982567670584916e-05,5.5235758096629596e-05,5.5944611338477906e-05
2717,6.248909101619643e-05,4.973489654851136e-05,5.520253720677268e-05,5.595107700664859e-05
2718,6.245812909400672e-05,4.965899255683217e-05,5.519276188357196e-05,5.5886030795596596e-05
2719,6.240288732206771e-05,4.9750648354194093e-05,5.518225132649715e-05,5.584842439466961e-05
2720,6.236673604459305e-05,4.9675054521043436e-05,5.512658158588681e-05,5.5964679429338184e-05
2721,6.235557055973959e-05,4.969620305444153e-05,5.511566976992704e-05,5.580014850534584e-05
2722,6.231164030496279e-05,4.964821745306634e-05,5.503771217408635e-05,5.582709191359778e-05
2723,6.229855339035473e-05,4.9615597810606985e-05,5.5041801386048176e-05,5.5684564895093394e-05
2724,6.22355354224992e-05,4.9527476087096967e-05,5.502618364942233e-05,5.5744687055205345e-05
2725,6.221246523390353e-05,4.960852919160689e-05,5.505395371549013e-05,5.5748361622948595e-05
2726,6.222396028321821e-05,4.954818493358599e-05,5.501529671819028e-05,5.562463913563411e-05
2727,6.214816029887547e-05,4.949590738854976e-05,5.4933565553425615e-05,5.56412322184015e-05
2728,6.214101607939079e-05,4.952305394507602e-05,5.4905513327327446e-05,5.559399695240749e-05
2729,6.211159726958503e-05,4.9512865331431784e-05,5.4891648265433494e-05,5.562795150641871e-05
2730,6.209176394171162e-05,4.9376032580819786e-05,5.483689139781859e-05,5.559423978574428e-05
2731,6.198774675122135e-05,4.940768840796993e-05,5.483404831167262e-05,5.5514258538208675e-05
2732,6.200141723978418e-05,4.9353867876359496e-05,5.479607716613787e-05,5.550172189684675e-05
2733,6.197399713807998e-05,4.9305776462846076e-05,5.4742962421832976e-05,5.5544812289492466e-05
2734,6.196421577783399e-05,4.932064758343214e-05,5.4753294573538606e-05,5.5557069491283025e-05
2735,6.190125568277096e-05,4.931086737237433e-05,5.4622139410932166e-05,5.544833495975087e-05
2736,6.186245134643195e-05,4.9296644110092286e-05,5.460912907013195e-05,5.538915521412108e-05
2737,6.184308054920982e-05,4.9238853210094514e-05,5.463472585252429e-05,5.538614389634166e-05
2738,6.18549020931145e-05,4.916554744279434e-05,5.4634079666617886e-05,5.540740948780071e-05
2739,6.177825786212757e-05,4.922140138660194e-05,5.461220424183612e-05,5.5340409196657714e-05
2740,6.17734522962269e-05,4.911783207108098e-05,5.462549374803425e-05,5.534012961995509e-05
2741,6.171022716812599e-05,4.911690576288444e-05,5.447284349325802e-05,5.5318731085796036e-05
2742,6.173369492058994e-05,4.910277467887573e-05,5.45610136997507e-05,5.523041014049264e-05
2743,6.166324407423685e-05,4.910636410059659e-05,5.4516405418814694e-05,5.5288778057815594e-05
2744,6.165437891253402e-05,4.907962025385427e-05,5.4516475504466996e-05,5.5192287805304683e-05
2745,6.156634367986367e-05,4.9044025264354926e-05,5.438338753089696e-05,5.520042360461621e-05
2746,6.155578791029838e-05,4.8978109320527095e-05,5.434249714626389e-05,5.513597382383793e-05
2747,6.154058150084816e-05,4.902462569280565e-05,5.4338877973872214e-05,5.5032277072714663e-05
2748,6.154925551720499e-05,4.900828069792015e-05,5.43087245327479e-05,5.510078657264248e-05
2749,6.147087582605601e-05,4.8916940312488346e-05,5.431328807232098e-05,5.51150559480891e-05
2750,6.143902575983974e-05,4.895474157293988e-05,5.431097722023349e-05,5.5061863693137145e-05
2751,6.146437112103383e-05,4.887245737939943e-05,5.425332704146948e-05,5.499938946590154e-05
2752,6.140444112511245e-05,4.8866733990426085e-05,5.421747812201408e-05,5.4942018602068186e-05
2753,6.137017711505653e-05,4.8826967760378185e-05,5.42069006683302e-05,5.4955314100202016e-05
2754,6.12791115247287e-05,4.883287133382894e-05,5.417927683647105e-05,5.496716118207086e-05
2755,6.135200076795386e-05,4.876019952482639e-05,5.41577562001353e-05,5.492629149965458e-05
2756,6.13020999384584e-05,4.872625243486696e-05,5.421915636376158e-05,5.483759391733864e-05
2757,6.127533154817409e-05,4.8746344554302885e-05,5.413685434495497e-05,5.479757260480623e-05
2758,6.123488430032798e-05,4.8730901908596204e-05,5.405317935533693e-05,5.489778407364914e-05
2759,6.122108638768513e-05,4.8651170125816e-05,5.4002721212760095e-05,5.475997072330472e-05
2760,6.118790193062508e-05,4.8633817247888036e-05,5.401382109681946e-05,5.4770531541877034e-05
2761,6.114539563451432e-05,4.8610166672609684e-05,5.4018905434864004e-05,5.473967868553294e-05
2762,6.108674384787985e-05,4.867788618491084e-05,5.397084312794424e-05,5.4673257976416227e-05
2763,6.103797356750128e-05,4.860401609677367e-05,5.391465070146533e-05,5.472393715845155e-05
2764,6.102613742688094e-05,4.855719306732775e-05,5.383203524886397e-05,5.472380372374137e-05
2765,6.097172838024533e-05,4.851254441421238e-05,5.385197423021402e-05,5.4696695703757006e-05
2766,6.097920008156092e-05,4.849176525967066e-05,5.381648188835604e-05,5.4625622425869485e-05
2767,6.101688790214105e-05,4.845189224432619e-05,5.382642365500248e-05,5.4619688364776476e-05
2768,6.090701018679298e-05,4.84623091947371e-05,5.3848370592602636e-05,5.455765712169123e-05
2769,6.091826366987822e-05,4.838225285462031e-05,5.3759361677190684e-05,5.4572152942528974e-05
2770,6.092074224694647e-05,4.8395235402673584e-05,5.371308720240539e-05,5.4523585771051144e-05
2771,6.08445370879783e-05,4.837666413004047e-05,5.370548595648962e-05,5.447326357637601e-05
2772,6.085487716522682e-05,4.837268549461972e-05,5.372253976806103e-05,5.4465158413013624e-05
2773,6.080759997554441e-05,4.838783088129616e-05,5.365305751730786e-05,5.444658740460965e-05
2774,6.074895902285881e-05,4.8299344837503515e-05,5.368911194297938e-05,5.4416241502301246e-05
2775,6.0728439007707864e-05,4.830170047339099e-05,5.3599627810820515e-05,5.4384282122300856e-05
2776,6.070070150839093e-05,4.8261033448127024e-05,5.356637120014777e-05,5.4315789516598926e-05
2777,6.067565517940944e-05,4.824705516143972e-05,5.356423887277724e-05,5.432471220482256e-05
2778,6.0654710433665075e-05,4.8200440116927114e-05,5.3521678650178376e-05,5.4286621571718475e-05
2779,6.0614856348268446e-05,4.814293299631127e-05,5.3561290503168576e-05,5.4267438095315065e-05
2780,6.0591298508853056e-05,4.8222763771080866e-05,5.3520632269036215e-05,5.428952819771835e-05
2781,6.055106863102901e-05,4.811379339267937e-05,5.349267980070463e-05,5.420434149191201e-05
2782,6.050955213825311e-05,4.810578442629336e-05,5.3369278791436575e-05,5.427174172167549e-05
2783,6.0497526895616114e-05,4.8062619170427855e-05,5.346356093757334e-05,5.4154408009163954e-05
2784,6.045778117137259e-05,4.809190386314864e-05,5.3406798602244437e-05,5.4151166954430265e-05
2785,6.044382205363407e-05,4.8050216169155176e-05,5.334664312065585e-05,5.413581992100865e-05
2786,6.038424902779727e-05,4.801717202568178e-05,5.329399629442715e-05,5.407730297964104e-05
2787,6.038818747746849e-05,4.7999193312423786e-05,5.3327889971250944e-05,5.4083882757148206e-05
2788,6.0374800730908535e-05,4.789632236939936e-05,5.32787834618071e-05,5.402725190692615e-05
2789,6.032701067129419e-05,4.794477163319124e-05,5.325276963654892e-05,5.4025696798403555e-05
2790,6.0297047281397556e-05,4.7897040324748754e-05,5.3217101219341816e-05,5.401595297222127e-05
2791,6.028114214985656e-05,4.787047724279376e-05,5.317501939968117e-05,5.3963877063053875e-05
2792,6.023184769383591e-05,4.7879636287700826e-05,5.3138489397145224e-05,5.393923821916651e-05
2793,6.020731147122995e-05,4.787688047487168e-05,5.314622745354054e-05,5.3920890181242486e-05
2794,6.016853545731204e-05,4.7798505201489955e-05,5.3062540670876676e-05,5.388603394642321e-05
2795,6.015838176691286e-05,4.77893398189012e-05,5.3110420134627085e-05,5.390985037365383e-05
2796,6.013636168334405e-05,4.774686506803276e-05,5.308961694602437e-05,5.385340138824005e-05
2797,6.01252952453803e-05,4.778353925639105e-05,5.3015162596598166e-05,5.3801839418218734e-05
2798,6.006446293476482e-05,4.773496622423789e-05,5.300860865662339e-05,5.381013373001822e-05
2799,6.005067494493623e-05,4.771472027580533e-05,5.297575795122156e-05,5.375317833925395e-05
2800,6.0040988028921686e-05,4.765069764078958e-05,5.296932041588529e-05,5.3701424742169414e-05
2801,5.9996532372250734e-05,4.765720768278593e-05,5.295733535131661e-05,5.373666408793129e-05
2802,5.9952864246198876e-05,4.76011901152338e-05,5.285745045888956e-05,5.367843681390592e-05
2803,5.994189003566755e-05,4.756962987918639e-05,5.2839780992794145e-05,5.3672854909214286e-05
2804,5.990957646176266e-05,4.761578553929242e-05,5.280218791818193e-05,5.36100315016633e-05
2805,5.988020931647361e-05,4.75405330907451e-05,5.282094440462904e-05,5.3646239218744044e-05
2806,5.985437539821339e-05,4.751952457807191e-05,5.275539096737638e-05,5.3617776734773016e-05
2807,5.983361217809261e-05,4.748427993423942e-05,5.277427339641334e-05,5.3598372876331785e-05
2808,5.979700102153685e-05,4.747833231526117e-05,5.2784447070181976e-05,5.35978304266295e-05
2809,5.976328954086426e-05,4.746107442947441e-05,5.274826498325946e-05,5.345696354951148e-05
2810,5.973501565509074e-05,4.740406118733761e-05,5.2694873717102994e-05,5.35185928829267e-05
2811,5.970576229002276e-05,4.738624504713118e-05,5.267436609469994e-05,5.346872284089546e-05
2812,5.967085499788397e-05,4.740407972740517e-05,5.2664604636651805e-05,5.344040952509241e-05
2813,5.96869190846408e-05,4.734381321328264e-05,5.264145982404689e-05,5.3360278132174265e-05
2814,5.9642395426089695e-05,4.7344178350364783e-05,5.259447876435986e-05,5.341213418588136e-05
2815,5.9579324277057165e-05,4.730361687163619e-05,5.2539992578302644e-05,5.341578801319738e-05
2816,5.957646175568351e-05,4.727286504679848e-05,5.252446964032092e-05,5.338814834690007e-05
2817,5.953417747605878e-05,4.7291732424290784e-05,5.256289785895198e-05,5.3252899469981384e-05
2818,5.9521275454285325e-05,4.72319488324847e-05,5.245895175989645e-05,5.331762927162817e-05
2819,5.9517736737895245e-05,4.725723315309451e-05,5.248909631767593e-05,5.3258849226605735e-05
2820,5.9469094676005455e-05,4.71663241553186e-05,5.2439488229858096e-05,5.326345301460766e-05
2821,5.943929938743698e-05,4.710436449563325e-05,5.2391033801207906e-05,5.321817022534263e-05
2822,5.94098877011456e-05,4.7096903062579866e-05,5.2392647030810856e-05,5.31876693679438e-05
2823,5.9408423942931946e-05,4.706068668536641e-05,5.23923013778132e-05,5.3150247499070633e-05
2824,5.934825100040615e-05,4.710395120426913e-05,5.232795343492107e-05,5.317153813077055e-05
2825,5.9352993962927986e-05,4.706884119217112e-05,5.2328901948531715e-05,5.3087834725119946e-05
2826,5.930868219324187e-05,4.700908112003802e-05,5.230873225513506e-05,5.307489484928589e-05
2827,5.927149877481435e-05,4.702132261711859e-05,5.227994023251662e-05,5.30620776310471e-05
2828,5.924572016474366e-05,4.7014280823297336e-05,5.2235506301137006e-05,5.306583294453029e-05
2829,5.922407973503189e-05,4.699769818735464e-05,5.2176464894726424e-05,5.303662058901716e-05
2830,5.9193209250355054e-05,4.697972705543882e-05,5.2199270220869104e-05,5.295884274301265e-05
2831,5.917334188095731e-05,4.6927438746217905e-05,5.21694501883845e-05,5.298359148698824e-05
2832,5.914230947542036e-05,4.686431693546466e-05,5.2116922552174364e-05,5.297802324953851e-05
2833,5.910513428664051e-05,4.685545418416258e-05,5.212128460623962e-05,5.292629971320229e-05
2834,5.909473454485843e-05,4.684261921450824e-05,5.2058401314876853e-05,5.289400558262102e-05
2835,5.902753162942365e-05,4.681046554475197e-05,5.2111406759676644e-05,5.283871825923516e-05
2836,5.9025751739913873e-05,4.6808940042487716e-05,5.202398814521765e-05,5.282098488764216e-05
2837,5.899057676279014e-05,4.681255155111923e-05,5.199924335298171e-05,5.2799135509274036e-05
2838,5.8961258089608584e-05,4.6762575231470317e-05,5.196863863599037e-05,5.282611443850006e-05
2839,5.896938283303485e-05,4.6752934479541175e-05,5.194100085725798e-05,5.278660753740599e-05
2840,5.890917136595416e-05,4.670675638926781e-05,5.194902998101187e-05,5.270913117178399e-05
2841,5.887826299086964e-05,4.667894248257777e-05,5.189205374887629e-05,5.2672779861519146e-05
2842,5.886584705604582e-05,4.6659062014989696e-05,5.188422277864567e-05,5.272519449107909e-05
2843,5.88372684287901e-05,4.66340292696517e-05,5.186053560428266e-05,5.267465517880247e-05
2844,5.8846914925585494e-05,4.6663410145870856e-05,5.17691679361209e-05,5.269370292826587e-05
2845,5.879302016278439e-05,4.6596170776354374e-05,5.180197107670237e-05,5.2661465162675986e-05
2846,5.876348348342119e-05,4.655211669268324e-05,5.177853017977862e-05,5.261603084682958e-05
2847,5.8724561722080446e-05,4.6520808534732664e-05,5.170165959068122e-05,5.2603621515051295e-05
2848,5.8706848095403845e-05,4.6499383039039346e-05,5.174505556536086e-05,5.2563782964893e-05
2849,5.867902539527784e-05,4.6526363397501254e-05,5.170786647796688e-05,5.256498358324899e-05
2850,5.86478375833139e-05,4.6456140019580346e-05,5.1662615646115557e-05,5.252224015070744e-05
2851,5.861816591160098e-05,4.6459292403506705e-05,5.161830110383608e-05,5.247520262110974e-05
2852,5.860642303278543e-05,4.6418477389041365e-05,5.1603851693091047e-05,5.247110916424687e-05
2853,5.8543874848122485e-05,4.641010388466019e-05,5.157647822671918e-05,5.243800384215075e-05
2854,5.8550515553543054e-05,4.64225661646376e-05,5.156208444608975e-05,5.244170715728355e-05
2855,5.852518645906728e-05,4.635603406815816e-05,5.155536142917492e-05,5.2381926990558017e-05
2856,5.8514881769867086e-05,4.633805315329607e-05,5.1527536082833225e-05,5.2355697331223956e-05
2857,5.8474041807817526e-05,4.631392220171698e-05,5.149596401905386e-05,5.2356694908336906e-05
2858,5.845468733476352e-05,4.628803332833164e-05,5.145905599291874e-05,5.231393310545292e-05
2859,5.8416173665850646e-05,4.632274561057941e-05,5.1416303576204035e-05,5.2273826451034215e-05
2860,5.838653712746022e-05,4.622150310651207e-05,5.1448798412505976e-05,5.227404872756059e-05
2861,5.836528605419855e-05,4.624659423314863e-05,5.1417647254917915e-05,5.227830853780522e-05
2862,5.8354404661563593e-05,4.619710627628045e-05,5.137148389783564e-05,5.2186959774270494e-05
2863,5.8326809225411944e-05,4.620210670613182e-05,5.134480297266014e-05,5.21586951275332e-05
2864,5.8257713796973434e-05,4.618314495281484e-05,5.1338045430897016e-05,5.217186111910924e-05
2865,5.829126569972266e-05,4.6132742085867316e-05,5.128796083473733e-05,5.2138596727082706e-05
2866,5.820654589758771e-05,4.610671740145434e-05,5.130730123777793e-05,5.212796415753466e-05
2867,5.8203400181155945e-05,4.6104023926035684e-05,5.127556395965582e-05,5.2118285671338735e-05
2868,5.817565170832144e-05,4.610541070672284e-05,5.128741053004697e-05,5.206022228330682e-05
2869,5.813659371720159e-05,4.608929079581729e-05,5.125337605867237e-05,5.203615545864658e-05
2870,5.811417755164361e-05,4.603591685257046e-05,5.1202057749927265e-05,5.2024219205372036e-05
2871,5.808970594937497e-05,4.599952201569327e-05,5.115401639354104e-05,5.202283883841298e-05
2872,5.807606631844095e-05,4.5957614254016345e-05,5.1129511250189256e-05,5.199067092021295e-05
2873,5.8053490556601296e-05,4.595496162763477e-05,5.114198530661091e-05,5.197642957813965e-05
2874,5.8015961980581794e-05,4.58984798061802e-05,5.111919625213289e-05,5.193947624346701e-05
2875,5.800237019788418e-05,4.5914208405512846e-05,5.108475089931303e-05,5.190947777143781e-05
2876,5.795589649998973e-05,4.5872950443313554e-05,5.104314029465279e-05,5.191541770959655e-05
2877,5.795249839105231e-05,4.585864933572317e-05,5.098463113908365e-05,5.189399537726521e-05
2878,5.793022517460082e-05,4.588057667342725e-05,5.095705361019828e-05,5.1838972589369434e-05
2879,5.790146424896832e-05,4.583775909464207e-05,5.0957545874320924e-05,5.1821022087106406e-05
2880,5.7884778894251224e-05,4.581504228784427e-05,5.091581011506564e-05,5.178831144696407e-05
2881,5.7819142765788927e-05,4.576721214814593e-05,5.090643860805893e-05,5.1763862279291296e-05
2882,5.780561914898272e-05,4.576157606973146e-05,5.088509315809917e-05,5.176653867416386e-05
2883,5.7782645226929106e-05,4.570483500169664e-05,5.0884196978802385e-05,5.1704163692915876e-05
2884,5.775074578837117e-05,4.57257067215722e-05,5.085006218199466e-05,5.1700046079691064e-05
2885,5.772212582027734e-05,4.568270508223222e-05,5.085690106369092e-05,5.1671474365228454e-05
2886,5.771667983433076e-05,4.5660665874822315e-05,5.082797276063723e-05,5.166261437361184e-05
2887,5.769485740184659e-05,4.566382731732962e-05,5.074279791852113e-05,5.166904613584441e-05
2888,5.76402283834997e-05,4.562939894547548e-05,5.071386921429839e-05,5.1622910136589014e-05
2889,5.7627342095118586e-05,4.5593526628073034e-05,5.072851890887703e-05,5.1558222011449714e-05
2890,5.762120011661835e-05,4.5596609532281916e-05,5.065982973892936e-05,5.150053185952698e-05
2891,5.756419518704377e-05,4.560007458855782e-05,5.0700271263330285e-05,5.149909947415615e-05
2892,5.7575248433982774e-05,4.5542829830591373e-05,5.0616095453947024e-05,5.1518803371678525e-05
2893,5.7519396814266514e-05,4.54947178639271e-05,5.064647813818677e-05,5.1483378054370946e-05
2894,5.748201582256365e-05,4.5494041253722405e-05,5.0581945508774366e-05,5.145273896913034e-05
2895,5.75149638409136e-05,4.545961612939323e-05,5.059033022819858e-05,5.144481029932054e-05
2896,5.747077419233955e-05,4.545027373633496e-05,5.054503877614089e-05,5.1446905029092496e-05
2897,5.741472833127365e-05,4.540553648714063e-05,5.055791187487121e-05,5.14079446199062e-05
2898,5.740109531647667e-05,4.54311162923881e-05,5.052481812861177e-05,5.13635079254732e-05
2899,5.7377022894269207e-05,4.5379429506231234e-05,5.049378409802783e-05,5.135404434696826e-05
2900,5.7361876334400596e-05,4.534704018943564e-05,5.049028803010904e-05,5.1318483156974064e-05
2901,5.7317877220027724e-05,4.5337079574445574e-05,5.042789695541823e-05,5.1325940529246344e-05
2902,5.7297923963257674e-05,4.531359117178931e-05,5.044346545128726e-05,5.130336601756299e-05
2903,5.727208776192683e-05,4.529657407798963e-05,5.040931131757188e-05,5.1252978608357974e-05
2904,5.721462718023613e-05,4.5289016760461176e-05,5.038111912235547e-05,5.125815718183694e-05
2905,5.722447062430933e-05,4.523975605799137e-05,5.035777799435744e-05,5.124472597367869e-05
2906,5.720990020529246e-05,4.521899740089696e-05,5.028191932229533e-05,5.120156086850031e-05
2907,5.7184589602096184e-05,4.522100133893692e-05,5.027009089059132e-05,5.118944445360761e-05
2908,5.714849248899723e-05,4.521352399544686e-05,5.0319320699991266e-05,5.1199855788471055e-05
2909,5.712177507769105e-05,4.5170796608705706e-05,5.023852813509904e-05,5.112813108108787e-05
2910,5.709342405829352e-05,4.515753025788088e-05,5.026071790415172e-05,5.1092985715867035e-05
2911,5.707755110454294e-05,4.515387958275782e-05,5.020371909926621e-05,5.1060067656760113e-05
2912,5.704141084166471e-05,4.510196560154279e-05,5.019465825587852e-05,5.109953076763876e-05
2913,5.703116309189339e-05,4.5073791738296e-05,5.0178293138855196e-05,5.099747374192973e-05
2914,5.702665108270803e-05,4.505337853921318e-05,5.0157574753401916e-05,5.1028632448744376e-05
2915,5.69550808346645e-05,4.503826982367317e-05,5.010074833779318e-05,5.1006993043205635e-05
2916,5.693609088137993e-05,4.500666137023917e-05,5.0091143935321166e-05,5.0985073968555375e-05
2917,5.693977055604347e-05,4.4982013806319685e-05,5.00841172520118e-05,5.096659186216428e-05
2918,5.688223761116489e-05,4.4999858262565585e-05,5.002769199700611e-05,5.0871699823894325e-05
2919,5.686569404174735e-05,4.494290305031533e-05,5.0011704015011814e-05,5.093672113308937e-05
2920,5.684985568928832e-05,4.493649444695875e-05,5.0000733270645716e-05,5.088456823296015e-05
2921,5.6832687738582874e-05,4.4926143921379124e-05,4.998121930833445e-05,5.0868611829209076e-05
2922,5.6800172388434004e-05,4.487815593895951e-05,4.9942752367558585e-05,5.0813938720596856e-05
2923,5.678254858239836e-05,4.486054297583309e-05,4.992742991809179e-05,5.081963306346666e-05
2924,5.675725435097513e-05,4.4843177676834526e-05,4.992014147795057e-05,5.0755412802557624e-05
2925,5.672075597745146e-05,4.48368566283196e-05,4.9880757357371394e-05,5.078463708272374e-05
2926,5.6703932541909696e-05,4.48165318443289e-05,4.986840159181794e-05,5.0710017688669317e-05
2927,5.667544824612785e-05,4.479415720906802e-05,4.984838996685604e-05,5.073104229166207e-05
2928,5.664163384709721e-05,4.4757006332118774e-05,4.979373095979486e-05,5.072125287451615e-05
2929,5.660793597920222e-05,4.47417882651249e-05,4.980494091261145e-05,5.0700140758748365e-05
2930,5.658649133219842e-05,4.4737204172061536e-05,4.977023891100225e-05,5.0654457859587226e-05
2931,5.655073996992032e-05,4.470162311079175e-05,4.974894411836841e-05,5.066507156025425e-05
2932,5.65393150615836e-05,4.4661936839088366e-05,4.977376114023378e-05,5.061702878352217e-05
2933,5.651955115775307e-05,4.4626237115428084e-05,4.969577816240721e-05,5.057547435668349e-05
2934,5.648258942010474e-05,4.463845565618023e-05,4.969252626041067e-05,5.0585273053071735e-05
2935,5.6480500201291135e-05,4.4573985464983876e-05,4.967032819489873e-05,5.055657006669979e-05
2936,5.645767432607188e-05,4.46004912729884e-05,4.9628829984237595e-05,5.0512608729969596e-05
2937,5.642755377519586e-05,4.454657158062137e-05,4.9594743849647235e-05,5.0497292526385975e-05
2938,5.638639020605902e-05,4.4566243371157394e-05,4.960470160021951e-05,5.044370451069913e-05
2939,5.637496419562346e-05,4.4501239543055435e-05,4.9549055061409536e-05,5.044009781741334e-05
2940,5.6358311416010266e-05,4.452556175640399e-05,4.952301543030105e-05,5.0403073680650446e-05
2941,5.632588728201134e-05,4.444908719391478e-05,4.951731032579713e-05,5.038725930959913e-05
2942,5.627852976370392e-05,4.447109648925823e-05,4.9491665727469405e-05,5.0383716255282714e-05
2943,5.628480022839146e-05,4.445082375265219e-05,4.946971407489935e-05,5.0369384634646004e-05
2944,5.627479136622144e-05,4.4441271837509436e-05,4.942374791805328e-05,5.033419378737681e-05
2945,5.6236013347540204e-05,4.438258850823062e-05,4.943581285405635e-05,5.0340264364239175e-05
2946,5.6195942172158705e-05,4.4429555599684726e-05,4.9414978449591726e-05,5.030157108009546e-05
2947,5.617070723321083e-05,4.434912842828972e-05,4.938145987490362e-05,5.0256893269737924e-05
2948,5.613884534511581e-05,4.4353998596420866e-05,4.936436675120985e-05,5.026070390975943e-05
2949,5.6133526485094e-05,4.4283701521853875e-05,4.932739242493587e-05,5.026629404109641e-05
2950,5.609452442824742e-05,4.428228811810145e-05,4.932576604669206e-05,5.021469954853771e-05
2951,5.608875127462682e-05,4.4306980720136414e-05,4.9285629174067263e-05,5.018502718774142e-05
2952,5.6052353074948454e-05,4.427567045303021e-05,4.931551820897616e-05,5.018630097165561e-05
2953,5.6024898320981645e-05,4.422536535718782e-05,4.9237745710745815e-05,5.014662009964757e-05
2954,5.6013583070928366e-05,4.424698017507853e-05,4.9215962465906265e-05,5.010470478364517e-05
2955,5.5990374168424296e-05,4.418554908395779e-05,4.922572930667203e-05,5.0118165267290125e-05
2956,5.596684131658824e-05,4.420999443506909e-05,4.9166850338620335e-05,5.011578252251008e-05
2957,5.595305083836199e-05,4.41556961524395e-05,4.9170337502756494e-05,5.003359263687933e-05
2958,5.591650028019667e-05,4.4129414405634154e-05,4.914857041517207e-05,5.003539153326003e-05
2959,5.587843299615301e-05,4.409577654662509e-05,4.910173112287375e-05,5.001817236129394e-05
2960,5.5856032913469275e-05,4.406799120552083e-05,4.9115893013607106e-05,4.99971282592113e-05
2961,5.583596443661296e-05,4.404615789299773e-05,4.905218956495764e-05,4.9966207806458025e-05
2962,5.583151465455999e-05,4.403160062436845e-05,4.907390072383396e-05,4.9950350912272453e-05
2963,5.580126884513661e-05,4.403079073302232e-05,4.903255453097598e-05,4.9914054251631755e-05
2964,5.5772396417363474e-05,4.4017195409732594e-05,4.902384459131783e-05,4.992441983147351e-05
2965,5.5741287610005053e-05,4.4000100901031575e-05,4.897680564877942e-05,4.98869300397993e-05
2966,5.5718875447802e-05,4.3954535806887e-05,4.895809730916353e-05,4.9874468963929976e-05
2967,5.570466750679419e-05,4.3943456492661653e-05,4.895184010075446e-05,4.984530888096611e-05
2968,5.5676951977926644e-05,4.390079895932078e-05,4.889756751400001e-05,4.9817952629331844e-05
2969,5.56562870520938e-05,4.391724904564378e-05,4.886478622496582e-05,4.980337501284383e-05
2970,5.560917022437581e-05,4.38774528319599e-05,4.887670123207666e-05,4.979531881254756e-05
2971,5.5614270198169875e-05,4.3894838305506084e-05,4.8849703638085914e-05,4.975036546679522e-05
2972,5.557527022130257e-05,4.3883453251136133e-05,4.885165022953653e-05,4.97482725529819e-05
2973,5.557067462801452e-05,4.3810950876847797e-05,4.880116090040161e-05,4.973259623028566e-05
2974,5.553092665717296e-05,4.381189906696127e-05,4.8813036147158293e-05,4.9698704558514386e-05
2975,5.552301147605635e-05,4.378395661099566e-05,4.876187188303988e-05,4.9684850599350274e-05
2976,5.548547741379876e-05,4.377181592438312e-05,4.871962463821289e-05,4.968482161520749e-05
2977,5.546339095799408e-05,4.37217677849555e-05,4.8729248421039084e-05,4.9639497749486204e-05
2978,5.541980936737557e-05,4.3749849533601476e-05,4.8674611102803847e-05,4.9628242390142036e-05
2979,5.540803086972205e-05,4.370996483831537e-05,4.866814985823281e-05,4.959604509393054e-05
2980,5.5383422842007375e-05,4.369085003223184e-05,4.8661392555599504e-05,4.955827315041219e-05
2981,5.536317194513362e-05,4.365996172477288e-05,4.8634563497353815e-05,4.957194465174927e-05
2982,5.5355481012989064e-05,4.3648348596634577e-05,4.8607671077746965e-05,4.9505435330323474e-05
2983,5.5306127283449916e-05,4.363172825919152e-05,4.856120743856609e-05,4.950095670116849e-05
2984,5.531670731277436e-05,4.3601876685754196e-05,4.858978391708791e-05,4.947298079223922e-05
2985,5.528124040847242e-05,4.356534089667673e-05,4.8548446885608607e-05,4.947030574221892e-05
2986,5.525124039675552e-05,4.358237943878543e-05,4.8510474706040056e-05,4.944646518412502e-05
2987,5.5205053705806584e-05,4.351556168492281e-05,4.847273759050974e-05,4.940936456298404e-05
2988,5.522583387309208e-05,4.349877590018773e-05,4.8465975729895926e-05,4.938472615159583e-05
2989,5.520687500284276e-05,4.3495270279796885e-05,4.8447915262570505e-05,4.9356446689186514e-05
2990,5.516587249066906e-05,4.347987564553023e-05,4.843921145565454e-05,4.933923415597206e-05
2991,5.513785331872345e-05,4.344800992833374e-05,4.839816252430007e-05,4.931669644917266e-05
2992,5.509291060868136e-05,4.345863060192262e-05,4.840783738911629e-05,4.9315889232685897e-05
2993,5.5089349843960056e-05,4.34169249075201e-05,4.836918541068648e-05,4.930309395065279e-05
2994,5.505734342878434e-05,4.339064504300796e-05,4.837624522271123e-05,4.926912894770728e-05
2995,5.5050706244853794e-05,4.33931766543767e-05,4.832447063105755e-05,4.926087300720217e-05
2996,5.50183413711363e-05,4.337045392095449e-05,4.8318677196811384e-05,4.923027134408314e-05
2997,5.498535427316226e-05,4.335896822467515e-05,4.829030869771605e-05,4.921528014541066e-05
2998,5.4979943916910505e-05,4.334000361950543e-05,4.827894441089874e-05,4.918838978009162e-05
2999,5.496206738679157e-05,4.332073553313337e-05,4.823000527348442e-05,4.9158869041458254e-05
3000,5.4926430038783055e-05,4.3275751542387616e-05,4.821624861924563e-05,4.91500457521613e-05
3001,5.489369899915875e-05,4.328875497736166e-05,4.819003145161616e-05,4.913819506004583e-05
3002,5.4880093735005756e-05,4.324017233592467e-05,4.8200451189994145e-05,4.9094494471123865e-05
3003,5.486402170533431e-05,4.3209626215649565e-05,4.8162505180948096e-05,4.910354956013932e-05
3004,5.481766248252023e-05,4.320997583205374e-05,4.813878001401247e-05,4.9039396315158374e-05
3005,5.4788734020916787e-05,4.3189675783541827e-05,4.813678605479087e-05,4.9042903631585386e-05
3006,5.4778737287464774e-05,4.317986434831773e-05,4.808776195179139e-05,4.900666941899682e-05
3007,5.475915013249398e-05,4.312834066351378e-05,4.8081951653628374e-05,4.900398733428797e-05
3008,5.472974920463786e-05,4.311183622564471e-05,4.8064307854364227e-05,4.8977932338180735e-05
3009,5.473278973101027e-05,4.311250311281768e-05,4.8028005048917964e-05,4.895986481616664e-05
3010,5.468525718949189e-05,4.307422202897667e-05,4.801786373851485e-05,4.8930188341747655e-05
3011,5.4673688016869764e-05,4.307010959913418e-05,4.801270581551073e-05,4.891064085630727e-05
3012,5.465086294712105e-05,4.304555405670897e-05,4.79626324423471e-05,4.8891127887243604e-05
3013,5.462567930187094e-05,4.304676461161013e-05,4.792845639760367e-05,4.8889388653398e-05
3014,5.461984328581658e-05,4.3029250488265666e-05,4.793824277745944e-05,4.884096054046022e-05
3015,5.4593084762517565e-05,4.3011652950855126e-05,4.78928935722793e-05,4.882198938940421e-05
3016,5.454975155842214e-05,4.295462232010831e-05,4.786194942868485e-05,4.880178320824892e-05
3017,5.4534638204414605e-05,4.2937637303413756e-05,4.782190512018847e-05,4.878601485953129e-05
3018,5.452544977906419e-05,4.2938615039651215e-05,4.7799589774237186e-05,4.8803687459337456e-05
3019,5.451168965295681e-05,4.291521727540461e-05,4.781580348466276e-05,4.87478353237217e-05
3020,5.44610209757716e-05,4.290464667556667e-05,4.7783311963040225e-05,4.876215757685054e-05
3021,5.44579371887251e-05,4.288167932974407e-05,4.777434963932989e-05,4.871399269627387e-05
3022,5.4418657790691585e-05,4.2838865112149275e-05,4.776000727529591e-05,4.8702075437020084e-05
3023,5.44050873395879e-05,4.283624829860771e-05,4.775310303727903e-05,4.869333751635115e-05
3024,5.436441087600988e-05,4.281417896020208e-05,4.772496075848929e-05,4.8657458859997875e-05
3025,5.435300922367999e-05,4.278733451334767e-05,4.769912385052905e-05,4.8629362008931375e-05
3026,5.432774082795586e-05,4.277359371937511e-05,4.7665607726846466e-05,4.860689922945674e-05
3027,5.4303414120259594e-05,4.2737951525387e-05,4.7656707012923114e-05,4.860267650999869e-05
3028,5.42862907116726e-05,4.274306060376983e-05,4.7626358594576946e-05,4.8529579374737804e-05
3029,5.4264989051716043e-05,4.2689772158983655e-05,4.7621159193386165e-05,4.8546388834367e-05
3030,5.424284259567517e-05,4.270934790379239e-05,4.759349576572542e-05,4.855199303896308e-05
3031,5.422148644045485e-05,4.265537687247166e-05,4.753847257211909e-05,4.850474530629625e-05
3032,5.419180836506569e-05,4.266576623872794e-05,4.755265428748913e-05,4.848605208272964e-05
3033,5.415320610099056e-05,4.266194269721508e-05,4.7547314712734426e-05,4.846214898938941e-05
3034,5.4136446065372896e-05,4.265151390397685e-05,4.750735771636268e-05,4.8452159449247625e-05
3035,5.412451622655439e-05,4.2602722590633165e-05,4.746625992164129e-05,4.8425730378687446e-05
3036,5.41155833671879e-05,4.2593398949488297e-05,4.746941279208511e-05,4.842090760027722e-05
3037,5.408889717648464e-05,4.2553609670743676e-05,4.742423253646713e-05,4.84044400852489e-05
3038,5.40631587799894e-05,4.25328637556605e-05,4.7433614679606874e-05,4.8353289962160513e-05
3039,5.403373603853268e-05,4.25331207362841e-05,4.7417377006765735e-05,4.8336675389322213e-05
3040,5.40241651295365e-05,4.248607780062338e-05,4.7371442157897296e-05,4.8318360906382335e-05
3041,5.3998092514029986e-05,4.2475224967583396e-05,4.737520889738738e-05,4.832204799084004e-05
3042,5.3976841035764225e-05,4.246192760802934e-05,4.7344613541157345e-05,4.829015368077667e-05
3043,5.3948957705757884e-05,4.2450160347981626e-05,4.733596948461422e-05,4.8243072860736445e-05
3044,5.3926873285522595e-05,4.245715252734961e-05,4.728696254505533e-05,4.825007188317821e-05
3045,5.3896722518896106e-05,4.240533214604981e-05,4.728172173179858e-05,4.823307331793124e-05
3046,5.388299742915435e-05,4.2416460687357506e-05,4.723714295045815e-05,4.8215254767668725e-05
3047,5.386159931308939e-05,4.235459576048377e-05,4.724776030877327e-05,4.819065298560136e-05
3048,5.3826828509878206e-05,4.235069474721503e-05,4.720745906290711e-05,4.8161994131753584e-05
3049,5.381909858433627e-05,4.234044013284496e-05,4.716841812463155e-05,4.814206634821696e-05
3050,5.379475395302663e-05,4.233109127020247e-05,4.7181704326974505e-05,4.8128071083969234e-05
3051,5.378074272031789e-05,4.228647521170478e-05,4.713085210398797e-05,4.812305622430453e-05
3052,5.375952079660167e-05,4.2279299242568394e-05,4.713784011815071e-05,4.808662637146726e-05
3053,5.372849024855132e-05,4.227172873625162e-05,4.7104631378290194e-05,4.806616282115231e-05
3054,5.370434253264464e-05,4.224354450857159e-05,4.7088633516588046e-05,4.805790757007317e-05
3055,5.367213806635231e-05,4.22289837490101e-05,4.705240380956986e-05,4.804528213345029e-05
3056,5.367040562437649e-05,4.219291221209257e-05,4.7038851570491686e-05,4.802721212313581e-05
3057,5.364335634497436e-05,4.220712628142691e-05,4.702541466855417e-05,4.798981028163047e-05
3058,5.362753930203024e-05,4.2181547656723724e-05,4.700287113792225e-05,4.796817055344323e-05
3059,5.3588961572695935e-05,4.2152762878769784e-05,4.7000881499603045e-05,4.795866346376051e-05
3060,5.356851620212264e-05,4.21138804023927e-05,4.6970334614278715e-05,4.7921711883100676e-05
3061,5.3559213733213806e-05,4.2104265625083454e-05,4.6963372306184435e-05,4.7928900947785945e-05
3062,5.352962241111284e-05,4.210313821929577e-05,4.69565687243685e-05,4.7887688240892104e-05
3063,5.3495309450096104e-05,4.206848548878779e-05,4.690589843204169e-05,4.7881906939570744e-05
3064,5.349243032611877e-05,4.203755172278379e-05,4.688259736828095e-05,4.78601896550197e-05
3065,5.347837364027602e-05,4.203899061700727e-05,4.6871666646856965e-05,4.785012381679079e-05
3066,5.3429206590806e-05,4.201171374389866e-05,4.684237768266494e-05,4.7822386481761407e-05
3067,5.3429884684318715e-05,4.1996175601277486e-05,4.681564081818681e-05,4.779340518112081e-05
3068,5.339856493641001e-05,4.198504503029743e-05,4.680264381376583e-05,4.775347475970823e-05
3069,5.3378626315111844e-05,4.1962480883679545e-05,4.678399551438554e-05,4.774196110614525e-05
3070,5.3347368099032926e-05,4.19495929356524e-05,4.6762339813854685e-05,4.772965378347001e-05
3071,5.3332635389838167e-05,4.1933085957458816e-05,4.673857788756404e-05,4.771943191280784e-05
3072,5.332721517152764e-05,4.18981425076191e-05,4.6744996085572116e-05,4.769227478915474e-05
3073,5.329383972154715e-05,4.188483185756175e-05,4.670390896212412e-05,4.7671841358326445e-05
3074,5.3268164667660406e-05,4.18708329304733e-05,4.667849397800746e-05,4.766132182508079e-05
3075,5.3250887094686784e-05,4.185000152890653e-05,4.666090140558536e-05,4.764462777298097e-05
3076,5.322560955352435e-05,4.184565950980711e-05,4.6643993494992194e-05,4.761602437156904e-05
3077,5.321246178769951e-05,4.180651039945174e-05,4.6623203902371954e-05,4.75958466684909e-05
3078,5.318215055495696e-05,4.181363944255356e-05,4.661797907005595e-05,4.7577965015762966e-05
3079,5.317269520965003e-05,4.1766728829981264e-05,4.658536402928604e-05,4.755367528754932e-05
3080,5.3148349831426204e-05,4.176525826636117e-05,4.654753911583862e-05,4.754157710820335e-05
3081,5.311072210572088e-05,4.17487086876201e-05,4.654173898480689e-05,4.754542802772032e-05
3082,5.3106279847124704e-05,4.172765076141949e-05,4.652059032440915e-05,4.7517264520592956e-05
3083,5.308971197143083e-05,4.1709214244579065e-05,4.650727831952626e-05,4.7505975222404676e-05
3084,5.3053957100360875e-05,4.168711370941031e-05,4.6494950777741056e-05,4.748150561747036e-05
3085,5.303243539061426e-05,4.167360917167884e-05,4.645026209777456e-05,4.7442026869108634e-05
3086,5.299894151790984e-05,4.165223520662844e-05,4.646679742410431e-05,4.742479414911047e-05
3087,5.2990566163485674e-05,4.1626457213916166e-05,4.642508275812734e-05,4.7401699941822346e-05
3088,5.296626354195838e-05,4.1625106691619686e-05,4.640406694863123e-05,4.738966428860479e-05
3089,5.295528920959172e-05,4.160157142487466e-05,4.639593778489114e-05,4.735528673711493e-05
3090,5.291580745311179e-05,4.158498156356943e-05,4.637210417720946e-05,4.735437267270094e-05
3091,5.290568593302208e-05,4.157314239604637e-05,4.632682687951825e-05,4.73453546772939e-05
3092,5.2875996455660794e-05,4.154066750501009e-05,4.6345809433756245e-05,4.731198072321851e-05
3093,5.285892417313663e-05,4.153179695954457e-05,4.631082184128363e-05,4.7291080567696955e-05
3094,5.285573233198489e-05,4.1514003849961544e-05,4.629836545096933e-05,4.727163384930937e-05
3095,5.281719858528755e-05,4.147407373458339e-05,4.6265713761273344e-05,4.7252499941950876e-05
3096,5.278485603878039e-05,4.14670815319286e-05,4.626823506965636e-05,4.723884140302808e-05
3097,5.278456088020981e-05,4.1452195495748844e-05,4.623251074520645e-05,4.720175221981619e-05
3098,5.275911341859805e-05,4.1436499643239937e-05,4.6202981731265294e-05,4.721586820756565e-05
3099,5.27295358942918e-05,4.142049239883658e-05,4.619960459849282e-05,4.719678935326482e-05
3100,5.2724559992811655e-05,4.1400152810660274e-05,4.616957515402452e-05,4.716765197369589e-05
3101,5.270791480448095e-05,4.137061589532412e-05,4.614875833768509e-05,4.7125365147763704e-05
3102,5.2683009146163384e-05,4.137125278369594e-05,4.612256148477166e-05,4.71130890050497e-05
3103,5.2647017526863844e-05,4.13238213092664e-05,4.610935171260757e-05,4.7111155732421455e-05
3104,5.262125015691348e-05,4.1328018403203645e-05,4.6090872810953985e-05,4.7066060355174546e-05
3105,5.261389596201179e-05,4.129893084361407e-05,4.6083242513497964e-05,4.706164108755082e-05
3106,5.258157541848957e-05,4.128038614625085e-05,4.6047744526887524e-05,4.7046940435359886e-05
3107,5.257420615662272e-05,4.126345840534495e-05,4.603505652144852e-05,4.704351357726978e-05
3108,5.2540562469574926e-05,4.126043242494035e-05,4.601265031509673e-05,4.7000216398569376e-05
3109,5.252440473593423e-05,4.122925487580151e-05,4.599516666242973e-05,4.699723905297994e-05
3110,5.250203389678155e-05,4.12242879918218e-05,4.5985350794681404e-05,4.6967228597131404e-05
3111,5.2483866567011215e-05,4.119143305181333e-05,4.5942722848415817e-05,4.6932738172579605e-05
3112,5.246392266184047e-05,4.1173847117301965e-05,4.59490772996985e-05,4.693412807739232e-05
3113,5.243640392489404e-05,4.116254235694896e-05,4.5918518678692955e-05,4.6894726124177545e-05
3114,5.243356141244974e-05,4.114045875171689e-05,4.5892666346236666e-05,4.6895859615197435e-05
3115,5.240117669741595e-05,4.1115785460958714e-05,4.589107480236114e-05,4.6867577535600944e-05
3116,5.237878564492365e-05,4.110794563266741e-05,4.587110006684004e-05,4.684896440821395e-05
3117,5.236586373199164e-05,4.107456462822571e-05,4.5825338174687976e-05,4.6844760170161546e-05
3118,5.233886313592818e-05,4.107758615860468e-05,4.5822620760171655e-05,4.6838833952334484e-05
3119,5.232469681457701e-05,4.103182454142792e-05,4.580743313335454e-05,4.6801315541134476e-05
3120,5.229646766341345e-05,4.1044021422072316e-05,4.577472856018439e-05,4.6793399935344164e-05
3121,5.22855211341662e-05,4.101644512556604e-05,4.5747020577729334e-05,4.6741667721786234e-05
3122,5.2254094741476937e-05,4.100964469013627e-05,4.5750003176644475e-05,4.6746319166237096e-05
3123,5.225206852140782e-05,4.0990012141991004e-05,4.5732529448046476e-05,4.670602910134861e-05
3124,5.221316350332298e-05,4.0970688292421826e-05,4.570241055351801e-05,4.671523506534566e-05
3125,5.2191069966485455e-05,4.094810417802767e-05,4.567705147343725e-05,4.6681285768799746e-05
3126,5.216554573885279e-05,4.094639820776197e-05,4.565602997836503e-05,4.668681313876031e-05
3127,5.2153404860070396e-05,4.090893422596236e-05,4.5652582891294804e-05,4.666264954012589e-05
3128,5.2141539398562404e-05,4.090859827364188e-05,4.563641711865432e-05,4.6629051879279684e-05
3129,5.210837087967237e-05,4.087965156793057e-05,4.562785210045979e-05,4.6615794270940475e-05
3130,5.209385331144476e-05,4.0868358295145325e-05,4.559782273578744e-05,4.659253332662083e-05
3131,5.2074117004240575e-05,4.085541514561416e-05,4.559646917173249e-05,4.6574802183041765e-05
3132,5.204830682282377e-05,4.081882297057712e-05,4.555077124744321e-05,4.6557339471431795e-05
3133,5.202320869890763e-05,4.080874375974322e-05,4.554237724947239e-05,4.654250841871356e-05
3134,5.19983442581398e-05,4.0795410171629515e-05,4.5529802749825885e-05,4.6524203685677906e-05
3135,5.198486772056082e-05,4.077497074688437e-05,4.5512203173544355e-05,4.649688386981371e-05
3136,5.197947187684763e-05,4.0750685056374266e-05,4.548119459368386e-05,4.6462245099998745e-05
3137,5.1948784011810474e-05,4.072938234400523e-05,4.546914024248531e-05,4.645833459370132e-05
3138,5.191512916291497e-05,4.072047276553436e-05,4.544150368914486e-05,4.6436333870773754e-05
3139,5.191422847592955e-05,4.070327747970507e-05,4.5419320349387425e-05,4.6431720714819886e-05
3140,5.188867019824969e-05,4.0691473668093186e-05,4.539493182580937e-05,4.640207647081592e-05
3141,5.1871271893226993e-05,4.0679686262113395e-05,4.5399947759003856e-05,4.6406273294069066e-05
3142,5.185382280675091e-05,4.0638432562883136e-05,4.537474108588587e-05,4.6367573415101804e-05
3143,5.181834017929301e-05,4.061626290287134e-05,4.534522479908174e-05,4.634729256744646e-05
3144,5.179985810835268e-05,4.061008975866021e-05,4.533248979873432e-05,4.632913319662759e-05
3145,5.177819673788107e-05,4.0611132765000736e-05,4.5306942499289466e-05,4.632705214860991e-05
3146,5.175994745131862e-05,4.058119222259127e-05,4.530028148204545e-05,4.6306306270369865e-05
3147,5.175085761940413e-05,4.056732649821026e-05,4.52617134636113e-05,4.628663683137321e-05
3148,5.1723974074950426e-05,4.0542341964115444e-05,4.525260816637772e-05,4.626463405999747e-05
3149,5.170553069643972e-05,4.052165311265304e-05,4.523673961061737e-05,4.624596645027814e-05
3150,5.167226658357513e-05,4.0516432664436826e-05,4.521856214600465e-05,4.623096124881443e-05
3151,5.166075481652018e-05,4.0494937558514774e-05,4.518272371631692e-05,4.621210880624427e-05
3152,5.164459707590139e-05,4.048539176922729e-05,4.517147351446692e-05,4.619426949494361e-05
3153,5.1620384290463983e-05,4.0467019789375085e-05,4.5178403565143495e-05,4.617702018519274e-05
3154,5.160254470382779e-05,4.0443972656245604e-05,4.513924466570337e-05,4.615041474035291e-05
3155,5.1584639306336066e-05,4.043375935256802e-05,4.512168689529557e-05,4.6151367751318776e-05
3156,5.157215422034106e-05,4.041810225314078e-05,4.5109111491365203e-05,4.6131670951595236e-05
3157,5.15417546607618e-05,4.038760338734241e-05,4.508235350929892e-05,4.610567832297238e-05
3158,5.1523286451574044e-05,4.0382880159262524e-05,4.506188894848281e-05,4.608126296043752e-05
3159,5.1496086903811204e-05,4.034595378511611e-05,4.504693731272994e-05,4.60676008842188e-05
3160,5.1480180533086644e-05,4.034527382136107e-05,4.5033895154518416e-05,4.603753285189243e-05
3161,5.1467723207334195e-05,4.033045170764721e-05,4.5024128346581946e-05,4.6019779937902674e-05
3162,5.144232706067176e-05,4.0323285893966805e-05,4.500266639380353e-05,4.6016396630949046e-05
3163,5.1412601076866884e-05,4.0306151995146954e-05,4.497460949136716e-05,4.598447452537507e-05
3164,5.140595686899013e-05,4.027380395964867e-05,4.495699520899416e-05,4.597594968366899e-05
3165,5.1368200916451425e-05,4.025447506085996e-05,4.4935687886587883e-05,4.5958081473658e-05
3166,5.136396369109437e-05,4.024966318713991e-05,4.4908021875997986e-05,4.594170056825401e-05
3167,5.1347172945175204e-05,4.023528439145797e-05,4.490332703160555e-05,4.5906028329005886e-05
3168,5.131547590505841e-05,4.021371554925361e-05,4.488660672854457e-05,4.591272678944276e-05
3169,5.128969012166725e-05,4.018756570857984e-05,4.487753863466347e-05,4.586897199878442e-05
3170,5.12840363605458e-05,4.017311756674393e-05,4.4845746651529905e-05,4.586790319087391e-05
3171,5.126094161006095e-05,4.015358234218434e-05,4.481650520276981e-05,4.5846848280850654e-05
3172,5.1243550483425035e-05,4.0138200078938356e-05,4.4819985380545584e-05,4.5817250117037066e-05
3173,5.121355954206104e-05,4.013255405107807e-05,4.4784442538393866e-05,4.5820423767154205e-05
3174,5.120407872601893e-05,4.011824514096691e-05,4.476172115925461e-05,4.5803030904253496e-05
3175,5.1185211079317625e-05,4.009464178236881e-05,4.474874264639613e-05,4.5764442216201806e-05
3176,5.116434416712897e-05,4.007622259082304e-05,4.474156424619833e-05,4.5780974558151625e-05
3177,5.114452011680589e-05,4.0060578012779796e-05,4.472024932237629e-05,4.5751761867423806e-05
3178,5.1127834527401854e-05,4.004495093360036e-05,4.4699895958452523e-05,4.571071114578957e-05
3179,5.111316416556491e-05,4.002727221173258e-05,4.4684510743185545e-05,4.569991493960758e-05
3180,5.1079553435899834e-05,4.00121643532949e-05,4.467394355514226e-05,4.569021018194948e-05
3181,5.106736556015061e-05,3.999272026213617e-05,4.4643114735766216e-05,4.5664504482414375e-05
3182,5.1035092153399585e-05,3.997082532453841e-05,4.462655745484322e-05,4.564502553818786e-05
3183,5.103059618285527e-05,3.996759574050297e-05,4.46197240188287e-05,4.564498247292602e-05
3184,5.100083476374497e-05,3.9932039256876555e-05,4.460852055129619e-05,4.5623175905441106e-05
3185,5.098446472275963e-05,3.9923508229235617e-05,4.456097003805732e-05,4.5600261164627465e-05
3186,5.0966540732084556e-05,3.9906750677424444e-05,4.4558210011614574e-05,4.558388739052177e-05
3187,5.094788116489037e-05,3.988677437014987e-05,4.452989546050478e-05,4.5569107981970395e-05
3188,5.092052931181613e-05,3.987013283923927e-05,4.4510541828493516e-05,4.554779839002034e-05
3189,5.091069926489196e-05,3.986198104316025e-05,4.4490759489366576e-05,4.552943126295667e-05
3190,5.088965737891438e-05,3.98439538456506e-05,4.4490197129472775e-05,4.5517758813422244e-05
3191,5.0863125980156514e-05,3.981887746510461e-05,4.446637840162113e-05,4.5503874886953555e-05
3192,5.0847353860620774e-05,3.9803443789607024e-05,4.4451042878376304e-05,4.5489190085906946e-05
3193,5.0837838084915744e-05,3.980030542373225e-05,4.442266565702446e-05,4.546021006268971e-05
3194,5.080749250389729e-05,3.978166466188779e-05,4.440923095349624e-05,4.545011212262262e-05
3195,5.079568378312269e-05,3.975742112369977e-05,4.438124587609243e-05,4.542450713435337e-05
3196,5.0778543466294374e-05,3.9729820510264826e-05,4.4389009896286974e-05,4.539680551382536e-05
3197,5.0745450942125935e-05,3.97285598410239e-05,4.436505247675433e-05,4.5383916653552145e-05
3198,5.073900394551177e-05,3.970189914247552e-05,4.4332578382351156e-05,4.53731827000509e-05
3199,5.07166836304781e-05,3.968925931717532e-05,4.430277773983181e-05,4.5354558153445446e-05
3200,5.0697373838421224e-05,3.9674136440763384e-05,4.430800317387042e-05,4.5335256392134444e-05
3201,5.066695360768005e-05,3.967321739326287e-05,4.42852899016272e-05,4.532368961782797e-05
3202,5.066679734272021e-05,3.963502225660357e-05,4.425869386175323e-05,4.530913412282669e-05
3203,5.0637003716710116e-05,3.963874814843318e-05,4.42431879259386e-05,4.5283137319466385e-05
3204,5.061932548016949e-05,3.960118161010857e-05,4.424119983155673e-05,4.526246709284372e-05
3205,5.0602653324961555e-05,3.959489817615231e-05,4.4210473232727065e-05,4.5248388008072006e-05
3206,5.057940185215855e-05,3.958290117582576e-05,4.419480068594898e-05,4.523711895176031e-05
3207,5.0557150131037766e-05,3.9556714860115695e-05,4.418282359558703e-05,4.522212436142406e-05
3208,5.05317608005435e-05,3.9548339883023264e-05,4.416073026418834e-05,4.519412984585258e-05
3209,5.0522840144498935e-05,3.9538622583591214e-05,4.4153930883560247e-05,4.517332817063806e-05
3210,5.050351223415406e-05,3.951525762058865e-05,4.411879898962624e-05,4.517733018849217e-05
3211,5.048119163698837e-05,3.949342888547495e-05,4.411397064039861e-05,4.5147715912811706e-05
3212,5.045759285886472e-05,3.948178690532224e-05,4.407881700295773e-05,4.512296810432296e-05
3213,5.045095807183539e-05,3.948422985940876e-05,4.407037284855792e-05,4.5111518438727694e-05
3214,5.042432417497416e-05,3.945341452420752e-05,4.4056453801516485e-05,4.509318923320483e-05
3215,5.040692266599477e-05,3.943522891322327e-05,4.403672011836118e-05,4.5083322053357115e-05
3216,5.03853754555198e-05,3.942568271499716e-05,4.400747506732367e-05,4.506415669888209e-05
3217,5.036784694958261e-05,3.9411928833402186e-05,4.40075602288266e-05,4.505363184526857e-05
3218,5.0344375395669456e-05,3.937954131479896e-05,4.399417983076906e-05,4.50246515910714e-05
3219,5.0332729450351026e-05,3.9369945407118756e-05,4.3963460048028724e-05,4.5009434694636564e-05
3220,5.03129070163419e-05,3.934849085922213e-05,4.3951490755149876e-05,4.498695588224892e-05
3221,5.0291807581773024e-05,3.934023363815322e-05,4.3935161212336116e-05,4.49802762507918e-05
3222,5.02682731082101e-05,3.932068518404027e-05,4.39071454827496e-05,4.4962670688568404e-05
3223,5.0257681280611214e-05,3.931028524059208e-05,4.389639552537538e-05,4.494275406533465e-05
3224,5.024302009097458e-05,3.928257970537487e-05,4.3883441517763905e-05,4.493923934829297e-05
3225,5.0223691120992626e-05,3.926020218467602e-05,4.387197983572591e-05,4.4917093991166294e-05
3226,5.019612821201807e-05,3.926842709615651e-05,4.385247398660887e-05,4.4872633867244764e-05
3227,5.0177109730169576e-05,3.9244582677126396e-05,4.383282966231289e-05,4.486120282773901e-05
3228,5.015767790054723e-05,3.9222987747930856e-05,4.38049529112272e-05,4.486574236441736e-05
3229,5.0143065433855834e-05,3.9210891967885165e-05,4.379953691410918e-05,4.483333866200485e-05
3230,5.012452739538216e-05,3.919861091388798e-05,4.377148152964982e-05,4.482753105045198e-05
3231,5.010658693092333e-05,3.9175147696370606e-05,4.375277556877487e-05,4.480352161752096e-05
3232,5.00865667828589e-05,3.9167104203567344e-05,4.374560872487226e-05,4.476198897321566e-05
3233,5.006928877774651e-05,3.914530296891768e-05,4.371955530063039e-05,4.477528972564161e-05
3234,5.004739252333011e-05,3.9132931360174995e-05,4.3698457556929466e-05,4.475412832796175e-05
3235,5.0033887922733644e-05,3.9092958215566854e-05,4.36804173651221e-05,4.474128671469686e-05
3236,4.9998860467653216e-05,3.909792531744089e-05,4.3673478282617694e-05,4.47168745828944e-05
3237,4.999829233089983e-05,3.9092263129458175e-05,4.366083031173318e-05,4.4703383911290815e-05
3238,4.997559347019812e-05,3.9062019006296e-05,4.364215354446604e-05,4.4680507618451795e-05
3239,4.995428125188587e-05,3.904766922280744e-05,4.362087127883391e-05,4.466936251489843e-05
3240,4.9932086435647345e-05,3.9042348292301836e-05,4.3600621132198283e-05,4.465317361274883e-05
3241,4.99119126076157e-05,3.900464354177541e-05,4.35760082349979e-05,4.463523493782113e-05
3242,4.989937401311176e-05,3.899782925084585e-05,4.35539705217655e-05,4.4618743957378414e-05
3243,4.9876049361116196e-05,3.8973160299548816e-05,4.354898993416155e-05,4.4589148721301966e-05
3244,4.985821071253634e-05,3.896470606868218e-05,4.353270987284247e-05,4.457763012867531e-05
3245,4.98426606118553e-05,3.895323430606193e-05,4.350901112708659e-05,4.45693783974912e-05
3246,4.981925048677344e-05,3.89371727746062e-05,4.3500807634695734e-05,4.455249259992168e-05
3247,4.980878943077264e-05,3.892036840056324e-05,4.3484125411235974e-05,4.4521398740744466e-05
3248,4.9782370364937793e-05,3.890089426606621e-05,4.3466929799671454e-05,4.4516654446846046e-05
3249,4.977729799565282e-05,3.8881032902568375e-05,4.3436491572836e-05,4.4489253413860216e-05
3250,4.975180183858066e-05,3.8879808052240224e-05,4.3437094881751853e-05,4.449107237939976e-05
3251,4.973881831466191e-05,3.8864365862100414e-05,4.3412359213369116e-05,4.447151837189837e-05
3252,4.9711907990584845e-05,3.883790745388918e-05,4.3393932863658075e-05,4.444286394677599e-05
3253,4.969556667971743e-05,3.883000029936427e-05,4.337218112140246e-05,4.44343889896043e-05
3254,4.967127342954973e-05,3.8820984661601026e-05,4.3379022379279717e-05,4.4423138349035886e-05
3255,4.965890533584083e-05,3.8791608195789665e-05,4.333995192936588e-05,4.4403048048614094e-05
3256,4.9643552885877826e-05,3.879065746155454e-05,4.3330939311889595e-05,4.4381434401283805e-05
3257,4.9627425297036525e-05,3.875842516488558e-05,4.3317326156121796e-05,4.437073842960912e-05
3258,4.9610515851409705e-05,3.875224578477688e-05,4.3294785091030736e-05,4.435279076677232e-05
3259,4.958077053675331e-05,3.87233005178607e-05,4.326997881896829e-05,4.433707229033438e-05
3260,4.956813026783495e-05,3.870919656729015e-05,4.3262194649772754e-05,4.4331233684884024e-05
3261,4.954305288520441e-05,3.8694098559297374e-05,4.3236139574851254e-05,4.4300155210448416e-05
3262,4.9528394586318946e-05,3.8694650017586576e-05,4.3231465563420694e-05,4.42832856170035e-05
3263,4.951319951511809e-05,3.8674181806025187e-05,4.320461020447093e-05,4.426435754887089e-05
3264,4.949862869495672e-05,3.865646725243573e-05,4.318599832680957e-05,4.425727748127557e-05
3265,4.948073035021339e-05,3.86371275400948e-05,4.316992475915899e-05,4.423923739008819e-05
3266,4.945939399068293e-05,3.862592320555997e-05,4.316140541564833e-05,4.421001552743082e-05
3267,4.943728162525193e-05,3.860608343652023e-05,4.3143420623412196e-05,4.4202793941263307e-05
3268,4.9411347494814335e-05,3.859888555613787e-05,4.313159538051281e-05,4.419368315542637e-05
3269,4.940139638744891e-05,3.8576892679979596e-05,4.310782091705611e-05,4.4178760407048956e-05
3270,4.937509674509021e-05,3.855778898171349e-05,4.309198424061861e-05,4.416083786171356e-05
3271,4.9363187815459726e-05,3.855148418783679e-05,4.308177864988848e-05,4.4136419698605465e-05
3272,4.9347638929615474e-05,3.853937267214351e-05,4.305659869370179e-05,4.412072225594979e-05
3273,4.93247701652033e-05,3.851794810354261e-05,4.3041899454610974e-05,4.4113465220842524e-05
3274,4.931308564925362e-05,3.850531872331354e-05,4.301919886396995e-05,4.4094849787947755e-05
3275,4.928913063983588e-05,3.849319732335047e-05,4.300597416919806e-05,4.406812216235263e-05
3276,4.9277221918636275e-05,3.846324393428853e-05,4.298443281710089e-05,4.4065903923885686e-05
3277,4.924779887844716e-05,3.846068911390529e-05,4.296951335358927e-05,4.4024838546220116e-05
3278,4.9235614537265495e-05,3.8436005155419524e-05,4.295940765157926e-05,4.4025569885393764e-05
3279,4.922368681693138e-05,3.842638609329655e-05,4.294523964294627e-05,4.400407263411389e-05
3280,4.919524766943988e-05,3.840957605353555e-05,4.291539056620833e-05,4.3982561002546894e-05
3281,4.918034893024164e-05,3.840111636921023e-05,4.291330502041148e-05,4.3982735420527034e-05
3282,4.917259680892658e-05,3.83726515825279e-05,4.289606239596118e-05,4.395565619030847e-05
3283,4.914731125133048e-05,3.836005436662135e-05,4.287064870227777e-05,4.394081499702367e-05
3284,4.91298768590952e-05,3.835011101939793e-05,4.285532768493623e-05,4.391714774034481e-05
3285,4.911259425789781e-05,3.833901959996458e-05,4.28424299720482e-05,4.390678080426883e-05
3286,4.908696524214346e-05,3.832193769721874e-05,4.2819711274768004e-05,4.390222456193598e-05
3287,4.907229130240512e-05,3.8296645122432214e-05,4.281618885269612e-05,4.388078358917485e-05
3288,4.905337749186143e-05,3.828446520249163e-05,4.2787277095056693e-05,4.385289847232978e-05
3289,4.9040606179163456e-05,3.8288573459133956e-05,4.2782478560278216e-05,4.3848226893738286e-05
3290,4.902139345860984e-05,3.8265558315782306e-05,4.276040936273048e-05,4.3832932073288685e-05
3291,4.900299351322773e-05,3.823576407623895e-05,4.274414076825839e-05,4.381079567333339e-05
3292,4.898476753919933e-05,3.8228125764655316e-05,4.27314576534214e-05,4.379186610233233e-05
3293,4.896493400746474e-05,3.820815616029374e-05,4.271549838825282e-05,4.377722782504903e-05
3294,4.894701341242487e-05,3.820417529181342e-05,4.2690194012277767e-05,4.375599437868942e-05
3295,4.892734032727821e-05,3.818065916293538e-05,4.268608377743813e-05,4.37389354391198e-05
3296,4.891342520593637e-05,3.8162122915626595e-05,4.265569418719747e-05,4.373147102816448e-05
3297,4.890051143993432e-05,3.8149596789845146e-05,4.264799630854823e-05,4.370672149571476e-05
3298,4.8880530334164096e-05,3.813818803897777e-05,4.262811276901949e-05,4.369826284290512e-05
3299,4.885748331447183e-05,3.8110984808093424e-05,4.2617573456011134e-05,4.368443109950001e-05
3300,4.884404942732883e-05,3.810852792473805e-05,4.2599142498139275e-05,4.3664438105621e-05
3301,4.882799389985424e-05,3.809385159308404e-05,4.2572277303261705e-05,4.365728393000511e-05
3302,4.880686119753065e-05,3.807906834162692e-05,4.256493136429802e-05,4.364265177725594e-05
3303,4.8788764477289626e-05,3.8053066630701183e-05,4.256007279649637e-05,4.362157498713733e-05
3304,4.8776513970899446e-05,3.804452085787106e-05,4.253722670834006e-05,4.361375322184115e-05
3305,4.875796221364119e-05,3.803090927985073e-05,4.251211184163807e-05,4.358307860311801e-05
3306,4.873585990898671e-05,3.800873514452084e-05,4.249870508501945e-05,4.357404096145909e-05
3307,4.871324470517813e-05,3.800795679763468e-05,4.2478645498118894e-05,4.3561035389329845e-05
3308,4.8703080492258595e-05,3.798877626883204e-05,4.246737801853802e-05,4.353871704363022e-05
3309,4.869244424993034e-05,3.796504760665393e-05,4.2446440196123455e-05,4.3519381756501385e-05
3310,4.86618923680892e-05,3.795420522246147e-05,4.243231575843678e-05,4.351009485050891e-05
3311,4.864808509386266e-05,3.7942763214399364e-05,4.240866353042374e-05,4.3489851169152674e-05
3312,4.8629201448223044e-05,3.791799431995076e-05,4.2395666292711586e-05,4.347457682163042e-05
3313,4.862179517569352e-05,3.791208518652808e-05,4.2387049164009126e-05,4.34602187852826e-05
3314,4.860011036972568e-05,3.790001275357539e-05,4.23669293251439e-05,4.344317357372252e-05
3315,4.857839311725385e-05,3.7885918784931614e-05,4.234832167398231e-05,4.343620939494415e-05
3316,4.8559215510592926e-05,3.786437781685379e-05,4.233978522474418e-05,4.3407045220418914e-05
3317,4.854278766260909e-05,3.785105886523495e-05,4.2318223688775426e-05,4.3391201174224264e-05
3318,4.852677085003853e-05,3.783013986516623e-05,4.230243482633802e-05,4.3379190620110136e-05
3319,4.851059935968969e-05,3.782752859850202e-05,4.22894486149183e-05,4.337018912179828e-05
3320,4.848925548763784e-05,3.779896842942392e-05,4.2272618269453766e-05,4.3352297392565375e-05
3321,4.8470412414098926e-05,3.779633451120707e-05,4.2250789125795474e-05,4.3335774344039245e-05
3322,4.84533925499913e-05,3.7780352056349826e-05,4.224010651563018e-05,4.3312779012343166e-05
3323,4.843340395722275e-05,3.77556108550109e-05,4.22272131555338e-05,4.3310839046693225e-05
3324,4.8418283219831034e-05,3.774961479643061e-05,4.2205423910056715e-05,4.32882766796242e-05
3325,4.8408965620057385e-05,3.773774225468258e-05,4.2186604196188624e-05,4.3266899063920455e-05
3326,4.8384036518032416e-05,3.771684741443094e-05,4.218602552190415e-05,4.32666883153621e-05
3327,4.836807598401817e-05,3.770152449720578e-05,4.215876710757782e-05,4.324276687566693e-05
3328,4.835031968399947e-05,3.768347611128602e-05,4.214569988638569e-05,4.32259134450991e-05
3329,4.8332506362913883e-05,3.767837379378561e-05,4.21209152234793e-05,4.321118371120207e-05
3330,4.8318587637917046e-05,3.7663431781375616e-05,4.211326310188164e-05,4.319211621797787e-05
3331,4.830153312668745e-05,3.765041057617215e-05,4.2096787165306826e-05,4.317990120809132e-05
3332,4.828850013072022e-05,3.7631804406186666e-05,4.20842540860092e-05,4.316560636294688e-05
3333,4.82654969043158e-05,3.761999642354866e-05,4.205729229865469e-05,4.3145503093010374e-05
3334,4.8251847268850114e-05,3.760122878909203e-05,4.2042085938401484e-05,4.312389519006545e-05
3335,4.823355869781903e-05,3.7589157374692774e-05,4.202919639184708e-05,4.312083389096242e-05
3336,4.821289561542387e-05,3.758209892321222e-05,4.200764614180734e-05,4.310004973485256e-05
3337,4.81985288752356e-05,3.7569472621560464e-05,4.1993083271057526e-05,4.309049479298635e-05
3338,4.8180063365784655e-05,3.753901015518313e-05,4.1990465685849626e-05,4.306603076629248e-05
3339,4.816760431503658e-05,3.753632704612806e-05,4.197091865709693e-05,4.3057223467832805e-05
3340,4.813846764647619e-05,3.751058127195049e-05,4.1952137456339416e-05,4.304827133668276e-05
3341,4.812640132119433e-05,3.7494421386562556e-05,4.193446271292786e-05,4.30210881508546e-05
3342,4.8108827395804954e-05,3.749313628999355e-05,4.1915839443910326e-05,4.300188815925982e-05
3343,4.809372002734281e-05,3.7478098811957066e-05,4.1909497840803095e-05,4.298896914668247e-05
3344,4.807767426097868e-05,3.746047218641084e-05,4.189216246372866e-05,4.297850184786479e-05
3345,4.805657552778791e-05,3.743536741731165e-05,4.1868120229354704e-05,4.296175209710325e-05
3346,4.804597460612337e-05,3.742780296473488e-05,4.184902643192919e-05,4.2944221954990114e-05
3347,4.802412494354079e-05,3.74205494733683e-05,4.183840483558451e-05,4.293772038814754e-05
3348,4.8008915715038754e-05,3.7400065425435585e-05,4.182192326415473e-05,4.2911473719323835e-05
3349,4.79883560427359e-05,3.7381962550187105e-05,4.180914907469351e-05,4.289746881518278e-05
3350,4.7981002985214425e-05,3.736438958525149e-05,4.179959846637723e-05,4.288231043318574e-05
3351,4.795622198779214e-05,3.7347495392114524e-05,4.1778519669318854e-05,4.286440647416094e-05
3352,4.793919290391465e-05,3.733709431242335e-05,4.176309480308349e-05,4.285823219812181e-05
3353,4.7928850861890614e-05,3.7322121394798205e-05,4.174799158495795e-05,4.284172126938456e-05
3354,4.790469032987494e-05,3.73135375367e-05,4.1739320229064716e-05,4.2821426290224246e-05
3355,4.7884412961715196e-05,3.72936011052166e-05,4.1711797289064814e-05,4.280384373617834e-05
3356,4.7875658927157546e-05,3.728508988240297e-05,4.1699326482396444e-05,4.2796160133033835e-05
3357,4.785390727399758e-05,3.7279100621313304e-05,4.169258633869579e-05,4.277526359609436e-05
3358,4.783776245414841e-05,3.725845318002711e-05,4.166573371822182e-05,4.276153787219852e-05
3359,4.7820258089908446e-05,3.7245458737056764e-05,4.164199970305881e-05,4.274586073974889e-05
3360,4.780385684265152e-05,3.723069804056972e-05,4.163996768284516e-05,4.273745471221878e-05
3361,4.7788467341939105e-05,3.720317447559838e-05,4.1625429267012685e-05,4.272378034856534e-05
3362,4.777691182242544e-05,3.719990022223366e-05,4.160903769602056e-05,4.2697485591457406e-05
3363,4.7751434735200425e-05,3.718764467305537e-05,4.1582239315852524e-05,4.2689025626362344e-05
3364,4.773061526381902e-05,3.7169627588784824e-05,4.158144910148138e-05,4.26714053714317e-05
3365,4.771497057850576e-05,3.715465914383376e-05,4.155764030761506e-05,4.266334963001222e-05
3366,4.7703422662414664e-05,3.714129967426612e-05,4.154848376111388e-05,4.264333638739352e-05
3367,4.7683763203545966e-05,3.713115100651958e-05,4.153754656069608e-05,4.263094331805103e-05
3368,4.766954990418689e-05,3.711491298305556e-05,4.151318423033684e-05,4.2610246382536606e-05
3369,4.765657115199728e-05,3.711027305749604e-05,4.149799755479616e-05,4.258491123125159e-05
3370,4.7633364663123214e-05,3.709215766982311e-05,4.149164898914454e-05,4.257427310506515e-05
3371,4.761565837091785e-05,3.707427684511633e-05,4.146700366470886e-05,4.256723901382081e-05
3372,4.759780361762136e-05,3.706065474445963e-05,4.14444733691387e-05,4.254818867725208e-05
3373,4.7585153414323996e-05,3.7039162099476565e-05,4.1430501871332187e-05,4.25376275893695e-05
3374,4.756718174479992e-05,3.703021818265956e-05,4.141505171105933e-05,4.251757227425006e-05
3375,4.755233914151045e-05,3.701546641037595e-05,4.1406995604576154e-05,4.250368321102666e-05
3376,4.753560630761879e-05,3.700045634680533e-05,4.1384993168500954e-05,4.249213440560254e-05
3377,4.751929930681652e-05,3.698809715817756e-05,4.1369000523527385e-05,4.247107108054978e-05
3378,4.750151461360396e-05,3.696625653635858e-05,4.1356831414135836e-05,4.2454164274006104e-05
3379,4.7484599395948357e-05,3.695858778063905e-05,4.134480777347283e-05,4.2440636062849906e-05
3380,4.746259660950848e-05,3.695182481401064e-05,4.13289018175595e-05,4.242433379183784e-05
3381,4.745230382546473e-05,3.6932088564320365e-05,4.131671346170939e-05,4.24188101211258e-05
3382,4.7437387946279546e-05,3.693012146336965e-05,4.129665923510927e-05,4.2398412699374535e-05
3383,4.74173486981329e-05,3.690233046482536e-05,4.127697902645757e-05,4.237579933589395e-05
3384,4.74052606254041e-05,3.688831355014995e-05,4.1265244441732384e-05,4.237057173049616e-05
3385,4.7388741999592215e-05,3.688249900906492e-05,4.125326243557755e-05,4.23606845546125e-05
3386,4.73701125192825e-05,3.686496412214381e-05,4.123048808488668e-05,4.2339632683928335e-05
3387,4.7353487848793926e-05,3.684470901385054e-05,4.12311138153192e-05,4.232263244358725e-05
3388,4.7338400298940174e-05,3.683764086147235e-05,4.120920676446332e-05,4.2316308516810975e-05
3389,4.7322751491910684e-05,3.6811985761886165e-05,4.1191398448343715e-05,4.228904656476725e-05
3390,4.730703542869277e-05,3.681059770606517e-05,4.117425128262829e-05,4.227951290184566e-05
3391,4.728892312856236e-05,3.678591337032377e-05,4.1166394180795425e-05,4.2261395894628096e-05
3392,4.726955996825672e-05,3.678294727270182e-05,4.1149936151610714e-05,4.224992228183403e-05
3393,4.725467933856236e-05,3.676334448595142e-05,4.1134089346637696e-05,4.223478584235432e-05
3394,4.723800443993851e-05,3.6746259918097296e-05,4.1117755085542506e-05,4.221944257053211e-05
3395,4.722499747665977e-05,3.673664906523874e-05,4.1100196474201e-05,4.2203993106164974e-05
3396,4.7203222900989735e-05,3.672406462959987e-05,4.108303848308199e-05,4.2186119626079834e-05
3397,4.718935770211885e-05,3.6708859866072064e-05,4.107408360221983e-05,4.2177730586030956e-05
3398,4.7171025179009356e-05,3.669299930975531e-05,4.105982307682665e-05,4.2173951020147437e-05
3399,4.7157796042587834e-05,3.6687144821286036e-05,4.1034835115379316e-05,4.2146964892360516e-05
3400,4.714191147810466e-05,3.666402670388399e-05,4.10244726525377e-05,4.2134669415949254e-05
3401,4.712737011560804e-05,3.665365556661573e-05,4.1019483082349535e-05,4.211804945624306e-05
3402,4.7111764923718445e-05,3.664129440026735e-05,4.0998035709519397e-05,4.210456700482758e-05
3403,4.708993128124044e-05,3.663272092835914e-05,4.098139643388935e-05,4.209202296416296e-05
3404,4.707433952644559e-05,3.6614784371130315e-05,4.0965092848670956e-05,4.207419810112344e-05
3405,4.705865018114987e-05,3.6593930201858255e-05,4.095306953976917e-05,4.206078774132153e-05
3406,4.704393594170595e-05,3.658238125291188e-05,4.093183178098403e-05,4.204607686928887e-05
3407,4.702436073992282e-05,3.6571208245755654e-05,4.092362114133513e-05,4.203755013753977e-05
3408,4.701301592955072e-05,3.656052503904505e-05,4.09130174384866e-05,4.201117206703979e-05
3409,4.699049113363666e-05,3.6546040647231334e-05,4.08902276801609e-05,4.199987230216867e-05
3410,4.6977394379721935e-05,3.6531954876350814e-05,4.087797670457535e-05,4.1985261882917165e-05
3411,4.695949556550662e-05,3.651351223720279e-05,4.0858504517006115e-05,4.196892832792688e-05
3412,4.6948711721966266e-05,3.650518040316686e-05,4.084309129107763e-05,4.195895759517514e-05
3413,4.693340425534863e-05,3.648849910945441e-05,4.0833597679081174e-05,4.194084011167871e-05
3414,4.691614255956412e-05,3.6470497166805556e-05,4.082109206116883e-05,4.193304926517579e-05
3415,4.6897434351433335e-05,3.6466171651014494e-05,4.0803226682590276e-05,4.191604671949828e-05
3416,4.688064993459938e-05,3.645180398002558e-05,4.0791793583468257e-05,4.1900293655372095e-05
3417,4.686806477273287e-05,3.643351242958323e-05,4.077081199833122e-05,4.188101109863011e-05
3418,4.684852291389798e-05,3.641447960869272e-05,4.076385194570888e-05,4.187066128584462e-05
3419,4.682999345367549e-05,3.6406710008290934e-05,4.0744147222337906e-05,4.185155996009873e-05
3420,4.681604810866524e-05,3.6395253949880926e-05,4.072649329349201e-05,4.1837050270913266e-05
3421,4.679882233511118e-05,3.63813500946101e-05,4.071111366792534e-05,4.183095840400954e-05
3422,4.678737820917413e-05,3.6367642617431814e-05,4.0695163960372774e-05,4.1813836699530326e-05
3423,4.6765745791317304e-05,3.635582069091688e-05,4.068476869607723e-05,4.179573553429788e-05
3424,4.675009530072996e-05,3.634229292073864e-05,4.066941023895156e-05,4.178382068812926e-05
3425,4.6732708171550446e-05,3.632884371943053e-05,4.0655410247824335e-05,4.17679025645781e-05
3426,4.6717624294169786e-05,3.6310490553414e-05,4.063889137718522e-05,4.175493407361504e-05
3427,4.670381875403426e-05,3.6299825060736216e-05,4.062597447454094e-05,4.174153160867836e-05
3428,4.6689844138891437e-05,3.6288175934832264e-05,4.0610832194890235e-05,4.172643083793722e-05
3429,4.667535519495168e-05,3.62759432161171e-05,4.059354700201032e-05,4.1709902870365795e-05
3430,4.6649147750175355e-05,3.626049364038634e-05,4.0574721153978644e-05,4.17032235139672e-05
3431,4.6640961227642953e-05,3.62415212793896e-05,4.0566048323575824e-05,4.168696311617537e-05
3432,4.662498572482245e-05,3.6229219970417385e-05,4.055524901536603e-05,4.166990935151085e-05
3433,4.6611572813216535e-05,3.622058924872932e-05,4.0541723680310356e-05,4.1655134586816315e-05
3434,4.6593811127062075e-05,3.6199768596638256e-05,4.05158853911085e-05,4.163959244186441e-05
3435,4.65774013943569e-05,3.619160349432345e-05,4.0510226182789556e-05,4.16286064810858e-05
3436,4.65587519100713e-05,3.618008765086357e-05,4.049774867547611e-05,4.161522242747908e-05
3437,4.654172315967052e-05,3.616882647899809e-05,4.0477122701399936e-05,4.159872759307633e-05
3438,4.652743323300663e-05,3.615401016956737e-05,4.045845790757981e-05,4.1582904614987244e-05
3439,4.650938956405281e-05,3.613965149019125e-05,4.044782882872442e-05,4.1564589191311066e-05
3440,4.649190119493582e-05,3.6122483798436524e-05,4.043321348554587e-05,4.1552185365037655e-05
3441,4.647983979015069e-05,3.610638928423694e-05,4.041908069570517e-05,4.1535683230520304e-05
3442,4.6467226615337987e-05,3.609463901831071e-05,4.04070790540869e-05,4.152284432011934e-05
3443,4.6453374654383354e-05,3.6084788869739425e-05,4.039290695314572e-05,4.150676854558906e-05
3444,4.64377295951108e-05,3.607441086327927e-05,4.037323881900947e-05,4.149288641219348e-05
3445,4.64152383459255e-05,3.605840567886828e-05,4.035791121799705e-05,4.1476296335915524e-05
3446,4.64011491195223e-05,3.604981753924671e-05,4.0351783920783275e-05,4.146734372084774e-05
3447,4.638427610766136e-05,3.6034128483807335e-05,4.032874772280705e-05,4.1459671012036365e-05
3448,4.6369627713909195e-05,3.602195672814676e-05,4.0318015881788597e-05,4.143740611153693e-05
3449,4.635051789022429e-05,3.600398866417588e-05,4.0306154332640414e-05,4.1425286648750876e-05
3450,4.6340627751545136e-05,3.59882801944832e-05,4.028687129132306e-05,4.1406759122851334e-05
3451,4.632180540299029e-05,3.597574713535325e-05,4.027498067089976e-05,4.139688165743049e-05
3452,4.630907927119609e-05,3.596594119296827e-05,4.0260927679102147e-05,4.1381775379377786e-05
3453,4.629278686292979e-05,3.595799711252931e-05,4.024282318376537e-05,4.1374522833703835e-05
3454,4.6278982998780674e-05,3.5939799154110945e-05,4.023185786929709e-05,4.136189847830916e-05
3455,4.626083586224094e-05,3.5927605314639385e-05,4.0222695028652844e-05,4.133953087328344e-05
3456,4.624932340402878e-05,3.590810307044749e-05,4.019838747230467e-05,4.132312074864839e-05
3457,4.623010377488853e-05,3.590221795394096e-05,4.019018350262935e-05,4.131679703036211e-05
3458,4.6216327942011985e-05,3.588679735503128e-05,4.017465566872585e-05,4.129568912094493e-05
3459,4.6202253211385496e-05,3.5872319797169274e-05,4.016103987413052e-05,4.128490376162341e-05
3460,4.618117812758707e-05,3.586389386047255e-05,4.0144348110324245e-05,4.126138041281673e-05
3461,4.616610651828503e-05,3.584843425123077e-05,4.012435019347788e-05,4.1258244504563294e-05
3462,4.6152092819061405e-05,3.5835798705768365e-05,4.0114745911317836e-05,4.124928158355249e-05
3463,4.613741072899719e-05,3.5819798154965145e-05,4.0098141466816134e-05,4.123047787580206e-05
3464,4.612482062084403e-05,3.5805727211630385e-05,4.008802943536614e-05,4.1216171477469166e-05
3465,4.6103552129143765e-05,3.57949680418168e-05,4.0073808481944e-05,4.120226102389428e-05
3466,4.6090774220346485e-05,3.578392159879641e-05,4.006209001716823e-05,4.118858796503436e-05
3467,4.6073491493990774e-05,3.5773372742564276e-05,4.0045559799049035e-05,4.117468020113572e-05
3468,4.605879394117823e-05,3.5753259890566277e-05,4.002837550603034e-05,4.115303654321116e-05
3469,4.604759150289472e-05,3.574308606451526e-05,4.001789821848693e-05,4.115061645143819e-05
3470,4.6026771508015246e-05,3.572975067849983e-05,4.000489410780589e-05,4.1130156413045494e-05
3471,4.6011383992490464e-05,3.5718005195877195e-05,3.9985288462593755e-05,4.1116468660202454e-05
3472,4.6001900324397096e-05,3.570396796445281e-05,3.997350911179093e-05,4.11063933754905e-05
3473,4.597961625774147e-05,3.568666796147665e-05,3.996320711070785e-05,4.108898743937855e-05
3474,4.596678444713744e-05,3.567757776621673e-05,3.994265809026455e-05,4.1077370135852266e-05
3475,4.595312291580783e-05,3.566289479967562e-05,3.993525136092431e-05,4.106122774520127e-05
3476,4.5936305756751097e-05,3.5647860092834484e-05,3.9915621726422407e-05,4.1050809713383e-05
3477,4.592497412438262e-05,3.563833310333081e-05,3.990277348307355e-05,4.103741251193154e-05
3478,4.590728903430499e-05,3.562952804699148e-05,3.989233101504416e-05,4.1022181790092245e-05
3479,4.589445678190259e-05,3.5615696302433826e-05,3.987227930510864e-05,4.100774520079949e-05
3480,4.5875000905318765e-05,3.559797883992909e-05,3.985690251149272e-05,4.0989083213686616e-05
3481,4.586039333791575e-05,3.558903743881389e-05,3.984668395464676e-05,4.098086954768165e-05
3482,4.584166257194069e-05,3.557574137155888e-05,3.9836691218236236e-05,4.096502041108783e-05
3483,4.5825382560306536e-05,3.556104384161742e-05,3.981872389588785e-05,4.0952201492481036e-05
3484,4.58146672761097e-05,3.554933041792364e-05,3.9799242038723634e-05,4.093912014565607e-05
3485,4.5797267521533906e-05,3.5532689368947104e-05,3.979091303793299e-05,4.092533728788716e-05
3486,4.578203164656222e-05,3.5521700843020006e-05,3.9780592353541586e-05,4.090911001063232e-05
3487,4.577169805897698e-05,3.5510939626171436e-05,3.9764862762560715e-05,4.0894261306261275e-05
3488,4.575113198791469e-05,3.549767927035012e-05,3.974525321792056e-05,4.088361500561086e-05
3489,4.5736623204261394e-05,3.548187467382537e-05,3.973281971958247e-05,4.0869207219408914e-05
3490,4.572321828881472e-05,3.5476282399741237e-05,3.971778955461345e-05,4.0850624238311165e-05
3491,4.5706123567049245e-05,3.545427029347078e-05,3.970667038852932e-05,4.0839649085379676e-05
3492,4.569031089378568e-05,3.544586380980511e-05,3.969113660140261e-05,4.082995173971956e-05
3493,4.56786584280595e-05,3.543233022916847e-05,3.96821265619802e-05,4.0812843304920966e-05
3494,4.565975201468663e-05,3.5416319946752585e-05,3.9664276169937456e-05,4.079954896852423e-05
3495,4.5647162136061133e-05,3.540620310498285e-05,3.965481828285097e-05,4.0787993230569474e-05
3496,4.563080056456943e-05,3.539523585102877e-05,3.96390162344385e-05,4.0775200402138326e-05
3497,4.561370593419124e-05,3.538534204201798e-05,3.962564935365782e-05,4.0758700277230096e-05
3498,4.560447959496774e-05,3.537663783004214e-05,3.961066268472401e-05,4.074542653950806e-05
3499,4.5585133839613916e-05,3.536095450878669e-05,3.959881799698914e-05,4.073160799677849e-05
3500,4.5567673461947145e-05,3.534312565799804e-05,3.957922721892723e-05,4.071767006671655e-05
3501,4.5558364064538424e-05,3.533492919829197e-05,3.956729727482646e-05,4.0702986799241405e-05
3502,4.5538787252190876e-05,3.5320812133957415e-05,3.955674740490226e-05,4.068762876409922e-05
3503,4.552605037802939e-05,3.5308433975648794e-05,3.954167036619191e-05,4.0681664606241174e-05
3504,4.550990898842283e-05,3.529372894460157e-05,3.952665797816902e-05,4.06618450938613e-05
3505,4.5495279426625736e-05,3.527924178558943e-05,3.9516953763586344e-05,4.065054150131749e-05
3506,4.5480493930841376e-05,3.526797557101749e-05,3.9498539269865356e-05,4.064135510433427e-05
3507,4.546218185907469e-05,3.5257965086904806e-05,3.948711533932367e-05,4.062665198057371e-05
3508,4.544812306472872e-05,3.52449602137904e-05,3.947007353744375e-05,4.061248244203901e-05
3509,4.5434838325786054e-05,3.5229837893803024e-05,3.945888420473211e-05,4.059867289517303e-05
3510,4.541741626473376e-05,3.5221083252551134e-05,3.944446031262147e-05,4.058268526762087e-05
3511,4.540305917681694e-05,3.520770653125747e-05,3.943025308313871e-05,4.0567890707047425e-05
3512,4.539245025840611e-05,3.51931301188564e-05,3.9418720137772874e-05,4.0556076824031595e-05
3513,4.537027564357013e-05,3.518331198227369e-05,3.940435085921642e-05,4.05386918316123e-05
3514,4.5362024874417817e-05,3.5163958336682914e-05,3.939065522526815e-05,4.0524164692973947e-05
3515,4.5347434105183e-05,3.515381306512702e-05,3.937485294070497e-05,4.0514750052776634e-05
3516,4.5331950202119174e-05,3.514548995786794e-05,3.936434803678312e-05,4.050321698923054e-05
3517,4.5314377619756076e-05,3.512952532002033e-05,3.9347836883559517e-05,4.048832839596192e-05
3518,4.530363023023753e-05,3.51173456484376e-05,3.933602041064744e-05,4.0478353669868566e-05
3519,4.528493274193583e-05,3.510424754511251e-05,3.932313221117346e-05,4.0459475711141276e-05
3520,4.52673027558571e-05,3.509683559055798e-05,3.930155475551606e-05,4.0448423542886814e-05
3521,4.525942644559456e-05,3.5089561213722225e-05,3.929516584799493e-05,4.04395581286196e-05
3522,4.5239664844599904e-05,3.506960695048568e-05,3.9281239348092146e-05,4.0422669313085987e-05
3523,4.5227267597681846e-05,3.505870204348771e-05,3.927099680158665e-05,4.040699528868426e-05
3524,4.520963736543437e-05,3.504849608800315e-05,3.925341438259664e-05,4.039320785537087e-05
3525,4.519695715184976e-05,3.502861491565904e-05,3.9238238527038805e-05,4.03777878402025e-05
3526,4.518232583082807e-05,3.501530951943636e-05,3.922865547090424e-05,4.036964615206732e-05
3527,4.5165811703445756e-05,3.500842975898157e-05,3.921231106616832e-05,4.03527448168548e-05
3528,4.5152816660401424e-05,3.4989873294664976e-05,3.920173604512148e-05,4.034228683229047e-05
3529,4.513922554977665e-05,3.497938866123494e-05,3.919010945687922e-05,4.032798158661475e-05
3530,4.512293566533314e-05,3.496997880277996e-05,3.9171717982240185e-05,4.031598451234361e-05
3531,4.510879372809689e-05,3.495401822294455e-05,3.9155732444816306e-05,4.0304315497473286e-05
3532,4.509319692905258e-05,3.4946900625589935e-05,3.914618372390109e-05,4.0287117152165575e-05
3533,4.507835355178533e-05,3.493412380544073e-05,3.9135312322626167e-05,4.0278409291325085e-05
3534,4.5066994808713594e-05,3.491821014053071e-05,3.911712412455655e-05,4.026545834426578e-05
3535,4.504669668349962e-05,3.490327108907745e-05,3.9107905852492534e-05,4.025252911558836e-05
3536,4.503531707805938e-05,3.4896359922878156e-05,3.908993433726133e-05,4.0239165571802646e-05
3537,4.501981894025731e-05,3.4882195460946916e-05,3.907576075414993e-05,4.022184840169978e-05
3538,4.50074510270781e-05,3.48699834717533e-05,3.9060012430899045e-05,4.021290996260258e-05
3539,4.498935263486727e-05,3.485981549619611e-05,3.905256944359672e-05,4.0193187088249027e-05
3540,4.4974081299987386e-05,3.484436010274788e-05,3.9035892799144566e-05,4.0182624380894856e-05
3541,4.4961453230350316e-05,3.4836383996629724e-05,3.902523136634873e-05,4.0168022739200895e-05
3542,4.494329191554801e-05,3.48211267588652e-05,3.90090586547747e-05,4.0155222198024436e-05
3543,4.4934574670145536e-05,3.481336065255219e-05,3.899109090200082e-05,4.014449375352825e-05
3544,4.4918038278561025e-05,3.480030125370542e-05,3.898500921027167e-05,4.0131889571027706e-05
3545,4.490154465351228e-05,3.478850568521425e-05,3.89660281963835e-05,4.011514234899896e-05
3546,4.488783265324664e-05,3.4769918083292385e-05,3.895213530218191e-05,4.010608274433281e-05
3547,4.4876354287310544e-05,3.475961144704059e-05,3.8939463977104595e-05,4.009446417645361e-05
3548,4.485591034880984e-05,3.474543050204207e-05,3.892949632005784e-05,4.0073482812292995e-05
3549,4.4846115566656956e-05,3.4731564964874556e-05,3.891080959880554e-05,4.006381291167633e-05
3550,4.483293877591522e-05,3.472596976071369e-05,3.890343760445968e-05,4.005144501059539e-05
3551,4.481426305170237e-05,3.4712965668912126e-05,3.888961256951376e-05,4.0035373969093274e-05
3552,4.4800582756788787e-05,3.469632996987623e-05,3.887919346621789e-05,4.002598774403758e-05
3553,4.478710119496982e-05,3.468628085903372e-05,3.885959200324567e-05,4.0015376431148414e-05
3554,4.477320701049579e-05,3.467343986351587e-05,3.8849902701976543e-05,3.9998735922182e-05
3555,4.47583914882116e-05,3.466665046874932e-05,3.88347962071967e-05,3.9985563501041656e-05
3556,4.474493339715522e-05,3.4650265001093845e-05,3.88222673195481e-05,3.997352788236886e-05
3557,4.473109237306708e-05,3.463975756513779e-05,3.881210760330607e-05,3.995745575739429e-05
3558,4.471299511580786e-05,3.4628918120617355e-05,3.879413313691315e-05,3.99483290250752e-05
3559,4.470326099795818e-05,3.462208826788647e-05,3.878181014019821e-05,3.9937784194335344e-05
3560,4.468874876828566e-05,3.459671506780412e-05,3.8772984006147175e-05,3.99162147768799e-05
3561,4.467101264701923e-05,3.4592427223247065e-05,3.8758529564201935e-05,3.990653064552239e-05
3562,4.4655733231001054e-05,3.4580493544183235e-05,3.874178991232563e-05,3.989956887072658e-05
3563,4.464231118890159e-05,3.456755808526126e-05,3.873099199930502e-05,3.9885260631005725e-05
3564,4.4626961404371596e-05,3.4555660414533034e-05,3.87143444374381e-05,3.986925568165687e-05
3565,4.4616337645827375e-05,3.4543806418966866e-05,3.870792464305198e-05,3.9856008122359074e-05
3566,4.459936374156113e-05,3.4524214158313116e-05,3.8691045023879786e-05,3.984673566359298e-05
3567,4.45852119510102e-05,3.4519622237828685e-05,3.867904178448473e-05,3.983215888354774e-05
3568,4.4571278968946295e-05,3.4505645459670855e-05,3.8664715946819985e-05,3.9821303321112514e-05
3569,4.456024986791543e-05,3.448929576090651e-05,3.8650645694036424e-05,3.9804820187822146e-05
3570,4.454601728559074e-05,3.448091983930222e-05,3.86375524724341e-05,3.978868048632695e-05
3571,4.4528603375639184e-05,3.447095253107126e-05,3.862828803556741e-05,3.977874170771651e-05
3572,4.451409193556127e-05,3.445432273238035e-05,3.861156736428614e-05,3.976654960227386e-05
3573,4.450141011404409e-05,3.444533066918669e-05,3.859838712643539e-05,3.975522184725641e-05
3574,4.4488300785999784e-05,3.443665730015392e-05,3.8590055113209035e-05,3.974590578812918e-05
3575,4.4471427087717204e-05,3.4420759974955714e-05,3.8570594248149e-05,3.9734418465632354e-05
3576,4.4458199465282785e-05,3.4412651014620625e-05,3.8561008059613516e-05,3.97193419828017e-05
3577,4.444538803098073e-05,3.4398845783188926e-05,3.854794283443084e-05,3.970466588314842e-05
3578,4.4431043187230554e-05,3.438524620126951e-05,3.8534471557032043e-05,3.969279839654717e-05
3579,4.441433621747459e-05,3.437698814141385e-05,3.8518466023395756e-05,3.967580036442957e-05
3580,4.440350036077937e-05,3.4361868878433644e-05,3.850816572658268e-05,3.966770393940685e-05
3581,4.4385218244351366e-05,3.434951815376032e-05,3.8492406211238166e-05,3.965143103425168e-05
3582,4.437213817738547e-05,3.43406762633797e-05,3.8480828174828755e-05,3.964144958084641e-05
3583,4.435368451330849e-05,3.432308623133351e-05,3.847085352479035e-05,3.9623976015286925e-05
3584,4.4344853768856754e-05,3.431535592514904e-05,3.845637341085488e-05,3.96172618689546e-05
3585,4.433107956973707e-05,3.430471702956739e-05,3.844286861717074e-05,3.95983421967371e-05
3586,4.431661037140839e-05,3.429366872147435e-05,3.843175756364779e-05,3.958732389787179e-05
3587,4.429979767885619e-05,3.4282473181206106e-05,3.841580065280472e-05,3.957512764372305e-05
3588,4.428537113197382e-05,3.426820890673216e-05,3.840451288640604e-05,3.956385957423338e-05
3589,4.4274925259693546e-05,3.4258839188845506e-05,3.8395268506852414e-05,3.954865816627402e-05
3590,4.42598812188842e-05,3.424648611313517e-05,3.8378147502451094e-05,3.953340186959523e-05
3591,4.424533173059879e-05,3.4232285736292225e-05,3.836658211535328e-05,3.95266278807193e-05
3592,4.423173824669044e-05,3.421960272269873e-05,3.835302749836637e-05,3.9510723772774135e-05
3593,4.4218817022857744e-05,3.420924334250049e-05,3.83364978009257e-05,3.950032378064829e-05
3594,4.420414887085243e-05,3.419830996541655e-05,3.8327902856156395e-05,3.9484752887197495e-05
3595,4.419131035832518e-05,3.4185947105304365e-05,3.831515604259163e-05,3.947129472281221e-05
3596,4.417435272045649e-05,3.41725973168625e-05,3.8302352590899606e-05,3.945923769378122e-05
3597,4.416215346707829e-05,3.4160207161171137e-05,3.828521161453357e-05,3.944542424853135e-05
3598,4.4148853499017e-05,3.415183614448678e-05,3.827466384957363e-05,3.943470109997299e-05
3599,4.4133874300471457e-05,3.413487932150091e-05,3.826408954786156e-05,3.942526616604154e-05
3600,4.411868113076858e-05,3.4128073578601514e-05,3.8248878968559514e-05,3.940670632152271e-05
3601,4.410487604731414e-05,3.411250801828071e-05,3.823975199501225e-05,3.9402743055756736e-05
3602,4.4090546425657034e-05,3.41040582678907e-05,3.8223671796824065e-05,3.938574516896061e-05
3603,4.4079866543647306e-05,3.409268165042645e-05,3.8212493957939736e-05,3.93705757694633e-05
3604,4.406106790660119e-05,3.408443538351695e-05,3.819855151491265e-05,3.9359904583470975e-05
3605,4.405044062415008e-05,3.406714166717841e-05,3.8188147482975154e-05,3.934734682879111e-05
3606,4.403549739763572e-05,3.4053784843402644e-05,3.817189891753425e-05,3.933354771754294e-05
3607,4.4023796096251904e-05,3.404500497368959e-05,3.8160913047051784e-05,3.9320963216486724e-05
3608,4.400779050328413e-05,3.4035452201685306e-05,3.815087818242828e-05,3.9311417261377655e-05
3609,4.399500078779696e-05,3.4020440580641295e-05,3.813736187898221e-05,3.930008032007976e-05
3610,4.3980469532895456e-05,3.401297404513476e-05,3.812193034945286e-05,3.928190783325558e-05
3611,4.396362582245323e-05,3.399947461941213e-05,3.810763228948254e-05,3.927370172678114e-05
3612,4.39543671277159e-05,3.399154569548856e-05,3.8097226695068375e-05,3.926278325009268e-05
3613,4.39344295206718e-05,3.397645010628621e-05,3.8086588589016604e-05,3.924992136098318e-05
3614,4.392431238625393e-05,3.396654557862402e-05,3.807396623684886e-05,3.923806129959131e-05
3615,4.390959705501064e-05,3.3952738586922426e-05,3.805851731572498e-05,3.921813406775194e-05
3616,4.389715956145409e-05,3.394002465110423e-05,3.804812436949336e-05,3.921119459607958e-05
3617,4.3883774864279646e-05,3.393282049476066e-05,3.8033606036078526e-05,3.920270922846609e-05
3618,4.387047813763742e-05,3.3914632417680826e-05,3.8020744034316056e-05,3.9183157654425993e-05
3619,4.385552928484389e-05,3.390648078424373e-05,3.8005670203774476e-05,3.917219146012986e-05
3620,4.3842944489940195e-05,3.389140424999969e-05,3.799727094434465e-05,3.91584537894546e-05
3621,4.382942441612027e-05,3.388414971756234e-05,3.798397934948404e-05,3.914905660617726e-05
3622,4.3816314041597145e-05,3.387346190859045e-05,3.796976857782007e-05,3.9137935423097835e-05
3623,4.380009907897543e-05,3.386226801183366e-05,3.7956287947078156e-05,3.91233070471507e-05
3624,4.378652576768307e-05,3.384720152306754e-05,3.7947137634051536e-05,3.9113688952973565e-05
3625,4.377585347030905e-05,3.383848563816174e-05,3.793017757034527e-05,3.910124388024431e-05
3626,4.375876955113077e-05,3.382620036399266e-05,3.79207648859795e-05,3.909016433398848e-05
3627,4.3745890848107896e-05,3.381655991974853e-05,3.7909297474194155e-05,3.90740501416168e-05
3628,4.373410218492158e-05,3.380254499286732e-05,3.789703188269971e-05,3.906321786266883e-05
3629,4.372013036847388e-05,3.37947514169663e-05,3.7881972227388655e-05,3.904774346940536e-05
3630,4.370704018121482e-05,3.3778662478988795e-05,3.786944153051904e-05,3.903814762336309e-05
3631,4.369276651104792e-05,3.3767020537087964e-05,3.7858476359382986e-05,3.902440597114401e-05
3632,4.367960619306183e-05,3.376017781472988e-05,3.784553966330927e-05,3.901269443922696e-05
3633,4.3665044571616197e-05,3.374594770292217e-05,3.783359999970409e-05,3.900227665820305e-05
3634,4.364900767361247e-05,3.37312328174283e-05,3.782130843462007e-05,3.898672921475926e-05
3635,4.3640650197391576e-05,3.3724031735642486e-05,3.780702490597637e-05,3.897477428489879e-05
3636,4.36227920692862e-05,3.371223212750992e-05,3.779570704495857e-05,3.896321700888567e-05
3637,4.3609778618838934e-05,3.3702913675424615e-05,3.778257326404088e-05,3.89520530791898e-05
3638,4.3594655657665465e-05,3.368967507064564e-05,3.7771907302601324e-05,3.894078188549721e-05
3639,4.358154757160063e-05,3.367925250509043e-05,3.775822461281561e-05,3.8928380812036165e-05
3640,4.357041366878504e-05,3.3667163434992564e-05,3.774840100635498e-05,3.891494642875957e-05
3641,4.3557392049495193e-05,3.365450924080435e-05,3.7730974992069386e-05,3.890242703888389e-05
3642,4.354232244928582e-05,3.364643184466419e-05,3.772061743805756e-05,3.889043235780269e-05
3643,4.3528688805228425e-05,3.3633964523039896e-05,3.7705202304011324e-05,3.8877161340884596e-05
3644,4.3516294488981894e-05,3.362003271209796e-05,3.769778136675316e-05,3.886395995136311e-05
3645,4.350292203988679e-05,3.360846740875002e-05,3.768534374786342e-05,3.8854172571275064e-05
3646,4.34878078105818e-05,3.3600295607135175e-05,3.766919046088994e-05,3.884152044773622e-05
3647,4.3476692270770136e-05,3.3584531409071934e-05,3.765792709558487e-05,3.883039225132489e-05
3648,4.3462737888339465e-05,3.357686729589272e-05,3.7648151758848614e-05,3.881770956744411e-05
3649,4.344720504485952e-05,3.356434529441187e-05,3.763382058707269e-05,3.8805546683420984e-05
3650,4.343736130836248e-05,3.35549800917336e-05,3.762380218884091e-05,3.8790526625035876e-05
3651,4.342217865304898e-05,3.354442546300449e-05,3.7608663408810853e-05,3.877894950397906e-05
3652,4.340753279748453e-05,3.353219208340966e-05,3.7598736825127166e-05,3.877082654432257e-05
3653,4.339650716035189e-05,3.351886962919037e-05,3.758368525284786e-05,3.8755522598265204e-05
3654,4.338204538516908e-05,3.350843367440992e-05,3.757176734101406e-05,3.8744282449994695e-05
3655,4.3368765224461435e-05,3.349472796403447e-05,3.75621552138057e-05,3.873084124221549e-05
3656,4.3353834569770676e-05,3.348569785864712e-05,3.754436008330733e-05,3.871879605907044e-05
3657,4.3340870877256894e-05,3.347828804815288e-05,3.75350537821224e-05,3.870914350982721e-05
3658,4.332973338262195e-05,3.346285338116408e-05,3.752357235391208e-05,3.869752650896051e-05
3659,4.3313507217178404e-05,3.345146349382866e-05,3.751113760399225e-05,3.868434702083253e-05
3660,4.3301777564501547e-05,3.344141486148676e-05,3.750063141653687e-05,3.8671937976528e-05
3661,4.328797004543119e-05,3.342963009811006e-05,3.748543801749643e-05,3.866284689205581e-05
3662,4.3274352777114364e-05,3.341894040198301e-05,3.7474742052602085e-05,3.864829188230685e-05
3663,4.326116616400637e-05,3.340401600187348e-05,3.7459347215607016e-05,3.8634612873872396e-05
3664,4.3247543639095425e-05,3.340111613614887e-05,3.7451685464955445e-05,3.86255942582431e-05
3665,4.3233093714713945e-05,3.3386286277863105e-05,3.743674172611948e-05,3.8613648134135016e-05
3666,4.3222243175442253e-05,3.33760258966884e-05,3.7426186846300914e-05,3.860500230302726e-05
3667,4.320913989412069e-05,3.336635458562388e-05,3.741179086888967e-05,3.8590472140881867e-05
3668,4.319527270321978e-05,3.335376560589644e-05,3.7400519940956766e-05,3.857928820392889e-05
3669,4.318048738706083e-05,3.3342288901069416e-05,3.7388202813007255e-05,3.8564241775709376e-05
3670,4.3167733667156035e-05,3.3329762511259604e-05,3.737463003112195e-05,3.855394784370993e-05
3671,4.315403567358895e-05,3.3317692557156954e-05,3.736778384686611e-05,3.854045692171255e-05
3672,4.314272567572112e-05,3.330613572854248e-05,3.735292494870251e-05,3.8528737996444786e-05
3673,4.312785029345409e-05,3.3298211990552166e-05,3.733768162772174e-05,3.851469755545243e-05
3674,4.311633021934797e-05,3.328588924719384e-05,3.732477129867584e-05,3.850523775974538e-05
3675,4.3102240489154044e-05,3.327914584579812e-05,3.7317742727034235e-05,3.8493119740770236e-05
3676,4.309066946984584e-05,3.326384450205374e-05,3.730532486261755e-05,3.8481271030645504e-05
3677,4.3075598289167805e-05,3.325314038008761e-05,3.729645467437878e-05,3.846953776962435e-05
3678,4.30629684194201e-05,3.324417678431576e-05,3.727868659610565e-05,3.845821333536077e-05
3679,4.30489859265219e-05,3.322906165777981e-05,3.72683554616418e-05,3.844648496251997e-05
3680,4.3036515294192216e-05,3.321856284296108e-05,3.725511460161933e-05,3.84352399920877e-05
3681,4.302192585381885e-05,3.3209133806644225e-05,3.7241912854042144e-05,3.842217892239746e-05
3682,4.301205307235105e-05,3.319876814411617e-05,3.723013587648079e-05,3.8411966600911354e-05
3683,4.299524098643841e-05,3.318868296076589e-05,3.722143620736068e-05,3.839692597263558e-05
3684,4.298487703271996e-05,3.3177266532118246e-05,3.720335744481043e-05,3.838350641681005e-05
3685,4.297132031641841e-05,3.316622647589216e-05,3.719647623862735e-05,3.8375081056341256e-05
3686,4.295852740916813e-05,3.315527127939017e-05,3.7183378772343466e-05,3.8365319101230895e-05
3687,4.294443059968053e-05,3.3143914217845013e-05,3.7170601747676784e-05,3.8350466952003164e-05
3688,4.2930718920149314e-05,3.3134399290575835e-05,3.7161310177387944e-05,3.834038588524921e-05
3689,4.2918743004464884e-05,3.312244004427871e-05,3.7149975416120195e-05,3.8327513370402416e-05
3690,4.290424267466864e-05,3.3110545956068596e-05,3.7137774353324545e-05,3.8315465604695805e-05
3691,4.289103262563017e-05,3.309854744383954e-05,3.7126691004627646e-05,3.830531342035724e-05
3692,4.2878196809652544e-05,3.308554377293744e-05,3.7110861056199766e-05,3.8294532567380376e-05
3693,4.28656326163561e-05,3.308008524545334e-05,3.7098091869623904e-05,3.82811603415755e-05
3694,4.2853337117969104e-05,3.306805208667102e-05,3.708812016433926e-05,3.827043257223919e-05
3695,4.283986414975157e-05,3.305555051672779e-05,3.707560469036426e-05,3.825918469277209e-05
3696,4.282813086728774e-05,3.304572464736945e-05,3.7063972515545166e-05,3.8246037819397604e-05
3697,4.281522380128138e-05,3.303342414303555e-05,3.705167209390682e-05,3.823644582644737e-05
3698,4.2800875995294264e-05,3.302249765266471e-05,3.7039538500051864e-05,3.8219654993061926e-05
3699,4.279008996664504e-05,3.301217489102005e-05,3.702784556977793e-05,3.8215235945882867e-05
3700,4.277645107281388e-05,3.300310843109344e-05,3.701799842714671e-05,3.8200394004914375e-05
3701,4.2762559693746815e-05,3.299427825000802e-05,3.7002436351233164e-05,3.818972131209832e-05
3702,4.275008691095318e-05,3.298074786290868e-05,3.699480757631532e-05,3.8174909536357224e-05
3703,4.273554711709118e-05,3.296977987538433e-05,3.698267258737568e-05,3.816534245606243e-05
3704,4.272383753201764e-05,3.295890441096184e-05,3.69722403230787e-05,3.8153693438559495e-05
3705,4.271110557036631e-05,3.294860769270624e-05,3.695618764000659e-05,3.8141258717454435e-05
3706,4.269682074734803e-05,3.293415851141641e-05,3.694432827844511e-05,3.813038103706806e-05
3707,4.268626802171818e-05,3.2926155309450775e-05,3.693363966921981e-05,3.8118449352381046e-05
3708,4.267290420702883e-05,3.291595298968231e-05,3.692279875131989e-05,3.810863961841508e-05
3709,4.265856205445891e-05,3.290749129957255e-05,3.6911085898066254e-05,3.80945251465978e-05
3710,4.264746119111428e-05,3.2893942449245054e-05,3.689730437354043e-05,3.808183256572819e-05
3711,4.263530306851432e-05,3.2883351848145864e-05,3.688770451283733e-05,3.8073205685973095e-05
3712,4.26207709080887e-05,3.287309715976534e-05,3.6873738158353334e-05,3.805976455522802e-05
3713,4.2608172847000726e-05,3.2864304061236444e-05,3.6864814985922835e-05,3.8048231824190153e-05
3714,4.2595544282116984e-05,3.285039486426142e-05,3.685222673450562e-05,3.8034582442656587e-05
3715,4.258175536820342e-05,3.284219621022118e-05,3.684197226783771e-05,3.80263984967663e-05
3716,4.256827762929466e-05,3.283219933435821e-05,3.6828628717758947e-05,3.801364540270079e-05
3717,4.255592946977247e-05,3.281986598998834e-05,3.6818529119392464e-05,3.800388293722208e-05
3718,4.254471446956029e-05,3.2806175067273386e-05,3.680293860445816e-05,3.799085705606564e-05
3719,4.253092976114945e-05,3.279818661455625e-05,3.6794463841793866e-05,3.7979843863558726e-05
3720,4.251876615145565e-05,3.278553970405179e-05,3.677762839387988e-05,3.796683532590369e-05
3721,4.250462934286618e-05,3.277797479541909e-05,3.6769506597899345e-05,3.795502544904926e-05
3722,4.249515142838839e-05,3.2764742455052266e-05,3.675622005208541e-05,3.7943861510159624e-05
3723,4.247884309967134e-05,3.275536504298378e-05,3.674770053793584e-05,3.7934013663748525e-05
3724,4.246717228632375e-05,3.274487213828728e-05,3.67348829412119e-05,3.792025542674899e-05
3725,4.2455413844650104e-05,3.27326635585254e-05,3.672273985752063e-05,3.791033001515285e-05
3726,4.2443572800201605e-05,3.272152430615327e-05,3.671286794365788e-05,3.7897949781277104e-05
3727,4.2429950542497696e-05,3.2712202748924266e-05,3.6703846087329915e-05,3.7887320069342156e-05
3728,4.241803068666394e-05,3.2705116492990865e-05,3.668521258325273e-05,3.78752542850845e-05
3729,4.240299922354664e-05,3.269173097399546e-05,3.667864923702634e-05,3.7865866449648856e-05
3730,4.239181574358333e-05,3.2681266286214834e-05,3.666496944510316e-05,3.7854412610297255e-05
3731,4.2380109100698674e-05,3.267092466869471e-05,3.665399332861231e-05,3.783935597191289e-05
3732,4.2365888053091626e-05,3.2660901772832265e-05,3.663973357905561e-05,3.782934666312128e-05
3733,4.235263728552324e-05,3.264728208445994e-05,3.6630099483230525e-05,3.781870444675775e-05
3734,4.233998975742517e-05,3.263872573642306e-05,3.661849882670863e-05,3.780881820473892e-05
3735,4.232821748568318e-05,3.2630021354924906e-05,3.660857321585439e-05,3.779676495877881e-05
3736,4.2313603805358976e-05,3.261590825823908e-05,3.6595645768830314e-05,3.7784107498838325e-05
3737,4.2300928549975135e-05,3.2607568260618446e-05,3.658578162557661e-05,3.777132796238402e-05
3738,4.228829570600614e-05,3.259647630952708e-05,3.6573817502239884e-05,3.776238356676642e-05
3739,4.227880252863658e-05,3.2586354918813803e-05,3.656029628582342e-05,3.7750846512407266e-05
3740,4.226614662842731e-05,3.2577191368060236e-05,3.65488324743451e-05,3.7740868799992e-05
3741,4.225331007739259e-05,3.256377883975321e-05,3.6539478212702744e-05,3.772696070429574e-05
3742,4.2239837932065354e-05,3.2556109429810236e-05,3.6527592906618426e-05,3.771708668144262e-05
3743,4.222814343769998e-05,3.2543332427391336e-05,3.651491832022287e-05,3.770747499027943e-05
3744,4.221501834804007e-05,3.253217499884426e-05,3.6501092841364576e-05,3.7693441444396384e-05
3745,4.220450557420328e-05,3.252458472191986e-05,3.649258134009259e-05,3.768027311056254e-05
3746,4.2190250953418935e-05,3.251282874645459e-05,3.64793969585641e-05,3.7673152636218304e-05
3747,4.217834558004996e-05,3.250210251145077e-05,3.6469588721287255e-05,3.766107851279889e-05
3748,4.216565253119302e-05,3.2491374386994826e-05,3.645916656910961e-05,3.7648275332514474e-05
3749,4.215266596130326e-05,3.248085363889795e-05,3.644596862877338e-05,3.763763953953314e-05
3750,4.214112226517388e-05,3.246973938775335e-05,3.6437405404124005e-05,3.7626821133190735e-05
3751,4.212624168742202e-05,3.246267104795663e-05,3.642204401927134e-05,3.7616088405227875e-05
3752,4.211397606039869e-05,3.2449420826617145e-05,3.641164231469708e-05,3.7603612557857105e-05
3753,4.210229189883734e-05,3.244013689335436e-05,3.6401565172053627e-05,3.759292622085187e-05
3754,4.209041974608468e-05,3.24276606703385e-05,3.638846546467633e-05,3.757917200531873e-05
3755,4.207931251680447e-05,3.2419932691947786e-05,3.637876958910341e-05,3.756881137263517e-05
3756,4.206640841660595e-05,3.2410848491582865e-05,3.636616710805825e-05,3.756029781863339e-05
3757,4.205486646514407e-05,3.239897884096699e-05,3.6355516440134486e-05,3.75497216679764e-05
3758,4.2041377039127925e-05,3.238893166210452e-05,3.6342496251656655e-05,3.753626154425362e-05
3759,4.202844677279293e-05,3.2380222752579116e-05,3.6330713463307855e-05,3.7525862522956985e-05
3760,4.2016656920300125e-05,3.23689834069384e-05,3.632077272152955e-05,3.7514345420418085e-05
3761,4.200356147490139e-05,3.2357706497921935e-05,3.631075763932245e-05,3.750493548017243e-05
3762,4.199162751180141e-05,3.234700652691798e-05,3.629920646190225e-05,3.749323900167373e-05
3763,4.197858156233743e-05,3.23362689019127e-05,3.6288291248824776e-05,3.7479562388378886e-05
3764,4.1966294294857416e-05,3.232818784069287e-05,3.627593691646625e-05,3.747005533736027e-05
3765,4.195404792333568e-05,3.2314758463661224e-05,3.626445727287321e-05,3.745868090487053e-05
3766,4.194128137392433e-05,3.230642287864977e-05,3.625408470418376e-05,3.744884452491962e-05
3767,4.193044241571544e-05,3.229851450125422e-05,3.624330488424198e-05,3.743778375244637e-05
3768,4.191656562090593e-05,3.228508147513408e-05,3.623032694130615e-05,3.742700225400123e-05
3769,4.1906363266901804e-05,3.227403601871539e-05,3.622028233535043e-05,3.7413372868891276e-05
3770,4.189262105845049e-05,3.226619397712205e-05,3.6208008946265315e-05,3.740363941750501e-05
3771,4.1881029055681913e-05,3.225516602949534e-05,3.61972069049453e-05,3.7390250031173906e-05
3772,4.18681949698601e-05,3.22443625293521e-05,3.618458909533613e-05,3.738187739930054e-05
3773,4.185728831138061e-05,3.22345706634324e-05,3.617357006590911e-05,3.7371952794187655e-05
3774,4.184222823678085e-05,3.222281764523867e-05,3.616163655916764e-05,3.7359653034751714e-05
3775,4.183041410766921e-05,3.22144560541198e-05,3.6150629853723896e-05,3.73471385588689e-05
3776,4.182004001414832e-05,3.220579682255955e-05,3.613937608179787e-05,3.7336719436020404e-05
3777,4.1806146020704425e-05,3.2194700893530474e-05,3.612757176549748e-05,3.7325559247204304e-05
3778,4.179566954499058e-05,3.218180823408027e-05,3.611927448454605e-05,3.7316575088112866e-05
3779,4.178263358376429e-05,3.217327377049197e-05,3.6107806379699605e-05,3.730600249587211e-05
3780,4.176860321390775e-05,3.216345821817212e-05,3.609466691912462e-05,3.729556654147533e-05
3781,4.175785269376072e-05,3.215162637488569e-05,3.6084625511468816e-05,3.728100264996537e-05
3782,4.1746789403544644e-05,3.214257753745336e-05,3.607317065294611e-05,3.727104733179694e-05
3783,4.173382194629363e-05,3.2132810759619465e-05,3.606206619568205e-05,3.72601807143114e-05
3784,4.172056217761013e-05,3.2120386137524385e-05,3.605117095893457e-05,3.7249218658806836e-05
3785,4.170828419969284e-05,3.2113751338932993e-05,3.604222802860833e-05,3.723809449731534e-05
3786,4.169729606216358e-05,3.2099671505370716e-05,3.602911847324679e-05,3.72277856087072e-05
3787,4.1683483390481133e-05,3.2092511923119926e-05,3.601618751252269e-05,3.7214585331507486e-05
3788,4.167335749151203e-05,3.208222108647569e-05,3.600791104535297e-05,3.720312955672238e-05
3789,4.166124061780556e-05,3.207034510546642e-05,3.599551109374625e-05,3.719412484589043e-05
3790,4.164843824674034e-05,3.206017633839831e-05,3.598583434463029e-05,3.718842755792619e-05
3791,4.163601187211514e-05,3.2051947729297576e-05,3.59729364127027e-05,3.71727992588359e-05
3792,4.162407753660157e-05,3.2042038536287126e-05,3.5962000745896704e-05,3.715958195694821e-05
3793,4.161256216302412e-05,3.203092019080527e-05,3.595097320733242e-05,3.7150423291131965e-05
3794,4.160043069465447e-05,3.202014373064918e-05,3.594178531973425e-05,3.7141432824080696e-05
3795,4.158789191614513e-05,3.20097709696631e-05,3.593010065572274e-05,3.712754259080206e-05
3796,4.157474664622074e-05,3.200147790656687e-05,3.591652183322857e-05,3.711835273448376e-05
3797,4.156351803476437e-05,3.198959284357009e-05,3.5907254623728996e-05,3.7108434644251544e-05
3798,4.155145627766396e-05,3.198257070866639e-05,3.5895232476910357e-05,3.7094106591837795e-05
3799,4.154193716178587e-05,3.1971758986748683e-05,3.588734706244176e-05,3.7083417742558594e-05
3800,4.152716461072758e-05,3.1961286769546085e-05,3.587371959499182e-05,3.707394638866735e-05
3801,4.1515560388285985e-05,3.194852237314873e-05,3.586314268202729e-05,3.706373777887189e-05
3802,4.150418419217174e-05,3.194226554059139e-05,3.585411091249362e-05,3.7052572333264695e-05
3803,4.149233475387216e-05,3.193120259371818e-05,3.5840198377889964e-05,3.704046788658899e-05
3804,4.1478801098774216e-05,3.192074183212174e-05,3.582941061478059e-05,3.703257985904559e-05
3805,4.146910966771611e-05,3.191094578639103e-05,3.581907282415229e-05,3.7020474154006085e-05
3806,4.1455783064795924e-05,3.190165252964587e-05,3.5808946314341924e-05,3.700883672274282e-05
3807,4.1444555795048424e-05,3.1890195254736026e-05,3.579691704126277e-05,3.699864060444555e-05
3808,4.143187616786843e-05,3.1880070050251325e-05,3.5786789238041965e-05,3.698938636058746e-05
3809,4.1419558709640135e-05,3.1871349820952865e-05,3.577570331993083e-05,3.697692711508225e-05
3810,4.14082998006407e-05,3.1860597666631656e-05,3.5765734592844514e-05,3.696799730130933e-05
3811,4.1395287126292176e-05,3.18527769395827e-05,3.575403419481419e-05,3.695419216488899e-05
3812,4.1384251977504545e-05,3.184106929736065e-05,3.5743318812973586e-05,3.6945187135561976e-05
3813,4.137300386610688e-05,3.183029437248327e-05,3.5734436892719316e-05,3.693719053659116e-05
3814,4.1359830674885493e-05,3.1821791277317783e-05,3.572036778965029e-05,3.692376150848842e-05
3815,4.134835416856056e-05,3.1812124540256715e-05,3.571050800770773e-05,3.691302331677033e-05
3816,4.133849977664134e-05,3.180157954329618e-05,3.5699347100324596e-05,3.690266521278409e-05
3817,4.132590012921127e-05,3.1793153733255786e-05,3.5687405653612e-05,3.6891445060432806e-05
3818,4.131195776838725e-05,3.178155741747117e-05,3.567696042186896e-05,3.6881279297258696e-05
3819,4.129959479273056e-05,3.177340866448612e-05,3.5666760220142656e-05,3.687163193607501e-05
3820,4.1288446102020695e-05,3.176247328481869e-05,3.5655199282119727e-05,3.686021836741731e-05
3821,4.12774011816723e-05,3.1751345155896656e-05,3.564696973374587e-05,3.6847326648201836e-05
3822,4.1266752405551763e-05,3.174419607618765e-05,3.5633503228536555e-05,3.683652948170611e-05
3823,4.1253697874887666e-05,3.173283659981487e-05,3.562408799433066e-05,3.682849090951265e-05
3824,4.124140638326929e-05,3.172120954508469e-05,3.5612671950079567e-05,3.681826448787412e-05
3825,4.123059838128672e-05,3.1712464977719614e-05,3.560367798818984e-05,3.680458466941287e-05
3826,4.1218211484809615e-05,3.170164128501165e-05,3.5590058267587854e-05,3.679543271119057e-05
3827,4.1206076013819735e-05,3.1693139847890656e-05,3.558131751160354e-05,3.678404067536186e-05
3828,4.119391684632991e-05,3.168440909669271e-05,3.5569894569201665e-05,3.677222838682151e-05
3829,4.1182922087277437e-05,3.167261841971748e-05,3.555884956972729e-05,3.6763129511209435e-05
3830,4.1169549256637634e-05,3.166521542256259e-05,3.55441700616309e-05,3.675320422133747e-05
3831,4.1159303994788086e-05,3.16530876679359e-05,3.553641374738105e-05,3.6741665808727676e-05
3832,4.1145047677270484e-05,3.1642456876014295e-05,3.552659384202022e-05,3.673150279194252e-05
3833,4.113638578328003e-05,3.1633857239629684e-05,3.551567972527709e-05,3.672183956242273e-05
3834,4.1122893959868334e-05,3.1626099857538124e-05,3.5504963970308013e-05,3.67107110226925e-05
3835,4.111222117901991e-05,3.161520891901126e-05,3.549381652165921e-05,3.66993537199536e-05
3836,4.110017552751018e-05,3.160512726627824e-05,3.548232045309413e-05,3.669104533786204e-05
3837,4.1087700777460103e-05,3.159435098216642e-05,3.5471771318541263e-05,3.6679141698549316e-05
3838,4.107714589079248e-05,3.1585443366842273e-05,3.5462392107004364e-05,3.666942138997298e-05
3839,4.106478796359329e-05,3.1574987319567675e-05,3.545105738054987e-05,3.665691767839982e-05
3840,4.1053394170140614e-05,3.156698315700294e-05,3.5440772909409346e-05,3.6647144481681464e-05
3841,4.104239909795291e-05,3.1555115858627e-05,3.5430261814535504e-05,3.663805269385766e-05
3842,4.1029639445211906e-05,3.154447656684685e-05,3.541829732873583e-05,3.66281887100681e-05
3843,4.1019402956206164e-05,3.153665316113937e-05,3.540835784363571e-05,3.661645093809747e-05
3844,4.100720225950328e-05,3.152719400697768e-05,3.539743218079218e-05,3.6605660752497556e-05
3845,4.0995111761840745e-05,3.1516142707371224e-05,3.538565229867512e-05,3.659594195867482e-05
3846,4.0984445627613084e-05,3.150760965159969e-05,3.537695799861177e-05,3.658490276754946e-05
3847,4.097257604049133e-05,3.149885763663861e-05,3.536560581689045e-05,3.657482500720845e-05
3848,4.0959753339578014e-05,3.148841175180299e-05,3.535463914602336e-05,3.6563514573718666e-05
3849,4.094869392532674e-05,3.147746164908283e-05,3.5343931385092495e-05,3.655355983516777e-05
3850,4.0936208145935847e-05,3.146990038251336e-05,3.533537183695805e-05,3.654212159486669e-05
3851,4.092494104077491e-05,3.14597519840685e-05,3.532342184264668e-05,3.65339992320491e-05
3852,4.0913365749230374e-05,3.14491311874597e-05,3.5312069005199534e-05,3.652144315378699e-05
3853,4.09027329371554e-05,3.1440471468542494e-05,3.530182493850027e-05,3.6511434319035255e-05
3854,4.089020723421492e-05,3.142969807247604e-05,3.5291993099341557e-05,3.6502591294295425e-05
3855,4.087947518306432e-05,3.1420891738766915e-05,3.5281275432267e-05,3.649145224157363e-05
3856,4.086852738206394e-05,3.141183985022627e-05,3.5270741363859326e-05,3.647981800341026e-05
3857,4.085726351081707e-05,3.1401897837843555e-05,3.525935490206586e-05,3.646834801897392e-05
3858,4.084436602482897e-05,3.139167817537949e-05,3.524930130978888e-05,3.645980991561703e-05
3859,4.083338188290147e-05,3.13826855376594e-05,3.523707096676127e-05,3.644871737718837e-05
3860,4.082103711060176e-05,3.1374732837889576e-05,3.522772541898584e-05,3.643810150394423e-05
3861,4.080973125026665e-05,3.1363773418790076e-05,3.5217704448149084e-05,3.642808706906525e-05
3862,4.079893464215048e-05,3.135327974467e-05,3.520740189237876e-05,3.641772336603916e-05
3863,4.078719072528072e-05,3.134334480837845e-05,3.51957798207793e-05,3.6405777925469804e-05
3864,4.0776171214714306e-05,3.1334755952588384e-05,3.51855444882207e-05,3.6396170006819686e-05
3865,4.076394357944141e-05,3.1323432757831074e-05,3.5175624636392883e-05,3.638478473305123e-05
3866,4.0752919173861637e-05,3.131445312312419e-05,3.5165594271836106e-05,3.637567689071335e-05
3867,4.0741006588524954e-05,3.13062448138175e-05,3.515505659542157e-05,3.636557509793323e-05
3868,4.073044359503546e-05,3.129741868718266e-05,3.514363066736487e-05,3.635384906162688e-05
3869,4.0719248436916256e-05,3.128706447222962e-05,3.5134599513898065e-05,3.6344409040266695e-05
3870,4.070762879308918e-05,3.1277214906898327e-05,3.512328628876377e-05,3.633544990712366e-05
3871,4.0694984979704394e-05,3.1268664585692535e-05,3.511240601392023e-05,3.632371190970807e-05
3872,4.068429889859003e-05,3.125970118033583e-05,3.5102590371376376e-05,3.631415461852522e-05
3873,4.0672131034792276e-05,3.1248332159606735e-05,3.509201735261423e-05,3.6304527393622965e-05
3874,4.0661857468696235e-05,3.12379493891646e-05,3.5081963286863075e-05,3.629501229079582e-05
3875,4.064985710204393e-05,3.123003982650514e-05,3.507089846140677e-05,3.628446507027656e-05
3876,4.0639647910312886e-05,3.1220270149609716e-05,3.506099099020396e-05,3.6273022912598166e-05
3877,4.062722500414851e-05,3.120983985231148e-05,3.504993287770541e-05,3.626300589507926e-05
3878,4.061609762849734e-05,3.1201301438224006e-05,3.503869898561031e-05,3.625189973255297e-05
3879,4.060520068278152e-05,3.1189894371229815e-05,3.5028767066759344e-05,3.624287171103608e-05
3880,4.0593315131826764e-05,3.118339211680156e-05,3.5020658735391105e-05,3.6231380953954606e-05
3881,4.05828531679349e-05,3.1174273481067114e-05,3.500872714622553e-05,3.6221937613928295e-05
3882,4.057163533295983e-05,3.1163074848602976e-05,3.499802055297041e-05,3.621277381480253e-05
3883,4.056002899877152e-05,3.115472735896951e-05,3.498818431867908e-05,3.620176914914068e-05
3884,4.054827816404954e-05,3.114390892207523e-05,3.497696171349324e-05,3.619138063503454e-05
3885,4.0537694200291234e-05,3.1135411058728504e-05,3.496748795003999e-05,3.6180459923896205e-05
3886,4.052485859879488e-05,3.112464206363489e-05,3.495786116194556e-05,3.617014758329308e-05
3887,4.05137091650173e-05,3.111651429183014e-05,3.494572193463454e-05,3.615947571431561e-05
3888,4.050215723275746e-05,3.110746728740094e-05,3.4937739682855745e-05,3.614985184839e-05
3889,4.049127554509047e-05,3.109715738974316e-05,3.4925615096595174e-05,3.614070345952569e-05
3890,4.0480406816949985e-05,3.1088709182604e-05,3.4914903193190314e-05,3.613013881837658e-05
3891,4.04697788099427e-05,3.107905531555299e-05,3.4905924663916736e-05,3.6119910640763565e-05
3892,4.045702292803094e-05,3.107036950899737e-05,3.489345937813577e-05,3.610929897045719e-05
3893,4.0446098832459136e-05,3.106106666712185e-05,3.488389896897292e-05,3.61011391711342e-05
3894,4.0435432305152235e-05,3.105003958107158e-05,3.4875596018189834e-05,3.6091399198656875e-05
3895,4.042331269856759e-05,3.10419928741753e-05,3.4864100619601935e-05,3.607878953752671e-05
3896,4.0412962574211485e-05,3.1030744639485136e-05,3.485331367605316e-05,3.606926831746143e-05
3897,4.040127662208278e-05,3.102255193741244e-05,3.48436006700021e-05,3.6058524719870384e-05
3898,4.0389919946121094e-05,3.101331891498074e-05,3.483389290814533e-05,3.6049813953233664e-05
3899,4.037869563621436e-05,3.100522457018567e-05,3.482187902452747e-05,3.603760949111779e-05
3900,4.036675520295234e-05,3.099515545461384e-05,3.4812389595520624e-05,3.602844037901674e-05
3901,4.0356650817138596e-05,3.098564390006575e-05,3.480241513560887e-05,3.601786335327013e-05
3902,4.0345561917358314e-05,3.097634918035057e-05,3.4793170534297035e-05,3.6009814618413836e-05
3903,4.033404836301703e-05,3.096717247739413e-05,3.4782717239505215e-05,3.599997035070099e-05
3904,4.032303336338582e-05,3.0958329432317814e-05,3.477227266936739e-05,3.598740810328863e-05
3905,4.0311751501168614e-05,3.094989254564669e-05,3.4760745318333214e-05,3.597723423957e-05
3906,4.030081980609806e-05,3.09399218884713e-05,3.475147638250597e-05,3.59680499957243e-05
3907,4.0289751964092786e-05,3.0931412644754344e-05,3.4742010074900746e-05,3.595944732717913e-05
3908,4.0277892481392684e-05,3.092084435882245e-05,3.473322504094247e-05,3.5948494594622963e-05
3909,4.026787085144028e-05,3.091094566941354e-05,3.472100474386055e-05,3.593814478527104e-05
3910,4.0255998969303403e-05,3.0903119004100125e-05,3.4711982754742345e-05,3.59289766596174e-05
3911,4.024508458149119e-05,3.089282516885359e-05,3.469938680875742e-05,3.5918863189061445e-05
3912,4.0234979139002314e-05,3.0884316235940325e-05,3.4690419162789556e-05,3.5908084893012246e-05
3913,4.022278934878032e-05,3.087402231074226e-05,3.468184840605759e-05,3.5896800373564344e-05
3914,4.0210896441968145e-05,3.0865688558822525e-05,3.467120506612318e-05,3.588892196023957e-05
3915,4.020053322166219e-05,3.0856207224267155e-05,3.466078714758415e-05,3.587717130532134e-05
3916,4.0189941597369395e-05,3.0846915356226284e-05,3.465059911451574e-05,3.586887547546007e-05
3917,4.017906115553011e-05,3.083762558549094e-05,3.4638707998037045e-05,3.5857759161350387e-05
3918,4.0167599673718e-05,3.082859639750609e-05,3.462914418573926e-05,3.5849259364579356e-05
3919,4.0155424378207764e-05,3.0818939805231225e-05,3.462064562591837e-05,3.583925394267466e-05
3920,4.0145438409601675e-05,3.0810104616752576e-05,3.4608419100570564e-05,3.5828448281799054e-05
3921,4.0134168934431296e-05,3.080207168206268e-05,3.4598922967869846e-05,3.581797391203339e-05
3922,4.01238021708395e-05,3.079119892936001e-05,3.458937098192025e-05,3.580924515649181e-05
3923,4.011338292876541e-05,3.078157786879602e-05,3.458020417578046e-05,3.579918900589222e-05
3924,4.0101428196146944e-05,3.077376865384906e-05,3.45693464993812e-05,3.579040247069243e-05
3925,4.009017997678373e-05,3.076544368015987e-05,3.45592587937268e-05,3.5779504334093995e-05
3926,4.007939494841986e-05,3.0755266951251556e-05,3.4549108717192154e-05,3.576996603894905e-05
3927,4.00680521195629e-05,3.074680555998874e-05,3.4539243374152316e-05,3.575952187007665e-05
3928,4.005777626441148e-05,3.0737637348247286e-05,3.4529930789710194e-05,3.57493829732258e-05
3929,4.0046521786600115e-05,3.0728022877577695e-05,3.4520446058123775e-05,3.574052374279878e-05
3930,4.003541756389583e-05,3.071932808485119e-05,3.450971937020654e-05,3.5729239223538524e-05
3931,4.002375666007123e-05,3.071008198977131e-05,3.449909199397927e-05,3.5719359634919055e-05
3932,4.0013396389308555e-05,3.0701110692445894e-05,3.448685876985104e-05,3.5708993602621225e-05
3933,4.000336221786847e-05,3.069123678860634e-05,3.44788079549048e-05,3.570035399685477e-05
3934,3.999137487409165e-05,3.068284611836583e-05,3.446998458579462e-05,3.568933094964722e-05
3935,3.997985770267116e-05,3.067418660951102e-05,3.4460141940284496e-05,3.5681111934875044e-05
3936,3.996969203952894e-05,3.0663921545353503e-05,3.444911086098774e-05,3.566938025099755e-05
3937,3.9958858802331725e-05,3.06555888915894e-05,3.4439418587045444e-05,3.565989365496706e-05
3938,3.994793372895022e-05,3.064763752343487e-05,3.443139663315754e-05,3.565031007615425e-05
3939,3.993686095477699e-05,3.0638036599034506e-05,3.44199164504264e-05,3.563981738135573e-05
3940,3.992601781864458e-05,3.062829482253629e-05,3.441022846359474e-05,3.563141677906375e-05
3941,3.991494619199945e-05,3.0619588322636735e-05,3.440106629137869e-05,3.5621244807457255e-05
3942,3.990402790980955e-05,3.060978835794231e-05,3.4390921740261416e-05,3.561153910644227e-05
3943,3.989425272771263e-05,3.060152008996811e-05,3.437868649058764e-05,3.5602679931646056e-05
3944,3.988301315064754e-05,3.0592372517049354e-05,3.4370487076941386e-05,3.5592040615400976e-05
3945,3.987216341960375e-05,3.05832029313878e-05,3.436028512475149e-05,3.558295297250347e-05
3946,3.986061662662068e-05,3.057385033640458e-05,3.434973636947568e-05,3.557234018487749e-05
3947,3.985046281225499e-05,3.056601235811399e-05,3.434034901406117e-05,3.556169178445484e-05
3948,3.98400643052924e-05,3.055515969127083e-05,3.4329737619011304e-05,3.555233908150075e-05
3949,3.9828545946013893e-05,3.054697362585633e-05,3.4319400654089523e-05,3.554268461582916e-05
3950,3.9817977672460325e-05,3.0537634723824304e-05,3.431032882668372e-05,3.553281978492123e-05
3951,3.980668181300678e-05,3.0531261764315386e-05,3.4299808631146104e-05,3.5524250755070544e-05
3952,3.9796482595877583e-05,3.0521673538079376e-05,3.4290852829877395e-05,3.5512746146667626e-05
3953,3.97851893120866e-05,3.0510323204582392e-05,3.428081125025296e-05,3.550337028921794e-05
3954,3.9774541209937904e-05,3.050326403672487e-05,3.427086970466856e-05,3.54925431748535e-05
3955,3.97643747528313e-05,3.049378494854733e-05,3.426117853177333e-05,3.548390020251142e-05
3956,3.9753430402397394e-05,3.048535760909746e-05,3.425073730780484e-05,3.547409164373797e-05
3957,3.9742131269323767e-05,3.04746376118659e-05,3.42406218542193e-05,3.5464514074549346e-05
3958,3.973145274640417e-05,3.0467287877624786e-05,3.423132617521678e-05,3.545543226417807e-05
3959,3.972036808537924e-05,3.045792585816603e-05,3.4223197712749256e-05,3.5445078426692424e-05
3960,3.9709967826513534e-05,3.0448725498425588e-05,3.421380115645675e-05,3.5435030417992644e-05
3961,3.969930369842662e-05,3.0439518596652313e-05,3.420171540316663e-05,3.542680753403575e-05
3962,3.968842122189933e-05,3.0430471778249322e-05,3.4193504870645496e-05,3.541704551261522e-05
3963,3.9677848926574795e-05,3.042272305915938e-05,3.418289271279329e-05,3.540732194340612e-05
3964,3.966677658628992e-05,3.0414129724342553e-05,3.417441591455951e-05,3.539769669253526e-05
3965,3.965691231998858e-05,3.040413379734383e-05,3.41637291869081e-05,3.538834710647282e-05
3966,3.964595339563488e-05,3.0394622251187423e-05,3.4153904510874555e-05,3.537717622186433e-05
3967,3.963571143326213e-05,3.0386813262641055e-05,3.414287483684054e-05,3.5368209910531046e-05
3968,3.962524671323302e-05,3.0378274713281724e-05,3.4133651532984e-05,3.535977283499962e-05
3969,3.961436778451133e-05,3.0369045242960278e-05,3.4124583133523694e-05,3.534912071021822e-05
3970,3.9603204580982614e-05,3.0361077220756847e-05,3.411400494318523e-05,3.5339067582488496e-05
3971,3.959306062304428e-05,3.0351736751011725e-05,3.4104319070009364e-05,3.532883289244468e-05
3972,3.958247127343018e-05,3.034285013903147e-05,3.409444987230299e-05,3.532126804218516e-05
3973,3.957141646951164e-05,3.0334034840385037e-05,3.408544230479801e-05,3.5311547961794776e-05
3974,3.955975176056786e-05,3.0324867661686924e-05,3.4075943689531976e-05,3.530071452364017e-05
3975,3.955075998751182e-05,3.031610564614583e-05,3.406589777431043e-05,3.529200681275451e-05
3976,3.953875851905638e-05,3.030785162946454e-05,3.405641380195253e-05,3.5282515382172105e-05
3977,3.952915368865762e-05,3.029846310910314e-05,3.4046667006003096e-05,3.527296720830737e-05
3978,3.951947274035833e-05,3.0289487570472126e-05,3.40377624268949e-05,3.526314115528794e-05
3979,3.950660662415329e-05,3.0280974438674002e-05,3.4027603859686306e-05,3.525397813258956e-05
3980,3.949643089037429e-05,3.0273102427586567e-05,3.4017526966692826e-05,3.524330215772525e-05
3981,3.948586207680332e-05,3.0263445039288592e-05,3.4006507321677926e-05,3.5234254207543973e-05
3982,3.947617768182586e-05,3.025512155013679e-05,3.3998410679688345e-05,3.5224881097515675e-05
3983,3.9464942216524305e-05,3.0245287170056814e-05,3.3990083042084925e-05,3.521592618532109e-05
3984,3.945436691019003e-05,3.0237947996297868e-05,3.3978475326533856e-05,3.52063472361546e-05
3985,3.944395326103667e-05,3.0228063456085597e-05,3.3970025661989686e-05,3.519600960869815e-05
3986,3.943384278528907e-05,3.021853936041346e-05,3.3959753311374276e-05,3.518653447401855e-05
3987,3.942346435841331e-05,3.0210605721750146e-05,3.395079416080104e-05,3.5176502424393264e-05
3988,3.941220292163859e-05,3.0202916590380987e-05,3.3939853538107754e-05,3.516756677892569e-05
3989,3.940212637415161e-05,3.0194906166642153e-05,3.393091732049188e-05,3.5157781255206696e-05
3990,3.93912417944446e-05,3.0185469990823268e-05,3.392259337820067e-05,3.51492121604797e-05
3991,3.938110049684697e-05,3.0175823213061895e-05,3.391128115759436e-05,3.51392522846112e-05
3992,3.937081435318895e-05,3.0166708243181742e-05,3.3902415438084014e-05,3.5129841565609655e-05
3993,3.935951283503486e-05,3.0158120393165436e-05,3.389149085670678e-05,3.512020185738864e-05
3994,3.934987620094213e-05,3.014995852729753e-05,3.388241027665185e-05,3.511182277393986e-05
3995,3.9339133633125796e-05,3.0141420812021942e-05,3.387267625682571e-05,3.5102125396603525e-05
3996,3.932875313222126e-05,3.013228048693971e-05,3.3863251213532145e-05,3.509098974196365e-05
3997,3.931761885820726e-05,3.012413783618894e-05,3.385312358712101e-05,3.508330211775684e-05
3998,3.930785853708726e-05,3.0114351613991246e-05,3.3844876515135616e-05,3.5073034891047463e-05
3999,3.9298009211900904e-05,3.0107492185547562e-05,3.383551122587647e-05,3.5063929044850375e-05
4000,3.9286955427982765e-05,3.009815644792066e-05,3.382446398028429e-05,3.505499802666648e-05
4001,3.9276205123119236e-05,3.008907085650197e-05,3.381629474537174e-05,3.504469332716256e-05
4002,3.926600351936342e-05,3.0079358594299363e-05,3.380727072052999e-05,3.503567494146436e-05
4003,3.9255846813879756e-05,3.007187636950677e-05,3.3797407671488725e-05,3.502613613589472e-05
4004,3.924476302374684e-05,3.006279835310209e-05,3.378813406382376e-05,3.5017031919220075e-05
4005,3.923499781874197e-05,3.005434677592965e-05,3.3777278404377214e-05,3.5008314239315146e-05
4006,3.922425984971676e-05,3.0044858816960533e-05,3.3769599029510384e-05,3.4997673409982484e-05
4007,3.921379330451021e-05,3.0038381919521595e-05,3.375828655952083e-05,3.4988452276041906e-05
4008,3.9203937013878615e-05,3.0028673811260695e-05,3.37490122595967e-05,3.497894752249867e-05
4009,3.9193546708431424e-05,3.002125225267896e-05,3.374000053935151e-05,3.497021281229971e-05
4010,3.918244819701065e-05,3.0011917749085824e-05,3.3731057900292985e-05,3.496073262113987e-05
4011,3.917189054721547e-05,3.0002436996991563e-05,3.3720510470009574e-05,3.495137147729178e-05
4012,3.916111618691346e-05,2.9994187790444376e-05,3.371247084740055e-05,3.4941691721112446e-05
4013,3.9152569381047004e-05,2.9985523646431506e-05,3.370171350797798e-05,3.493297456574061e-05
4014,3.914170674755061e-05,2.9977088300650515e-05,3.3692120232460444e-05,3.4922815354181736e-05
4015,3.913086268231475e-05,2.9968691476827513e-05,3.3682928471663004e-05,3.4913539902660234e-05
4016,3.912101087889407e-05,2.9960903475536153e-05,3.367434769002746e-05,3.490394095065329e-05
4017,3.9110450572158505e-05,2.9951553803338415e-05,3.3663682315962586e-05,3.489544082843904e-05
4018,3.910049616556938e-05,2.9942982939951342e-05,3.365535801701962e-05,3.488634661930618e-05
4019,3.9090073585953e-05,2.993494746265546e-05,3.364656351646672e-05,3.4877095727144797e-05
4020,3.907995721941532e-05,2.9927301869685403e-05,3.3635640876842154e-05,3.486751219758113e-05
4021,3.906901654075378e-05,2.9917700197296315e-05,3.362701893588913e-05,3.485820675585127e-05
4022,3.905955809514174e-05,2.990981405173691e-05,3.361786020864511e-05,3.484973735821786e-05
4023,3.9048984178220063e-05,2.990112607482719e-05,3.360840469543794e-05,3.483952909844607e-05
4024,3.9038094828728144e-05,2.9892485283806742e-05,3.359918895639777e-05,3.483108693935811e-05
4025,3.902805878654761e-05,2.9884093483036203e-05,3.3588789225973445e-05,3.482190981604323e-05
4026,3.9018533300686027e-05,2.9875555088145212e-05,3.358033563738652e-05,3.4812035702580904e-05
4027,3.900814233584139e-05,2.986711362890062e-05,3.357130682411858e-05,3.480299559992201e-05
4028,3.899724299638247e-05,2.9858512308196355e-05,3.35604522044692e-05,3.4793126263589255e-05
4029,3.898705381078594e-05,2.985018748701687e-05,3.35517473159985e-05,3.4784415359044045e-05
4030,3.897652475854248e-05,2.984126301261297e-05,3.354237755700978e-05,3.477499519682205e-05
4031,3.896643471716122e-05,2.9833661466568653e-05,3.353363273871025e-05,3.4766641995453956e-05
4032,3.895739886676495e-05,2.982441089358822e-05,3.3524291790566474e-05,3.475715650303798e-05
4033,3.894634417890176e-05,2.981532445084862e-05,3.351475943251273e-05,3.474712279839223e-05
4034,3.89363290823204e-05,2.9807910062397126e-05,3.350471785202191e-05,3.473797355711032e-05
4035,3.8926676702884835e-05,2.9799228133601203e-05,3.349540529551238e-05,3.47297068707061e-05
4036,3.891544038714208e-05,2.9791010306406827e-05,3.348689821864183e-05,3.472049543494095e-05
4037,3.8905102710567916e-05,2.9781305648683766e-05,3.34778045736747e-05,3.470994444214032e-05
4038,3.8895923170272404e-05,2.977379278660121e-05,3.3469287254804735e-05,3.470192121770806e-05
4039,3.888488958185943e-05,2.9765860955433174e-05,3.345895961476525e-05,3.469174018849574e-05
4040,3.887607118139792e-05,2.9757082270966793e-05,3.3450029500951866e-05,3.468333633464397e-05
4041,3.886511171975674e-05,2.974751975996063e-05,3.344066487644517e-05,3.467342414403441e-05
4042,3.8853745583598986e-05,2.9741002263981014e-05,3.343149117247389e-05,3.466541041471956e-05
4043,3.884465580397894e-05,2.973190961732186e-05,3.342085479187598e-05,3.4656358599435426e-05
4044,3.883560845083552e-05,2.972270699785473e-05,3.341305188112575e-05,3.464655438813029e-05
4045,3.882428780742832e-05,2.9714630333632123e-05,3.340404767775541e-05,3.4638552225896626e-05
4046,3.8813558268332884e-05,2.9707231386149155e-05,3.339432576386874e-05,3.4628852838116555e-05
4047,3.880437659540337e-05,2.9698111832354418e-05,3.338520897463132e-05,3.4619150146513226e-05
4048,3.8794037567399795e-05,2.9689761602805913e-05,3.337704635007515e-05,3.4610271072323966e-05
4049,3.878447844394717e-05,2.968157733068954e-05,3.336675713330777e-05,3.4601577605243064e-05
4050,3.877352570273426e-05,2.9673668872270405e-05,3.3357857359180246e-05,3.459211174130475e-05
4051,3.876366961781085e-05,2.966496729636519e-05,3.3347651731233066e-05,3.4582821129261986e-05
4052,3.8754374686578986e-05,2.965575675239902e-05,3.333888293145113e-05,3.4573965586832234e-05
4053,3.874311285097631e-05,2.964801323544202e-05,3.332986315123778e-05,3.456469462829095e-05
4054,3.873361886881868e-05,2.963968351364065e-05,3.332015179347001e-05,3.455604961600572e-05
4055,3.872367976344326e-05,2.9631471094543598e-05,3.331149644771429e-05,3.454610868774179e-05
4056,3.8713501117035746e-05,2.962437318312173e-05,3.3303053881936e-05,3.453733016565724e-05
4057,3.870347701604596e-05,2.961440002813385e-05,3.329260785074077e-05,3.452884014419263e-05
4058,3.869303971499567e-05,2.960639054382072e-05,3.3284148633344864e-05,3.451990427074114e-05
4059,3.868345887366074e-05,2.959766843324656e-05,3.327467698811661e-05,3.4510504584434226e-05
4060,3.867336444624364e-05,2.9590164538497346e-05,3.326628112370218e-05,3.4501280646808195e-05
4061,3.866364912029153e-05,2.958252094585136e-05,3.3257344498222263e-05,3.4493368395262975e-05
4062,3.86532043740607e-05,2.9574341977913457e-05,3.324839546525621e-05,3.448269323526521e-05
4063,3.86437562776463e-05,2.9564699160673828e-05,3.323831253603593e-05,3.4474023693904866e-05
4064,3.863355585833722e-05,2.9556312461369366e-05,3.323083000811864e-05,3.4465573073278484e-05
4065,3.86236536531946e-05,2.954902259495985e-05,3.3220745780072494e-05,3.445714379489488e-05
4066,3.861309087746506e-05,2.9540068155135366e-05,3.321226968433098e-05,3.444745734967525e-05
4067,3.860342982661412e-05,2.9532396328002705e-05,3.320236474492505e-05,3.443864078107001e-05
4068,3.859351635167078e-05,2.952399733820413e-05,3.3193714257960156e-05,3.442959394024873e-05
4069,3.858374868918158e-05,2.9515799294621915e-05,3.318398944857534e-05,3.442064996359323e-05
4070,3.857412242308046e-05,2.9506799452462064e-05,3.3175683329037424e-05,3.441203873596812e-05
4071,3.8563801624627704e-05,2.9499186765853312e-05,3.316521663356844e-05,3.440261636020741e-05
4072,3.855355843217842e-05,2.9490458217256267e-05,3.315704276442271e-05,3.439396329848691e-05
4073,3.854427447186557e-05,2.9482807167568302e-05,3.314793694447161e-05,3.4384403560983725e-05
4074,3.853435240462679e-05,2.9474588787555433e-05,3.3138587605952055e-05,3.437607655909295e-05
4075,3.852416699909187e-05,2.9466524714140903e-05,3.312951604581351e-05,3.436722298696025e-05
4076,3.851469620096912e-05,2.9458305031628592e-05,3.312014045704642e-05,3.4358666142925264e-05
4077,3.850403454165306e-05,2.9450010375585974e-05,3.3111152248039204e-05,3.43494374993934e-05
4078,3.849412990502273e-05,2.944177624700169e-05,3.31024063308405e-05,3.43400463071043e-05
4079,3.848483703177247e-05,2.9433589238074797e-05,3.309315164470787e-05,3.433174342311514e-05
4080,3.847457707821294e-05,2.942550915587244e-05,3.308380641530165e-05,3.432232735129723e-05
4081,3.846447722907729e-05,2.9417894240646057e-05,3.307587356088672e-05,3.431316661232081e-05
4082,3.845474486503175e-05,2.9408672155129123e-05,3.306635075667407e-05,3.430395089464141e-05
4083,3.8445028943812776e-05,2.9400928482032954e-05,3.3057683434272024e-05,3.429580765759714e-05
4084,3.843480746215539e-05,2.939304342633987e-05,3.3047774472493336e-05,3.428662214996299e-05
4085,3.842573094354894e-05,2.9384749450347998e-05,3.303960901815936e-05,3.427799736429753e-05
4086,3.841521602210315e-05,2.9376450360708475e-05,3.303134688021704e-05,3.426946899135621e-05
4087,3.84056278670423e-05,2.9368288497458725e-05,3.302202684912451e-05,3.426017109799525e-05
4088,3.839579164287033e-05,2.9360067247481834e-05,3.3011570436212046e-05,3.425095939459392e-05
4089,3.838637889187818e-05,2.9352551556023997e-05,3.3003869344672485e-05,3.424307197958518e-05
4090,3.837643286743353e-05,2.9343785330151445e-05,3.299486871752014e-05,3.423375252812107e-05
4091,3.83666742651224e-05,2.9335964773575333e-05,3.2985687925972606e-05,3.4224766532748635e-05
4092,3.835651757902894e-05,2.9326996507889234e-05,3.297664133234829e-05,3.4215704927094836e-05
4093,3.8347510667713266e-05,2.931994156846227e-05,3.296756528145093e-05,3.420658847825238e-05
4094,3.833714363289282e-05,2.931189429851265e-05,3.295985688150024e-05,3.419781308533264e-05
4095,3.832778804249173e-05,2.9303800009656754e-05,3.2949343528900793e-05,3.418941063009101e-05
4096,3.831743989572997e-05,2.929582782997613e-05,3.294112061572207e-05,3.418075480381337e-05
4097,3.8307548611442785e-05,2.9287520031746617e-05,3.2932113814074893e-05,3.417148680493985e-05
4098,3.829746388345337e-05,2.927982122504229e-05,3.292405411730579e-05,3.4162594391933076e-05
4099,3.8288752849181125e-05,2.9271510975040103e-05,3.2914296955733593e-05,3.4153924233947414e-05
4100,3.827808997457066e-05,2.9262329464189216e-05,3.2905515348888256e-05,3.414525914943336e-05
4101,3.8268025428249784e-05,2.9256172208876078e-05,3.2897148570459775e-05,3.41361298375207e-05
4102,3.825879876639642e-05,2.924714854490615e-05,3.288847961853295e-05,3.412741514557211e-05
4103,3.824943742610135e-05,2.9238606129918355e-05,3.287917728788213e-05,3.4119269052756884e-05
4104,3.823973937548391e-05,2.9230376117927323e-05,3.286952507902216e-05,3.411042587018073e-05
4105,3.822970546364517e-05,2.9223493555624363e-05,3.2861926608620626e-05,3.410218115885013e-05
4106,3.8219746479972766e-05,2.921492578430466e-05,3.2852839238681814e-05,3.4092726058028754e-05
4107,3.821043585375719e-05,2.920674178625486e-05,3.2843371367501425e-05,3.408413092569714e-05
4108,3.8200362624844344e-05,2.9198561527712712e-05,3.2833706523494266e-05,3.4075219551317415e-05
4109,3.819143159758068e-05,2.9191334032103178e-05,3.2825450587556e-05,3.4066339265416354e-05
4110,3.818152360448082e-05,2.9182214288313384e-05,3.2816459603157404e-05,3.405777436266217e-05
4111,3.817188271700306e-05,2.9174507756247884e-05,3.2807961488120566e-05,3.404918274817353e-05
4112,3.8161864014748266e-05,2.9166568558094053e-05,3.279971075784905e-05,3.4040347286223135e-05
4113,3.815260446510151e-05,2.9158323461749906e-05,3.279115433160361e-05,3.403197599106744e-05
4114,3.814304911796531e-05,2.9150324512740068e-05,3.278175158550809e-05,3.402289668609551e-05
4115,3.813294505238556e-05,2.914283742464594e-05,3.277288332663433e-05,3.4014695803647945e-05
4116,3.812313465912551e-05,2.913557739816163e-05,3.276398318926019e-05,3.4005977973410646e-05
4117,3.8114125292713116e-05,2.9127395783163642e-05,3.275597965181545e-05,3.399745593856067e-05
4118,3.810415525882711e-05,2.911858285026614e-05,3.274679001279249e-05,3.398871948697466e-05
4119,3.809459098090274e-05,2.9110707140340554e-05,3.273754040426446e-05,3.3979761429053206e-05
4120,3.808480839322882e-05,2.910368341463622e-05,3.2729346761953723e-05,3.3971039148636336e-05
4121,3.807574003226121e-05,2.9095820155199453e-05,3.272055335139041e-05,3.396241316303047e-05
4122,3.8065279513030684e-05,2.9087153857733843e-05,3.2711646878982806e-05,3.39532189329144e-05
4123,3.8056622204766906e-05,2.9079787016867713e-05,3.270301812340764e-05,3.394566126484953e-05
4124,3.80464419832842e-05,2.9071141319641543e-05,3.2694499810122694e-05,3.3935735453940965e-05
4125,3.8037409573377026e-05,2.9062896514680168e-05,3.268558873848923e-05,3.3926804744694114e-05
4126,3.802675388283194e-05,2.9055193434151792e-05,3.267628781813464e-05,3.391860634972515e-05
4127,3.801815543014506e-05,2.9048311734059258e-05,3.266858872719473e-05,3.391001230075658e-05
4128,3.800822723487118e-05,2.904003271438279e-05,3.265902077311867e-05,3.390108611808672e-05
4129,3.79987458016744e-05,2.9031865610605906e-05,3.2650734600524454e-05,3.389358604830338e-05
4130,3.798903660004853e-05,2.9024459144273066e-05,3.2641767869009115e-05,3.3885131019602074e-05
4131,3.797937203318071e-05,2.9016111725974895e-05,3.26333297208418e-05,3.387524532602261e-05
4132,3.797025831749489e-05,2.9008160545485408e-05,3.262431689305915e-05,3.3867413545005104e-05
4133,3.796045786515156e-05,2.899992795508495e-05,3.261590859572954e-05,3.385791787433109e-05
4134,3.795053825717325e-05,2.899238577331e-05,3.2607163794499903e-05,3.3850420864726766e-05
4135,3.7941471375993e-05,2.8984634447026808e-05,3.2598663088097134e-05,3.3841668655221656e-05
4136,3.7932233830973385e-05,2.8976497377945093e-05,3.259016592003481e-05,3.383281485286221e-05
4137,3.792202977164227e-05,2.8969089231706395e-05,3.258059937603616e-05,3.382436558052072e-05
4138,3.7912694760178965e-05,2.8960548450200816e-05,3.257220316539035e-05,3.381603168706586e-05
4139,3.790315265428689e-05,2.8953490542485377e-05,3.256393459876759e-05,3.38066281094976e-05
4140,3.7894027890766784e-05,2.8945226305026075e-05,3.25553795723546e-05,3.379858574731091e-05
4141,3.7884578593017564e-05,2.8937276322267484e-05,3.254626496619944e-05,3.379081284717884e-05
4142,3.787542175276906e-05,2.8929480615247118e-05,3.253738545460119e-05,3.3781832572822067e-05
4143,3.786559668431281e-05,2.892176019960624e-05,3.252920308427847e-05,3.377338860846745e-05
4144,3.7856216841310524e-05,2.891456358376585e-05,3.252067752207539e-05,3.376434796859234e-05
4145,3.784650421452904e-05,2.8905999641441403e-05,3.2511909568040184e-05,3.375599558687825e-05
4146,3.7836947848405065e-05,2.8898866075730172e-05,3.250292091974766e-05,3.374670300437563e-05
4147,3.782748158700547e-05,2.8891001794170307e-05,3.249394019418447e-05,3.3738267541609345e-05
4148,3.781806037299538e-05,2.8882868944317693e-05,3.24861413924234e-05,3.3729624256396245e-05
4149,3.780868762348256e-05,2.887495239957398e-05,3.2477934969052125e-05,3.372210781325767e-05
4150,3.7798953314998725e-05,2.886699623607704e-05,3.246875937141081e-05,3.371271512867622e-05
4151,3.778986991923109e-05,2.8859474196472846e-05,3.2459399792651284e-05,3.370471151678122e-05
4152,3.778042234160642e-05,2.885113856661227e-05,3.245190220465897e-05,3.3696457054984426e-05
4153,3.7771519490842536e-05,2.884390404355883e-05,3.244368030570552e-05,3.36881576863859e-05
4154,3.776215241180104e-05,2.883630157787283e-05,3.243366987601235e-05,3.3679112131082855e-05
4155,3.775176827146099e-05,2.8828274879072906e-05,3.242600832141169e-05,3.3671090936768136e-05
4156,3.774320513282595e-05,2.8820351745432987e-05,3.2417609067470014e-05,3.366241173679469e-05
4157,3.773402567530039e-05,2.8812806606305058e-05,3.240957400678798e-05,3.3653788224561485e-05
4158,3.7724193839924424e-05,2.880477371193457e-05,3.240020519386606e-05,3.364515503881158e-05
4159,3.7714766221748015e-05,2.8797317899367613e-05,3.239261266540795e-05,3.363706814748106e-05
4160,3.770583872972697e-05,2.8789861786777043e-05,3.238355993553404e-05,3.362853629487146e-05
4161,3.769570138425867e-05,2.8782427185590304e-05,3.2374906819297345e-05,3.362019827960593e-05
4162,3.768679321352084e-05,2.877429479056807e-05,3.236585428833115e-05,3.36120209051673e-05
4163,3.767757198403188e-05,2.8765920888039994e-05,3.235827449920909e-05,3.360347600630091e-05
4164,3.766795140527044e-05,2.8759039203452205e-05,3.2348577935251484e-05,3.3594999086238223e-05
4165,3.765890581658556e-05,2.8750777812373043e-05,3.2340889845726576e-05,3.358668343244142e-05
4166,3.764944578226192e-05,2.8743635598097678e-05,3.233191343561974e-05,3.357846160690506e-05
4167,3.763967567411009e-05,2.8735853806974965e-05,3.2323719902254375e-05,3.3569753304930455e-05
4168,3.763120333536272e-05,2.8728042578834857e-05,3.231488201128195e-05,3.356083122428859e-05
4169,3.762174589673113e-05,2.872001915352791e-05,3.2306809054484214e-05,3.3553274691689725e-05
4170,3.76120540598537e-05,2.8713058335410275e-05,3.2298123093674625e-05,3.354490151418275e-05
4171,3.760322387235704e-05,2.870505827562937e-05,3.22901658654796e-05,3.353579390927804e-05
4172,3.759328915180847e-05,2.8697048509758605e-05,3.228130371286221e-05,3.352851774598438e-05
4173,3.758405161359044e-05,2.868944838505316e-05,3.227267883535646e-05,3.351933085930568e-05
4174,3.757508649403953e-05,2.8681698756513482e-05,3.226514478014555e-05,3.3510790482835374e-05
4175,3.756623044981398e-05,2.8674031755059567e-05,3.2256139019990565e-05,3.350322475173855e-05
4176,3.755652790822577e-05,2.866675141883421e-05,3.2247876089956655e-05,3.34938780983413e-05
4177,3.754698991437173e-05,2.8659143573655817e-05,3.223954311221042e-05,3.348624688744577e-05
4178,3.753802864029762e-05,2.8651657413878527e-05,3.223044880803232e-05,3.347756473036046e-05
4179,3.752876145528536e-05,2.8643445902492142e-05,3.2221550297675025e-05,3.346930630757887e-05
4180,3.7519784421619915e-05,2.863634402527939e-05,3.221357090269961e-05,3.346050761005614e-05
4181,3.7510421963781684e-05,2.8628491035382715e-05,3.220510328440003e-05,3.3453085413483855e-05
4182,3.750113260510436e-05,2.8621680283963475e-05,3.219668817414197e-05,3.3444612991880644e-05
4183,3.749165002006728e-05,2.8613488115671687e-05,3.218794019493749e-05,3.3436398867905525e-05
4184,3.748254791745955e-05,2.8606557472087176e-05,3.218021997278839e-05,3.3427884349882383e-05
4185,3.747355550887533e-05,2.859881159361551e-05,3.217181732395858e-05,3.341901968649647e-05
4186,3.7463760165632816e-05,2.8590716040317875e-05,3.216354994658845e-05,3.341165984298483e-05
4187,3.745537265767825e-05,2.858379605509104e-05,3.215519736747367e-05,3.3403275369671996e-05
4188,3.744554705299205e-05,2.8575328814990054e-05,3.214682202711093e-05,3.339495621712123e-05
4189,3.743666877744457e-05,2.8568143347573362e-05,3.2138846338696936e-05,3.33864358050513e-05
4190,3.7427727715057104e-05,2.8560548170718508e-05,3.2130151972419165e-05,3.3378202210994807e-05
4191,3.741854166206047e-05,2.855315267547397e-05,3.212189448571217e-05,3.336990867667063e-05
4192,3.740890948602941e-05,2.8544846278100663e-05,3.211341327751354e-05,3.3361465081221684e-05
4193,3.740069245911509e-05,2.8537444782602176e-05,3.210471569718988e-05,3.335302479530453e-05
4194,3.739104174650683e-05,2.8530397881035485e-05,3.209716887002582e-05,3.334435572516217e-05
4195,3.738190556940755e-05,2.8522773363612017e-05,3.2088742920179506e-05,3.333695690092372e-05
4196,3.737299897485512e-05,2.8514778480334895e-05,3.208037950918674e-05,3.3328294301596036e-05
4197,3.7363483220454605e-05,2.850786519420471e-05,3.207172798393792e-05,3.332063050879386e-05
4198,3.7354472050233505e-05,2.8500210766261257e-05,3.206357340043451e-05,3.3312149135910255e-05
4199,3.7345906926682593e-05,2.8491875289307087e-05,3.205472875828174e-05,3.330363320777829e-05
4200,3.733584983783729e-05,2.8485179417524395e-05,3.204698422619589e-05,3.329566605359769e-05
4201,3.73271768165495e-05,2.8477022753909917e-05,3.2038493846981755e-05,3.328696927773406e-05
4202,3.7318160197951866e-05,2.847012381930313e-05,3.203083936338126e-05,3.327916325949589e-05
4203,3.730928089463556e-05,2.8462591969980965e-05,3.202197509268583e-05,3.3271407643110735e-05
4204,3.7299730317132564e-05,2.845520344018636e-05,3.201410864369174e-05,3.3262960388752074e-05
4205,3.729070697243646e-05,2.84475229629435e-05,3.2005846876397754e-05,3.3255312711886854e-05
4206,3.72817328111111e-05,2.8440007644815616e-05,3.199706248593421e-05,3.32462933113372e-05
4207,3.727227624033011e-05,2.843207701233436e-05,3.1988972816758165e-05,3.3237895397210045e-05
4208,3.726330222408181e-05,2.8424924180714552e-05,3.1980539992726914e-05,3.323003087145195e-05
4209,3.725441672189618e-05,2.8416982587726133e-05,3.197205057926578e-05,3.3221838520151676e-05
4210,3.7245435979950235e-05,2.8410372503374216e-05,3.196435549406409e-05,3.321322040782753e-05
4211,3.723676484854477e-05,2.8402767363818308e-05,3.195590834611906e-05,3.3205324121103896e-05
4212,3.722734732048364e-05,2.839488077407724e-05,3.194725996044688e-05,3.319783592078753e-05
4213,3.721821331479109e-05,2.838710684470581e-05,3.1939844750766774e-05,3.318934878388809e-05
4214,3.720948983629058e-05,2.8380069144994342e-05,3.193188991141515e-05,3.318075134895663e-05
4215,3.72004019194503e-05,2.8373084526184386e-05,3.1923417842841266e-05,3.317340256506801e-05
4216,3.7190897464275565e-05,2.8364989284807985e-05,3.19145373234096e-05,3.316480206550513e-05
4217,3.718200066507121e-05,2.8357916860329517e-05,3.1906635127380026e-05,3.315640544629979e-05
4218,3.7173222336664844e-05,2.8350127525002007e-05,3.189866352073634e-05,3.3148496379967005e-05
4219,3.7163891087996444e-05,2.8343962951685766e-05,3.1890256148732895e-05,3.314042841811907e-05
4220,3.7155182206989066e-05,2.83358456532895e-05,3.188186947030058e-05,3.313260356247593e-05
4221,3.7146541689739694e-05,2.832877037569973e-05,3.187408222629794e-05,3.312451866198396e-05
4222,3.713743347533562e-05,2.8320690412927123e-05,3.186532509326768e-05,3.3116582211035065e-05
4223,3.7128560712271096e-05,2.8312431590599186e-05,3.1857291139947725e-05,3.310795761612651e-05
4224,3.711956680312617e-05,2.830586918086696e-05,3.184943252527929e-05,3.30994060859526e-05
4225,3.711020769272751e-05,2.8298610129831795e-05,3.1841385009919754e-05,3.309216763780126e-05
4226,3.7101752633828845e-05,2.8291038556429948e-05,3.183221356706557e-05,3.308395959375476e-05
4227,3.7092361554629047e-05,2.828376558001278e-05,3.182476204976391e-05,3.307587952079792e-05
4228,3.708341557235434e-05,2.8276781873852285e-05,3.181687459688847e-05,3.306826591887435e-05
4229,3.707458504373835e-05,2.8268944447794288e-05,3.1808478858781964e-05,3.305944155958729e-05
4230,3.706570278077155e-05,2.82620023078926e-05,3.1800427905304696e-05,3.305155726267852e-05
4231,3.705667934538848e-05,2.8254487292005474e-05,3.1792401826849846e-05,3.30434672401929e-05
4232,3.704755177467104e-05,2.8246841342936245e-05,3.178413875298922e-05,3.303558304837644e-05
4233,3.703868369615114e-05,2.8239302937073293e-05,3.17761535064376e-05,3.302732123815835e-05
4234,3.702997610612212e-05,2.8232648807166125e-05,3.176813750951185e-05,3.301948556078095e-05
4235,3.702070301454805e-05,2.8224762284811444e-05,3.1759792521857485e-05,3.3011405873746775e-05
4236,3.701201934004618e-05,2.821719749955901e-05,3.175180049015007e-05,3.300298824945567e-05
4237,3.700330917664898e-05,2.820988073483705e-05,3.174314570126037e-05,3.299509671934421e-05
4238,3.6994288188482374e-05,2.8203121256275556e-05,3.173573902628268e-05,3.29872346559851e-05
4239,3.698555860887689e-05,2.819538109674028e-05,3.1727467453730146e-05,3.297886430250398e-05
4240,3.6976398779265014e-05,2.818809384544039e-05,3.1719141636452694e-05,3.2971280918888886e-05
4241,3.6967875471e-05,2.8180664859726015e-05,3.171169793234425e-05,3.2963442484969376e-05
4242,3.695822955858125e-05,2.817355299710574e-05,3.170253696699514e-05,3.2955570453020025e-05
4243,3.695025697941669e-05,2.8166805546772066e-05,3.1694633139706474e-05,3.29476568263664e-05
4244,3.694123045861015e-05,2.8159437889012552e-05,3.168730320441005e-05,3.293929507725041e-05
4245,3.6932033997947305e-05,2.8151530190984217e-05,3.16795007237273e-05,3.293119789932958e-05
4246,3.692358461226055e-05,2.814439044110134e-05,3.1670946926366075e-05,3.292358770928011e-05
4247,3.69147933753464e-05,2.8137189445175193e-05,3.166295495088401e-05,3.2915561814627134e-05
4248,3.6905979479580044e-05,2.8129463692695658e-05,3.1654842891375477e-05,3.2907123553721563e-05
4249,3.6896907080786914e-05,2.8122395546371264e-05,3.164634730675458e-05,3.289961576332549e-05
4250,3.688806670972337e-05,2.811522284935688e-05,3.163889814943453e-05,3.289129137384428e-05
4251,3.687949356984531e-05,2.8107789552922178e-05,3.163037640479868e-05,3.288345028130505e-05
4252,3.687054473048796e-05,2.8100726386460254e-05,3.162297842050398e-05,3.287604220142346e-05
4253,3.6861409463712e-05,2.8094070628322126e-05,3.1614738941784477e-05,3.286742702341883e-05
4254,3.685280713881252e-05,2.808668759795479e-05,3.1606141852091646e-05,3.285978796470626e-05
4255,3.684397707524763e-05,2.8079253061350548e-05,3.15984769708386e-05,3.2851701922431475e-05
4256,3.683543024201336e-05,2.8071866552070493e-05,3.1590526480942874e-05,3.2843826672332615e-05
4257,3.682661872367503e-05,2.806446791987721e-05,3.158266783322358e-05,3.2836362617899116e-05
4258,3.6817947312659574e-05,2.8057246787205928e-05,3.1574764248337086e-05,3.282788631608767e-05
4259,3.680950932820216e-05,2.8050290136485235e-05,3.156704661685977e-05,3.282046266231192e-05
4260,3.6800008911176464e-05,2.804314143188596e-05,3.155888130033685e-05,3.2812574803808145e-05
4261,3.679151565984795e-05,2.803582385037063e-05,3.155063360107964e-05,3.2804769082195715e-05
4262,3.678304336962711e-05,2.802791500851836e-05,3.154287635572814e-05,3.279649085637938e-05
4263,3.677409608636883e-05,2.8021102241273368e-05,3.153504622325871e-05,3.278872252209019e-05
4264,3.676498274831714e-05,2.8014308110362978e-05,3.152696814679911e-05,3.278080724473705e-05
4265,3.6756668428612196e-05,2.800734713928793e-05,3.151924816065636e-05,3.277290896681318e-05
4266,3.6747730693261504e-05,2.799965648359203e-05,3.1511125358778165e-05,3.276517291480751e-05
4267,3.673869022476514e-05,2.799300089038453e-05,3.150302754080227e-05,3.27564059635274e-05
4268,3.673040366982645e-05,2.7985343734123142e-05,3.149541540772995e-05,3.274962231865838e-05
4269,3.672159043742041e-05,2.7978446358659803e-05,3.1487440086982886e-05,3.274161119192791e-05
4270,3.671302551531888e-05,2.7971468390644904e-05,3.147883341573577e-05,3.273350051566377e-05
4271,3.6704537871264895e-05,2.7963783399108408e-05,3.147150550599192e-05,3.272564643449962e-05
4272,3.669602927839273e-05,2.795661129288713e-05,3.1463261269301285e-05,3.271792563861653e-05
4273,3.668710186819694e-05,2.7949586485744592e-05,3.1455956521800496e-05,3.271009935509992e-05
4274,3.667839752552834e-05,2.7942405957549458e-05,3.144769769243809e-05,3.270222800157895e-05
4275,3.666962216559733e-05,2.7935326965548338e-05,3.1439572575030386e-05,3.269416819790237e-05
4276,3.666097536174804e-05,2.7928112730713508e-05,3.143171680052938e-05,3.268692404799248e-05
4277,3.6652565837615804e-05,2.792141701998092e-05,3.1423991969653324e-05,3.267862446607365e-05
4278,3.664361170350781e-05,2.7913824096997652e-05,3.141610462085393e-05,3.267101702536622e-05
4279,3.663502336455628e-05,2.7906621852008465e-05,3.140826821474489e-05,3.266317905173137e-05
4280,3.662634709796638e-05,2.789987882182144e-05,3.1400649162090826e-05,3.265477928463593e-05
4281,3.6617800781800494e-05,2.78922574777871e-05,3.1392588808804455e-05,3.2647290813554405e-05
4282,3.6608931962471184e-05,2.7885636377983572e-05,3.138471503991185e-05,3.263950953972994e-05
4283,3.660051377782458e-05,2.7878529307211823e-05,3.137689015951538e-05,3.263155829050047e-05
4284,3.659183113478308e-05,2.7871612198002227e-05,3.1369722558410495e-05,3.262440703183049e-05
4285,3.6582765522032215e-05,2.7864176872240263e-05,3.136093210769354e-05,3.2616092616268e-05
4286,3.6574210990054535e-05,2.7857365436820444e-05,3.135326615681503e-05,3.260872257932399e-05
4287,3.6565734482975734e-05,2.785002049055779e-05,3.134537658800756e-05,3.260082876415053e-05
4288,3.6557441439620666e-05,2.7842853649650644e-05,3.133795655849052e-05,3.259296669400225e-05
4289,3.654894262086084e-05,2.7835937297900488e-05,3.132970234233308e-05,3.258555805362731e-05
4290,3.653995692047142e-05,2.7829079457401556e-05,3.132250259168311e-05,3.2577726945162394e-05
4291,3.6531378145741275e-05,2.7822208703167452e-05,3.13142496251743e-05,3.256973332132868e-05
4292,3.6522942713615795e-05,2.7814943788097294e-05,3.1306358319071064e-05,3.2562323548620666e-05
4293,3.6514238932230056e-05,2.7807878275254623e-05,3.1298713897957755e-05,3.2554553047589855e-05
4294,3.650589762876761e-05,2.78007190258251e-05,3.12910764725465e-05,3.254698736758829e-05
4295,3.649702898885004e-05,2.7793230446345383e-05,3.128311818013205e-05,3.253912058230755e-05
4296,3.648857285969854e-05,2.7786506984737376e-05,3.1275210046043616e-05,3.253136441135034e-05
4297,3.648019599017939e-05,2.7779829827165634e-05,3.1267710094154535e-05,3.252369220139689e-05
4298,3.647180239656518e-05,2.777255371839956e-05,3.125937752650064e-05,3.2515850807578994e-05
4299,3.646311970054591e-05,2.7765228226343097e-05,3.125210192314321e-05,3.250784307837769e-05
4300,3.645461932888277e-05,2.7758785647098675e-05,3.1244184064417294e-05,3.2500379543323206e-05
4301,3.6446316529607066e-05,2.7751672829463326e-05,3.123705487612998e-05,3.24930465999928e-05
4302,3.643747991405352e-05,2.774448904348881e-05,3.122831067964635e-05,3.2485497378977195e-05
4303,3.6429260527470026e-05,2.773733524775722e-05,3.122119974334056e-05,3.2477388017412005e-05
4304,3.642082283456729e-05,2.7730377534055942e-05,3.121315894140212e-05,3.246953181791191e-05
4305,3.6411972065426966e-05,2.7723442117480005e-05,3.120510422375232e-05,3.246179299323301e-05
4306,3.640351151141768e-05,2.771651653524146e-05,3.119799329194547e-05,3.2454630356277224e-05
4307,3.639515631942011e-05,2.7709358133667736e-05,3.119015803222756e-05,3.2446656233465464e-05
4308,3.6386401707328555e-05,2.770200024513005e-05,3.118238566600427e-05,3.2439104536003035e-05
4309,3.6378185409019785e-05,2.769551289913668e-05,3.1174490302156267e-05,3.2431474491851234e-05
4310,3.636974807519862e-05,2.768822085474179e-05,3.116671166070042e-05,3.2423950857237434e-05
4311,3.6361148854083715e-05,2.7681374937322757e-05,3.115892612241841e-05,3.241579425228034e-05
4312,3.635259514203459e-05,2.767457115905603e-05,3.115138037166869e-05,3.24084209484645e-05
4313,3.634429796416862e-05,2.7667314748273707e-05,3.114381049672676e-05,3.240094311329764e-05
4314,3.633561404145094e-05,2.766032931570912e-05,3.113610215888966e-05,3.239341619438244e-05
4315,3.6327272105028566e-05,2.7653465474009595e-05,3.1128527718049195e-05,3.238596469071666e-05
4316,3.631911670475113e-05,2.7646646119287324e-05,3.112095802053656e-05,3.2377768052440846e-05
4317,3.6310519746057515e-05,2.763950708639372e-05,3.1112909084409946e-05,3.237026835439431e-05
4318,3.6302259651156206e-05,2.7632555049198246e-05,3.110530314666483e-05,3.2362998965558453e-05
4319,3.629348378315941e-05,2.7625640347534418e-05,3.1097533945446475e-05,3.235529104308726e-05
4320,3.6285162792097804e-05,2.7618766478612187e-05,3.1090261767035764e-05,3.234773649319286e-05
4321,3.6276633164850624e-05,2.761180149351526e-05,3.1082493728542166e-05,3.23401512682199e-05
4322,3.6268305114066796e-05,2.7605052111305096e-05,3.1074642056219864e-05,3.2332466977157574e-05
4323,3.626036925704425e-05,2.7598268028786224e-05,3.106741616313603e-05,3.232491514508966e-05
4324,3.6251318698603534e-05,2.7590992169844714e-05,3.105976372455458e-05,3.23173027705707e-05
4325,3.624320309160252e-05,2.7584448139598156e-05,3.105178856573319e-05,3.230967568444375e-05
4326,3.6234625482762575e-05,2.7577086318800205e-05,3.104406210220873e-05,3.230213164615665e-05
4327,3.622608134952673e-05,2.757089579762813e-05,3.103651133128865e-05,3.22946582312842e-05
4328,3.6217799031117823e-05,2.7563611238988528e-05,3.1028984119406384e-05,3.228671317077224e-05
4329,3.6209699454726647e-05,2.755650570407466e-05,3.102146895063899e-05,3.227939106266457e-05
4330,3.620120337042018e-05,2.7550073604590825e-05,3.101401568308818e-05,3.227184806484848e-05
4331,3.619287416625915e-05,2.7543123189475284e-05,3.100613934695824e-05,3.2264589272083394e-05
4332,3.618471634510082e-05,2.753601572546455e-05,3.099870520813092e-05,3.225685680892606e-05
4333,3.6176193670681984e-05,2.75294262579942e-05,3.099074629062193e-05,3.224896380531255e-05
4334,3.6167941500922046e-05,2.7522539986718946e-05,3.0983098250077587e-05,3.224161497850073e-05
4335,3.6159282453216094e-05,2.7515221060966644e-05,3.097596420917463e-05,3.223395329627704e-05
4336,3.615094699244828e-05,2.7508266430550702e-05,3.096817960346773e-05,3.2226664577422607e-05
4337,3.614283336922277e-05,2.750164236956449e-05,3.096046623634861e-05,3.221924852161286e-05
4338,3.613451389314112e-05,2.7495259287034823e-05,3.0953316796591584e-05,3.2211962344618335e-05
4339,3.612585517793649e-05,2.748800413844771e-05,3.094537040910085e-05,3.220429170319758e-05
4340,3.61181444590354e-05,2.7481500769586947e-05,3.0937779848574096e-05,3.219657845856936e-05
4341,3.610952065002023e-05,2.7474070592212304e-05,3.0930139021987854e-05,3.218944390878414e-05
4342,3.610144474170711e-05,2.746786146278539e-05,3.092261505734502e-05,3.218166001359497e-05
4343,3.609297747020061e-05,2.7460854301415286e-05,3.091504840271956e-05,3.2174074203698505e-05
4344,3.608460965200022e-05,2.7453798230949577e-05,3.0907721775422966e-05,3.216694333847323e-05
4345,3.6076256540022486e-05,2.7447049188809828e-05,3.0899829279848835e-05,3.2159185127918734e-05
4346,3.606800945529197e-05,2.7439889994088158e-05,3.089282469164979e-05,3.2151945733408054e-05
4347,3.6059822104090175e-05,2.7433197180828902e-05,3.0884650290012733e-05,3.21442791011112e-05
4348,3.6051536287726945e-05,2.742639712474895e-05,3.087788511068897e-05,3.213664389852516e-05
4349,3.6043526883243964e-05,2.7420116499505767e-05,3.086981221249184e-05,3.2129408375099995e-05
4350,3.6034999748504205e-05,2.7413289931746644e-05,3.086278216238203e-05,3.21220573969197e-05
4351,3.60268662623245e-05,2.7406567240385364e-05,3.0854416732964136e-05,3.211426609959258e-05
4352,3.601853735829285e-05,2.7399403154142828e-05,3.084723129588722e-05,3.210698283392158e-05
4353,3.601031675643219e-05,2.7393095165060284e-05,3.084008818569914e-05,3.209965667817385e-05
4354,3.6002273183640374e-05,2.738637074530726e-05,3.0832311716641566e-05,3.2092128489006216e-05
4355,3.5993845846435536e-05,2.737940542491446e-05,3.082520689761861e-05,3.2084697491711414e-05
4356,3.598590341760679e-05,2.7372435176142055e-05,3.081711456306881e-05,3.207734478582235e-05
4357,3.597754568857684e-05,2.736581779036574e-05,3.081003151831538e-05,3.207019705624773e-05
4358,3.59694320130786e-05,2.7359062154061673e-05,3.0802677960140624e-05,3.206260898280229e-05
4359,3.5961077249524076e-05,2.7352213669684984e-05,3.079510201134977e-05,3.2055637598427564e-05
4360,3.5952816503057797e-05,2.734548077520035e-05,3.078779093875864e-05,3.204787217557433e-05
4361,3.594453125742915e-05,2.73388654937809e-05,3.0779758233865226e-05,3.2040153083136856e-05
4362,3.593627591297811e-05,2.7332314487767315e-05,3.07730685234591e-05,3.2033077183160325e-05
4363,3.592819519180475e-05,2.7325465809035543e-05,3.0765019210268814e-05,3.2025644077299746e-05
4364,3.591980639395991e-05,2.7318546684250693e-05,3.075792496168954e-05,3.2018063951588604e-05
4365,3.5911742768093006e-05,2.7312063602292726e-05,3.075036623238981e-05,3.201097082188995e-05
4366,3.590361365892098e-05,2.7305414920273e-05,3.074288851544094e-05,3.200307789054775e-05
4367,3.589541590761756e-05,2.729847476409885e-05,3.0735569205354274e-05,3.1995809661879684e-05
4368,3.588730315611225e-05,2.7291561178323466e-05,3.072828912542378e-05,3.19887561135429e-05
4369,3.587926181853736e-05,2.728519899478308e-05,3.072048674587844e-05,3.198112821682907e-05
4370,3.587103988044234e-05,2.7278348246528113e-05,3.071324922102365e-05,3.19738353892078e-05
4371,3.586287769119963e-05,2.7271659997759187e-05,3.070547797878022e-05,3.196656800447056e-05
4372,3.5854497937025995e-05,2.726466442372859e-05,3.069803793406439e-05,3.195947967761857e-05
4373,3.5846776139308105e-05,2.725858730293384e-05,3.069080668990419e-05,3.1951969600538286e-05
4374,3.583834766851847e-05,2.7251393364105304e-05,3.068381322324063e-05,3.19443095088614e-05
4375,3.583053664021678e-05,2.7244867732404213e-05,3.067617710229356e-05,3.193716668158522e-05
4376,3.5822360571054944e-05,2.7237954074298535e-05,3.066878521786299e-05,3.192952808322419e-05
4377,3.581390248046454e-05,2.7231638467927437e-05,3.066128597427498e-05,3.192254862996622e-05
4378,3.580591943868106e-05,2.7224879855939865e-05,3.0654435617042175e-05,3.191538979155621e-05
4379,3.579793437209665e-05,2.7218276048136297e-05,3.0646190975965115e-05,3.190781625415514e-05
4380,3.578951948476679e-05,2.7211725742397094e-05,3.0639440981896076e-05,3.190092898720463e-05
4381,3.5781607175590996e-05,2.720457356946832e-05,3.0631916234462295e-05,3.1893430995202744e-05
4382,3.577374680706184e-05,2.7198432711632794e-05,3.062504289345991e-05,3.188627315440576e-05
4383,3.5765480028843024e-05,2.7191547175428046e-05,3.0617143228616096e-05,3.187895162824681e-05
4384,3.575740231437924e-05,2.718493695533963e-05,3.061024498026652e-05,3.187162670737011e-05
4385,3.5749245911503304e-05,2.717830090315609e-05,3.060249358664948e-05,3.18641030622343e-05
4386,3.574129828215165e-05,2.7171746012521077e-05,3.059523308952885e-05,3.1856730222177716e-05
4387,3.5733125080102544e-05,2.7165311934406736e-05,3.058796915771248e-05,3.1849504694346915e-05
4388,3.572499033685843e-05,2.715854257303312e-05,3.05807011588453e-05,3.184222778432824e-05
4389,3.571710700902288e-05,2.715179374514032e-05,3.057333601011829e-05,3.183498842531324e-05
4390,3.5709148778388345e-05,2.714492408896236e-05,3.056604383952909e-05,3.1828089576676156e-05
4391,3.5701033560476754e-05,2.7138514041479088e-05,3.0558365398143906e-05,3.182041701877543e-05
4392,3.569304668996365e-05,2.7131874515657e-05,3.055112206484073e-05,3.181316616257422e-05
4393,3.568507309571487e-05,2.7125190115997603e-05,3.054406673499412e-05,3.180582362159369e-05
4394,3.567677992573984e-05,2.7118783089082772e-05,3.053630223364507e-05,3.179911645410031e-05
4395,3.566864454241061e-05,2.7112010760842003e-05,3.0529327553112596e-05,3.179164294588994e-05
4396,3.566062895551679e-05,2.7105887724540476e-05,3.0521958352064374e-05,3.1784405884376225e-05
4397,3.565289095939241e-05,2.7098840685426435e-05,3.051486075935427e-05,3.1777086633587854e-05
4398,3.564493223786891e-05,2.70926746626687e-05,3.0507503014172867e-05,3.1769854205162604e-05
4399,3.563669962262283e-05,2.7085938865925673e-05,3.050054676160419e-05,3.1762605067985575e-05
4400,3.562881841227949e-05,2.707947015354801e-05,3.0492831605560604e-05,3.175531514878055e-05
4401,3.5620794492392585e-05,2.7072504624240934e-05,3.0486049497266626e-05,3.1748015406233575e-05
4402,3.561293922834796e-05,2.706642292348513e-05,3.0478500647169682e-05,3.174116262738439e-05
4403,3.560490757752553e-05,2.7059993137015375e-05,3.0471578885031694e-05,3.173371207007537e-05
4404,3.5596802025519954e-05,2.7053060004603266e-05,3.0464095606102254e-05,3.172623011211076e-05
4405,3.558904028599557e-05,2.7046605452924316e-05,3.045706257679702e-05,3.17195368672436e-05
4406,3.558098263190573e-05,2.703995019278048e-05,3.0449557389358992e-05,3.171217146783566e-05
4407,3.557304500640311e-05,2.7033522838006112e-05,3.0442374953988374e-05,3.170493220688243e-05
4408,3.556499771622088e-05,2.7026887579756256e-05,3.0435087497836863e-05,3.1697714909876535e-05
4409,3.555703170846174e-05,2.7020582191997023e-05,3.0428036839438493e-05,3.169042614895799e-05
4410,3.554923859487484e-05,2.701383063625024e-05,3.0420423803810015e-05,3.1683988366402544e-05
4411,3.554104671439223e-05,2.7007423245338124e-05,3.0413181274966024e-05,3.16765246032221e-05
4412,3.553330421595373e-05,2.7000682913234438e-05,3.0406126479419223e-05,3.166940803301284e-05
4413,3.552519387928526e-05,2.6994400173061544e-05,3.039856309988771e-05,3.166211631853949e-05
4414,3.5517323521240246e-05,2.698770357460535e-05,3.0391404068263093e-05,3.1654860531552177e-05
4415,3.5509515446064454e-05,2.6981363469932606e-05,3.0384725378987937e-05,3.164762876159558e-05
4416,3.550152809454071e-05,2.6974672988495697e-05,3.0377247059990234e-05,3.164035759523845e-05
4417,3.5493765047093405e-05,2.696854034065697e-05,3.036998467610543e-05,3.163341048165546e-05
4418,3.548596203468762e-05,2.6962114974506367e-05,3.036301758735368e-05,3.162622350342852e-05
4419,3.547788129779298e-05,2.6955256088837855e-05,3.035588095590049e-05,3.161929516109358e-05
4420,3.54700516642407e-05,2.694903126261105e-05,3.034875679991091e-05,3.1611887607212325e-05
4421,3.546184988781663e-05,2.694287476569065e-05,3.0341481442702975e-05,3.160484995019699e-05
4422,3.545395111666346e-05,2.6936002125714383e-05,3.0334222983052454e-05,3.159800783577182e-05
4423,3.544616083480279e-05,2.6929356938640716e-05,3.032716922143451e-05,3.1590687888734195e-05
4424,3.543843997349147e-05,2.6922826496926333e-05,3.0319809915020896e-05,3.1583582120092146e-05
4425,3.543054049118765e-05,2.691648904760969e-05,3.031281896444043e-05,3.1576569041612615e-05
4426,3.542289475864926e-05,2.6910081870367404e-05,3.0305707660893025e-05,3.156950265863065e-05
4427,3.54148221713526e-05,2.6903307543468512e-05,3.029843217022646e-05,3.156218789983914e-05
4428,3.5407140145898706e-05,2.6897367618641752e-05,3.029130700267396e-05,3.1555200790744713e-05
4429,3.539912455431805e-05,2.6890985102494327e-05,3.0284196057631173e-05,3.1548410575695204e-05
4430,3.5391200282487305e-05,2.6884363694545063e-05,3.027720500255202e-05,3.15411777297109e-05
4431,3.53835534009366e-05,2.6877834149963956e-05,3.0269956957521405e-05,3.153401464034718e-05
4432,3.5375615888503214e-05,2.6871410091452574e-05,3.0263128327471298e-05,3.1526997267328026e-05
4433,3.536773327013781e-05,2.6864877249274205e-05,3.0255592459788996e-05,3.1520092161017434e-05
4434,3.5359932330765045e-05,2.6858352703970562e-05,3.024832372553016e-05,3.151250680333356e-05
4435,3.5352020628886406e-05,2.6851932443521346e-05,3.0241432063236524e-05,3.150635348620695e-05
4436,3.5344214139226214e-05,2.6845534078672012e-05,3.0234278909725436e-05,3.149885588834615e-05
4437,3.533644013410973e-05,2.6839354812156918e-05,3.0227254273582686e-05,3.1491892830852145e-05
4438,3.532861905540994e-05,2.6832809712126287e-05,3.0220521453003443e-05,3.1484880555899666e-05
4439,3.5320930973166024e-05,2.682642252083774e-05,3.0213211580758753e-05,3.147747079941585e-05
4440,3.53130057764702e-05,2.6820149415427097e-05,3.0206176378205798e-05,3.147045465535447e-05
4441,3.530521922822152e-05,2.6813570068624622e-05,3.0199163817641544e-05,3.1463254946785824e-05
4442,3.5297446956473864e-05,2.680713479697558e-05,3.019193109692006e-05,3.145622020455483e-05
4443,3.5289803374562906e-05,2.680077759908421e-05,3.0185010346381243e-05,3.1449468488579626e-05
4444,3.528191747853039e-05,2.679456466059432e-05,3.017767302776847e-05,3.144252106627182e-05
4445,3.5274300573325386e-05,2.678815094993154e-05,3.0170685175601522e-05,3.143558514915054e-05
4446,3.526645701536353e-05,2.6781848518791098e-05,3.0163690520553127e-05,3.1428481901067056e-05
4447,3.525870817448752e-05,2.6775295876141188e-05,3.0156680388803296e-05,3.142121044936974e-05
4448,3.525069639602353e-05,2.6769333885572863e-05,3.0149538669438613e-05,3.1414435081543304e-05
4449,3.524315870830493e-05,2.676279391840172e-05,3.014213739801423e-05,3.1407571697548845e-05
4450,3.523549303206775e-05,2.6756369070094963e-05,3.0135457012813358e-05,3.140058248828203e-05
4451,3.522771821598148e-05,2.675005581409576e-05,3.0128464032106583e-05,3.139344003434427e-05
4452,3.521986994502019e-05,2.674379336659332e-05,3.0121600136152994e-05,3.138660530842268e-05
4453,3.5212096070901744e-05,2.673744754136498e-05,3.0114397808515977e-05,3.13795552697208e-05
4454,3.520436978652461e-05,2.6730849135308603e-05,3.0107357313064145e-05,3.1372491916959725e-05
4455,3.519650067774684e-05,2.6724332024381473e-05,3.0100527454406073e-05,3.136563577549658e-05
4456,3.5188857433160594e-05,2.6718149805570374e-05,3.009314713122259e-05,3.135860773853655e-05
4457,3.5181256341334506e-05,2.671205830819738e-05,3.008647182829869e-05,3.135143329563813e-05
4458,3.5173637375947225e-05,2.6705822664437527e-05,3.0079256891469337e-05,3.134456072985468e-05
4459,3.516592949570613e-05,2.6699434759717254e-05,3.007201206444767e-05,3.133792721236681e-05
4460,3.5158180206582686e-05,2.669286463755066e-05,3.0065518295144712e-05,3.13310297159046e-05
4461,3.515057705053573e-05,2.668697621941889e-05,3.0058274312545148e-05,3.1323696086624246e-05
4462,3.5142743936672285e-05,2.668072914596384e-05,3.005114205714994e-05,3.131679298645182e-05
4463,3.5135193095023805e-05,2.6674160383014983e-05,3.004443789532592e-05,3.1309771917267154e-05
4464,3.512740975635284e-05,2.6667433479907362e-05,3.003732127132386e-05,3.130297786444363e-05
4465,3.511983663177726e-05,2.6661438671951456e-05,3.0030522281835275e-05,3.1296018829203814e-05
4466,3.5112152721685936e-05,2.6655107624171956e-05,3.002335914512754e-05,3.128906862500728e-05
4467,3.510456015833375e-05,2.664933567645807e-05,3.0016518450475946e-05,3.128246639731859e-05
4468,3.50968327833995e-05,2.6642560909539542e-05,3.000943265903242e-05,3.1275291715762814e-05
4469,3.5089147501806866e-05,2.6636531204842317e-05,3.0002634276000776e-05,3.1268622723492224e-05
4470,3.50814775032125e-05,2.6630070314797575e-05,2.999553004072e-05,3.12614157921297e-05
4471,3.5073785195492306e-05,2.66239552556546e-05,2.998866407813773e-05,3.125468092807086e-05
4472,3.5066231753451166e-05,2.661763574876599e-05,2.9981886441227404e-05,3.1247905007669175e-05
4473,3.505871847188032e-05,2.6611160442398757e-05,2.9974683660442773e-05,3.12406595719479e-05
4474,3.5051026325436236e-05,2.6604986387353132e-05,2.99679782009411e-05,3.123400379382374e-05
4475,3.504323589182612e-05,2.6598782045677262e-05,2.9960993419917e-05,3.1227156766243776e-05
4476,3.503568899838603e-05,2.659265808436492e-05,2.995424105805768e-05,3.122031668196818e-05
4477,3.502805347289539e-05,2.6586517268859137e-05,2.9947269374691867e-05,3.121315482547068e-05
4478,3.502049934966688e-05,2.6580177139765617e-05,2.9940258908506415e-05,3.1206637396996646e-05
4479,3.5012880610863116e-05,2.6573907332903676e-05,2.993345618983519e-05,3.1199715442319216e-05
4480,3.5005424272591534e-05,2.6567335931607484e-05,2.992628542096589e-05,3.119260924529481e-05
4481,3.499771604259512e-05,2.6561284785311495e-05,2.9919251197879266e-05,3.118584175478096e-05
4482,3.499029959527922e-05,2.6555284090213724e-05,2.9912645754655404e-05,3.117933547127621e-05
4483,3.498235874617884e-05,2.6549035521369062e-05,2.9905594844251417e-05,3.11722585548204e-05
4484,3.4975015426288715e-05,2.6542569851613645e-05,2.9898797128326604e-05,3.1165316302045025e-05
4485,3.496738974087895e-05,2.6536533880214422e-05,2.9892185698971646e-05,3.115860292580881e-05
4486,3.495979691645165e-05,2.6530499598197053e-05,2.9884876301335695e-05,3.115171911089233e-05
4487,3.495222790905476e-05,2.6524157192277592e-05,2.987824583077084e-05,3.1144780726309453e-05
4488,3.49447239258361e-05,2.6517945859100838e-05,2.9871348602938937e-05,3.113839061964465e-05
4489,3.493697233164049e-05,2.6511707950144814e-05,2.98645473319708e-05,3.11311630061164e-05
4490,3.492959917418821e-05,2.650544946887362e-05,2.985776228394447e-05,3.1124435282835515e-05
4491,3.49221790441879e-05,2.6499366095830383e-05,2.9851024508712604e-05,3.111761275728162e-05
4492,3.49145612136183e-05,2.6493341821041546e-05,2.9843745919238078e-05,3.1110484558708633e-05
4493,3.490707414615041e-05,2.6486903845278227e-05,2.9837018198705115e-05,3.110392718809476e-05
4494,3.489949862585097e-05,2.6480902022485955e-05,2.9830128511686628e-05,3.109722410802641e-05
4495,3.489199104503583e-05,2.6474493517947193e-05,2.9823285643053223e-05,3.1090635685945976e-05
4496,3.488425412497854e-05,2.646857465661381e-05,2.9816630837977935e-05,3.1083721143442054e-05
4497,3.4877020188092556e-05,2.646254582027026e-05,2.9809506221801594e-05,3.107689583483014e-05
4498,3.486927356451009e-05,2.6456238894866463e-05,2.980305844784433e-05,3.107019405523492e-05
4499,3.4861882099593426e-05,2.6449834229045422e-05,2.9796009131225873e-05,3.106320038829141e-05
4500,3.48542422060602e-05,2.6443819076680857e-05,2.9789387577761747e-05,3.105659103005381e-05
4501,3.484683707951066e-05,2.6437659748664962e-05,2.9782132584759954e-05,3.104977837532495e-05
4502,3.48393416681479e-05,2.6431552135360752e-05,2.977562612828797e-05,3.104288550576213e-05
4503,3.4831814933673365e-05,2.6425495774576224e-05,2.976894116182409e-05,3.1036270453678007e-05
4504,3.4824542579912264e-05,2.6419095670879678e-05,2.9761782526133242e-05,3.102935206615182e-05
4505,3.481686356089001e-05,2.641318624054715e-05,2.9755023345649553e-05,3.1022787115881597e-05
4506,3.480930265558051e-05,2.64068383575086e-05,2.9748525694140966e-05,3.1015934164412777e-05
4507,3.480198240216792e-05,2.6401168938381645e-05,2.9741715437592604e-05,3.100931076283329e-05
4508,3.4794505702443834e-05,2.6394736828738904e-05,2.9734744362800514e-05,3.100279739359566e-05
4509,3.478714074185267e-05,2.6388804151801435e-05,2.9728226134330165e-05,3.0995572967570454e-05
4510,3.477966240931193e-05,2.638254689824263e-05,2.9721345792869418e-05,3.098875897982572e-05
4511,3.4772095588327826e-05,2.637668697628411e-05,2.9714628857643575e-05,3.098249750912695e-05
4512,3.476460026068028e-05,2.6370159858224887e-05,2.9707851051938485e-05,3.0975336949694696e-05
4513,3.47571587514426e-05,2.636430615740107e-05,2.9701045320543592e-05,3.096895140633417e-05
4514,3.4749870942435625e-05,2.6358134220328513e-05,2.969441940981827e-05,3.096214465980301e-05
4515,3.4742517128604526e-05,2.635184555426056e-05,2.9687441068303404e-05,3.0955270219129486e-05
4516,3.473493839558413e-05,2.6345728588116762e-05,2.9680855892053598e-05,3.0948924570529684e-05
4517,3.472766135369006e-05,2.6340006567655953e-05,2.967424455987628e-05,3.0941990472192776e-05
4518,3.4720043349081424e-05,2.633381669931973e-05,2.9667145436537626e-05,3.0935179957046336e-05
4519,3.4712661706154696e-05,2.6327464877071127e-05,2.9660885488387354e-05,3.0928701658314376e-05
4520,3.4705097959247404e-05,2.6321551286329826e-05,2.965398776646961e-05,3.092191053574957e-05
4521,3.469774334629915e-05,2.631575954772271e-05,2.9647093573922312e-05,3.091551482983823e-05
4522,3.469040155347713e-05,2.630950773334573e-05,2.9640315866368872e-05,3.0908537698105905e-05
4523,3.4683085380072675e-05,2.6303569548145885e-05,2.963390622142491e-05,3.0901951165249246e-05
4524,3.467567545391656e-05,2.629743617899093e-05,2.9627046572292846e-05,3.089524967950094e-05
4525,3.466831751641739e-05,2.62913582376897e-05,2.962028208852906e-05,3.08885743125538e-05
4526,3.4660997770637905e-05,2.628542348166477e-05,2.961376457746679e-05,3.088180918227549e-05
4527,3.465349212074986e-05,2.6279297085375527e-05,2.9606872752647432e-05,3.087516848339649e-05
4528,3.464631393712286e-05,2.6273217403513077e-05,2.9600166827937977e-05,3.086861507923128e-05
4529,3.463896855899771e-05,2.626699126740651e-05,2.9593477786256206e-05,3.086177927063615e-05
4530,3.463139368083689e-05,2.6261223228102667e-05,2.958672919558876e-05,3.085531362973756e-05
4531,3.462395841618979e-05,2.6255153237932036e-05,2.9580259105178432e-05,3.0848405903833995e-05
4532,3.461663891034065e-05,2.624929171864126e-05,2.9573405700633678e-05,3.0842085313216785e-05
4533,3.4609411323092265e-05,2.6242926324581603e-05,2.9566824496175724e-05,3.08353737174903e-05
4534,3.460201008395367e-05,2.62370156501862e-05,2.9560420412005835e-05,3.0828882614371804e-05
4535,3.4594660996329985e-05,2.6231231813530015e-05,2.9553455403927303e-05,3.082217528359143e-05
4536,3.45873397154696e-05,2.6225211722193895e-05,2.9546769883115885e-05,3.081576180230398e-05
4537,3.458016194916722e-05,2.6218955312766293e-05,2.9540100442974696e-05,3.080897635660595e-05
4538,3.457270724098289e-05,2.6213050214687776e-05,2.9533451588814608e-05,3.08024308522452e-05
4539,3.456528092354065e-05,2.6207154018071427e-05,2.952681479036654e-05,3.0795672875805414e-05
4540,3.455799165179238e-05,2.6201180767082623e-05,2.9520177452044414e-05,3.0788912102269917e-05
4541,3.455068990889734e-05,2.619494289935086e-05,2.9513539760838815e-05,3.078243738717191e-05
4542,3.454344870868081e-05,2.6188985657447158e-05,2.9506761275310804e-05,3.0775809393870424e-05
4543,3.453604341543228e-05,2.618312349564358e-05,2.9500328668717376e-05,3.076921880682498e-05
4544,3.452889326396373e-05,2.6177261044027066e-05,2.9493558409100173e-05,3.0762829566527886e-05
4545,3.45215185255643e-05,2.6171065173002144e-05,2.9487155329584445e-05,3.075606048101095e-05
4546,3.451433447840992e-05,2.6165269580199717e-05,2.9480773475766297e-05,3.0749621117621284e-05
4547,3.450687283691246e-05,2.615927713456204e-05,2.9473928027708737e-05,3.074293983440479e-05
4548,3.449967928256746e-05,2.6153197059476977e-05,2.9467405612759493e-05,3.0736591916831113e-05
4549,3.449252563186483e-05,2.6147505062174692e-05,2.946044896825587e-05,3.0729900497850566e-05
4550,3.448500691286083e-05,2.6141263751505715e-05,2.9453961974573642e-05,3.072330823779607e-05
4551,3.447798006449775e-05,2.6135291297153865e-05,2.9447187928118997e-05,3.07166648053724e-05
4552,3.4470736448771364e-05,2.612939336860649e-05,2.9440922756405133e-05,3.071040697713247e-05
4553,3.446324753454836e-05,2.6123517772823362e-05,2.9434210578975088e-05,3.0703442854905376e-05
4554,3.4456134436381105e-05,2.6117714636323338e-05,2.9427418472684634e-05,3.069703667559031e-05
4555,3.444877360420429e-05,2.6111668099179652e-05,2.9421019096011425e-05,3.0690637999254134e-05
4556,3.4441666049435756e-05,2.6105814961332147e-05,2.941441336714974e-05,3.0683937307673274e-05
4557,3.4434547230009234e-05,2.6099750452162495e-05,2.9407933376147075e-05,3.067731923239517e-05
4558,3.442706600400281e-05,2.6093869183174398e-05,2.9401226794970562e-05,3.0670794523433274e-05
4559,3.441986062110887e-05,2.608803125148642e-05,2.9394711588716554e-05,3.0664420517936455e-05
4560,3.4412553120608846e-05,2.6082106808209303e-05,2.9388235246430114e-05,3.065784593983556e-05
4561,3.44054260678091e-05,2.6076347299610036e-05,2.9381698851140354e-05,3.06513962328188e-05
4562,3.4398373491401074e-05,2.6070132449528707e-05,2.9375161932914566e-05,3.0644874933551194e-05
4563,3.439104347692905e-05,2.6064341284071956e-05,2.9368577856017493e-05,3.063831830994233e-05
4564,3.438383844910445e-05,2.605847486519596e-05,2.936204694683203e-05,3.0631815658949086e-05
4565,3.4376598337065425e-05,2.605240855945375e-05,2.9355622765182223e-05,3.062511102126637e-05
4566,3.4369405725858274e-05,2.6046633762827077e-05,2.9348698028210392e-05,3.061894092393371e-05
4567,3.436215355185521e-05,2.6040858883692278e-05,2.9342353908695445e-05,3.0612358865722706e-05
4568,3.4355105812767936e-05,2.6034788427253787e-05,2.9336065591185818e-05,3.0605684396085685e-05
4569,3.434782439515253e-05,2.6028911161379452e-05,2.932932428731061e-05,3.0599364336757056e-05
4570,3.434065492247653e-05,2.6023068161059223e-05,2.932284653388472e-05,3.059291820845534e-05
4571,3.433361022977261e-05,2.6017181439435228e-05,2.9316221252172628e-05,3.058642184996554e-05
4572,3.432640912458086e-05,2.601121870937804e-05,2.9309834869515693e-05,3.057984251273724e-05
4573,3.431922179243391e-05,2.600535386274821e-05,2.930340830626008e-05,3.057347933601569e-05
4574,3.431205880050341e-05,2.5999645524292013e-05,2.9296911573502533e-05,3.0566966701443326e-05
4575,3.430482340512677e-05,2.5993956696112562e-05,2.929039946831768e-05,3.056030735716248e-05
4576,3.429776565743615e-05,2.5987854192024866e-05,2.9283875672325596e-05,3.0553935609050985e-05
4577,3.429056492249974e-05,2.5982098203430078e-05,2.9277234900089324e-05,3.054764787847857e-05
4578,3.428344975403173e-05,2.597600033439223e-05,2.9270754941910444e-05,3.0541118490872846e-05
4579,3.4276285139194064e-05,2.5970236324708314e-05,2.9264376467890542e-05,3.053470687060707e-05
4580,3.4269144291419186e-05,2.5964574112202535e-05,2.9257925197419187e-05,3.052816968618422e-05
4581,3.426188318566167e-05,2.5958638975638867e-05,2.925150271463464e-05,3.052165991053803e-05
4582,3.425488012135473e-05,2.5952852606240236e-05,2.92447793050276e-05,3.0515287272888215e-05
4583,3.424779981464615e-05,2.5947124273741638e-05,2.9238548710822998e-05,3.0508950540222373e-05
4584,3.424071321247626e-05,2.5941158984424483e-05,2.9232050450750864e-05,3.0502318347887873e-05
4585,3.423357237678292e-05,2.5935439475139807e-05,2.9225718566804473e-05,3.0496332493770053e-05
4586,3.4226507680127796e-05,2.5929629771666198e-05,2.921918890574636e-05,3.0489666456744147e-05
4587,3.4219269224369386e-05,2.592380234647987e-05,2.921254190441999e-05,3.0483214741128992e-05
4588,3.421222462961763e-05,2.5917872994966782e-05,2.9206180194076946e-05,3.047692459126019e-05
4589,3.420515402473127e-05,2.5912019029595305e-05,2.9199896712807834e-05,3.047049050668145e-05
4590,3.419803968538467e-05,2.590645006606242e-05,2.919350673712268e-05,3.0464253440948653e-05
4591,3.4190981887990324e-05,2.5900624150473346e-05,2.918675593603614e-05,3.0457551917989335e-05
4592,3.418391306321911e-05,2.5894763798927534e-05,2.9180525169480435e-05,3.0451347302801112e-05
4593,3.417679598642358e-05,2.5888888784993336e-05,2.9173956593429618e-05,3.0444777196981026e-05
4594,3.41697997774567e-05,2.588301641557291e-05,2.916755265989598e-05,3.0438389522906367e-05
4595,3.4162729096635465e-05,2.587737281031146e-05,2.9161087376930223e-05,3.0432147703357546e-05
4596,3.4155674605940094e-05,2.587160766694843e-05,2.9154816545914653e-05,3.0425643716884475e-05
4597,3.414841058371868e-05,2.586574579147836e-05,2.914844923755262e-05,3.041931894840992e-05
4598,3.4141585509413e-05,2.5859944745469956e-05,2.91419177877967e-05,3.041295954103095e-05
4599,3.413440656627464e-05,2.5854106802075908e-05,2.9135571599494124e-05,3.040657868381501e-05
4600,3.412739014654551e-05,2.5848388784868205e-05,2.9129258688411832e-05,3.040034196736685e-05
4601,3.412037956319166e-05,2.5842712498457983e-05,2.9122877044147024e-05,3.039402635866642e-05
4602,3.41132659551322e-05,2.583692567223606e-05,2.9116611211983475e-05,3.038755838979211e-05
4603,3.4106272275293154e-05,2.5831222605846348e-05,2.911025661907434e-05,3.0381279738003557e-05
4604,3.409919179443086e-05,2.5825557624385348e-05,2.9103765154596403e-05,3.037478874174762e-05
4605,3.4092263901980094e-05,2.5819794984130397e-05,2.9097457492854627e-05,3.0368283877415723e-05
4606,3.4085190060880706e-05,2.581405576646429e-05,2.909081929110272e-05,3.036216196191687e-05
4607,3.4078104631073555e-05,2.5808209140138087e-05,2.9084838301774458e-05,3.0355887763314037e-05
4608,3.4071062740220753e-05,2.580229864603882e-05,2.9078088243618137e-05,3.0349533016006597e-05
4609,3.406424971363604e-05,2.579670591227747e-05,2.9071904158634647e-05,3.034315671180916e-05
4610,3.405722906292319e-05,2.5791011150032758e-05,2.9065451568506418e-05,3.0336658964764962e-05
4611,3.405028093819571e-05,2.5785494564532364e-05,2.9059092329901917e-05,3.0330557128537212e-05
4612,3.404317188368336e-05,2.5779517494958976e-05,2.905279618585047e-05,3.0324224887857905e-05
4613,3.4036141181626405e-05,2.5773847313282077e-05,2.904645646621176e-05,3.0317980681571175e-05
4614,3.402928967315129e-05,2.5768245739496197e-05,2.9040242922867616e-05,3.0311707375675513e-05
4615,3.40222757406047e-05,2.576248779201395e-05,2.9033870827542534e-05,3.03052083902997e-05
4616,3.4015228058645846e-05,2.5756573371228475e-05,2.902734749273673e-05,3.0299043380951872e-05
4617,3.400832888009822e-05,2.575105295091595e-05,2.9021130509818463e-05,3.0292648547185337e-05
4618,3.400126148189101e-05,2.5745293891001994e-05,2.901482002406389e-05,3.0286448776403406e-05
4619,3.399428883767155e-05,2.5739463714741853e-05,2.9008438220126803e-05,3.0280320693336244e-05
4620,3.398731171371633e-05,2.5734036994899126e-05,2.9002095021452517e-05,3.027375912637945e-05
4621,3.398049810688831e-05,2.572818411195744e-05,2.899595603275467e-05,3.0267620179104483e-05
4622,3.397346634655815e-05,2.572258722284028e-05,2.898949084220295e-05,3.0261465569938376e-05
4623,3.3966464226540936e-05,2.5717040093497297e-05,2.8983208358983038e-05,3.025506705367225e-05
4624,3.395967663785637e-05,2.5711285863358702e-05,2.8976795590382886e-05,3.024873603828769e-05
4625,3.395266799431424e-05,2.5705573872627186e-05,2.897071365087443e-05,3.0242396533232776e-05
4626,3.394575853024188e-05,2.5700051400487553e-05,2.8964306420632702e-05,3.0236253340274296e-05
4627,3.393866784644391e-05,2.569420167949312e-05,2.895811251573245e-05,3.0230020982212123e-05
4628,3.393191192649454e-05,2.5688505243181635e-05,2.8951877576026894e-05,3.0223696776704028e-05
4629,3.392489935059958e-05,2.568279348244869e-05,2.894580488286817e-05,3.0217483626660074e-05
4630,3.391800509069677e-05,2.5677129033461984e-05,2.893929503180662e-05,3.021113415283893e-05
4631,3.391101305764208e-05,2.5671555010828842e-05,2.893290606157221e-05,3.020503188697685e-05
4632,3.390422039780213e-05,2.5665956078602256e-05,2.8926820025948177e-05,3.0198822740848118e-05
4633,3.389731097413377e-05,2.5660404561878333e-05,2.8920399154846228e-05,3.0192616146532224e-05
4634,3.3890329686532824e-05,2.565460711815728e-05,2.891436628256802e-05,3.0186218772078017e-05
4635,3.388348096236493e-05,2.5648917341045142e-05,2.890796656903969e-05,3.0180057174548396e-05
4636,3.387673018304039e-05,2.5643291448869973e-05,2.8901594150614897e-05,3.0173861755007123e-05
4637,3.386971234645487e-05,2.563774150399448e-05,2.8895240688964216e-05,3.016774986937385e-05
4638,3.386283624363384e-05,2.5632132087294757e-05,2.888911086278286e-05,3.016138179303498e-05
4639,3.385599603886311e-05,2.562665141581695e-05,2.8882942470264424e-05,3.0155187654398976e-05
4640,3.384922089855131e-05,2.5620870593337223e-05,2.887671316748059e-05,3.014896766842568e-05
4641,3.384224671489597e-05,2.561517600079488e-05,2.8870420820771133e-05,3.0142795145258685e-05
4642,3.383545165939545e-05,2.5609743423677905e-05,2.8864117783056566e-05,3.0136472018535638e-05
4643,3.382844196860317e-05,2.5603987039093646e-05,2.8857948309776972e-05,3.0130298308955254e-05
4644,3.382161483107563e-05,2.5598315426366695e-05,2.8851721633176326e-05,3.012410363291381e-05
4645,3.3814792223823745e-05,2.559283059714643e-05,2.8845477393241074e-05,3.0117970472281973e-05
4646,3.380795741502013e-05,2.5587306770259935e-05,2.8839300789136033e-05,3.0111829858881005e-05
4647,3.380101403306262e-05,2.5581836977162573e-05,2.883313927356862e-05,3.0105609056544718e-05
4648,3.379424387847147e-05,2.5576039824225407e-05,2.8826917835396158e-05,3.0099470254409686e-05
4649,3.378753746974507e-05,2.5570392306565015e-05,2.8820786313053835e-05,3.0093328582561836e-05
4650,3.378055393111098e-05,2.5564767072129842e-05,2.88145977811594e-05,3.0087177052490143e-05
4651,3.3773806700584686e-05,2.555949373065497e-05,2.880820638430366e-05,3.0080970650877508e-05
4652,3.376700882442445e-05,2.5553686019504347e-05,2.8802093842998886e-05,3.007480253041332e-05
4653,3.3760174648444e-05,2.5548140298883276e-05,2.8795992500985143e-05,3.0068561918406046e-05
4654,3.375334575759495e-05,2.554256070682657e-05,2.878975170510495e-05,3.0062542382087327e-05
4655,3.374651244658511e-05,2.553711066388069e-05,2.878359354490872e-05,3.0056355405232274e-05
4656,3.37397118367876e-05,2.5531484900489807e-05,2.8777283192534204e-05,3.005026355466376e-05
4657,3.373293334907386e-05,2.55258862653224e-05,2.8771186154636603e-05,3.004408709130365e-05
4658,3.3726134865702436e-05,2.5520292835761343e-05,2.8765236780282616e-05,3.003784921024894e-05
4659,3.37191893822674e-05,2.5514774160518917e-05,2.875897042237657e-05,3.0031743738081552e-05
4660,3.3712445355653924e-05,2.5509126929399147e-05,2.8752826900923014e-05,3.0025479794374422e-05
4661,3.370572785570415e-05,2.5503736980479698e-05,2.874669204317201e-05,3.001949076442749e-05
4662,3.3698966627083764e-05,2.549827380526541e-05,2.8740399965901374e-05,3.001329444481074e-05
4663,3.3692197639491e-05,2.549265886737786e-05,2.8734359981606806e-05,3.0007191211788068e-05
4664,3.3685355175340595e-05,2.5487009141216384e-05,2.8728178377653438e-05,3.0001190109124457e-05
4665,3.3678730120418854e-05,2.548165430564077e-05,2.8721923887549193e-05,2.9994920584759137e-05
4666,3.367193345434763e-05,2.54760857096709e-05,2.8715868102254156e-05,2.9988955604937477e-05
4667,3.3665160154148316e-05,2.5470483489911723e-05,2.8709727591858364e-05,2.9982883511634443e-05
4668,3.365845776432609e-05,2.5464994486518497e-05,2.8703564918060816e-05,2.9976732737171224e-05
4669,3.365170374928539e-05,2.5459453196901557e-05,2.869769231369948e-05,2.9970500282857485e-05
4670,3.3644934700940506e-05,2.545396374060119e-05,2.8691491070485352e-05,2.9964463625637735e-05
4671,3.363805665843338e-05,2.5448477142140696e-05,2.868529390657369e-05,2.9958662151645668e-05
4672,3.363141402759581e-05,2.544300035871e-05,2.8679148282937308e-05,2.9952364079151332e-05
4673,3.362474488732857e-05,2.5437493457925655e-05,2.8673061893889077e-05,2.994615450184516e-05
4674,3.361788657693251e-05,2.5431943554876095e-05,2.8667014055471944e-05,2.9940173335377608e-05
4675,3.361121197382515e-05,2.542644148719257e-05,2.8660869035639837e-05,2.993409639287223e-05
4676,3.3604469442175554e-05,2.5421117316218497e-05,2.865475348126303e-05,2.9928148627069787e-05
4677,3.359790335395525e-05,2.5415449852155557e-05,2.8648636706829503e-05,2.992202852813581e-05
4678,3.359109794572033e-05,2.5410090354946228e-05,2.8642522375028034e-05,2.9915868282095102e-05
4679,3.3584361204002386e-05,2.5404459605261905e-05,2.863641344209523e-05,2.9909749395517393e-05
4680,3.357762316837668e-05,2.5398880516022135e-05,2.86304881502013e-05,2.9903808731971523e-05
4681,3.357092065502212e-05,2.5393542659318454e-05,2.8624285691776076e-05,2.9897606599799324e-05
4682,3.356430463365267e-05,2.538814025667342e-05,2.861826394732845e-05,2.989163759234038e-05
4683,3.3557555638063484e-05,2.5382611989069764e-05,2.8612209791171722e-05,2.9885491129647756e-05
4684,3.3550845027194244e-05,2.537712667216876e-05,2.8606188299041802e-05,2.9879541831575622e-05
4685,3.354414396177062e-05,2.5371672967897718e-05,2.8599986137036377e-05,2.9873569190350977e-05
4686,3.353756212447344e-05,2.5366187305036716e-05,2.859396740045804e-05,2.9867449660995762e-05
4687,3.353081003043452e-05,2.5360911837993273e-05,2.858803101234297e-05,2.9861489856889445e-05
4688,3.3524183998488056e-05,2.535534265272089e-05,2.8581720447834863e-05,2.9855531879789958e-05
4689,3.351751028217463e-05,2.534979721924395e-05,2.8575780084998242e-05,2.9849364333842018e-05
4690,3.351075735238802e-05,2.5344413798938596e-05,2.8569615941297556e-05,2.984344244292663e-05
4691,3.350414257804805e-05,2.533901206424535e-05,2.8563699302883118e-05,2.983751734265331e-05
4692,3.349747044790579e-05,2.5333568991591845e-05,2.8557764225304846e-05,2.9831395249497302e-05
4693,3.349092838018804e-05,2.532811214395574e-05,2.8551650255549274e-05,2.9825500941456813e-05
4694,3.3484163458527116e-05,2.5322700137363076e-05,2.854559249852735e-05,2.9819415257431248e-05
4695,3.347750888041598e-05,2.531719695197066e-05,2.8539610228597117e-05,2.9813418900458308e-05
4696,3.347096169156046e-05,2.531188260000183e-05,2.8533623011515146e-05,2.9807422541809153e-05
4697,3.3464407076753135e-05,2.530641854215216e-05,2.8527576648209692e-05,2.980140326714905e-05
4698,3.345766879641659e-05,2.5300894538450144e-05,2.8521567172510428e-05,2.9795372932890337e-05
4699,3.34510270101447e-05,2.5295717829562112e-05,2.8515612075151617e-05,2.9789340084706797e-05
4700,3.3444469784656455e-05,2.5290069054934175e-05,2.8509522572956784e-05,2.9783568172780992e-05
4701,3.343775666811362e-05,2.5284701552632533e-05,2.8503597026734387e-05,2.9777547131886953e-05
4702,3.343119297932804e-05,2.5279420911726527e-05,2.8497511534887475e-05,2.977159755485558e-05
4703,3.342460899281297e-05,2.527399235190026e-05,2.8491591646441612e-05,2.976551685418797e-05
4704,3.34178427105542e-05,2.526865435089859e-05,2.8485540564668534e-05,2.975963205797706e-05
4705,3.3411410136714706e-05,2.5263203292398725e-05,2.8479504690550497e-05,2.9753664916906112e-05
4706,3.3404745615075514e-05,2.5257744612302087e-05,2.847368883172663e-05,2.974768266631907e-05
4707,3.339812078678684e-05,2.525229798040276e-05,2.84675839404506e-05,2.974167484937871e-05
4708,3.339160170911279e-05,2.5246962143914347e-05,2.846174545401218e-05,2.9735718885068982e-05
4709,3.338504009518806e-05,2.5241540523471994e-05,2.845576246398427e-05,2.9729743543880294e-05
4710,3.3378463545296594e-05,2.5236167932946483e-05,2.844975418418649e-05,2.9723908193408237e-05
4711,3.3371827271989664e-05,2.523101418567793e-05,2.844366960174977e-05,2.971793532663217e-05
4712,3.336525335966356e-05,2.52254375423374e-05,2.8437736054494467e-05,2.9712004753900096e-05
4713,3.3358656366254806e-05,2.5220033990920517e-05,2.8431721946118108e-05,2.9706041694420286e-05
4714,3.3352142447293844e-05,2.521497088897348e-05,2.842576972799637e-05,2.969999239089582e-05
4715,3.3345592976994e-05,2.5209516216232763e-05,2.8419966404540936e-05,2.969418938223836e-05
4716,3.3338978315038435e-05,2.5204163068522513e-05,2.8414020646915407e-05,2.9688125247425523e-05
4717,3.3332481503769675e-05,2.5198705892075378e-05,2.8408026795075574e-05,2.9682335035904162e-05
4718,3.332590504145408e-05,2.5193406292829385e-05,2.840212072526407e-05,2.9676537467843643e-05
4719,3.331938042751711e-05,2.5188157122404483e-05,2.839620625498408e-05,2.9670361492131035e-05
4720,3.3312812306628424e-05,2.5182676470736917e-05,2.839018446027102e-05,2.966459717515803e-05
4721,3.330632644435015e-05,2.5177410076041175e-05,2.8384306071665626e-05,2.965862081074815e-05
4722,3.329967910945063e-05,2.517214001559306e-05,2.8378335935379468e-05,2.9652788097784694e-05
4723,3.329326488520295e-05,2.5166738085973293e-05,2.837258168515125e-05,2.9646931306753572e-05
4724,3.328672271357211e-05,2.5161364114000874e-05,2.8366652341573875e-05,2.964096425065493e-05
4725,3.3280211481460856e-05,2.5156060843065894e-05,2.836064125911925e-05,2.96350620965716e-05
4726,3.3273628525952216e-05,2.5150685277907216e-05,2.8354789994307902e-05,2.9629308921458076e-05
4727,3.3267056727608205e-05,2.5145430015721457e-05,2.834881846406146e-05,2.9623418948015068e-05
4728,3.326070985504815e-05,2.5140098459534566e-05,2.834286332314319e-05,2.961742215124105e-05
4729,3.32541041312787e-05,2.5134794963460213e-05,2.833691960518503e-05,2.9611565312873642e-05
4730,3.324764426842962e-05,2.5129431901654326e-05,2.8331158682208737e-05,2.960560879256551e-05
4731,3.3241163373129263e-05,2.512407239341412e-05,2.8325280305210887e-05,2.9599659076466467e-05
4732,3.323467547220025e-05,2.5118842299545937e-05,2.831931428679696e-05,2.9593875086674787e-05
4733,3.322815982783809e-05,2.5113486864862118e-05,2.8313353493428002e-05,2.9588225523531614e-05
4734,3.3221654471162675e-05,2.5108335330847963e-05,2.8307564857448076e-05,2.9582420063576932e-05
4735,3.321519183548861e-05,2.510307910210421e-05,2.830159394353625e-05,2.9576483344888503e-05
4736,3.320869353479766e-05,2.5097878553650688e-05,2.8295788021391832e-05,2.957049933170908e-05
4737,3.3202206192523543e-05,2.509241999608272e-05,2.8289821287933067e-05,2.95646445892804e-05
4738,3.319576928034125e-05,2.508714345815004e-05,2.828408628084615e-05,2.9558805362549894e-05
4739,3.31892797830298e-05,2.5081899570479182e-05,2.827826435274678e-05,2.9552998415014104e-05
4740,3.31829271614588e-05,2.507658457473525e-05,2.8272260841746836e-05,2.9547147481289778e-05
4741,3.3176384180192354e-05,2.5071345598533916e-05,2.8266388677226726e-05,2.954126132838876e-05
4742,3.316996684116376e-05,2.5066069927582442e-05,2.8260646427677375e-05,2.953552592735726e-05
4743,3.316345029547179e-05,2.50607888157621e-05,2.8254778388297924e-05,2.952964792621545e-05
4744,3.3157038723210424e-05,2.5055509410277212e-05,2.8248890403716654e-05,2.9523863085355543e-05
4745,3.31506014578083e-05,2.505028838588592e-05,2.8243104741567464e-05,2.9518099540972173e-05
4746,3.314413304588136e-05,2.504502437166757e-05,2.823732455287675e-05,2.951223042959184e-05
4747,3.313764388113804e-05,2.5039742082885137e-05,2.823137044908468e-05,2.9506369195116104e-05
4748,3.3131243059486084e-05,2.5034576431998255e-05,2.822557099260659e-05,2.950050597977155e-05
4749,3.312486965954549e-05,2.502932018863688e-05,2.8219743567836794e-05,2.9494729872122744e-05
4750,3.311845236201457e-05,2.5024047603260177e-05,2.8213927375375188e-05,2.948903411001914e-05
4751,3.3112061139810104e-05,2.501878224102077e-05,2.820815422556906e-05,2.9483152283614828e-05
4752,3.3105632935837126e-05,2.5013534780553004e-05,2.8202360172438883e-05,2.9477313193254916e-05
4753,3.309925514471622e-05,2.50084495193466e-05,2.8196448937647585e-05,2.947155633106669e-05
4754,3.3092794768292385e-05,2.5003033213703043e-05,2.8190658509940678e-05,2.946580636719935e-05
4755,3.308643064618571e-05,2.4997860973863826e-05,2.81847951834421e-05,2.9460124740386087e-05
4756,3.3079975634215255e-05,2.4992711120004157e-05,2.8179114088396983e-05,2.9454203044068676e-05
4757,3.307360708118412e-05,2.4987468658622452e-05,2.8173255942852455e-05,2.9448405348544288e-05
4758,3.306718767787837e-05,2.498222359182366e-05,2.8167451428626383e-05,2.9442741241307006e-05
4759,3.306081911230325e-05,2.4977042951993773e-05,2.816164126665875e-05,2.9436940045218907e-05
4760,3.305438826334596e-05,2.497187411855282e-05,2.8155983517734218e-05,2.94310729667377e-05
4761,3.3048074630578186e-05,2.4966679053400625e-05,2.81501709483117e-05,2.9425355715952615e-05
4762,3.304173098522569e-05,2.4961385685045357e-05,2.8144345776472952e-05,2.9419557010874176e-05
4763,3.303527386577977e-05,2.4956240666079828e-05,2.813853696409411e-05,2.941383979923608e-05
4764,3.3028910721461674e-05,2.495102086072963e-05,2.8132941702065632e-05,2.9408099744003845e-05
4765,3.302258969063093e-05,2.4945772608721428e-05,2.812699710245878e-05,2.9402275713762108e-05
4766,3.301618490008666e-05,2.4940682023262805e-05,2.812132732062595e-05,2.9396587581875473e-05
4767,3.30098684294461e-05,2.493544220338406e-05,2.811551798858927e-05,2.9390883636447712e-05
4768,3.3003495661775406e-05,2.4930274813451784e-05,2.810973963228757e-05,2.9385106540371964e-05
4769,3.2997121641295706e-05,2.492516742838149e-05,2.810398280958795e-05,2.9379333021460568e-05
4770,3.299077764382724e-05,2.4919881701655534e-05,2.8098310543272068e-05,2.9373649487837784e-05
4771,3.298443309188684e-05,2.491478793769041e-05,2.8092511300705945e-05,2.9367980377400953e-05
4772,3.2978084108764057e-05,2.49094772770261e-05,2.80867402050591e-05,2.9362150728144075e-05
4773,3.297181069863383e-05,2.4904342973767324e-05,2.808106565478277e-05,2.9356448377366304e-05
4774,3.2965494784124906e-05,2.4899213777791235e-05,2.807531798799934e-05,2.9350891253000206e-05
4775,3.295916928433347e-05,2.4894172018003102e-05,2.8069502132605967e-05,2.9345097826606344e-05
4776,3.295281192805468e-05,2.488897145382298e-05,2.806386415625424e-05,2.933926669729022e-05
4777,3.2946481465863874e-05,2.4883742932482595e-05,2.8058108826997684e-05,2.9333678769729437e-05
4778,3.2940203844230917e-05,2.4878548604896552e-05,2.8052398641796702e-05,2.9327862026522028e-05
4779,3.293396700554262e-05,2.487343961615995e-05,2.8046691646417028e-05,2.9322209508501054e-05
4780,3.2927549754619376e-05,2.486835189781042e-05,2.8040964281743578e-05,2.931650512307702e-05
4781,3.292127170448674e-05,2.4863171359449687e-05,2.8035259692785937e-05,2.931080512385724e-05
4782,3.2915019038590304e-05,2.485805273992483e-05,2.8029470909800045e-05,2.9305120257852746e-05
4783,3.290870496178689e-05,2.4852890359270878e-05,2.8023885744651997e-05,2.9299421450856224e-05
4784,3.2902347758298305e-05,2.4847824203144e-05,2.8018144589500825e-05,2.9293754701192717e-05
4785,3.2896149996567194e-05,2.484261245957956e-05,2.801230308776587e-05,2.9288152464144298e-05
4786,3.2889863275937846e-05,2.4837471836788553e-05,2.800664289562739e-05,2.92824573688386e-05
4787,3.288364579786309e-05,2.483245657155548e-05,2.800102946909137e-05,2.92766917710995e-05
4788,3.287732191606137e-05,2.482736763417696e-05,2.7995369568458575e-05,2.9271058588285094e-05
4789,3.287097694600483e-05,2.4822228346964168e-05,2.7989673537813002e-05,2.9265383908434355e-05
4790,3.286476950914551e-05,2.481718954681743e-05,2.7984001549673884e-05,2.9259691222839738e-05
4791,3.285852317949213e-05,2.4811974768630315e-05,2.797830978586202e-05,2.9254100544725867e-05
4792,3.285223783892685e-05,2.4806925807465795e-05,2.7972707712087293e-05,2.9248429371545075e-05
4793,3.284599967728429e-05,2.480175359378736e-05,2.796698578021408e-05,2.924279428549922e-05
4794,3.283969582533467e-05,2.4796644851528445e-05,2.7961347131389916e-05,2.9237101400484195e-05
4795,3.283352277006842e-05,2.479159792549515e-05,2.795567450024634e-05,2.9231518012629392e-05
4796,3.282724956039907e-05,2.478650389284606e-05,2.7949928360886568e-05,2.9225861148418662e-05
4797,3.282100674915331e-05,2.478148389180776e-05,2.7944205838981214e-05,2.9220187216666528e-05
4798,3.2814688587982594e-05,2.4776352469582575e-05,2.7938702488583738e-05,2.9214560313693926e-05
4799,3.280856407550817e-05,2.477123071694036e-05,2.7932972201867438e-05,2.920895516262748e-05
4800,3.280228576822347e-05,2.4766154874985642e-05,2.7927353372822003e-05,2.920327535910478e-05
4801,3.2796040936754484e-05,2.4761013922996418e-05,2.792172668693724e-05,2.91976855307875e-05
4802,3.278987812678511e-05,2.475598155856494e-05,2.7916107179717956e-05,2.919205926813454e-05
4803,3.278361355141318e-05,2.4750964941937377e-05,2.7910485319333836e-05,2.9186432106193452e-05
4804,3.2777425575326276e-05,2.4745834799037424e-05,2.7904789294248574e-05,2.9180785387761467e-05
4805,3.277120136108942e-05,2.4740940613601202e-05,2.789922163449507e-05,2.9175177424995558e-05
4806,3.276502190314443e-05,2.473579332650562e-05,2.7893551762273287e-05,2.9169583997749344e-05
4807,3.2758795200562415e-05,2.4730717627553527e-05,2.7887864826282916e-05,2.9163900453590318e-05
4808,3.275262005113276e-05,2.4725602894480756e-05,2.7882287943005643e-05,2.9158330788803034e-05
4809,3.274643277969988e-05,2.4720604604489907e-05,2.7876788295235273e-05,2.915273792222093e-05
4810,3.274022558552823e-05,2.4715583854825895e-05,2.787121237773482e-05,2.914722126788677e-05
4811,3.273396957993906e-05,2.4710638612893306e-05,2.786548080226966e-05,2.914163325931772e-05
4812,3.272781366383289e-05,2.4705414116880603e-05,2.7859826494966618e-05,2.9136006849005982e-05
4813,3.2721700970986606e-05,2.470040489151729e-05,2.785424743527217e-05,2.9130367204955872e-05
4814,3.271546853011811e-05,2.4695390763917565e-05,2.7848767393407756e-05,2.912487928663717e-05
4815,3.270934651858072e-05,2.4690315336687666e-05,2.7843100994305083e-05,2.9119203723849676e-05
4816,3.270318406473264e-05,2.4685298405662188e-05,2.783751097886627e-05,2.9113652882046444e-05
4817,3.2697012664027605e-05,2.4680249158650876e-05,2.7831947327314536e-05,2.910808910844991e-05
4818,3.269081485516406e-05,2.4675272033585023e-05,2.7826292695986464e-05,2.9102591264191572e-05
4819,3.2684653009662e-05,2.4670229119412027e-05,2.7820767349099736e-05,2.9097048045152122e-05
4820,3.267848946333159e-05,2.4665244273302485e-05,2.7815175218499094e-05,2.9091524869051575e-05
4821,3.2672355850922596e-05,2.4660318343031563e-05,2.7809649548016913e-05,2.908588639358889e-05
4822,3.266620743313428e-05,2.4655232510316102e-05,2.7804131410029875e-05,2.908029169651601e-05
4823,3.2660110191779864e-05,2.4650240048164668e-05,2.7798463657210337e-05,2.907465780466001e-05
4824,3.265396194099724e-05,2.4645169774769366e-05,2.779293244244596e-05,2.906924043190271e-05
4825,3.26477879179638e-05,2.4640294181788035e-05,2.7787343526361634e-05,2.9063715593883248e-05
4826,3.264166367835178e-05,2.46352154102748e-05,2.7781811702778095e-05,2.905810923047345e-05
4827,3.263555135895148e-05,2.4630255844670607e-05,2.7776297157552027e-05,2.9052598772595673e-05
4828,3.262939166251419e-05,2.4625317119636563e-05,2.7770678858487795e-05,2.9047068254926706e-05
4829,3.262330474242213e-05,2.4620137007942763e-05,2.776512426208397e-05,2.904152461415993e-05
4830,3.261715190302084e-05,2.4615111926456853e-05,2.7759689791854413e-05,2.9035979691821092e-05
4831,3.26110683938283e-05,2.4610327156119578e-05,2.7754067936925663e-05,2.9030388446238888e-05
4832,3.260490829110955e-05,2.460532945107861e-05,2.7748521671394033e-05,2.902499217664728e-05
4833,3.259895307328303e-05,2.4600299308191325e-05,2.774303855181681e-05,2.901937784382025e-05
4834,3.259274288981839e-05,2.459539743389842e-05,2.773753321853892e-05,2.9013917943477965e-05
4835,3.2586674173112846e-05,2.4590408363343656e-05,2.773199052355663e-05,2.900836801364642e-05
4836,3.258055530010269e-05,2.458545021411905e-05,2.772639781145959e-05,2.9003015131980236e-05
4837,3.257444773820732e-05,2.458038562960724e-05,2.772091680942134e-05,2.8997365280736933e-05
4838,3.2568363273949066e-05,2.457559026227167e-05,2.771542295581096e-05,2.8991880321923303e-05
4839,3.256231576958465e-05,2.4570574973420604e-05,2.7709888502268323e-05,2.898646703976817e-05
4840,3.2556228104848525e-05,2.4565537070249957e-05,2.770445054413965e-05,2.898092061592512e-05
4841,3.25501384220147e-05,2.4560654876654842e-05,2.7698890283233295e-05,2.8975426364448124e-05
4842,3.254410147415236e-05,2.4555664331648694e-05,2.7693332867910828e-05,2.896983972882162e-05
4843,3.253799520840665e-05,2.455076398703483e-05,2.76878828513199e-05,2.896444326740446e-05
4844,3.2531960109722165e-05,2.45457633467092e-05,2.7682415355900746e-05,2.8958927611697222e-05
4845,3.25259113133372e-05,2.4540867025281742e-05,2.7676921085071554e-05,2.895349575883645e-05
4846,3.2519843336359864e-05,2.4535924623130422e-05,2.767138911620361e-05,2.894792959879937e-05
4847,3.2513798398079845e-05,2.4531066290128293e-05,2.7665883444291057e-05,2.8942560726629762e-05
4848,3.2507691680171864e-05,2.4526080210081973e-05,2.7660497364812485e-05,2.8937111591926784e-05
4849,3.250163822969005e-05,2.4521227718336424e-05,2.7654997722016946e-05,2.8931555112805428e-05
4850,3.249568764812532e-05,2.4516285725869865e-05,2.764943056431158e-05,2.8926128909321003e-05
4851,3.248964195227363e-05,2.4511242931609856e-05,2.764390093389298e-05,2.8920649057077847e-05
4852,3.24835752706147e-05,2.450635176474364e-05,2.7638508676686058e-05,2.8915201324828163e-05
4853,3.2477496833058e-05,2.450148012792915e-05,2.7633039942018102e-05,2.890974541918216e-05
4854,3.2471540112427556e-05,2.449650500788069e-05,2.762763998872933e-05,2.8904313960496984e-05
4855,3.246547495299532e-05,2.4491688433093684e-05,2.762214041893105e-05,2.8898889849914996e-05
4856,3.245943747516362e-05,2.4486752426958754e-05,2.7616700224537636e-05,2.8893461729218793e-05
4857,3.245346290273509e-05,2.448183603214504e-05,2.7611185489464202e-05,2.8887986755580654e-05
4858,3.2447443025589294e-05,2.4477003612815362e-05,2.760582676035182e-05,2.8882498107120064e-05
4859,3.2441422008689756e-05,2.4472050311021593e-05,2.7600388522382855e-05,2.887702973866431e-05
4860,3.2435355762407364e-05,2.4467116792310867e-05,2.759494157846503e-05,2.8871663827772298e-05
4861,3.2429458100793767e-05,2.446230021594696e-05,2.7589490536349126e-05,2.886626018420234e-05
4862,3.2423421818105914e-05,2.4457375511521234e-05,2.758406552190667e-05,2.886087269373091e-05
4863,3.241742677583603e-05,2.445245574063411e-05,2.7578633740580934e-05,2.8855415155400814e-05
4864,3.2411388716726015e-05,2.4447679111606517e-05,2.7573119651318972e-05,2.885001755269607e-05
4865,3.240539904146954e-05,2.444276334620177e-05,2.7567799091698192e-05,2.8844605138286703e-05
4866,3.23994574405632e-05,2.4437908368609535e-05,2.756231925526689e-05,2.883923088517313e-05
4867,3.2393513155276755e-05,2.4433025461481025e-05,2.7556924317814527e-05,2.883383644956198e-05
4868,3.2387530015480445e-05,2.4428184894591727e-05,2.7551491688954848e-05,2.8828323148360093e-05
4869,3.238150382391152e-05,2.442326739985692e-05,2.754613616850651e-05,2.8822977361078228e-05
4870,3.2375595347435244e-05,2.4418377803918052e-05,2.7540718732307388e-05,2.8817550392445902e-05
4871,3.236956727513011e-05,2.441351062258417e-05,2.753531590830995e-05,2.881222110294375e-05
4872,3.236366273732017e-05,2.4408592340350778e-05,2.7529920337941775e-05,2.880677294723313e-05
4873,3.235767571619684e-05,2.4403794613763714e-05,2.7524540989947317e-05,2.880142044136053e-05
4874,3.23517138827399e-05,2.4399032506494497e-05,2.7519078478603233e-05,2.879607872326893e-05
4875,3.2345812987454676e-05,2.4394170708627742e-05,2.751373391073883e-05,2.879060107831268e-05
4876,3.2339826546328244e-05,2.438936973686388e-05,2.750829968311839e-05,2.878524882700795e-05
4877,3.233385708678104e-05,2.4384479889213073e-05,2.7502940639998474e-05,2.877987016966809e-05
4878,3.2327925490137507e-05,2.437962551255978e-05,2.749756471761346e-05,2.8774525483515204e-05
4879,3.232200311896045e-05,2.4374829256313456e-05,2.7492150434596827e-05,2.8769118059969033e-05
4880,3.2316070618026814e-05,2.4369917474875376e-05,2.7486811921556484e-05,2.8763808623077913e-05
4881,3.231016792693662e-05,2.436507093538908e-05,2.7481444629647326e-05,2.8758462063778544e-05
4882,3.230423739447937e-05,2.4360317164797207e-05,2.7476015872192333e-05,2.875316784271598e-05
4883,3.2298318758195594e-05,2.435548504544275e-05,2.7470761825906094e-05,2.8747732952130586e-05
4884,3.2292371508848595e-05,2.4350668848319465e-05,2.7465310439738188e-05,2.874229293183314e-05
4885,3.228645340060083e-05,2.4345865202316948e-05,2.7459991714626895e-05,2.8737022019895835e-05
4886,3.228049434472651e-05,2.4340993447104363e-05,2.745465590789154e-05,2.873163639531292e-05
4887,3.227464133024109e-05,2.433619707111038e-05,2.7449264404910605e-05,2.8726306392513803e-05
4888,3.226870022367948e-05,2.4331372204889293e-05,2.744394807649398e-05,2.8721026437577372e-05
4889,3.226284759633261e-05,2.432666204744623e-05,2.7438613728323703e-05,2.871572412624777e-05
4890,3.2256942601134744e-05,2.4321729964162527e-05,2.743318156962857e-05,2.8710298537165364e-05
4891,3.2251052140706805e-05,2.4317046322506884e-05,2.742787560879561e-05,2.8705014145221118e-05
4892,3.224521651121502e-05,2.431216620799473e-05,2.742259627938695e-05,2.8699697073524605e-05
4893,3.22392773071807e-05,2.4307390841240837e-05,2.7417230740274467e-05,2.8694371405657087e-05
4894,3.223333756835822e-05,2.4302664447405647e-05,2.741187411051491e-05,2.8689017182412773e-05
4895,3.22275128601248e-05,2.4297812970008913e-05,2.7406580871160154e-05,2.8683711458543662e-05
4896,3.222158217635064e-05,2.4293010364898063e-05,2.740124424533644e-05,2.8678443892033142e-05
4897,3.221577910616553e-05,2.4288318977643522e-05,2.739592254546303e-05,2.8673160387632234e-05
4898,3.22098949739106e-05,2.428351763979519e-05,2.7390607979515372e-05,2.8667797340891363e-05
4899,3.220407772398157e-05,2.4278671268969003e-05,2.7385241887401933e-05,2.8662451333423547e-05
4900,3.21981409400822e-05,2.4273954235615004e-05,2.7379987135221458e-05,2.8657185621462903e-05
4901,3.219227524791191e-05,2.4269098365629225e-05,2.7374703473160325e-05,2.8651902713745453e-05
4902,3.218645639112504e-05,2.42644487336378e-05,2.736939932853572e-05,2.8646588445892623e-05
4903,3.2180563328909616e-05,2.4259697957558983e-05,2.7364086388174444e-05,2.8641329601994866e-05
4904,3.217474106979035e-05,2.425485321031572e-05,2.7358781119010397e-05,2.863596616430291e-05
4905,3.216891253871065e-05,2.425018853945138e-05,2.7353456788062284e-05,2.8630785232475276e-05
4906,3.21629616221165e-05,2.4245370545016758e-05,2.734824024878739e-05,2.8625411410740214e-05
4907,3.2157227022706316e-05,2.4240628307220107e-05,2.7342828710200062e-05,2.862015689397607e-05
4908,3.215142783720486e-05,2.423586881693882e-05,2.7337571339526697e-05,2.8614882680137475e-05
4909,3.2145555610644086e-05,2.423109104547444e-05,2.733236022023196e-05,2.860957313063676e-05
4910,3.2139739377711364e-05,2.422638444484687e-05,2.7327077312097955e-05,2.860437279589826e-05
4911,3.2133930246762954e-05,2.422164959920923e-05,2.7321769431603387e-05,2.859908780760761e-05
4912,3.212805481148411e-05,2.421689504859964e-05,2.7316513763581768e-05,2.8593866011420435e-05
4913,3.212227523561748e-05,2.421218369765057e-05,2.7311257867902748e-05,2.8588550039994605e-05
4914,3.211647845229391e-05,2.4207412758899095e-05,2.7306005533294643e-05,2.8583316545035762e-05
4915,3.2110679517075776e-05,2.4202685751042556e-05,2.730073484999321e-05,2.8578106567015188e-05
4916,3.210487011477979e-05,2.4197987572952922e-05,2.7295465345930526e-05,2.8572801596681167e-05
4917,3.209907561164984e-05,2.419330006041234e-05,2.7290258358620435e-05,2.8567561069351074e-05
4918,3.2093203951604675e-05,2.4188550179741266e-05,2.7285033934384427e-05,2.8562319886891066e-05
4919,3.208744817314956e-05,2.418380268251836e-05,2.7279751237253934e-05,2.8557104068163515e-05
4920,3.208165437075702e-05,2.417913773153981e-05,2.7274435118115627e-05,2.8551819833353476e-05
4921,3.207593265775459e-05,2.417440852623614e-05,2.7269271789140103e-05,2.8546556451782422e-05
4922,3.207009658716138e-05,2.4169680237321503e-05,2.7263908430595955e-05,2.8541422867087822e-05
4923,3.2064342284227434e-05,2.4165013499207198e-05,2.725873694661056e-05,2.853614463387374e-05
4924,3.2058541328208845e-05,2.416026538110032e-05,2.7253534622850257e-05,2.8530931407341203e-05
4925,3.205274300096327e-05,2.415559109963405e-05,2.7248279306048597e-05,2.852567442195788e-05
4926,3.2046982640839504e-05,2.41508920966843e-05,2.7243045055984652e-05,2.8520515269619993e-05
4927,3.2041209368925483e-05,2.41461692537057e-05,2.7237832765989305e-05,2.8515272671942077e-05
4928,3.203545240282803e-05,2.4141518114103393e-05,2.723260401920468e-05,2.851002274024962e-05
4929,3.202973535861953e-05,2.413685033870896e-05,2.7227381140751757e-05,2.8504782843036184e-05
4930,3.2023949795220874e-05,2.4132166808038365e-05,2.722221278908554e-05,2.84995987144796e-05
4931,3.201818255781703e-05,2.4127427272913686e-05,2.721699205713034e-05,2.8494442365485295e-05
4932,3.2012448458855925e-05,2.4122752519500974e-05,2.721176237898811e-05,2.8489191809979213e-05
4933,3.2006677942964867e-05,2.4118050322313023e-05,2.7206557116080418e-05,2.8484033601700233e-05
4934,3.2000966318447614e-05,2.411342803740215e-05,2.7201361063078022e-05,2.847889714726691e-05
4935,3.199523415625114e-05,2.410875640524539e-05,2.7196181617816803e-05,2.8473664749204995e-05
4936,3.19895009205763e-05,2.410408957037689e-05,2.719096740518393e-05,2.8468424310472733e-05
4937,3.198377766817988e-05,2.4099405603337793e-05,2.7185771691196477e-05,2.8463395533418838e-05
4938,3.1977995818314326e-05,2.4094782677946403e-05,2.718060459432913e-05,2.8458051209515738e-05
4939,3.197227372288171e-05,2.4090095896267562e-05,2.717539511967232e-05,2.8452978633935334e-05
4940,3.196656447040479e-05,2.4085528850199717e-05,2.717024140968054e-05,2.8447863669994467e-05
4941,3.1960845432748086e-05,2.40808576095132e-05,2.716502141031953e-05,2.844262431234485e-05
4942,3.19550908679085e-05,2.4076155155243323e-05,2.715984743659304e-05,2.8437402575118012e-05
4943,3.194943189442088e-05,2.40715187662123e-05,2.7154667100859424e-05,2.8432245272322307e-05
4944,3.194369466693098e-05,2.406685600961002e-05,2.714952951527664e-05,2.8427115227418025e-05
4945,3.1937983168998995e-05,2.4062245609551632e-05,2.7144385652400063e-05,2.842192476347812e-05
4946,3.193229223151834e-05,2.40575848947969e-05,2.713919383867736e-05,2.841674955971215e-05
4947,3.192663112656549e-05,2.405297250233133e-05,2.713406379829962e-05,2.8411635236799885e-05
4948,3.192087645323918e-05,2.4048280772603444e-05,2.7128894715407613e-05,2.840647601759015e-05
4949,3.191522071639965e-05,2.4043692639542912e-05,2.712370239338396e-05,2.840129359952417e-05
4950,3.1909532542730355e-05,2.403903991504613e-05,2.711855464763745e-05,2.8396143144734897e-05
4951,3.190387021772996e-05,2.4034456392484576e-05,2.7113452070043895e-05,2.8391027042977317e-05
4952,3.1898223346295396e-05,2.402980657727218e-05,2.710833873348925e-05,2.8385884351009222e-05
4953,3.1892507647291525e-05,2.4025172248266985e-05,2.710309570486693e-05,2.8380704166137352e-05
4954,3.188678450182331e-05,2.402062341157919e-05,2.7097982315780677e-05,2.837567800275818e-05
4955,3.188117640139927e-05,2.401598448580707e-05,2.709284779458162e-05,2.8370502909536902e-05
4956,3.187548112138089e-05,2.4011361464061222e-05,2.7087771476002978e-05,2.8365395661778298e-05
4957,3.186984611345723e-05,2.4006767022914543e-05,2.708256612206992e-05,2.8360235937672082e-05
4958,3.186414961689459e-05,2.4002151385137416e-05,2.707750657365941e-05,2.835514448823088e-05
4959,3.185850384046119e-05,2.3997591378670237e-05,2.7072346280150564e-05,2.8350051578377306e-05
4960,3.185284429709001e-05,2.3992945921173353e-05,2.7067282576897394e-05,2.8344923015260542e-05
4961,3.184722496887596e-05,2.3988339299887145e-05,2.7062156879488834e-05,2.833977553248975e-05
4962,3.184155511212579e-05,2.3983756216358695e-05,2.7057044752932505e-05,2.8334695652023216e-05
4963,3.183590136345802e-05,2.3979171557073464e-05,2.7051917117050786e-05,2.8329553136914394e-05
4964,3.183025989432616e-05,2.3974631536722614e-05,2.70468366740207e-05,2.832447475209912e-05
4965,3.182462403901858e-05,2.396993366774703e-05,2.704169587802375e-05,2.8319405889138954e-05
4966,3.18189595080852e-05,2.3965395427642045e-05,2.7036622719819994e-05,2.831425976290883e-05
4967,3.1813395020149066e-05,2.396079807497117e-05,2.7031461374297422e-05,2.830915727551008e-05
4968,3.180777320106302e-05,2.3956278744712803e-05,2.7026436802492053e-05,2.8304077812653926e-05
4969,3.180212365609728e-05,2.3951588305011553e-05,2.7021317656399812e-05,2.82990580035978e-05
4970,3.179647706973575e-05,2.3947151206861786e-05,2.7016198697406734e-05,2.8293915275790222e-05
4971,3.179085874703586e-05,2.394257642735492e-05,2.7011126413560327e-05,2.828884340548192e-05
4972,3.1785254874712625e-05,2.3937951954871527e-05,2.7006053595739895e-05,2.828375144726293e-05
4973,3.177964016883504e-05,2.3933431330987243e-05,2.700100808910401e-05,2.8278697891889904e-05
4974,3.177405703612343e-05,2.3928845663726717e-05,2.6995902220124075e-05,2.8273607013696115e-05
4975,3.1768407124258295e-05,2.3924318598164337e-05,2.6990822212938102e-05,2.8268544591042934e-05
4976,3.1762835934951616e-05,2.3919734644564206e-05,2.6985706740784873e-05,2.8263514488686555e-05
4977,3.1757253094173035e-05,2.391517308431623e-05,2.69807057434573e-05,2.8258466646675067e-05
4978,3.175167323250141e-05,2.3910669455915247e-05,2.6975612836425807e-05,2.8253374451025253e-05
4979,3.174606033227482e-05,2.390605861837241e-05,2.697051718290423e-05,2.8248299635717654e-05
4980,3.174048135990335e-05,2.3901583723768093e-05,2.696551532576414e-05,2.8243246697831743e-05
4981,3.173491614998864e-05,2.3897022002530404e-05,2.696040636915201e-05,2.8238266735212527e-05
4982,3.172935427996162e-05,2.389250854265872e-05,2.6955386471000894e-05,2.8233161116438024e-05
4983,3.1723769732060156e-05,2.3887917129045966e-05,2.69503473894826e-05,2.8228155663141023e-05
4984,3.1718170772748864e-05,2.3883467558723988e-05,2.6945328742974886e-05,2.8223034040941707e-05
4985,3.171261338665913e-05,2.387892013970458e-05,2.694026158488291e-05,2.8218035505471156e-05
4986,3.170704385126709e-05,2.3874389549019387e-05,2.693521333328357e-05,2.821302125901988e-05
4987,3.170151012956124e-05,2.3869857602972562e-05,2.693022682091628e-05,2.820795151946652e-05
4988,3.169590103972907e-05,2.3865359635083154e-05,2.6925148434951536e-05,2.8203018714219536e-05
4989,3.1690344588619374e-05,2.386082248375483e-05,2.6920086141491313e-05,2.819787207062018e-05
4990,3.168481801838266e-05,2.3856285619555242e-05,2.6915054285580184e-05,2.819288569514117e-05
4991,3.167927674871447e-05,2.385180857797025e-05,2.6910036268450484e-05,2.8187893980354835e-05
4992,3.167371933998738e-05,2.3847310484103323e-05,2.6905053780566837e-05,2.8182805221147483e-05
4993,3.166817317280892e-05,2.384278681487291e-05,2.6900032976868266e-05,2.8177905348205026e-05
4994,3.166262434958329e-05,2.3838254061131404e-05,2.6895025434263117e-05,2.8172847620905207e-05
4995,3.1657116089329635e-05,2.38338213705641e-05,2.68899986078354e-05,2.8167799102967235e-05
4996,3.1651544169014746e-05,2.3829279693762883e-05,2.6885013270112427e-05,2.8162800385471685e-05
4997,3.164600812240225e-05,2.3824771157016883e-05,2.6880004561380187e-05,2.815783220944802e-05
4998,3.164049593066532e-05,2.3820274542061267e-05,2.687497280264897e-05,2.8152808587577463e-05
4999,3.1634990455678766e-05,2.3815775689623534e-05,2.6869987445814094e-05,2.8147813149969918e-05
5000,3.16294819741972e-05,2.381131184261471e-05,2.6865006302064073e-05,2.814279773304031e-05
5001,3.1623950006273245e-05,2.3806837649049606e-05,2.6859996647710014e-05,2.8137859055546176e-05
5002,3.161847582471553e-05,2.38022873396974e-05,2.6854958264843633e-05,2.8132812833904576e-05
5003,3.161291958758949e-05,2.3797871821764733e-05,2.6850007842562055e-05,2.8127831611384248e-05
5004,3.160742709195901e-05,2.3793387016608354e-05,2.6845041514572936e-05,2.8122861100604104e-05
5005,3.160191264851509e-05,2.3788925837902962e-05,2.6840039424740918e-05,2.811793954925528e-05
5006,3.159639214578758e-05,2.37844050013823e-05,2.6835080173193567e-05,2.8112920273616505e-05
5007,3.1590925529124045e-05,2.377997970558492e-05,2.6830090549123716e-05,2.810794151809055e-05
5008,3.158541480840395e-05,2.377551757577074e-05,2.6825122956444517e-05,2.8102961749960913e-05
5009,3.1579949458591484e-05,2.37710365541633e-05,2.6820137814538956e-05,2.809798808535898e-05
5010,3.157445816257182e-05,2.3766597315689077e-05,2.681518189268072e-05,2.809304007062858e-05
5011,3.156897458121192e-05,2.3762114047867633e-05,2.6810246841149167e-05,2.8088063729619753e-05
5012,3.156348077338156e-05,2.3757716311204765e-05,2.6805251737469725e-05,2.808309921315617e-05
5013,3.155802541384045e-05,2.3753212432332326e-05,2.6800270332154622e-05,2.8078184005022453e-05
5014,3.155255524729924e-05,2.374874365369083e-05,2.679535080647758e-05,2.807324272694054e-05
5015,3.154708008392401e-05,2.3744294182633384e-05,2.6790446450231448e-05,2.8068327642552906e-05
5016,3.154164522304188e-05,2.373985600550209e-05,2.678543224834649e-05,2.8063338272909408e-05
5017,3.15361850870023e-05,2.3735475792069476e-05,2.678051174357698e-05,2.805839685328636e-05
5018,3.15306809462887e-05,2.373100436381424e-05,2.677550048667901e-05,2.8053476945068137e-05
5019,3.1525221068037066e-05,2.372658740625589e-05,2.6770596469389796e-05,2.804850713485144e-05
5020,3.151980627370838e-05,2.3722149409844073e-05,2.6765669711036836e-05,2.804359877315472e-05
5021,3.151431613757825e-05,2.371775015912688e-05,2.676074138749545e-05,2.8038660739954166e-05
5022,3.150885229850483e-05,2.3713324118515557e-05,2.6755801971399547e-05,2.803368396129913e-05
5023,3.150345361280539e-05,2.3708866429844805e-05,2.6750860056645375e-05,2.8028773611349632e-05
5024,3.149798806826009e-05,2.3704441872977965e-05,2.674595778334805e-05,2.802385030663062e-05
5025,3.149256553129973e-05,2.3700019817915362e-05,2.6741078587301685e-05,2.8018937595957597e-05
5026,3.1487116128782885e-05,2.3695623321714525e-05,2.6736076053349463e-05,2.801404171560713e-05
5027,3.148166598305929e-05,2.3691174321182605e-05,2.6731148753957142e-05,2.8009104221628725e-05
5028,3.147627138712823e-05,2.3686828003484173e-05,2.6726309751279233e-05,2.8004254122497122e-05
5029,3.147082852606022e-05,2.3682356142796618e-05,2.6721361733996995e-05,2.799925505607122e-05
5030,3.146542145625782e-05,2.3677954726228265e-05,2.671646355531831e-05,2.7994430162992862e-05
5031,3.145998209764836e-05,2.3673586145077098e-05,2.6711575096276196e-05,2.7989461969136006e-05
5032,3.145458149258712e-05,2.3669180951861e-05,2.670668060298169e-05,2.7984565496339403e-05
5033,3.144914984531835e-05,2.3664795915323864e-05,2.6701793264197623e-05,2.7979634774140133e-05
5034,3.144377893485571e-05,2.366041746072903e-05,2.669684369111756e-05,2.7974744756160355e-05
5035,3.14383525519199e-05,2.3655995706367993e-05,2.6691989808208384e-05,2.7969883299124483e-05
5036,3.143298215337003e-05,2.3651625861296058e-05,2.6687108101638708e-05,2.7965026399099494e-05
5037,3.142754475248668e-05,2.3647192203795464e-05,2.6682223570696298e-05,2.7960112699352803e-05
5038,3.1422164186988046e-05,2.3642786082353732e-05,2.6677341671258576e-05,2.7955268399204713e-05
5039,3.1416787307462895e-05,2.363843831408204e-05,2.6672450938502022e-05,2.7950342845472513e-05
5040,3.141140737554496e-05,2.3634080839777734e-05,2.6667581427689588e-05,2.7945478154992408e-05
5041,3.140601569246219e-05,2.3629641901100243e-05,2.6662653871941008e-05,2.7940601173293147e-05
5042,3.140063307330176e-05,2.3625324776770197e-05,2.665784908037379e-05,2.793578503363939e-05
5043,3.1395236455531614e-05,2.3620956001405508e-05,2.6652920481387162e-05,2.7930859538753058e-05
5044,3.138989243052758e-05,2.3616586984912745e-05,2.6648117117782272e-05,2.7926036531701746e-05
5045,3.138448343489536e-05,2.3612210679925634e-05,2.664323457038507e-05,2.7921145538837955e-05
5046,3.1379123110816875e-05,2.360783759241995e-05,2.663839109280526e-05,2.791627256765547e-05
5047,3.137375754181689e-05,2.3603523445126935e-05,2.6633498686639835e-05,2.7911459205463603e-05
5048,3.1368394889595905e-05,2.3599169524374663e-05,2.6628642962944628e-05,2.790658418663903e-05
5049,3.13630538814418e-05,2.3594765354334147e-05,2.6623851265886018e-05,2.790171447025817e-05
5050,3.135765187978304e-05,2.3590419329754235e-05,2.66189758628382e-05,2.789690387096248e-05
5051,3.1352318223092524e-05,2.3586057832088752e-05,2.6614130173881643e-05,2.789201791597502e-05
5052,3.1347000371349446e-05,2.3581729142417095e-05,2.6609287361272512e-05,2.7887195412200963e-05
5053,3.13416037404105e-05,2.3577399014464242e-05,2.6604432274646665e-05,2.7882324464665234e-05
5054,3.1336306616183404e-05,2.3573078729581102e-05,2.659960348995309e-05,2.7877491573466114e-05
5055,3.133095495034705e-05,2.3568738597036723e-05,2.6594752747094796e-05,2.7872698376641528e-05
5056,3.1325609360898e-05,2.356438154078667e-05,2.6589931327982645e-05,2.786784085340547e-05
5057,3.132027211167887e-05,2.3560026313288345e-05,2.6585100056229602e-05,2.786303161695579e-05
5058,3.131494219846678e-05,2.3555747939226802e-05,2.6580266382354552e-05,2.7858182197446342e-05
5059,3.1309625737275385e-05,2.355136806787246e-05,2.6575432717441816e-05,2.7853382713327567e-05
5060,3.1304285966299364e-05,2.3547050226467554e-05,2.657064204031382e-05,2.7848552493571718e-05
5061,3.129897232218896e-05,2.354276292084339e-05,2.656581553926078e-05,2.784369798552304e-05
5062,3.1293652362541584e-05,2.3538477473446998e-05,2.656101768530723e-05,2.7838964039218747e-05
5063,3.1288329549686696e-05,2.353407579194985e-05,2.655620541827795e-05,2.7834106178805824e-05
5064,3.128304287970951e-05,2.352979457041149e-05,2.6551390124069965e-05,2.782929501369388e-05
5065,3.1277737359287e-05,2.3525507041699706e-05,2.6546581688512177e-05,2.782453260317054e-05
5066,3.1272417304170936e-05,2.3521184160265312e-05,2.654178111550523e-05,2.781971086614442e-05
5067,3.1267115944886515e-05,2.3516867227965648e-05,2.653697825660168e-05,2.7814878267412255e-05
5068,3.126181954956276e-05,2.3512585940581402e-05,2.6532144739640716e-05,2.7810078291747854e-05
5069,3.125654041474291e-05,2.350828181514673e-05,2.652742721944804e-05,2.78052990285438e-05
5070,3.125121151771121e-05,2.3503987148828735e-05,2.6522611925683872e-05,2.780054375751244e-05
5071,3.124592045870901e-05,2.349962817511106e-05,2.6517824339359862e-05,2.7795734723072496e-05
5072,3.1240669170079285e-05,2.3495360229211025e-05,2.6513051495363344e-05,2.7790932542260877e-05
5073,3.1235369273629505e-05,2.3491120924528944e-05,2.6508271583482033e-05,2.7786179399182563e-05
5074,3.123009086469313e-05,2.348679618303843e-05,2.650350201166022e-05,2.7781408248025663e-05
5075,3.122482207485341e-05,2.348249677859685e-05,2.6498723353070767e-05,2.7776613437220125e-05
5076,3.1219533993774106e-05,2.347819055811257e-05,2.649392016429872e-05,2.777182114652482e-05
5077,3.121427753924193e-05,2.347392669894851e-05,2.648915947093032e-05,2.776709849902891e-05
5078,3.1208981346196494e-05,2.3469690444024116e-05,2.648435339525964e-05,2.776228225701103e-05
5079,3.1203730700102556e-05,2.346536600311534e-05,2.6479589873975828e-05,2.7757530778945222e-05
5080,3.11984727855937e-05,2.3461128572529503e-05,2.6474889145268464e-05,2.7752747968908203e-05
5081,3.1193220807328115e-05,2.3456842938470283e-05,2.647010225858597e-05,2.7748021080567555e-05
5082,3.118793716594867e-05,2.3452599639693983e-05,2.6465302982027594e-05,2.774327848749518e-05
5083,3.118269548282005e-05,2.3448288812051473e-05,2.6460581251196796e-05,2.7738480177550497e-05
5084,3.117744871097427e-05,2.344406811619589e-05,2.645579672302908e-05,2.773375086467033e-05
5085,3.117223391330281e-05,2.3439787893847994e-05,2.6451098250798717e-05,2.7729001774965366e-05
5086,3.1166974010404353e-05,2.343554539208024e-05,2.6446316530093667e-05,2.772430776030963e-05
5087,3.1161735484825924e-05,2.343127782107422e-05,2.6441616436728224e-05,2.7719506750663875e-05
5088,3.115651922643895e-05,2.3427048592542616e-05,2.643688791163131e-05,2.771476446995796e-05
5089,3.115128083422644e-05,2.342279533400879e-05,2.6432113300912814e-05,2.7710031594065933e-05
5090,3.114604121608506e-05,2.3418552790261514e-05,2.6427403935341233e-05,2.770532459610256e-05
5091,3.114080399001492e-05,2.3414316808080624e-05,2.6422671787173272e-05,2.7700571461817028e-05
5092,3.11355642212738e-05,2.341005718730162e-05,2.64179229334997e-05,2.7695870503076996e-05
5093,3.1130364337382734e-05,2.340579421482764e-05,2.6413202117688755e-05,2.769109550299502e-05
5094,3.1125143270167686e-05,2.340157347832419e-05,2.6408488245130993e-05,2.768637518435961e-05
5095,3.111992172552239e-05,2.339736727312151e-05,2.6403791364734666e-05,2.7681676109694406e-05
5096,3.111472386145138e-05,2.3393136282772012e-05,2.639903917696214e-05,2.7676907882208337e-05
5097,3.110949690881977e-05,2.3388909053141584e-05,2.639437123211311e-05,2.7672213220556146e-05
5098,3.11043046471883e-05,2.3384642714265437e-05,2.6389645736063922e-05,2.7667520598080603e-05
5099,3.1099102292572275e-05,2.338043885915735e-05,2.6384925993518287e-05,2.7662793855455365e-05
5100,3.109391231710598e-05,2.3376183632328132e-05,2.6380225298174107e-05,2.7658130570961116e-05
5101,3.1088687505330455e-05,2.3372023187944785e-05,2.6375510347623517e-05,2.765340406948207e-05
5102,3.108349516450613e-05,2.3367771470400216e-05,2.6370840548169804e-05,2.7648685464283594e-05
5103,3.107830677399281e-05,2.336357588254718e-05,2.6366116693895982e-05,2.7644006014357972e-05
5104,3.1073127338799836e-05,2.3359360590697155e-05,2.6361436496656925e-05,2.7639292217510806e-05
5105,3.1067953217908393e-05,2.3355152574588274e-05,2.635674414699492e-05,2.763460292322506e-05
5106,3.106277749213234e-05,2.3350961986740644e-05,2.635204381172072e-05,2.7629935053542562e-05
5107,3.10575983049204e-05,2.3346773223132782e-05,2.634734775289291e-05,2.7625232549456966e-05
5108,3.105240065803705e-05,2.3342567636185564e-05,2.634265084005889e-05,2.7620556660568887e-05
5109,3.104724062899444e-05,2.3338337153386436e-05,2.6338009155352384e-05,2.7615876115549086e-05
5110,3.104209082694566e-05,2.3334184558191694e-05,2.6333358571410323e-05,2.7611169516201457e-05
5111,3.103694182986493e-05,2.332996735003172e-05,2.632863383173045e-05,2.7606536761036896e-05
5112,3.103174530806808e-05,2.3325794305402865e-05,2.6324008401430624e-05,2.7601853833110543e-05
5113,3.10266142967146e-05,2.332152138252869e-05,2.631928808700323e-05,2.7597156933823243e-05
5114,3.102144961660043e-05,2.3317383592532566e-05,2.6314675446930672e-05,2.759250107085047e-05
5115,3.101628072785306e-05,2.3313220172967926e-05,2.6310010397598524e-05,2.7587861904646892e-05
5116,3.101113555705467e-05,2.3309057159772876e-05,2.630530887036382e-05,2.7583181757133097e-05
5117,3.10060241033867e-05,2.3304867037097625e-05,2.6300671767786497e-05,2.757848931340688e-05
5118,3.1000853060491266e-05,2.3300689242986863e-05,2.6296037261209286e-05,2.757385034909115e-05
5119,3.0995712457571025e-05,2.3296510665798387e-05,2.6291337557351387e-05,2.756919787802804e-05
5120,3.099058012821871e-05,2.3292311216112177e-05,2.6286729205716137e-05,2.7564553356181093e-05
5121,3.098546032576712e-05,2.328819494052943e-05,2.6282052905879805e-05,2.7559893779459638e-05
5122,3.098031099250721e-05,2.3283999239203158e-05,2.627740723570452e-05,2.75552555378645e-05
5123,3.097518580964329e-05,2.327985085425982e-05,2.627282084325201e-05,2.7550617084307415e-05
5124,3.0970070820846085e-05,2.3275704939674803e-05,2.6268159140996083e-05,2.7545999395253265e-05
5125,3.0964938909363896e-05,2.327153725351505e-05,2.6263500834628672e-05,2.754134212582333e-05
5126,3.095983520665332e-05,2.3267365555574783e-05,2.6258883100790013e-05,2.7536705172172207e-05
5127,3.0954705086525165e-05,2.3263255092043233e-05,2.625428241174381e-05,2.7532055337228818e-05
5128,3.094957346880584e-05,2.3259058988727235e-05,2.624963253595752e-05,2.7527439321849254e-05
5129,3.0944480738248194e-05,2.32549335769109e-05,2.6245010634175022e-05,2.752285027104566e-05
5130,3.0939374039408214e-05,2.3250811421863876e-05,2.6240385756415885e-05,2.7518192756071182e-05
5131,3.093427050994078e-05,2.3246688825849964e-05,2.6235778650687925e-05,2.7513581996077286e-05
5132,3.09291898626735e-05,2.3242516623909307e-05,2.623116417900476e-05,2.750892681417194e-05
5133,3.0924083562406774e-05,2.323838971684686e-05,2.6226571737037345e-05,2.7504325765992662e-05
5134,3.091899737277277e-05,2.323423279183689e-05,2.6221934506557697e-05,2.749971591379801e-05
5135,3.0913890929670866e-05,2.323012150304558e-05,2.6217310160492406e-05,2.749512771524069e-05
5136,3.0908801854322574e-05,2.3225976479909178e-05,2.6212738206266693e-05,2.7490500611775842e-05
5137,3.090374895786555e-05,2.3221835269039925e-05,2.6208118000918607e-05,2.7485903883500967e-05
5138,3.089864273196658e-05,2.321773739757383e-05,2.6203514697554067e-05,2.7481327126125982e-05
5139,3.089357767886025e-05,2.321359339223166e-05,2.6198939256818673e-05,2.7476683444694104e-05
5140,3.0888461810746524e-05,2.3209506339977183e-05,2.619434738382043e-05,2.7472083950214294e-05
5141,3.088340541780934e-05,2.3205374541373592e-05,2.6189740707066953e-05,2.746752673333953e-05
5142,3.0878347159330835e-05,2.3201275760182145e-05,2.6185170043656497e-05,2.7462905142972817e-05
5143,3.0873272191043936e-05,2.3197138723609892e-05,2.618055471014068e-05,2.745832364014542e-05
5144,3.086819651687701e-05,2.3193030490770553e-05,2.6175996353621084e-05,2.745373860527069e-05
5145,3.086317147262409e-05,2.318892806009927e-05,2.6171450404846416e-05,2.7449170960395815e-05
5146,3.085807878639467e-05,2.31848555830446e-05,2.6166852745391976e-05,2.744456568069488e-05
5147,3.0853039393518156e-05,2.3180716179531303e-05,2.6162262927989793e-05,2.743998397935066e-05
5148,3.084798120901031e-05,2.3176609736755596e-05,2.6157707022924067e-05,2.7435414867600388e-05
5149,3.0842936797657765e-05,2.3172526464087143e-05,2.6153126872391236e-05,2.743084335004685e-05
5150,3.083789565719227e-05,2.316843748928507e-05,2.6148537805183875e-05,2.7426277323667002e-05
5151,3.0832839879220586e-05,2.3164331613997144e-05,2.6143987387380886e-05,2.742169183628743e-05
5152,3.082780723723133e-05,2.3160269296754806e-05,2.613944555877977e-05,2.741716367824457e-05
5153,3.082277437966795e-05,2.315618120338007e-05,2.6134882042260426e-05,2.7412582551675567e-05
5154,3.0817727200049526e-05,2.3152078228725104e-05,2.6130365853363465e-05,2.7408013075089008e-05
5155,3.0812678411267995e-05,2.314801146302133e-05,2.6125764046747553e-05,2.740344452003115e-05
5156,3.080766135506931e-05,2.3143923585924518e-05,2.6121200564712278e-05,2.739891668929596e-05
5157,3.080263329974349e-05,2.3139869139224624e-05,2.611665490000487e-05,2.7394345234380216e-05
5158,3.0797619569510845e-05,2.3135775553927097e-05,2.6112124165649574e-05,2.738979362668717e-05
5159,3.0792595379809025e-05,2.3131684110383037e-05,2.610758251079404e-05,2.7385245069736232e-05
5160,3.078758774227482e-05,2.3127610828326688e-05,2.610304901155645e-05,2.738071758326799e-05
5161,3.078258777353351e-05,2.312356740834502e-05,2.6098546488262537e-05,2.737615104558953e-05
5162,3.077756964759335e-05,2.3119492075055304e-05,2.6093971343123796e-05,2.7371620921525153e-05
5163,3.0772551200844106e-05,2.311543776036003e-05,2.608944301241774e-05,2.7367121437497703e-05
5164,3.076754041926996e-05,2.311138080603178e-05,2.608493293523437e-05,2.7362562835416264e-05
5165,3.076256335504454e-05,2.3107290105463135e-05,2.6080402715013275e-05,2.7358042336655592e-05
5166,3.075756508341698e-05,2.3103273258535688e-05,2.607590948768226e-05,2.7353504475910194e-05
5167,3.07525714229564e-05,2.309922415503105e-05,2.6071367170523e-05,2.734897775579591e-05
5168,3.074755989704578e-05,2.3095178474155087e-05,2.6066840151582714e-05,2.7344425151079938e-05
5169,3.07425646161888e-05,2.3091126503272717e-05,2.6062332358506007e-05,2.7339952841103006e-05
5170,3.073759883300891e-05,2.3087079836238716e-05,2.6057843219756834e-05,2.7335425335016832e-05
5171,3.073261360975795e-05,2.3083024715713284e-05,2.605330569328783e-05,2.7330913416787005e-05
5172,3.072762225531947e-05,2.3078991933819434e-05,2.6048775254930366e-05,2.732638443978844e-05
5173,3.072264517318572e-05,2.3074928077641627e-05,2.6044280676184392e-05,2.732188322161655e-05
5174,3.071767956700233e-05,2.3070931591659227e-05,2.6039782341377566e-05,2.731735326131968e-05
5175,3.07127028780824e-05,2.306690951337136e-05,2.60352887244706e-05,2.7312895781062017e-05
5176,3.0707718341957555e-05,2.3062864703321574e-05,2.6030784434850446e-05,2.7308393940940527e-05
5177,3.07027781661072e-05,2.3058821302576826e-05,2.602629667870322e-05,2.730388227389519e-05
5178,3.0697805199893985e-05,2.3054794956155238e-05,2.602183801736131e-05,2.7299401425984007e-05
5179,3.069285921910328e-05,2.3050812203517893e-05,2.601734013437214e-05,2.7294894465842306e-05
5180,3.068790617274183e-05,2.304676652687118e-05,2.6012856003438618e-05,2.729040444177421e-05
5181,3.068293682199905e-05,2.304274880808125e-05,2.600835337221298e-05,2.728591688583182e-05
5182,3.067799765045142e-05,2.3038724525080958e-05,2.600390868846829e-05,2.728143722195121e-05
5183,3.067303638371898e-05,2.3034708163924548e-05,2.599942618973623e-05,2.7276974005740724e-05
5184,3.066809934675567e-05,2.303068896707215e-05,2.599494321471584e-05,2.7272468496051628e-05
5185,3.066314825214234e-05,2.302672084791587e-05,2.5990469156975212e-05,2.7267958093281e-05
5186,3.06582168295288e-05,2.3022684271533886e-05,2.5986008954938375e-05,2.7263541153658773e-05
5187,3.0653268410197496e-05,2.30187176422439e-05,2.598154445352609e-05,2.7259054843441435e-05
5188,3.0648339271490495e-05,2.3014677422360062e-05,2.5977079246566895e-05,2.72545804013875e-05
5189,3.064340869701813e-05,2.3010710548755825e-05,2.5972628929023367e-05,2.7250103325969656e-05
5190,3.0638480134540464e-05,2.300668862991576e-05,2.5968155364499792e-05,2.7245617959429664e-05
5191,3.0633562722630845e-05,2.3002688946651912e-05,2.5963692866370477e-05,2.724119067275656e-05
5192,3.062862867316109e-05,2.2998733610372973e-05,2.5959241026972544e-05,2.723674317514186e-05
5193,3.06237198117977e-05,2.299475153463591e-05,2.5954794788646388e-05,2.723228922055672e-05
5194,3.061879659747938e-05,2.299074129488688e-05,2.595035893820696e-05,2.722780210122751e-05
5195,3.061389701464749e-05,2.2986779471428087e-05,2.5945879350274467e-05,2.722339270003403e-05
5196,3.060899947089296e-05,2.2982786707358798e-05,2.5941464913689663e-05,2.721893718454363e-05
5197,3.060408698376613e-05,2.2978790964764713e-05,2.5937035979303574e-05,2.7214476403441464e-05
5198,3.059915332996385e-05,2.2974802932622887e-05,2.5932593205441062e-05,2.721002239338373e-05
5199,3.0594279515145735e-05,2.2970845440779896e-05,2.5928138500001296e-05,2.720559206935257e-05
5200,3.0589380650200916e-05,2.2966886530238614e-05,2.5923756200579083e-05,2.7201152949424047e-05
5201,3.058447476118884e-05,2.2962916704712788e-05,2.591930561832959e-05,2.7196716871073694e-05
5202,3.057957568451454e-05,2.295893403297656e-05,2.5914842919508206e-05,2.7192287573519234e-05
5203,3.057468519714016e-05,2.2954956738026294e-05,2.5910445253014587e-05,2.7187851019691897e-05
5204,3.056980283766454e-05,2.2951007277707213e-05,2.590602182868137e-05,2.718341716362172e-05
5205,3.056493514098551e-05,2.2947041935972634e-05,2.5901616908423686e-05,2.7179001929137516e-05
5206,3.056004527746963e-05,2.29430804802591e-05,2.589722700164511e-05,2.7174558301964502e-05
5207,3.055516693989593e-05,2.2939150514029414e-05,2.5892782096864907e-05,2.7170166540580764e-05
5208,3.055027793034894e-05,2.2935185386994133e-05,2.588839403775227e-05,2.7165744412031015e-05
5209,3.0545425996916216e-05,2.293124187824474e-05,2.5883986403247456e-05,2.7161332752530767e-05
5210,3.0540554017867894e-05,2.2927305888175686e-05,2.587957921844106e-05,2.7156914121919492e-05
5211,3.0535698496996766e-05,2.292332966167238e-05,2.5875159144092007e-05,2.7152499781094412e-05
5212,3.0530841618226846e-05,2.2919370924470567e-05,2.5870740067475392e-05,2.7148113821812376e-05
5213,3.052596199785909e-05,2.2915455312403306e-05,2.586635053456006e-05,2.714368099450355e-05
5214,3.052110711758243e-05,2.2911530161948008e-05,2.586198529570315e-05,2.713929471824232e-05
5215,3.0516240578652584e-05,2.2907581533978662e-05,2.585756270229748e-05,2.7134880693847786e-05
5216,3.0511409512905675e-05,2.2903653578554844e-05,2.5853198746331866e-05,2.7130501116539164e-05
5217,3.0506563134738055e-05,2.289972339674789e-05,2.5848806160093325e-05,2.712608752729894e-05
5218,3.0501708186790062e-05,2.289580536318494e-05,2.5844423189987507e-05,2.7121714778705323e-05
5219,3.0496879869160963e-05,2.289187392685836e-05,2.5840039275067495e-05,2.711734159882057e-05
5220,3.04920270259189e-05,2.2887937120530948e-05,2.5835674710208726e-05,2.711295997595338e-05
5221,3.0487174990755072e-05,2.2884023498630223e-05,2.5831301944027944e-05,2.7108555685126774e-05
5222,3.048236203463633e-05,2.288011280478712e-05,2.5826959450151506e-05,2.710418064150052e-05
5223,3.0477529166874337e-05,2.2876183003446814e-05,2.582253181243483e-05,2.7099790475313335e-05
5224,3.0472693091268313e-05,2.2872260178205478e-05,2.581818245096353e-05,2.7095429579768463e-05
5225,3.046785856374605e-05,2.2868349369384322e-05,2.581381282255539e-05,2.7091049412878274e-05
5226,3.0463055683712022e-05,2.2864419373214154e-05,2.5809472900700346e-05,2.7086682715845928e-05
5227,3.045822636777926e-05,2.2860563932137974e-05,2.5805095179035448e-05,2.7082317293310938e-05
5228,3.0453397899994008e-05,2.2856630568954554e-05,2.5800724225764344e-05,2.7077938833162848e-05
5229,3.0448577367892937e-05,2.2852732331226633e-05,2.5796385599782005e-05,2.7073577053889454e-05
5230,3.044379562722551e-05,2.2848825069486262e-05,2.57920425272168e-05,2.70692082825223e-05
5231,3.0438980177412135e-05,2.2844937393569268e-05,2.5787688989006766e-05,2.7064875895205728e-05
5232,3.0434153003176586e-05,2.2841063622330342e-05,2.5783320944541143e-05,2.7060487486085216e-05
5233,3.042936439626009e-05,2.2837144572739853e-05,2.5778989076282993e-05,2.7056154775321686e-05
5234,3.0424556700197566e-05,2.283324994243596e-05,2.5774628859886952e-05,2.7051807141086937e-05
5235,3.041976528608787e-05,2.2829369323952386e-05,2.577030681024995e-05,2.7047458276495606e-05
5236,3.0414976471317027e-05,2.282549783490798e-05,2.576596121663998e-05,2.7043093209715288e-05
5237,3.041018899830697e-05,2.2821612269243976e-05,2.5761631479545225e-05,2.703875341042168e-05
5238,3.040538819358634e-05,2.281773961860641e-05,2.5757300356825936e-05,2.7034426173316176e-05
5239,3.040060987607484e-05,2.281383587038083e-05,2.5752972428011145e-05,2.7030114358148677e-05
5240,3.0395811102325532e-05,2.280999163784005e-05,2.574863950944627e-05,2.7025744661465706e-05
5241,3.039104610270994e-05,2.2806084070287114e-05,2.574433102058284e-05,2.7021431631727147e-05
5242,3.0386272900464213e-05,2.2802217497063246e-05,2.573999143095662e-05,2.701708411265399e-05
5243,3.038147421334919e-05,2.279837158156835e-05,2.5735682666096246e-05,2.7012762244698392e-05
5244,3.037671969591562e-05,2.2794485484359652e-05,2.5731371319660598e-05,2.700840723871479e-05
5245,3.037194632218263e-05,2.2790609100532202e-05,2.5727053220940214e-05,2.7004113167747625e-05
5246,3.036718359404688e-05,2.2786755704002578e-05,2.5722762896586712e-05,2.6999789873034455e-05
5247,3.036242688088613e-05,2.2782894623560687e-05,2.571843552309882e-05,2.6995470921053826e-05
5248,3.0357658887027188e-05,2.2779055262785206e-05,2.5714129962035157e-05,2.6991173182887708e-05
5249,3.0352897063217525e-05,2.2775161991845005e-05,2.5709813006679507e-05,2.6986853641288406e-05
5250,3.0348136927024686e-05,2.2771339923522435e-05,2.57055077651021e-05,2.698252591560197e-05
5251,3.0343396202872326e-05,2.2767475685968033e-05,2.570121704810852e-05,2.6978238946634392e-05
5252,3.033865197995978e-05,2.276362017056131e-05,2.569692768134644e-05,2.6973937289943976e-05
5253,3.0333908563904012e-05,2.275980458468057e-05,2.5692629672386962e-05,2.696960590891496e-05
5254,3.0329162749955864e-05,2.2755921716610745e-05,2.568835722920299e-05,2.6965319962094702e-05
5255,3.032442083789763e-05,2.2752086015109404e-05,2.5684047143392285e-05,2.6961003832816173e-05
5256,3.03196774193514e-05,2.2748243514373464e-05,2.567975665452914e-05,2.695673359135378e-05
5257,3.0314935736663642e-05,2.2744414038082436e-05,2.5675493300710804e-05,2.6952450558734892e-05
5258,3.031022181329094e-05,2.2740577747697515e-05,2.567120503328958e-05,2.694815579438352e-05
5259,3.0305474807060445e-05,2.273675028865954e-05,2.566693396014311e-05,2.6943866203178855e-05
5260,3.0300743995661765e-05,2.2732923957903502e-05,2.566265953607362e-05,2.6939584278008592e-05
5261,3.029603623993736e-05,2.272909638844969e-05,2.5658365168452667e-05,2.6935282404777242e-05
5262,3.0291327066287338e-05,2.2725273118060384e-05,2.5654110605068353e-05,2.693099943946603e-05
5263,3.0286601302130552e-05,2.2721449207897803e-05,2.5649834680764753e-05,2.692673701574111e-05
5264,3.0281885058867077e-05,2.2717623634823388e-05,2.564559742389487e-05,2.6922471127468778e-05
5265,3.0277163621313975e-05,2.2713806323554005e-05,2.5641325969734665e-05,2.6918178035491777e-05
5266,3.0272465912432987e-05,2.2709994001928207e-05,2.5637066076642434e-05,2.6913929392774293e-05
5267,3.0267744054342675e-05,2.27061868796578e-05,2.5632808148783246e-05,2.690965781053682e-05
5268,3.0263042120103573e-05,2.270236911426084e-05,2.562854815546473e-05,2.6905398058970684e-05
5269,3.0258330742272183e-05,2.2698561292765557e-05,2.5624283076242335e-05,2.690114407727783e-05
5270,3.025363711808244e-05,2.2694755407631958e-05,2.562006065628867e-05,2.6896865278076618e-05
5271,3.0248947434194838e-05,2.2690950168622115e-05,2.5615816568067684e-05,2.6892597401575965e-05
5272,3.024425668196578e-05,2.2687134926109546e-05,2.5611566053291977e-05,2.6888358609587684e-05
5273,3.0239559605936727e-05,2.2683350114722e-05,2.560731447140679e-05,2.6884099586061577e-05
5274,3.0234878500372805e-05,2.2679538233959163e-05,2.5603083204210068e-05,2.687987045306374e-05
5275,3.023018735020666e-05,2.2675748824916383e-05,2.5598830943488145e-05,2.6875594052684573e-05
5276,3.0225517583566595e-05,2.2671956580322847e-05,2.55946065427114e-05,2.6871353738756146e-05
5277,3.0220832819920454e-05,2.2668165029828514e-05,2.559037560204835e-05,2.6867116336360015e-05
5278,3.021614977588412e-05,2.266436970414621e-05,2.558613912081043e-05,2.6862868341670176e-05
5279,3.0211474480454102e-05,2.2660605864255975e-05,2.5581934912242967e-05,2.6858648964716698e-05
5280,3.020680437222989e-05,2.2656827850143872e-05,2.557768146689565e-05,2.6854406144080343e-05
5281,3.0202151547027585e-05,2.2653031682015845e-05,2.5573489979615005e-05,2.6850190025238555e-05
5282,3.019748293258353e-05,2.2649251641090506e-05,2.5569248952025033e-05,2.684594498465998e-05
5283,3.019281459284477e-05,2.264547566750591e-05,2.5565044111497546e-05,2.6841717116987573e-05
5284,3.0188141409190645e-05,2.2641696343824656e-05,2.5560821272030318e-05,2.683748754046428e-05
5285,3.018350079900508e-05,2.2637918462690482e-05,2.555659315928188e-05,2.6833268934788656e-05
5286,3.0178848737072724e-05,2.2634153272000805e-05,2.5552396191109073e-05,2.6829027786373852e-05
5287,3.017418314804773e-05,2.2630352622218593e-05,2.554820755960153e-05,2.6824845079910793e-05
5288,3.0169535713714785e-05,2.2626621541160343e-05,2.554399048265851e-05,2.6820613956156115e-05
5289,3.01648889539115e-05,2.2622837996855086e-05,2.5539780526283262e-05,2.6816391041707904e-05
5290,3.0160248362226892e-05,2.2619088457943727e-05,2.553558415120022e-05,2.6812202532121614e-05
5291,3.015560840899528e-05,2.2615340052311416e-05,2.5531387893045578e-05,2.6807981992790346e-05
5292,3.0150990901968234e-05,2.2611582482532488e-05,2.552718835895547e-05,2.680379110221102e-05
5293,3.014634165387311e-05,2.260781772911054e-05,2.552300440359391e-05,2.679957485367515e-05
5294,3.014170977957456e-05,2.2604081179915643e-05,2.5518812964417233e-05,2.679536435593135e-05
5295,3.013707602101808e-05,2.2600332385195316e-05,2.551461854337524e-05,2.6791168478584597e-05
5296,3.0132450513209483e-05,2.25965958924891e-05,2.5510434639512682e-05,2.6786985900514935e-05
5297,3.0127830058183227e-05,2.2592839525189733e-05,2.5506273531049955e-05,2.6782783823991632e-05
5298,3.012321667833407e-05,2.2589098168912334e-05,2.550210271051392e-05,2.677858852784053e-05
5299,3.0118593785375455e-05,2.2585331458822793e-05,2.5497908134257538e-05,2.6774399508749607e-05
5300,3.0113984004310794e-05,2.2581606007115846e-05,2.54937348088166e-05,2.677021826873238e-05
5301,3.0109365143329143e-05,2.257785636993732e-05,2.548956584430569e-05,2.6766025417455956e-05
5302,3.010474131459307e-05,2.257414085588714e-05,2.548539993690509e-05,2.676187420923719e-05
5303,3.0100147459339135e-05,2.2570418409665624e-05,2.548121900946201e-05,2.675769555700517e-05
5304,3.009554693588691e-05,2.2566679232809744e-05,2.547706127026757e-05,2.6753510128083113e-05
5305,3.0090929185545775e-05,2.256296606875895e-05,2.547289208802193e-05,2.674933669727982e-05
5306,3.0086333350015847e-05,2.2559237234886285e-05,2.5468747117889362e-05,2.674515328185937e-05
5307,3.008174087677493e-05,2.2555500575460193e-05,2.5464585125096997e-05,2.674100078608662e-05
5308,3.0077143439253087e-05,2.255177470479249e-05,2.5460436703681006e-05,2.673682456894835e-05
5309,3.007256251771682e-05,2.2548073314641055e-05,2.5456279579513198e-05,2.673266758931211e-05
5310,3.006797404046942e-05,2.2544355384786635e-05,2.5452108829817838e-05,2.6728500345676002e-05
5311,3.0063390201662173e-05,2.254064785857449e-05,2.5447989960529823e-05,2.6724352656292786e-05
5312,3.005880196493667e-05,2.253692841134161e-05,2.5443830099557333e-05,2.6720185458789298e-05
5313,3.0054222736800033e-05,2.2533211840225584e-05,2.543967300308643e-05,2.671603132265587e-05
5314,3.0049642730730413e-05,2.252952040908875e-05,2.5435542845670843e-05,2.6711886689186212e-05
5315,3.0045055525859824e-05,2.2525784873497943e-05,2.543141834029252e-05,2.6707717769877e-05
5316,3.0040491219903116e-05,2.2522084121724352e-05,2.542726160968492e-05,2.670357974048041e-05
5317,3.0035929908070576e-05,2.2518392961475202e-05,2.5423155237090977e-05,2.6699448980211773e-05
5318,3.0031370915519796e-05,2.2514707550298097e-05,2.5418998151679182e-05,2.669530974557058e-05
5319,3.002679345391866e-05,2.2511003110884988e-05,2.5414902225270684e-05,2.6691154346149064e-05
5320,3.0022243905989083e-05,2.2507324644327242e-05,2.5410773436112013e-05,2.6687031994145388e-05
5321,3.001766159157932e-05,2.250362345603664e-05,2.5406646905869696e-05,2.668288985879087e-05
5322,3.0013112165196594e-05,2.2499939813483623e-05,2.5402530963772656e-05,2.667878283041573e-05
5323,3.000855810684749e-05,2.2496252785508477e-05,2.539841959231874e-05,2.667461853814371e-05
5324,3.00040066119853e-05,2.2492563867462597e-05,2.5394280525973508e-05,2.667051592713401e-05
5325,2.999946223898971e-05,2.248887933632479e-05,2.5390164165107234e-05,2.666638226080739e-05
5326,2.9994925201276558e-05,2.248520571143748e-05,2.538605679946699e-05,2.666225968303518e-05
5327,2.9990377534566126e-05,2.248153076024793e-05,2.538196526531444e-05,2.6658136661129968e-05
5328,2.9985850347422676e-05,2.2477856799091635e-05,2.5377859400832637e-05,2.665401729926863e-05
5329,2.998129766844852e-05,2.247417144479668e-05,2.5373758635686676e-05,2.66499113971985e-05
5330,2.9976767300959775e-05,2.2470510170801926e-05,2.536964385467952e-05,2.6645788820343676e-05
5331,2.9972244370773163e-05,2.2466829607642655e-05,2.5365559684078287e-05,2.6641686089786937e-05
5332,2.9967709494474056e-05,2.246316783107834e-05,2.536145409762271e-05,2.663756734028066e-05
5333,2.9963189811689652e-05,2.2459492972485542e-05,2.5357357971852903e-05,2.6633470099759125e-05
5334,2.9958669123252083e-05,2.2455833121021533e-05,2.5353282256353052e-05,2.662937668110192e-05
5335,2.9954129210342548e-05,2.245218169038338e-05,2.53491977729302e-05,2.6625262608355868e-05
5336,2.9949626628950634e-05,2.2448528021085086e-05,2.534510043540261e-05,2.662115383670558e-05
5337,2.9945108160655097e-05,2.244486716479196e-05,2.534102277244888e-05,2.6617062718860483e-05
5338,2.9940594502292096e-05,2.2441205852517508e-05,2.5336947233832847e-05,2.6612967992767443e-05
5339,2.9936080295466645e-05,2.2437562305227983e-05,2.5332858654590454e-05,2.6608882977196313e-05
5340,2.9931566481349583e-05,2.2433899859474167e-05,2.532877271200231e-05,2.6604784484026918e-05
5341,2.9927074196263384e-05,2.243026733299705e-05,2.532471808805536e-05,2.6600702934451728e-05
5342,2.992256919681826e-05,2.2426606367481398e-05,2.5320629352072733e-05,2.6596625171621595e-05
5343,2.991806837356144e-05,2.242297586569648e-05,2.531656476149713e-05,2.6592530605772904e-05
5344,2.9913569582621946e-05,2.2419347286933962e-05,2.5312510623634322e-05,2.6588460867252584e-05
5345,2.9909081893519307e-05,2.2415694801347805e-05,2.530844624525395e-05,2.6584383329363282e-05
5346,2.990458959144307e-05,2.2412056463805692e-05,2.5304392982773083e-05,2.6580301759492332e-05
5347,2.990010889003563e-05,2.2408416176806304e-05,2.530032277426479e-05,2.6576234078319188e-05
5348,2.989561290375657e-05,2.2404795821503268e-05,2.5296261709998423e-05,2.657215772417902e-05
5349,2.9891129761951393e-05,2.2401160297064974e-05,2.5292199870798898e-05,2.6568094791269988e-05
5350,2.9886655257619033e-05,2.239753680875568e-05,2.528815078063503e-05,2.656401861795889e-05
5351,2.988216713653291e-05,2.2393910813456825e-05,2.5284112121031864e-05,2.655997584659917e-05
5352,2.987768812660208e-05,2.2390289513140777e-05,2.5280073253208175e-05,2.6555912223059832e-05
5353,2.987322694686685e-05,2.2386675834290287e-05,2.5276017746914964e-05,2.655185704617519e-05
5354,2.9868754800013815e-05,2.2383040067673845e-05,2.527198596390685e-05,2.654781025180231e-05
5355,2.986429114162888e-05,2.2379427011327316e-05,2.5267934868585984e-05,2.6543732910904553e-05
5356,2.9859817335668886e-05,2.2375811892040097e-05,2.5263917194528875e-05,2.653969960703083e-05
5357,2.9855361809918575e-05,2.237220733107001e-05,2.5259862907979703e-05,2.6535631517861025e-05
5358,2.985090155832315e-05,2.236860447004827e-05,2.5255810705054403e-05,2.653158793308273e-05
5359,2.9846434032203233e-05,2.236499578350304e-05,2.52518049395348e-05,2.6527550658586568e-05
5360,2.984199122351122e-05,2.236136966608907e-05,2.524777640774689e-05,2.652350891929447e-05
5361,2.9837528026585247e-05,2.2357780667558785e-05,2.5243741880032686e-05,2.651946730753088e-05
5362,2.9833093131841916e-05,2.2354173899214486e-05,2.5239718220057287e-05,2.651542944983472e-05
5363,2.9828636462060162e-05,2.2350585556550636e-05,2.523571024318393e-05,2.6511392271874072e-05
5364,2.9824197861475628e-05,2.2346982407388874e-05,2.5231675458017304e-05,2.6507363194512343e-05
5365,2.981976554324775e-05,2.234337691592272e-05,2.522765331146089e-05,2.6503325873505403e-05
5366,2.9815318414957136e-05,2.2339819288879632e-05,2.5223667664381304e-05,2.6499305544533642e-05
5367,2.981088002703058e-05,2.2336205033876634e-05,2.5219646621775483e-05,2.6495285564369056e-05
5368,2.9806450340710607e-05,2.233260740060432e-05,2.521565073131294e-05,2.6491263120127568e-05
5369,2.9802023686840524e-05,2.232902453079796e-05,2.5211634919199413e-05,2.6487237046068066e-05
5370,2.9797587734170932e-05,2.2325457157243407e-05,2.520763029672182e-05,2.648321235662867e-05
5371,2.979316885401986e-05,2.232186233553471e-05,2.5203627136385085e-05,2.647920521351418e-05
5372,2.978874263796222e-05,2.231826980029402e-05,2.5199628749748904e-05,2.6475199527585202e-05
5373,2.978432301302003e-05,2.231471218264353e-05,2.5195627502350122e-05,2.6471188944026848e-05
5374,2.977990043437148e-05,2.2311135929424997e-05,2.5191642105546566e-05,2.6467171173396752e-05
5375,2.977548743342696e-05,2.2307557856245815e-05,2.518764683030824e-05,2.6463164833894073e-05
5376,2.9771075892131636e-05,2.2303999884365588e-05,2.5183653944355087e-05,2.6459153652430225e-05
5377,2.9766670932665087e-05,2.2300427752113217e-05,2.5179668280153523e-05,2.645517194966646e-05
5378,2.9762259399727922e-05,2.229685360515224e-05,2.517568255991416e-05,2.6451156012793977e-05
5379,2.9757860615762035e-05,2.2293286101061585e-05,2.517169663863942e-05,2.644717426598215e-05
5380,2.9753454793610613e-05,2.2289733518745353e-05,2.5167715691418925e-05,2.644316918372862e-05
5381,2.9749060221242865e-05,2.228617026471639e-05,2.516374871952321e-05,2.6439182817931507e-05
5382,2.9744661422857665e-05,2.228261016112121e-05,2.5159769406914805e-05,2.6435187211093477e-05
5383,2.974026314500664e-05,2.2279052505110304e-05,2.5155781454666336e-05,2.6431194981685072e-05
5384,2.973587355323433e-05,2.2275507475942466e-05,2.51518352066483e-05,2.6427211791269807e-05
5385,2.973149669028639e-05,2.2271946405133116e-05,2.514785879789758e-05,2.6423223697969065e-05
5386,2.9727099967834285e-05,2.226839984102528e-05,2.5143892270809576e-05,2.6419245999876437e-05
5387,2.972271087275763e-05,2.226485851149353e-05,2.513992427674728e-05,2.641526776922019e-05
5388,2.9718339512617628e-05,2.2261307879776763e-05,2.5135966749375376e-05,2.6411288029965515e-05
5389,2.971396497508574e-05,2.2257763823253904e-05,2.5132006566097176e-05,2.640731684351224e-05
5390,2.9709589826170283e-05,2.2254220840274674e-05,2.512805446803295e-05,2.6403358705916778e-05
5391,2.9705216083262914e-05,2.2250680488802265e-05,2.5124094575390148e-05,2.6399381153059434e-05
5392,2.970083635601771e-05,2.224715275948665e-05,2.5120143463931876e-05,2.6395425601741587e-05
5393,2.969647091659849e-05,2.2243611599359668e-05,2.5116193856210864e-05,2.639145011671765e-05
5394,2.9692105358477852e-05,2.2240083069504912e-05,2.5112237220794687e-05,2.6387488298088273e-05
5395,2.9687742893901556e-05,2.2236549186887856e-05,2.510829862974457e-05,2.6383532844446563e-05
5396,2.9683386769898813e-05,2.2233018983331863e-05,2.5104360745563273e-05,2.637957086060307e-05
5397,2.967903116417028e-05,2.222949782273321e-05,2.5100416039271996e-05,2.6375616848582054e-05
5398,2.967466545257802e-05,2.2225967955178695e-05,2.509648487971038e-05,2.6371668400962486e-05
5399,2.9670316617808488e-05,2.2222457298763583e-05,2.509254741664006e-05,2.636770783114515e-05
5400,2.9665970043607758e-05,2.2218924213794e-05,2.508860946534457e-05,2.6363761036022258e-05
5401,2.9661619511904297e-05,2.221541198843416e-05,2.5084684241009178e-05,2.6359813911496553e-05
5402,2.9657281509805424e-05,2.2211900142112545e-05,2.5080761071843717e-05,2.6355876597970943e-05
5403,2.9652940439378803e-05,2.220838403118439e-05,2.5076830554089048e-05,2.6351940588298196e-05
5404,2.9648593288530586e-05,2.2204873523100688e-05,2.5072904492294024e-05,2.6348004278586287e-05
5405,2.9644256358562694e-05,2.2201368661460175e-05,2.5068986543785687e-05,2.6344050813751926e-05
5406,2.963992651094566e-05,2.219785217760077e-05,2.506506726247861e-05,2.6340125845014858e-05
5407,2.963559167951824e-05,2.2194347558469507e-05,2.506114728023348e-05,2.6336184944723388e-05
5408,2.9631269204934303e-05,2.219085313126592e-05,2.5057231496437563e-05,2.633225143789762e-05
5409,2.9626941020629885e-05,2.218735401646337e-05,2.5053327479379913e-05,2.6328333767899108e-05
5410,2.962261481389277e-05,2.218385511841235e-05,2.5049412149919913e-05,2.6324397317196075e-05
5411,2.961828895506843e-05,2.218035044951726e-05,2.5045519629320914e-05,2.632049197073206e-05
5412,2.961398023861882e-05,2.2176866996794564e-05,2.5041591290206145e-05,2.631656124175731e-05
5413,2.9609658309304937e-05,2.217337930125622e-05,2.5037700360435144e-05,2.631264067550352e-05
5414,2.9605341321690975e-05,2.2169881708118965e-05,2.5033804746458686e-05,2.6308708964823134e-05
5415,2.9601032660221478e-05,2.2166391256069336e-05,2.5029896753230616e-05,2.6304817385584128e-05
5416,2.9596729230637144e-05,2.2162910442170082e-05,2.502600941733285e-05,2.630090704160873e-05
5417,2.959241469602074e-05,2.2159433542131488e-05,2.5022103328005368e-05,2.6296999304631493e-05
5418,2.958811454322097e-05,2.2155938396046856e-05,2.5018215802081906e-05,2.629308671372689e-05
5419,2.9583820673353762e-05,2.2152476946286902e-05,2.501431799237684e-05,2.628917303553427e-05
5420,2.9579513274914076e-05,2.2148981299438516e-05,2.5010445057314437e-05,2.6285272517545822e-05
5421,2.9575223246889325e-05,2.214551912856319e-05,2.500656767930472e-05,2.6281374740246647e-05
5422,2.9570926162904137e-05,2.214204028797074e-05,2.5002664909166543e-05,2.6277486092186735e-05
5423,2.9566627341510907e-05,2.2138568032584484e-05,2.4998806257453098e-05,2.6273583705768755e-05
5424,2.9562351883358754e-05,2.21351013132535e-05,2.499491309635506e-05,2.626969612850689e-05
5425,2.955806504478311e-05,2.2131624540617432e-05,2.4991049760811647e-05,2.6265804993904923e-05
5426,2.9553781206320468e-05,2.212817109257281e-05,2.4987194280612302e-05,2.6261919861557216e-05
5427,2.9549494766595808e-05,2.2124698126627627e-05,2.498331586661775e-05,2.6258016448567973e-05
5428,2.954522665072264e-05,2.2121238334651355e-05,2.4979443330268237e-05,2.6254133834389222e-05
5429,2.9540952579945264e-05,2.211779764469099e-05,2.497556377138084e-05,2.625026017950419e-05
5430,2.9536669132036007e-05,2.2114331006828147e-05,2.497169763589572e-05,2.624637558966333e-05
5431,2.9532404320791933e-05,2.2110869794771144e-05,2.4967846406684842e-05,2.624250618582639e-05
5432,2.952813155288387e-05,2.2107418140257862e-05,2.4963988285196316e-05,2.6238630832307183e-05
5433,2.9523869987311496e-05,2.2103970838273263e-05,2.4960122916741277e-05,2.623474669159065e-05
5434,2.9519605956597446e-05,2.2100520067571258e-05,2.4956273978639404e-05,2.6230889400278785e-05
5435,2.9515347816062333e-05,2.2097075951116973e-05,2.4952424164983184e-05,2.6227003695592028e-05
5436,2.9511089815958676e-05,2.209362288981055e-05,2.494858157301679e-05,2.6223142206999038e-05
5437,2.9506834087568712e-05,2.2090191559783627e-05,2.4944732829866188e-05,2.6219274151661714e-05
5438,2.9502581413156504e-05,2.208674649744172e-05,2.4940891140614055e-05,2.6215421974100697e-05
5439,2.9498329167133734e-05,2.2083317070192664e-05,2.493703757099411e-05,2.6211556665328664e-05
5440,2.949408182349504e-05,2.2079871596427678e-05,2.4933216762624143e-05,2.6207696661540476e-05
5441,2.9489843815803186e-05,2.2076453646842757e-05,2.492935733646924e-05,2.6203845383059474e-05
5442,2.948559904275664e-05,2.2073018970975395e-05,2.4925531168961276e-05,2.6199994229588186e-05
5443,2.9481351682901402e-05,2.2069591333523633e-05,2.4921698486931198e-05,2.6196145257374615e-05
5444,2.9477119532202105e-05,2.2066155928287767e-05,2.4917866027092035e-05,2.6192289272049212e-05
5445,2.9472886312613073e-05,2.206273418897883e-05,2.491403283028703e-05,2.6188445278774946e-05
5446,2.946864655798943e-05,2.205930411468295e-05,2.4910207279624034e-05,2.6184601301829616e-05
5447,2.946442066977679e-05,2.2055890562427237e-05,2.490637873531714e-05,2.6180758321717767e-05
5448,2.9460201284259228e-05,2.2052470863041827e-05,2.490256279331705e-05,2.6176922910163167e-05
5449,2.9455971766735438e-05,2.2049052962965002e-05,2.4898743312298002e-05,2.6173093720908975e-05
5450,2.9451745189890324e-05,2.204562814650544e-05,2.4894921724795636e-05,2.6169253414046715e-05
5451,2.9447528911182424e-05,2.2042226683950185e-05,2.4891107925640324e-05,2.616542448485402e-05
5452,2.944330684453001e-05,2.203881570304257e-05,2.48872823781406e-05,2.6161587751656243e-05
5453,2.9439098569641826e-05,2.2035410492905812e-05,2.4883488659067395e-05,2.6157752229805355e-05
5454,2.9434879943973907e-05,2.2031998522587273e-05,2.4879680027698466e-05,2.6153940906940796e-05
5455,2.9430667664748535e-05,2.202859430770988e-05,2.4875861241536558e-05,2.6150109752380526e-05
5456,2.942647019882721e-05,2.2025187909560128e-05,2.4872064545528687e-05,2.614628533453937e-05
5457,2.9422269595707497e-05,2.20217817010942e-05,2.486827027927151e-05,2.614247173479214e-05
5458,2.9418062977716238e-05,2.2018393481400195e-05,2.486445995463251e-05,2.6138657225351323e-05
5459,2.9413852620377544e-05,2.2014989879272378e-05,2.4860660927323476e-05,2.6134836233566595e-05
5460,2.9409660064605237e-05,2.201159979605565e-05,2.4856869899474954e-05,2.6131020609663838e-05
5461,2.9405467484210546e-05,2.2008215843041906e-05,2.485308486174305e-05,2.6127216008120027e-05
5462,2.9401268254966545e-05,2.200482413414591e-05,2.484929466991226e-05,2.6123403707727892e-05
5463,2.9397081552680956e-05,2.2001418520145228e-05,2.484549508019297e-05,2.6119614477438118e-05
5464,2.9392897343443288e-05,2.1998043688636644e-05,2.4841711651282078e-05,2.6115800226929137e-05
5465,2.9388704936598e-05,2.1994653418346465e-05,2.4837933373322353e-05,2.611199751295407e-05
5466,2.9384523440671302e-05,2.1991277629341053e-05,2.4834157124823697e-05,2.610818909659592e-05
5467,2.9380339098037173e-05,2.198789993810075e-05,2.4830369792316896e-05,2.610440116148191e-05
5468,2.9376169615771506e-05,2.198451765736332e-05,2.4826599013725082e-05,2.6100604667666453e-05
5469,2.937199450386133e-05,2.198114385305156e-05,2.4822817286133017e-05,2.609681333066631e-05
5470,2.936782966379599e-05,2.197777427489609e-05,2.481905061751504e-05,2.6093015050445254e-05
5471,2.9363649882979713e-05,2.1974395960670797e-05,2.4815279381520464e-05,2.6089237401716707e-05
5472,2.935949185281212e-05,2.197102694605152e-05,2.4811512207241465e-05,2.6085446236604368e-05
5473,2.9355318746705194e-05,2.1967658583846788e-05,2.480773776865359e-05,2.6081661311139923e-05
5474,2.9351150240337316e-05,2.196429733218955e-05,2.4803979898746963e-05,2.6077879221607925e-05
5475,2.93469983426282e-05,2.1960927771162755e-05,2.4800216988012593e-05,2.6074102638932365e-05
5476,2.9342836757147137e-05,2.1957563562581547e-05,2.4796456609165633e-05,2.607032530397155e-05
5477,2.9338685878041166e-05,2.1954202418760827e-05,2.4792695918616183e-05,2.606655198980964e-05
5478,2.933452787242662e-05,2.1950841805409805e-05,2.4788943867602685e-05,2.606278603418801e-05
5479,2.9330378005648683e-05,2.1947499250461744e-05,2.478519536309922e-05,2.6059014280348418e-05
5480,2.9326226257287164e-05,2.194413625006612e-05,2.4781443428997936e-05,2.6055244790394888e-05
5481,2.9322088748005894e-05,2.194078344594359e-05,2.4777699667518455e-05,2.6051480281424967e-05
5482,2.9317938091183757e-05,2.1937431443809756e-05,2.4773955675207144e-05,2.604771637004222e-05
5483,2.931380089747755e-05,2.1934077979212213e-05,2.477020759036812e-05,2.604394836008799e-05
5484,2.9309666042596825e-05,2.1930749167821297e-05,2.4766467884199483e-05,2.6040193384110318e-05
5485,2.930553262690172e-05,2.1927401962241807e-05,2.4762731282967654e-05,2.603642684928082e-05
5486,2.9301396018291855e-05,2.1924064972832756e-05,2.4758992093358683e-05,2.6032679812753542e-05
5487,2.929726324384117e-05,2.192071543565279e-05,2.4755250859513005e-05,2.6028923273008775e-05
5488,2.9293137543331456e-05,2.191738149277632e-05,2.4751533579067e-05,2.602516345942849e-05
5489,2.9289010878436756e-05,2.1914045932077197e-05,2.4747786189604523e-05,2.602142251145839e-05
5490,2.9284891976171933e-05,2.191070614363376e-05,2.4744063723225043e-05,2.6017673491420245e-05
5491,2.9280767663155883e-05,2.190737668963731e-05,2.4740342446171612e-05,2.601393431237748e-05
5492,2.92766484553827e-05,2.19040486331841e-05,2.473662181994214e-05,2.6010190252105736e-05
5493,2.927253385966227e-05,2.1900725488403443e-05,2.4732901782906215e-05,2.6006454074312515e-05
5494,2.926842498885346e-05,2.1897396180602187e-05,2.472917665870455e-05,2.6002702837515875e-05
5495,2.9264310443273583e-05,2.1894075375151152e-05,2.4725461625406203e-05,2.5998978655816323e-05
5496,2.92602046606701e-05,2.189075641428872e-05,2.4721741653719798e-05,2.5995246195301522e-05
5497,2.9256096379196103e-05,2.1887428942516894e-05,2.471802639456536e-05,2.599152010585147e-05
5498,2.9251993964220136e-05,2.1884108543709644e-05,2.4714324716749147e-05,2.598778838290636e-05
5499,2.9247883715774626e-05,2.188079766411169e-05,2.4710615833712888e-05,2.598405486143539e-05
5500,2.9243788388971695e-05,2.1877483628603755e-05,2.4706915184559684e-05,2.5980330636856756e-05
5501,2.9239697379872016e-05,2.187417327899442e-05,2.470319835003457e-05,2.5976602388082422e-05
5502,2.9235600560714305e-05,2.1870857565777134e-05,2.469950992825687e-05,2.5972889525105875e-05
5503,2.9231510334594667e-05,2.186755268573869e-05,2.4695809495490157e-05,2.596916558892249e-05
5504,2.922742022341074e-05,2.1864258326675663e-05,2.469211232698398e-05,2.5965452049250974e-05
5505,2.922333069081717e-05,2.1860951911515792e-05,2.468841079696239e-05,2.596174685016276e-05
5506,2.9219246673969817e-05,2.1857646155130542e-05,2.4684733221023982e-05,2.5958028567360575e-05
5507,2.9215172441682723e-05,2.1854343274663612e-05,2.4681039304835875e-05,2.5954321177849442e-05
5508,2.9211089368804568e-05,2.1851052776241888e-05,2.4677352166514098e-05,2.5950609112914547e-05
5509,2.9207015650057313e-05,2.1847754638132737e-05,2.4673660775177338e-05,2.5946910248344966e-05
5510,2.9202937883356514e-05,2.184446451622015e-05,2.4669974322127255e-05,2.594320220431028e-05
5511,2.919886063212128e-05,2.1841172931405672e-05,2.4666289396597764e-05,2.5939501438337017e-05
5512,2.919479810568105e-05,2.183787527975305e-05,2.4662618113975333e-05,2.593580181932026e-05
5513,2.9190726327812145e-05,2.183459050365297e-05,2.4658936856440292e-05,2.5932107382621897e-05
5514,2.9186660611032407e-05,2.1831305117326205e-05,2.4655264826045825e-05,2.5928408962691013e-05
5515,2.9182603865458844e-05,2.182802501176091e-05,2.465158708401239e-05,2.5924725201731557e-05
5516,2.9178544527251886e-05,2.182473959281206e-05,2.4647915395297096e-05,2.5921030405679932e-05
5517,2.9174479222104994e-05,2.1821460963479484e-05,2.4644257321265038e-05,2.5917350543208524e-05
5518,2.917043151842083e-05,2.1818186069692284e-05,2.4640586688890823e-05,2.5913658664241364e-05
5519,2.9166375493934975e-05,2.181491543148167e-05,2.463691554391581e-05,2.5909976979331567e-05
5520,2.916233116685143e-05,2.1811632423200175e-05,2.463326861325427e-05,2.5906294755923454e-05
5521,2.915827839483317e-05,2.1808364204081145e-05,2.462960419715607e-05,2.590261677576219e-05
5522,2.915423107113554e-05,2.180508460111907e-05,2.4625947128638358e-05,2.5898939860823576e-05
5523,2.9150192404377055e-05,2.1801824217945193e-05,2.4622297036264504e-05,2.5895262570583242e-05
5524,2.9146148309435498e-05,2.179855409926536e-05,2.461863281869274e-05,2.5891591785658238e-05
5525,2.914211513304863e-05,2.1795292227545778e-05,2.4614996577912697e-05,2.588792547728378e-05
5526,2.9138072982089123e-05,2.179202908421142e-05,2.4611330209378482e-05,2.58842487782153e-05
5527,2.913404178300928e-05,2.178877376429303e-05,2.4607689321535253e-05,2.5880591009834387e-05
5528,2.913001266458691e-05,2.1785511769189064e-05,2.460404716256838e-05,2.58769190898605e-05
5529,2.9125985413256415e-05,2.178225949513453e-05,2.4600402065935848e-05,2.5873255053563862e-05
5530,2.9121953431395308e-05,2.1779002010759963e-05,2.459676585628387e-05,2.5869597853531166e-05
5531,2.9117933478402204e-05,2.1775756259134096e-05,2.459312924603795e-05,2.5865938432936188e-05
5532,2.9113911548979478e-05,2.177249984656496e-05,2.4589488925606166e-05,2.5862283686663777e-05
5533,2.9109894519355423e-05,2.1769250952047663e-05,2.4585852461114518e-05,2.585863638638468e-05
5534,2.910587561527639e-05,2.1766008355093294e-05,2.458223258504829e-05,2.5854983873999636e-05
5535,2.910186288103417e-05,2.176275969040199e-05,2.457859342935803e-05,2.5851325954202808e-05
5536,2.909785372356681e-05,2.1759515973071753e-05,2.4574969632911136e-05,2.584767674790518e-05
5537,2.9093834264534233e-05,2.175627570039409e-05,2.457134941672155e-05,2.584403943159288e-05
5538,2.908982574590469e-05,2.1753042235006484e-05,2.4567722418865293e-05,2.584038893035718e-05
5539,2.9085827862155917e-05,2.174981236902599e-05,2.4564100914465512e-05,2.583675046258583e-05
5540,2.908182525709144e-05,2.174656997651182e-05,2.4560481604228792e-05,2.583311630347453e-05
5541,2.907782595963086e-05,2.174333310105633e-05,2.4556859883967348e-05,2.5829479362211295e-05
5542,2.907382951656662e-05,2.1740102709508198e-05,2.4553251483237294e-05,2.582584142675667e-05
5543,2.906983643918462e-05,2.1736877496973846e-05,2.4549636827492444e-05,2.5822205103212715e-05
5544,2.9065838187501252e-05,2.173364731866448e-05,2.4546028674073297e-05,2.5818582098172167e-05
5545,2.906184666718406e-05,2.173042217427116e-05,2.4542423275619615e-05,2.5814946685635256e-05
5546,2.90578660183267e-05,2.172720564430008e-05,2.453882045061309e-05,2.5811331511147107e-05
5547,2.9053876176336045e-05,2.17239792291701e-05,2.4535218558135404e-05,2.580769848201981e-05
5548,2.9049893108718714e-05,2.172076028405235e-05,2.453162107999839e-05,2.5804080909223307e-05
5549,2.9045912856388865e-05,2.1717540778556313e-05,2.4528011443640767e-05,2.5800465952488745e-05
5550,2.9041926595144243e-05,2.1714319510872545e-05,2.4524416969375214e-05,2.5796845385390094e-05
5551,2.9037952957012892e-05,2.171112188300436e-05,2.452082324882969e-05,2.579322975174211e-05
5552,2.9033982999006458e-05,2.170790497188926e-05,2.451722793173297e-05,2.5789616751183934e-05
5553,2.903001672199076e-05,2.1704698519663346e-05,2.4513641303315364e-05,2.578600430238772e-05
5554,2.9026038326991635e-05,2.1701487337320846e-05,2.4510051869970932e-05,2.5782399066955213e-05
5555,2.9022077052995184e-05,2.1698289699390827e-05,2.4506474474472297e-05,2.5778790409499292e-05
5556,2.9018110070830467e-05,2.1695084605300943e-05,2.4502885838183392e-05,2.577518530786922e-05
5557,2.9014150496441596e-05,2.16918755258493e-05,2.449930608110253e-05,2.5771584996302425e-05
5558,2.9010193008907286e-05,2.1688681656632517e-05,2.4495721631477476e-05,2.576797804034876e-05
5559,2.9006230238406573e-05,2.1685473567719842e-05,2.4492152678987873e-05,2.5764387671274503e-05
5560,2.9002280257900462e-05,2.168228512917784e-05,2.4488577387589932e-05,2.5760788077082132e-05
5561,2.899832682170082e-05,2.1679089528882047e-05,2.4484995204813027e-05,2.575719495417595e-05
5562,2.8994373512948663e-05,2.167589992271006e-05,2.4481426498991914e-05,2.5753590540470835e-05
5563,2.899042515803003e-05,2.1672700983495485e-05,2.4477856365364316e-05,2.575000446147837e-05
5564,2.8986483326556227e-05,2.1669520265304107e-05,2.4474295507038168e-05,2.5746417914685456e-05
5565,2.8982537195857504e-05,2.1666328953816188e-05,2.4470723921953857e-05,2.5742830288682912e-05
5566,2.8978599161028795e-05,2.1663145796416466e-05,2.4467159131440265e-05,2.573924617270047e-05
5567,2.89746593754521e-05,2.1659972067514895e-05,2.4463599589996627e-05,2.5735671648579188e-05
5568,2.897072133644951e-05,2.1656794403229576e-05,2.446003578085623e-05,2.573209546797126e-05
5569,2.8966789245049015e-05,2.1653614617655748e-05,2.445648161480209e-05,2.5728504593784828e-05
5570,2.8962856645105788e-05,2.1650431942663292e-05,2.4452931623902052e-05,2.572493896638577e-05
5571,2.8958924009281764e-05,2.1647264199065818e-05,2.4449384675968887e-05,2.5721356901219485e-05
5572,2.8955003259974193e-05,2.1644086006813076e-05,2.4445828460273206e-05,2.571778953752677e-05
5573,2.8951075608741854e-05,2.1640911952499684e-05,2.44422870000019e-05,2.5714223505980154e-05
5574,2.8947154799211267e-05,2.1637747420635863e-05,2.443873909844025e-05,2.5710653158079068e-05
5575,2.8943235382028827e-05,2.1634584833783008e-05,2.4435192280684554e-05,2.5707088101335204e-05
5576,2.8939319479274546e-05,2.1631414501947865e-05,2.4431650578652982e-05,2.570352245475168e-05
5577,2.8935402914011898e-05,2.1628252571310367e-05,2.4428119359253517e-05,2.5699958553950284e-05
5578,2.893149022462788e-05,2.162508787559439e-05,2.4424575871912773e-05,2.569640107302446e-05
5579,2.892757712737223e-05,2.1621926750867838e-05,2.4421037066637264e-05,2.5692839460839814e-05
5580,2.8923671177994697e-05,2.1618775964125923e-05,2.441751146353744e-05,2.5689295460436042e-05
5581,2.8919769125897833e-05,2.1615613749116087e-05,2.4413978083425725e-05,2.5685743175303854e-05
5582,2.8915865164629533e-05,2.161247267919572e-05,2.4410448219548836e-05,2.5682189002671182e-05
5583,2.8911965027307286e-05,2.160931277222134e-05,2.440691849997411e-05,2.5678644320228597e-05
5584,2.8908064613453224e-05,2.1606167843352812e-05,2.440340355425323e-05,2.5675091318773934e-05
5585,2.8904166592966272e-05,2.160301740817145e-05,2.4399877732510874e-05,2.5671552175774707e-05
5586,2.890027489089072e-05,2.1599864195100156e-05,2.4396353069201535e-05,2.5668008904634617e-05
5587,2.8896379469542485e-05,2.1596731277124936e-05,2.4392834938517196e-05,2.5664466821692522e-05
5588,2.889249350391384e-05,2.1593584409257452e-05,2.4389321179075987e-05,2.566092900539668e-05
5589,2.888860805841287e-05,2.1590441763576127e-05,2.4385802924897296e-05,2.5657392911876725e-05
5590,2.88847224983827e-05,2.158730750054269e-05,2.4382293169981128e-05,2.5653855612435692e-05
5591,2.8880838350585633e-05,2.158417137508304e-05,2.437878688708879e-05,2.565032356671462e-05
5592,2.8876956349198722e-05,2.1581038890521133e-05,2.4375284544212654e-05,2.5646795070680792e-05
5593,2.8873079568378138e-05,2.1577903945702362e-05,2.437177838716593e-05,2.5643274383467104e-05
5594,2.8869205823227966e-05,2.1574774325635455e-05,2.4368273773994585e-05,2.5639747589295644e-05
5595,2.8865333663609382e-05,2.157164583943169e-05,2.4364767484806325e-05,2.563622470856799e-05
5596,2.8861460131143352e-05,2.1568520289719878e-05,2.436127331845073e-05,2.563270067346417e-05
5597,2.885759827491514e-05,2.1565392820556388e-05,2.4357767819576214e-05,2.5629177512796462e-05
5598,2.8853727334309967e-05,2.1562266589977447e-05,2.4354277724330662e-05,2.5625660359020547e-05
5599,2.884986428438154e-05,2.1559147637357348e-05,2.4350787870947173e-05,2.5622142187409368e-05
5600,2.8846002001080648e-05,2.1556023706042034e-05,2.434728898384655e-05,2.5618633880098782e-05
5601,2.884214308414247e-05,2.1552917134686016e-05,2.434380212445403e-05,2.5615119754242463e-05
5602,2.8838287221719404e-05,2.1549792730997202e-05,2.434031526748096e-05,2.561161500586173e-05
5603,2.883443109844134e-05,2.154667925968031e-05,2.4336832496674758e-05,2.560810345295141e-05
5604,2.883057395465793e-05,2.154356991755937e-05,2.4333343041298003e-05,2.5604599530963036e-05
5605,2.8826731313437967e-05,2.1540462062161143e-05,2.4329870044555563e-05,2.560109399025037e-05
5606,2.8822882921009243e-05,2.1537350099496584e-05,2.4326397897157277e-05,2.5597592933932068e-05
5607,2.881903529757229e-05,2.153424939138398e-05,2.4322908512315883e-05,2.559409837616029e-05
5608,2.881519092151307e-05,2.1531137747854794e-05,2.431943539405876e-05,2.5590594642734688e-05
5609,2.88113499889522e-05,2.152803540480542e-05,2.4315966816363903e-05,2.558710961691186e-05
5610,2.880751328069976e-05,2.1524933244142825e-05,2.431249401067297e-05,2.5583608086171317e-05
5611,2.8803680090024134e-05,2.1521847293385314e-05,2.4309023502339425e-05,2.558011536657487e-05
5612,2.87998413663167e-05,2.15187409121276e-05,2.430555909073209e-05,2.557663376945601e-05
5613,2.8796014243037793e-05,2.151564655535407e-05,2.4302098343849413e-05,2.5573145910735016e-05
5614,2.879218152955164e-05,2.1512552943877243e-05,2.4298640166505445e-05,2.556965477011921e-05
5615,2.8788356322180464e-05,2.1509463306974407e-05,2.4295177161853367e-05,2.5566173492084098e-05
5616,2.878453398564181e-05,2.1506374013503078e-05,2.42917195951326e-05,2.5562696754351176e-05
5617,2.878070848358362e-05,2.1503286682998393e-05,2.4288261772498662e-05,2.5559215934105117e-05
5618,2.8776888139081905e-05,2.1500198893281535e-05,2.428480725939929e-05,2.5555739346831565e-05
5619,2.8773069570301296e-05,2.1497113260676744e-05,2.4281359711175404e-05,2.5552261659843737e-05
5620,2.8769252468380134e-05,2.1494026701675818e-05,2.4277908350250877e-05,2.5548790954031817e-05
5621,2.87654438865001e-05,2.149095585459326e-05,2.427445862673222e-05,2.5545319866119628e-05
5622,2.8761630902680472e-05,2.148788043148647e-05,2.427101633682673e-05,2.554185086619102e-05
5623,2.8757823543566962e-05,2.1484797722392628e-05,2.4267566361302058e-05,2.5538385202526457e-05
5624,2.8754013465398494e-05,2.1481725146460795e-05,2.4264128272684124e-05,2.5534924980733843e-05
5625,2.8750211598870594e-05,2.147865337395155e-05,2.42606928922311e-05,2.5531459090614828e-05
5626,2.8746406275875076e-05,2.1475580232261577e-05,2.42572582522715e-05,2.552800207396584e-05
5627,2.8742610861875623e-05,2.14725122035205e-05,2.425381963333889e-05,2.5524541127896268e-05
5628,2.873881420245342e-05,2.146944519194192e-05,2.4250391044211545e-05,2.552108771100918e-05
5629,2.8735013713686808e-05,2.1466382233332992e-05,2.4246961803558063e-05,2.5517633317882278e-05
5630,2.873122462340981e-05,2.146332118751155e-05,2.42435279284462e-05,2.5514180495883952e-05
5631,2.8727427794825004e-05,2.146025805974083e-05,2.4240101890080525e-05,2.551072774254979e-05
5632,2.8723641610467642e-05,2.1457196610960055e-05,2.4236678753612604e-05,2.550728239675052e-05
5633,2.8719856096390773e-05,2.1454136756874174e-05,2.423325308576978e-05,2.5503829849713106e-05
5634,2.871607640927878e-05,2.145108275548854e-05,2.422983593505636e-05,2.550039078276396e-05
5635,2.8712296204175193e-05,2.14480297116713e-05,2.422641498850652e-05,2.5496946891806227e-05
5636,2.8708513114350153e-05,2.144497824629336e-05,2.4222995414215023e-05,2.5493510400583036e-05
5637,2.870473791108183e-05,2.144192938342925e-05,2.4219584673101878e-05,2.5490070622828676e-05
5638,2.8700963526413498e-05,2.143888024510625e-05,2.4216169943418953e-05,2.5486635868414658e-05
5639,2.8697187590127652e-05,2.1435833543880478e-05,2.4212762903846976e-05,2.548320067260879e-05
5640,2.86934195391791e-05,2.1432782065450293e-05,2.4209352950970955e-05,2.5479761362981868e-05
5641,2.8689649386185266e-05,2.1429743551196225e-05,2.4205946111871918e-05,2.547634005421969e-05
5642,2.8685886397425505e-05,2.1426709034881234e-05,2.4202542570849204e-05,2.5472914036005425e-05
5643,2.8682125813519566e-05,2.1423663425243447e-05,2.4199139037416078e-05,2.546948919983387e-05
5644,2.8678362492362013e-05,2.1420626056872317e-05,2.419573270438784e-05,2.546606081696364e-05
5645,2.867460210693554e-05,2.1417589299024057e-05,2.419233946121468e-05,2.5462634904228815e-05
5646,2.8670846142079927e-05,2.141455930399073e-05,2.41889477621008e-05,2.545922032977846e-05
5647,2.8667090839457828e-05,2.141151829013533e-05,2.4185547677729458e-05,2.5455801300134562e-05
5648,2.8663339085153524e-05,2.1408498658802173e-05,2.418215633958096e-05,2.5452381810503098e-05
5649,2.865958708600758e-05,2.140546447876706e-05,2.417877169736693e-05,2.544897478234632e-05
5650,2.865583790088474e-05,2.1402442148011515e-05,2.417538050344484e-05,2.5445555865413745e-05
5651,2.8652096564412153e-05,2.1399417555070106e-05,2.4171993041465735e-05,2.544214426957053e-05
5652,2.8648355291875487e-05,2.1396391798626498e-05,2.416861154141504e-05,2.5438738245994375e-05
5653,2.8644610447623025e-05,2.1393373563257066e-05,2.4165226480451306e-05,2.5435333664567838e-05
5654,2.8640869725914043e-05,2.1390354418168726e-05,2.4161850376343067e-05,2.543193032751741e-05
5655,2.86371352960114e-05,2.1387331494364274e-05,2.4158464020315605e-05,2.542853026019753e-05
5656,2.8633404844641706e-05,2.1384318446310568e-05,2.415508978019313e-05,2.542512583824048e-05
5657,2.862967084798995e-05,2.1381306451616817e-05,2.4151718953196906e-05,2.5421723570926604e-05
5658,2.862594059271272e-05,2.137829187248526e-05,2.4148351358142064e-05,2.5418333144915096e-05
5659,2.862221395823458e-05,2.1375287232250267e-05,2.4144977038963794e-05,2.5414937195486216e-05
5660,2.8618491714649676e-05,2.137227335995274e-05,2.414161005966897e-05,2.541154669091454e-05
5661,2.8614763806082033e-05,2.136926720680841e-05,2.413823561189129e-05,2.5408155724282446e-05
5662,2.8611043008779702e-05,2.136626507039361e-05,2.413487675656647e-05,2.5404768539262073e-05
5663,2.8607326845000886e-05,2.1363261723462474e-05,2.4131524935599522e-05,2.5401382894559344e-05
5664,2.8603611593441845e-05,2.1360266153437904e-05,2.4128153471970036e-05,2.5397994545775674e-05
5665,2.859989533261531e-05,2.1357264374376702e-05,2.412480383401617e-05,2.539461420223272e-05
5666,2.8596185230927542e-05,2.1354269207765274e-05,2.412143790535956e-05,2.5391233600347783e-05
5667,2.8592474114937533e-05,2.1351269788003992e-05,2.4118090008799257e-05,2.5387855489755143e-05
5668,2.858876328319449e-05,2.1348276107211082e-05,2.4114741367587498e-05,2.5384480070168287e-05
5669,2.8585062848423848e-05,2.1345281018366424e-05,2.4111386491838374e-05,2.5381100771059323e-05
5670,2.8581356914166055e-05,2.1342297417843425e-05,2.4108038742417078e-05,2.537773388725603e-05
5671,2.857765565351695e-05,2.1339303589149303e-05,2.410469440052293e-05,2.5374358513713052e-05
5672,2.8573958084916625e-05,2.1336323501211927e-05,2.410135543648742e-05,2.537099537660049e-05
5673,2.85702624168202e-05,2.1333340188415266e-05,2.409801251497977e-05,2.536762593343871e-05
5674,2.856656600372492e-05,2.1330353629315623e-05,2.409467414490705e-05,2.5364259917461282e-05
5675,2.8562875806593564e-05,2.1327374667630092e-05,2.4091333090237467e-05,2.536090391462197e-05
5676,2.8559185964443906e-05,2.13243933270325e-05,2.4087998623429007e-05,2.535753607465815e-05
5677,2.8555502549062786e-05,2.13214140183917e-05,2.4084665800008345e-05,2.535417937624064e-05
5678,2.8551814690140644e-05,2.1318438548981216e-05,2.4081331359458568e-05,2.5350824053397025e-05
5679,2.8548128866293855e-05,2.1315466931381094e-05,2.4077999704505796e-05,2.5347464122631125e-05
5680,2.854444870746618e-05,2.1312499440038695e-05,2.4074677142468975e-05,2.5344117952011087e-05
5681,2.8540767984230922e-05,2.1309525935544e-05,2.4071349362383814e-05,2.5340761701657323e-05
5682,2.8537092457224373e-05,2.1306555192986435e-05,2.4068026059699223e-05,2.5337415832293666e-05
5683,2.853342060091974e-05,2.130358995492728e-05,2.4064703349125265e-05,2.5334072641959873e-05
5684,2.8529748550494478e-05,2.130063277483583e-05,2.4061383963510904e-05,2.5330727026530087e-05
5685,2.8526076744080316e-05,2.1297664767949414e-05,2.4058065997622307e-05,2.5327382650880935e-05
5686,2.8522411098079615e-05,2.1294703258939022e-05,2.4054753260697534e-05,2.532403951532813e-05
5687,2.8518745560244767e-05,2.1291743763144026e-05,2.405143607552458e-05,2.532070210164917e-05
5688,2.8515080570729166e-05,2.1288786736932725e-05,2.4048124574159823e-05,2.5317364195125783e-05
5689,2.8511420815832954e-05,2.128582859860723e-05,2.404481634128445e-05,2.5314033113999195e-05
5690,2.8507762565366917e-05,2.1282874066217937e-05,2.4041508440398157e-05,2.531069959884967e-05
5691,2.850410495236707e-05,2.127992427585753e-05,2.4038200543043732e-05,2.5307368283857847e-05
5692,2.850045423978612e-05,2.1276979705239526e-05,2.4034895386014448e-05,2.530404216042229e-05
5693,2.8496802307485266e-05,2.1274028587785012e-05,2.4031597930197556e-05,2.530070792536866e-05
5694,2.8493152752342892e-05,2.1271081077932867e-05,2.4028298880389318e-05,2.52973801894477e-05
5695,2.8489502828619387e-05,2.1268133433030406e-05,2.4024999625233377e-05,2.5294061899628627e-05
5696,2.848585755497136e-05,2.1265195508336324e-05,2.4021702092484586e-05,2.5290743621277663e-05
5697,2.8482213381112997e-05,2.1262251120014713e-05,2.4018409841284607e-05,2.5287416640828273e-05
5698,2.8478573742602375e-05,2.125930815960026e-05,2.4015118865365345e-05,2.5284101153308383e-05
5699,2.847493187045578e-05,2.12563733986398e-05,2.401183077374216e-05,2.528078991978625e-05
5700,2.8471296606777258e-05,2.125343732074899e-05,2.4008538696284538e-05,2.5277470315522793e-05
5701,2.8467659778149707e-05,2.1250505435183742e-05,2.4005252890466856e-05,2.5274163750828217e-05
5702,2.8464032428749675e-05,2.124756506545497e-05,2.400196514723448e-05,2.5270854286586113e-05
5703,2.846040012887588e-05,2.1244635725634358e-05,2.3998684510341278e-05,2.5267541321368786e-05
5704,2.8456769767956943e-05,2.1241712334122866e-05,2.399540616085638e-05,2.526423750491829e-05
5705,2.8453145110279316e-05,2.1238783750939564e-05,2.399212911430146e-05,2.526093940806904e-05
5706,2.8449523663136147e-05,2.1235854306606495e-05,2.3988851771524133e-05,2.525762873811292e-05
5707,2.844590016296541e-05,2.123293437008029e-05,2.3985573271351825e-05,2.5254334765378283e-05
5708,2.844228060579131e-05,2.123001326405569e-05,2.3982309454158934e-05,2.5251038376151343e-05
5709,2.8438664136714754e-05,2.1227091370193518e-05,2.39790351412865e-05,2.5247738088025845e-05
5710,2.8435048302595774e-05,2.1224177691881905e-05,2.397576808614606e-05,2.5244444145432774e-05
5711,2.843143580532841e-05,2.1221257973415137e-05,2.397250081136668e-05,2.5241153760899467e-05
5712,2.8427824954007128e-05,2.1218345715576567e-05,2.39692361354994e-05,2.5237862538287124e-05
5713,2.842421613787191e-05,2.12154312892713e-05,2.3965974905744422e-05,2.5234575982923407e-05
5714,2.8420611094671558e-05,2.1212523259283033e-05,2.3962715212767952e-05,2.523128841170265e-05
5715,2.8417007258569196e-05,2.1209611403092938e-05,2.3959458769284476e-05,2.5228000150165223e-05
5716,2.841340774620843e-05,2.1206702053599446e-05,2.395620156074786e-05,2.5224722381418248e-05
5717,2.8409806445512805e-05,2.1203796031053093e-05,2.3952946726043433e-05,2.522144416858381e-05
5718,2.840620562861143e-05,2.1200890709883617e-05,2.394969289690555e-05,2.5218161309001246e-05
5719,2.8402612953726567e-05,2.1197988871546003e-05,2.3946445186977568e-05,2.5214887615690095e-05
5720,2.839902139792506e-05,2.1195085701456703e-05,2.394319100065437e-05,2.521161420114915e-05
5721,2.8395426130169025e-05,2.1192191007599426e-05,2.3939947282533267e-05,2.520833340574972e-05
5722,2.8391839440793728e-05,2.1189295718284397e-05,2.393670421969365e-05,2.5205061216286374e-05
5723,2.8388251417748328e-05,2.118640015602468e-05,2.3933460087135327e-05,2.520179510697458e-05
5724,2.838466704421083e-05,2.118350500369299e-05,2.3930221854900068e-05,2.5198533387573094e-05
5725,2.8381085288484477e-05,2.1180616995533905e-05,2.392698028882716e-05,2.5195263664634453e-05
5726,2.8377507193392675e-05,2.117772752664472e-05,2.3923748302352843e-05,2.519200547699387e-05
5727,2.837392621920357e-05,2.117483767843819e-05,2.3920509455310056e-05,2.518874175867976e-05
5728,2.8370351853827823e-05,2.117194614369768e-05,2.3917277017194978e-05,2.518548123712862e-05
5729,2.8366775955969183e-05,2.116906550000783e-05,2.3914044756682744e-05,2.5182223600433098e-05
5730,2.8363205639682717e-05,2.1166180151972167e-05,2.391081552599901e-05,2.5178967138435813e-05
5731,2.83596331613701e-05,2.1163300282348842e-05,2.390758948159936e-05,2.517571458319288e-05
5732,2.8356070205211498e-05,2.1160419843876272e-05,2.3904365874517606e-05,2.517246384168039e-05
5733,2.835250549242141e-05,2.115754480160991e-05,2.3901135477643407e-05,2.5169215067565335e-05
5734,2.834893872062945e-05,2.1154665685783505e-05,2.3897920050577762e-05,2.5165963542204192e-05
5735,2.834538031544056e-05,2.1151794547078096e-05,2.3894698431408854e-05,2.516271859449718e-05
5736,2.834182174096799e-05,2.114892169578295e-05,2.3891481436675667e-05,2.515947325251364e-05
5737,2.8338263794487755e-05,2.1146052562476365e-05,2.388826395420275e-05,2.5156230194966754e-05
5738,2.8334712491631415e-05,2.114318002954913e-05,2.388505391477045e-05,2.5152994455673766e-05
5739,2.8331157986082184e-05,2.11403128414848e-05,2.3881842591975955e-05,2.514975611130297e-05
5740,2.832760906384182e-05,2.1137447137968264e-05,2.38786222568028e-05,2.514651940916135e-05
5741,2.8324056636409604e-05,2.1134584504594442e-05,2.3875423478840845e-05,2.5143280926776616e-05
5742,2.832051163986209e-05,2.1131723235703685e-05,2.3872216429710885e-05,2.5140048423701033e-05
5743,2.8316971085560473e-05,2.112886347316858e-05,2.3869015455458068e-05,2.5136819936781338e-05
5744,2.8313427519264525e-05,2.11260040307106e-05,2.3865810116301363e-05,2.5133589561250488e-05
5745,2.830988528563416e-05,2.112314977680179e-05,2.3862610856400805e-05,2.5130364421727937e-05
5746,2.8306350951610773e-05,2.1120293132784042e-05,2.3859411982018056e-05,2.5127136320496146e-05
5747,2.8302814440954874e-05,2.1117440297886917e-05,2.3856217486566337e-05,2.5123912825937867e-05
5748,2.8299282043305077e-05,2.1114586425844484e-05,2.3853021589177298e-05,2.5120690056280045e-05
5749,2.8295754167606274e-05,2.111173722666878e-05,2.3849830146024552e-05,2.511747429318267e-05
5750,2.8292223541416358e-05,2.1108891065449215e-05,2.3846641679403946e-05,2.5114255239635095e-05
5751,2.8288695887392128e-05,2.1106043327800207e-05,2.3843451163317136e-05,2.511103821035037e-05
5752,2.828517286990829e-05,2.1103200592214776e-05,2.384026191182274e-05,2.510782300199525e-05
5753,2.8281651090914096e-05,2.110035782537232e-05,2.3837081139698356e-05,2.510461159358813e-05
5754,2.827813143223852e-05,2.1097518954211504e-05,2.383389741679436e-05,2.51014030546335e-05
5755,2.827460955904128e-05,2.10946795845859e-05,2.3830718053783314e-05,2.5098193026688416e-05
5756,2.827109538406629e-05,2.109184198699765e-05,2.3827537961065652e-05,2.5094989702289117e-05
5757,2.826758299977887e-05,2.1089005902513193e-05,2.382436370162496e-05,2.5091787757939393e-05
5758,2.826406748937034e-05,2.1086169648658485e-05,2.3821187069176753e-05,2.5088583619375156e-05
5759,2.8260560065265023e-05,2.108333750166738e-05,2.381801129706718e-05,2.5085379769645013e-05
5760,2.8257051823779908e-05,2.108050793892291e-05,2.381484189293185e-05,2.5082185675062695e-05
5761,2.8253548848567342e-05,2.1077682415087727e-05,2.381167174832964e-05,2.5078989248734506e-05
5762,2.825004256063249e-05,2.107485025043773e-05,2.3808501060149744e-05,2.5075790978083175e-05
5763,2.824654250675991e-05,2.1072024435846207e-05,2.3805339223816165e-05,2.5072597914928716e-05
5764,2.8243043671237464e-05,2.106920198164478e-05,2.3802175236617043e-05,2.5069408772060844e-05
5765,2.8239546965096017e-05,2.1066382253502412e-05,2.379901283091229e-05,2.506621677782412e-05
5766,2.8236050384203918e-05,2.1063560090618746e-05,2.3795855288147606e-05,2.5063032794369187e-05
5767,2.82325597227916e-05,2.1060736149265815e-05,2.379269235244535e-05,2.5059845678470846e-05
5768,2.822906643820159e-05,2.105792200129558e-05,2.3789542418463815e-05,2.505666111989234e-05
5769,2.8225580529891992e-05,2.1055108479889704e-05,2.3786390462155575e-05,2.5053478893551952e-05
5770,2.8222095188624017e-05,2.1052295368443884e-05,2.3783235132637206e-05,2.5050301166215748e-05
5771,2.821860955716478e-05,2.1049480908469817e-05,2.3780083656597877e-05,2.5047123186339766e-05
5772,2.8215126591635073e-05,2.1046672349992438e-05,2.3776936278657622e-05,2.5043944142191437e-05
5773,2.8211648577465068e-05,2.1043864054917854e-05,2.3773787426919856e-05,2.504076977446559e-05
5774,2.8208171728894873e-05,2.1041053118714e-05,2.377064531615316e-05,2.5037598352086002e-05
5775,2.820469317643811e-05,2.1038253753530796e-05,2.3767502591670472e-05,2.5034429948096976e-05
5776,2.8201219837515914e-05,2.1035450286064695e-05,2.3764361232780462e-05,2.503126173703418e-05
5777,2.8197750611233794e-05,2.1032647246908015e-05,2.3761221717518025e-05,2.502809540199658e-05
5778,2.819428056088131e-05,2.1029849234959916e-05,2.3758084917316402e-05,2.5024930400176637e-05
5779,2.8190809902821416e-05,2.102705020318521e-05,2.3754949968131397e-05,2.5021766842582123e-05
5780,2.8187346184526307e-05,2.1024251543194156e-05,2.3751817619081726e-05,2.5018603211382377e-05
5781,2.8183885291405594e-05,2.1021459770122152e-05,2.3748689405390905e-05,2.5015443558793533e-05
5782,2.8180422761578296e-05,2.101866386036593e-05,2.3745556707744577e-05,2.5012286697841737e-05
5783,2.817696439198984e-05,2.1015874729886724e-05,2.3742427123963636e-05,2.500913225308597e-05
5784,2.8173506870756802e-05,2.1013085737475723e-05,2.3739300357172142e-05,2.5005980447445252e-05
5785,2.8170052566643902e-05,2.1010297677168807e-05,2.3736180819837372e-05,2.50028280737677e-05
5786,2.816660013227076e-05,2.1007511554216637e-05,2.373305715324825e-05,2.49996754199183e-05
5787,2.8163148460627795e-05,2.1004729164519855e-05,2.3729937222694085e-05,2.4996529035454193e-05
5788,2.8159701910553286e-05,2.100194678187698e-05,2.3726816356738576e-05,2.4993379761839633e-05
5789,2.815625207051268e-05,2.099916140548239e-05,2.37237047621045e-05,2.499023714877242e-05
5790,2.8152809457957095e-05,2.099638741841566e-05,2.3720591137185144e-05,2.4987094871055266e-05
5791,2.8149368757386393e-05,2.0993605784974735e-05,2.371747687545818e-05,2.4983956061758713e-05
5792,2.8145927399269422e-05,2.099083172310472e-05,2.3714367369747728e-05,2.4980813841147202e-05
5793,2.8142489001493733e-05,2.098805777648258e-05,2.3711256882944844e-05,2.4977677852485976e-05
5794,2.8139051391190338e-05,2.0985282722828404e-05,2.3708153836293893e-05,2.4974542286260515e-05
5795,2.813561818649289e-05,2.0982514424110426e-05,2.3705045963086386e-05,2.497140962918021e-05
5796,2.813218679175893e-05,2.0979746605930054e-05,2.3701947611010773e-05,2.4968278641135632e-05
5797,2.812875801153965e-05,2.097697636556587e-05,2.3698844850726395e-05,2.4965152972006155e-05
5798,2.812533122628707e-05,2.0974210452689204e-05,2.3695745208292927e-05,2.4962025498564126e-05
5799,2.8121904227806218e-05,2.0971445096641916e-05,2.369264489077113e-05,2.4958897687709375e-05
5800,2.811848207188198e-05,2.0968684192205302e-05,2.3689551159978466e-05,2.4955770739738715e-05
5801,2.811506029731332e-05,2.096592171031698e-05,2.36864580664399e-05,2.4952648283224385e-05
5802,2.811163981738248e-05,2.096316392684516e-05,2.3683365058335923e-05,2.4949529084146755e-05
5803,2.8108224776595695e-05,2.0960406713324022e-05,2.368027744356744e-05,2.4946408445684784e-05
5804,2.810480898063513e-05,2.095765235689075e-05,2.3677186828937074e-05,2.4943293220570595e-05
5805,2.810139574647809e-05,2.0954896854573415e-05,2.3674101934177168e-05,2.494018122647095e-05
5806,2.8097984235314085e-05,2.095214526277572e-05,2.3671017328124806e-05,2.493706534720967e-05
5807,2.8094575692775913e-05,2.0949394809834997e-05,2.3667935905821994e-05,2.493395814575134e-05
5808,2.8091168041210784e-05,2.094664949933062e-05,2.3664856299222135e-05,2.4930842859690337e-05
5809,2.8087764351396196e-05,2.0943899223723226e-05,2.3661777091346664e-05,2.49277383382593e-05
5810,2.8084361191150835e-05,2.094115387499512e-05,2.3658699954083117e-05,2.492463086393526e-05
5811,2.8080960991273065e-05,2.093841075141142e-05,2.3655624303814276e-05,2.4921529626971183e-05
5812,2.807756114400074e-05,2.093566979275052e-05,2.365255263777449e-05,2.4918431506981664e-05
5813,2.8074164631004998e-05,2.0932927093755236e-05,2.3649481791102317e-05,2.4915327120459407e-05
5814,2.807077153196782e-05,2.0930188198910836e-05,2.364641246712569e-05,2.4912227634373978e-05
5815,2.806737827952111e-05,2.0927450944783493e-05,2.364334500091193e-05,2.4909132228538098e-05
5816,2.806398767574084e-05,2.0924718477500884e-05,2.3640277819877886e-05,2.490603774329336e-05
5817,2.8060598316165844e-05,2.092198453892475e-05,2.3637215091713792e-05,2.490294436986749e-05
5818,2.805721394566603e-05,2.091925238057133e-05,2.36341545299752e-05,2.489985436786532e-05
5819,2.805382868326764e-05,2.0916520639035655e-05,2.3631092062036154e-05,2.4896764300241487e-05
5820,2.80504475002924e-05,2.0913790610739343e-05,2.3628035065047445e-05,2.489367832779188e-05
5821,2.804706707057706e-05,2.0911064019612782e-05,2.3624980343033094e-05,2.4890590865937026e-05
5822,2.8043689016735e-05,2.090833926286117e-05,2.3621922293173155e-05,2.4887508199152906e-05
5823,2.8040314069739114e-05,2.090561519403533e-05,2.3618869385980683e-05,2.4884429268603652e-05
5824,2.803693980018737e-05,2.0902895936770893e-05,2.3615820682531156e-05,2.4881346491497547e-05
5825,2.8033564746623653e-05,2.0900173009557276e-05,2.3612771260639593e-05,2.4878268176312244e-05
5826,2.8030197578204066e-05,2.0897453349678124e-05,2.3609724963172427e-05,2.4875192365762356e-05
5827,2.8026831401602995e-05,2.0894738559310555e-05,2.3606680107270882e-05,2.487211817916419e-05
5828,2.802346556264448e-05,2.089202303028749e-05,2.360363616651034e-05,2.4869044252178587e-05
5829,2.8020099640268292e-05,2.088930953058312e-05,2.3600595939542943e-05,2.4865972260141594e-05
5830,2.8016738651310023e-05,2.0886597336132566e-05,2.3597556120618493e-05,2.4862904240131323e-05
5831,2.8013379845106423e-05,2.0883886954780722e-05,2.3594516328416818e-05,2.4859838114630713e-05
5832,2.8010021400626837e-05,2.088117556529116e-05,2.3591480495609197e-05,2.485677260989026e-05
5833,2.8006670017413095e-05,2.087846786355906e-05,2.3588448563469292e-05,2.4853706891854667e-05
5834,2.800331534680376e-05,2.0875765487540792e-05,2.358541774515612e-05,2.485064580207971e-05
5835,2.799996294640181e-05,2.0873060989972243e-05,2.358238589046555e-05,2.4847587005813126e-05
5836,2.7996616011295794e-05,2.0870360889072432e-05,2.357935614553961e-05,2.484452837867142e-05
5837,2.7993267337375166e-05,2.0867659239079055e-05,2.357633013727992e-05,2.4841470405063126e-05
5838,2.7989921788632992e-05,2.086495990355995e-05,2.357330228848385e-05,2.4838415482978685e-05
5839,2.79865762831895e-05,2.0862262241513323e-05,2.3570283152352015e-05,2.4835362788744896e-05
5840,2.798323792567557e-05,2.0859568847790003e-05,2.356726070996589e-05,2.483231241683192e-05
5841,2.7979898778471838e-05,2.0856875414757663e-05,2.3564244512832253e-05,2.4829262872040367e-05
5842,2.797656101425007e-05,2.085418148486431e-05,2.3561223293013054e-05,2.4826215535793595e-05
5843,2.7973226695796166e-05,2.085149330088353e-05,2.3558209545505978e-05,2.482317111923333e-05
5844,2.796989373920482e-05,2.0848802933608634e-05,2.35551953321683e-05,2.4820127032937435e-05
5845,2.796656236671839e-05,2.0846115056296057e-05,2.3552185091788824e-05,2.481708561630791e-05
5846,2.7963232660652913e-05,2.0843430509280152e-05,2.3549172402061405e-05,2.4814045818804188e-05
5847,2.7959906692549523e-05,2.0840744555942918e-05,2.3546162490403353e-05,2.481100662923976e-05
5848,2.7956582349726145e-05,2.0838064093480976e-05,2.3543157323506295e-05,2.4807971881873704e-05
5849,2.7953258810938702e-05,2.0835381543020888e-05,2.3540152194391e-05,2.4804934330356294e-05
5850,2.7949938255575948e-05,2.083270403148743e-05,2.353715122463645e-05,2.480190349015707e-05
5851,2.794661932670374e-05,2.0830024949064592e-05,2.3534148680271882e-05,2.4798871912900582e-05
5852,2.7943302896970594e-05,2.0827353803591143e-05,2.3531148297157095e-05,2.479584031905248e-05
5853,2.7939988662133238e-05,2.082467909900576e-05,2.3528150148874612e-05,2.479281532210022e-05
5854,2.7936675692315804e-05,2.082200795467287e-05,2.3525156926441374e-05,2.4789789670595352e-05
5855,2.793336566910993e-05,2.0819335894930317e-05,2.352216276294079e-05,2.4786765358457254e-05
5856,2.7930057523411946e-05,2.081666748033941e-05,2.351916783227271e-05,2.4783743756589855e-05
5857,2.7926749465474205e-05,2.0813999415063998e-05,2.351618069793804e-05,2.478072035219078e-05
5858,2.7923443822554192e-05,2.081133234055712e-05,2.3513191510772884e-05,2.4777703075956453e-05
5859,2.792014284953536e-05,2.0808668870452997e-05,2.3510206073894016e-05,2.4774689249511347e-05
5860,2.7916842648084063e-05,2.080600768754479e-05,2.3507222417951482e-05,2.477167059535346e-05
5861,2.7913543504762008e-05,2.080334537513368e-05,2.3504240529114476e-05,2.476866101854489e-05
5862,2.791024655031564e-05,2.0800683797717438e-05,2.3501257606465403e-05,2.4765646785678514e-05
5863,2.790695316876029e-05,2.0798028974831357e-05,2.34982798359442e-05,2.4762638195965033e-05
5864,2.7903662219744864e-05,2.0795370943095423e-05,2.3495300755090972e-05,2.475962977407777e-05
5865,2.7900369048730578e-05,2.0792719081367703e-05,2.349232473175951e-05,2.4756626342280658e-05
5866,2.7897080213348195e-05,2.0790063385144012e-05,2.34893499641308e-05,2.4753617826039723e-05
5867,2.789379422891864e-05,2.0787416260562738e-05,2.3486378828652477e-05,2.4750617691082696e-05
5868,2.7890512793568024e-05,2.0784765135546494e-05,2.3483409398360595e-05,2.4747617599000013e-05
5869,2.7887229064036405e-05,2.0782117429911764e-05,2.3480442156954207e-05,2.474461606636885e-05
5870,2.788394952627333e-05,2.0779470272858024e-05,2.347747403953673e-05,2.474162162873794e-05
5871,2.788067016628959e-05,2.0776826883070257e-05,2.3474510611266935e-05,2.4738624139766125e-05
5872,2.787739437029522e-05,2.077418350130458e-05,2.347154822009886e-05,2.4735631401558014e-05
5873,2.7874116921159753e-05,2.0771544006830006e-05,2.346858550446436e-05,2.4732640802956704e-05
5874,2.787084702602512e-05,2.0768902891449253e-05,2.3465627932729247e-05,2.4729651340648564e-05
5875,2.7867577287651905e-05,2.0766262959086594e-05,2.3462668916580648e-05,2.4726661367943728e-05
5876,2.7864308773219222e-05,2.0763627619388868e-05,2.3459712543235112e-05,2.472367557873235e-05
5877,2.7861040657986804e-05,2.0760993577135166e-05,2.345675930269083e-05,2.4720691210075813e-05
5878,2.7857776958489785e-05,2.0758361711562022e-05,2.3453808106036224e-05,2.471770842273843e-05
5879,2.7854514774534202e-05,2.0755727473459677e-05,2.3450857961488605e-05,2.471472478953652e-05
5880,2.7851255431103682e-05,2.0753098806534453e-05,2.3447908310894686e-05,2.4711749436163113e-05
5881,2.7847997063822767e-05,2.0750474225431486e-05,2.344496438010272e-05,2.4708768438916497e-05
5882,2.784473934569192e-05,2.074784545269162e-05,2.34420186130556e-05,2.4705794586817944e-05
5883,2.7841485360459218e-05,2.0745218640920505e-05,2.3439076211746295e-05,2.4702821061754317e-05
5884,2.7838234476623786e-05,2.0742597136797632e-05,2.343613541867908e-05,2.469984731382866e-05
5885,2.7834984391354284e-05,2.07399749836345e-05,2.3433193448146307e-05,2.4696878228993735e-05
5886,2.783173465801617e-05,2.0737351620999967e-05,2.3430257896284516e-05,2.469390756410982e-05
5887,2.782848969021272e-05,2.0734734474892586e-05,2.3427321754057728e-05,2.46909402928459e-05
5888,2.782524410890255e-05,2.0732118797115507e-05,2.342438326310603e-05,2.4687976360807415e-05
5889,2.7822001098941405e-05,2.0729503000684433e-05,2.342145384268586e-05,2.4685011469955978e-05
5890,2.78187609036783e-05,2.0726886912708048e-05,2.341852390228863e-05,2.468205156481561e-05
5891,2.781552225533515e-05,2.072427753172856e-05,2.3415596175750946e-05,2.467909082273129e-05
5892,2.7812286431931095e-05,2.0721664692991126e-05,2.3412668938406416e-05,2.467613443607173e-05
5893,2.780905243506105e-05,2.071905797180647e-05,2.3409741770061375e-05,2.467317678386235e-05
5894,2.780581912475745e-05,2.0716451919596196e-05,2.340682284366109e-05,2.4670220607832484e-05
5895,2.780258862355349e-05,2.0713844681468718e-05,2.3403899834124265e-05,2.4667267333268833e-05
5896,2.7799361677264414e-05,2.0711241683582356e-05,2.3400977840531775e-05,2.4664319370728132e-05
5897,2.7796135418306857e-05,2.0708637566557714e-05,2.339806031404519e-05,2.466136842039212e-05
5898,2.779290975062446e-05,2.070603812821023e-05,2.339514491752365e-05,2.4658420214421263e-05
5899,2.778968635590212e-05,2.0703439518435456e-05,2.339223189033889e-05,2.4655476975000532e-05
5900,2.7786467239541953e-05,2.0700841734041177e-05,2.3389320221872584e-05,2.465253109570676e-05
5901,2.7783247621979146e-05,2.0698242433547572e-05,2.3386407522907492e-05,2.4649589062054998e-05
5902,2.778003230349249e-05,2.0695651171485874e-05,2.3383498036783715e-05,2.46466481298152e-05
5903,2.7776817630410605e-05,2.0693059181949072e-05,2.3380591869456335e-05,2.4643711223028115e-05
5904,2.7773604998684783e-05,2.0690467373378656e-05,2.3377686968338748e-05,2.464077229290484e-05
5905,2.777039435855376e-05,2.0687876235738542e-05,2.337478376269274e-05,2.463783533541316e-05
5906,2.776718556308918e-05,2.068528787625792e-05,2.337187775213336e-05,2.463490397684787e-05
5907,2.7763979580606218e-05,2.0682703435259965e-05,2.33689797682801e-05,2.4631970972901605e-05
5908,2.77607741178197e-05,2.068011822682875e-05,2.336608323090017e-05,2.4629042133616756e-05
5909,2.7757570767804045e-05,2.0677532998522432e-05,2.336318521254825e-05,2.46261129979283e-05
5910,2.7754370353573146e-05,2.0674952566062835e-05,2.336029053037293e-05,2.462318742670325e-05
5911,2.7751172428696764e-05,2.0672373894327545e-05,2.3357397096306084e-05,2.462026367463294e-05
5912,2.77479743777395e-05,2.0669794157880165e-05,2.3354507420234445e-05,2.4617339936014435e-05
5913,2.7744780729694152e-05,2.0667216416499525e-05,2.3351617282183594e-05,2.4614418117194694e-05
5914,2.7741585951644245e-05,2.066464299973222e-05,2.3348728713516782e-05,2.4611498604602988e-05
5915,2.773839747979483e-05,2.0662067995553208e-05,2.3345842348981987e-05,2.4608581708474754e-05
5916,2.7735205574700517e-05,2.065949653183402e-05,2.334295865460213e-05,2.4605664632140226e-05
5917,2.773202019377518e-05,2.0656926507050466e-05,2.334007709181766e-05,2.4602749816416526e-05
5918,2.7728836064694608e-05,2.065435795691853e-05,2.333719810319525e-05,2.4599837499593343e-05
5919,2.7725651625654294e-05,2.0651789082744186e-05,2.3334317696133846e-05,2.459692579360689e-05
5920,2.772247122636217e-05,2.0649225684188123e-05,2.3331439878764467e-05,2.4594014932113524e-05
5921,2.7719292092760715e-05,2.0646660419369567e-05,2.3328565174758276e-05,2.4591110228413703e-05
5922,2.771611482665947e-05,2.064409779687338e-05,2.332569185816452e-05,2.458820501984277e-05
5923,2.771294051150325e-05,2.0641536695486468e-05,2.3322818281417954e-05,2.4585300164214714e-05
5924,2.7709767389800242e-05,2.0638977856025005e-05,2.3319949484972357e-05,2.4582398252723608e-05
5925,2.7706595295867117e-05,2.0636418584168436e-05,2.3317081110373135e-05,2.4579498566687443e-05
5926,2.770342629257727e-05,2.0633863593678916e-05,2.331421407560284e-05,2.4576597899417354e-05
5927,2.7700259285187283e-05,2.0631310241927627e-05,2.331135040016679e-05,2.457370166921762e-05
5928,2.7697093532410965e-05,2.0628756259883963e-05,2.3308486398232693e-05,2.4570807302038127e-05
5929,2.7693929121209017e-05,2.0626203466844656e-05,2.3305626635166917e-05,2.456791337128587e-05
5930,2.7690768456539203e-05,2.0623654272642126e-05,2.3302766821703545e-05,2.456502074347629e-05
5931,2.768760829873049e-05,2.0621107441089572e-05,2.3299909119046925e-05,2.4562130197093903e-05
5932,2.7684449588444613e-05,2.0618560682527426e-05,2.3297051881815796e-05,2.455924278416735e-05
5933,2.7681294776857313e-05,2.061601518767905e-05,2.329419779094415e-05,2.4556355252272783e-05
5934,2.76781410292624e-05,2.0613472335628926e-05,2.3291345709679363e-05,2.4553472186632317e-05
5935,2.767499003623662e-05,2.0610929356664224e-05,2.3288497774083838e-05,2.455058775795375e-05
5936,2.7671839865915722e-05,2.0608389300204445e-05,2.3285647663021427e-05,2.4547706285461964e-05
5937,2.766869096211928e-05,2.060584972127419e-05,2.3282800799215688e-05,2.4544826698432144e-05
5938,2.766554504499744e-05,2.0603314620163163e-05,2.3279956019394283e-05,2.454194905107803e-05
5939,2.7662401251374548e-05,2.060077725602637e-05,2.327711090127814e-05,2.4539072608964746e-05
5940,2.7659260562561718e-05,2.0598244149345325e-05,2.327426917827481e-05,2.4536195592001268e-05
5941,2.7656119408834336e-05,2.0595711743680555e-05,2.3271429130213e-05,2.453332397577056e-05
5942,2.7652980580783786e-05,2.059317902659369e-05,2.326858918481852e-05,2.453045545906801e-05
5943,2.7649845703142094e-05,2.0590651315271482e-05,2.3265753473210113e-05,2.4527584307849288e-05
5944,2.764671051106959e-05,2.058812187841769e-05,2.3262919092599572e-05,2.4524717470036173e-05
5945,2.764357894024171e-05,2.058559866906712e-05,2.3260085189283603e-05,2.4521851194337672e-05
5946,2.7640447923708388e-05,2.058307355801097e-05,2.3257253692142364e-05,2.4518987868278893e-05
5947,2.7637319420469607e-05,2.0580548640076325e-05,2.3254424992723235e-05,2.4516124670104017e-05
5948,2.763419311405235e-05,2.0578027900898343e-05,2.325159623261236e-05,2.451326282957953e-05
5949,2.7631068526497346e-05,2.0575508706229432e-05,2.324877097445941e-05,2.4510405512240964e-05
5950,2.7627946119914227e-05,2.0572990262786924e-05,2.3245944971501617e-05,2.4507547693226513e-05
5951,2.762482452241766e-05,2.057047354738619e-05,2.3243123606643507e-05,2.4504693095331112e-05
5952,2.7621706808172654e-05,2.0567957083907923e-05,2.3240301618247815e-05,2.4501837789391892e-05
5953,2.7618590193576596e-05,2.0565443537545817e-05,2.323748281521109e-05,2.4498986442673125e-05
5954,2.7615474537417047e-05,2.0562930981048238e-05,2.323466579774125e-05,2.449613558616032e-05
5955,2.7612361557446305e-05,2.0560421030600635e-05,2.3231849414280278e-05,2.449328564777281e-05
5956,2.760925006587921e-05,2.055791261411196e-05,2.322903705514102e-05,2.4490438657590192e-05
5957,2.7606141265180858e-05,2.0555404547666656e-05,2.322622175068845e-05,2.4487593527111598e-05
5958,2.7603034807402623e-05,2.055289972543485e-05,2.3223412504158884e-05,2.448474913266565e-05
5959,2.7599929245572882e-05,2.0550396031231807e-05,2.3220604502075547e-05,2.4481908482595984e-05
5960,2.75968253945167e-05,2.054789270304231e-05,2.3217795889962667e-05,2.447906644115531e-05
5961,2.7593724541675932e-05,2.0545390475561028e-05,2.321499184694572e-05,2.4476229498865544e-05
5962,2.7590624812606708e-05,2.054289217993288e-05,2.321218766079495e-05,2.4473391786808644e-05
5963,2.758752758793013e-05,2.0540392938900567e-05,2.3209384968359813e-05,2.4470556856732544e-05
5964,2.758443111056918e-05,2.0537898489012686e-05,2.3206585661433803e-05,2.4467723346757354e-05
5965,2.7581336951360255e-05,2.0535401817797232e-05,2.3203787353073992e-05,2.4464891922333043e-05
5966,2.7578245149944767e-05,2.0532907808967832e-05,2.3200990451986975e-05,2.446206226477451e-05
5967,2.757515581336687e-05,2.053041824981339e-05,2.3198196153694457e-05,2.4459231655679086e-05
5968,2.7572067745676005e-05,2.0527927147906136e-05,2.3195401547026323e-05,2.445640507141201e-05
5969,2.7568981876000005e-05,2.052543769171778e-05,2.319261051166147e-05,2.4453581374427208e-05
5970,2.756589657436103e-05,2.0522950591312396e-05,2.318982009081183e-05,2.4450756881668795e-05
5971,2.756281452563382e-05,2.0520464547547795e-05,2.3187031849718162e-05,2.444793630685449e-05
5972,2.755973385189692e-05,2.051798321825382e-05,2.3184247344075706e-05,2.444511676045053e-05
5973,2.7556656655119916e-05,2.051549758090859e-05,2.318146222004775e-05,2.444229837411627e-05
5974,2.7553579759926128e-05,2.051301717791221e-05,2.3178678764597057e-05,2.4439481781663156e-05
5975,2.7550505021992337e-05,2.0510537459179767e-05,2.317589697775629e-05,2.4436666352644684e-05
5976,2.754743256721313e-05,2.050806080695941e-05,2.3173119817458218e-05,2.4433852850325898e-05
5977,2.7544362125048337e-05,2.0505582523983295e-05,2.317034183102909e-05,2.443104246595541e-05
5978,2.7541292855851026e-05,2.0503108638990165e-05,2.3167565240111593e-05,2.4428232833087023e-05
5979,2.7538225648528006e-05,2.050063578305731e-05,2.3164789406906163e-05,2.442542427087763e-05
5980,2.7535161157401693e-05,2.0498162452535188e-05,2.3162018349906385e-05,2.4422616808321464e-05
5981,2.7532097703792187e-05,2.049569421922363e-05,2.31592466518015e-05,2.441981367451129e-05
5982,2.7529037302475785e-05,2.0493224966981847e-05,2.3156477937561858e-05,2.4417009533200577e-05
5983,2.7525976718098068e-05,2.0490758526672332e-05,2.3153710448591673e-05,2.4414208715051383e-05
5984,2.752291997784003e-05,2.0488292206238983e-05,2.3150945187146653e-05,2.441140957082411e-05
5985,2.751986335091892e-05,2.048582854700561e-05,2.3148180619672836e-05,2.4408611565001353e-05
5986,2.751681081023773e-05,2.0483365574874396e-05,2.314541902033653e-05,2.4405814639668478e-05
5987,2.751375871018567e-05,2.0480905903737733e-05,2.3142658952441644e-05,2.4403020483494136e-05
5988,2.7510708665666553e-05,2.0478445956446822e-05,2.3139898472630584e-05,2.440022721383381e-05
5989,2.7507660787933556e-05,2.047598783406626e-05,2.3137140526086375e-05,2.439743627045417e-05
5990,2.7504614829039673e-05,2.0473530897486253e-05,2.313438737145805e-05,2.4394645403539454e-05
5991,2.7501571492907715e-05,2.0471076911840802e-05,2.3131632832289886e-05,2.4391858873461684e-05
5992,2.7498528142528778e-05,2.0468622613936452e-05,2.3128880043522606e-05,2.4389072705417594e-05
5993,2.7495488622292e-05,2.0466171465339357e-05,2.3126130117358543e-05,2.438628830820982e-05
5994,2.749244986346927e-05,2.0463720967065078e-05,2.3123381092417875e-05,2.4383505971746705e-05
5995,2.7489413702359358e-05,2.0461272897187032e-05,2.3120635350766795e-05,2.43807252960767e-05
5996,2.7486378106604214e-05,2.045882414590183e-05,2.3117889526917808e-05,2.4377943591465286e-05
5997,2.7483345090473095e-05,2.0456379810838537e-05,2.3115143794297373e-05,2.4375167269645705e-05
5998,2.7480315014887356e-05,2.045393573766084e-05,2.3112402800689215e-05,2.4372390610428547e-05
5999,2.747728617643966e-05,2.0451493410470984e-05,2.3109663775464307e-05,2.4369615687747404e-05
6000,2.74742585740172e-05,2.0449052564853468e-05,2.3106924748945705e-05,2.4366843406860207e-05
6001,2.747123456398291e-05,2.0446613232018994e-05,2.3104188248211796e-05,2.4364071707983358e-05
6002,2.7468209966474893e-05,2.0444173784151328e-05,2.3101453229983472e-05,2.4361302942367585e-05
6003,2.7465188456657264e-05,2.0441738176500777e-05,2.3098719348615097e-05,2.4358535308050297e-05
6004,2.746216983470894e-05,2.043930286603555e-05,2.309598790013002e-05,2.435576987271702e-05
6005,2.745915177553417e-05,2.0436869649018392e-05,2.3093257216013436e-05,2.435300403678564e-05
6006,2.745613566982288e-05,2.043443790692631e-05,2.309052875960549e-05,2.4350241315764736e-05
6007,2.74531223145826e-05,2.0432007404405373e-05,2.308780277366772e-05,2.4347481903440847e-05
6008,2.745011019805032e-05,2.0429578742861594e-05,2.3085077698576157e-05,2.434472113131688e-05
6009,2.744710017732532e-05,2.0427151516228766e-05,2.308235464246211e-05,2.4341962462726277e-05
6010,2.74440916842564e-05,2.0424726272985823e-05,2.3079633120955636e-05,2.433920683517176e-05
6011,2.7441086358371094e-05,2.042230160255379e-05,2.307691360106554e-05,2.433645289265245e-05
6012,2.7438080752509216e-05,2.0419878656254403e-05,2.307419573306434e-05,2.4333699859422245e-05
6013,2.7435078119615988e-05,2.041745806475793e-05,2.3071479163719353e-05,2.4330949134810198e-05
6014,2.7432077299764674e-05,2.0415037863097542e-05,2.306876496775596e-05,2.4328200174010104e-05
6015,2.7429078993810595e-05,2.041261972898902e-05,2.3066051885814617e-05,2.4325451300616545e-05
6016,2.742608169136186e-05,2.041020246674456e-05,2.3063340978717496e-05,2.4322704728536895e-05
6017,2.742308661860814e-05,2.040778834369818e-05,2.30606302260215e-05,2.431996044980516e-05
6018,2.7420093919009168e-05,2.0405374605968395e-05,2.305792404031368e-05,2.431721864010499e-05
6019,2.7417101488556296e-05,2.0402962263320463e-05,2.3055216089739478e-05,2.4314476919430703e-05
6020,2.741411246401639e-05,2.040055092255891e-05,2.305251260569089e-05,2.431173720194391e-05
6021,2.7411124562950655e-05,2.0398141469945483e-05,2.3049809047719487e-05,2.4308999652644813e-05
6022,2.740813850652303e-05,2.039573341841319e-05,2.3047107579548065e-05,2.4306263676890425e-05
6023,2.7405156508953054e-05,2.0393328728768388e-05,2.3044407662953943e-05,2.4303529710305178e-05
6024,2.7402173033872437e-05,2.0390924687963115e-05,2.3041709901137825e-05,2.430079626164097e-05
6025,2.7399193059421216e-05,2.0388521484166063e-05,2.3039014293224255e-05,2.429806526791662e-05
6026,2.7396214681809236e-05,2.0386120081768853e-05,2.3036320780508995e-05,2.4295334846751235e-05
6027,2.7393239187270264e-05,2.038371821289807e-05,2.303362771906989e-05,2.4292607474455393e-05
6028,2.73902649598766e-05,2.0381321134720714e-05,2.3030936299633956e-05,2.4289880202308874e-05
6029,2.7387292173214656e-05,2.0378923624514795e-05,2.3028247237364e-05,2.4287156925969296e-05
6030,2.7384321125544942e-05,2.0376527777799318e-05,2.302555752355856e-05,2.4284432961205465e-05
6031,2.7381351787423716e-05,2.037413358870387e-05,2.3022871302816173e-05,2.4281711649476205e-05
6032,2.737838515309304e-05,2.037174212544758e-05,2.3020189090791785e-05,2.427899222653494e-05
6033,2.737541982818429e-05,2.0369349946726708e-05,2.301750584180895e-05,2.427627357669065e-05
6034,2.7372455758162663e-05,2.036696015525229e-05,2.3014824304016924e-05,2.4273558292296507e-05
6035,2.7369494266366647e-05,2.0364574191759884e-05,2.3012145402209234e-05,2.427084234266584e-05
6036,2.736653497506303e-05,2.0362187100566942e-05,2.3009467130553195e-05,2.4268129009513323e-05
6037,2.7363577345085245e-05,2.0359801867544156e-05,2.3006790176404234e-05,2.426541836940261e-05
6038,2.7360622024492083e-05,2.03574182585951e-05,2.3004116985652982e-05,2.4262708708439115e-05
6039,2.735766734760139e-05,2.03550358980653e-05,2.3001442881823604e-05,2.426000032023852e-05
6040,2.735471503757672e-05,2.035265472946003e-05,2.2998773133444142e-05,2.4257293788513718e-05
6041,2.735176429996205e-05,2.0350276419153812e-05,2.2996102920894712e-05,2.4254589468923057e-05
6042,2.7348815324803887e-05,2.0347899251178743e-05,2.299343371219241e-05,2.4251884814359763e-05
6043,2.7345869741822108e-05,2.0345523154502167e-05,2.2990770086690212e-05,2.4249183717277744e-05
6044,2.7342924702629616e-05,2.0343148639779045e-05,2.298810412261973e-05,2.4246484915591555e-05
6045,2.7339981579665304e-05,2.0340774943471456e-05,2.2985442342380197e-05,2.4243786534445072e-05
6046,2.7337040573404146e-05,2.0338404560453464e-05,2.2982781480848564e-05,2.424108920837194e-05
6047,2.7334101270478853e-05,2.033603416218767e-05,2.29801217461983e-05,2.4238395036049795e-05
6048,2.7331163688787452e-05,2.0333666090306436e-05,2.29774641972324e-05,2.4235699504730765e-05
6049,2.7328228359316598e-05,2.0331299151768602e-05,2.2974808378445614e-05,2.423300874276886e-05
6050,2.7325294556315008e-05,2.032893274665273e-05,2.2972154965970167e-05,2.4230318267474373e-05
6051,2.732236331641682e-05,2.0326568679054047e-05,2.29695001615062e-05,2.4227630547286558e-05
6052,2.7319433200978477e-05,2.0324206212110498e-05,2.2966849801162395e-05,2.422494353965725e-05
6053,2.7316505008156174e-05,2.0321845031277e-05,2.2964200532284967e-05,2.4222258911737244e-05
6054,2.7313578268966543e-05,2.031948504213469e-05,2.2961551865630213e-05,2.4219574226021248e-05
6055,2.731065326750908e-05,2.031712780373337e-05,2.2958905767331787e-05,2.421689282641561e-05
6056,2.73077301697236e-05,2.031477095393582e-05,2.2956261540991357e-05,2.4214213062166348e-05
6057,2.730481027529649e-05,2.0312415592965903e-05,2.295361946886118e-05,2.4211533215905548e-05
6058,2.730189163955176e-05,2.0310063050581443e-05,2.2950977740413903e-05,2.4208856943679692e-05
6059,2.7298974454444706e-05,2.0307709895869845e-05,2.2948338625833226e-05,2.420618051914216e-05
6060,2.7296059402394656e-05,2.0305359023979847e-05,2.294570083936808e-05,2.4203506502984996e-05
6061,2.729314555079158e-05,2.0303010101823083e-05,2.294306402799293e-05,2.4200835187963126e-05
6062,2.7290233502084626e-05,2.0300661520738756e-05,2.2940430344671262e-05,2.4198163863783234e-05
6063,2.72873248679189e-05,2.029831585335281e-05,2.2937796186721296e-05,2.4195495003477794e-05
6064,2.728441755305153e-05,2.0295971356661387e-05,2.2935165684266657e-05,2.4192827736843353e-05
6065,2.7281510779092272e-05,2.0293627903857053e-05,2.293253561730267e-05,2.4190161579185054e-05
6066,2.7278606468817862e-05,2.0291286539753834e-05,2.2929908126729584e-05,2.4187498398402607e-05
6067,2.7275704042367587e-05,2.028894604254944e-05,2.2927282063849578e-05,2.4184836159227267e-05
6068,2.727280347589341e-05,2.028660721387742e-05,2.2924657370143627e-05,2.4182173306438495e-05
6069,2.726990531482066e-05,2.0284269783802788e-05,2.2922033961298666e-05,2.4179515486659906e-05
6070,2.726700795205095e-05,2.028193467415061e-05,2.2919413500282607e-05,2.4176856959442326e-05
6071,2.726411289436613e-05,2.0279599264816962e-05,2.291679336048287e-05,2.4174202009565423e-05
6072,2.7261218418062074e-05,2.027726699572417e-05,2.2914174785442024e-05,2.4171546645488898e-05
6073,2.7258328434975064e-05,2.027493498497172e-05,2.2911559609851413e-05,2.416889421410418e-05
6074,2.7255437784100166e-05,2.027260524985042e-05,2.290894309474661e-05,2.4166242951072646e-05
6075,2.7252550848268067e-05,2.0270276563617426e-05,2.29063301067642e-05,2.4163592407677755e-05
6076,2.7249664391907063e-05,2.0267949987846046e-05,2.290371922997745e-05,2.4160944947357357e-05
6077,2.72467804959999e-05,2.0265623990992323e-05,2.2901110478573738e-05,2.415829947708893e-05
6078,2.724389869799671e-05,2.0263300247477653e-05,2.2898501535350376e-05,2.4155653687833882e-05
6079,2.7241017427119107e-05,2.026097783311968e-05,2.2895894138003103e-05,2.4153010592936847e-05
6080,2.723813887163944e-05,2.0258656517659215e-05,2.2893290053800923e-05,2.415036977907905e-05
6081,2.7235262308197965e-05,2.0256337091640497e-05,2.289068700244901e-05,2.4147729265479155e-05
6082,2.723238737870876e-05,2.0254019513609674e-05,2.2888084567095858e-05,2.414509094951294e-05
6083,2.722951468127288e-05,2.025170215448469e-05,2.2885484702606128e-05,2.4142454560876895e-05
6084,2.722664264993985e-05,2.024938774855449e-05,2.288288624502479e-05,2.4139818611666437e-05
6085,2.7223773221297394e-05,2.0247072884168008e-05,2.2880290209946326e-05,2.41371862901671e-05
6086,2.722090587132937e-05,2.0244760752067988e-05,2.287769442589383e-05,2.4134554342946044e-05
6087,2.7218039620370094e-05,2.024244996862832e-05,2.2875101279965104e-05,2.4131924209943202e-05
6088,2.721517611646871e-05,2.0240140025713117e-05,2.287250929024967e-05,2.4129294794068187e-05
6089,2.721231386166206e-05,2.0237833081581644e-05,2.286991984518504e-05,2.412666752572981e-05
6090,2.7209452235490355e-05,2.023552627428201e-05,2.2867331139702444e-05,2.412404289971439e-05
6091,2.720659422788636e-05,2.0233221101096173e-05,2.2864743410587955e-05,2.412141895727413e-05
6092,2.72037372932457e-05,2.023091756166959e-05,2.2862158818422693e-05,2.4118796166702683e-05
6093,2.7200881845536332e-05,2.0228615276943994e-05,2.2859574595388037e-05,2.4116175965587652e-05
6094,2.719802908664179e-05,2.022631503798772e-05,2.2856991716250637e-05,2.4113556410218814e-05
6095,2.7195178072703172e-05,2.0224016170019443e-05,2.2854412494276195e-05,2.4110938368255814e-05
6096,2.7192328063796997e-05,2.0221717248942935e-05,2.2851833459624323e-05,2.410832356941394e-05
6097,2.7189480763834657e-05,2.0219422732736834e-05,2.2849256082950365e-05,2.4105709272781726e-05
6098,2.7186633682038734e-05,2.0217126853239786e-05,2.284667981184483e-05,2.4103095869079808e-05
6099,2.71837905170379e-05,2.0214834753239794e-05,2.284410710188727e-05,2.4100485169833866e-05
6100,2.7180947798114244e-05,2.02125431755307e-05,2.2841535301254658e-05,2.4097876011533556e-05
6101,2.7178106745877928e-05,2.0210251333636992e-05,2.2838964441748442e-05,2.4095267784890893e-05
6102,2.71752681511534e-05,2.0207962664893236e-05,2.2836394928982376e-05,2.409266188678271e-05
6103,2.717243163822624e-05,2.0205675435177424e-05,2.2833827585803214e-05,2.4090056794326533e-05
6104,2.716959677657815e-05,2.0203388893260788e-05,2.2831261526226472e-05,2.4087454072521416e-05
6105,2.7166762961454544e-05,2.0201104686691548e-05,2.28286967859224e-05,2.4084852588876627e-05
6106,2.716393183726058e-05,2.0198821469328418e-05,2.282613482481775e-05,2.4082252301967957e-05
6107,2.7161101940047783e-05,2.0196539436460342e-05,2.2823574194374215e-05,2.4079654483998292e-05
6108,2.7158273786574358e-05,2.019425887401031e-05,2.282101463229755e-05,2.4077057651079626e-05
6109,2.715544812273149e-05,2.0191981648199878e-05,2.2818456608335564e-05,2.4074462230666656e-05
6110,2.7152623156374748e-05,2.0189702516195193e-05,2.2815901212890986e-05,2.4071868974581183e-05
6111,2.7149801393138957e-05,2.0187427802067854e-05,2.2813346033892817e-05,2.406927702893102e-05
6112,2.7146980370101114e-05,2.0185153259213413e-05,2.2810793366459006e-05,2.4066687043945234e-05
6113,2.714416115272357e-05,2.0182880460243268e-05,2.2808242288658052e-05,2.4064098345478603e-05
6114,2.7141343952641196e-05,2.018060828925363e-05,2.2805692426855964e-05,2.4061510501899595e-05
6115,2.7138528981671336e-05,2.017833782917527e-05,2.2803144705621338e-05,2.405892525680033e-05
6116,2.713571522308132e-05,2.017607018891671e-05,2.2800597499401825e-05,2.4056340455411413e-05
6117,2.7132902663310116e-05,2.017380328164815e-05,2.2798054274029787e-05,2.4053757846671616e-05
6118,2.7130094055815212e-05,2.0171536842386694e-05,2.2795510344845866e-05,2.405117765973191e-05
6119,2.7127285329669664e-05,2.0169272711846306e-05,2.279296898109162e-05,2.4048598949842635e-05
6120,2.7124478979616267e-05,2.0167009814443866e-05,2.2790429143942974e-05,2.4046021236436386e-05
6121,2.712167422390809e-05,2.0164749036217656e-05,2.278789044298709e-05,2.404344520929193e-05
6122,2.711887094434389e-05,2.016248892715162e-05,2.2785354223223395e-05,2.404086948308925e-05
6123,2.711607013222611e-05,2.0160230028976576e-05,2.278281898720114e-05,2.403829653869437e-05
6124,2.711327163007397e-05,2.0157973124097454e-05,2.2780284478830174e-05,2.4035726989770476e-05
6125,2.711047389504278e-05,2.015571681649502e-05,2.2777753127366686e-05,2.403315547279666e-05
6126,2.7107677878448554e-05,2.015346310302764e-05,2.2775223240734585e-05,2.4030588061360897e-05
6127,2.7104883994452586e-05,2.015121100428269e-05,2.2772694780955612e-05,2.4028020795431262e-05
6128,2.7102092719086348e-05,2.0148959219099313e-05,2.277016669194038e-05,2.4025455882182595e-05
6129,2.7099302540550442e-05,2.014670891503969e-05,2.276764112215176e-05,2.402289311322983e-05
6130,2.709651339752577e-05,2.01444612290525e-05,2.2765117359679144e-05,2.402033111187497e-05
6131,2.7093727199879614e-05,2.0142213834443785e-05,2.2762595345173465e-05,2.40177692804552e-05
6132,2.7090941644003328e-05,2.013996850539797e-05,2.2760074292939018e-05,2.4015211245317665e-05
6133,2.7088158466230557e-05,2.013772421433638e-05,2.2757555747781188e-05,2.4012654171989798e-05
6134,2.7085377396377294e-05,2.0135481354478052e-05,2.2755038397633802e-05,2.4010098951009132e-05
6135,2.7082597486334635e-05,2.0133239962018946e-05,2.2752522150245132e-05,2.400754515619362e-05
6136,2.7079819487828416e-05,2.013099998219815e-05,2.2750007788912226e-05,2.400499255234604e-05
6137,2.7077043841308166e-05,2.0128762600034456e-05,2.2747495025579543e-05,2.4002440614573288e-05
6138,2.7074269730800783e-05,2.0126524538119086e-05,2.27449843529222e-05,2.3999892652676133e-05
6139,2.7071496978768318e-05,2.0124289915792927e-05,2.274247466456477e-05,2.3997344307532444e-05
6140,2.7068726302640066e-05,2.0122055179402553e-05,2.273996673403524e-05,2.399479858918221e-05
6141,2.7065957603993554e-05,2.0119821798276407e-05,2.2737460512072285e-05,2.399225333104803e-05
6142,2.70631899493789e-05,2.0117591339592335e-05,2.2734955845239645e-05,2.3989710162020526e-05
6143,2.7060424450087367e-05,2.0115361293067288e-05,2.2732452831571948e-05,2.3987167692620673e-05
6144,2.705766117040606e-05,2.0113133508460355e-05,2.2729951174628914e-05,2.398462902143484e-05
6145,2.705489879060521e-05,2.0110905784277507e-05,2.2727451323696878e-05,2.3982090601660233e-05
6146,2.705213934842204e-05,2.010868008602932e-05,2.272495247503375e-05,2.397955390151642e-05
6147,2.704938108143724e-05,2.0106456652352864e-05,2.2722456713818528e-05,2.3977018560224942e-05
6148,2.7046623814334317e-05,2.0104233543758598e-05,2.2719960947847733e-05,2.397448469757956e-05
6149,2.7043869797618636e-05,2.010201266816491e-05,2.2717467138749313e-05,2.3971952591482723e-05
6150,2.704111653839418e-05,2.0099792346131684e-05,2.271497566044109e-05,2.3969421488162034e-05
6151,2.703836525977605e-05,2.009757454357229e-05,2.2712484789451688e-05,2.396689222590358e-05
6152,2.7035615663504662e-05,2.0095357073196196e-05,2.2709995984967252e-05,2.3964365473981455e-05
6153,2.703286804294234e-05,2.0093141535399322e-05,2.2707508572146233e-05,2.396183955522753e-05
6154,2.703012209382691e-05,2.0090927542608667e-05,2.2705023065367823e-05,2.3959315605747173e-05
6155,2.7027377364105967e-05,2.0088715011286654e-05,2.27025383697264e-05,2.39567925816018e-05
6156,2.7024635748139365e-05,2.008650323797365e-05,2.2700057220337863e-05,2.3954271472384734e-05
6157,2.702189495379731e-05,2.008429398282577e-05,2.269757641564607e-05,2.3951751682175886e-05
6158,2.701915636831312e-05,2.0082085311607678e-05,2.2695097280696474e-05,2.3949233238000427e-05
6159,2.701641932148644e-05,2.0079877693265142e-05,2.2692619191835082e-05,2.394671691777688e-05
6160,2.7013683846387036e-05,2.0077673500193994e-05,2.2690142477936314e-05,2.3944202266700255e-05
6161,2.7010950051626156e-05,2.007546859515776e-05,2.268766899154158e-05,2.394168820786472e-05
6162,2.7008218190582182e-05,2.0073266200890333e-05,2.2685194961284466e-05,2.3939176558525435e-05
6163,2.7005488100768e-05,2.0071064617190767e-05,2.268272410821867e-05,2.393666612958028e-05
6164,2.7002759973843113e-05,2.006886444156457e-05,2.2680254183309136e-05,2.393415672124337e-05
6165,2.7000032566419988e-05,2.0066666064041822e-05,2.2677786392764275e-05,2.393164952891783e-05
6166,2.6997308050307118e-05,2.006446818338475e-05,2.2675319588234825e-05,2.3929144055551756e-05
6167,2.699458577760394e-05,2.006227264650948e-05,2.2672853542821853e-05,2.3926639729368733e-05
6168,2.6991864131467594e-05,2.0060078628407507e-05,2.267039039975648e-05,2.3924136975548935e-05
6169,2.6989144229772563e-05,2.0057885881408426e-05,2.2667928826319126e-05,2.3921636735519688e-05
6170,2.6986426810840782e-05,2.005569411166432e-05,2.2665468806080687e-05,2.39191367552298e-05
6171,2.6983710506191956e-05,2.0053504329846835e-05,2.266301021993022e-05,2.391663853439451e-05
6172,2.698099575265106e-05,2.0051315028063113e-05,2.266055269262665e-05,2.391414284347632e-05
6173,2.697828360406722e-05,2.0049128556009683e-05,2.265809709591397e-05,2.3911647987746585e-05
6174,2.6975573160091093e-05,2.0046941914244068e-05,2.265564248390002e-05,2.3909154524003654e-05
6175,2.697286397622074e-05,2.004475794770682e-05,2.2653190158177407e-05,2.3906662021280492e-05
6176,2.697015635448759e-05,2.004257482752092e-05,2.2650739300623407e-05,2.3904172670155128e-05
6177,2.6967451424746086e-05,2.0040393310792936e-05,2.264829045598773e-05,2.3901683734849463e-05
6178,2.6964747376171657e-05,2.003821334426718e-05,2.264584268415998e-05,2.3899196201298233e-05
6179,2.696204513360446e-05,2.003603467619676e-05,2.2643396060650398e-05,2.3896711375220184e-05
6180,2.6959344606416672e-05,2.003385651535676e-05,2.26409518935985e-05,2.3894227147403004e-05
6181,2.695664669009378e-05,2.003168100599381e-05,2.263850802136572e-05,2.3891744251185836e-05
6182,2.6953949673331803e-05,2.0029506571690598e-05,2.263606680028168e-05,2.3889263971266023e-05
6183,2.695125442221825e-05,2.0027333206684883e-05,2.2633627262409733e-05,2.388678377849106e-05
6184,2.6948561027335798e-05,2.0025161343515573e-05,2.2631188991179898e-05,2.3884306170920286e-05
6185,2.6945869681928625e-05,2.0022991011370584e-05,2.262875222018559e-05,2.388182939185149e-05
6186,2.694317997542382e-05,2.002082222219194e-05,2.2626317127887586e-05,2.3879354926620506e-05
6187,2.694049140654762e-05,2.0018654671325737e-05,2.2623882966284096e-05,2.3876881242577537e-05
6188,2.6937805105474896e-05,2.0016487993988873e-05,2.262145110166719e-05,2.3874409695348033e-05
6189,2.6935120552642815e-05,2.0014322956353875e-05,2.2619020524716934e-05,2.387193906588747e-05
6190,2.693243784647941e-05,2.001215950916093e-05,2.2616591680541366e-05,2.3869470403427885e-05
6191,2.692975650611531e-05,2.0009998090006356e-05,2.261416445006869e-05,2.3867003803388272e-05
6192,2.6927077359945776e-05,2.0007837435371496e-05,2.261173846170384e-05,2.3864537867503544e-05
6193,2.6924399343538156e-05,2.0005679027621493e-05,2.2609313484451546e-05,2.3862074613619028e-05
6194,2.6921723213745088e-05,2.0003520315082183e-05,2.2606891235352825e-05,2.3859611423387082e-05
6195,2.6919049437714892e-05,2.000136413651273e-05,2.2604469943074014e-05,2.3857149898722082e-05
6196,2.691637709364291e-05,1.9999209251816927e-05,2.2602049740763877e-05,2.3854690234600042e-05
6197,2.6913705818291534e-05,1.9997055547882265e-05,2.2599632422308758e-05,2.385223222964019e-05
6198,2.6911037076690375e-05,1.9994902931193212e-05,2.2597215949531207e-05,2.3849776138567788e-05
6199,2.6908369652213892e-05,1.9992753092032875e-05,2.259480067774723e-05,2.3847321015677423e-05
6200,2.690570391729633e-05,1.9990603223884103e-05,2.2592387190264856e-05,2.3844866893946033e-05
6201,2.6903040602769807e-05,1.9988454817575084e-05,2.258997597380637e-05,2.3842415076543764e-05
6202,2.6900378205482574e-05,1.9986308201198406e-05,2.2587565955123314e-05,2.383996512294788e-05
6203,2.6897718241577945e-05,1.998416316109002e-05,2.2585156144240317e-05,2.3837515776032953e-05
6204,2.6895059002444206e-05,1.99820199479678e-05,2.2582749804932906e-05,2.3835069014672854e-05
6205,2.6892402638646165e-05,1.9979876578857162e-05,2.258034386685073e-05,2.3832622837645203e-05
6206,2.6889747154394953e-05,1.9977735680390622e-05,2.2577939836806765e-05,2.3830178428500223e-05
6207,2.688709366918252e-05,1.9975595878572e-05,2.2575537006362477e-05,2.3827736538983613e-05
6208,2.6884442075733478e-05,1.997345801596943e-05,2.257313624437575e-05,2.3825295040308912e-05
6209,2.688179217020714e-05,1.9971320419604924e-05,2.2570736881708798e-05,2.3822854855203576e-05
6210,2.6879143752705497e-05,1.996918487358375e-05,2.2568338980646163e-05,2.3820417048098257e-05
6211,2.6876497692378867e-05,1.9967050871672825e-05,2.256594343606877e-05,2.3817980306256566e-05
6212,2.687385222855362e-05,1.9964918021653633e-05,2.25635484821269e-05,2.3815545414711857e-05
6213,2.687120946153304e-05,1.9962787117484414e-05,2.2561155084888897e-05,2.381311124423533e-05
6214,2.6868567782801123e-05,1.996065676411829e-05,2.255876304644679e-05,2.3810679769441492e-05
6215,2.6865928349926197e-05,1.995852792094834e-05,2.2556372619127826e-05,2.3808248894294934e-05
6216,2.686329040388518e-05,1.995640089349134e-05,2.2553984212928857e-05,2.3805820025101923e-05
6217,2.6860654235356164e-05,1.9954275146741903e-05,2.2551597085267355e-05,2.3803392430830784e-05
6218,2.6858019739335986e-05,1.995215044196011e-05,2.254921142590074e-05,2.3800966239914657e-05
6219,2.6855386688357783e-05,1.9950027899614893e-05,2.2546827732374982e-05,2.379854197518463e-05
6220,2.6852755438165456e-05,1.9947906197266176e-05,2.25444449133441e-05,2.379611890811064e-05
6221,2.6850126681587867e-05,1.9945785882071875e-05,2.254206371195965e-05,2.3793697066540913e-05
6222,2.6847499297845594e-05,1.9943666755016116e-05,2.2539684883235366e-05,2.3791277048844542e-05
6223,2.6844872617769986e-05,1.9941548733452226e-05,2.2537306966050924e-05,2.3788858149135336e-05
6224,2.6842249035814938e-05,1.993943278694524e-05,2.2534931022152596e-05,2.3786441761115118e-05
6225,2.683962624789591e-05,1.99373183106072e-05,2.2532556063239322e-05,2.378402585835047e-05
6226,2.6837005255242738e-05,1.9935204589022533e-05,2.2530183305207896e-05,2.3781611921003064e-05
6227,2.6834386137151406e-05,1.9933092679085974e-05,2.2527811342084516e-05,2.377919974134372e-05
6228,2.6831768825224368e-05,1.9930981810338878e-05,2.2525441158874614e-05,2.3776789271285367e-05
6229,2.6829153425062938e-05,1.992887224899969e-05,2.252307179848548e-05,2.3774378913547125e-05
6230,2.682653924442865e-05,1.9926765131536995e-05,2.2520705864851603e-05,2.3771970757410726e-05
6231,2.6823926892770206e-05,1.9924658106055797e-05,2.2518340210052093e-05,2.3769565141778202e-05
6232,2.6821316444593724e-05,1.9922553452706e-05,2.2515976075994536e-05,2.3767160042981005e-05
6233,2.681870776129958e-05,1.9920448665199603e-05,2.2513613660903562e-05,2.3764756531698708e-05
6234,2.6816100303484054e-05,1.9918346719411958e-05,2.2511252836618424e-05,2.3762354604957787e-05
6235,2.681349517793061e-05,1.9916245931034727e-05,2.2508893163160567e-05,2.375995428798391e-05
6236,2.6810891191846867e-05,1.9914145897132496e-05,2.2506535391833695e-05,2.375755537556178e-05
6237,2.6808289482356256e-05,1.9912047763562018e-05,2.2504179067131962e-05,2.3755157374908094e-05
6238,2.6805688950017328e-05,1.9909950779175685e-05,2.2501824695648733e-05,2.375276238915786e-05
6239,2.680309055633828e-05,1.99078550524132e-05,2.249947147968416e-05,2.3750367629668608e-05
6240,2.6800493764626843e-05,1.9905760897722854e-05,2.2497119084774016e-05,2.3747974639985514e-05
6241,2.679789827743743e-05,1.9903667767398996e-05,2.2494769160522534e-05,2.374558327695398e-05
6242,2.679530465704984e-05,1.990157629042513e-05,2.2492420511432747e-05,2.37431933409918e-05
6243,2.6792713480052986e-05,1.9899486328474755e-05,2.2490073658036684e-05,2.3740805098725073e-05
6244,2.6790123247981285e-05,1.9897397809591413e-05,2.2487727877557872e-05,2.373841777763078e-05
6245,2.6787534772320406e-05,1.9895310395469752e-05,2.2485384186690364e-05,2.3736032721811898e-05
6246,2.6784948055726063e-05,1.9893224623242736e-05,2.248304179199327e-05,2.3733648464666036e-05
6247,2.6782362993208803e-05,1.9891139198102467e-05,2.248070089803527e-05,2.3731266474998246e-05
6248,2.6779780000689406e-05,1.988905685747323e-05,2.2478361231261755e-05,2.3728884967964334e-05
6249,2.6777198355811012e-05,1.9886973942441824e-05,2.2476022851614948e-05,2.3726505765204046e-05
6250,2.6774618541555504e-05,1.9884894255357405e-05,2.247368615726553e-05,2.3724127960861215e-05
6251,2.677204044585519e-05,1.988281516860958e-05,2.247135140837627e-05,2.3721751825250922e-05
6252,2.676946349366642e-05,1.9880736961189278e-05,2.246901823910036e-05,2.371937683924122e-05
6253,2.676688865588585e-05,1.98786606076542e-05,2.2466686281649288e-05,2.3717003578644373e-05
6254,2.6764315718055754e-05,1.9876585153017323e-05,2.246435564572428e-05,2.371463098582582e-05
6255,2.6761744250368403e-05,1.9874511906753294e-05,2.2462026668535967e-05,2.371226097346523e-05
6256,2.6759174376816527e-05,1.9872438568286243e-05,2.245969944896283e-05,2.3709891036914838e-05
6257,2.675660650205617e-05,1.9870368045236148e-05,2.245737410859103e-05,2.3707523969599783e-05
6258,2.6754040085497965e-05,1.986829860414321e-05,2.2455049572426768e-05,2.3705158239696876e-05
6259,2.6751475477421137e-05,1.9866230023494134e-05,2.2452726645009034e-05,2.3702793639927568e-05
6260,2.6748912504286022e-05,1.986416339768534e-05,2.2450406032006462e-05,2.3700430462166438e-05
6261,2.67463511486609e-05,1.986209777267365e-05,2.244808596804029e-05,2.36980689253383e-05
6262,2.6743791710494555e-05,1.986003337625301e-05,2.2445767826693637e-05,2.3695708774543752e-05
6263,2.6741233821200456e-05,1.9857970578691273e-05,2.2443450744860095e-05,2.369335064461326e-05
6264,2.6738676976562018e-05,1.985590877860751e-05,2.2441135571003318e-05,2.369099321344267e-05
6265,2.673612317113357e-05,1.985384909745272e-05,2.2438821919124125e-05,2.3688637873288333e-05
6266,2.6733570092104258e-05,1.9851789917163665e-05,2.24365096561939e-05,2.368628357102889e-05
6267,2.673101884894195e-05,1.9849732535557213e-05,2.243419902853349e-05,2.368393073483696e-05
6268,2.672846939812731e-05,1.984767599670623e-05,2.2431890527808232e-05,2.3681579394767843e-05
6269,2.6725921614308905e-05,1.9845621816325885e-05,2.2429582104788266e-05,2.367922985900433e-05
6270,2.6723375454568956e-05,1.9843568017340774e-05,2.242727653447577e-05,2.3676881924082257e-05
6271,2.6720831106258946e-05,1.9841516017479545e-05,2.2424971781310343e-05,2.3674535277208887e-05
6272,2.6718288267653834e-05,1.9839465649634368e-05,2.2422668593301525e-05,2.367219025838332e-05
6273,2.6715747064193545e-05,1.9837416002086775e-05,2.2420366706791833e-05,2.366984623853368e-05
6274,2.6713207911279813e-05,1.983536748370416e-05,2.2418066916584186e-05,2.3667504140504142e-05
6275,2.6710669807714437e-05,1.9833321345645492e-05,2.2415768416382022e-05,2.3665163120070377e-05
6276,2.6708133946000944e-05,1.983127565448602e-05,2.2413471481924517e-05,2.366282412445411e-05
6277,2.6705599545310756e-05,1.9829231832406116e-05,2.2411175848435974e-05,2.3660485951643218e-05
6278,2.6703066976719935e-05,1.982718957335749e-05,2.2408881269328928e-05,2.365814972221272e-05
6279,2.670053606135488e-05,1.9825147906124283e-05,2.240658908029311e-05,2.3655814518559055e-05
6280,2.669800651816271e-05,1.9823108143444215e-05,2.2404298136988653e-05,2.365348089775189e-05
6281,2.6695478917142493e-05,1.9821069737332966e-05,2.24020086407254e-05,2.365114914490378e-05
6282,2.6692952905613792e-05,1.9819032232266573e-05,2.239972089270667e-05,2.3648818954529897e-05
6283,2.6690428681579804e-05,1.9816996083517326e-05,2.2397434209451217e-05,2.3646489785107867e-05
6284,2.6687906077820876e-05,1.9814961754904134e-05,2.239514922284569e-05,2.3644162383098466e-05
6285,2.6685384734012328e-05,1.9812928263654778e-05,2.2392865218219026e-05,2.364183616117228e-05
6286,2.6682865758920622e-05,1.98108966263618e-05,2.239058329108958e-05,2.3639511976688345e-05
6287,2.6680347876512487e-05,1.9808865987027914e-05,2.238830279417058e-05,2.3637188586239728e-05
6288,2.6677831998519174e-05,1.9806837285524482e-05,2.2386024300968368e-05,2.3634867131687375e-05
6289,2.6675317944667977e-05,1.980480904276609e-05,2.2383746491405415e-05,2.3632546606432765e-05
6290,2.6672805382798367e-05,1.9802782619006237e-05,2.2381470548970442e-05,2.363022767104879e-05
6291,2.6670294317852188e-05,1.980075745830481e-05,2.2379195863039126e-05,2.3627910963077564e-05
6292,2.6667784805047996e-05,1.9798733493388568e-05,2.2376922301641557e-05,2.362559485613153e-05
6293,2.6665277473375653e-05,1.9796711038981693e-05,2.237465119781159e-05,2.362328074402386e-05
6294,2.666277133666564e-05,1.9794689768742768e-05,2.2372380966525293e-05,2.362096786948701e-05
6295,2.6660266964739996e-05,1.9792670199329142e-05,2.2370112316326532e-05,2.3618656524888714e-05
6296,2.6657764400655558e-05,1.979065176607216e-05,2.2367845005908884e-05,2.361634637495357e-05
6297,2.6655263614697184e-05,1.9788634125854312e-05,2.2365579552959544e-05,2.361403803033075e-05
6298,2.665276408430129e-05,1.9786618515717986e-05,2.2363316156669288e-05,2.3611731624321952e-05
6299,2.6650266511887768e-05,1.9784603924943595e-05,2.2361053447677028e-05,2.3609425978057458e-05
6300,2.6647770654147615e-05,1.9782590300797983e-05,2.2358792123618084e-05,2.360712172749084e-05
6301,2.664527623437936e-05,1.9780578788963372e-05,2.2356532725128402e-05,2.3604819292741905e-05
6302,2.664278359085756e-05,1.9778568242656298e-05,2.2354274461343806e-05,2.3602518120123765e-05
6303,2.664029265722042e-05,1.977655960682866e-05,2.2352018269801178e-05,2.3600218060955643e-05
6304,2.6637803462325076e-05,1.977455117301236e-05,2.234976291576153e-05,2.3597919929832012e-05
6305,2.6635315691319858e-05,1.9772545006450533e-05,2.2347509523413805e-05,2.3595623531528968e-05
6306,2.663282988529552e-05,1.977053994962128e-05,2.2345257391333826e-05,2.3593328012998903e-05
6307,2.6630345476076628e-05,1.976853619770521e-05,2.234300630777521e-05,2.359103424664797e-05
6308,2.6627862728876702e-05,1.9766533593592634e-05,2.2340757382371005e-05,2.3588742029078138e-05
6309,2.6625381459940424e-05,1.976453247134812e-05,2.2338509827859693e-05,2.3586451262615834e-05
6310,2.662290225773125e-05,1.9762532239284802e-05,2.2336263691953165e-05,2.358416153490171e-05
6311,2.6620424530582887e-05,1.97605338678629e-05,2.2334018964422636e-05,2.3581873565996558e-05
6312,2.6617948386711313e-05,1.975853639276293e-05,2.233177557987932e-05,2.3579586917557797e-05
6313,2.6615473809726942e-05,1.9756541084238774e-05,2.2329533759508783e-05,2.3577301819356476e-05
6314,2.661300108201633e-05,1.9754546403115005e-05,2.232729370363044e-05,2.3575018301221192e-05
6315,2.6610529994625045e-05,1.9752552822507843e-05,2.2325054623479338e-05,2.357273649134348e-05
6316,2.6608060579142912e-05,1.975056141671646e-05,2.2322817630218793e-05,2.3570455535201984e-05
6317,2.660559308098806e-05,1.9748570594834004e-05,2.2320581247354423e-05,2.3568176089913225e-05
6318,2.6603126434727653e-05,1.9746581564188463e-05,2.2318347404783786e-05,2.356589831607526e-05
6319,2.660066208544292e-05,1.9744593644032738e-05,2.2316114285265792e-05,2.3563622103344148e-05
6320,2.6598199195441583e-05,1.974260691549915e-05,2.2313883031599316e-05,2.356134701110517e-05
6321,2.65957380026203e-05,1.9740621747525956e-05,2.2311653664396188e-05,2.3559073412189724e-05
6322,2.659327847114394e-05,1.9738637886107382e-05,2.2309424641607077e-05,2.3556801463189736e-05
6323,2.659082058207946e-05,1.9736655369249404e-05,2.2307197664765342e-05,2.3554530816673364e-05
6324,2.6588364266016033e-05,1.9734674166128567e-05,2.2304972860443103e-05,2.355226167703149e-05
6325,2.6585909647351107e-05,1.973269407180275e-05,2.2302748666836358e-05,2.354999399469568e-05
6326,2.6583456612046384e-05,1.97307151770428e-05,2.2300525924756443e-05,2.3547728055693963e-05
6327,2.6581005350017973e-05,1.9728737916314548e-05,2.2298304970257587e-05,2.3545463124597732e-05
6328,2.6578555842304826e-05,1.9726761992325256e-05,2.2296085773977203e-05,2.3543199888562284e-05
6329,2.6576107490539203e-05,1.972478724326519e-05,2.229386785387714e-05,2.354093764063255e-05
6330,2.6573661293435204e-05,1.972281404040176e-05,2.229165108882658e-05,2.3538677542247e-05
6331,2.6571216282227842e-05,1.9720841796312108e-05,2.2289436049150207e-05,2.353641852857672e-05
6332,2.6568773235243823e-05,1.971887087935637e-05,2.2287222087917635e-05,2.353416103247358e-05
6333,2.656633187586725e-05,1.971690143007842e-05,2.2285010214810976e-05,2.3531904633889187e-05
6334,2.656389197954033e-05,1.971493361513734e-05,2.2282799598339348e-05,2.3529650144350744e-05
6335,2.6561453903094305e-05,1.9712966712073968e-05,2.228059024101996e-05,2.352739707313974e-05
6336,2.65590173204237e-05,1.971100143798203e-05,2.2278382481878034e-05,2.3525145269482132e-05
6337,2.655658237385582e-05,1.9709036661216588e-05,2.2276176510884872e-05,2.3522894593282186e-05
6338,2.655414875719386e-05,1.9707074116741786e-05,2.227397158358124e-05,2.352064582701493e-05
6339,2.6551717274205136e-05,1.9705112634122225e-05,2.2271767743281358e-05,2.3518398540791915e-05
6340,2.65492869726769e-05,1.9703152394044877e-05,2.2269566372182175e-05,2.3516152098531103e-05
6341,2.6546858949972075e-05,1.9701193219941122e-05,2.226736619835577e-05,2.351390789443564e-05
6342,2.65444321423904e-05,1.9699235804303593e-05,2.2265167010210983e-05,2.351166458002138e-05
6343,2.654200689922311e-05,1.9697279416448707e-05,2.226296953946062e-05,2.3509422896701024e-05
6344,2.6539583452937464e-05,1.969532446803149e-05,2.2260773497242646e-05,2.3507182725101584e-05
6345,2.653716156320969e-05,1.969337076298471e-05,2.2258578994600294e-05,2.3504943782581062e-05
6346,2.6534741498960998e-05,1.9691418554573204e-05,2.2256385943350763e-05,2.350270634163561e-05
6347,2.6532322886202963e-05,1.968946743180256e-05,2.22541944144984e-05,2.3500470483197718e-05
6348,2.6529906094035763e-05,1.968751780424949e-05,2.2252004153960223e-05,2.3498235871998397e-05
6349,2.652749052464634e-05,1.968556940269633e-05,2.2249815520831567e-05,2.3496002928881984e-05
6350,2.6525076819956234e-05,1.9683622103730043e-05,2.2247628210624233e-05,2.3493771122254863e-05
6351,2.6522664811322293e-05,1.9681676134352967e-05,2.2245442545487026e-05,2.349154088025174e-05
6352,2.6520254293763967e-05,1.967973161392222e-05,2.2243258377666864e-05,2.3489311830242852e-05
6353,2.651784562799561e-05,1.9677788343641084e-05,2.224107559928616e-05,2.3487084532959538e-05
6354,2.6515438419538747e-05,1.9675846254120585e-05,2.2238894089779555e-05,2.3484858436257073e-05
6355,2.6513032734476793e-05,1.9673905748016935e-05,2.223671422481276e-05,2.348263430117832e-05
6356,2.6510628990783657e-05,1.9671966529316673e-05,2.223453598379553e-05,2.3480410894802868e-05
6357,2.6508226474734922e-05,1.967002867947744e-05,2.2232358918594715e-05,2.3478189428380115e-05
6358,2.650582579647962e-05,1.9668091905737183e-05,2.223018317848621e-05,2.3475969090868636e-05
6359,2.6503426709504523e-05,1.966615643881409e-05,2.2228009308717752e-05,2.3473750435710396e-05
6360,2.6501029325266068e-05,1.9664222316091646e-05,2.222583668087233e-05,2.347153296409357e-05
6361,2.6498633500370827e-05,1.966228968534681e-05,2.222366559350592e-05,2.3469316922733664e-05
6362,2.6496239295796288e-05,1.966035795787006e-05,2.222149592754544e-05,2.3467102509217105e-05
6363,2.6493846800147362e-05,1.9658428008129942e-05,2.221932783900683e-05,2.346488928666916e-05
6364,2.649145592669524e-05,1.965649896872873e-05,2.2217160742938766e-05,2.3462677872608987e-05
6365,2.6489066753978982e-05,1.96545714592295e-05,2.221499566997806e-05,2.346046751287953e-05
6366,2.6486678931252947e-05,1.9652645160162416e-05,2.2212832173840647e-05,2.3458258446359625e-05
6367,2.6484292781654893e-05,1.9650720049446998e-05,2.2210669506127545e-05,2.3456051348359396e-05
6368,2.6481908453228563e-05,1.964879631190832e-05,2.220850854270377e-05,2.3453845378553138e-05
6369,2.6479525391453594e-05,1.9646873867137846e-05,2.2206348746201267e-05,2.3451640571619897e-05
6370,2.647714434316473e-05,1.964495297255753e-05,2.220419083152298e-05,2.344943745174182e-05
6371,2.647476462830108e-05,1.9643032992006172e-05,2.2202034283191156e-05,2.3447235734008246e-05
6372,2.6472386557197395e-05,1.9641114368813072e-05,2.2199879097267622e-05,2.3445035441523363e-05
6373,2.6470010292719553e-05,1.9639197028901145e-05,2.219772545525841e-05,2.344283681188624e-05
6374,2.6467635431693218e-05,1.9637281220666886e-05,2.2195573037124384e-05,2.344063944720006e-05
6375,2.6465262390226186e-05,1.9635366608877222e-05,2.2193422409063998e-05,2.3438443312081226e-05
6376,2.6462890782614187e-05,1.9633453315275162e-05,2.219127294344762e-05,2.343624869602578e-05
6377,2.6460520929816665e-05,1.9631541403175176e-05,2.2189124888378712e-05,2.3434055290862125e-05
6378,2.6458152676094938e-05,1.962963055365588e-05,2.2186978928986793e-05,2.343186364675289e-05
6379,2.6455785932349183e-05,1.9627720959665683e-05,2.2184833648364465e-05,2.3429673298132995e-05
6380,2.6453420741627335e-05,1.9625812711141355e-05,2.218269040980503e-05,2.3427483973390265e-05
6381,2.64510571975782e-05,1.962390586647912e-05,2.2180548075202824e-05,2.342529676827904e-05
6382,2.644869566398181e-05,1.9622000162144325e-05,2.217840735235246e-05,2.3423110578993434e-05
6383,2.6446335017404793e-05,1.9620096079505383e-05,2.217626811788687e-05,2.3420925912533947e-05
6384,2.6443976604904724e-05,1.961819295920723e-05,2.2174130250554298e-05,2.341874262322998e-05
6385,2.644161927529694e-05,1.9616291253039193e-05,2.217199394556307e-05,2.3416560823927636e-05
6386,2.6439264078241478e-05,1.9614390898882425e-05,2.21698591655325e-05,2.3414380210981453e-05
6387,2.643691018290705e-05,1.9612491604037143e-05,2.21677257703202e-05,2.3412201304019178e-05
6388,2.6434557990410453e-05,1.9610593721134607e-05,2.216559384595143e-05,2.3410023582278448e-05
6389,2.6432207228331666e-05,1.960869740723495e-05,2.216346341138002e-05,2.340784704095483e-05
6390,2.642985835384652e-05,1.9606801851094846e-05,2.2161334134538235e-05,2.3405672567258404e-05
6391,2.6427510840569277e-05,1.960490753258565e-05,2.2159206552575444e-05,2.340349902824959e-05
6392,2.6425165093459755e-05,1.960301515714627e-05,2.2157080119078518e-05,2.340132731272068e-05
6393,2.64228210280053e-05,1.960112362848512e-05,2.2154955533779964e-05,2.339915651813387e-05
6394,2.6420478385632304e-05,1.9599233565100074e-05,2.2152832012507915e-05,2.3396987285364388e-05
6395,2.6418137338306184e-05,1.959734471591965e-05,2.2150709922038395e-05,2.3394819531401864e-05
6396,2.641579809564122e-05,1.959545712764311e-05,2.2148589631879873e-05,2.3392653093684143e-05
6397,2.6413460151730433e-05,1.9593570989616378e-05,2.2146470360520936e-05,2.3390488203267182e-05
6398,2.6411123987866295e-05,1.959168561676527e-05,2.2144353008959534e-05,2.33883246151013e-05
6399,2.640878939182211e-05,1.958980187030973e-05,2.214223673714077e-05,2.3386162462143882e-05
6400,2.6406456357618867e-05,1.958791955283633e-05,2.2140121903112894e-05,2.3384001796416787e-05
6401,2.6404125100330038e-05,1.958603845764712e-05,2.2138008781043516e-05,2.3381842366451957e-05
6402,2.6401795410845445e-05,1.958415850068734e-05,2.2135896944713134e-05,2.3379684372824698e-05
6403,2.63994671927819e-05,1.9582279907439315e-05,2.2133786433151158e-05,2.3377527724715293e-05
6404,2.639714056999143e-05,1.9580402343009545e-05,2.213167722324215e-05,2.3375372584597424e-05
6405,2.6394815500451153e-05,1.9578526413581235e-05,2.21295696212716e-05,2.337321909812835e-05
6406,2.6392492005624465e-05,1.957665165312915e-05,2.212746374530436e-05,2.337106645045929e-05
6407,2.6390170217627448e-05,1.9574778145066926e-05,2.2125358871128275e-05,2.336891570180642e-05
6408,2.6387850148106616e-05,1.957290594312067e-05,2.2123255981396773e-05,2.3366766181811863e-05
6409,2.6385531377235276e-05,1.9571035042410017e-05,2.2121153925946832e-05,2.336461788449337e-05
6410,2.6383214410826626e-05,1.9569165036738536e-05,2.2119053493089257e-05,2.3362471339576934e-05
6411,2.638089897081311e-05,1.9567296810318108e-05,2.211695443266423e-05,2.3360325918283254e-05
6412,2.6378584965033247e-05,1.956542972610394e-05,2.2114856851828076e-05,2.335818181158559e-05
6413,2.6376272997589818e-05,1.9563563848565534e-05,2.2112760774004887e-05,2.3356039379941922e-05
6414,2.6373962270714208e-05,1.956169911668914e-05,2.211066620445601e-05,2.3353898287482286e-05
6415,2.6371653110369947e-05,1.9559835921797887e-05,2.2108572987117364e-05,2.335175846921035e-05
6416,2.636934564561826e-05,1.9557973980758515e-05,2.210648104353515e-05,2.3349620267809967e-05
6417,2.6367039748754293e-05,1.955611307452054e-05,2.2104390559603373e-05,2.334748326892054e-05
6418,2.636473541598169e-05,1.9554253645333194e-05,2.210230172601714e-05,2.33453475648871e-05
6419,2.6362432663657366e-05,1.95523954335035e-05,2.210021420397557e-05,2.3343213525067307e-05
6420,2.6360131622359074e-05,1.9550538389020155e-05,2.2098128093035688e-05,2.3341080719449634e-05
6421,2.63578321348214e-05,1.9548682743189427e-05,2.209604323088043e-05,2.3338949467087434e-05
6422,2.6355533982982842e-05,1.9546828476072704e-05,2.20939599410134e-05,2.333681927165177e-05
6423,2.6353237819794145e-05,1.9544975169519928e-05,2.2091878194294034e-05,2.333469070694107e-05
6424,2.6350942912759306e-05,1.954312323619051e-05,2.2089797734486397e-05,2.333256354845864e-05
6425,2.634864963090583e-05,1.9541272853490536e-05,2.2087718687230893e-05,2.3330437634678376e-05
6426,2.6346358070266727e-05,1.9539423464544304e-05,2.2085641114613298e-05,2.3328313133468954e-05
6427,2.634406799754515e-05,1.9537575278276926e-05,2.2083564988585764e-05,2.3326190113821475e-05
6428,2.6341779549958027e-05,1.9535728500623394e-05,2.2081490195360243e-05,2.3324068459739484e-05
6429,2.6339492829770943e-05,1.9533882974575676e-05,2.207941666866292e-05,2.332194845761638e-05
6430,2.63372074800371e-05,1.9532038700857642e-05,2.207734496221255e-05,2.3319829439593338e-05
6431,2.6334923713352273e-05,1.9530195655286868e-05,2.2075274582609733e-05,2.3317711879416747e-05
6432,2.6332641525799613e-05,1.952835404817955e-05,2.207320526125436e-05,2.331559556592135e-05
6433,2.6330360974338938e-05,1.9526513503097986e-05,2.2071137872789024e-05,2.331348103239401e-05
6434,2.632808210666363e-05,1.952467442464188e-05,2.2069071614544842e-05,2.3311367839948362e-05
6435,2.6325804592963794e-05,1.952283622142135e-05,2.2067006746803068e-05,2.3309255813825123e-05
6436,2.6323528908396127e-05,1.9520999977908773e-05,2.2064943157482185e-05,2.3307145313344107e-05
6437,2.6321254613306764e-05,1.9519164266875334e-05,2.2062881312824036e-05,2.330503613423073e-05
6438,2.631898198673438e-05,1.95173301273994e-05,2.2060820745217685e-05,2.3302928404002878e-05
6439,2.631671085649817e-05,1.95154973777155e-05,2.205876147165719e-05,2.3300822098872237e-05
6440,2.631444143816567e-05,1.9513665698439153e-05,2.2056703726254014e-05,2.3298716976559238e-05
6441,2.6312173418544727e-05,1.9511835347508264e-05,2.2054647497606692e-05,2.3296613098823885e-05
6442,2.6309907078437964e-05,1.9510006023935214e-05,2.2052592745343055e-05,2.3294511041366655e-05
6443,2.6307642167987854e-05,1.9508178296604494e-05,2.2050539098049148e-05,2.3292410240884164e-05
6444,2.6305379070822207e-05,1.9506351703673142e-05,2.2048486911711013e-05,2.3290310722979846e-05
6445,2.6303117496034002e-05,1.9504526212540797e-05,2.204643641441605e-05,2.3288212621348e-05
6446,2.630085718774329e-05,1.9502702260931645e-05,2.2044387289096295e-05,2.3286115752364464e-05
6447,2.6298598665769855e-05,1.9500879458677656e-05,2.2042339201912767e-05,2.328402030731244e-05
6448,2.6296342052051905e-05,1.9499057943939347e-05,2.204029261971675e-05,2.3281926438847715e-05
6449,2.629408666789035e-05,1.9497237497946988e-05,2.203824759689002e-05,2.3279833857713623e-05
6450,2.6291832873904412e-05,1.9495418444689457e-05,2.203620421427177e-05,2.3277742730631485e-05
6451,2.6289580590145976e-05,1.9493600651883637e-05,2.203416196655341e-05,2.3275652706173703e-05
6452,2.6287329880375008e-05,1.949178422710935e-05,2.2032121128815232e-05,2.3273564273535584e-05
6453,2.628508087321504e-05,1.948996886532823e-05,2.2030081626911625e-05,2.3271477388932945e-05
6454,2.628283356037023e-05,1.948815480882227e-05,2.202804369727538e-05,2.3269391536703314e-05
6455,2.6280587484937765e-05,1.948634209398644e-05,2.2026007125239545e-05,2.3267307246172e-05
6456,2.627834300562214e-05,1.948453059228762e-05,2.2023971943499932e-05,2.326522421282066e-05
6457,2.6276100142750358e-05,1.9482720370747104e-05,2.202193819113967e-05,2.32631425885269e-05
6458,2.627385890270421e-05,1.9480911388630817e-05,2.2019905947753956e-05,2.3261062423245317e-05
6459,2.627161938847167e-05,1.9479103420009465e-05,2.2017874775193007e-05,2.3258983546190614e-05
6460,2.626938125195069e-05,1.9477296966693254e-05,2.2015845323088246e-05,2.3256905877633762e-05
6461,2.626714466534721e-05,1.947549170294339e-05,2.201381700171479e-05,2.3254829887003255e-05
6462,2.626490970175869e-05,1.9473687511316938e-05,2.2011790313229705e-05,2.3252755239956278e-05
6463,2.6262676212579435e-05,1.9471885063705705e-05,2.2009765138849762e-05,2.3250681901299464e-05
6464,2.6260444265110335e-05,1.9470083441387953e-05,2.200774103726915e-05,2.324860981277342e-05
6465,2.6258214047754007e-05,1.946828317309939e-05,2.2005718567270705e-05,2.3246539282393085e-05
6466,2.625598524692443e-05,1.9466484094985387e-05,2.2003697364704234e-05,2.32444699949723e-05
6467,2.625375804481007e-05,1.94646864347033e-05,2.200167778230224e-05,2.3242402096547656e-05
6468,2.6251532497271974e-05,1.94628899330428e-05,2.1999659218128568e-05,2.3240335625880574e-05
6469,2.6249308432586643e-05,1.9461094679126053e-05,2.199764253783629e-05,2.323827045912278e-05
6470,2.6247085951156143e-05,1.9459300675626942e-05,2.199562687236517e-05,2.3236206622512532e-05
6471,2.6244864962434378e-05,1.945750769558651e-05,2.1993612707782755e-05,2.3234144121990517e-05
6472,2.6242645561714915e-05,1.945571614804005e-05,2.199159985149361e-05,2.323208312618478e-05
6473,2.6240427845935668e-05,1.945392608491954e-05,2.1989588669946453e-05,2.3230023298048728e-05
6474,2.623821140735697e-05,1.945213691799395e-05,2.198757886235327e-05,2.3227965191045286e-05
6475,2.6235996675839572e-05,1.9450349094558055e-05,2.1985570085488535e-05,2.3225908240107914e-05
6476,2.6233783639160104e-05,1.9448562318051363e-05,2.1983563101521428e-05,2.3223852594013132e-05
6477,2.6231571952757552e-05,1.9446777274515662e-05,2.198155717287246e-05,2.3221798323896274e-05
6478,2.622936186392375e-05,1.9444993355099253e-05,2.1979552827605712e-05,2.3219745413405425e-05
6479,2.6227153345098583e-05,1.9443210403717442e-05,2.197754989766787e-05,2.3217694058989e-05
6480,2.622494636473643e-05,1.9441428905105153e-05,2.1975548275667348e-05,2.3215643736394608e-05
6481,2.6222740944371478e-05,1.943964848766781e-05,2.1973548214373153e-05,2.3213595128967116e-05
6482,2.622053727673141e-05,1.943786925261034e-05,2.1971549315531183e-05,2.3211547640318177e-05
6483,2.621833492782253e-05,1.9436091484844346e-05,2.1969551880391002e-05,2.3209501793255782e-05
6484,2.6216134144420494e-05,1.9434314682619725e-05,2.1967555941202336e-05,2.3207457055659934e-05
6485,2.6213934923349436e-05,1.9432539409184213e-05,2.1965561266443682e-05,2.320541352626335e-05
6486,2.621173732662192e-05,1.9430765403793645e-05,2.1963568111738286e-05,2.3203371697306917e-05
6487,2.620954121649618e-05,1.9428992383682572e-05,2.196157630370591e-05,2.3201330894689667e-05
6488,2.6207346753208583e-05,1.942722076359113e-05,2.1959585777513312e-05,2.3199291714515336e-05
6489,2.620515379354762e-05,1.9425450427594394e-05,2.1957596829146627e-05,2.3197253710249866e-05
6490,2.620296228461088e-05,1.9423681143732502e-05,2.195560912045384e-05,2.3195217344824556e-05
6491,2.6200772287559424e-05,1.9421913205905988e-05,2.1953622898849306e-05,2.3193182036759943e-05
6492,2.619858394224313e-05,1.942014655194363e-05,2.1951638152048976e-05,2.3191148178255045e-05
6493,2.6196397102378166e-05,1.9418380881522437e-05,2.1949654464606637e-05,2.318911559605776e-05
6494,2.6194211863594797e-05,1.941661678407271e-05,2.194767227827504e-05,2.3187084589901358e-05
6495,2.619202814084988e-05,1.9414853817574613e-05,2.1945691767478133e-05,2.31850548060554e-05
6496,2.6189845935770864e-05,1.9413092080564902e-05,2.1943712177769872e-05,2.318302633683402e-05
6497,2.618766536279664e-05,1.9411331485150033e-05,2.1941734468243035e-05,2.3180999290976096e-05
6498,2.6185486256823947e-05,1.9409572302800094e-05,2.1939757857983056e-05,2.3178973434043395e-05
6499,2.6183308677485543e-05,1.9407814111202655e-05,2.1937782698026316e-05,2.3176949245199676e-05
6500,2.618113276190397e-05,1.940605714026123e-05,2.1935808947160417e-05,2.3174926153852156e-05
6501,2.6178958151379658e-05,1.94043016539617e-05,2.1933836538460537e-05,2.317290450826973e-05
6502,2.6176785263351405e-05,1.9402547266441675e-05,2.193186546927242e-05,2.3170884284351178e-05
6503,2.6174613875944822e-05,1.9400794067672358e-05,2.1929895955549663e-05,2.316886525817948e-05
6504,2.617244394010423e-05,1.939904220210678e-05,2.1927927618699225e-05,2.3166847590446032e-05
6505,2.6170275635214718e-05,1.9397291540920292e-05,2.1925960757060613e-05,2.316483129192206e-05
6506,2.6168108926935767e-05,1.9395541989075432e-05,2.192399522206242e-05,2.316281641016997e-05
6507,2.6165943739885496e-05,1.9393793848079194e-05,2.1922031091233508e-05,2.316080299552524e-05
6508,2.616378013860401e-05,1.93920467079416e-05,2.1920068348735902e-05,2.3158790678695305e-05
6509,2.616161782363446e-05,1.939030109195351e-05,2.1918106985713805e-05,2.315677975886785e-05
6510,2.615945726134607e-05,1.9388556636966905e-05,2.19161471422935e-05,2.3154770266304525e-05
6511,2.6157298257720795e-05,1.9386813191123197e-05,2.191418847818406e-05,2.3152762132513245e-05
6512,2.615514065520234e-05,1.938507127506069e-05,2.191223125434312e-05,2.3150755235975853e-05
6513,2.6152984603013473e-05,1.9383330357316553e-05,2.1910275463680093e-05,2.3148749846646915e-05
6514,2.6150830106154047e-05,1.9381590538160154e-05,2.1908320944319018e-05,2.3146745635173744e-05
6515,2.6148677144179197e-05,1.9379852276543666e-05,2.1906367880946145e-05,2.314474289041327e-05
6516,2.6146525693222243e-05,1.937811504046009e-05,2.1904416048063594e-05,2.314274139604203e-05
6517,2.61443758989737e-05,1.9376379188622425e-05,2.19024659361206e-05,2.314074128425023e-05
6518,2.614222762621531e-05,1.9374644446602075e-05,2.1900516825628572e-05,2.3138742419956158e-05
6519,2.614008074599289e-05,1.937291089098963e-05,2.189856924137909e-05,2.3136745062640893e-05
6520,2.613793552254084e-05,1.937117866831709e-05,2.189662308968189e-05,2.313474893719593e-05
6521,2.6135791816487266e-05,1.9369447639786424e-05,2.1894678422401228e-05,2.3132754174532986e-05
6522,2.6133649456616198e-05,1.9367717815760563e-05,2.189273497227267e-05,2.313076072109742e-05
6523,2.6131508853587922e-05,1.936598916832892e-05,2.1890792786260033e-05,2.3128768790006305e-05
6524,2.6129369629904348e-05,1.9364261738338522e-05,2.188885206663482e-05,2.312677814360376e-05
6525,2.612723191472013e-05,1.9362535512802585e-05,2.1886912647913812e-05,2.312478871596099e-05
6526,2.6125095909854225e-05,1.9360810708905113e-05,2.1884974771005933e-05,2.312280049495227e-05
6527,2.6122961335029564e-05,1.9359086846948916e-05,2.1883038122995734e-05,2.3120813888702712e-05
6528,2.6120828222065502e-05,1.9357364310014283e-05,2.1881102866834445e-05,2.3118828518059164e-05
6529,2.611869669394927e-05,1.93556431554935e-05,2.1879169135524656e-05,2.311684435816419e-05
6530,2.611656671390498e-05,1.935392312278856e-05,2.187723667141477e-05,2.3114861878989133e-05
6531,2.611443826239115e-05,1.935220414926661e-05,2.1875305563690324e-05,2.3112880396812942e-05
6532,2.6112311284067702e-05,1.935048659738135e-05,2.1873375803697564e-05,2.3110900419712712e-05
6533,2.611018584820017e-05,1.9348770261806068e-05,2.1871447412594056e-05,2.310892171954473e-05
6534,2.6108061929172133e-05,1.9347055036449234e-05,2.1869520444939495e-05,2.310694436198019e-05
6535,2.6105939618906236e-05,1.9345340977754046e-05,2.1867594695757102e-05,2.3104968350803004e-05
6536,2.6103818697370518e-05,1.934362830040403e-05,2.186567051375774e-05,2.310299360955123e-05
6537,2.6101699373580786e-05,1.9341916838702553e-05,2.1863747682901666e-05,2.310102023484339e-05
6538,2.6099581524213334e-05,1.934020634871493e-05,2.186182613169521e-05,2.309904828014885e-05
6539,2.6097465326762614e-05,1.9338497236449565e-05,2.185990590788432e-05,2.3097077599125946e-05
6540,2.6095350547219592e-05,1.9336789305960885e-05,2.1857987063741846e-05,2.309510821427374e-05
6541,2.6093237245521903e-05,1.9335082626268122e-05,2.185606977850962e-05,2.309314005080294e-05
6542,2.6091125555133877e-05,1.9333377250376404e-05,2.1854153541008546e-05,2.3091173479819556e-05
6543,2.6089015320888828e-05,1.93316730121201e-05,2.185223894053829e-05,2.3089208085926787e-05
6544,2.6086906563740144e-05,1.932997001119448e-05,2.1850325533493095e-05,2.30872440962006e-05
6545,2.608479938150897e-05,1.932826809884956e-05,2.1848413543825667e-05,2.3085281288379145e-05
6546,2.6082693802937362e-05,1.932656747863139e-05,2.1846502990071324e-05,2.3083319922865586e-05
6547,2.6080589675245232e-05,1.932486807793809e-05,2.184459366542756e-05,2.3081360041489008e-05
6548,2.6078487073134233e-05,1.9323169873308424e-05,2.1842685827853417e-05,2.3079401270418142e-05
6549,2.607638585505472e-05,1.932147292291446e-05,2.184077923340162e-05,2.30774438434758e-05
6550,2.6074286415882078e-05,1.931977708275069e-05,2.1838874073345688e-05,2.307548774690777e-05
6551,2.6072188242451538e-05,1.9318082507805876e-05,2.1836970155762023e-05,2.307353316268795e-05
6552,2.6070091676926592e-05,1.931638923891734e-05,2.1835067818955608e-05,2.3071579587062056e-05
6553,2.6067996554387073e-05,1.9314696965002975e-05,2.1833166774394024e-05,2.3069627502759164e-05
6554,2.6065903070930545e-05,1.9313006057249228e-05,2.1831266999496705e-05,2.3067676761944748e-05
6555,2.606381102857975e-05,1.9311316433143477e-05,2.1829368648214444e-05,2.3065727220200098e-05
6556,2.6061720510199504e-05,1.930962786161149e-05,2.1827471646932467e-05,2.3063779236811195e-05
6557,2.6059631593001524e-05,1.930794055864172e-05,2.1825576058947497e-05,2.3061832351040324e-05
6558,2.605754405217072e-05,1.930625439774161e-05,2.182368164422923e-05,2.3059886981090315e-05
6559,2.6055458018224873e-05,1.9304569637510135e-05,2.182178873329725e-05,2.305794282090243e-05
6560,2.6053373647127144e-05,1.9302885813157935e-05,2.1819897197014405e-05,2.3055999940460432e-05
6561,2.6051290646762004e-05,1.9301203414499258e-05,2.181800673508883e-05,2.3054058511006753e-05
6562,2.604920918930701e-05,1.92995221426981e-05,2.1816117993302106e-05,2.305211829590706e-05
6563,2.6047129285326846e-05,1.9297842080395107e-05,2.1814230557937493e-05,2.3050179513408917e-05
6564,2.6045050774419427e-05,1.9296163228159528e-05,2.181234427894405e-05,2.3048241874319242e-05
6565,2.6042973892719733e-05,1.9294485461377923e-05,2.181045953920932e-05,2.304630568799934e-05
6566,2.6040898437223026e-05,1.929280901370888e-05,2.1808576032654148e-05,2.3044370732980165e-05
6567,2.6038824555230915e-05,1.929113381199343e-05,2.1806693967222203e-05,2.3042437190905268e-05
6568,2.603675220067932e-05,1.9289459687051124e-05,2.180481317336958e-05,2.3040504938528452e-05
6569,2.603468123908799e-05,1.928778691657559e-05,2.1802933765831142e-05,2.303857395793077e-05
6570,2.6032611808990762e-05,1.9286115221634986e-05,2.1801055725098893e-05,2.303664436909406e-05
6571,2.6030543966060167e-05,1.9284444768358743e-05,2.179917900080233e-05,2.303471607238708e-05
6572,2.6028477599985726e-05,1.92827755272442e-05,2.1797303559805532e-05,2.303278904021913e-05
6573,2.6026412715357222e-05,1.928110756373097e-05,2.179542968767412e-05,2.3030863346252787e-05
6574,2.6024349322031747e-05,1.9279440577207163e-05,2.1793556983209086e-05,2.3028939026859617e-05
6575,2.602228749667118e-05,1.92777749933238e-05,2.1791685708966332e-05,2.302701589849333e-05
6576,2.6020227109377824e-05,1.9276110512028758e-05,2.178981578238562e-05,2.3025094286292987e-05
6577,2.6018168155551458e-05,1.9274447301146974e-05,2.178794715306509e-05,2.3023173758556957e-05
6578,2.6016110847145725e-05,1.927278520474311e-05,2.1786079854178416e-05,2.302125461261843e-05
6579,2.6014054955607666e-05,1.927112442033643e-05,2.1784213976376413e-05,2.3019336880329762e-05
6580,2.6012000602937192e-05,1.9269464691051302e-05,2.1782349456725427e-05,2.3017420446634922e-05
6581,2.6009947675249165e-05,1.926780619291986e-05,2.1780486200138664e-05,2.3015505331608388e-05
6582,2.6007896290202224e-05,1.9266149075378078e-05,2.1778624285432425e-05,2.3013591443205207e-05
6583,2.6005846412324868e-05,1.926449283478325e-05,2.177676373623732e-05,2.3011678930393012e-05
6584,2.6003798059790586e-05,1.9262838076629335e-05,2.1774904636778602e-05,2.300976757432518e-05
6585,2.600175117121538e-05,1.926118446603438e-05,2.1773046765535373e-05,2.3007857684837416e-05
6586,2.599970580707705e-05,1.9259531817437903e-05,2.1771190273159064e-05,2.3005949143192123e-05
6587,2.59976619368849e-05,1.9257880667854138e-05,2.1769335183430623e-05,2.300404177974066e-05
6588,2.5995619558943707e-05,1.9256230561840616e-05,2.1767481378478444e-05,2.3002135838589933e-05
6589,2.599357864950836e-05,1.925458169627781e-05,2.1765628983224827e-05,2.300023109297004e-05
6590,2.59915392823886e-05,1.925293397616357e-05,2.1763777803841538e-05,2.2998327765332676e-05
6591,2.5989501402762183e-05,1.9251287350950352e-05,2.1761928071597244e-05,2.2996425665111975e-05
6592,2.5987464895576937e-05,1.9249642089797464e-05,2.176007966500795e-05,2.299452486718572e-05
6593,2.5985430042324717e-05,1.9247997970467445e-05,2.1758232581296305e-05,2.2992625466797234e-05
6594,2.5983396534862737e-05,1.9246355070953517e-05,2.1756386815064368e-05,2.299072731034854e-05
6595,2.5981364683659346e-05,1.924471327385579e-05,2.17545423920564e-05,2.2988830395739662e-05
6596,2.59793342304633e-05,1.924307276615015e-05,2.175269928543249e-05,2.2986934988224844e-05
6597,2.597730529807165e-05,1.9241433458909175e-05,2.1750857660026034e-05,2.2985040720184776e-05
6598,2.597527780585633e-05,1.9239795256943492e-05,2.1749017275170926e-05,2.2983147759684168e-05
6599,2.5973251885863784e-05,1.9238158293677673e-05,2.1747178248659204e-05,2.2981256095218612e-05
6600,2.597122740498303e-05,1.9236522465044546e-05,2.1745340516458603e-05,2.2979365735462818e-05
6601,2.5969204397902326e-05,1.9234887886951752e-05,2.174350412196554e-05,2.2977476737391735e-05
6602,2.596718291742483e-05,1.9233254567290266e-05,2.1741669121010035e-05,2.297558905533831e-05
6603,2.5965162899586747e-05,1.9231622186746656e-05,2.1739835404575442e-05,2.297370273612557e-05
6604,2.5963144333391984e-05,1.9229991175740793e-05,2.173800304841199e-05,2.297181760200451e-05
6605,2.5961127300906532e-05,1.9228361320410938e-05,2.173617211244109e-05,2.2969933755109403e-05
6606,2.5959111767519515e-05,1.9226732694639754e-05,2.173434227929395e-05,2.2968051277404527e-05
6607,2.5957097716576508e-05,1.9225105168748008e-05,2.1732513990489125e-05,2.2966170009069746e-05
6608,2.5955085169661916e-05,1.922347889852607e-05,2.173068693754754e-05,2.2964290119218985e-05
6609,2.5953074069504975e-05,1.9221853829116016e-05,2.1728861338841834e-05,2.2962411513095614e-05
6610,2.5951064473872997e-05,1.922022988569543e-05,2.1727037014006098e-05,2.2960534213506944e-05
6611,2.5949056343982565e-05,1.92186072166508e-05,2.1725213840809964e-05,2.2958658164407922e-05
6612,2.594704971800761e-05,1.921698566570332e-05,2.172339217774875e-05,2.2956783462035724e-05
6613,2.5945044615727958e-05,1.9215365226130614e-05,2.1721571905588517e-05,2.2954909894270075e-05
6614,2.594304087347195e-05,1.921374608494403e-05,2.1719752928424886e-05,2.295303789426945e-05
6615,2.5941038690268062e-05,1.9212128109463903e-05,2.171793514727695e-05,2.2951167105985446e-05
6616,2.5939037987510327e-05,1.9210511297174017e-05,2.171611889098062e-05,2.2949297557062665e-05
6617,2.593703874854267e-05,1.920889561274123e-05,2.1714303880761418e-05,2.2947429325782566e-05
6618,2.593504105684759e-05,1.9207281140342127e-05,2.171249018371842e-05,2.29455624212828e-05
6619,2.5933044755617852e-05,1.9205667950923298e-05,2.1710677804792924e-05,2.2943696708191607e-05
6620,2.593104997353275e-05,1.9204055874734277e-05,2.1708866798678647e-05,2.2941832386441688e-05
6621,2.592905670335006e-05,1.920244493605174e-05,2.170705700708317e-05,2.2939969390454412e-05
6622,2.5927064847597724e-05,1.920083518361544e-05,2.170524866940791e-05,2.2938107610900635e-05
6623,2.5925074515868204e-05,1.9199226626783587e-05,2.1703441638484256e-05,2.2936247140972297e-05
6624,2.592308568970872e-05,1.9197619324009783e-05,2.1701635916162987e-05,2.2934387883809305e-05
6625,2.592109826400806e-05,1.9196013100980713e-05,2.169983155347611e-05,2.2932530073235878e-05
6626,2.5919112400239653e-05,1.9194408117256593e-05,2.169802851360533e-05,2.293067354437409e-05
6627,2.5917127995519236e-05,1.919280427608377e-05,2.169622675930284e-05,2.2928818161131866e-05
6628,2.5915144974123128e-05,1.9191201628093067e-05,2.169442630792805e-05,2.2926964175445027e-05
6629,2.591316354787351e-05,1.9189600202276923e-05,2.169262726450835e-05,2.2925111424142247e-05
6630,2.591118353270688e-05,1.918799986637633e-05,2.1690829520597266e-05,2.292326001664852e-05
6631,2.5909204996089614e-05,1.9186400686805762e-05,2.168903307711772e-05,2.292140991233864e-05
6632,2.590722795161388e-05,1.9184802791409112e-05,2.168723798396373e-05,2.2919560991525506e-05
6633,2.590525236568186e-05,1.9183205993561045e-05,2.168544424444248e-05,2.2917713448620323e-05
6634,2.5903278260302684e-05,1.9181610468836097e-05,2.1683651740456636e-05,2.291586721219004e-05
6635,2.5901305624440586e-05,1.9180016031481917e-05,2.1681860542609954e-05,2.291402220513973e-05
6636,2.589933447585955e-05,1.9178422760035633e-05,2.1680070821699128e-05,2.2912178507175015e-05
6637,2.5897364751941155e-05,1.9176830724502338e-05,2.1678282388267153e-05,2.2910336147895227e-05
6638,2.589539660471717e-05,1.9175239789977152e-05,2.1676495138480723e-05,2.2908495040176733e-05
6639,2.5893429791469888e-05,1.9173650125041547e-05,2.1674709279355266e-05,2.2906655138899477e-05
6640,2.5891464602893836e-05,1.91720615620273e-05,2.1672924730467823e-05,2.2904816605458363e-05
6641,2.5889500793058277e-05,1.9170474149813482e-05,2.1671141620521337e-05,2.2902979293614525e-05
6642,2.5887538398147383e-05,1.916888801890601e-05,2.166935972921315e-05,2.290114330068697e-05
6643,2.588557756713394e-05,1.9167302994562984e-05,2.1667579170745716e-05,2.2899308686448143e-05
6644,2.5883618184081205e-05,1.916571909499987e-05,2.1665799954932818e-05,2.2897475244042986e-05
6645,2.5881660207785656e-05,1.9164136381338753e-05,2.1664021971453073e-05,2.289564313201217e-05
6646,2.5879703758886694e-05,1.9162554881421176e-05,2.166224544199406e-05,2.2893812309133944e-05
6647,2.5877748776326326e-05,1.916097453869491e-05,2.166047012623451e-05,2.2891982679972545e-05
6648,2.587579525808333e-05,1.9159395442805353e-05,2.1658696148548104e-05,2.2890154445988096e-05
6649,2.587384319594366e-05,1.9157817303021356e-05,2.1656923522483233e-05,2.288832742199191e-05
6650,2.5871892560288466e-05,1.9156240513977537e-05,2.1655152182747522e-05,2.288650173202103e-05
6651,2.5869943466768878e-05,1.915466487457797e-05,2.1653382170029053e-05,2.2884677233061697e-05
6652,2.5867995788044445e-05,1.9153090371511965e-05,2.1651613515596934e-05,2.28828541219125e-05
6653,2.5866049613642827e-05,1.9151517061351722e-05,2.1649846073940284e-05,2.2881032265347126e-05
6654,2.5864104893916536e-05,1.9149944867218408e-05,2.164808007285887e-05,2.287921160136246e-05
6655,2.5862161694569698e-05,1.9148373866737364e-05,2.164631531844355e-05,2.2877392309783236e-05
6656,2.586021985216403e-05,1.9146804050124342e-05,2.164455189974896e-05,2.287557425912353e-05
6657,2.5858279502264495e-05,1.9145235394006716e-05,2.164278974896698e-05,2.2873757535169802e-05
6658,2.5856340605571428e-05,1.914366787146883e-05,2.164102885252431e-05,2.2871941976827627e-05
6659,2.585440316002874e-05,1.914210156104295e-05,2.1639269443360924e-05,2.2870127798387574e-05
6660,2.58524672459302e-05,1.9140536395178474e-05,2.1637511259149633e-05,2.286831488310652e-05
6661,2.585053276171805e-05,1.9138972425035882e-05,2.1635754314336605e-05,2.2866503194765923e-05
6662,2.5848599707774902e-05,1.913740957096019e-05,2.163399881930624e-05,2.2864692852990655e-05
6663,2.5846668132843562e-05,1.9135847843093484e-05,2.1632244540406356e-05,2.2862883762516123e-05
6664,2.5844738021090657e-05,1.91342873834096e-05,2.1630491645428295e-05,2.286107589654805e-05
6665,2.584280937906893e-05,1.9132728049566e-05,2.1628739963497086e-05,2.2859269418795415e-05
6666,2.5840882129353643e-05,1.9131169858660378e-05,2.1626989668372775e-05,2.285746403241906e-05
6667,2.583895642964393e-05,1.912961284932441e-05,2.162524068990954e-05,2.2855660061798808e-05
6668,2.5837032109359723e-05,1.9128057007691188e-05,2.1623493055557428e-05,2.2853857296619507e-05
6669,2.5835109310185306e-05,1.91265023120642e-05,2.1621746670370442e-05,2.2852055916873017e-05
6670,2.5833187922750926e-05,1.9124948769306187e-05,2.1620001505791266e-05,2.2850255679663364e-05
6671,2.5831268027870715e-05,1.912339643461029e-05,2.1618257754673866e-05,2.2848456775959446e-05
6672,2.5829349541639027e-05,1.9121845220319833e-05,2.161651538176534e-05,2.284665909450952e-05
6673,2.582743257984584e-05,1.9120295163162225e-05,2.1614774178983582e-05,2.2844862757491476e-05
6674,2.582551703521811e-05,1.9118746307995985e-05,2.161303433367388e-05,2.284306767088766e-05
6675,2.5823602969660404e-05,1.9117198542206798e-05,2.1611295820179222e-05,2.284127389030388e-05
6676,2.5821690274290834e-05,1.9115652013291386e-05,2.1609558589558806e-05,2.2839481290031554e-05
6677,2.5819779089016917e-05,1.9114106563348854e-05,2.1607822636124088e-05,2.283768996770818e-05
6678,2.5817869339993385e-05,1.9112562377579315e-05,2.16060880997024e-05,2.283589992986631e-05
6679,2.5815961094675107e-05,1.911101924276857e-05,2.1604354713512176e-05,2.283411117979672e-05
6680,2.581405423948804e-05,1.9109477290998306e-05,2.1602622734792302e-05,2.2832323687227017e-05
6681,2.5812148879726028e-05,1.910793654936377e-05,2.160089201838286e-05,2.2830537524829003e-05
6682,2.5810244953824384e-05,1.9106396885028826e-05,2.1599162644795534e-05,2.2828752608772743e-05
6683,2.5808342485409893e-05,1.910485842806597e-05,2.159743458120821e-05,2.2826968893176815e-05
6684,2.5806441477920563e-05,1.9103321196922063e-05,2.159570775599552e-05,2.282518644554819e-05
6685,2.580454188465963e-05,1.9101784974782084e-05,2.1593982282082627e-05,2.2823405303737947e-05
6686,2.5802643778028843e-05,1.910025001830742e-05,2.1592258052996885e-05,2.2821625422277153e-05
6687,2.5800747090351782e-05,1.9098716191369003e-05,2.1590535251682815e-05,2.281984683156899e-05
6688,2.5798851861727462e-05,1.909718346139185e-05,2.158881366492964e-05,2.2818069441754902e-05
6689,2.579695807823626e-05,1.9095651928564497e-05,2.158709336380675e-05,2.2816293371073697e-05
6690,2.5795065757997503e-05,1.9094121552406226e-05,2.1585374372532592e-05,2.2814518533426174e-05
6691,2.579317486968471e-05,1.909259237369018e-05,2.158365667682398e-05,2.2812745020818676e-05
6692,2.579128539957375e-05,1.9091064265416526e-05,2.1581940400418597e-05,2.2810972656172916e-05
6693,2.578939743372318e-05,1.9089537353527864e-05,2.1580225248589434e-05,2.280920159836694e-05
6694,2.5787510910187826e-05,1.9088011634706654e-05,2.1578511529380884e-05,2.280743187405554e-05
6695,2.5785625800214676e-05,1.908648697617707e-05,2.1576798972094995e-05,2.28056634025222e-05
6696,2.5783742160345258e-05,1.9084963551496304e-05,2.1575087880329752e-05,2.2803896152989535e-05
6697,2.5781859940801577e-05,1.9083441216743795e-05,2.1573377958068758e-05,2.2802130134396805e-05
6698,2.5779979166345043e-05,1.908192008427524e-05,2.1571669395838528e-05,2.2800365396321055e-05
6699,2.577809983327867e-05,1.9080400031444456e-05,2.1569962085901282e-05,2.2798601926037497e-05
6700,2.5776221961113076e-05,1.9078881190935967e-05,2.156825615491695e-05,2.279683976636653e-05
6701,2.5774345520530394e-05,1.9077363514471346e-05,2.156655147698688e-05,2.2795078784624686e-05
6702,2.577247054018283e-05,1.9075846926641224e-05,2.1564848065253364e-05,2.2793319134365463e-05
6703,2.5770597029965778e-05,1.9074331574179504e-05,2.1563145935825883e-05,2.2791560675089326e-05
6704,2.5768724894572707e-05,1.90728172811372e-05,2.1561445104536415e-05,2.2789803505403043e-05
6705,2.576685419672561e-05,1.9071304204064754e-05,2.1559745616710292e-05,2.278804758581168e-05
6706,2.576498496958007e-05,1.906979224133361e-05,2.1558047410070464e-05,2.2786292960286755e-05
6707,2.57631171638924e-05,1.9068281437277018e-05,2.1556350507966423e-05,2.2784539544341677e-05
6708,2.576125082897038e-05,1.906677171421464e-05,2.1554654908968003e-05,2.2782787439236462e-05
6709,2.5759385900348242e-05,1.9065263216219272e-05,2.1552960587770093e-05,2.2781036566135456e-05
6710,2.575752245800512e-05,1.9063755848168245e-05,2.1551267522897546e-05,2.2779286934194442e-05
6711,2.575566042796702e-05,1.9062249622889933e-05,2.154957576060348e-05,2.277753856239858e-05
6712,2.575379982805352e-05,1.906074455755559e-05,2.1547885354478497e-05,2.27757914048145e-05
6713,2.5751940655785646e-05,1.905924061166276e-05,2.1546196216728876e-05,2.2774045589969953e-05
6714,2.5750082950157528e-05,1.9057737825942623e-05,2.1544508312124166e-05,2.277230095681455e-05
6715,2.574822666203041e-05,1.9056236202742426e-05,2.154282171021563e-05,2.2770557580435172e-05
6716,2.5746371813133627e-05,1.9054735659533038e-05,2.1541136459176938e-05,2.2768815521353535e-05
6717,2.574451840238296e-05,1.905323638382026e-05,2.1539452518447188e-05,2.2767074646514926e-05
6718,2.5742666425903603e-05,1.9051738156372345e-05,2.1537769763676392e-05,2.2765335054111615e-05
6719,2.5740815910599243e-05,1.9050241039247216e-05,2.1536088351067604e-05,2.276359671263569e-05
6720,2.5738966781342526e-05,1.9048745132457436e-05,2.1534408284534664e-05,2.2761859622901427e-05
6721,2.5737119109752603e-05,1.9047250392481772e-05,2.153272942941493e-05,2.2760123745828477e-05
6722,2.5735272872600438e-05,1.904575674023037e-05,2.153105185812834e-05,2.275838920871853e-05
6723,2.5733428053703674e-05,1.904426425132536e-05,2.1529375602126943e-05,2.275665582839863e-05
6724,2.573158468181781e-05,1.904277291762603e-05,2.1527700666958053e-05,2.275492376442521e-05
6725,2.5729742711665004e-05,1.9041282697066758e-05,2.1526026932572038e-05,2.275319292774242e-05
6726,2.5727902198090435e-05,1.9039793622348904e-05,2.1524354591303364e-05,2.2751463328381083e-05
6727,2.5726063148438465e-05,1.9038305704884685e-05,2.152268346848454e-05,2.274973499485592e-05
6728,2.5724225472654978e-05,1.903681892690657e-05,2.1521013626278324e-05,2.2748007931225026e-05
6729,2.5722389282007395e-05,1.9035333250054162e-05,2.151934510685391e-05,2.2746282054491537e-05
6730,2.5720554439797057e-05,1.9033848728876078e-05,2.151767789131718e-05,2.2744557483574398e-05
6731,2.5718721140009964e-05,1.9032365356354908e-05,2.1516011903348416e-05,2.2742834117080528e-05
6732,2.5716889188363564e-05,1.9030883107472965e-05,2.1514347229961575e-05,2.2741112042603488e-05
6733,2.5715058698564e-05,1.902940199158056e-05,2.151268381041399e-05,2.273939117235198e-05
6734,2.5713229607257784e-05,1.9027922068936896e-05,2.1511021734278942e-05,2.273767154443165e-05
6735,2.571140198403505e-05,1.9026443228935823e-05,2.1509360913271095e-05,2.273595323550263e-05
6736,2.570957574327411e-05,1.9024965611333896e-05,2.150770140298996e-05,2.273423608646397e-05
6737,2.5707750949922285e-05,1.9023489088655024e-05,2.150604309345959e-05,2.273252018005755e-05
6738,2.5705927611450636e-05,1.9022013651332755e-05,2.1504386117520572e-05,2.2730805586753986e-05
6739,2.570410566586048e-05,1.9020539364932787e-05,2.1502730437606923e-05,2.272909223000705e-05
6740,2.5702285154732084e-05,1.9019066248445174e-05,2.150107603845917e-05,2.2727380068469418e-05
6741,2.570046607276405e-05,1.9017594222530754e-05,2.1499422903151875e-05,2.272566918517046e-05
6742,2.5698648409280973e-05,1.901612337414885e-05,2.149777105741339e-05,2.2723959525845842e-05
6743,2.5696832134782063e-05,1.901465364935129e-05,2.149612046628052e-05,2.2722251090888075e-05
6744,2.5695017335955822e-05,1.901318504107736e-05,2.1494471196813787e-05,2.2720543946775696e-05
6745,2.569320395434752e-05,1.9011717583709475e-05,2.1492823167792407e-05,2.271883802599957e-05
6746,2.569139197866313e-05,1.9010251317788746e-05,2.1491176470336497e-05,2.2717133339474756e-05
6747,2.5689581419660844e-05,1.9008786068222997e-05,2.148953104436503e-05,2.2715429915672346e-05
6748,2.568777232827865e-05,1.900732205599633e-05,2.1487886857762293e-05,2.2713727692434865e-05
6749,2.5685964610751822e-05,1.9005859092384056e-05,2.1486243970356928e-05,2.27120267411801e-05
6750,2.56841583276509e-05,1.900439728895187e-05,2.1484602342810246e-05,2.271032705013119e-05
6751,2.5682353479399975e-05,1.9002936645206347e-05,2.1482961973922244e-05,2.2708628545520336e-05
6752,2.5680550039429342e-05,1.900147708848472e-05,2.1481322951626382e-05,2.270693129352544e-05
6753,2.5678748017202114e-05,1.9000018704924522e-05,2.1479685161102877e-05,2.270523530862374e-05
6754,2.567694743030386e-05,1.899856145331383e-05,2.147804868403067e-05,2.2703540522181595e-05
6755,2.5675148246751162e-05,1.8997105309628007e-05,2.1476413444441842e-05,2.27018469887273e-05
6756,2.567335047563157e-05,1.899565030197927e-05,2.147477950180062e-05,2.27001547000532e-05
6757,2.5671554157544988e-05,1.8994196419000305e-05,2.1473146830423463e-05,2.269846365863042e-05
6758,2.5669759233888596e-05,1.8992743663152008e-05,2.1471515433372183e-05,2.2696773860036867e-05
6759,2.5667965738069677e-05,1.899129209671244e-05,2.1469885302970426e-05,2.2695085255539653e-05
6760,2.5666173613434546e-05,1.8989841590104213e-05,2.1468256478393965e-05,2.269339793550713e-05
6761,2.56643829576859e-05,1.8988392224282616e-05,2.1466628913967075e-05,2.2691711787221456e-05
6762,2.566259371548435e-05,1.8986943983051836e-05,2.146500256896654e-05,2.2690026950342316e-05
6763,2.566080583946722e-05,1.898549687607986e-05,2.146337755985989e-05,2.2688343285452663e-05
6764,2.565901943956296e-05,1.898405091451709e-05,2.1461753820881123e-05,2.2686660885300606e-05
6765,2.565723444804741e-05,1.8982606085428612e-05,2.1460131311381047e-05,2.2684979724763755e-05
6766,2.565545083995221e-05,1.8981162356673136e-05,2.1458510122406312e-05,2.2683299801148065e-05
6767,2.5653668663388134e-05,1.897971978243418e-05,2.1456890182657072e-05,2.268162109054122e-05
6768,2.565188789030634e-05,1.897827832987829e-05,2.1455271517350216e-05,2.2679943610909547e-05
6769,2.5650108564464015e-05,1.897683799322832e-05,2.1453654098161986e-05,2.2678267395361724e-05
6770,2.5648330623791493e-05,1.897539874207595e-05,2.145203801856373e-05,2.2676592394774366e-05
6771,2.564655408086012e-05,1.8973960659962857e-05,2.145042315531564e-05,2.2674918634659762e-05
6772,2.5644778985164985e-05,1.897252368992453e-05,2.14488095621005e-05,2.267324606155351e-05
6773,2.5643005272886536e-05,1.8971087871599064e-05,2.1447197237990504e-05,2.2671574764487375e-05
6774,2.5641232989653982e-05,1.896965315487907e-05,2.144558623058702e-05,2.2669904678297115e-05
6775,2.5639462114008036e-05,1.896821953286246e-05,2.1443976451582207e-05,2.266823585137998e-05
6776,2.5637692638120943e-05,1.896678711261289e-05,2.1442367943552304e-05,2.2666568215646094e-05
6777,2.5635924587273274e-05,1.896535572926916e-05,2.1440760733779472e-05,2.2664901826578524e-05
6778,2.5634157936329717e-05,1.8963925555320125e-05,2.143915475161863e-05,2.2663236675282216e-05
6779,2.563239270552459e-05,1.8962496426031202e-05,2.143755003182084e-05,2.266157272109861e-05
6780,2.5630628874374803e-05,1.8961068474499193e-05,2.1435946618853803e-05,2.2659910053529298e-05
6781,2.5628866456996526e-05,1.8959641613720926e-05,2.1434344465222363e-05,2.2658248546998072e-05
6782,2.562710543513709e-05,1.8958215873198153e-05,2.143274355528233e-05,2.2656588351036413e-05
6783,2.5625345815985388e-05,1.8956791287492303e-05,2.1431143942449677e-05,2.2654929299212737e-05
6784,2.5623587626819185e-05,1.895536776842234e-05,2.142954557359787e-05,2.2653271520922247e-05
6785,2.5621830838091388e-05,1.8953945411063248e-05,2.1427948475211382e-05,2.2651614942563102e-05
6786,2.562007546735001e-05,1.895252414675916e-05,2.1426352649412555e-05,2.2649959636556173e-05
6787,2.561832147351925e-05,1.895110402175271e-05,2.142475807207753e-05,2.2648305523550223e-05
6788,2.561656889791427e-05,1.89496850185559e-05,2.1423164774058396e-05,2.264665261582823e-05
6789,2.5614817749055915e-05,1.8948267143984663e-05,2.142157272719276e-05,2.264500092950782e-05
6790,2.561306797686807e-05,1.894685035013059e-05,2.1419981962060465e-05,2.2643350497189276e-05
6791,2.5611319633629368e-05,1.894543472283269e-05,2.1418392440112464e-05,2.264170128682964e-05
6792,2.5609572678881857e-05,1.8944020207039127e-05,2.1416804191232784e-05,2.2640053310864356e-05
6793,2.5607827103131784e-05,1.8942606785878263e-05,2.1415217208660466e-05,2.2638406526124456e-05
6794,2.5606082965816998e-05,1.8941194503008982e-05,2.1413631490948285e-05,2.2636760986597377e-05
6795,2.5604340225950407e-05,1.8939783277805974e-05,2.1412047037064576e-05,2.2635116666365685e-05
6796,2.5602598885632553e-05,1.893837324904528e-05,2.141046381115711e-05,2.2633473556193484e-05
6797,2.5600858950972312e-05,1.8936964294100922e-05,2.140888190686126e-05,2.263183167977141e-05
6798,2.5599120415930225e-05,1.8935556455910996e-05,2.140730122067613e-05,2.2630191058634298e-05
6799,2.5597383262361178e-05,1.8934149727895547e-05,2.1405721804503397e-05,2.262855161225737e-05
6800,2.559564756427147e-05,1.893274414509343e-05,2.140414366763816e-05,2.2626913399871905e-05
6801,2.559391321336322e-05,1.8931339657754222e-05,2.140256676258493e-05,2.2625276404201482e-05
6802,2.559218027273803e-05,1.892993630075998e-05,2.1400991141922494e-05,2.2623640634257177e-05
6803,2.559044873667963e-05,1.8928534065859607e-05,2.1399416736768476e-05,2.2622006067172397e-05
6804,2.558871859960924e-05,1.892713293525749e-05,2.1397843647217775e-05,2.262037275146861e-05
6805,2.558698985306376e-05,1.8925732892568126e-05,2.139627178212004e-05,2.2618740637106433e-05
6806,2.5585262524122863e-05,1.892433395406722e-05,2.1394701183720125e-05,2.261710972784149e-05
6807,2.5583536592048574e-05,1.8922936184660653e-05,2.139313186211881e-05,2.2615480083957732e-05
6808,2.558181203999651e-05,1.8921539465380655e-05,2.1391563761501904e-05,2.2613851620973192e-05
6809,2.5580088915853442e-05,1.8920143921240114e-05,2.1389996941597538e-05,2.2612224378184913e-05
6810,2.5578367157501235e-05,1.8918749449153237e-05,2.1388431385499495e-05,2.261059835453427e-05
6811,2.55766468261426e-05,1.891735613436646e-05,2.1386867047179843e-05,2.260897353949354e-05
6812,2.5574927844943248e-05,1.8915963897030448e-05,2.138530399416784e-05,2.2607349945038383e-05
6813,2.5573210299467907e-05,1.8914572755104624e-05,2.1383742222389396e-05,2.260572758327733e-05
6814,2.5571494133852847e-05,1.8913182757341622e-05,2.13821816547216e-05,2.2604106438812092e-05
6815,2.5569779353664732e-05,1.8911793846723928e-05,2.1380622360973743e-05,2.260248646799652e-05
6816,2.556806596924957e-05,1.891040606856474e-05,2.1379064344075515e-05,2.2600867770195755e-05
6817,2.5566354017353747e-05,1.890901938734788e-05,2.137750757386637e-05,2.2599250223720675e-05
6818,2.5564643408788014e-05,1.8907633814758453e-05,2.1375952052226627e-05,2.2597633929025068e-05
6819,2.5562934223817684e-05,1.89062493471872e-05,2.137439779023588e-05,2.259601883966553e-05
6820,2.5561226414105974e-05,1.8904865991753873e-05,2.1372844771654056e-05,2.2594404973778586e-05
6821,2.5559520028605888e-05,1.8903483772900037e-05,2.137129300440771e-05,2.259279232848648e-05
6822,2.555781501535436e-05,1.890210263193264e-05,2.1369742492986763e-05,2.2591180907224345e-05
6823,2.5556111365260418e-05,1.890072261446333e-05,2.13681932270271e-05,2.258957065043703e-05
6824,2.555440914139094e-05,1.8899343679853917e-05,2.1366645244689386e-05,2.2587961639842432e-05
6825,2.55527082933685e-05,1.8897965894209723e-05,2.13650984725597e-05,2.2586353826296374e-05
6826,2.555100886255549e-05,1.889658918026117e-05,2.136355299329231e-05,2.2584747245002856e-05
6827,2.5549310777398643e-05,1.8895213607840035e-05,2.13620087236768e-05,2.2583141830970346e-05
6828,2.5547614124558954e-05,1.889383910097525e-05,2.1360465716559266e-05,2.258153769291327e-05
6829,2.5545918851335998e-05,1.889246569868641e-05,2.1358923996513384e-05,2.257993470623935e-05
6830,2.5544224935721655e-05,1.889109346406102e-05,2.1357383497214974e-05,2.2578332951069824e-05
6831,2.5542532435205615e-05,1.8889722280378253e-05,2.135584423747334e-05,2.257673240184502e-05
6832,2.5540841334235437e-05,1.8888352211551797e-05,2.1354306264267757e-05,2.2575133059668952e-05
6833,2.553915159978803e-05,1.888698323845901e-05,2.1352769511307717e-05,2.2573534950777e-05
6834,2.5537463290503376e-05,1.888561539248694e-05,2.1351234008732215e-05,2.2571938032266203e-05
6835,2.553577631323296e-05,1.8884248649108963e-05,2.134969975790804e-05,2.2570342343366995e-05
6836,2.553409072487182e-05,1.8882883014113922e-05,2.13481667623965e-05,2.256874783690829e-05
6837,2.553240657814827e-05,1.8881518444217486e-05,2.1346635019085383e-05,2.2567154536834815e-05
6838,2.553072379323412e-05,1.888015502951825e-05,2.1345104489682755e-05,2.2565562446285203e-05
6839,2.5529042372983048e-05,1.887879270265439e-05,2.134357524128932e-05,2.2563971573627368e-05
6840,2.552736235080651e-05,1.8877431474305556e-05,2.1342047240126988e-05,2.2562381902574664e-05
6841,2.5525683729412277e-05,1.8876071341719957e-05,2.1340520487950573e-05,2.256079344525718e-05
6842,2.5524006461468477e-05,1.8874712306917113e-05,2.1338994961642414e-05,2.2559206169802715e-05
6843,2.5522330595401143e-05,1.8873354377857378e-05,2.1337470677916546e-05,2.2557620106532242e-05
6844,2.5520656116024104e-05,1.8871997562378164e-05,2.1335947661360834e-05,2.2556035268701292e-05
6845,2.551898300106529e-05,1.8870641833550772e-05,2.1334425885658085e-05,2.255445163747119e-05
6846,2.551731128083106e-05,1.886928723775439e-05,2.1332905354779446e-05,2.2552869168978324e-05
6847,2.551564096195205e-05,1.8867933706453108e-05,2.133138605882875e-05,2.255128794396264e-05
6848,2.551397199167982e-05,1.8866581300725375e-05,2.1329868002677135e-05,2.254970791476184e-05
6849,2.5512304420663234e-05,1.8865229970580878e-05,2.1328351240067928e-05,2.2548129107050193e-05
6850,2.551063823058164e-05,1.8863879750056745e-05,2.132683566402183e-05,2.2546551437803146e-05
6851,2.550897342236975e-05,1.886253062624326e-05,2.1325321340114846e-05,2.2544975049052047e-05
6852,2.5507310000371075e-05,1.8861182623339317e-05,2.1323808260810595e-05,2.2543399825485868e-05
6853,2.5505647940194652e-05,1.885983568735478e-05,2.132229645436822e-05,2.2541825807151417e-05
6854,2.5503987280196242e-05,1.8858489882348616e-05,2.1320785842810413e-05,2.2540252986165844e-05
6855,2.550232799208144e-05,1.8857145158853913e-05,2.1319276513705332e-05,2.2538681368407656e-05
6856,2.5500670080451605e-05,1.885580151457833e-05,2.1317768415492145e-05,2.2537110962976388e-05
6857,2.5499013555308217e-05,1.885445902518354e-05,2.1316261568551348e-05,2.253554175424304e-05
6858,2.5497358404847115e-05,1.885311758803107e-05,2.1314755941470617e-05,2.2533973708403812e-05
6859,2.5495704639380382e-05,1.8851777258353684e-05,2.131325156815401e-05,2.2532406910323643e-05
6860,2.5494052223998536e-05,1.885043800353654e-05,2.1311748436487597e-05,2.253084129943007e-05
6861,2.5492401206711943e-05,1.884909987584105e-05,2.1310246511336962e-05,2.252927687436477e-05
6862,2.5490751565046574e-05,1.8847762842851124e-05,2.130874588129336e-05,2.252771367929387e-05
6863,2.5489103299904925e-05,1.8846426890779686e-05,2.1307246467315217e-05,2.2526151641869804e-05
6864,2.5487456418618772e-05,1.8845092055268705e-05,2.130574826810517e-05,2.252459083772868e-05
6865,2.5485810904155992e-05,1.8843758289034742e-05,2.1304251323883923e-05,2.2523031210646055e-05
6866,2.5484166755540442e-05,1.8842425630129032e-05,2.1302755625423293e-05,2.252147278611941e-05
6867,2.5482523985754052e-05,1.884109404227246e-05,2.1301261166079605e-05,2.251991555751737e-05
6868,2.5480882608004904e-05,1.883976359455704e-05,2.1299767959702653e-05,2.2518359521069833e-05
6869,2.54792425940453e-05,1.883843421322684e-05,2.129827598354241e-05,2.251680469736103e-05
6870,2.5477603958205005e-05,1.883710592721577e-05,2.129678521384761e-05,2.251525105555919e-05
6871,2.547596669215708e-05,1.883577874869009e-05,2.129529572448763e-05,2.2513698619797923e-05
6872,2.5474330792554342e-05,1.8834452647504927e-05,2.1293807429646117e-05,2.2512147370243633e-05
6873,2.5472696269384246e-05,1.883312764550351e-05,2.129232040218008e-05,2.2510597308980275e-05
6874,2.5471063120066703e-05,1.883180375268293e-05,2.1290834610238225e-05,2.2509048456407456e-05
6875,2.5469431340161383e-05,1.883048091561187e-05,2.1289350040209873e-05,2.250750080337992e-05
6876,2.5467800946214566e-05,1.882915921230268e-05,2.1287866701667352e-05,2.2505954334846932e-05
6877,2.5466171905597958e-05,1.8827838574843033e-05,2.128638460773468e-05,2.2504409057701587e-05
6878,2.5464544238509164e-05,1.882651903905029e-05,2.128490375310268e-05,2.250286498100053e-05
6879,2.5462917944055536e-05,1.8825200576945037e-05,2.1283424137366216e-05,2.2501322092304163e-05
6880,2.5461293023162144e-05,1.882388321605375e-05,2.128194574828721e-05,2.2499780397029807e-05
6881,2.5459669486683493e-05,1.882256694615032e-05,2.1280468577953792e-05,2.2498239904749153e-05
6882,2.5458047287905534e-05,1.8821251769428752e-05,2.1278992669262052e-05,2.249670059474287e-05
6883,2.545642648219816e-05,1.8819937696076247e-05,2.1277517974098156e-05,2.249516246011923e-05
6884,2.5454807040104565e-05,1.8818624679323113e-05,2.127604451600035e-05,2.2493625552012875e-05
6885,2.5453188969021026e-05,1.881731279169721e-05,2.1274572296660667e-05,2.2492089818703992e-05
6886,2.5451572260189692e-05,1.88160019564074e-05,2.127310130092405e-05,2.249055527776796e-05
6887,2.5449956926837432e-05,1.881469222271599e-05,2.127163153577186e-05,2.2489021933771457e-05
6888,2.5448342955616838e-05,1.881338357642581e-05,2.1270163017426453e-05,2.2487489737423277e-05
6889,2.5446730344877176e-05,1.8812076030128125e-05,2.1268695716522393e-05,2.248595877439881e-05
6890,2.544511910088839e-05,1.881076956119214e-05,2.126722966970458e-05,2.2484428996884407e-05
6891,2.544350923302011e-05,1.88094641956728e-05,2.1265764824081787e-05,2.2482900384476655e-05
6892,2.5441900714846647e-05,1.8808159903550067e-05,2.1264301222830616e-05,2.2481372993738272e-05
6893,2.5440293583550923e-05,1.880685667788565e-05,2.1262838856565337e-05,2.247984678089141e-05
6894,2.5438687805279453e-05,1.880555457980291e-05,2.1261377697256943e-05,2.24783217496495e-05
6895,2.5437083394683446e-05,1.8804253552059165e-05,2.1259917792377316e-05,2.2476797914294556e-05
6896,2.5435480341760145e-05,1.8802953613548435e-05,2.1258459118095035e-05,2.2475275270389816e-05
6897,2.5433878669856024e-05,1.880165475343899e-05,2.1257001668051293e-05,2.2473753789784477e-05
6898,2.5432278356004472e-05,1.8800356971051087e-05,2.1255545424930907e-05,2.2472233506864145e-05
6899,2.543067939584138e-05,1.8799060286954954e-05,2.1254090436904e-05,2.247071442057946e-05
6900,2.5429081794962554e-05,1.8797764688854765e-05,2.1252636665999278e-05,2.2469196498340095e-05
6901,2.542748556624099e-05,1.879647017496278e-05,2.125118412126409e-05,2.24676797828242e-05
6902,2.542589069989202e-05,1.8795176738507363e-05,2.1249732816061925e-05,2.2466164256886668e-05
6903,2.5424297202130953e-05,1.8793884393562786e-05,2.124828272274941e-05,2.2464649897824172e-05
6904,2.5422705054337597e-05,1.8792593142366226e-05,2.12468338825253e-05,2.2463136745311558e-05
6905,2.5421114283962918e-05,1.8791302942918256e-05,2.12453862400715e-05,2.246162475051881e-05
6906,2.5419524844523777e-05,1.8790013855654103e-05,2.1243939833428143e-05,2.246011396160366e-05
6907,2.5417936796031634e-05,1.878872584335057e-05,2.1242494645637988e-05,2.2458604339087763e-05
6908,2.5416350086096487e-05,1.8787438898660394e-05,2.124105069029489e-05,2.2457095928617902e-05
6909,2.5414764747752318e-05,1.878615306752195e-05,2.123960796420869e-05,2.245558867030853e-05
6910,2.5413180770489752e-05,1.8784868304726167e-05,2.1238166468653907e-05,2.245408260853229e-05
6911,2.541159814573224e-05,1.8783584612291776e-05,2.1236726184298395e-05,2.245257771920965e-05
6912,2.5410016880648784e-05,1.8782302009099075e-05,2.1235287134273212e-05,2.245107403484426e-05
6913,2.540843697452056e-05,1.878102049750483e-05,2.1233849294830235e-05,2.244957151052287e-05
6914,2.5406858435177743e-05,1.8779740051147304e-05,2.123241269762074e-05,2.24480701687609e-05
6915,2.540528124598146e-05,1.877846069438978e-05,2.123097731036462e-05,2.2446570030877825e-05
6916,2.5403705416342707e-05,1.877718242016619e-05,2.1229543146441102e-05,2.2445071057825486e-05
6917,2.540213094191057e-05,1.877590523294867e-05,2.1228110227669807e-05,2.244357326095077e-05
6918,2.5400557818198527e-05,1.8774629109761075e-05,2.1226678510475195e-05,2.244207664096304e-05
6919,2.539898605942237e-05,1.8773354065291552e-05,2.1225248018819696e-05,2.244058122153612e-05
6920,2.5397415654531187e-05,1.8772080102064317e-05,2.1223818742921855e-05,2.2439086973125496e-05
6921,2.5395846603663672e-05,1.877080723713337e-05,2.1222390722692757e-05,2.2437593897497426e-05
6922,2.5394278909825297e-05,1.8769535434200256e-05,2.1220963878388428e-05,2.2436102007748924e-05
6923,2.5392712567375663e-05,1.876826472122778e-05,2.1219538271468635e-05,2.24346112931687e-05
6924,2.5391147587365456e-05,1.876699508574698e-05,2.1218113894281155e-05,2.2433121756094753e-05
6925,2.5389583953506874e-05,1.87657265172519e-05,2.1216690743885828e-05,2.2431633417240282e-05
6926,2.5388021676494294e-05,1.8764459023575523e-05,2.121526879573719e-05,2.2430146227487713e-05
6927,2.538646074746923e-05,1.876319261831857e-05,2.1213848077477007e-05,2.2428660214187664e-05
6928,2.5384901186487247e-05,1.876192729587437e-05,2.121242857316335e-05,2.24271753978482e-05
6929,2.538334296452057e-05,1.8760663029341337e-05,2.1211010301406745e-05,2.242569174833637e-05
6930,2.5381786094085963e-05,1.875939985322278e-05,2.1209593217110023e-05,2.242420928354861e-05
6931,2.5380230582753755e-05,1.8758137760485354e-05,2.1208177383664277e-05,2.2422727989393475e-05
6932,2.537867642532827e-05,1.875687672246677e-05,2.120676276332502e-05,2.2421247865388565e-05
6933,2.5377123623778953e-05,1.8755616779179084e-05,2.1205349368294217e-05,2.241976892919805e-05
6934,2.5375572155549894e-05,1.8754357902957478e-05,2.1203937167701505e-05,2.2418291163703416e-05
6935,2.537402205356208e-05,1.8753100114347413e-05,2.120252620306079e-05,2.2416814557914134e-05
6936,2.5372473294152107e-05,1.875184339457209e-05,2.1201116435581763e-05,2.241533914637346e-05
6937,2.537092588680856e-05,1.8750587733072993e-05,2.1199707918608175e-05,2.24138649033264e-05
6938,2.536937983180211e-05,1.87493331687249e-05,2.119830058872349e-05,2.2412391842110233e-05
6939,2.5367835116504558e-05,1.874807967130699e-05,2.1196894491224066e-05,2.2410919937457903e-05
6940,2.536629175600465e-05,1.8746827242345307e-05,2.1195489621294436e-05,2.2409449223162624e-05
6941,2.5364749747796924e-05,1.8745575898530972e-05,2.1194085932893014e-05,2.2407979672027537e-05
6942,2.5363209090035942e-05,1.8744325621421484e-05,2.1192683485595208e-05,2.2406511298834054e-05
6943,2.5361669770558157e-05,1.8743076411585548e-05,2.119128225739806e-05,2.2405044093872582e-05
6944,2.5360131807361684e-05,1.8741828273297085e-05,2.1189882240345337e-05,2.2403578059996374e-05
6945,2.5358595193141765e-05,1.8740581228921265e-05,2.1188483421665794e-05,2.240211321489431e-05
6946,2.53570599123512e-05,1.8739335239991208e-05,2.1187085830802127e-05,2.2400649517408593e-05
6947,2.5355525990377942e-05,1.8738090332894298e-05,2.1185689450584173e-05,2.2399187007661916e-05
6948,2.5353993414306792e-05,1.873684648647736e-05,2.118429428121567e-05,2.2397725660338787e-05
6949,2.5352462186999295e-05,1.873560371828495e-05,2.118290033945775e-05,2.239626548223618e-05
6950,2.535093229668261e-05,1.873436202184923e-05,2.1181507605124115e-05,2.2394806480602992e-05
6951,2.5349403750414338e-05,1.8733121386852333e-05,2.118011608481693e-05,2.2393348648325332e-05
6952,2.534787655207039e-05,1.8731881833324052e-05,2.1178725766902183e-05,2.2391891993603247e-05
6953,2.534635070661555e-05,1.8730643339904202e-05,2.117733666355162e-05,2.2390436492858663e-05
6954,2.534482619407364e-05,1.8729405928161595e-05,2.1175948795274135e-05,2.238898217598612e-05
6955,2.5343303033678647e-05,1.8728169589652337e-05,2.1174562119953447e-05,2.238752900606523e-05
6956,2.534178121685697e-05,1.8726934322363753e-05,2.1173176656538456e-05,2.23860770290152e-05
6957,2.5340260736183537e-05,1.872570010615201e-05,2.1171792411890565e-05,2.2384626204591508e-05
6958,2.5338741602426336e-05,1.8724466973336514e-05,2.117040937335413e-05,2.238317656085022e-05
6959,2.533722381178839e-05,1.8723234893889743e-05,2.1169027543577235e-05,2.2381728081096367e-05
6960,2.533570735713186e-05,1.872200389783123e-05,2.1167646919551195e-05,2.238028076373685e-05
6961,2.5334192255478012e-05,1.8720773977669864e-05,2.116626751464674e-05,2.2378834606811188e-05
6962,2.533267848798446e-05,1.871954510860355e-05,2.1164889325620073e-05,2.2377389631877492e-05
6963,2.533116606478236e-05,1.8718317317268797e-05,2.1163512335395826e-05,2.2375945815812787e-05
6964,2.5329654981939468e-05,1.8717090582586185e-05,2.1162136557012637e-05,2.237450316300451e-05
6965,2.532814524192539e-05,1.8715864929586706e-05,2.1160761993265856e-05,2.2373061680209186e-05
6966,2.5326636843588465e-05,1.8714640333974996e-05,2.115938864406692e-05,2.2371621373281506e-05
6967,2.532512977372146e-05,1.8713416809185543e-05,2.1158016479262517e-05,2.2370182214859094e-05
6968,2.5323624060506682e-05,1.871219434809399e-05,2.1156645546016316e-05,2.2368744230017315e-05
6969,2.5322119670872796e-05,1.871097295126706e-05,2.1155275813183964e-05,2.2367307413034323e-05
6970,2.532061663209953e-05,1.870975262378067e-05,2.115390728817554e-05,2.2365871753843605e-05
6971,2.531911492625771e-05,1.870853336339755e-05,2.1152539980842263e-05,2.23644372467528e-05
6972,2.5317614562277992e-05,1.8707315181676537e-05,2.1151173858195288e-05,2.236300393793197e-05
6973,2.5316115528868623e-05,1.8706098039096962e-05,2.1149808965899013e-05,2.236157175198776e-05
6974,2.5314617845634594e-05,1.8704881987385228e-05,2.114844527291493e-05,2.2360140750786046e-05
6975,2.5313121488334593e-05,1.8703666983580942e-05,2.114708278775234e-05,2.235871092068156e-05
6976,2.531162647475675e-05,1.8702453038876634e-05,2.114572149214326e-05,2.235728224141843e-05
6977,2.531013279565336e-05,1.870124017282936e-05,2.11443614311049e-05,2.2355854733039048e-05
6978,2.5308640448356938e-05,1.8700028371798746e-05,2.1143002561916923e-05,2.23544283699525e-05
6979,2.5307149443341992e-05,1.8698817632088313e-05,2.1141644893599977e-05,2.2353003180031306e-05
6980,2.5305659773448625e-05,1.8697607950368508e-05,2.114028843503081e-05,2.235157915244197e-05
6981,2.530417143905703e-05,1.869639933325965e-05,2.1138933179911464e-05,2.2350156286617648e-05
6982,2.5302684436125793e-05,1.8695191777056102e-05,2.1137579140575528e-05,2.234873457173185e-05
6983,2.530119877051617e-05,1.8693985289016346e-05,2.1136226291577987e-05,2.2347314035519243e-05
6984,2.52997144402247e-05,1.8692779856550007e-05,2.1134874649384848e-05,2.2345894642442882e-05
6985,2.529823144609959e-05,1.8691575498028126e-05,2.1133524208332682e-05,2.234447642762624e-05
6986,2.5296749778795216e-05,1.869037219494607e-05,2.11321749838003e-05,2.2343059347204315e-05
6987,2.5295269451171158e-05,1.8689169952020403e-05,2.1130826954450866e-05,2.234164344481647e-05
6988,2.52937904491255e-05,1.868796877207064e-05,2.1129480124085546e-05,2.234022869937632e-05
6989,2.529231278802114e-05,1.868676865332879e-05,2.112813449670344e-05,2.2338815107509784e-05
6990,2.52908364529318e-05,1.8685569601031308e-05,2.112679008286305e-05,2.2337402680539893e-05
6991,2.528936145438365e-05,1.8684371602075614e-05,2.112544685568635e-05,2.233599139938985e-05
6992,2.528788778506325e-05,1.868317465921219e-05,2.112410484319395e-05,2.2334581287724162e-05
6993,2.528641545233868e-05,1.8681978789431473e-05,2.1122764029106307e-05,2.233317233567083e-05
6994,2.528494444205996e-05,1.8680783970496262e-05,2.1121424417326326e-05,2.2331764531688744e-05
6995,2.5283474769909278e-05,1.8679590218407502e-05,2.112008600117671e-05,2.2330357891566614e-05
6996,2.528200642803515e-05,1.8678397522791167e-05,2.111874878952358e-05,2.2328952414090953e-05
6997,2.5280539419096926e-05,1.8677205891087336e-05,2.11174127789793e-05,2.2327548075094608e-05
6998,2.5279073731968105e-05,1.8676015310918724e-05,2.1116077968761807e-05,2.232614491252778e-05
6999,2.5277609377498964e-05,1.8674825785374537e-05,2.111474435649166e-05,2.2324742898620623e-05
7000,2.527614635562205e-05,1.8673637327703012e-05,2.1113411949970493e-05,2.2323342025636857e-05
7001,2.5274684667497392e-05,1.8672449923746524e-05,2.11120807448932e-05,2.2321942326689253e-05
7002,2.527322430167284e-05,1.8671263579890737e-05,2.111075073030934e-05,2.232054377956077e-05
7003,2.5271765262526564e-05,1.86700783050722e-05,2.1109421921629508e-05,2.2319146383060246e-05
7004,2.5270307550360498e-05,1.8668894067167914e-05,2.1108094309370272e-05,2.2317750150348272e-05
7005,2.5268851171952046e-05,1.8667710896853096e-05,2.1106767894273542e-05,2.2316355059540316e-05
7006,2.5267396112348323e-05,1.8666528785648746e-05,2.1105442674357062e-05,2.231496112420149e-05
7007,2.5265942384263513e-05,1.866534772591083e-05,2.1104118658056708e-05,2.2313568352664365e-05
7008,2.526448998369688e-05,1.8664167733010786e-05,2.1102795840944004e-05,2.2312176720331547e-05
7009,2.5263038911489565e-05,1.866298879095593e-05,2.110147421968727e-05,2.231078625269224e-05
7010,2.5261589163573726e-05,1.8661810896426686e-05,2.110015379202939e-05,2.2309396928560593e-05
7011,2.526014074317642e-05,1.8660634062070993e-05,2.1098834564546885e-05,2.2308008772270522e-05
7012,2.5258693641715705e-05,1.8659458288830854e-05,2.1097516536053162e-05,2.2306621757596136e-05
7013,2.5257247870385156e-05,1.8658283564488622e-05,2.1096199701626752e-05,2.230523588559345e-05
7014,2.525580342687009e-05,1.8657109892346868e-05,2.109488405986824e-05,2.2303851179725004e-05
7015,2.5254360307730042e-05,1.865593729526586e-05,2.1093569616442226e-05,2.2302467629034065e-05
7016,2.5252918515031102e-05,1.8654765734115385e-05,2.1092256370951504e-05,2.2301085221618952e-05
7017,2.5251478035385398e-05,1.8653595230683467e-05,2.109094432531277e-05,2.229970396842057e-05
7018,2.5250038884107608e-05,1.8652425777045535e-05,2.1089633464481588e-05,2.2298323868222438e-05
7019,2.52486010570353e-05,1.8651257388186815e-05,2.108832380511436e-05,2.229694490777548e-05
7020,2.5247164557447703e-05,1.8650090051270022e-05,2.1087015343624998e-05,2.2295567103670236e-05
7021,2.5245729378627492e-05,1.864892376110099e-05,2.1085708071887163e-05,2.229419044515833e-05
7022,2.5244295515985784e-05,1.8647758527928253e-05,2.1084401990753222e-05,2.229281494379983e-05
7023,2.5242862984198604e-05,1.8646594347216107e-05,2.1083097111348637e-05,2.229144058306738e-05
7024,2.524143176697673e-05,1.864543122494094e-05,2.108179341891615e-05,2.2290067383019217e-05
7025,2.5240001874114835e-05,1.8644269151091598e-05,2.1080490919821065e-05,2.2288695322813897e-05
7026,2.5238573307867764e-05,1.864310812490885e-05,2.107918962046023e-05,2.2287324419663092e-05
7027,2.5237146056078353e-05,1.8641948151897917e-05,2.1077889510695324e-05,2.2285954654701395e-05
7028,2.5235720125656404e-05,1.8640789240435367e-05,2.1076590589376014e-05,2.2284586037541905e-05
7029,2.5234295506830193e-05,1.863963137047775e-05,2.1075292868240856e-05,2.2283218581147028e-05
7030,2.5232872221782506e-05,1.8638474552869142e-05,2.1073996337937192e-05,2.22818522593617e-05
7031,2.5231450249726052e-05,1.8637318785112092e-05,2.1072701002836444e-05,2.2280487091787772e-05
7032,2.5230029602001837e-05,1.8636164077658713e-05,2.1071406850381878e-05,2.2279123065461438e-05
7033,2.5228610274956854e-05,1.863501040924957e-05,2.1070113892839695e-05,2.2277760184257235e-05
7034,2.5227192261295908e-05,1.8633857798582856e-05,2.106882212807144e-05,2.2276398461892484e-05
7035,2.5225775566225682e-05,1.863270623077443e-05,2.1067531550681353e-05,2.2275037879262785e-05
7036,2.5224360188637537e-05,1.8631555722045253e-05,2.1066242168307422e-05,2.2273678444888466e-05
7037,2.5222946133794276e-05,1.8630406260595748e-05,2.1064953972188513e-05,2.227232015291064e-05
7038,2.522153339396088e-05,1.8629257843137365e-05,2.1063666964638234e-05,2.2270963000277813e-05
7039,2.522012196432802e-05,1.8628110479694056e-05,2.1062381159056065e-05,2.226960699757682e-05
7040,2.521871186234489e-05,1.862696416885407e-05,2.1061096532031064e-05,2.226825213900524e-05
7041,2.5217303072145172e-05,1.86258189002975e-05,2.1059813099470084e-05,2.226689842520834e-05
7042,2.5215895599848306e-05,1.8624674683447043e-05,2.1058530855562458e-05,2.2265545857187126e-05
7043,2.5214489440253998e-05,1.8623531511187704e-05,2.1057249799505007e-05,2.2264194433772917e-05
7044,2.5213084604975895e-05,1.8622389390264203e-05,2.105596992725793e-05,2.226284414524722e-05
7045,2.5211681072442028e-05,1.8621248315788396e-05,2.1054691245673113e-05,2.226149501501219e-05
7046,2.5210278863328568e-05,1.862010829495977e-05,2.105341375231746e-05,2.22601470237426e-05
7047,2.5208877967823344e-05,1.8618969317977077e-05,2.1052137457988064e-05,2.2258800171574097e-05
7048,2.5207478388768917e-05,1.8617831385564195e-05,2.1050862344323445e-05,2.225745446080779e-05
7049,2.5206080122170484e-05,1.8616694496526744e-05,2.1049588411653194e-05,2.2256109894688217e-05
7050,2.520468316808153e-05,1.861555866551186e-05,2.104831567362036e-05,2.2254766470715717e-05
7051,2.5203287527304448e-05,1.8614423875278154e-05,2.1047044120293008e-05,2.2253424191828597e-05
7052,2.520189320392982e-05,1.8613290123233678e-05,2.1045773754780096e-05,2.2252083049132614e-05
7053,2.5200500190918482e-05,1.8612157430427487e-05,2.104450457431231e-05,2.225074304754427e-05
7054,2.519910849106963e-05,1.8611025776758354e-05,2.1043236578861443e-05,2.2249404190215084e-05
7055,2.5197718106035064e-05,1.8609895172929348e-05,2.104196977538613e-05,2.2248066471016572e-05
7056,2.5196329026627413e-05,1.8608765604860117e-05,2.1040704149981435e-05,2.224672989800592e-05
7057,2.5194941267022963e-05,1.8607637096006057e-05,2.103943970932024e-05,2.22453944585384e-05
7058,2.519355481259349e-05,1.860650961974923e-05,2.1038176462309057e-05,2.2244060160379614e-05
7059,2.519216967131624e-05,1.860538319459772e-05,2.1036914402625917e-05,2.224272701075809e-05
7060,2.5190785842422505e-05,1.8604257820851253e-05,2.1035653517902155e-05,2.224139499216959e-05
7061,2.5189403321663836e-05,1.8603133477901025e-05,2.1034393821859495e-05,2.224006411192198e-05
7062,2.518802211342834e-05,1.8602010184920082e-05,2.1033135313432812e-05,2.223873437189051e-05
7063,2.5186642219593585e-05,1.8600887929963105e-05,2.1031877983906012e-05,2.2237405775829933e-05
7064,2.518526362433492e-05,1.859976672532746e-05,2.1030621834382438e-05,2.2236078310853226e-05
7065,2.5183886350160564e-05,1.859864656593465e-05,2.1029366876022453e-05,2.2234751987729225e-05
7066,2.5182510377914848e-05,1.859752744517316e-05,2.1028113100211423e-05,2.2233426805208165e-05
7067,2.518113571682226e-05,1.8596409366356578e-05,2.1026860509627274e-05,2.2232102756157648e-05
7068,2.5179762365115343e-05,1.859529233221686e-05,2.1025609099314642e-05,2.2230779847188567e-05
7069,2.5178390318821272e-05,1.8594176342515885e-05,2.1024358867105605e-05,2.2229458073591892e-05
7070,2.5177019587323316e-05,1.8593061390821368e-05,2.1023109823573228e-05,2.222813744006222e-05
7071,2.5175650164475228e-05,1.859194748355722e-05,2.102186196058326e-05,2.222681793621981e-05
7072,2.5174282038860582e-05,1.8590834617552194e-05,2.102061527795667e-05,2.222549958001564e-05
7073,2.517291522526389e-05,1.8589722794550944e-05,2.1019369782226947e-05,2.22241823545618e-05
7074,2.517154972034861e-05,1.8588612011025753e-05,2.1018125462526698e-05,2.2222866262984154e-05
7075,2.5170185521974768e-05,1.8587502272823356e-05,2.1016882326564133e-05,2.2221551308828345e-05
7076,2.516882263025302e-05,1.8586393573419512e-05,2.101564037157796e-05,2.2220237489906122e-05
7077,2.5167461039072504e-05,1.8585285909836468e-05,2.101439959027651e-05,2.2218924806385897e-05
7078,2.516610076320914e-05,1.8584179293752056e-05,2.1013160002663405e-05,2.221761325695997e-05
7079,2.5164741789580487e-05,1.858307371688456e-05,2.101192158609085e-05,2.2216302845750985e-05
7080,2.5163384114911142e-05,1.8581969173565685e-05,2.101068435367706e-05,2.2214993567335693e-05
7081,2.5162027747697017e-05,1.8580865677648e-05,2.100944829804901e-05,2.221368541903453e-05
7082,2.5160672687012087e-05,1.857976322020046e-05,2.100821342495339e-05,2.221237840861536e-05
7083,2.515931893055136e-05,1.857866180174459e-05,2.1006979733222195e-05,2.2211072535790753e-05
7084,2.5157966480488376e-05,1.857756141805899e-05,2.1005747217139633e-05,2.220976778954956e-05
7085,2.5156615334060904e-05,1.8576462077630536e-05,2.1004515874888486e-05,2.2208464178008938e-05
7086,2.5155265486525104e-05,1.8575363781702018e-05,2.100328571820248e-05,2.2207161702447872e-05
7087,2.515391694485602e-05,1.857426650873096e-05,2.1002056743493835e-05,2.2205860358994112e-05
7088,2.5152569703920147e-05,1.8573170285277432e-05,2.10008289362594e-05,2.2204560145868057e-05
7089,2.5151223769653953e-05,1.857207509822323e-05,2.099960231717036e-05,2.2203261067232706e-05
7090,2.514987913440464e-05,1.8570980956297542e-05,2.0998376874721817e-05,2.2201963119057393e-05
7091,2.51485358037219e-05,1.8569887838971454e-05,2.099715260413557e-05,2.220066630411511e-05
7092,2.514719377485869e-05,1.8568795768796018e-05,2.0995929513171312e-05,2.219937062024509e-05
7093,2.5145853045672085e-05,1.8567704731255008e-05,2.0994707597484915e-05,2.219807606731695e-05
7094,2.5144513617350648e-05,1.8566614732634518e-05,2.0993486862636914e-05,2.2196782643111894e-05
7095,2.5143175491884035e-05,1.856552576941085e-05,2.0992267303427455e-05,2.2195490350691468e-05
7096,2.5141838670138754e-05,1.85644378468889e-05,2.0991048919203503e-05,2.219419919285809e-05
7097,2.5140503139422764e-05,1.856335095695483e-05,2.0989831713250797e-05,2.219290916452341e-05
7098,2.5139168916263275e-05,1.8562265105497324e-05,2.0988615680231623e-05,2.2191620262650295e-05
7099,2.513783599005651e-05,1.856118028975768e-05,2.098740082913202e-05,2.219033249496284e-05
7100,2.51365043688405e-05,1.8560096504751356e-05,2.098618714688998e-05,2.2189045856946177e-05
7101,2.5135174039905764e-05,1.8559013761721034e-05,2.098497464356955e-05,2.2187760345857317e-05
7102,2.5133845011537063e-05,1.8557932052583963e-05,2.0983763314193088e-05,2.2186475965719936e-05
7103,2.513251728349656e-05,1.855685137912309e-05,2.098255315748461e-05,2.218519270936492e-05
7104,2.5131190853739236e-05,1.855577173985154e-05,2.0981344179466758e-05,2.218391058653985e-05
7105,2.5129865722993397e-05,1.855469313478703e-05,2.098013637437412e-05,2.2182629591087298e-05
7106,2.512854189134621e-05,1.855361556668315e-05,2.0978929743680927e-05,2.2181349720651462e-05
7107,2.5127219352800963e-05,1.8552539029842393e-05,2.0977724285696403e-05,2.2180070981585685e-05
7108,2.5125898113700987e-05,1.8551463530943503e-05,2.0976520001240256e-05,2.2178793371883374e-05
7109,2.51245781716325e-05,1.8550389063797045e-05,2.0975316893046297e-05,2.217751688828771e-05
7110,2.5123259527994103e-05,1.8549315630552945e-05,2.097411495055772e-05,2.2176241528136337e-05
7111,2.512194218045384e-05,1.8548243232062132e-05,2.0972914193023872e-05,2.217496729855211e-05
7112,2.5120626127358945e-05,1.8547171862532056e-05,2.0971714602720493e-05,2.2173694197691836e-05
7113,2.511931137047523e-05,1.8546101533861212e-05,2.097051618482137e-05,2.2172422223094436e-05
7114,2.5117997910301068e-05,1.8545032235445927e-05,2.0969318937731e-05,2.2171151372300364e-05
7115,2.5116685745551565e-05,1.8543963970127657e-05,2.0968122866332952e-05,2.216988165044674e-05
7116,2.5115374876548877e-05,1.854289673644102e-05,2.0966927962364497e-05,2.216861304938811e-05
7117,2.5114065298704192e-05,1.8541830535284488e-05,2.096573423453733e-05,2.216734557513998e-05
7118,2.511275702167013e-05,1.8540765363976103e-05,2.0964541678547406e-05,2.2166079230802374e-05
7119,2.5111450036920006e-05,1.8539701224962583e-05,2.0963350285681773e-05,2.216481400746683e-05
7120,2.511014434185285e-05,1.8538638119769445e-05,2.096216007090732e-05,2.216354991283514e-05
7121,2.5108839946350626e-05,1.8537576047400666e-05,2.0960971029164478e-05,2.2162286942108196e-05
7122,2.5107536839579377e-05,1.8536515006144498e-05,2.095978315502985e-05,2.2161025092407935e-05
7123,2.510623502987283e-05,1.853545499462252e-05,2.0958596450499577e-05,2.2159764373426105e-05
7124,2.5104934512013355e-05,1.8534396010883945e-05,2.0957410919083228e-05,2.2158504771228275e-05
7125,2.5103635284959855e-05,1.8533338063452215e-05,2.0956226553669214e-05,2.2157246294921183e-05
7126,2.510233735320071e-05,1.8532281145075687e-05,2.0955043359704002e-05,2.215598894482041e-05
7127,2.5101040711715485e-05,1.853122525472447e-05,2.0953861333293603e-05,2.2154732717770516e-05
7128,2.509974536315359e-05,1.853017040041776e-05,2.095268048161412e-05,2.2153477609143457e-05
7129,2.50984513050026e-05,1.8529116570012637e-05,2.095150079603682e-05,2.2152223629030998e-05
7130,2.5097158538319995e-05,1.8528063772617842e-05,2.0950322277593986e-05,2.215097077005828e-05
7131,2.5095867063242103e-05,1.852701200382243e-05,2.0949144930959258e-05,2.21497190333281e-05
7132,2.509457687867635e-05,1.8525961264018064e-05,2.094796875265452e-05,2.214846841525219e-05
7133,2.509328798483386e-05,1.8524911557886548e-05,2.094679374118683e-05,2.2147218925367675e-05
7134,2.509200038271413e-05,1.852386287536005e-05,2.0945619898324038e-05,2.214597055181708e-05
7135,2.5090714072120846e-05,1.8522815223779206e-05,2.0944447225015408e-05,2.2144723303669536e-05
7136,2.5089429049109354e-05,1.8521768600427638e-05,2.094327571589447e-05,2.2143477177886964e-05
7137,2.5088145314998544e-05,1.852072300478123e-05,2.09421053760226e-05,2.214223217083758e-05
7138,2.508686286986785e-05,1.8519678439577084e-05,2.09409362051267e-05,2.214098828466008e-05
7139,2.5085581715695695e-05,1.8518634901369683e-05,2.0939768198795615e-05,2.2139745517160988e-05
7140,2.508430184927508e-05,1.851759239021937e-05,2.0938601359276366e-05,2.213850387267477e-05
7141,2.508302327138692e-05,1.8516550910907886e-05,2.0937435686063114e-05,2.213726335017469e-05
7142,2.5081745980540878e-05,1.8515510454975243e-05,2.093627117976117e-05,2.2136023945494407e-05
7143,2.5080469978478735e-05,1.8514471026422777e-05,2.0935107843365896e-05,2.2134785661077522e-05
7144,2.507919526260092e-05,1.85134326273314e-05,2.0933945666733862e-05,2.2133548496166285e-05
7145,2.5077921836361752e-05,1.8512395252708345e-05,2.0932784658808657e-05,2.213231244975498e-05
7146,2.5076649697241378e-05,1.8511358907234854e-05,2.093162481972228e-05,2.213107752361231e-05
7147,2.5075378844414596e-05,1.8510323584789206e-05,2.0930466141149668e-05,2.212984371767027e-05
7148,2.507410927853871e-05,1.850928929274332e-05,2.092930862928914e-05,2.2128611026848363e-05
7149,2.507284099891201e-05,1.8508256026109106e-05,2.092815228219911e-05,2.212737945478255e-05
7150,2.5071574004485058e-05,1.8507223783074286e-05,2.0926997100735927e-05,2.2126149005019624e-05
7151,2.507030829829722e-05,1.850619256858082e-05,2.092584308264327e-05,2.2124919670843366e-05
7152,2.506904387535155e-05,1.850516237813402e-05,2.0924690228241927e-05,2.2123691452609777e-05
7153,2.5067780737196172e-05,1.850413321534427e-05,2.0923538539578024e-05,2.2122464354310238e-05
7154,2.5066518887121923e-05,1.8503105073018824e-05,2.092238801549727e-05,2.2121238373937004e-05
7155,2.5065258320323023e-05,1.8502077959974946e-05,2.092123865201767e-05,2.212001351340878e-05
7156,2.5063999038425094e-05,1.850105186997212e-05,2.0920090452599363e-05,2.2118789764579164e-05
7157,2.5062741039689018e-05,1.8500026805800434e-05,2.0918943419396463e-05,2.2117567134157316e-05
7158,2.506148432464592e-05,1.8499002764760958e-05,2.0917797548255838e-05,2.2116345623685836e-05
7159,2.5060228896414197e-05,1.8497979751308453e-05,2.0916652837308543e-05,2.2115125225837018e-05
7160,2.5058974748078683e-05,1.8496957760218845e-05,2.0915509291531747e-05,2.2113905940668362e-05
7161,2.505772188549047e-05,1.849593679086364e-05,2.0914366909492443e-05,2.2112687779642427e-05
7162,2.50564703048634e-05,1.8494916845860872e-05,2.091322568850262e-05,2.211147073107621e-05
7163,2.5055220007628018e-05,1.849389792678967e-05,2.0912085625909214e-05,2.211025479500487e-05
7164,2.5053970992775058e-05,1.8492880030457972e-05,2.091094673202347e-05,2.2109039976697088e-05
7165,2.5052723260102745e-05,1.8491863155416587e-05,2.0909808995828263e-05,2.2107826274863858e-05
7166,2.5051476808389976e-05,1.849084730693747e-05,2.0908672420174575e-05,2.2106613687528578e-05
7167,2.5050231641193093e-05,1.8489832480325375e-05,2.0907537008290193e-05,2.210540221456762e-05
7168,2.504898775321362e-05,1.848881867500385e-05,2.0906402754553964e-05,2.2104191854587532e-05
7169,2.504774514703443e-05,1.8487805895297948e-05,2.0905269662953003e-05,2.21029826092919e-05
7170,2.5046503822335025e-05,1.8486794131566223e-05,2.090413773580322e-05,2.2101774479697873e-05
7171,2.5045263777077605e-05,1.848578339287081e-05,2.0903006962499356e-05,2.210056746051893e-05
7172,2.5044025013528168e-05,1.8484773678891045e-05,2.0901877353844525e-05,2.2099361558785047e-05
7173,2.5042787530986396e-05,1.8483764982252286e-05,2.0900748903230716e-05,2.2098156769338644e-05
7174,2.5041551325974955e-05,1.848275730966447e-05,2.0899621614656935e-05,2.2096953093136883e-05
7175,2.504031640236121e-05,1.8481750661378107e-05,2.0898495483111214e-05,2.2095750528999146e-05
7176,2.5039082757564157e-05,1.8480745030580977e-05,2.089737051311085e-05,2.209454907907098e-05
7177,2.5037850392528183e-05,1.8479740421518182e-05,2.0896246701833893e-05,2.209334873987789e-05
7178,2.5036619306746086e-05,1.8478736834618265e-05,2.089512404847377e-05,2.2092149515753576e-05
7179,2.50353894996719e-05,1.84777342674258e-05,2.089400255358974e-05,2.2090951402996875e-05
7180,2.5034160970296362e-05,1.8476732721782605e-05,2.089288222033113e-05,2.208975440249057e-05
7181,2.5032933719800276e-05,1.8475732194042645e-05,2.089176304499188e-05,2.2088558511500685e-05
7182,2.5031707746811767e-05,1.8474732688826815e-05,2.0890645024987034e-05,2.2087363735180688e-05
7183,2.50304830504652e-05,1.8473734202057794e-05,2.0889528162696595e-05,2.208617006857618e-05
7184,2.5029259634615938e-05,1.8472736735153392e-05,2.0888412462997263e-05,2.208497751286141e-05
7185,2.5028037494676565e-05,1.8471740289534016e-05,2.0887297918542194e-05,2.2083786071475105e-05
7186,2.5026816632009764e-05,1.8470744865783295e-05,2.0886184530758146e-05,2.208259573738193e-05
7187,2.5025597045271893e-05,1.84697504558424e-05,2.0885072302087485e-05,2.2081406513752406e-05
7188,2.5024378734992647e-05,1.8468757067909265e-05,2.0883961227864292e-05,2.2080218404860836e-05
7189,2.5023161701429706e-05,1.8467764698080683e-05,2.088285131224102e-05,2.2079031400291418e-05
7190,2.5021945944024754e-05,1.846677334807357e-05,2.0881742553627028e-05,2.2077845508019317e-05
7191,2.502073146188597e-05,1.846578301524884e-05,2.088063494945894e-05,2.2076660727537532e-05
7192,2.5019518256185558e-05,1.8464793703393047e-05,2.087952850432737e-05,2.2075477058210164e-05
7193,2.5018306326438987e-05,1.846380540676995e-05,2.0878423214807663e-05,2.2074294493383468e-05
7194,2.501709567022934e-05,1.8462818131373504e-05,2.0877319080690848e-05,2.2073113040306665e-05
7195,2.5015886288297534e-05,1.8461831870344332e-05,2.0876216102194277e-05,2.2071932695158668e-05
7196,2.501467818055553e-05,1.846084662987267e-05,2.0875114280342445e-05,2.207075346051138e-05
7197,2.5013471349593382e-05,1.845986240501383e-05,2.0874013611807716e-05,2.2069575333815533e-05
7198,2.501226579115165e-05,1.8458879200231402e-05,2.087291410197114e-05,2.2068398315659125e-05
7199,2.5011061506210886e-05,1.8457897010480925e-05,2.0871815743347854e-05,2.206722240630651e-05
7200,2.5009858496160727e-05,1.8456915838274485e-05,2.0870718540556575e-05,2.206604760382161e-05
7201,2.5008656759112763e-05,1.8455935684059732e-05,2.086962249224408e-05,2.2064873912119774e-05
7202,2.500745629439273e-05,1.845495654559298e-05,2.0868527598290032e-05,2.2063701325959897e-05
7203,2.5006257103665253e-05,1.8453978423670467e-05,2.0867433860705587e-05,2.2062529847561733e-05
7204,2.500505918400554e-05,1.845300131904371e-05,2.0866341274514707e-05,2.2061359475761262e-05
7205,2.5003862537544553e-05,1.8452025230081644e-05,2.0865249842548618e-05,2.2060190212336285e-05
7206,2.500266716358217e-05,1.8451050157579645e-05,2.0864159565147166e-05,2.205902205479471e-05
7207,2.5001473061814547e-05,1.8450076101825262e-05,2.0863070440817404e-05,2.2057855006311383e-05
7208,2.5000280231246368e-05,1.8449103059515104e-05,2.0861982469380165e-05,2.2056689062675524e-05
7209,2.499908867147071e-05,1.8448131034382492e-05,2.08608956522244e-05,2.205552422525224e-05
7210,2.499789838365669e-05,1.8447160023563785e-05,2.085980998878348e-05,2.2054360495937683e-05
7211,2.499670936630461e-05,1.8446190029421888e-05,2.085872547403515e-05,2.2053197870537674e-05
7212,2.4995521621268508e-05,1.8445221050292884e-05,2.0857642116879383e-05,2.205203635171283e-05
7213,2.4994335144798732e-05,1.8444253085254564e-05,2.0856559909033703e-05,2.2050875938175973e-05
7214,2.4993149940147574e-05,1.844328613476222e-05,2.0855478854123552e-05,2.2049716629190006e-05
7215,2.4991966003441594e-05,1.8442320199082276e-05,2.085439895073333e-05,2.2048558428235023e-05
7216,2.4990783338466625e-05,1.8441355277935535e-05,2.0853320199561417e-05,2.2047401329932683e-05
7217,2.498960194284164e-05,1.8440391372525625e-05,2.085224260117087e-05,2.204624533788767e-05
7218,2.4988421815623844e-05,1.843942847990086e-05,2.0851166151783888e-05,2.2045090450003762e-05
7219,2.4987242958042553e-05,1.8438466600740374e-05,2.08500908553636e-05,2.2043936667905804e-05
7220,2.4986065369284842e-05,1.8437505737080266e-05,2.084901670865448e-05,2.2042783987660544e-05
7221,2.498488904886367e-05,1.843654588440418e-05,2.084794371500285e-05,2.2041632414792953e-05
7222,2.4983713996333375e-05,1.8435587047712185e-05,2.0846871870579493e-05,2.204048194504565e-05
7223,2.4982540213243654e-05,1.84346292234645e-05,2.084580117675308e-05,2.203933257840458e-05
7224,2.4981367697079802e-05,1.843367241310874e-05,2.0844731634667915e-05,2.20381843160652e-05
7225,2.498019644896489e-05,1.843271661280528e-05,2.084366323986104e-05,2.2037037156241384e-05
7226,2.497902646797806e-05,1.8431761830227605e-05,2.084259599690991e-05,2.203589109959678e-05
7227,2.4977857754674968e-05,1.843080805707161e-05,2.0841529904403725e-05,2.2034746146853616e-05
7228,2.497669030704889e-05,1.8429855297002282e-05,2.0840464960137714e-05,2.2033602298270395e-05
7229,2.497552412813808e-05,1.8428903550383656e-05,2.083940116524999e-05,2.203245955034613e-05
7230,2.497435921606887e-05,1.8427952813075236e-05,2.083833852048557e-05,2.2031317906354402e-05
7231,2.497319556826123e-05,1.8427003091208633e-05,2.0837277025155532e-05,2.2030177364720595e-05
7232,2.4972033186666537e-05,1.842605437993932e-05,2.083621667773129e-05,2.202903792516818e-05
7233,2.497087207137753e-05,1.8425106679350118e-05,2.083515747954861e-05,2.202789958796541e-05
7234,2.496971222162809e-05,1.8424159991780815e-05,2.0834099428922124e-05,2.202676235162553e-05
7235,2.4968553637867995e-05,1.8423214315647324e-05,2.0833042527791925e-05,2.2025626218771083e-05
7236,2.4967396319051497e-05,1.842226965026441e-05,2.0831986775149874e-05,2.2024491184647813e-05
7237,2.496624026520356e-05,1.8421325994783274e-05,2.0830932169068222e-05,2.20233572554562e-05
7238,2.4965085475015574e-05,1.8420383353022364e-05,2.082987871185848e-05,2.202222442529804e-05
7239,2.4963931950749792e-05,1.841944172091484e-05,2.0828826402222706e-05,2.2021092696178964e-05
7240,2.4962779689936616e-05,1.8418501098885644e-05,2.0827775238942237e-05,2.2019962068117755e-05
7241,2.4961628692911462e-05,1.8417561487432907e-05,2.0826725225017345e-05,2.2018832540869826e-05
7242,2.4960478960067985e-05,1.8416622886144554e-05,2.0825676357372596e-05,2.2017704114784455e-05
7243,2.4959330490768117e-05,1.841568529593474e-05,2.0824628636470952e-05,2.2016576787401258e-05
7244,2.495818328507497e-05,1.8414748716803203e-05,2.0823582062487893e-05,2.2015450561675438e-05
7245,2.495703734167227e-05,1.841381314459113e-05,2.0822536634498714e-05,2.2014325435635715e-05
7246,2.4955892661283973e-05,1.8412878584266885e-05,2.082149235273547e-05,2.20132014101591e-05
7247,2.4954749244325364e-05,1.8411945034287652e-05,2.082044921902274e-05,2.201207848433891e-05
7248,2.4953607089570153e-05,1.841101249025687e-05,2.0819407230372272e-05,2.2010956656907074e-05
7249,2.4952466196368003e-05,1.8410080957623822e-05,2.081836638694166e-05,2.200983592855278e-05
7250,2.4951326565856312e-05,1.840915043609037e-05,2.0817326690095332e-05,2.20087163014076e-05
7251,2.4950188195734953e-05,1.8408220919262292e-05,2.0816288138085303e-05,2.2007597771662788e-05
7252,2.4949051089213e-05,1.8407292414938697e-05,2.0815250732450813e-05,2.2006480341410137e-05
7253,2.494791524263353e-05,1.8406364918441557e-05,2.08142144715485e-05,2.200536401076697e-05
7254,2.4946780656423302e-05,1.840543843006763e-05,2.08131793554678e-05,2.200424877590229e-05
7255,2.4945647332920712e-05,1.8404512949224897e-05,2.0812145384305746e-05,2.200313464076932e-05
7256,2.4944515269989556e-05,1.8403588479095067e-05,2.0811112558099974e-05,2.2002021604239814e-05
7257,2.4943384466295343e-05,1.840266501502704e-05,2.081008087639336e-05,2.200090966644162e-05
7258,2.494225492339447e-05,1.840174256008158e-05,2.080905033960397e-05,2.1999798825268802e-05
7259,2.4941126640487285e-05,1.8400821111934485e-05,2.080802094641333e-05,2.199868908149802e-05
7260,2.4939999617400302e-05,1.8399900671833665e-05,2.080699269678929e-05,2.1997580436898984e-05
7261,2.493887385412626e-05,1.839898124000181e-05,2.0805965591552043e-05,2.199647288926019e-05
7262,2.493774934963932e-05,1.83980628147994e-05,2.080493963044364e-05,2.199536643863434e-05
7263,2.493662610473665e-05,1.8397145397125533e-05,2.080391481128361e-05,2.1994261085408677e-05
7264,2.4935504117671328e-05,1.8396228986343584e-05,2.080289113715091e-05,2.1993156828572807e-05
7265,2.4934383390205812e-05,1.8395313582601887e-05,2.080186860513941e-05,2.1992053667723388e-05
7266,2.4933263920277488e-05,1.8394399185803005e-05,2.0800847216404264e-05,2.199095160503648e-05
7267,2.4932145709896607e-05,1.839348579576827e-05,2.0799826971079955e-05,2.198985063779878e-05
7268,2.493102875723514e-05,1.839257341165345e-05,2.0798807867290608e-05,2.1988750766971605e-05
7269,2.4929913061311544e-05,1.839166203436832e-05,2.0797789907322468e-05,2.198765199374072e-05
7270,2.4928798624497292e-05,1.8390751662881218e-05,2.079677309017909e-05,2.1986554314205467e-05
7271,2.4927685443535976e-05,1.838984229788529e-05,2.0795757413564166e-05,2.1985457731265607e-05
7272,2.492657352042831e-05,1.8388933939658893e-05,2.0794742878549984e-05,2.1984362244320337e-05
7273,2.4925462854389693e-05,1.8388026587274975e-05,2.0793729486599286e-05,2.1983267852612583e-05
7274,2.4924353445137277e-05,1.838712023932857e-05,2.0792717235211015e-05,2.198217455712598e-05
7275,2.492324529230074e-05,1.8386214896913066e-05,2.0791706127547206e-05,2.1981082357661776e-05
7276,2.4922138395361214e-05,1.838531056054992e-05,2.079069615928527e-05,2.197999125052298e-05
7277,2.4921032755380498e-05,1.8384407228943792e-05,2.0789687332542177e-05,2.197890123921903e-05
7278,2.491992837065647e-05,1.83835049028789e-05,2.0788679646803207e-05,2.197781232387002e-05
7279,2.4918825241752345e-05,1.838260358092744e-05,2.078767310287897e-05,2.1976724501474972e-05
7280,2.491772336808718e-05,1.838170326502179e-05,2.0786667698466802e-05,2.1975637774959752e-05
7281,2.491662274956741e-05,1.8380803953741087e-05,2.0785663435382682e-05,2.197455214205684e-05
7282,2.4915523386591206e-05,1.8379905646122716e-05,2.0784660313252203e-05,2.1973467603278e-05
7283,2.4914425278079383e-05,1.8379008343874824e-05,2.078365833003024e-05,2.197238415922483e-05
7284,2.4913328424126372e-05,1.8378112045422314e-05,2.0782657486259378e-05,2.1971301808367625e-05
7285,2.4912232824335394e-05,1.837721675123801e-05,2.078165778416647e-05,2.197022055159511e-05
7286,2.4911138479166e-05,1.8376322460735233e-05,2.0780659221060973e-05,2.196914038778679e-05
7287,2.491004538729226e-05,1.837542917580165e-05,2.077966179704095e-05,2.196806131755191e-05
7288,2.4908953550181475e-05,1.8374536892897616e-05,2.0778665513041336e-05,2.1966983341343383e-05
7289,2.4907862966179568e-05,1.83736456138219e-05,2.077767036833088e-05,2.196590645714991e-05
7290,2.4906773635290343e-05,1.8372755339316647e-05,2.0776676362201468e-05,2.196483066690566e-05
7291,2.490568555792457e-05,1.8371866066991707e-05,2.07756834949987e-05,2.1963755968855826e-05
7292,2.4904598732811184e-05,1.837097779720592e-05,2.0774691767013902e-05,2.1962682363982932e-05
7293,2.490351316096836e-05,1.837009053196471e-05,2.0773701176851562e-05,2.196160985169e-05
7294,2.4902428841293046e-05,1.8369204270194983e-05,2.0772711725939486e-05,2.1960538431033506e-05
7295,2.490134577438504e-05,1.836831900897648e-05,2.0771723413423032e-05,2.195946810348753e-05
7296,2.490026395881921e-05,1.8367434752118914e-05,2.0770736238779997e-05,2.195839886882878e-05
7297,2.489918339601015e-05,1.836655149781499e-05,2.0769750201782593e-05,2.195733072451763e-05
7298,2.4898104084228027e-05,1.83656692456753e-05,2.076876530273121e-05,2.195626367291288e-05
7299,2.4897026023608712e-05,1.8364787995393934e-05,2.0767781541637054e-05,2.1955197712311376e-05
7300,2.4895949215557756e-05,1.836390774759507e-05,2.0766798917460867e-05,2.1954132843846587e-05
7301,2.489487365751828e-05,1.836302850254746e-05,2.07658174312645e-05,2.1953069066717516e-05
7302,2.489379935039829e-05,1.8362150258190518e-05,2.0764837082036407e-05,2.1952006381560854e-05
7303,2.4892726293681665e-05,1.8361273016700657e-05,2.076385786966093e-05,2.1950944786181843e-05
7304,2.4891654488508954e-05,1.836039677557884e-05,2.0762879793906512e-05,2.1949884282619205e-05
7305,2.4890583932820555e-05,1.835952153744097e-05,2.0761902855678983e-05,2.19488248701109e-05
7306,2.4889514627343827e-05,1.83586472997381e-05,2.0760927054158447e-05,2.1947766548803394e-05
7307,2.48884465711464e-05,1.8357774064035377e-05,2.075995238737895e-05,2.1946709317139428e-05
7308,2.488737976562266e-05,1.8356901828200562e-05,2.075897885922518e-05,2.1945653176680536e-05
7309,2.4886314208804722e-05,1.83560305943785e-05,2.0758006464973275e-05,2.1944598125871228e-05
7310,2.4885249900507002e-05,1.8355160361522997e-05,2.0757035207810342e-05,2.1943544165638266e-05
7311,2.488418684248408e-05,1.8354291128865353e-05,2.0756065086185925e-05,2.1942491295685345e-05
7312,2.488312503282856e-05,1.835342289743292e-05,2.075509610027799e-05,2.1941439514600793e-05
7313,2.4882064472035183e-05,1.835255566645227e-05,2.075412824933265e-05,2.1940388825467222e-05
7314,2.4881005159197428e-05,1.8351689435048504e-05,2.0753161534744534e-05,2.1939339223628037e-05
7315,2.487994709546031e-05,1.8350824204609854e-05,2.0752195954321146e-05,2.1938290713016152e-05
7316,2.487889027892553e-05,1.8349959973848328e-05,2.075123150953522e-05,2.193724329187741e-05
7317,2.487783471059924e-05,1.834909674389792e-05,2.075026819930659e-05,2.193619695892408e-05
7318,2.4876780389197152e-05,1.834823451298296e-05,2.0749306023614273e-05,2.1935151715825567e-05
7319,2.487572731552297e-05,1.8347373282481123e-05,2.0748344983882415e-05,2.193410756167013e-05
7320,2.4874675489331634e-05,1.834651305130973e-05,2.0747385076633337e-05,2.1933064496182847e-05
7321,2.487362491009777e-05,1.8345653819154536e-05,2.074642630549862e-05,2.193202251941263e-05
7322,2.4872575577795053e-05,1.8344795587618384e-05,2.0745468667063514e-05,2.193098163230927e-05
7323,2.4871527491781425e-05,1.8343938354745773e-05,2.074451216290487e-05,2.192994183278165e-05
7324,2.4870480652563067e-05,1.8343082121000467e-05,2.074355679366136e-05,2.192890312195502e-05
7325,2.486943505900477e-05,1.8342226885767747e-05,2.0742602556614575e-05,2.1927865499712364e-05
7326,2.4868390712182334e-05,1.834137264980573e-05,2.0741649453522913e-05,2.1926828965237037e-05
7327,2.4867347610864444e-05,1.834051941334278e-05,2.0740697484234592e-05,2.1925793519169374e-05
7328,2.4866305755109618e-05,1.833966717461706e-05,2.0739746648140263e-05,2.1924759159765564e-05
7329,2.4865265144633635e-05,1.8338815934755266e-05,2.073879694457287e-05,2.192372588956101e-05
7330,2.4864225780311206e-05,1.8337965693685015e-05,2.0737848373897498e-05,2.1922693706782147e-05
7331,2.4863187660196484e-05,1.833711645069498e-05,2.073690093721107e-05,2.1921662611009774e-05
7332,2.486215078523236e-05,1.8336268205909608e-05,2.0735954631943642e-05,2.192063260309795e-05
7333,2.4861115155183425e-05,1.8335420958685214e-05,2.0735009460064965e-05,2.191960368219061e-05
7334,2.48600807692582e-05,1.8334574710341553e-05,2.0734065419852358e-05,2.1918575848475114e-05
7335,2.485904762720962e-05,1.8333729459439435e-05,2.0733122512213366e-05,2.19175491022783e-05
7336,2.485801573030706e-05,1.8332885206287028e-05,2.073218073628504e-05,2.1916523443545908e-05
7337,2.4856985076330233e-05,1.8332041950713275e-05,2.0731240092600937e-05,2.191549886992192e-05
7338,2.4855955666874536e-05,1.8331199692612186e-05,2.0730300580214398e-05,2.191447538435475e-05
7339,2.4854927500593665e-05,1.8330358432103997e-05,2.0729362200302253e-05,2.1913452984896262e-05
7340,2.4853900577220434e-05,1.8329518168621787e-05,2.0728424951877915e-05,2.191243167229547e-05
7341,2.48528748971166e-05,1.832867890210094e-05,2.072748883389823e-05,2.1911411445679096e-05
7342,2.485185046039288e-05,1.832784063300753e-05,2.0726553847472304e-05,2.19103923057798e-05
7343,2.4850827266058653e-05,1.832700336062561e-05,2.072561999173534e-05,2.1909374251387804e-05
7344,2.4849805314742106e-05,1.832616708552048e-05,2.0724687267646493e-05,2.1908357283667107e-05
7345,2.4848784605325758e-05,1.832533180669372e-05,2.0723755674451194e-05,2.1907341401858493e-05
7346,2.484776513824593e-05,1.8324497524563048e-05,2.0722825211367486e-05,2.1906326605161427e-05
7347,2.484674691297711e-05,1.832366423835699e-05,2.0721895878228085e-05,2.1905312894833803e-05
7348,2.484572992994611e-05,1.832283194925546e-05,2.0720967676480095e-05,2.190430026997301e-05
7349,2.4844714188162194e-05,1.832200065594618e-05,2.0720040604764724e-05,2.190328872980906e-05
7350,2.4843699688021154e-05,1.83211703593966e-05,2.071911466210735e-05,2.1902278276206316e-05
7351,2.4842686428847594e-05,1.8320341058282044e-05,2.0718189850608078e-05,2.1901268907329403e-05
7352,2.484167441112229e-05,1.8319512752946478e-05,2.071726616832831e-05,2.190026062357809e-05
7353,2.4840663633663948e-05,1.8318685444257326e-05,2.0716343615675365e-05,2.1899253424362162e-05
7354,2.4839654097388192e-05,1.8317859130658943e-05,2.0715422192492386e-05,2.189824731065458e-05
7355,2.483864580133305e-05,1.831703381284562e-05,2.0714501898662247e-05,2.1897242281926286e-05
7356,2.483763874584313e-05,1.8316209490521053e-05,2.07135827347386e-05,2.189623833766165e-05
7357,2.4836632930395622e-05,1.8315386163355656e-05,2.0712664698875833e-05,2.189523547775527e-05
7358,2.4835628354595673e-05,1.831456383153525e-05,2.0711747792756396e-05,2.18942337025849e-05
7359,2.483462501899457e-05,1.8313742495165214e-05,2.071083201489397e-05,2.189323301186716e-05
7360,2.4833622922804153e-05,1.8312922153729797e-05,2.070991736614837e-05,2.189223340542749e-05
7361,2.4832622066016708e-05,1.8312102807289744e-05,2.07090038452373e-05,2.1891234883531344e-05
7362,2.483162244841985e-05,1.8311284455459033e-05,2.070809145319491e-05,2.1890237445146118e-05
7363,2.4830624069590978e-05,1.831046709844258e-05,2.0707180189543957e-05,2.1889241090690753e-05
7364,2.4829626929849728e-05,1.8309650736008797e-05,2.0706270053759023e-05,2.1888245820726325e-05
7365,2.4828631028246973e-05,1.8308835368113403e-05,2.0705361046039632e-05,2.188725163414828e-05
7366,2.482763636597497e-05,1.8308020994798044e-05,2.0704453165817263e-05,2.1886258531710454e-05
7367,2.482664294132672e-05,1.830720761539288e-05,2.0703546413437495e-05,2.1885266512399482e-05
7368,2.482565075502946e-05,1.8306395230347274e-05,2.0702640788898098e-05,2.1884275576844868e-05
7369,2.4824659806866503e-05,1.830558383964133e-05,2.0701736292015375e-05,2.1883285724665526e-05
7370,2.4823670096045624e-05,1.8304773442769056e-05,2.070083292198741e-05,2.1882296955176908e-05
7371,2.482268162294195e-05,1.8303964040208513e-05,2.0699930679585494e-05,2.1881309269802828e-05
7372,2.4821694387176402e-05,1.8303155630759494e-05,2.0699029563580072e-05,2.1880322666927283e-05
7373,2.482070838854974e-05,1.8302348215312547e-05,2.0698129574680843e-05,2.1879337147185453e-05
7374,2.48197236271246e-05,1.8301541793781273e-05,2.069723071270873e-05,2.1878352710515718e-05
7375,2.4818740102615283e-05,1.830073636540012e-05,2.0696332977176335e-05,2.187736935633771e-05
7376,2.4817757814621066e-05,1.829993193022145e-05,2.069543636826149e-05,2.187638708499055e-05
7377,2.4816776762891534e-05,1.8299128488748072e-05,2.0694540886084753e-05,2.1875405896874816e-05
7378,2.4815796947931125e-05,1.829832604027285e-05,2.0693646529291238e-05,2.1874425790780415e-05
7379,2.4814818368737187e-05,1.8297524585008846e-05,2.0692753299248884e-05,2.1873446767063254e-05
7380,2.481384102558669e-05,1.8296724122205824e-05,2.069186119511229e-05,2.187246882598054e-05
7381,2.4812864918229098e-05,1.8295924652759145e-05,2.0690970216754966e-05,2.18714919665251e-05
7382,2.4811890046554013e-05,1.829512617611303e-05,2.069008036405638e-05,2.1870516189840616e-05
7383,2.481091641009052e-05,1.8294328691875622e-05,2.0689191636744194e-05,2.186954149547319e-05
7384,2.4809944009050403e-05,1.8293532200380268e-05,2.0688304035389776e-05,2.1868567882723926e-05
7385,2.480897284296229e-05,1.8292736701227617e-05,2.0687417558633317e-05,2.186759535158144e-05
7386,2.4808002911931174e-05,1.829194219475881e-05,2.0686532207375384e-05,2.186662390282846e-05
7387,2.4807034215499542e-05,1.8291148680433957e-05,2.0685647981110517e-05,2.1865653535298827e-05
7388,2.4806066753501557e-05,1.8290356158427236e-05,2.0684764879961838e-05,2.1864684249910133e-05
7389,2.48051005259389e-05,1.828956462834965e-05,2.0683882903555277e-05,2.1863716045846894e-05
7390,2.480413553277269e-05,1.828877409058524e-05,2.0683002051572083e-05,2.1862748923437577e-05
7391,2.4803171773315406e-05,1.8287984544484218e-05,2.0682122324503587e-05,2.186178288217703e-05
7392,2.48022092477106e-05,1.8287195990031583e-05,2.0681243721933468e-05,2.1860817922150213e-05
7393,2.4801247956019227e-05,1.828640842742771e-05,2.0680366243449967e-05,2.1859854043660376e-05
7394,2.4800287897800956e-05,1.8285621856606704e-05,2.0679489889016156e-05,2.185889124622261e-05
7395,2.4799329072703983e-05,1.8284836277258353e-05,2.067861465839434e-05,2.185792953007745e-05
7396,2.4798371480664604e-05,1.8284051689254903e-05,2.0677740552025862e-05,2.1856968894552404e-05
7397,2.4797415122144995e-05,1.828326809261517e-05,2.067686756956483e-05,2.1856009340331987e-05
7398,2.479645999615625e-05,1.8282485487527115e-05,2.0675995710085304e-05,2.1855050866464784e-05
7399,2.4795506102775596e-05,1.8281703873401225e-05,2.0675124974841478e-05,2.1854093473365313e-05
7400,2.4794553441949336e-05,1.8280923250248877e-05,2.0674255362336368e-05,2.1853137161364805e-05
7401,2.4793602013190425e-05,1.8280143618154747e-05,2.06733868733099e-05,2.185218192960799e-05
7402,2.4792651816849335e-05,1.8279364976830644e-05,2.0672519507528506e-05,2.185122777847248e-05
7403,2.479170285227615e-05,1.827858732666244e-05,2.0671653264703422e-05,2.1850274707904843e-05
7404,2.479075511950828e-05,1.8277810666929088e-05,2.067078814483441e-05,2.184932271765454e-05
7405,2.4789808618620094e-05,1.827703499774518e-05,2.0669924147680698e-05,2.1848371807607145e-05
7406,2.4788863348819062e-05,1.8276260319185688e-05,2.0669061273361573e-05,2.1847421978050748e-05
7407,2.4787919310332623e-05,1.827548663091273e-05,2.0668199521330077e-05,2.1846473228093773e-05
7408,2.478697650332757e-05,1.827471393337118e-05,2.0667338892063795e-05,2.184552555860841e-05
7409,2.4786034927009506e-05,1.827394222567865e-05,2.0666479384404282e-05,2.1844578969097663e-05
7410,2.478509458164741e-05,1.8273171508372106e-05,2.0665620999289016e-05,2.1843633459482227e-05
7411,2.4784155466761733e-05,1.8272401781000184e-05,2.0664763736388982e-05,2.1842689029686096e-05
7412,2.4783217582356147e-05,1.82716330439579e-05,2.0663907595040062e-05,2.184174567991893e-05
7413,2.4782280928246585e-05,1.8270865296370102e-05,2.066305257557496e-05,2.1840803409669102e-05
7414,2.4781345504448428e-05,1.827009853873356e-05,2.0662198677947395e-05,2.1839862218708295e-05
7415,2.478041131022261e-05,1.826933277092753e-05,2.066134590146523e-05,2.1838922107721366e-05
7416,2.4779478345889403e-05,1.8268567992656457e-05,2.0660494246609248e-05,2.1837983076389734e-05
7417,2.477854661127148e-05,1.826780420419803e-05,2.0659643713113364e-05,2.1837045124411197e-05
7418,2.477761610610447e-05,1.8267041404863157e-05,2.0658794300638322e-05,2.1836108251798014e-05
7419,2.4776686830323367e-05,1.8266279595223416e-05,2.0657946009209942e-05,2.183517245824778e-05
7420,2.4775758783769916e-05,1.8265518774589505e-05,2.0657098838776535e-05,2.1834237744415657e-05
7421,2.477483196589823e-05,1.8264758943713705e-05,2.0656252789189294e-05,2.1833304109446002e-05
7422,2.4773906376974314e-05,1.82640001014567e-05,2.0655407860157175e-05,2.183237155356163e-05
7423,2.4772982016555488e-05,1.8263242248434103e-05,2.0654564051897223e-05,2.183144007685112e-05
7424,2.4772058884996986e-05,1.826248538445989e-05,2.0653721364062922e-05,2.183050967898794e-05
7425,2.477113698132115e-05,1.82617295091587e-05,2.0652879796321474e-05,2.18295803602655e-05
7426,2.4770216306109907e-05,1.826097462270259e-05,2.0652039349107107e-05,2.18286521203245e-05
7427,2.476929685863846e-05,1.8260220725093396e-05,2.0651200021888737e-05,2.182772495942318e-05
7428,2.4768378639235607e-05,1.825946781618255e-05,2.065036181454028e-05,2.1826798877080472e-05
7429,2.4767461647529708e-05,1.8258715895932162e-05,2.064952472714014e-05,2.1825873873358094e-05
7430,2.4766545883233232e-05,1.8257964963864722e-05,2.0648688759488973e-05,2.1824949948448672e-05
7431,2.476563134619778e-05,1.8257215020211805e-05,2.0647853911110648e-05,2.1824027102315146e-05
7432,2.4764718036518687e-05,1.8256466064878113e-05,2.0647020182726744e-05,2.182310533431664e-05
7433,2.4763805953943737e-05,1.8255718097883627e-05,2.06461875736928e-05,2.1822184644860652e-05
7434,2.4762895098094936e-05,1.8254971118891572e-05,2.0645356083797705e-05,2.1821265033967873e-05
7435,2.4761985469058254e-05,1.8254225128157488e-05,2.064452571305119e-05,2.182034650141222e-05
7436,2.476107706662274e-05,1.825348012542117e-05,2.064369646143892e-05,2.1819429047234893e-05
7437,2.4760169890453705e-05,1.8252736110774245e-05,2.0642868328763652e-05,2.1818512671332324e-05
7438,2.475926394053476e-05,1.8251993083625596e-05,2.064204131492025e-05,2.1817597373605394e-05
7439,2.4758359216813466e-05,1.825125104443316e-05,2.0641215419383948e-05,2.1816683153933687e-05
7440,2.4757455719079772e-05,1.8250509992913107e-05,2.0640390642751117e-05,2.1815770012595126e-05
7441,2.4756553447032704e-05,1.824976992888685e-05,2.0639566984525085e-05,2.1814857949237704e-05
7442,2.475565240058705e-05,1.824903085276452e-05,2.06387444447156e-05,2.1813946963832303e-05
7443,2.475475257958808e-05,1.824829276367302e-05,2.0637923023130563e-05,2.181303705632662e-05
7444,2.4753853984070005e-05,1.8247555662122485e-05,2.0637102719673817e-05,2.1812128226981368e-05
7445,2.4752956613628236e-05,1.8246819548055136e-05,2.0636283534068244e-05,2.1811220475298146e-05
7446,2.475206046828384e-05,1.8246084420934698e-05,2.0635465466657573e-05,2.181031380147491e-05
7447,2.475116554770132e-05,1.8245350281079298e-05,2.0634648516834922e-05,2.180940820553631e-05
7448,2.475027185170411e-05,1.8244617128352452e-05,2.0633832684929682e-05,2.1808503687046968e-05
7449,2.47493793804163e-05,1.8243884962666307e-05,2.0633017970408334e-05,2.1807600246676995e-05
7450,2.4748488133413313e-05,1.8243153783692257e-05,2.0632204373201598e-05,2.1806697883661428e-05
7451,2.474759811073798e-05,1.8242423591999492e-05,2.063139189367734e-05,2.1805796598213827e-05
7452,2.4746709312123255e-05,1.8241694386531507e-05,2.063058053105312e-05,2.1804896390702893e-05
7453,2.4745821737429554e-05,1.8240966168193934e-05,2.0629770285635354e-05,2.180399726028232e-05
7454,2.4744935386579813e-05,1.8240238936591712e-05,2.062896115735517e-05,2.180309920770854e-05
7455,2.4744050259229303e-05,1.8239512691293963e-05,2.0628153145909003e-05,2.1802202232247813e-05
7456,2.4743166355584134e-05,1.823878743279692e-05,2.0627346251176955e-05,2.1801306334504306e-05
7457,2.4742283675073592e-05,1.8238063160488172e-05,2.0626540473169178e-05,2.180041151416321e-05
7458,2.474140221775768e-05,1.8237339874682372e-05,2.0625735811791827e-05,2.1799517770872004e-05
7459,2.4740521983585974e-05,1.8236617575157056e-05,2.0624932266843097e-05,2.179862510506232e-05
7460,2.47396429722256e-05,1.823589626193705e-05,2.0624129838307414e-05,2.1797733516374564e-05
7461,2.473876518366534e-05,1.823517593463066e-05,2.062332852589732e-05,2.1796843005065215e-05
7462,2.4737888617720132e-05,1.8234456593476683e-05,2.0622528329657364e-05,2.1795953570828687e-05
7463,2.4737013274040738e-05,1.8233738238316723e-05,2.062172924943272e-05,2.179506521394319e-05
7464,2.473613915272518e-05,1.8233020869127962e-05,2.062093128532547e-05,2.1794177933931056e-05
7465,2.4735266253582126e-05,1.8232304485983723e-05,2.0620134436811736e-05,2.179329173134377e-05
7466,2.473439457633601e-05,1.82315890885295e-05,2.0619338703970924e-05,2.179240660550984e-05
7467,2.473352412103051e-05,1.8230874676884578e-05,2.0618544086709404e-05,2.1791522556751886e-05
7468,2.4732654887444942e-05,1.8230161250876197e-05,2.0617750585189802e-05,2.1790639585087562e-05
7469,2.4731786875312315e-05,1.8229448810375272e-05,2.0616958198756696e-05,2.1789757690408612e-05
7470,2.473092008465585e-05,1.8228737355579642e-05,2.061616692774782e-05,2.1788876872662648e-05
7471,2.4730054515307174e-05,1.8228026886187472e-05,2.0615376772023555e-05,2.178799713185841e-05
7472,2.4729190166945653e-05,1.8227317402319695e-05,2.0614587731277996e-05,2.178711846775433e-05
7473,2.4728327039607734e-05,1.8226608903690393e-05,2.0613799805285193e-05,2.1786240880676853e-05
7474,2.4727465133152445e-05,1.8225901390401247e-05,2.0613012994337527e-05,2.1785364370503563e-05
7475,2.4726604447390374e-05,1.8225194862192435e-05,2.0612227298227046e-05,2.1784488937264523e-05
7476,2.472574498217212e-05,1.822448931939759e-05,2.061144271649715e-05,2.178361458053124e-05
7477,2.4724886737211012e-05,1.8223784761484323e-05,2.0610659249550807e-05,2.1782741300683333e-05
7478,2.472402971252118e-05,1.822308118871364e-05,2.0609876897068666e-05,2.178186909774934e-05
7479,2.4723173908133052e-05,1.8222378600845816e-05,2.0609095658691484e-05,2.1780997971367882e-05
7480,2.4722319323531042e-05,1.8221676998019047e-05,2.0608315534717288e-05,2.1780127921696227e-05
7481,2.4721465958798397e-05,1.822097637988238e-05,2.0607536524850722e-05,2.1779258948811984e-05
7482,2.4720613813732254e-05,1.8220276746493592e-05,2.060675862882023e-05,2.177839105263331e-05
7483,2.4719762888254313e-05,1.8219578097972155e-05,2.0605981846909155e-05,2.1777524232988415e-05
7484,2.471891318211691e-05,1.8218880434111343e-05,2.0605206178930242e-05,2.177665849009081e-05
7485,2.471806469526321e-05,1.821818375470313e-05,2.0604431624466567e-05,2.1775793823834887e-05
7486,2.471721742757303e-05,1.821748805999507e-05,2.060365818363618e-05,2.1774930234074583e-05
7487,2.471637137878049e-05,1.821679334958067e-05,2.060288585645445e-05,2.1774067721100194e-05
7488,2.4715526548936126e-05,1.821609962381741e-05,2.0602114642482543e-05,2.1773206284537456e-05
7489,2.4714682937735786e-05,1.8215406882262333e-05,2.0601344541958923e-05,2.1772345924604544e-05
7490,2.4713840545081805e-05,1.8214715125079087e-05,2.060057555459209e-05,2.177148664113488e-05
7491,2.4712999370852647e-05,1.8214024352180373e-05,2.0599807680308814e-05,2.17706284343277e-05
7492,2.4712159414954263e-05,1.821333456332999e-05,2.0599040919186395e-05,2.1769771304086007e-05
7493,2.4711320677217203e-05,1.8212645758641853e-05,2.059827527083597e-05,2.1768915250345407e-05
7494,2.471048315736113e-05,1.8211957938023456e-05,2.0597510735274774e-05,2.1768060273077567e-05
7495,2.4709646855444778e-05,1.8211271101378348e-05,2.0596747312527328e-05,2.1767206372338293e-05
7496,2.470881177131964e-05,1.8210585248909177e-05,2.0595985002277644e-05,2.1766353548098117e-05
7497,2.4707977904726962e-05,1.8209900380201018e-05,2.0595223804675515e-05,2.176550180051252e-05
7498,2.4707145255606967e-05,1.820921649524753e-05,2.0594463719338386e-05,2.176465112917743e-05
7499,2.470631382385959e-05,1.8208533594273556e-05,2.0593704746484726e-05,2.1763801534411077e-05
7500,2.470548360926232e-05,1.8207851676914062e-05,2.0592946885703735e-05,2.1762953016196008e-05
7501,2.4704654611726657e-05,1.82071707432673e-05,2.0592190137101466e-05,2.1762105574439164e-05
7502,2.470382683112928e-05,1.8206490793168105e-05,2.0591434500530363e-05,2.1761259209187372e-05
7503,2.4703000267303937e-05,1.8205811826767844e-05,2.0590679975923168e-05,2.176041392028699e-05
7504,2.4702174920096394e-05,1.8205133843786825e-05,2.0589926562988697e-05,2.1759569707907046e-05
7505,2.470135078944299e-05,1.820445684423143e-05,2.0589174261857523e-05,2.1758726572028505e-05
7506,2.470052787515786e-05,1.8203780828263953e-05,2.058842307243481e-05,2.1757884512675836e-05
7507,2.4699706177176555e-05,1.8203105795417245e-05,2.058767299451677e-05,2.17570435298269e-05
7508,2.4698885695315903e-05,1.8202431746022603e-05,2.0586924028066864e-05,2.1756203623412585e-05
7509,2.469806642938257e-05,1.820175867985147e-05,2.0586176172821586e-05,2.1755364793399627e-05
7510,2.4697248379373774e-05,1.820108659699993e-05,2.0585429428930268e-05,2.175452704006428e-05
7511,2.4696431544993552e-05,1.8200415497097938e-05,2.0584683796261535e-05,2.1753690363128236e-05
7512,2.4695615926329687e-05,1.819974538041155e-05,2.0583939274470518e-05,2.175285476271943e-05
7513,2.4694801522996603e-05,1.819907624679201e-05,2.0583195863830772e-05,2.1752020238756235e-05
7514,2.469398833512202e-05,1.8198408096037616e-05,2.0582453564046226e-05,2.1751186791378662e-05
7515,2.4693176362389305e-05,1.8197740928349618e-05,2.058171237491979e-05,2.1750354420526266e-05
7516,2.4692365604696735e-05,1.81970747435695e-05,2.058097229651132e-05,2.1749523126189927e-05
7517,2.4691556062053114e-05,1.8196409541554776e-05,2.0580233328742892e-05,2.174869290843658e-05
7518,2.4690747734122726e-05,1.819574532244115e-05,2.0579495471489633e-05,2.1747863767244108e-05
7519,2.4689940620947434e-05,1.8195082085991153e-05,2.0578758724603512e-05,2.1747035702654256e-05
7520,2.4689134722279577e-05,1.819441983229729e-05,2.0578023087977106e-05,2.1746208714572387e-05
7521,2.468833003805435e-05,1.8193758561188107e-05,2.057728856165002e-05,2.1745382803070332e-05
7522,2.468752656818839e-05,1.8193098272816002e-05,2.0576555145362765e-05,2.174455796832467e-05
7523,2.4686724312386565e-05,1.8192438966948668e-05,2.0575822839124035e-05,2.1743734210178462e-05
7524,2.4685923270662056e-05,1.819178064350772e-05,2.0575091642871008e-05,2.1742911528645515e-05
7525,2.4685123442894997e-05,1.819112330268046e-05,2.057436155648395e-05,2.174208992384367e-05
7526,2.468432482888968e-05,1.8190466944210027e-05,2.057363257980169e-05,2.1741269395607886e-05
7527,2.4683527428583075e-05,1.8189811568137483e-05,2.0572904712747314e-05,2.174044994408821e-05
7528,2.4682731241847607e-05,1.818915717435081e-05,2.0572177955397877e-05,2.173963156942195e-05
7529,2.4681936268513893e-05,1.8188503762884095e-05,2.0571452307458004e-05,2.1738814271416066e-05
7530,2.468114250841879e-05,1.8187851333728384e-05,2.057072776890316e-05,2.1737998050148794e-05
7531,2.4680349961607244e-05,1.8187199886653582e-05,2.0570004339666502e-05,2.173718290581041e-05
7532,2.4679558627674364e-05,1.8186549421764183e-05,2.0569282019686246e-05,2.1736368838138495e-05
7533,2.4678768506807203e-05,1.8185899938974303e-05,2.056856080871675e-05,2.1735555847350686e-05
7534,2.467797959871607e-05,1.81852514383516e-05,2.056784070685052e-05,2.173474393342695e-05
7535,2.467719190322227e-05,1.818460391969367e-05,2.0567121713934438e-05,2.1733933096416587e-05
7536,2.467640542035128e-05,1.818395738292991e-05,2.0566403829886888e-05,2.1733123336423587e-05
7537,2.4675620149863055e-05,1.8183311828267203e-05,2.0565687054653418e-05,2.1732314653275428e-05
7538,2.4674836091705416e-05,1.818266725542977e-05,2.0564971388059286e-05,2.1731507047101353e-05
7539,2.467405324576995e-05,1.8182023664436943e-05,2.0564256830011463e-05,2.1730700518010028e-05
7540,2.4673271611886325e-05,1.8181381055282608e-05,2.0563543380500896e-05,2.17298950659361e-05
7541,2.4672491189924885e-05,1.8180739427888038e-05,2.056283103942812e-05,2.172909069086428e-05
7542,2.467171197980185e-05,1.8180098782204237e-05,2.0562119806651434e-05,2.1728287392979548e-05
7543,2.4670933981358147e-05,1.817945911828457e-05,2.0561409682134634e-05,2.1727485172223076e-05
7544,2.467015719451554e-05,1.8178820435987676e-05,2.0560700665768104e-05,2.1726684028603133e-05
7545,2.466938161913669e-05,1.817818273528595e-05,2.0559992757520343e-05,2.172588396232382e-05
7546,2.4668607255098086e-05,1.8177546016151596e-05,2.0559285957191202e-05,2.172508497318785e-05
7547,2.466783410232049e-05,1.8176910278625267e-05,2.0558580264766618e-05,2.1724287061384104e-05
7548,2.4667062160602694e-05,1.8176275522577477e-05,2.0557875680156452e-05,2.1723490226837655e-05
7549,2.4666291429925586e-05,1.8175641747969718e-05,2.0557172203347142e-05,2.1722694469774455e-05
7550,2.46655219100573e-05,1.8175008954708846e-05,2.055646983409211e-05,2.1721899790017198e-05
7551,2.466475360100527e-05,1.8174377143010282e-05,2.0555768572403415e-05,2.1721106187737468e-05
7552,2.4663986502593594e-05,1.8173746312535663e-05,2.05550684182401e-05,2.1720313662961407e-05
7553,2.4663220614669946e-05,1.8173116463393414e-05,2.0554369371423757e-05,2.1719522215744412e-05
7554,2.4662455937178446e-05,1.817248759556904e-05,2.055367143190095e-05,2.1718731846079877e-05
7555,2.4661692469955658e-05,1.817185970893369e-05,2.055297459954076e-05,2.1717942553996172e-05
7556,2.466093021290732e-05,1.817123280354542e-05,2.0552278874375746e-05,2.1717154339687775e-05
7557,2.466016916592949e-05,1.8170606879370597e-05,2.0551584256322867e-05,2.1716367203049926e-05
7558,2.4659409328897484e-05,1.8169981936283398e-05,2.0550890745169252e-05,2.171558114414217e-05
7559,2.465865070170878e-05,1.816935797425507e-05,2.0550198340867535e-05,2.171479616312849e-05
7560,2.4657893284237244e-05,1.8168734993378886e-05,2.0549507043439806e-05,2.1714012259976138e-05
7561,2.4657137076337387e-05,1.8168112993486657e-05,2.0548816852696012e-05,2.171322943465529e-05
7562,2.4656382077961855e-05,1.816749197462919e-05,2.0548127768610894e-05,2.1712447687396992e-05
7563,2.4655628288985776e-05,1.8166871936691884e-05,2.054743979100584e-05,2.1711667018122013e-05
7564,2.4654875709204564e-05,1.8166252879727428e-05,2.0546752919934586e-05,2.171088742693804e-05
7565,2.465412433857884e-05,1.8165634803654e-05,2.0546067155294464e-05,2.171010891392017e-05
7566,2.4653374177066606e-05,1.8165017708414795e-05,2.054538249689657e-05,2.1709331479065498e-05
7567,2.4652625224419926e-05,1.8164401594090587e-05,2.0544698944775204e-05,2.170855512243713e-05
7568,2.4651877480661396e-05,1.8163786460534712e-05,2.054401649873275e-05,2.1707779844168904e-05
7569,2.465113094552161e-05,1.8163172307711792e-05,2.0543335158813225e-05,2.1707005644261734e-05
7570,2.4650385619012504e-05,1.8162559135625312e-05,2.054265492485968e-05,2.1706232522746895e-05
7571,2.4649641501000006e-05,1.8161946944362548e-05,2.0541975796833806e-05,2.1705460479727536e-05
7572,2.4648898591328125e-05,1.8161335733683338e-05,2.0541297774586044e-05,2.170468951529405e-05
7573,2.464815688999937e-05,1.8160725503741883e-05,2.0540620858108885e-05,2.1703919629424985e-05
7574,2.464741639679116e-05,1.8160116254355544e-05,2.053994504735333e-05,2.1703150822333137e-05
7575,2.464667711160903e-05,1.8159507985562825e-05,2.0539270342092277e-05,2.1702383093872543e-05
7576,2.4645939034382976e-05,1.8158900697356645e-05,2.053859674241076e-05,2.1701616444273676e-05
7577,2.464520216499115e-05,1.815829438969861e-05,2.0537924248097815e-05,2.170085087353373e-05
7578,2.464446650332402e-05,1.8157689062560004e-05,2.05372528591581e-05,2.1700086381782673e-05
7579,2.4643732049286757e-05,1.8157084715876027e-05,2.0536582575529343e-05,2.1699322969004883e-05
7580,2.464299880277097e-05,1.815648134971346e-05,2.053591339709601e-05,2.1698560635362754e-05
7581,2.464226676361226e-05,1.8155878963857063e-05,2.0535245323709303e-05,2.1697799380816494e-05
7582,2.4641535931820986e-05,1.8155277558486948e-05,2.053457835538309e-05,2.169703920555792e-05
7583,2.464080630714737e-05,1.8154677133497147e-05,2.053391249203481e-05,2.1696280109554845e-05
7584,2.464007788961595e-05,1.81540776888549e-05,2.053324773359708e-05,2.169552209297646e-05
7585,2.4639350679043962e-05,1.8153479224482777e-05,2.0532584079952118e-05,2.169476515581638e-05
7586,2.46386246753621e-05,1.8152881740439887e-05,2.0531921531046286e-05,2.1694009298228067e-05
7587,2.463789987846939e-05,1.8152285236676507e-05,2.0531260086763792e-05,2.169325452025703e-05
7588,2.463717628822055e-05,1.815168971314991e-05,2.0530599747088088e-05,2.1692500821959684e-05
7589,2.4636453904560455e-05,1.815109516986498e-05,2.052994051191084e-05,2.1691748203423455e-05
7590,2.4635732727346222e-05,1.8150501606710362e-05,2.052928238116132e-05,2.1690996664725116e-05
7591,2.4635012756495533e-05,1.8149909023788244e-05,2.052862535474354e-05,2.169024620595955e-05
7592,2.4634293991941175e-05,1.8149317421027155e-05,2.052796943262893e-05,2.168949682724959e-05
7593,2.4633576433499138e-05,1.8148726798364615e-05,2.05273146147047e-05,2.168874852860773e-05
7594,2.4632860081112763e-05,1.8148137155811237e-05,2.0526660900910404e-05,2.1688001310171064e-05
7595,2.463214493468871e-05,1.8147548493347903e-05,2.0526008291135935e-05,2.1687255171996723e-05
7596,2.4631430994111882e-05,1.814696081094596e-05,2.052535678536445e-05,2.1686510114195092e-05
7597,2.46307182592911e-05,1.8146374108562134e-05,2.052470638350046e-05,2.1685766136854055e-05
7598,2.4630006730144155e-05,1.8145788386230133e-05,2.0524057085478294e-05,2.168502324003433e-05
7599,2.4629296406514e-05,1.814520364385494e-05,2.052340889121557e-05,2.1684281423823208e-05
7600,2.4628587288358256e-05,1.8144619881484136e-05,2.052276180059272e-05,2.1683540688368243e-05
7601,2.4627879375560234e-05,1.814403709908649e-05,2.052211581361883e-05,2.1682801033720678e-05
7602,2.462717266798986e-05,1.814345529653858e-05,2.052147093020246e-05,2.1682062459983126e-05
7603,2.4626467165595563e-05,1.8142874473971297e-05,2.0520827150206032e-05,2.1681324967267198e-05
7604,2.4625762868274477e-05,1.8142294631310296e-05,2.0520184473611368e-05,2.1680588555621014e-05
7605,2.462505977587322e-05,1.8141715768511184e-05,2.051954290034824e-05,2.1679853225207338e-05
7606,2.4624357888366407e-05,1.8141137885514717e-05,2.0518902430333906e-05,2.167911897607437e-05
7607,2.4623657205586272e-05,1.8140560982398452e-05,2.0518263063489475e-05,2.1678385808319328e-05
7608,2.4622957727517903e-05,1.813998505910091e-05,2.0517624799747533e-05,2.1677653722083084e-05
7609,2.462225945402209e-05,1.8139410115581815e-05,2.0516987639056663e-05,2.1676922717478847e-05
7610,2.4621562384991444e-05,1.8138836151854886e-05,2.0516351581318483e-05,2.167619279453487e-05
7611,2.4620866520323036e-05,1.8138263167898482e-05,2.051571662644288e-05,2.1675463953436513e-05
7612,2.462017185997388e-05,1.8137691163698268e-05,2.051508277441308e-05,2.1674736194202936e-05
7613,2.461947840378755e-05,1.8137120139201968e-05,2.0514450025147258e-05,2.167400951704423e-05
7614,2.4618786151715805e-05,1.813655009446577e-05,2.0513818378541534e-05,2.167328392197486e-05
7615,2.4618095103651405e-05,1.8135981029381183e-05,2.0513187834564002e-05,2.167255940916893e-05
7616,2.4617405259481482e-05,1.8135412944003067e-05,2.0512558393100787e-05,2.1671835978708743e-05
7617,2.4616716619144972e-05,1.813484583828566e-05,2.0511930054124346e-05,2.1671113630695036e-05
7618,2.4616029182526563e-05,1.813427971220295e-05,2.05113028175532e-05,2.1670392365266533e-05
7619,2.461534294954083e-05,1.813371456580059e-05,2.0510676683308435e-05,2.1669672182522576e-05
7620,2.4614657920071977e-05,1.8133150398994054e-05,2.051005165133341e-05,2.1668953082577717e-05
7621,2.4613974094073625e-05,1.8132587211796022e-05,2.050942772154114e-05,2.166823506555494e-05
7622,2.4613291471414028e-05,1.8132025004193938e-05,2.0508804893893192e-05,2.166751813154509e-05
7623,2.4612610052045556e-05,1.8131463776174744e-05,2.0508183168300186e-05,2.166680228070659e-05
7624,2.461192983582375e-05,1.8130903527726193e-05,2.0507562544683387e-05,2.166608751314424e-05
7625,2.461125082269367e-05,1.8130344258820616e-05,2.0506943022996768e-05,2.166537382898048e-05
7626,2.4610573012576166e-05,1.8129785969427273e-05,2.050632460317872e-05,2.1664661228329162e-05
7627,2.4609896405325193e-05,1.812922865962013e-05,2.0505707285126416e-05,2.1663949711311935e-05
7628,2.460922100091054e-05,1.8128672329287414e-05,2.050509106881833e-05,2.1663239278043074e-05
7629,2.46085467992229e-05,1.812811697848386e-05,2.0504475954158036e-05,2.166252992867598e-05
7630,2.4607873800184746e-05,1.8127562607145578e-05,2.0503861941070578e-05,2.1661821663326254e-05
7631,2.460720200366893e-05,1.8127009215312993e-05,2.0503249029519818e-05,2.1661114482132885e-05
7632,2.4606531409636247e-05,1.812645680296232e-05,2.0502637219426955e-05,2.1660408385194073e-05
7633,2.4605862017963252e-05,1.8125905370042026e-05,2.050202651071413e-05,2.1659703372679352e-05
7634,2.4605193828590896e-05,1.8125354916586473e-05,2.0501416903322437e-05,2.1658999444669103e-05
7635,2.460452684141488e-05,1.8124805442581274e-05,2.0500808397199347e-05,2.1658296601354993e-05
7636,2.4603861056339654e-05,1.8124256947992368e-05,2.0500200992268185e-05,2.165759484282362e-05
7637,2.460319647330109e-05,1.812370943281491e-05,2.0499594688457178e-05,2.1656894169247242e-05
7638,2.4602533092209556e-05,1.812316289705335e-05,2.049898948572144e-05,2.1656194580739526e-05
7639,2.4601870912973565e-05,1.812261734068809e-05,2.049838538396941e-05,2.1655496077462127e-05
7640,2.460120993551404e-05,1.8122072763749433e-05,2.049778238316575e-05,2.1654798659526686e-05
7641,2.460055015974174e-05,1.8121529166183597e-05,2.0497180483221867e-05,2.1654102327067792e-05
7642,2.459989158557039e-05,1.812098654798593e-05,2.0496579684085284e-05,2.1653407080263945e-05
7643,2.459923421292775e-05,1.812044490915047e-05,2.0495979985686024e-05,2.16527129192405e-05
7644,2.4598578041708717e-05,1.8119904249704242e-05,2.0495381387958937e-05,2.165201984412917e-05
7645,2.459792307186063e-05,1.8119364569604608e-05,2.049478389086655e-05,2.1651327855105833e-05
7646,2.4597269303280937e-05,1.811882586885184e-05,2.0494187494317944e-05,2.165063695228158e-05
7647,2.4596616735891567e-05,1.8118288147447084e-05,2.0493592198249926e-05,2.1649947135835627e-05
7648,2.4595965369602898e-05,1.8117751405351185e-05,2.04929980026179e-05,2.1649258405892155e-05
7649,2.459531520434634e-05,1.8117215642603166e-05,2.049240490734839e-05,2.1648570762609467e-05
7650,2.459466624004061e-05,1.8116680859199153e-05,2.0491812912375934e-05,2.1647884206158932e-05
7651,2.4594018476598356e-05,1.8116147055113394e-05,2.049122201763404e-05,2.1647198736667244e-05
7652,2.4593371913944564e-05,1.8115614230328633e-05,2.049063222307844e-05,2.1646514354311664e-05
7653,2.4592726551988905e-05,1.8115082384852096e-05,2.0490043528651477e-05,2.1645831059233482e-05
7654,2.4592082390660088e-05,1.8114551518695967e-05,2.048945593425935e-05,2.1645148851588272e-05
7655,2.4591439429879924e-05,1.811402163182806e-05,2.0488869439864696e-05,2.1644467731543575e-05
7656,2.459079766956856e-05,1.8113492724263924e-05,2.04882840454012e-05,2.1643787699257552e-05
7657,2.4590157109651698e-05,1.8112964795990094e-05,2.048769975081905e-05,2.164310875489565e-05
7658,2.4589517750047257e-05,1.811243784701445e-05,2.0487116556032518e-05,2.1642430898620323e-05
7659,2.4588879590663545e-05,1.811191187733279e-05,2.048653446100654e-05,2.164175413057809e-05
7660,2.4588242631443327e-05,1.8111386886929293e-05,2.0485953465674372e-05,2.16410784509662e-05
7661,2.458760687230971e-05,1.81108628758104e-05,2.048537356995322e-05,2.1640403859916734e-05
7662,2.4586972313172523e-05,1.8110339843970735e-05,2.0484794773817846e-05,2.1639730357624647e-05
7663,2.458633895395739e-05,1.8109817791415036e-05,2.048421707719384e-05,2.163905794424364e-05
7664,2.4585706794608713e-05,1.8109296718152035e-05,2.0483640480019952e-05,2.163838661995812e-05
7665,2.4585075835032856e-05,1.8108776624156007e-05,2.048306498223007e-05,2.163771638493113e-05
7666,2.458444607515316e-05,1.810825750943149e-05,2.048249058378203e-05,2.1637047239341616e-05
7667,2.4583817514904552e-05,1.8107739373975285e-05,2.048191728459441e-05,2.1636379183360733e-05
7668,2.4583190154205534e-05,1.8107222217798946e-05,2.0481345084636314e-05,2.1635712217159515e-05
7669,2.4582563992984933e-05,1.810670604090544e-05,2.048077398382473e-05,2.1635046340939172e-05
7670,2.4581939031169785e-05,1.8106190843283524e-05,2.048020398211836e-05,2.1634381554841382e-05
7671,2.458131526868879e-05,1.810567662493857e-05,2.0479635079448094e-05,2.1633717859087906e-05
7672,2.4580692705471517e-05,1.81051633858652e-05,2.047906727577288e-05,2.163305525382202e-05
7673,2.4580071341430676e-05,1.810465112607193e-05,2.0478500571016366e-05,2.1632393739261744e-05
7674,2.457945117651341e-05,1.8104139845555046e-05,2.0477934965123278e-05,2.163173331557142e-05
7675,2.457883221064221e-05,1.810362954432764e-05,2.0477370458046137e-05,2.1631073982942036e-05
7676,2.4578214443736657e-05,1.8103120222368298e-05,2.047680704973295e-05,2.163041574156581e-05
7677,2.457759787573141e-05,1.810261187970085e-05,2.0476244740096e-05,2.1629758591638435e-05
7678,2.457698250656626e-05,1.8102104516326316e-05,2.0475683529116018e-05,2.1629102533321557e-05
7679,2.457636833615972e-05,1.810159813224202e-05,2.0475123416720362e-05,2.1628447566848634e-05
7680,2.4575755364442627e-05,1.8101092727428917e-05,2.0474564402855887e-05,2.162779369237466e-05
7681,2.4575143591348977e-05,1.8100588301933796e-05,2.0474006487456474e-05,2.1627140910127938e-05
7682,2.457453301680544e-05,1.8100084855736498e-05,2.0473449670483993e-05,2.162648922027935e-05
7683,2.4573923640754073e-05,1.8099582388825985e-05,2.0472893951865945e-05,2.1625838623046363e-05
7684,2.4573315463111925e-05,1.8099080901232928e-05,2.0472339331548855e-05,2.1625189118614812e-05
7685,2.457270848382926e-05,1.809858039295005e-05,2.047178580949323e-05,2.1624540707197276e-05
7686,2.4572102702820462e-05,1.809808086398122e-05,2.04712333856277e-05,2.1623893388987127e-05
7687,2.45714981200261e-05,1.8097582314335853e-05,2.047068205990772e-05,2.162324716419711e-05
7688,2.4570894735383673e-05,1.809708474400917e-05,2.0470131832279304e-05,2.162260203301152e-05
7689,2.4570292548817792e-05,1.809658815301828e-05,2.046958270267473e-05,2.162195799566756e-05
7690,2.4569691560275782e-05,1.809609254137184e-05,2.0469034671051796e-05,2.1621315052361615e-05
7691,2.4569091769687286e-05,1.80955979090446e-05,2.0468487737343722e-05,2.1620673203297168e-05
7692,2.4568493176969907e-05,1.809510425609354e-05,2.0467941901534045e-05,2.1620032448692262e-05
7693,2.4567895782090215e-05,1.8094611582482563e-05,2.0467397163518083e-05,2.1619392788758957e-05
7694,2.4567299584961514e-05,1.809411988823332e-05,2.0466853523271127e-05,2.1618754223719333e-05
7695,2.4566704585516418e-05,1.8093629173353524e-05,2.0466310980737025e-05,2.161811675377646e-05
7696,2.4566110783715228e-05,1.8093139437860327e-05,2.046576953586751e-05,2.1617480379154756e-05
7697,2.4565518179471163e-05,1.8092650681729074e-05,2.0465229188589254e-05,2.1616845100088373e-05
7698,2.456492677273065e-05,1.8092162905006314e-05,2.046468993887123e-05,2.161621091676654e-05
7699,2.456433656343528e-05,1.809167610767426e-05,2.0464151786659494e-05,2.1615577829438823e-05
7700,2.4563747551516927e-05,1.809119028975272e-05,2.0463614731880848e-05,2.1614945838322103e-05
7701,2.4563159736919884e-05,1.809070545124286e-05,2.0463078774516113e-05,2.161431494364094e-05
7702,2.456257311957643e-05,1.8090221592155406e-05,2.0462543914488425e-05,2.1613685145617122e-05
7703,2.456198769942933e-05,1.8089738712506627e-05,2.046201015174799e-05,2.1613056444488933e-05
7704,2.4561403476415477e-05,1.8089256812301262e-05,2.0461477486257096e-05,2.1612428840482567e-05
7705,2.4560820450478252e-05,1.8088775891546386e-05,2.046094591795168e-05,2.1611802333831755e-05
7706,2.4560238621558245e-05,1.808829595025502e-05,2.0460415446788784e-05,2.161117692477002e-05
7707,2.4559657989590917e-05,1.8087816988427947e-05,2.0459886072703222e-05,2.1610552613533816e-05
7708,2.4559078554522807e-05,1.8087339006090264e-05,2.045935779566181e-05,2.1609929400364455e-05
7709,2.4558500316295725e-05,1.8086862003235006e-05,2.0458830615615367e-05,2.160930728549033e-05
7710,2.4557923274845248e-05,1.8086385979890535e-05,2.0458304532494053e-05,2.1608686269163385e-05
7711,2.4557347430121326e-05,1.8085910936060887e-05,2.0457779546269435e-05,2.1608066351618475e-05
7712,2.4556772782062405e-05,1.8085436871757788e-05,2.0457255656876305e-05,2.1607447533095823e-05
7713,2.4556199330609225e-05,1.8084963786983403e-05,2.04567328642693e-05,2.1606829813853237e-05
7714,2.45556270757107e-05,1.8084491681763546e-05,2.0456211168403522e-05,2.1606213194127845e-05
7715,2.455505601730852e-05,1.8084020556105553e-05,2.0455690569225172e-05,2.1605597674170318e-05
7716,2.455448615534868e-05,1.8083550410017764e-05,2.0455171066683242e-05,2.1604983254241754e-05
7717,2.455391748977119e-05,1.808308124351568e-05,2.0454652660732863e-05,2.1604369934577148e-05
7718,2.4553350020523443e-05,1.8082613056609425e-05,2.045413535132182e-05,2.16037577154426e-05
7719,2.455278374755023e-05,1.808214584931568e-05,2.0453619138408116e-05,2.1603146597086703e-05
7720,2.455221867079899e-05,1.8081679621640955e-05,2.0453104021934525e-05,2.1602536579782872e-05
7721,2.455165479021225e-05,1.8081214373614277e-05,2.0452590001857398e-05,2.1601927663764323e-05
7722,2.455109210574561e-05,1.8080750105230235e-05,2.045207707813249e-05,2.1601319849307794e-05
7723,2.4550530617334455e-05,1.8080286816514593e-05,2.045156525070475e-05,2.1600713136678558e-05
7724,2.4549970324934566e-05,1.8079824507477888e-05,2.0451054519527986e-05,2.16001075261325e-05
7725,2.454941122848743e-05,1.807936317813264e-05,2.045054488456034e-05,2.15995030179462e-05
7726,2.454885332794591e-05,1.807890282849379e-05,2.0450036345745497e-05,2.1598899612379272e-05
7727,2.45482966232561e-05,1.807844345857988e-05,2.0449528903044256e-05,2.159829730969842e-05
7728,2.4547741114368666e-05,1.8077985068404667e-05,2.0449022556404285e-05,2.1597696110184886e-05
7729,2.4547186801231243e-05,1.8077527657979013e-05,2.0448517305783985e-05,2.1597096014108224e-05
7730,2.454663368379568e-05,1.807707122732809e-05,2.0448013151133162e-05,2.1596497021738386e-05
7731,2.4546081762008698e-05,1.8076615776453503e-05,2.0447510092407016e-05,2.159589913336024e-05
7732,2.4545531035823092e-05,1.8076161305383782e-05,2.0447008129558444e-05,2.1595302349248393e-05
7733,2.4544981505192077e-05,1.8075707814134418e-05,2.0446507262536592e-05,2.159470666968454e-05
7734,2.4544433170060643e-05,1.8075255302710622e-05,2.044600749130561e-05,2.159411209495251e-05
7735,2.4543886030384473e-05,1.8074803771138568e-05,2.0445508815814343e-05,2.1593518625333598e-05
7736,2.4543340086114982e-05,1.8074353219434218e-05,2.0445011236017198e-05,2.159292626111417e-05
7737,2.4542795337202666e-05,1.8073903647612895e-05,2.0444514751867324e-05,2.1592335002585282e-05
7738,2.4542251783605727e-05,1.807345505569354e-05,2.0444019363326693e-05,2.1591744850033506e-05
7739,2.4541709425272905e-05,1.807300744369273e-05,2.0443525070338436e-05,2.1591155803753217e-05
7740,2.454116826215663e-05,1.807256081162494e-05,2.0443031872870426e-05,2.1590567864037363e-05
7741,2.454062829421249e-05,1.8072115159515078e-05,2.044253977086866e-05,2.1589981031175193e-05
7742,2.4540089521398922e-05,1.8071670487375043e-05,2.0442048764289788e-05,2.1589395305478695e-05
7743,2.4539551943663554e-05,1.8071226795225277e-05,2.0441558853096574e-05,2.1588810687234303e-05
7744,2.4539015560969143e-05,1.8070784083087213e-05,2.0441070037239734e-05,2.1588227176748927e-05
7745,2.4538480373265157e-05,1.8070342350977592e-05,2.0440582316675945e-05,2.158764477431912e-05
7746,2.45379463805103e-05,1.8069901598913088e-05,2.0440095691359612e-05,2.1587063480260045e-05
7747,2.4537413582659103e-05,1.8069461826916034e-05,2.043961016124806e-05,2.1586483294874118e-05
7748,2.4536881979670355e-05,1.8069023035005533e-05,2.0439125726300222e-05,2.1585904218468615e-05
7749,2.453635157150158e-05,1.8068585223202188e-05,2.04386423864739e-05,2.1585326251355983e-05
7750,2.453582235810862e-05,1.8068148391523912e-05,2.043816014172234e-05,2.1584749393851202e-05
7751,2.4535294339449723e-05,1.8067712539988684e-05,2.0437678991999064e-05,2.1584173646268224e-05
7752,2.4534767515482785e-05,1.806727766862214e-05,2.043719893727231e-05,2.1583599008920123e-05
7753,2.4534241886167603e-05,1.8066843777442827e-05,2.0436719977490304e-05,2.158302548213285e-05
7754,2.453371745146279e-05,1.8066410866470105e-05,2.0436242112611554e-05,2.158245306622111e-05
7755,2.4533194211327305e-05,1.8065978935725912e-05,2.0435765342600862e-05,2.1581881761510733e-05
7756,2.4532672165723233e-05,1.8065547985232326e-05,2.0435289667410135e-05,2.1581311568325717e-05
7757,2.4532151314607845e-05,1.806511801500932e-05,2.0434815087001794e-05,2.1580742486995877e-05
7758,2.453163165794357e-05,1.8064689025079263e-05,2.0434341601325607e-05,2.1580174517846175e-05
7759,2.453111319569208e-05,1.8064261015461942e-05,2.0433869210347608e-05,2.1579607661212965e-05
7760,2.4530595927812377e-05,1.8063833986180964e-05,2.0433397914024297e-05,2.1579041917425424e-05
7761,2.453007985426747e-05,1.8063407937259574e-05,2.0432927712316022e-05,2.157847728681822e-05
7762,2.452956497502332e-05,1.8062982868720267e-05,2.043245860518165e-05,2.1577913769733125e-05
7763,2.452905129003707e-05,1.806255878058247e-05,2.0431990592575024e-05,2.15773513665092e-05
7764,2.4528538799274134e-05,1.8062135672872823e-05,2.04315236744623e-05,2.157679007748171e-05
7765,2.4528027502697917e-05,1.8061713545610804e-05,2.04310578508014e-05,2.1576229902998814e-05
7766,2.4527517400273956e-05,1.8061292398823675e-05,2.0430593121550537e-05,2.1575670843412043e-05
7767,2.4527008491961655e-05,1.8060872232530112e-05,2.043012948666744e-05,2.1575112899060363e-05
7768,2.4526500777731588e-05,1.8060453046756285e-05,2.0429666946116875e-05,2.1574556070297468e-05
7769,2.452599425754584e-05,1.806003484152716e-05,2.0429205499856732e-05,2.1574000357478374e-05
7770,2.4525488931368702e-05,1.805961761686215e-05,2.042874514784459e-05,2.1573445760952372e-05
7771,2.4524984799166546e-05,1.8059201372790633e-05,2.0428285890046003e-05,2.157289228108174e-05
7772,2.4524481860906995e-05,1.805878610933351e-05,2.0427827726417754e-05,2.1572339918221926e-05
7773,2.452398011655701e-05,1.8058371826518843e-05,2.0427370656925718e-05,2.157178867273572e-05
7774,2.4523479566082018e-05,1.8057958524364613e-05,2.0426914681524472e-05,2.1571238544986587e-05
7775,2.4522980209450578e-05,1.8057546202903568e-05,2.042645980017783e-05,2.1570689535337582e-05
7776,2.4522482046628488e-05,1.8057134862154993e-05,2.0426006012847156e-05,2.1570141644161744e-05
7777,2.452198507758687e-05,1.805672450214693e-05,2.042555331949551e-05,2.1569594871822452e-05
7778,2.452148930229298e-05,1.8056315122904758e-05,2.0425101720081687e-05,2.1569049218698785e-05
7779,2.4520994720715542e-05,1.805590672445264e-05,2.0424651214571376e-05,2.1568504685161237e-05
7780,2.4520501332823642e-05,1.805549930681731e-05,2.042420180292202e-05,2.1567961271588203e-05
7781,2.452000913858724e-05,1.805509287002579e-05,2.0423753485097596e-05,2.156741897835873e-05
7782,2.4519518137976633e-05,1.8054687414102895e-05,2.0423306261060245e-05,2.1566877805853237e-05
7783,2.4519028330963288e-05,1.805428293907181e-05,2.0422860130774153e-05,2.1566337754457096e-05
7784,2.4518539717518956e-05,1.8053879444965922e-05,2.042241509419859e-05,2.1565798824556942e-05
7785,2.451805229761101e-05,1.8053476931807437e-05,2.0421971151298586e-05,2.156526101654251e-05
7786,2.4517566071213686e-05,1.8053075399623128e-05,2.042152830203757e-05,2.156472433080059e-05
7787,2.4517081038300547e-05,1.8052674848442162e-05,2.0421086546378408e-05,2.1564188767728088e-05
7788,2.4516597198842563e-05,1.805227527828972e-05,2.0420645884281874e-05,2.156365432771872e-05
7789,2.4516114552813263e-05,1.805187668919462e-05,2.0420206315713463e-05,2.156312101117195e-05
7790,2.4515633100184916e-05,1.8051479081184785e-05,2.0419767840636714e-05,2.1562588818489705e-05
7791,2.4515152840931875e-05,1.8051082454284445e-05,2.0419330459013888e-05,2.1562057750073096e-05
7792,2.4514673775028893e-05,1.805068680852548e-05,2.041889417081084e-05,2.156152780632521e-05
7793,2.451419590244859e-05,1.805029214393356e-05,2.0418458975990498e-05,2.1560998987658215e-05
7794,2.4513719223169377e-05,1.8049898460537467e-05,2.041802487451597e-05,2.15604712944819e-05
7795,2.4513243737163977e-05,1.804950575836585e-05,2.0417591866353177e-05,2.1559944727206283e-05
7796,2.4512769444408184e-05,1.8049114037448e-05,2.041715995146836e-05,2.1559419286248694e-05
7797,2.4512296344878746e-05,1.8048723297811104e-05,2.0416729129821382e-05,2.155889497202781e-05
7798,2.451182443855203e-05,1.8048333539484152e-05,2.041629940138134e-05,2.1558371784960537e-05
7799,2.4511353725404317e-05,1.804794476249754e-05,2.041587076611008e-05,2.1557849725474608e-05
7800,2.4510884205414288e-05,1.804755696687948e-05,2.041544322397397e-05,2.1557328793991288e-05
7801,2.4510415878558466e-05,1.8047170152658248e-05,2.0415016774939948e-05,2.155680899094032e-05
7802,2.4509948744815798e-05,1.8046784319866517e-05,2.0414591418969436e-05,2.1556290316752553e-05
7803,2.4509482804163516e-05,1.8046399468529788e-05,2.0414167156031548e-05,2.155577277185954e-05
7804,2.4509018056581338e-05,1.804601559867995e-05,2.0413743986090402e-05,2.1555256356699858e-05
7805,2.4508554502049454e-05,1.8045632710347477e-05,2.0413321909111562e-05,2.1554741071709902e-05
7806,2.450809214054534e-05,1.804525080356152e-05,2.0412900925062905e-05,2.1554226917330636e-05
7807,2.450763097205172e-05,1.8044869878352227e-05,2.041248103390801e-05,2.155371389400618e-05
7808,2.450717099654616e-05,1.8044489934751374e-05,2.0412062235615394e-05,2.1553202002182788e-05
7809,2.4506712214011758e-05,1.8044110972788124e-05,2.0411644530149976e-05,2.1552691242310183e-05
7810,2.4506254624428827e-05,1.8043732992492867e-05,2.0411227917479105e-05,2.1552181614838958e-05
7811,2.4505798227778814e-05,1.80433559938973e-05,2.0410812397569948e-05,2.155167312022448e-05
7812,2.4505343024044716e-05,1.8042979977032243e-05,2.0410397970389136e-05,2.155116575892249e-05
7813,2.4504889013207053e-05,1.804260494192813e-05,2.0409984635901463e-05,2.1550659531393456e-05
7814,2.4504436195250775e-05,1.8042230888618264e-05,2.0409572394077432e-05,2.155015443810138e-05
7815,2.4503984570158308e-05,1.8041857817131444e-05,2.0409161244882278e-05,2.1549650479509357e-05
7816,2.450353413791257e-05,1.804148572750041e-05,2.0408751188285e-05,2.154914765608775e-05
7817,2.4503084898498604e-05,1.8041114619757305e-05,2.0408342224251154e-05,2.1548645968305343e-05
7818,2.4502636851899656e-05,1.804074449393157e-05,2.04079343527512e-05,2.1548145416638306e-05
7819,2.450218999810161e-05,1.804037535005926e-05,2.040752757374983e-05,2.1547646001561437e-05
7820,2.4501744337088972e-05,1.8040007188168616e-05,2.0407121887218637e-05,2.154714772355543e-05
7821,2.4501299868847945e-05,1.803964000829388e-05,2.0406717293122388e-05,2.1546650583100816e-05
7822,2.450085659336318e-05,1.8039273810467007e-05,2.0406313791432638e-05,2.1546154580685102e-05
7823,2.4500414510622684e-05,1.8038908594720893e-05,2.0405911382115574e-05,2.154565971679443e-05
7824,2.449997362061225e-05,1.8038544361086558e-05,2.040551006514007e-05,2.154516599192101e-05
7825,2.449953392331891e-05,1.8038181109597777e-05,2.0405109840476282e-05,2.1544673406559206e-05
7826,2.4499095418729823e-05,1.8037818840288435e-05,2.040471070809197e-05,2.1544181961203946e-05
7827,2.4498658106833967e-05,1.803745755318975e-05,2.0404312667956802e-05,2.1543691656357114e-05
7828,2.449822198761901e-05,1.8037097248334934e-05,2.040391572003968e-05,2.154320249252053e-05
7829,2.4497787061073917e-05,1.803673792575923e-05,2.0403519864309293e-05,2.154271447020042e-05
7830,2.4497353327186972e-05,1.8036379585493654e-05,2.040312510073643e-05,2.1542227589905595e-05
7831,2.449692078594854e-05,1.80360222275725e-05,2.040273142928992e-05,2.1541741852148575e-05
7832,2.4496489437348516e-05,1.8035665852029908e-05,2.0402338849939903e-05,2.154125725744283e-05
7833,2.4496059281376202e-05,1.8035310458899365e-05,2.0401947362655293e-05,2.154077380630773e-05
7834,2.449563031802276e-05,1.8034956048214124e-05,2.0401556967407372e-05,2.154029149926433e-05
7835,2.4495202547279233e-05,1.8034602620009256e-05,2.0401167664166364e-05,2.1539810336836503e-05
7836,2.4494775969137066e-05,1.8034250174317386e-05,2.0400779452901556e-05,2.153933031955148e-05
7837,2.4494350583587073e-05,1.8033898711173702e-05,2.0400392333584607e-05,2.1538851447940287e-05
7838,2.4493926390623213e-05,1.803354823061261e-05,2.0400006306184048e-05,2.153837372253691e-05
7839,2.449350339023695e-05,1.803319873266756e-05,2.039962137067343e-05,2.1537897143876916e-05
7840,2.4493081582420887e-05,1.803285021737363e-05,2.0399237527021712e-05,2.153742171250138e-05
7841,2.4492660967169135e-05,1.8032502684765984e-05,2.0398854775200518e-05,2.153694742895391e-05
7842,2.4492241544474714e-05,1.8032156134878233e-05,2.0398473115180483e-05,2.1536474293780667e-05
7843,2.4491823314331827e-05,1.8031810567745625e-05,2.039809254693391e-05,2.1536002307531104e-05
7844,2.4491406276735544e-05,1.8031465983404563e-05,2.0397713070431242e-05,2.1535531470759044e-05
7845,2.449099043168004e-05,1.80311223818881e-05,2.0397334685644126e-05,2.1535061784019903e-05
7846,2.4490575779160974e-05,1.8030779763231976e-05,2.039695739254533e-05,2.1534593247874996e-05
7847,2.4490162319173718e-05,1.80304381274714e-05,2.0396581191105322e-05,2.153412586288596e-05
7848,2.4489750051713862e-05,1.8030097474641926e-05,2.039620608129631e-05,2.1533659629620055e-05
7849,2.4489338976778994e-05,1.8029757804779783e-05,2.0395832063091242e-05,2.1533194548646848e-05
7850,2.4488929094364805e-05,1.8029419117918712e-05,2.0395459136461673e-05,2.1532730620539464e-05
7851,2.4488520404468186e-05,1.8029081414095558e-05,2.0395087301380586e-05,2.1532267845874898e-05
7852,2.4488112907087952e-05,1.8028744693346347e-05,2.0394716557818897e-05,2.153180622523373e-05
7853,2.448770660222045e-05,1.802840895570602e-05,2.039434690575143e-05,2.1531345759198478e-05
7854,2.4487301489865125e-05,1.8028074201211484e-05,2.0393978345148543e-05,2.1530886448357e-05
7855,2.448689757002019e-05,1.8027740429897894e-05,2.0393610875985748e-05,2.1530428293298944e-05
7856,2.4486494842684247e-05,1.802740764180122e-05,2.0393244498233528e-05,2.1529971294620007e-05
7857,2.448609330785725e-05,1.8027075836958267e-05,2.0392879211866937e-05,2.1529515452917305e-05
7858,2.4485692965539284e-05,1.8026745015405576e-05,2.0392515016857978e-05,2.152906076879135e-05
7859,2.448529381572935e-05,1.802641517717909e-05,2.039215191318088e-05,2.1528607242847414e-05
7860,2.4484895858428776e-05,1.802608632231505e-05,2.03917899008085e-05,2.1528154875694996e-05
7861,2.4484499093638482e-05,1.802575845085039e-05,2.0391428979715135e-05,2.1527703667945315e-05
7862,2.4484103521359553e-05,1.8025431562820762e-05,2.0391069149874224e-05,2.1527253620214266e-05
7863,2.4483709141593482e-05,1.8025105658265345e-05,2.0390710411259638e-05,2.1526804733121774e-05
7864,2.4483315954342404e-05,1.8024780737217663e-05,2.039035276384575e-05,2.152635700729135e-05
7865,2.448292395960881e-05,1.802445679971699e-05,2.0389996207606642e-05,2.15259104433492e-05
7866,2.448253315739518e-05,1.8024133845798884e-05,2.038964074251627e-05,2.152546504192671e-05
7867,2.4482143547704295e-05,1.8023811875501666e-05,2.038928636854924e-05,2.1525020803658165e-05
7868,2.4481755130541008e-05,1.8023490888861637e-05,2.0388933085680026e-05,2.1524577729182446e-05
7869,2.4481367905907807e-05,1.8023170885916108e-05,2.0388580893883714e-05,2.1524135819141787e-05
7870,2.4480981873809803e-05,1.8022851866701512e-05,2.0388229793134616e-05,2.1523695074181074e-05
7871,2.4480597034250566e-05,1.802253383125629e-05,2.0387879783407896e-05,2.1523255494952032e-05
7872,2.4480213387235747e-05,1.8022216779617546e-05,2.0387530864678835e-05,2.1522817082107257e-05
7873,2.4479830932770907e-05,1.8021900711822993e-05,2.0387183036922282e-05,2.1522379836305256e-05
7874,2.447944967086092e-05,1.8021585627908457e-05,2.0386836300113478e-05,2.152194375820857e-05
7875,2.447906960151245e-05,1.8021271527913678e-05,2.038649065422807e-05,2.1521508848481234e-05
7876,2.4478690724731618e-05,1.802095841187548e-05,2.03861460992413e-05,2.152107510779433e-05
7877,2.4478313040524934e-05,1.8020646279831463e-05,2.0385802635129007e-05,2.152064253682224e-05
7878,2.4477936548900643e-05,1.802033513181926e-05,2.0385460261867077e-05,2.152021113624198e-05
7879,2.447756124986469e-05,1.8020024967877023e-05,2.0385118979431663e-05,2.151978090673576e-05
7880,2.4477187143425708e-05,1.8019715788042744e-05,2.0384778787798136e-05,2.1519351848989484e-05
7881,2.4476814229592255e-05,1.8019407592353652e-05,2.0384439686943098e-05,2.151892396369418e-05
7882,2.4476442508372576e-05,1.801910038084845e-05,2.0384101676843282e-05,2.1518497251544353e-05
7883,2.4476071979774863e-05,1.801879415356515e-05,2.038376475747374e-05,2.151807171323907e-05
7884,2.4475702643809508e-05,1.801848891054202e-05,2.0383428928812025e-05,2.1517647349479418e-05
7885,2.447533450048538e-05,1.8018184651816372e-05,2.0383094190834397e-05,2.1517224160975244e-05
7886,2.447496754981237e-05,1.8017881377427165e-05,2.0382760543518367e-05,2.1516802148436147e-05
7887,2.4474601791801636e-05,1.8017579087412375e-05,2.0382427986840018e-05,2.1516381312579614e-05
7888,2.4474237226462947e-05,1.8017277781810504e-05,2.03820965207766e-05,2.151596165412436e-05
7889,2.4473873853807722e-05,1.8016977460659777e-05,2.0381766145304713e-05,2.1515543173795465e-05
7890,2.4473511673847346e-05,1.8016678123999067e-05,2.0381436860402403e-05,2.1515125872322107e-05
7891,2.4473150686593477e-05,1.801637977186582e-05,2.0381108666046142e-05,2.151470975043839e-05
7892,2.447279089205804e-05,1.8016082404299792e-05,2.0380781562214264e-05,2.151429480888064e-05
7893,2.4472432290253807e-05,1.8015786021338186e-05,2.0380455548884112e-05,2.151388104839222e-05
7894,2.4472074881193205e-05,1.801549062302038e-05,2.0380130626033215e-05,2.1513468469720592e-05
7895,2.4471718664889212e-05,1.801519620938517e-05,2.0379806793639233e-05,2.1513057073615804e-05
7896,2.4471363641355427e-05,1.8014902780470603e-05,2.037948405168034e-05,2.1512646860835258e-05
7897,2.447100981060598e-05,1.8014610336316193e-05,2.0379162400134657e-05,2.1512237832139193e-05
7898,2.447065717265456e-05,1.801431887695957e-05,2.0378841838980145e-05,2.1511829988293027e-05
7899,2.44703057275159e-05,1.8014028402440522e-05,2.0378522368195225e-05,2.1511423330065675e-05
7900,2.4469955475204096e-05,1.801373891279701e-05,2.0378203987757828e-05,2.1511017858233495e-05
7901,2.4469606415734904e-05,1.8013450408068435e-05,2.0377886697647146e-05,2.1510613573575403e-05
7902,2.4469258549124014e-05,1.8013162888293848e-05,2.0377570497841583e-05,2.1510210476875318e-05
7903,2.4468911875386822e-05,1.801287635351133e-05,2.0377255388319455e-05,2.1509808568923036e-05
7904,2.4468566394539306e-05,1.8012590803760596e-05,2.0376941369059902e-05,2.1509407850511187e-05
7905,2.446822210659806e-05,1.80123062390802e-05,2.037662844004202e-05,2.150900832243964e-05
7906,2.4467879011580044e-05,1.8012022659508906e-05,2.0376316601244915e-05,2.1508609985511935e-05
7907,2.4467537109502255e-05,1.801174006508661e-05,2.037600585264741e-05,2.1508212840536114e-05
7908,2.446719640038194e-05,1.801145845585096e-05,2.0375696194228776e-05,2.1507816888326462e-05
7909,2.4466856884237244e-05,1.8011177831842243e-05,2.0375387625969243e-05,2.1507422129701358e-05
7910,2.4466518561086164e-05,1.801089819309866e-05,2.037508014784684e-05,2.150702856548373e-05
7911,2.4466181430946868e-05,1.8010619539659716e-05,2.0374773759842614e-05,2.150663619650333e-05
7912,2.4465845493838194e-05,1.8010341871564656e-05,2.0374468461935346e-05,2.150624502359334e-05
7913,2.4465510749778974e-05,1.8010065188851898e-05,2.0374164254104796e-05,2.1505855047593064e-05
7914,2.4465177198789296e-05,1.8009789491561193e-05,2.0373861136332218e-05,2.1505466269346096e-05
7915,2.4464844840888194e-05,1.8009514779731534e-05,2.03735591085965e-05,2.1505078689702556e-05
7916,2.4464513676095344e-05,1.800924105340197e-05,2.037325817087793e-05,2.1504692309516375e-05
7917,2.4464183704432097e-05,1.800896831261193e-05,2.037295832315692e-05,2.1504307129647364e-05
7918,2.4463854925918446e-05,1.8008696557399885e-05,2.0372659565414208e-05,2.150392315096095e-05
7919,2.446352734057525e-05,1.800842578780565e-05,2.0372361897629496e-05,2.1503540374327926e-05
7920,2.4463200948423895e-05,1.8008156003868465e-05,2.0372065319783678e-05,2.1503158800623805e-05
7921,2.4462875749486276e-05,1.800788720562688e-05,2.037176983185809e-05,2.150277843072989e-05
7922,2.4462551743783698e-05,1.8007619393120922e-05,2.03714754338326e-05,2.1502399265533784e-05
7923,2.446222893133826e-05,1.8007352566388718e-05,2.0371182125688844e-05,2.1502021305926338e-05
7924,2.4461907312173328e-05,1.8007086725470828e-05,2.0370889907407262e-05,2.15016445528064e-05
7925,2.4461586886310402e-05,1.8006821870405137e-05,2.0370598778969878e-05,2.1501269007077186e-05
7926,2.4461267653773648e-05,1.8006558001231714e-05,2.0370308740356753e-05,2.1500894669647253e-05
7927,2.446094961458574e-05,1.8006295117989132e-05,2.0370019791550316e-05,2.15005215414319e-05
7928,2.4460632768770635e-05,1.8006033220717047e-05,2.0369731932530438e-05,2.1500149623351717e-05
7929,2.4460317116351986e-05,1.8005772309454342e-05,2.0369445163279904e-05,2.1499778916331637e-05
7930,2.446000265735448e-05,1.8005512384240923e-05,2.0369159483780956e-05,2.1499409421304804e-05
7931,2.4459689391802427e-05,1.800525344511482e-05,2.036887489401399e-05,2.149904113920701e-05
7932,2.4459377319720777e-05,1.8004995492115383e-05,2.036859139396129e-05,2.1498674070983523e-05
7933,2.4459066441134032e-05,1.8004738525282672e-05,2.0368308983604753e-05,2.1498308217582783e-05
7934,2.4458756756068216e-05,1.8004482544654343e-05,2.036802766292698e-05,2.1497943579960315e-05
7935,2.4458448264549156e-05,1.8004227550271e-05,2.0367747431909693e-05,2.1497580159076583e-05
7936,2.4458140966602285e-05,1.8003973542170894e-05,2.0367468290534507e-05,2.1497217955900047e-05
7937,2.4457834862254154e-05,1.8003720520393536e-05,2.0367190238784822e-05,2.149685697140312e-05
7938,2.4457529951530853e-05,1.8003468484977707e-05,2.036691327664263e-05,2.149649720656482e-05
7939,2.4457226234459416e-05,1.8003217435962603e-05,2.0366637404090502e-05,2.1496138662370976e-05
7940,2.445692371106746e-05,1.800296737338691e-05,2.0366362621111078e-05,2.1495781339813027e-05
7941,2.4456622381381737e-05,1.800271829728999e-05,2.0366088927687474e-05,2.1495425239888647e-05
7942,2.445632224542979e-05,1.8002470207710782e-05,2.0365816323801673e-05,2.1495070363602098e-05
7943,2.4456023303239747e-05,1.800222310468873e-05,2.0365544809437794e-05,2.1494716711963362e-05
7944,2.445572555483943e-05,1.8001976988261606e-05,2.0365274384577622e-05,2.1494364285988962e-05
7945,2.445542900025745e-05,1.800173185846907e-05,2.0365005049205383e-05,2.1494013086701354e-05
7946,2.4455133639522702e-05,1.800148771535043e-05,2.0364736803303672e-05,2.1493663115130263e-05
7947,2.445483947266352e-05,1.8001244558943354e-05,2.0364469646856625e-05,2.1493314372311704e-05
7948,2.445454649970982e-05,1.800100238928718e-05,2.0364203579846584e-05,2.149296685928747e-05
7949,2.445425472069018e-05,1.8000761206421437e-05,2.0363938602257875e-05,2.1492620577106308e-05
7950,2.4453964135635215e-05,1.8000521010384203e-05,2.0363674714074004e-05,2.149227552682347e-05
7951,2.4453674744574075e-05,1.8000281801213793e-05,2.0363411915278567e-05,2.1491931709500924e-05
7952,2.4453386547537334e-05,1.8000043578949596e-05,2.036315020585503e-05,2.149158912620722e-05
7953,2.445309954455531e-05,1.799980634363005e-05,2.0362889585788204e-05,2.1491247778016866e-05
7954,2.4452813735658767e-05,1.799957009529381e-05,2.0362630055061308e-05,2.149090766601268e-05
7955,2.4452529120878797e-05,1.799933483397929e-05,2.036237161365867e-05,2.149056879128277e-05
7956,2.44522457002456e-05,1.799910055972522e-05,2.0362114261564405e-05,2.1490231154922707e-05
7957,2.4451963473791885e-05,1.79988672725698e-05,2.0361857998763207e-05,2.1489894758035144e-05
7958,2.4451682441548544e-05,1.799863497255128e-05,2.0361602825239678e-05,2.1489559601728716e-05
7959,2.4451402603547367e-05,1.799840365970901e-05,2.03613487409771e-05,2.1489225687119523e-05
7960,2.445112395982093e-05,1.7998173334080704e-05,2.036109574596108e-05,2.1488893015331294e-05
7961,2.4450846510401023e-05,1.7997943995704553e-05,2.0360843840176372e-05,2.1488561587493663e-05
7962,2.4450570255320464e-05,1.799771564461883e-05,2.0360593023607188e-05,2.148823140474403e-05
7963,2.445029519461195e-05,1.7997488280862128e-05,2.0360343296238646e-05,2.148790246822673e-05
7964,2.4450021328308838e-05,1.799726190447211e-05,2.036009465805584e-05,2.1487574779092166e-05
7965,2.4449748656443672e-05,1.7997036515487056e-05,2.035984710904324e-05,2.1487248338500676e-05
7966,2.4449477179050396e-05,1.7996812113945216e-05,2.0359600649186624e-05,2.1486923147616727e-05
7967,2.4449206896162054e-05,1.7996588699884443e-05,2.035935527847079e-05,2.1486599207613975e-05
7968,2.4448937807813265e-05,1.799636627334238e-05,2.0359110996881607e-05,2.148627651967202e-05
7969,2.4448669914037892e-05,1.7996144834357562e-05,2.035886780440361e-05,2.1485955084979943e-05
7970,2.4448403214869432e-05,1.7995924382967245e-05,2.0358625701023448e-05,2.1485634904731655e-05
7971,2.444813771034305e-05,1.7995704919209115e-05,2.0358384686725346e-05,2.1485315980130155e-05
7972,2.444787340049356e-05,1.7995486443121318e-05,2.0358144761496163e-05,2.1484998312385002e-05
7973,2.4447610285355192e-05,1.7995268954741267e-05,2.035790592532073e-05,2.1484681902715117e-05
7974,2.444734836496334e-05,1.7995052454106647e-05,2.0357668178186058e-05,2.148436675234392e-05
7975,2.4447087639353285e-05,1.7994836941254478e-05,2.0357431520077136e-05,2.1484052862504965e-05
7976,2.4446828108560755e-05,1.7994622416222872e-05,2.0357195950979728e-05,2.1483740234438332e-05
7977,2.4446569772620472e-05,1.799440887904852e-05,2.035696147088123e-05,2.148342886939212e-05
7978,2.4446312631569e-05,1.799419632976962e-05,2.0356728079766307e-05,2.148311876862133e-05
7979,2.4446056685442628e-05,1.799398476842242e-05,2.0356495777622928e-05,2.148280993339043e-05
7980,2.4445801934276482e-05,1.799377419504517e-05,2.0356264564435666e-05,2.1482502364970334e-05
7981,2.4445548378107305e-05,1.7993564609673443e-05,2.0356034440192685e-05,2.1482196064639213e-05
7982,2.4445296016972247e-05,1.79933560123455e-05,2.035580540487943e-05,2.1481891033685284e-05
7983,2.44450448509071e-05,1.7993148403097508e-05,2.035557745848291e-05,2.1481587273402603e-05
7984,2.4444794879949532e-05,1.7992941781967085e-05,2.0355350600989847e-05,2.1481284785094507e-05
7985,2.4444546104135845e-05,1.799273614899046e-05,2.0355124832387053e-05,2.1480983570071127e-05
7986,2.444429852350354e-05,1.7992531504204594e-05,2.035490015266079e-05,2.14806836296517e-05
7987,2.4444052138090135e-05,1.7992327847645943e-05,2.0354676561799625e-05,2.1480384965162437e-05
7988,2.4443806947933058e-05,1.799212517935114e-05,2.0354454059789044e-05,2.1480087577939012e-05
7989,2.4443562953069614e-05,1.799192349935578e-05,2.0354232646616587e-05,2.1479791469324e-05
7990,2.4443320153537588e-05,1.799172280769788e-05,2.0354012322270227e-05,2.1479496640669323e-05
7991,2.444307854937545e-05,1.799152310441246e-05,2.0353793086736244e-05,2.1479203093333565e-05
7992,2.4442838140621235e-05,1.7991324389536037e-05,2.0353574940002772e-05,2.1478910828684746e-05
7993,2.4442598927312548e-05,1.7991126663105075e-05,2.0353357882057027e-05,2.147861984809895e-05
7994,2.4442360909488402e-05,1.7990929925155474e-05,2.035314191288646e-05,2.147833015295998e-05
7995,2.4442124087187205e-05,1.7990734175722193e-05,2.0352927032479248e-05,2.147804174466086e-05
7996,2.4441888460447254e-05,1.799053941484285e-05,2.0352713240822185e-05,2.147775462460211e-05
7997,2.444165402930766e-05,1.799034564255161e-05,2.0352500537903972e-05,2.1477468794193245e-05
7998,2.4441420793806828e-05,1.7990152858884722e-05,2.0352288923712088e-05,2.1477184254852245e-05
7999,2.4441188753984484e-05,1.798996106387774e-05,2.03520783982343e-05,2.1476901008004733e-05
8000,2.4440957909879296e-05,1.7989770257565978e-05,2.035186896145942e-05,2.1476619055085774e-05
8001,2.4440728261530863e-05,1.798958043998514e-05,2.0351660613374952e-05,2.1476338397538658e-05
8002,2.444049980897806e-05,1.798939161117051e-05,2.0351453353969432e-05,2.1476059036814932e-05
8003,2.4440272552260898e-05,1.79892037711566e-05,2.0351247183230704e-05,2.1475780974374536e-05
8004,2.444004649141879e-05,1.7989016919978778e-05,2.0351042101147644e-05,2.1475504211687058e-05
8005,2.4439821626490877e-05,1.7988831057672286e-05,2.0350838107708393e-05,2.1475228750230062e-05
8006,2.443959795751747e-05,1.7988646184271582e-05,2.035063520290115e-05,2.147495459148907e-05
8007,2.4439375484538476e-05,1.7988462299811698e-05,2.0350433386715722e-05,2.14746817369585e-05
8008,2.443915420759397e-05,1.7988279404327225e-05,2.0350232659139835e-05,2.147441018814242e-05
8009,2.44389341267237e-05,1.7988097497852522e-05,2.0350033020161878e-05,2.147413994655341e-05
8010,2.4438715241968004e-05,1.7987916580422186e-05,2.0349834469772193e-05,2.1473871013712134e-05
8011,2.443849755336683e-05,1.7987736652070763e-05,2.0349637007958434e-05,2.147360339114775e-05
8012,2.4438281060961182e-05,1.7987557712831445e-05,2.0349440634710283e-05,2.1473337080398617e-05
8013,2.443806576479096e-05,1.7987379762739528e-05,2.0349245350016146e-05,2.1473072083011993e-05
8014,2.4437851664896623e-05,1.7987202801828593e-05,2.0349051153865545e-05,2.147280840054491e-05
8015,2.4437638761318914e-05,1.7987026830132265e-05,2.034885804624838e-05,2.1472546034560107e-05
8016,2.4437427054098295e-05,1.7986851847684266e-05,2.034866602715275e-05,2.1472284986632282e-05
8017,2.443721654327563e-05,1.7986677854518708e-05,2.0348475096568846e-05,2.147202525834357e-05
8018,2.443700722889162e-05,1.798650485066865e-05,2.0348285254485955e-05,2.147176685128505e-05
8019,2.4436799110986548e-05,1.7986332836167522e-05,2.0348096500893494e-05,2.147150976705672e-05
8020,2.443659218960184e-05,1.7986161811049077e-05,2.0347908835780983e-05,2.1471254007266916e-05
8021,2.4436386464778522e-05,1.7985991775345922e-05,2.0347722259139093e-05,2.147099957353386e-05
8022,2.4436181936556974e-05,1.7985822729090867e-05,2.0347536770955978e-05,2.1470746467483762e-05
8023,2.44359786049787e-05,1.79856546723181e-05,2.034735237122248e-05,2.1470494690752066e-05
8024,2.4435776470084453e-05,1.7985487605059043e-05,2.034716905992888e-05,2.147024424498215e-05
8025,2.4435575531915554e-05,1.7985321527346504e-05,2.0346986837063703e-05,2.1469995131827663e-05
8026,2.4435375790512764e-05,1.7985156439213903e-05,2.0346805702619004e-05,2.1469747352950075e-05
8027,2.4435177245917652e-05,1.7984992340692626e-05,2.0346625656583492e-05,2.14695009100199e-05
8028,2.4434979898170666e-05,1.7984829231815747e-05,2.0346446698947656e-05,2.1469255804717107e-05
8029,2.443478374731368e-05,1.7984667112615192e-05,2.034626882970221e-05,2.1469012038728125e-05
8030,2.443458879338776e-05,1.7984505983122133e-05,2.03460920488368e-05,2.1468769613751087e-05
8031,2.4434395036433636e-05,1.798434584336988e-05,2.0345916356342375e-05,2.146852853149156e-05
8032,2.4434202476493132e-05,1.798418669338921e-05,2.0345741752209645e-05,2.146828879366369e-05
8033,2.4434011113607037e-05,1.7984028533212013e-05,2.0345568236428877e-05,2.1468050401990614e-05
8034,2.44338209478169e-05,1.7983871362870185e-05,2.0345395808990292e-05,2.1467813358203745e-05
8035,2.4433631979163867e-05,1.798371518239405e-05,2.0345224469885143e-05,2.1467577664043393e-05
8036,2.4433444207689232e-05,1.798355999181516e-05,2.0345054219104235e-05,2.14673433212587e-05
8037,2.443325763343418e-05,1.7983405791165536e-05,2.034488505663872e-05,2.146711033160724e-05
8038,2.443307225644005e-05,1.7983252580475236e-05,2.034471698247877e-05,2.146687869685558e-05
8039,2.4432888076747675e-05,1.7983100359774934e-05,2.0344549996615878e-05,2.146664841877765e-05
8040,2.4432705094398537e-05,1.798294912909552e-05,2.0344384099040677e-05,2.146641949915726e-05
8041,2.4432523309433638e-05,1.7982798888467862e-05,2.0344219289745095e-05,2.1466191939784742e-05
8042,2.443234272189422e-05,1.798264963792165e-05,2.0344055568719738e-05,2.1465965742461138e-05
8043,2.443216333182147e-05,1.798250137748719e-05,2.0343892935956114e-05,2.146574090899421e-05
8044,2.4431985139256213e-05,1.7982354107195208e-05,2.0343731391445195e-05,2.1465517441200173e-05
8045,2.4431808144239967e-05,1.7982207827075114e-05,2.0343570935179937e-05,2.1465295340904766e-05
8046,2.44316323468133e-05,1.798206253715622e-05,2.0343411567149395e-05,2.1465074609940058e-05
8047,2.4431457747017777e-05,1.7981918237469147e-05,2.034325328734677e-05,2.1464855250146694e-05
8048,2.443128434489307e-05,1.798177492804283e-05,2.0343096095763188e-05,2.1464637263374567e-05
8049,2.443111214048127e-05,1.7981632608906658e-05,2.0342939992390887e-05,2.146442065148016e-05
8050,2.4430941133822843e-05,1.798149128008952e-05,2.034278497722066e-05,2.1464205416327777e-05
8051,2.4430771324958018e-05,1.798135094162093e-05,2.0342631050245773e-05,2.1463991559790833e-05
8052,2.4430602713928572e-05,1.7981211593529454e-05,2.034247821145657e-05,2.1463779083749392e-05
8053,2.4430435300774035e-05,1.798107323584363e-05,2.0342326460846206e-05,2.146356799009169e-05
8054,2.4430269085535502e-05,1.7980935868592377e-05,2.0342175798405766e-05,2.146335828071325e-05
8055,2.443010406825338e-05,1.798079949180438e-05,2.034202622412811e-05,2.146314995751584e-05
8056,2.442994024896792e-05,1.7980664105506973e-05,2.0341877738005437e-05,2.1462943022411857e-05
8057,2.4429777627719846e-05,1.7980529709728637e-05,2.0341730340029444e-05,2.1462737477317304e-05
8058,2.442961620454901e-05,1.7980396304497015e-05,2.0341584030192342e-05,2.146253332415707e-05
8059,2.4429455979495667e-05,1.7980263889840698e-05,2.034143880848776e-05,2.1462330564863923e-05
8060,2.4429296952600167e-05,1.7980132465786465e-05,2.034129467490684e-05,2.1462129201374973e-05
8061,2.4429139123901912e-05,1.7980002032361927e-05,2.03411516294432e-05,2.146192923563685e-05
8062,2.442898249344111e-05,1.797987258959474e-05,2.034100967208718e-05,2.146173066960134e-05
8063,2.4428827061257588e-05,1.7979744137511554e-05,2.0340868802833954e-05,2.1461533505227202e-05
8064,2.4428672827390865e-05,1.7979616676139578e-05,2.0340729021675183e-05,2.146133774447984e-05
8065,2.442851979188074e-05,1.7979490205505035e-05,2.0340590328603798e-05,2.1461143389329656e-05
8066,2.4428367954765937e-05,1.797936472563557e-05,2.03404527236128e-05,2.1460950441755197e-05
8067,2.442821731608705e-05,1.7979240236557168e-05,2.034031620669398e-05,2.146075890373925e-05
8068,2.442806787588164e-05,1.7979116738294902e-05,2.0340180777841778e-05,2.1460568777271146e-05
8069,2.4427919634190002e-05,1.797899423087637e-05,2.0340046437048714e-05,2.1460380064346664e-05
8070,2.442777259105073e-05,1.797887271432668e-05,2.0339913184307573e-05,2.146019276696528e-05
8071,2.442762674650258e-05,1.7978752188672615e-05,2.0339781019611726e-05,2.1460006887133375e-05
8072,2.4427482100584495e-05,1.797863265393853e-05,2.0339649942954277e-05,2.1459822426862255e-05
8073,2.442733865333438e-05,1.797851411015075e-05,2.0339519954328805e-05,2.1459639388166706e-05
8074,2.4427196404791138e-05,1.797839655733376e-05,2.033939105372831e-05,2.1459457773068715e-05
8075,2.4427055354992693e-05,1.797827999551277e-05,2.0339263241146562e-05,2.1459277583593148e-05
8076,2.4426915503977586e-05,1.797816442471337e-05,2.0339136516576987e-05,2.1459098821769573e-05
8077,2.442677685178333e-05,1.7978049844959164e-05,2.0339010880012646e-05,2.1458921489632203e-05
8078,2.4426639398447467e-05,1.797793625627535e-05,2.0338886331447686e-05,2.1458745589219413e-05
8079,2.4426503144008553e-05,1.797782365868607e-05,2.0338762870875585e-05,2.145857112257236e-05
8080,2.4426368088502966e-05,1.797771205221564e-05,2.033864049829007e-05,2.14583980917374e-05
8081,2.4426234231968544e-05,1.797760143688806e-05,2.0338519213684597e-05,2.1458226498761997e-05
8082,2.442610157444242e-05,1.7977491812726836e-05,2.0338399017053818e-05,2.1458056345698798e-05
8083,2.442597011596155e-05,1.7977383179755552e-05,2.033827990839055e-05,2.1457887634602577e-05
8084,2.442583985656215e-05,1.7977275537998255e-05,2.0338161887690123e-05,2.1457720367530582e-05
8085,2.442571079628141e-05,1.797716888747773e-05,2.0338044954945674e-05,2.1457554546541765e-05
8086,2.4425582935155378e-05,1.7977063228216897e-05,2.033792911015103e-05,2.1457390173699235e-05
8087,2.442545627322028e-05,1.7976958560239246e-05,2.033781435330075e-05,2.1457227251066155e-05
8088,2.4425330810511807e-05,1.7976854883566313e-05,2.0337700684389367e-05,2.1457065780707726e-05
8089,2.442520654706614e-05,1.7976752198221653e-05,2.0337588103411197e-05,2.1456905764691392e-05
8090,2.4425083482919038e-05,1.7976650504227936e-05,2.03374766103597e-05,2.145674720508387e-05
8091,2.4424961618105265e-05,1.797654980160602e-05,2.0337366205229774e-05,2.145659010395466e-05
8092,2.4424840952660632e-05,1.7976450090378307e-05,2.03372568880163e-05,2.1456434463371976e-05
8093,2.4424721486619406e-05,1.7976351370566942e-05,2.033714865871298e-05,2.1456280285405446e-05
8094,2.44246032200167e-05,1.7976253642193574e-05,2.033704151731532e-05,2.1456127572124464e-05
8095,2.4424486152887236e-05,1.7976156905278814e-05,2.0336935463817225e-05,2.1455976325596765e-05
8096,2.4424370285264712e-05,1.7976061159844477e-05,2.0336830498214087e-05,2.1455826547891275e-05
8097,2.4424255617183977e-05,1.797596640591134e-05,2.0336726620499643e-05,2.145567824107434e-05
8098,2.4424142148678328e-05,1.7975872643499894e-05,2.0336623830669705e-05,2.1455531407210743e-05
8099,2.4424029879781248e-05,1.797577987263143e-05,2.0336522128718472e-05,2.1455386048365777e-05
8100,2.4423918810526438e-05,1.7975688093325326e-05,2.03364215146413e-05,2.1455242166599328e-05
8101,2.4423808940946827e-05,1.7975597305602785e-05,2.0336321988432726e-05,2.1455099763971756e-05
8102,2.442370027107533e-05,1.7975507509483908e-05,2.0336223550088034e-05,2.1454958842538576e-05
8103,2.4423592800944827e-05,1.7975418704987047e-05,2.0336126199603258e-05,2.145481940435362e-05
8104,2.4423486530587438e-05,1.7975330892133412e-05,2.0336029936972063e-05,2.145468145146632e-05
8105,2.4423381460034793e-05,1.7975244070941653e-05,2.033593476219045e-05,2.1454544985922644e-05
8106,2.442327758932008e-05,1.7975158241431067e-05,2.0335840675253926e-05,2.1454410009764785e-05
8107,2.4423174918473545e-05,1.7975073403620225e-05,2.03357476761569e-05,2.145427652502867e-05
8108,2.4423073447527218e-05,1.797498955752923e-05,2.0335655764896145e-05,2.1454144533747328e-05
8109,2.4422973176512057e-05,1.7974906703175737e-05,2.0335564941465924e-05,2.145401403794638e-05
8110,2.4422874105458938e-05,1.79748248405779e-05,2.0335475205862085e-05,2.1453885039646553e-05
8111,2.442277623439806e-05,1.797474396975471e-05,2.033538655808068e-05,2.145375754086288e-05
8112,2.4422679563360283e-05,1.7974664090723745e-05,2.0335298998116397e-05,2.1453631543602963e-05
8113,2.4422584092375192e-05,1.7974585203502676e-05,2.0335212525966123e-05,2.1453507049867435e-05
8114,2.4422489821472443e-05,1.7974507308109262e-05,2.0335127141624466e-05,2.145338406165014e-05
8115,2.4422396750681592e-05,1.7974430404560734e-05,2.0335042845087942e-05,2.1453262580935978e-05
8116,2.4422304880031222e-05,1.7974354492874827e-05,2.0334959636352633e-05,2.145314260970148e-05
8117,2.4422214209550916e-05,1.79742795730678e-05,2.033487751541368e-05,2.1453024149915577e-05
8118,2.4422124739268635e-05,1.7974205645156687e-05,2.033479648226742e-05,2.1452907203537557e-05
8119,2.4422036469212942e-05,1.7974132709158344e-05,2.0334716536909625e-05,2.1452791772515675e-05
8120,2.442194939941193e-05,1.7974060765088725e-05,2.033463767933694e-05,2.1452677858791136e-05
8121,2.4421863529892556e-05,1.797398981296435e-05,2.033455990954502e-05,2.1452565464290186e-05
8122,2.442177886068297e-05,1.797391985280073e-05,2.033448322753064e-05,2.1452454590932457e-05
8123,2.4421695391809533e-05,1.7973850884613747e-05,2.0334407633289803e-05,2.145234524062322e-05
8124,2.442161312329895e-05,1.797378290841921e-05,2.0334333126817698e-05,2.1452237415255814e-05
8125,2.4421532055178014e-05,1.797371592423204e-05,2.033425970811222e-05,2.145213111671399e-05
8126,2.442145218747229e-05,1.7973649932067606e-05,2.0334187377169362e-05,2.1452026346865045e-05
8127,2.442137352020797e-05,1.797358493194068e-05,2.0334116133985504e-05,2.1451923107565015e-05
8128,2.4421296053409773e-05,1.797352092386526e-05,2.033404597855729e-05,2.1451821400655628e-05
8129,2.442121978710388e-05,1.797345790785709e-05,2.0333976910880674e-05,2.1451721227964156e-05
8130,2.442114472131434e-05,1.797339588392962e-05,2.0333908930952937e-05,2.1451622591302384e-05
8131,2.442107085606549e-05,1.7973334852097153e-05,2.0333842038771253e-05,2.145152549246805e-05
8132,2.442099819138163e-05,1.7973274812373228e-05,2.0333776234331224e-05,2.1451429933242973e-05
8133,2.4420926727286456e-05,1.7973215764771778e-05,2.0333711517630028e-05,2.1451335915390815e-05
8134,2.442085646380346e-05,1.7973157709305707e-05,2.0333647888664813e-05,2.145124344066076e-05
8135,2.442078740095557e-05,1.7973100645988494e-05,2.033358534743269e-05,2.1451152510784067e-05
8136,2.4420719538765555e-05,1.797304457483309e-05,2.0333523893930208e-05,2.1451063127473272e-05
8137,2.4420652877255788e-05,1.797298949585218e-05,2.033346352815415e-05,2.145097529242398e-05
8138,2.442058741644831e-05,1.7972935409058693e-05,2.0333404250102014e-05,2.1450889007311722e-05
8139,2.4420523156364753e-05,1.79728823144641e-05,2.033334605977125e-05,2.145080427379368e-05
8140,2.442046009702643e-05,1.7972830212081296e-05,2.03332889571586e-05,2.1450721093507686e-05
8141,2.4420398238454512e-05,1.7972779101921473e-05,2.0333232942261248e-05,2.1450639468070082e-05
8142,2.4420337580669317e-05,1.7972728983996838e-05,2.0333178015076285e-05,2.1450559399077542e-05
8143,2.4420278123691344e-05,1.7972679858318266e-05,2.033312417560175e-05,2.145048088810493e-05
8144,2.4420219867540004e-05,1.7972631724897362e-05,2.0333071423834698e-05,2.1450403936705736e-05
8145,2.4420162812235248e-05,1.7972584583745133e-05,2.0333019759772594e-05,2.1450328546411122e-05
8146,2.4420106957796207e-05,1.797253843487218e-05,2.033296918341281e-05,2.1450254718729666e-05
8147,2.442005230424141e-05,1.79724932782893e-05,2.0332919694753156e-05,2.145018245514659e-05
8148,2.441999885158934e-05,1.797244911400604e-05,2.0332871293791078e-05,2.1450111757123646e-05
8149,2.441994659985805e-05,1.797240594203349e-05,2.033282398052411e-05,2.145004262609881e-05
8150,2.4419895549065302e-05,1.797236376238117e-05,2.0332777754950393e-05,2.1449975063484863e-05
8151,2.4419845699228242e-05,1.797232257505823e-05,2.0332732617067544e-05,2.1449909070670026e-05
8152,2.4419797050363716e-05,1.7972282380074578e-05,2.0332688566872988e-05,2.1449844649016796e-05
8153,2.4419749602488437e-05,1.797224317743991e-05,2.033264560436549e-05,2.14497817998616e-05
8154,2.441970335561804e-05,1.7972204967162624e-05,2.0332603729541912e-05,2.1449720524514745e-05
8155,2.4419658309768874e-05,1.7972167749251054e-05,2.0332562942400917e-05,2.144966082425931e-05
8156,2.44196144649558e-05,1.7972131523714266e-05,2.03325232429406e-05,2.1449602700351738e-05
8157,2.441957182119437e-05,1.7972096290560977e-05,2.0332484631158915e-05,2.1449546154020095e-05
8158,2.4419530378498672e-05,1.797206204979903e-05,2.0332447107053554e-05,2.1449491186463902e-05
8159,2.4419490136882962e-05,1.797202880143519e-05,2.03324106706237e-05,2.144943779885557e-05
8160,2.4419451096361048e-05,1.7971996545478595e-05,2.0332375321866432e-05,2.144938599233687e-05
8161,2.4419413256946443e-05,1.797196528193615e-05,2.0332341060781306e-05,2.1449335768021586e-05
8162,2.4419376618651855e-05,1.7971935010815265e-05,2.0332307887365608e-05,2.1449287126992403e-05
8163,2.441934118149032e-05,1.7971905732122178e-05,2.033227580161819e-05,2.1449240070302865e-05
8164,2.441930694547366e-05,1.7971877445864086e-05,2.0332244803537882e-05,2.1449194598975115e-05
8165,2.441927391061386e-05,1.7971850152047584e-05,2.0332214893122612e-05,2.1449150714000993e-05
8166,2.4419242076922192e-05,1.7971823850678932e-05,2.0332186070371145e-05,2.144910841634032e-05
8167,2.4419211444409875e-05,1.797179854176394e-05,2.033215833528218e-05,2.1449067706922297e-05
8168,2.4419182013087136e-05,1.797177422530888e-05,2.0332131687854416e-05,2.1449028586642572e-05
8169,2.441915378296463e-05,1.797175090131893e-05,2.0332106128086064e-05,2.144899105636629e-05
8170,2.4419126754051548e-05,1.7971728569799903e-05,2.0332081655977022e-05,2.144895511692456e-05
8171,2.441910092635782e-05,1.7971707230756524e-05,2.0332058271525298e-05,2.144892076911535e-05
8172,2.44190762998919e-05,1.7971686884193846e-05,2.0332035974729524e-05,2.144888801370448e-05
8173,2.441905287466287e-05,1.7971667530116657e-05,2.033201476558972e-05,2.14488568514236e-05
8174,2.441903065067851e-05,1.7971649168529456e-05,2.033199464410379e-05,2.1448827282970232e-05
8175,2.4419009627946685e-05,1.7971631799436395e-05,2.0331975610270995e-05,2.144879930900823e-05
8176,2.4418989806474687e-05,1.797161542284113e-05,2.0331957664090822e-05,2.14487729301666e-05
8177,2.4418971186269198e-05,1.797160003874815e-05,2.033194080556227e-05,2.1448748147039856e-05
8178,2.4418953767336714e-05,1.7971585647160583e-05,2.033192503468459e-05,2.144872496018812e-05
8179,2.4418937549683968e-05,1.7971572248081923e-05,2.0331910351456838e-05,2.144870337013612e-05
8180,2.4418922533315994e-05,1.7971559841515012e-05,2.033189675587826e-05,2.1448683377373002e-05
8181,2.4418908718238135e-05,1.797154842746309e-05,2.0331884247948296e-05,2.1448664982352808e-05
8182,2.441889610445505e-05,1.7971538005928617e-05,2.0331872827666787e-05,2.144864818549336e-05
8183,2.441888469197148e-05,1.7971528576913828e-05,2.0331862495032502e-05,2.14486329871778e-05
8184,2.44188744807912e-05,1.7971520140420912e-05,2.033185325004508e-05,2.1448619387752298e-05
8185,2.4418865470918096e-05,1.7971512696452202e-05,2.0331845092704555e-05,2.1448607387527137e-05
8186,2.4418857662354818e-05,1.797150624500935e-05,2.0331838023010068e-05,2.14485969867765e-05
8187,2.4418851055104193e-05,1.7971500786093496e-05,2.0331832040961424e-05,2.144858818573835e-05
8188,2.4418845649168904e-05,1.79714963197059e-05,2.0331827146558466e-05,2.1448580984614234e-05
8189,2.4418841444550737e-05,1.79714928458478e-05,2.0331823339801145e-05,2.1448575383568694e-05
8190,2.4418838441250834e-05,1.7971490364519994e-05,2.0331820620688392e-05,2.1448571382729964e-05
8191,2.441883663927044e-05,1.7971488875723237e-05,2.0331818989220953e-05,2.14485689821904e-05
8192,2.4418836038610217e-05,1.797148837945761e-05,2.0331818445398303e-05,2.1448568182004255e-05
