,0,0,0,0
0,0.0031320024055200143,0.003512855427659581,0.00355337384971427,0.002616393105608039
1,0.0031324956583366976,0.003513368039882862,0.003553852522402702,0.002616775265152548
2,0.0031339594927095684,0.0035149096528268036,0.0035552929876379717,0.0026179147549452607
3,0.003136356059903021,0.0035174570626235334,0.0035576959863893487,0.002619819065133117
4,0.0031396612931848464,0.0035210074585250357,0.0035610520311268132,0.002622485857344215
5,0.0031438578775926066,0.003525542423144581,0.0035653549911073995,0.002625923264756945
6,0.003148942397521043,0.003531035780640207,0.003570604048821159,0.0026301324747788997
7,0.003154912825137348,0.0035374772377357758,0.0035767956660573423,0.002635128426543694
8,0.0031617804112152523,0.0035448359454590627,0.003583922012060139,0.0026409160222212852
9,0.0031695505390532063,0.0035531062386195476,0.0035919879573525536,0.0026475138289244675
10,0.0031782465992287864,0.003562259698113428,0.0036009900415627833,0.0026549378879388253
11,0.003187887838811245,0.0035722925865250567,0.0036109401475859036,0.002663215722345498
12,0.003198504443584177,0.003583194982168331,0.0036218565958100525,0.002672372086337783
13,0.0032101361329786725,0.003594995457788009,0.003633733045388775,0.0026824199051582467
14,0.00322281327615036,0.0036076239489433283,0.0036466463571137014,0.002693458537353237
15,0.003236584829007357,0.0036212027882302706,0.003660577226313764,0.002705448468709644
16,0.0032516246315499003,0.0036356200703667983,0.0036756017677612297,0.00271857838970822
17,0.0032678011828780463,0.0036511909213747173,0.003691655029683918,0.0027326919942033566
18,0.003285248578985841,0.003667511154869855,0.0037092771918612612,0.00274824285990962
19,0.0033043003213707916,0.0036849142609710096,0.003728159566291707,0.002765238096855953
20,0.0033249308458353478,0.00370403549152101,0.003747910301398958,0.002782632187028031
21,0.0033474748855441554,0.0037241885022729314,0.003770273625879861,0.002803218143515473
22,0.0033727629185030016,0.0037448657863272646,0.0037933675259553103,0.0028221358226973104
23,0.003398465921947911,0.0037695937939571794,0.003818674842502019,0.0028460342581323704
24,0.003425197849954762,0.0037934077216854167,0.0038430762843827426,0.002872578939386002
25,0.003459000113138085,0.003819910287211957,0.0038778088840003676,0.002899066221436242
26,0.003489771721544127,0.0038487139138382066,0.0039028665500625863,0.00292921288836036
27,0.0035299893051459167,0.0038856997450872595,0.003941829613219531,0.0029539685334614885
28,0.003562553564923097,0.00391203964184173,0.0039877874135598144,0.0029983458627051342
29,0.0036142596539904077,0.003955217796624021,0.003997873518642528,0.003039694487060311
30,0.0036592972432764716,0.0040023046003131516,0.004071423858161732,0.0030754392061773882
31,0.00370126482966481,0.004055994525454931,0.0041237962855056685,0.003115641244514871
32,0.0037628599924601725,0.004102589020484958,0.004157706370399229,0.003191529645502095
33,0.0038719543550888077,0.004128354498228808,0.0042692311994436015,0.003270389442781306
34,0.0038845399913030065,0.0042531242903685665,0.004323526478521536,0.0032713293686041454
35,0.0040077055385070335,0.004316952757670684,0.004375385070740412,0.0033425055659266774
36,0.0040802565106405,0.004411906416693847,0.004364998018978287,0.0034595953988044957
37,0.004175552755877808,0.004481156997409999,0.004575094306861985,0.003560618884202178
38,0.004361109227903569,0.004545433279297799,0.004667836999996854,0.003639363693807034
39,0.004422953295328245,0.004796897668915856,0.004898396461587136,0.0039069618774408696
40,0.0044364349760380554,0.004806030598934158,0.005034428072300908,0.00384421118442394
41,0.004564556450588061,0.004948376147679972,0.005143487496450094,0.0038753961136824312
42,0.004913276803058417,0.00560338604266911,0.005318406946171346,0.004293947290232722
43,0.005061242662675616,0.005521396747977262,0.005158603947396815,0.004600162092575403
44,0.005576432735861776,0.005469150893886752,0.005557491157407324,0.005126447628565673
45,0.005376436556112038,0.0061596627726891754,0.006124962590980522,0.004827685840405684
46,0.005924945108309495,0.006016709969249924,0.006060023351353115,0.0050529594410229405
47,0.006407828879292551,0.00654404718418941,0.006432877772671679,0.005596858748366251
48,0.006875690082087406,0.006543003801682042,0.006872561765116999,0.0059105729251588066
49,0.006943716968380887,0.00714270088811837,0.007727470048033976,0.006248215841739568
50,0.00721234858138893,0.007865406376333525,0.007994011549683353,0.006330383106042425
51,0.008617762707765106,0.00842495763311782,0.009230308625672647,0.007832655127842427
52,0.008509516423346637,0.008917359220190524,0.009033180691894082,0.006990264820082511
53,0.008522449939658588,0.009162501209037485,0.0103127222934346,0.009753817093530362
54,0.009354312265714506,0.010762199413846828,0.010343590431212624,0.009846291825319492
55,0.01134084219476618,0.010854806506057435,0.011524373520004587,0.008716110895944122
56,0.011569094646753632,0.012077246364957129,0.012200661065249918,0.009364735192385412
57,0.011405465135425025,0.01364901647327957,0.01181917444610731,0.011241333234451992
58,0.012757388885130146,0.012283388760125554,0.013493606659889525,0.011188062308673929
59,0.012548689440958669,0.012868740002491169,0.013511091647814562,0.011522777048841056
60,0.013405297681557566,0.013417021305514098,0.013601756644202498,0.014164012230409459
61,0.01484726336372618,0.01333996984394027,0.01358991255475879,0.014332447590510656
62,0.01671698739837592,0.01763905489289652,0.014487500229745449,0.01421801610626431
63,0.015613302388641113,0.01808444027091613,0.01577336094604101,0.016461360494241743
64,0.017565778819623637,0.01650585507469624,0.0146517599377626,0.016418006247307097
65,0.016073624953283037,0.01502168210177418,0.015457244129541676,0.016447334189618194
66,0.01794943511708968,0.015947174237170816,0.017229191112857128,0.013948572812820642
67,0.017247841852088584,0.018235332214398377,0.0172900303550285,0.014891316875941907
68,0.017614350818367992,0.016016684296916054,0.018393539528413935,0.016208884283648275
69,0.017877546829018584,0.021394870899289202,0.018401116710471614,0.017658511068444384
70,0.02037012230547264,0.020640281755579314,0.0188388367703803,0.017875262145689897
71,0.016917649588479317,0.02160972081226423,0.017087363175309553,0.016586038173523596
72,0.019614579950074124,0.021857207847585106,0.018092226832471452,0.01868652171450767
73,0.01940928320670242,0.01956547227763712,0.016880633286990094,0.017054548748989325
74,0.017868992826114274,0.017625124267069338,0.02096946810979323,0.0179895493678631
75,0.019373345353903372,0.020130525861749578,0.0196749232623724,0.018813504049229008
76,0.019594829701751932,0.018686233476675612,0.01891712930309979,0.016489604735928677
77,0.019805865510972635,0.019474219506254067,0.02045166644861672,0.016824151718170345
78,0.019545597978169356,0.022593491526548413,0.018825936937551423,0.020699503758117067
79,0.019277589936749787,0.019597660497183665,0.02188780022192578,0.018885429877064534
80,0.020977655502070175,0.0213912540049647,0.016217487267874447,0.018354445105571594
81,0.0220558766125498,0.020762112259087098,0.02103570910013478,0.020213393268588283
82,0.022120562364829188,0.01959626936514307,0.021374958426453147,0.018372481759978448
83,0.019359840178349682,0.01893458210669874,0.01943754710733734,0.02127161263515317
84,0.021422413907022292,0.020845442781531952,0.019384769320515468,0.018559108201940712
85,0.019538639386117385,0.019077696817338858,0.018928180315698814,0.018199697027845622
86,0.019218564201223882,0.021614588262873956,0.020304914385494078,0.017945513855149257
87,0.0193177980993768,0.01925583923587009,0.02011130172038318,0.017046679231468475
88,0.01887451683071125,0.02283173409812327,0.02156606090083123,0.02107318878841919
89,0.019539672490546153,0.02182827355810184,0.019383607232166734,0.018361437689316366
90,0.020442835906192103,0.020474698305445495,0.021605394106582344,0.020040819464251878
91,0.021460368170500385,0.020193615829160856,0.01815818740469646,0.02225706407339434
92,0.019820101059597518,0.019517571009222575,0.02042931292939353,0.018093104782763807
93,0.020183499347640035,0.021798798463781296,0.01712421897694549,0.01989000696351462
94,0.018551044037771844,0.01771499967327049,0.0181892137919639,0.01749641371737813
95,0.02026603555636988,0.01943165152043497,0.019293074435504456,0.018927488793151415
96,0.019316114727735895,0.022021605554849392,0.017289287845752604,0.02053047161999646
97,0.021000684642835846,0.017714303277045283,0.01783828474196719,0.020314483860481448
98,0.01984913211327477,0.020938154450951024,0.01885429293974722,0.01648272907670562
99,0.0202683587761446,0.01881018685903525,0.019451341633900252,0.019174403945236833
100,0.019817335293521414,0.021056301855444395,0.021449119801834043,0.020234698688042063
101,0.019327524052975397,0.019789961655932477,0.01899220563796412,0.020115119516709398
102,0.02040609452714423,0.019695486854439993,0.01952302446377612,0.018506728903392822
103,0.019655865683230928,0.02057964496081418,0.01798301349958945,0.019328251306358214
104,0.020764297390134478,0.01745568167833086,0.018516685541577108,0.0180185271254396
105,0.021207360653447322,0.01933330857927745,0.021205444590026504,0.01812544863008744
106,0.019777174625680207,0.020690260671970603,0.020666597668321747,0.01868438211142891
107,0.01763144889407125,0.018758896570340983,0.02001407914284123,0.016772152280857395
108,0.018209697506256475,0.022708870056729835,0.02077804478158158,0.018399691895574312
109,0.018380978635813977,0.021685779200058302,0.017890094260570758,0.019604367729517222
110,0.021788190430376945,0.020783000279644533,0.018564176871362942,0.018899847579641117
111,0.019874807998189917,0.019092636662188127,0.017484659961976085,0.01825601454571044
112,0.017970436048228247,0.021599222338380505,0.017314730946282886,0.01832161428119434
113,0.020227376481401518,0.019604593715175797,0.0199575601490584,0.01617988502055374
114,0.019420711563159634,0.019765633111473835,0.017467217472181176,0.017338043490885403
115,0.017835628220543884,0.017175174471365476,0.017435677233995833,0.015694144971443155
116,0.02065635667581369,0.019424624226965184,0.016576358810126014,0.01657941066244815
117,0.019270387452005343,0.017301034699138594,0.015930858101850222,0.017423179112295625
118,0.018626686822268104,0.016184816662035396,0.017654116658476382,0.018086268841222542
119,0.0171440453931117,0.022467317662529972,0.020714943083139644,0.016825220613935214
120,0.016724150570702312,0.018672617175171487,0.017328433123947964,0.01815645994727958
121,0.019220119985692494,0.02031077376196432,0.016081270458434844,0.018635709233096445
122,0.018448647386355762,0.020506864224333416,0.0171326848223404,0.01597547918004779
123,0.019032210128443954,0.019085228329811032,0.01539900018919848,0.017494109125269195
124,0.019658006320945953,0.020617228390585853,0.018182098139254217,0.017912038963107623
125,0.019229830861673278,0.018378130615579018,0.01937168848384519,0.019376115892424717
126,0.018080332320033324,0.01842780743214833,0.018481130208377602,0.018368197157807048
127,0.017375128778923114,0.019149323615962756,0.01832612871220022,0.01834749084112635
128,0.017751522158476897,0.0190980092893277,0.019918352219119306,0.016625021835650497
129,0.01946714594326684,0.019022533962272558,0.01709270054505615,0.016991320076879014
130,0.019716568188547664,0.018467906157231453,0.019532659460843534,0.017260457001770396
131,0.018783707566436957,0.01800808976068464,0.01840693087533529,0.01688309045036389
132,0.01745288081621762,0.01950902517767182,0.015854579094316524,0.017407339162932564
133,0.016784597816090093,0.018644528869969677,0.01747209211498837,0.017862132653589147
134,0.016731683715930975,0.019308356499757786,0.017660667860084765,0.015195926543726273
135,0.017401025684241955,0.018450416534644205,0.018528209592433023,0.018276287032224666
136,0.018244178080780125,0.017347326997205228,0.017512995691906393,0.017929446123991957
137,0.016547427089216346,0.017274294104174057,0.019962581797172977,0.017895042864335565
138,0.01726925596608337,0.021367810423947114,0.019293570915720867,0.015962027768385713
139,0.018731186234052014,0.019057721022858666,0.01838248631831164,0.01718566351821763
140,0.01786118190313754,0.017405312999730416,0.018325051194022664,0.015901622087056807
141,0.018332028611237373,0.017153053592294156,0.018276587832848946,0.01704496272017312
142,0.01679192954400534,0.01581501143084355,0.015993578326479397,0.016624457316670446
143,0.018485242346273842,0.018411309329518986,0.01963600037625215,0.01753964121038839
144,0.017807150413271623,0.017576231082759214,0.014829881886031007,0.01757198910598696
145,0.017224895009613658,0.018311079345013633,0.01624711043682264,0.016901967296208964
146,0.018736694524810315,0.017095254879401386,0.016717805433251968,0.016089096327473407
147,0.01771035953132312,0.017550158708741926,0.016259065951193325,0.017742593545375867
148,0.01686029381423017,0.019901607013751068,0.01580294367634768,0.016601855226973116
149,0.019224045869479726,0.016591959889548556,0.015764800424899136,0.018726536842415195
150,0.01697347699790362,0.016620140371210793,0.015073448943928376,0.016058655248279534
151,0.017829479287282745,0.018077300903439193,0.01812782425034385,0.018342716250889356
152,0.016665819976943535,0.01687625115557899,0.015119350450161786,0.01607934108047062
153,0.017465666002417637,0.018895373424462226,0.016930083275067908,0.01480858291766556
154,0.017778710031360036,0.01766557866284151,0.016883243077676822,0.01802056924594734
155,0.017693294141400303,0.019877817764366482,0.018666072888641663,0.016311539995396
156,0.018700383701897902,0.019705473454472697,0.01726441038523131,0.01712201538645284
157,0.01851731779584949,0.01874953264579816,0.016887070092673147,0.01658182486878145
158,0.015516370291728039,0.019041170052813403,0.01673199717465514,0.015112296606280093
159,0.016306529440055038,0.0166527913302248,0.017155380625372633,0.016524420978575607
160,0.017675420102474908,0.017028053505961423,0.01774055734290803,0.01732557496600791
161,0.018545450590526407,0.016672233687655826,0.017734054619573555,0.016575033296412155
162,0.018333883859222234,0.01797669559025215,0.01608126147824118,0.015456003907771642
163,0.017230850308219407,0.016789014699939937,0.017754445987666515,0.015718921094372198
164,0.01966239711692618,0.016049906932183763,0.01608443874296724,0.018549552629348313
165,0.01877756821163765,0.019270441079348038,0.01554571618213869,0.01672305676818435
166,0.01789952162704778,0.015639380081580393,0.015771011533510886,0.015772519270397665
167,0.015780215638383884,0.015601562743854847,0.016996789129296502,0.01663277340192641
168,0.01855641203219683,0.018223635509899232,0.017839749578718745,0.015816532488767517
169,0.019024313847351426,0.017296302425036426,0.016075530621003156,0.015879237309930527
170,0.018044460418167395,0.01668096864821394,0.018054457703859952,0.01587479945588779
171,0.017941764856824374,0.015278060696628572,0.016471057463353523,0.016539951919022224
172,0.01541504964500079,0.015589245732756132,0.016850204007346783,0.016693812755256842
173,0.018938788567299546,0.016131959311761722,0.016688963413576986,0.018043799194585826
174,0.016653729290030398,0.015914236389989705,0.01648561985105451,0.01542250343213916
175,0.018475809212042945,0.016367297257588943,0.01755639032418681,0.01851342766935148
176,0.0169668724114439,0.018099995341996817,0.015038570568821524,0.01708147789780841
177,0.017102538978724213,0.016185076877193293,0.01693728506060345,0.018849997447036814
178,0.0184291474193148,0.018714809890262963,0.016631087809828884,0.01680722723382192
179,0.017583753419069696,0.015983617352062895,0.01780484753735902,0.016828873031542516
180,0.01744259148657737,0.01816058238496852,0.01628365845168318,0.01780165863241078
181,0.015306622493311463,0.01744353562542515,0.014583245470246142,0.013625297515413219
182,0.017318359119335745,0.01630400278825408,0.015292255906414762,0.01840098604216885
183,0.0157388634863609,0.019710433391254174,0.015793631414396932,0.015811521669044253
184,0.01761939784092313,0.019144439685455428,0.016700830360327875,0.016183057920840828
185,0.014924285299672532,0.015129911147988413,0.016949340643212234,0.01800548924328073
186,0.016851572604326175,0.01745419044735552,0.017096245136319122,0.019142235511223613
187,0.01680167748697115,0.016677310781112353,0.017437701630270995,0.016202705434567935
188,0.017802264937402553,0.017805135616132263,0.01743224258255729,0.014537110766131954
189,0.017240633963388978,0.015851643713982646,0.019055635615698407,0.014134662960055581
190,0.017736003841056613,0.01863272304292402,0.016087999213779288,0.016498819676215956
191,0.016466105683120208,0.019077236171637986,0.015163570704144395,0.01698506520095805
192,0.018066891391046617,0.018636603168889973,0.018478804987458332,0.016248661907042265
193,0.016721833055034774,0.017020880909503898,0.01907676609721464,0.01674509875310235
194,0.016910373592023145,0.018866035303806077,0.018017653868452374,0.017436184282264452
195,0.016836452545004998,0.018048991960028203,0.014869082364556734,0.01594815868509536
196,0.018881279915373198,0.01731987863612794,0.01639691539610831,0.016696921267266997
197,0.016210366753769162,0.017319556742965973,0.018913191594693998,0.014296590578891023
198,0.01806850765533722,0.01732344735633394,0.01647871864049518,0.01602002892266628
199,0.017007543870666702,0.01620553305758266,0.017732356515932,0.01697673593258031
200,0.017052960169421618,0.01663956002467201,0.0139527799380991,0.016011738910871386
201,0.01633089964642006,0.017915103126028287,0.01740005517359704,0.01692548371409551
202,0.017783411147361695,0.016136616582976077,0.015212765345521653,0.01716516041681369
203,0.01773383667442313,0.016021791451314885,0.017043869431054473,0.016973800849762778
204,0.01736187304041162,0.019201958292888198,0.013501615730167685,0.016546795302049003
205,0.016633099310538683,0.016749169937357315,0.01766131350245214,0.01717799114238458
206,0.017725274004193582,0.017368852068865882,0.016304425937927844,0.017195537901812764
207,0.01965895011389514,0.017399589642655776,0.016926371194729676,0.016030008103355517
208,0.01777027540853743,0.01789255176344748,0.015856871903301914,0.0166652647324787
209,0.017497948308176817,0.020354431835733895,0.018211809875374553,0.01537001124295341
210,0.01777028242467181,0.017847165074035436,0.015858572428291518,0.019516969827166122
211,0.016345406736918557,0.015691902340199394,0.015417411139110309,0.013799335221769217
212,0.017643144156021518,0.01769791467620076,0.015269551272682378,0.01569681138391765
213,0.017748356779241133,0.019346594209395728,0.016495797932645002,0.016626315323014004
214,0.018167980719172874,0.016356845909942526,0.016223027285112844,0.013910430425306819
215,0.01662245806305243,0.01853015194624057,0.01580580814066109,0.015732439374699283
216,0.0162099227347576,0.017481095052738524,0.016206549144754948,0.017601156642259398
217,0.01837265909275429,0.01704227708897623,0.014977530084870093,0.01669567190447807
218,0.017141362099552276,0.01925226338012088,0.016506184816075554,0.015483733529384418
219,0.016845876793347828,0.016014219628639064,0.016591007373845664,0.01876339893755734
220,0.016882567864689165,0.01676381037255761,0.01731086890776222,0.015915584078912946
221,0.017410420674029047,0.0166714010752786,0.018898379352203634,0.018155383385387094
222,0.01712365160473088,0.01716788653625564,0.01517536032149893,0.015247649652424877
223,0.01724085367353501,0.01744759055343461,0.01699584136668362,0.016502883650894144
224,0.016513233655002534,0.017373583334971642,0.015644810485996027,0.016738734976158243
225,0.01777145739221728,0.01673569048168887,0.01589830795447659,0.015995374393248524
226,0.017924468566902666,0.0179392294721675,0.017677993939472055,0.016592021294026517
227,0.016146303873169007,0.01798384550812827,0.017764197681304467,0.01842338950340922
228,0.018509264563948625,0.018026583007623796,0.017641942331337156,0.01701974762932822
229,0.018486014067971547,0.016870583357949876,0.015463273590572604,0.016001942736005522
230,0.01858391174488957,0.01683308475502215,0.018205122207361136,0.01496616847499052
231,0.017474599685464835,0.01812648600733286,0.0144655717594642,0.014131390785328013
232,0.017944846230232864,0.018077983219411828,0.015363797043839132,0.018215938579242093
233,0.018070014689119816,0.018858981115318883,0.017124667903668612,0.01643602675597673
234,0.017649224876935307,0.01571469560170509,0.015574747157621383,0.01647635025130864
235,0.01571534415871366,0.01667325579642931,0.01755340284945046,0.015787416804976397
236,0.017439993124862056,0.019008742810361468,0.014272216210797307,0.015718553372525205
237,0.017606303346716475,0.017552401764192954,0.01567336249883946,0.01592850876671013
238,0.01777770045918207,0.01785397249815264,0.01805445656488997,0.014948087502723043
239,0.017665099104311365,0.015378859387964683,0.014589644739370055,0.017874485983604114
240,0.017779154424118218,0.01951886852184648,0.015972290172356678,0.014093400728930783
241,0.01647774179128004,0.014776150781907336,0.01542640090514088,0.01881089242264299
242,0.01654593804913049,0.0146157408138693,0.017866528400145833,0.016184154164828723
243,0.01756297105190127,0.01784843223154787,0.015949748749538896,0.01787767764841296
244,0.017944942306305615,0.018886507723059706,0.01754239130003924,0.016355130571313006
245,0.017642660078404346,0.015124236562766513,0.0145356685752869,0.014415115047781545
246,0.017912658232689397,0.018515679441871286,0.014585694695563816,0.017234898304741418
247,0.016693339151910416,0.015216440820191269,0.01689252376372762,0.015357984146027053
248,0.01642203908917769,0.015534079311399268,0.015911910118553887,0.016112569182516797
249,0.015488208458686481,0.018621971389715556,0.01614355747192452,0.015780406030168833
250,0.016899197563831226,0.01807371140758597,0.016993769120810746,0.016411180806288322
251,0.017685240467976125,0.020639113798508604,0.01564228249126697,0.018224657270700672
252,0.016511969325573212,0.017954649318193277,0.016787252914623525,0.015136088898500218
253,0.01869940751652537,0.017574949768506508,0.01505734425263863,0.018341113019894505
254,0.01729970029857141,0.0155002251250202,0.015090064778351502,0.01811096211913739
255,0.017733755224835064,0.015585664881957595,0.016853952970534894,0.014962197526096413
256,0.016698061611895153,0.015052054301917589,0.018132599769129346,0.015398770697278973
257,0.017712461689824127,0.018480469137744947,0.01585356986613215,0.015955366428058313
258,0.017062762221765306,0.01756288750811684,0.015256374567230524,0.01600111390124639
259,0.018653759496031035,0.017043861397932025,0.01661091402401873,0.01746431055659623
260,0.017220300189901703,0.016843653100473522,0.01443076104614903,0.015985325340192685
261,0.016647702486942435,0.018756986460664857,0.01594649980173195,0.014781423394927684
262,0.01598967977867415,0.018122132052431916,0.01595857995782771,0.01552685795582165
263,0.016869011772550967,0.018614674930701045,0.014740705257404294,0.018563021510855312
264,0.015997897037482514,0.016754608758196985,0.01547517564539694,0.01465086376717055
265,0.017111029142422754,0.015308315118862732,0.01583441812926572,0.013874909179609898
266,0.017090287091778143,0.018974782844806935,0.01649163443020391,0.014941448991644206
267,0.015527178738415246,0.014215512872637793,0.0179750118006091,0.01650299580365466
268,0.015802415715093058,0.014350024025490954,0.015843554803863923,0.01393380718449466
269,0.016787986330957246,0.018362266314477092,0.016875153589792122,0.017048125833667455
270,0.0167767180268074,0.01459907610505302,0.017416653692618925,0.014612001657036109
271,0.017318678088712586,0.016138677236665625,0.014898442935105621,0.01683329189154586
272,0.01615723636819568,0.02040250204107211,0.017943079998065287,0.01597481470095239
273,0.016154391417329102,0.018120346278758172,0.015461930468584142,0.01741276573269783
274,0.017112006280375913,0.01707187906373612,0.016402562393863757,0.017445237567409275
275,0.016243154032346396,0.016060254034641383,0.016870439701638776,0.0158211697326122
276,0.01571759320842797,0.015684344915603908,0.017010936748470918,0.019826243814813793
277,0.01711983168984543,0.016998640461486775,0.016349942368432693,0.015189208445481085
278,0.017349892343571854,0.01737019716028345,0.015561075415131546,0.016857377687262576
279,0.01682783379355373,0.01882111231888318,0.014861030252318162,0.017158847847190774
280,0.016121291751462843,0.016105777939384894,0.017375151384403355,0.015101211431985147
281,0.016389697627631594,0.017153849819321228,0.017973334589037153,0.01634558653161299
282,0.01695413852989826,0.015064041894005122,0.01517689322497532,0.016047996953014964
283,0.016278683869684497,0.016010008616689195,0.015328310041102133,0.016484807676080446
284,0.018381432196489658,0.01707467976288544,0.016400763526063934,0.015565258097976242
285,0.017064422694719705,0.019715429771578787,0.017221811500614713,0.01465161173224315
286,0.01752345035627746,0.01701464032980169,0.017788759978732346,0.015721204984777973
287,0.01814569870209398,0.016177723467489174,0.014798328765439617,0.017102351334765925
288,0.017015891093984967,0.017306189550881125,0.01726904703186137,0.016892882381452708
289,0.01746508819431999,0.016448917163709043,0.015505025605042006,0.016186775134068136
290,0.01681071347520047,0.017525193308193836,0.015722202001403136,0.01839472961685306
291,0.01895133785506283,0.01482885397020497,0.01699765958356218,0.016524788821331567
292,0.016969619895140828,0.016149493416651558,0.016712977503364895,0.016646361670509275
293,0.01667676282357182,0.015740628484452433,0.015968660789067394,0.016803806495429528
294,0.016623223696498254,0.015659116942073562,0.016376152024139393,0.017186229682056617
295,0.016458297487377347,0.01786914600686215,0.016366051192166817,0.015038335323058136
296,0.01844045488014793,0.016286310980789667,0.01758883129910518,0.01697511713603072
297,0.01611002092060573,0.01925483604444452,0.017327254130692665,0.015169921335039627
298,0.018664657885689603,0.016243450843097376,0.016014607835455198,0.016145463969084162
299,0.016731371031893375,0.017637145613910186,0.01570428379183132,0.017098866147510817
300,0.01659915587588309,0.017303877669656072,0.016901291361228945,0.01694262768609164
301,0.016387324348478987,0.018981923041691103,0.014581291824799199,0.01685929703086581
302,0.017078360710594095,0.017585078954031583,0.017623888136218364,0.015043554796284086
303,0.015233738765426273,0.01757140724248519,0.01481917386281773,0.016190160540580714
304,0.01762806901839714,0.018365991190985916,0.015633207979252953,0.01692921450033638
305,0.01642977667521319,0.020077302287411895,0.01633747918464521,0.016157274969129456
306,0.018873304125740557,0.018278794535808433,0.0142713860328657,0.016041386789982202
307,0.01728493015446397,0.016318384725454268,0.016950520811870876,0.01668916400156066
308,0.017506266677421497,0.018568057744610903,0.01571377483475116,0.01498943076446107
309,0.01684024365327227,0.015136112189454683,0.015735956755881277,0.015261798786168545
310,0.015509273711228412,0.017429044345799238,0.014522247433443549,0.018245694286953492
311,0.01698641033980315,0.01535493773587699,0.01464046891466338,0.015833764086222207
312,0.017158185738874475,0.015671759405228292,0.0155844520223432,0.01556915280861756
313,0.01749785931459736,0.016476568187519518,0.014863221690709446,0.01650756359939627
314,0.0176777582799518,0.01676403289709192,0.016246073914960572,0.01678413459503489
315,0.01758284494399037,0.017152944004729866,0.015483966122235775,0.013393015075986826
316,0.01754592380930004,0.017901329007740573,0.01781408379152417,0.01791924559983315
317,0.017236094588070596,0.01615519552349821,0.015960817419960135,0.018925039517576736
318,0.01875843288025759,0.016082626281288637,0.0173707054050891,0.017509657258484062
319,0.01555307021397022,0.01786824771131664,0.018690475965943695,0.017485500157030348
320,0.015863798556328183,0.017139372267862128,0.014749028068392185,0.018948364327725842
321,0.01928681930687377,0.017689574128142996,0.017165048521128348,0.01565291446972056
322,0.01655738509353951,0.016590537296794824,0.01717777818040407,0.015048662836552602
323,0.01680175134527816,0.016383353661120613,0.01605725885320898,0.015007507747737545
324,0.01619001552554173,0.018570594151315546,0.016685572178320725,0.014817359188446575
325,0.017925985719167172,0.016469548272119293,0.016159359859140954,0.0154847119511683
326,0.0180772014776026,0.019060332515817735,0.017544577733043763,0.01798018742865383
327,0.01778867638684221,0.015948833692569695,0.015780349701846344,0.01661534989053531
328,0.018279669946413692,0.01701792963923336,0.015932054153394853,0.015995863856512662
329,0.015643353473381645,0.01689298897217275,0.016262179301537106,0.016132643175567805
330,0.017141874112258464,0.016298714517914294,0.015136888796405427,0.016699738298637537
331,0.016746316187535457,0.0180888427720867,0.014041172039908465,0.015875677426835735
332,0.016384871645097138,0.016068900460066926,0.01900303079623512,0.015214625185719905
333,0.018409829278107293,0.017144707293077717,0.014096236604238874,0.017150563939634326
334,0.017341179566467628,0.017304416047095577,0.015417252847657626,0.01481664018798361
335,0.01691455357604874,0.015214758058293464,0.01807095609753755,0.014505221088588817
336,0.018404326568125403,0.015395476042056377,0.018116887750449756,0.01796382674240339
337,0.01718076264984355,0.017207672089183997,0.015851477039409256,0.019699343300623368
338,0.016401913454384635,0.01785993382581547,0.017303138702894655,0.01635560101589729
339,0.015745515629520174,0.016258137262865995,0.016705691254914133,0.015546378642330265
340,0.016762162490444172,0.018656080816401265,0.016465262906972603,0.01466049568107517
341,0.018105556460539487,0.01891676035945888,0.019390636808638406,0.014716155947909712
342,0.016766390314446336,0.017561652182588237,0.01578574338873506,0.016182718213967075
343,0.016736650344115544,0.015935498671822833,0.016775302388642204,0.014928445416533667
344,0.017258407962070784,0.01690494659766253,0.01679512820386574,0.01486672534992882
345,0.016903608046445237,0.01812772329275531,0.014555859290433014,0.016430985297760305
346,0.016218412885046787,0.016410628255674572,0.015510536668628578,0.015634649971101432
347,0.01670664332082548,0.01714112288011702,0.015238658921242019,0.016543017356149426
348,0.01807986270758435,0.01833637876062186,0.017949781586814966,0.015565319386320489
349,0.016666276319366086,0.01770182720746933,0.01725379292649118,0.01721498660986557
350,0.017096979749871673,0.016073153428036394,0.01672508599203838,0.016482433466327582
351,0.017783021159971952,0.015613852569153474,0.015578934651550334,0.015875739855345117
352,0.016552929853982982,0.017339682151127023,0.017704963135002347,0.015856631822205234
353,0.017827783933696127,0.016266420828649656,0.01449490908612471,0.016145023695356
354,0.017391734105429768,0.016489607982034533,0.016719034297786685,0.014923798288150629
355,0.017534750965246915,0.016847892852064644,0.016407083632624567,0.014561390525380562
356,0.015118269044215406,0.016852194639979,0.014856635819277127,0.016739180264718496
357,0.016874831450458764,0.01653170634116855,0.014286385426427428,0.015389358665233529
358,0.017803199672938023,0.01728359163580895,0.014427742185797583,0.015615121519226649
359,0.0174546370388415,0.01694609266013301,0.01617676338853894,0.015628997040871978
360,0.01790420753155325,0.013934322006196345,0.0150803140861141,0.013463713139280407
361,0.016353228745816045,0.015297313322514694,0.018162938289834136,0.015149980257872087
362,0.0170326263554074,0.0179902133586198,0.016544106785476135,0.016566678298169792
363,0.0165429118550898,0.016897882712533462,0.017325402335225334,0.015544094981328527
364,0.01628273314504642,0.018650823766203403,0.017626625236781678,0.016196521913183267
365,0.0182751794581843,0.0164289849045711,0.016397975821435613,0.015180193990242886
366,0.01641669261410156,0.017357213955265967,0.01595354530516035,0.015112041558803392
367,0.016790268251072306,0.016916805526043535,0.015497790348861718,0.018537345242069035
368,0.016460081285530778,0.017809668794804324,0.016235421087139764,0.015225137538403401
369,0.018904005853791074,0.016045662790277967,0.01472186529475786,0.01520782397453354
370,0.016983073902609665,0.01701852654897342,0.015021416425357734,0.016280125137868477
371,0.018283025441477058,0.01467803920162199,0.014492554573967332,0.017760507777763085
372,0.018201141602938682,0.014944768123162977,0.016127597979180116,0.017070020457243172
373,0.01613609083578489,0.01801609387808178,0.016735162007755582,0.016722318090740925
374,0.016370976756858807,0.017471342892200217,0.01731143816074874,0.014801413370010057
375,0.014838533721889176,0.019054750636877348,0.01677628992584921,0.014744796749969669
376,0.01723479749136003,0.01954331750235141,0.015391038783512041,0.016536719302006894
377,0.017106598701978663,0.01589129307627588,0.01615441340330884,0.015218864868168694
378,0.015674815143753296,0.016798458229798533,0.01754487168415463,0.016631536076272078
379,0.017571965635573287,0.015970051068021088,0.01618162707908748,0.016674191173830077
380,0.01736507211444058,0.018584836642260686,0.01648904882397528,0.015265667953418147
381,0.01673736512125673,0.016311541113379978,0.016071127104629487,0.015818732104330324
382,0.01818517186659874,0.019160457283801974,0.014985164570537035,0.01668517312402468
383,0.016032011188451042,0.016234973824484036,0.016655729607071415,0.016127588227719404
384,0.017250918827878263,0.014921535304207945,0.015153193028903606,0.01543836028786566
385,0.01726695841526934,0.017277534881955204,0.01514070431669105,0.016786765173034165
386,0.01670751392410707,0.016273391400694184,0.016080221934590234,0.014661054930064645
387,0.016727079411057413,0.016739537798205282,0.01602619860729315,0.017320503306630274
388,0.016496421792495667,0.018437183458376385,0.017118442978332604,0.014038472950140393
389,0.017571375731216622,0.017014847774337916,0.016081781075436407,0.016604989807306562
390,0.016791323645921175,0.017554011266894886,0.014094895055992587,0.013537003181906381
391,0.01711759250078657,0.014490767264111347,0.014742217867126213,0.014868537800262658
392,0.015589414874318128,0.01570050330720298,0.015928278463176584,0.015695140206736093
393,0.017358995453609857,0.01721140030317381,0.015456294360097579,0.01604368939698109
394,0.019598659635996295,0.0157736712050138,0.015922608429089772,0.01584219419726353
395,0.017612166517407116,0.01652066863330964,0.014984902927271277,0.01742243848931033
396,0.015460886024684671,0.015210188945399194,0.017643129621815815,0.016958060083651555
397,0.016181302837919274,0.01758271538234482,0.014911931156779724,0.015344129164474234
398,0.015090875715262455,0.017252715102383118,0.01470433922309603,0.016872883011899167
399,0.016618004251422437,0.014883529418544995,0.01758864264823421,0.014961905375113634
400,0.01738086506790706,0.01614204826989161,0.01718317605027052,0.015483823216674044
401,0.01662680328646364,0.01700128380745743,0.01657661840439822,0.014130492280193203
402,0.01786002309832915,0.019476109026746794,0.017435834660149654,0.016309607216502046
403,0.018367572608728303,0.01712458792076934,0.016722429989072175,0.01669326605188634
404,0.018003845694112727,0.01817407266177463,0.015787633148359726,0.015391569961099956
405,0.017319256664956435,0.017222156881688003,0.013573717873889297,0.01631514261993934
406,0.017524606909972023,0.01709026315520185,0.01716290844037072,0.015440839077842154
407,0.0164742829294882,0.014654091910027433,0.015221905402720788,0.016634420924055374
408,0.01568018977189101,0.016292402415367706,0.01765137237621223,0.014010735689638072
409,0.01755952129086174,0.01796127645285445,0.016205382725358767,0.01743619864858458
410,0.01776904567500815,0.01777205849548353,0.016694273080982217,0.015730929170556927
411,0.017863964607657063,0.017341397833611893,0.017016314819132475,0.01898451113826525
412,0.017004923278988632,0.019255819016978874,0.017161691914121653,0.015580487354722339
413,0.016914798556719842,0.016198674860826566,0.015562705127201183,0.014658361015166727
414,0.0167697386138709,0.01531510938655902,0.016205075150934098,0.016011444426968943
415,0.01814708864625588,0.015195871926317335,0.015065284692061736,0.01515203595424056
416,0.016135157125752045,0.016246809326949396,0.016920039471529678,0.016433567088969193
417,0.01640063278602857,0.016360066143074843,0.016833815552967705,0.014580345549254897
418,0.01648751384358481,0.017284667571461985,0.01353509851885358,0.01660575661178188
419,0.016467979170349714,0.018093305212692357,0.016435135117253585,0.017181909351435792
420,0.018367973767439157,0.01701907800089713,0.014752113322446412,0.015557445088678578
421,0.016716345570829353,0.01764691417817672,0.018331274629420535,0.015497942785947199
422,0.0171007460360928,0.016484956168194634,0.013598393670736706,0.01657085032897515
423,0.018518452102234805,0.017967148690635617,0.015920472538103837,0.01649835996178866
424,0.018792422317716263,0.016779409244561044,0.015651175473601463,0.015512275753849565
425,0.01890209880539449,0.015059946059423396,0.016009500611448416,0.01493078482896412
426,0.015460280412965299,0.018512272099602833,0.012670403679949517,0.016237306064976368
427,0.0160216388922826,0.01841145968290054,0.0178226901678026,0.01754338105121951
428,0.016541770491718708,0.01742659655185026,0.014785036998411563,0.017356987490600544
429,0.016430911907791505,0.01769824555484317,0.01823291274658701,0.016685183134646443
430,0.017228949916888465,0.01569121480435316,0.015348105306209671,0.017254363189807054
431,0.016847532312621254,0.017437522578240317,0.017446529498353115,0.017198126093018053
432,0.015850848073869595,0.015541341219509008,0.016044509396341333,0.015830846919256333
433,0.01837528982993799,0.01790787257082224,0.015469956919282877,0.014174185303284232
434,0.017197792979416576,0.01652256540734676,0.015662385058546665,0.01597177488579432
435,0.01757206833869775,0.012918993108874571,0.015341797407132228,0.0166817228748315
436,0.01682892108101968,0.01831769716441931,0.019094953553964483,0.014749364295593594
437,0.017017367592094396,0.016122307961771415,0.01705983434443813,0.015984563317306747
438,0.015052276176454039,0.018332039460286064,0.015386457255301295,0.015021830871985513
439,0.018160887986395247,0.018030532262813936,0.014239125328993553,0.015577561203780017
440,0.01705041278093935,0.01823945556836535,0.014590257402159806,0.01415183551322269
441,0.018448207411639453,0.01866081753318651,0.014735246283627853,0.015909704298092412
442,0.01874092758114616,0.01797209928563906,0.018051144454767833,0.016033801682680107
443,0.016489924671122903,0.01833972757618346,0.018918547899974537,0.019017316375334874
444,0.016841863746232883,0.015105835150781783,0.01665019702388955,0.016694131678409344
445,0.01530055586972693,0.017027654856968343,0.018866534491476926,0.01613867469986059
446,0.01677211529258222,0.016666447955747753,0.016368307216718957,0.016053667777844942
447,0.017996385826803435,0.019921324308522496,0.015279229360573647,0.017945646592275058
448,0.017223726822503654,0.01772498799003857,0.016214461070911977,0.016656401597816218
449,0.01800196847921883,0.01795742746916063,0.015570795192242397,0.01269023384777263
450,0.01723264855142119,0.015710188639417363,0.017043135987389463,0.016778458025898828
451,0.015329395003834928,0.01927379694662227,0.01640949017545346,0.01408104081998927
452,0.017522613473574002,0.01898118004413241,0.015763245197358205,0.015285061193030525
453,0.01622454374859527,0.015118402030807807,0.017118921819922854,0.015196632792244577
454,0.016625701295311678,0.014570595162668004,0.01764228025817022,0.013639494643758705
455,0.014887733850936925,0.01771962469162032,0.016471676672617768,0.01583984448727842
456,0.017656651042940417,0.015824176475056132,0.017419362317498445,0.015377458979645138
457,0.01683047476455919,0.0169779359332531,0.014291968212130577,0.014491023924508286
458,0.018480547296565515,0.017052668204495067,0.016402934214062262,0.015398170394764557
459,0.017440565195441717,0.018665822023929517,0.015382418885715246,0.014956831778945013
460,0.016458428682021457,0.017357200269770265,0.016127546819185812,0.01453148291371197
461,0.015789300502439926,0.016790112609444012,0.017468873587145287,0.01735815589358833
462,0.01811446086222957,0.017489488712159267,0.01560745107721397,0.016664652145686035
463,0.018053942074482562,0.015528810563460869,0.01746459372914776,0.016001861838284
464,0.016763000699464656,0.01756006818913335,0.016242405833072737,0.01513991823366274
465,0.017674784567705736,0.017396511492669832,0.0169276157914932,0.016193511716048017
466,0.015601954334449828,0.016898588878922358,0.016251293362796834,0.01589779316906289
467,0.018787581773850332,0.015735246963873805,0.014839560988606004,0.016729020788929183
468,0.0180932271069127,0.015401901722740346,0.017827330253874972,0.01483605794759113
469,0.016533212866186087,0.015078820140858781,0.016301443529960845,0.014202351820063342
470,0.01742050560999377,0.018227479713519294,0.014298264538717062,0.016913476698602995
471,0.018313738137193065,0.016867617648652924,0.01481972377242756,0.01726781223340837
472,0.016951523042703268,0.019757380102514682,0.015129804487874661,0.015193273836903753
473,0.014606863150415823,0.014800996112335912,0.016277149655305852,0.016065395274587956
474,0.017061152464753395,0.017483585288603453,0.016587810160626545,0.01447537656807979
475,0.016032745616473935,0.01583161394689671,0.01645424124646033,0.015029344876768339
476,0.01719997289359049,0.015168473914802113,0.01793299383624269,0.014827791841314313
477,0.016798269222235325,0.01598169047420992,0.016144753506881278,0.014703569336511728
478,0.01704224501202925,0.017244431722069232,0.01530134282101537,0.01668986305169252
479,0.01819892309038384,0.018147877022301438,0.014570979967718823,0.015121667330737807
480,0.016514181742591654,0.015804954127297127,0.017443289834411638,0.016451901842690436
481,0.017863434408844775,0.017036241939472695,0.01632436579717818,0.017179059329785525
482,0.01608999262090204,0.01840924416818387,0.01616875384832902,0.015376836642572089
483,0.01623391383720151,0.01694509174389388,0.013835027800197621,0.01806641505567433
484,0.016821704227456585,0.017795202864719858,0.016300487592950167,0.01618155572565097
485,0.01700987938696146,0.016695992206586862,0.01749173894258176,0.015064805074407384
486,0.016290209864213822,0.016889215553478238,0.013966120963876198,0.01809612801000928
487,0.016504467810215438,0.014329623751778906,0.015639767231935494,0.015182161617005408
488,0.01699199516699591,0.015845709439808998,0.014237245060325312,0.015412681771337733
489,0.016705485576401106,0.021299832718361656,0.015840674583131275,0.015331495354127003
490,0.01758155065227676,0.016438512528351767,0.016462963841874158,0.014639414097633547
491,0.017086176401436042,0.01750314701098551,0.015553555039268451,0.015146324764100279
492,0.015707478244731683,0.019298308039886494,0.01756244284109586,0.01651712484731134
493,0.016343020682659644,0.015256918380319536,0.01481141091413728,0.015333312218445038
494,0.017733129024296208,0.016898499453517884,0.014446820430060103,0.018002838298027124
495,0.017423704964051472,0.017783402837508146,0.014470994577873453,0.017073190165618667
496,0.01734969586072886,0.015436354676127768,0.015448873386814513,0.013350046901470992
497,0.01735530075059742,0.016729761328440344,0.015554464728365238,0.01372187180776954
498,0.01666977761226031,0.017861244138347207,0.01738256205872081,0.015465489272188578
499,0.015974683539716466,0.01760116606499227,0.017496842000999244,0.014338959429108795
500,0.017433325391547117,0.017382435378472998,0.017235673774117364,0.015756554712465082
501,0.01638530312917475,0.016250351259494127,0.015616084709533512,0.015530172992823816
502,0.017044349465393675,0.01585334579339036,0.017431656544642186,0.016257404852555078
503,0.014834948510118564,0.01573545743813549,0.01773590681029372,0.014932892392041463
504,0.01635922575808457,0.017804767727850952,0.016994371869173294,0.014574726402684179
505,0.017929005038987988,0.01810079034464742,0.016954238943267027,0.014253852535374987
506,0.016147540671029716,0.016921429925346537,0.01538296035848221,0.01683483650123634
507,0.015816603811549333,0.01775768063429819,0.01734926477311064,0.01646185489501863
508,0.015107564844076077,0.017646511393249954,0.018112073774321814,0.015851542978669135
509,0.01722274957028768,0.018304039741152592,0.017265045626281558,0.017521066296739492
510,0.016004238223252736,0.015016807763695388,0.015660572521362638,0.01669668733601344
511,0.018245674588978595,0.016476242437673014,0.016942775510314357,0.015440504601924787
512,0.01617141784041472,0.019128675079342176,0.016732821241350684,0.016661287191093263
513,0.017824039031271836,0.0154639773219015,0.015984360260811844,0.014809697077568828
514,0.01671312408562511,0.016255655352977138,0.014868932988852281,0.01653901038613569
515,0.016260349149810477,0.01811854244853155,0.016166143835678583,0.014356272407680885
516,0.01691566255580026,0.015967447445188944,0.015227200942862578,0.015575978313831697
517,0.017613003038831183,0.01579047810656387,0.01860382153156799,0.016515870967195288
518,0.016880671766651277,0.014710945995304047,0.014294052167303879,0.013145233060823658
519,0.01654652757356247,0.016392096686838022,0.015560833176175353,0.013176130720075173
520,0.0167140324131487,0.016139090389526985,0.01543479821362023,0.01570217061647604
521,0.016127056457632863,0.01790059704302976,0.015027686691771758,0.017319753277745188
522,0.01635787759931688,0.019480736429592353,0.01871998158797989,0.016375700125081473
523,0.017311926606326748,0.016148151363707338,0.013746030985523943,0.01787499500414143
524,0.016223200173778998,0.015644470329281755,0.016100525860151094,0.014553470782293037
525,0.01571531497161136,0.01861306252237298,0.016359058880898437,0.014624278679104845
526,0.016273930552904416,0.014488962900350543,0.016547491041864554,0.014447169267942676
527,0.016435237791375512,0.01717492573005894,0.015573336470040668,0.014909372550347997
528,0.01734768888270098,0.017337012220808034,0.014971793812338239,0.015828717207031825
529,0.01635959936492224,0.017483620870868435,0.017972313933654088,0.01809143067855093
530,0.017131538330874,0.01759786960137712,0.014835306642582037,0.015485530874186826
531,0.017028620693652234,0.01741689767217743,0.01558096574214396,0.017434439693648968
532,0.01662446255504124,0.017546591055194,0.015513937719473618,0.012656656872207102
533,0.01636477375076035,0.018633197450758483,0.015510737597610064,0.015067538740494952
534,0.018022611898806957,0.01514923310148097,0.0158793218011167,0.016718205711616474
535,0.016772236780459956,0.01768237276893613,0.01639456487812495,0.016534372639273417
536,0.014409082916347269,0.013906460870043467,0.015464882521300507,0.015112092008209992
537,0.015926289751865226,0.01600052847421432,0.015819742999085146,0.015301870518165075
538,0.016835480762559897,0.016349384280677195,0.014324449484779393,0.015557342633256262
539,0.01662202635353228,0.016529567966046824,0.014532082443073184,0.01445745346506096
540,0.01636593308226622,0.016558828975978157,0.015566816303063948,0.014253102531350507
541,0.016222054029633528,0.017698329424928584,0.014824701129866742,0.01498721910655836
542,0.015944661006890258,0.015412777392836753,0.01632173106500629,0.013495329234790306
543,0.016466831468417688,0.01655152157052682,0.015617346093336718,0.018767550901587368
544,0.01808782123654156,0.01752777862461884,0.014638786510424147,0.017636001406448606
545,0.01671768712213091,0.017975539961404767,0.015621438891159412,0.01530252500282127
546,0.016805371529820062,0.016790940306598976,0.014329685269031682,0.015112586464512212
547,0.0173507925110134,0.01643684539976995,0.016189439274310335,0.016641665375894323
548,0.01604822828117132,0.017370766867591043,0.015454148593623113,0.015116041546409654
549,0.01780466772492691,0.016604068163198343,0.0156518667563454,0.015297697489074906
550,0.01826833325555726,0.01907300364452106,0.014722012098425726,0.016249936128378183
551,0.01763765392473073,0.015342870287101662,0.016272589104075523,0.01512287643060624
552,0.01505277052984338,0.01784996814078673,0.01390659664556198,0.015323981830418285
553,0.015477759626679233,0.013642026015537198,0.015330259920889457,0.015609427571765255
554,0.01660498864802915,0.01751691870283838,0.01632749997348741,0.017138212696510075
555,0.01618328018773286,0.01994606861416049,0.014805055704092787,0.015655591000915788
556,0.01687634483722726,0.016993774347290616,0.014576645378212212,0.016949717079742282
557,0.016300823072091308,0.01645582900217384,0.015498446977160886,0.015904933569482665
558,0.015014909486629455,0.01652727308857144,0.01805788180957441,0.01593761049416031
559,0.016477091921100237,0.01711712868874585,0.015620880813522343,0.015415478850868474
560,0.01562649676479652,0.01591757368084319,0.01573833536229509,0.015996130064427107
561,0.01732703199539995,0.016279654998460295,0.01487709657314176,0.015144137752153099
562,0.017531477515433422,0.016105143899931035,0.01713114559740935,0.014660310309490769
563,0.015967588154834917,0.019435286757861353,0.016378346506714988,0.016101765479512434
564,0.015406638496695163,0.015948359518114474,0.018243220464651676,0.016178573231241687
565,0.016223686637838696,0.017493738925280503,0.015383953940439662,0.015690134954316527
566,0.01826811328893101,0.016780874979343222,0.015046236600482668,0.01927013952760572
567,0.015781815595308953,0.016010794844835644,0.01527279191281853,0.015317980020350825
568,0.015217307700229731,0.018222355570023985,0.01833582239732154,0.018418458453444836
569,0.01528058027311614,0.015281564005526936,0.016233743987790997,0.016119186108631157
570,0.01587201221703927,0.017413585624550754,0.015369192283790458,0.016790843788428437
571,0.016442586884441716,0.016770229995119443,0.014742768353530894,0.015281745056632825
572,0.01534638101987481,0.01508882478672533,0.01593253232131297,0.01712769913692793
573,0.017971637629410862,0.01604649127701358,0.015302600884667733,0.01365267006565293
574,0.015870355537170543,0.01569147009330652,0.016384213422392893,0.013815151093965734
575,0.01656738992793182,0.014781310677812087,0.015780722968377233,0.014511972284503212
576,0.017204448760879783,0.01624780597858438,0.013541555849031097,0.01418738754612905
577,0.01606442301550862,0.017441021708920514,0.01572527537423203,0.01491850950598
578,0.015467022624506811,0.015734510350483268,0.015458132669585376,0.016630478855076198
579,0.015825182009244806,0.016188855056017033,0.0155184743583218,0.014765722462108288
580,0.0153166874303526,0.01624897574106061,0.015007470885884357,0.017015786512221708
581,0.016397444992979442,0.01464610013248036,0.015102115234314272,0.01841006671827579
582,0.015488743122135927,0.01614730840053307,0.016974574626413833,0.015460431236718045
583,0.015258375541066694,0.016741043140955668,0.01592553576912416,0.017004620103733114
584,0.016266732985871977,0.01797380793328846,0.016394742920681014,0.014965565102693378
585,0.01715344267643117,0.01691625870505878,0.01427456063099462,0.014942109682140506
586,0.016424785177516863,0.01676760576721965,0.015589181879573335,0.015050073574075961
587,0.01802895425181409,0.018174435894374147,0.01649213835770512,0.015124024447648907
588,0.0158236817293292,0.01682846605726811,0.015880483325572778,0.015306619487033737
589,0.017479994297966976,0.016004515116461896,0.015314337452597597,0.014725886159548894
590,0.014617679163079435,0.016946934764854326,0.015461362162091622,0.014689307445788306
591,0.01682918900627647,0.014998693204950219,0.017786230088276858,0.01637437307484502
592,0.01705036900690172,0.01762824299963923,0.01635212915281255,0.017489023159446563
593,0.015146274518862916,0.016328288080104728,0.014352775758838626,0.017703679182739247
594,0.016775996969279273,0.016806654233888784,0.013644923132567313,0.015568268994874825
595,0.016979282639345825,0.016440049907136742,0.017335413497304487,0.017197767918867523
596,0.016884323542251545,0.015085563712533213,0.015379030495035811,0.015837216941639275
597,0.01618672012951414,0.017631500609078254,0.015965436925377215,0.014570864832394169
598,0.016018524480621663,0.01741082853434603,0.01574330899080959,0.014380269871247787
599,0.015153233075363922,0.01473795993840432,0.016949506795669006,0.014057645482352667
600,0.014838359799983323,0.015407552100910006,0.015838366011507676,0.013842975855632919
601,0.014885047381632743,0.013875010528680388,0.015889471197460325,0.015661930276323704
602,0.015513972540682949,0.016200298409923507,0.014823584665674959,0.015643472870012973
603,0.017437433694069696,0.016184891002405,0.015663201766025505,0.015356719560829008
604,0.017533546619963473,0.016854227197898686,0.015534925832881132,0.015764938227523038
605,0.016058242286564647,0.01725523342991766,0.014048993982999622,0.014625569690240068
606,0.017058702208540416,0.015565161359628802,0.013994055776085604,0.015268554781619143
607,0.0162787358100965,0.018720038965390012,0.01636844435613106,0.013908912474540935
608,0.016887377867288285,0.014691912599730574,0.01524945183235209,0.016665492917282095
609,0.014605944298731797,0.01443083310186637,0.01539714358665503,0.015465490174777585
610,0.018557528843427068,0.01655833569277809,0.014287023903651244,0.013630286729697898
611,0.015869525913378042,0.018887230998743166,0.015924707565810083,0.014820744486891406
612,0.014760479912703947,0.016926301995105853,0.015698973457251533,0.015604920681804546
613,0.015960699635323365,0.01711446918705192,0.0137628363913003,0.014128994316757576
614,0.01595950070523611,0.01699978180369011,0.014825161479333113,0.01541115003467639
615,0.017741018829931635,0.016132467038125268,0.014685726947550937,0.01459475469243042
616,0.017246121812451012,0.014196057710657949,0.0150197094503899,0.016424338133896463
617,0.015737313825560255,0.015164348057205942,0.015552762870622969,0.0171108240729585
618,0.015063868398432633,0.013917865507019246,0.014506725150586687,0.014916024949709693
619,0.016093669474431662,0.014736276513352482,0.016384407200752307,0.014875072827627291
620,0.015040589477256732,0.014048191728415742,0.013143114581656795,0.014149846215407975
621,0.015330234248502807,0.01549458812070789,0.01446236824721135,0.014700181605706337
622,0.015881153206343406,0.015022660087375978,0.01469572986070906,0.01333186428216975
623,0.01663056806957881,0.01568212448727147,0.01437972258075777,0.016585263730053017
624,0.01659601651867514,0.01603273214142404,0.01556591485849471,0.013489427746760792
625,0.01532914598963505,0.013753627512641505,0.01569658248773971,0.015540668889905285
626,0.0151225223310658,0.01360023268477759,0.013255134809231186,0.01480141458976095
627,0.015294868163457482,0.016156585407102415,0.015876124839705148,0.01580740101928215
628,0.015306493918906355,0.01528088022059533,0.015684069483829038,0.016890488933846773
629,0.015402628598340434,0.016927795367808206,0.014110504285256086,0.014847330693219777
630,0.016212202544627078,0.01612964625559509,0.014316464504340902,0.013621959977951357
631,0.01605648509677731,0.014175015538821265,0.01394145655957007,0.015136417861762364
632,0.017526920651101972,0.01680237874574878,0.015639255266337207,0.01651589433310338
633,0.015718716123065555,0.016460894597668224,0.015090561694415637,0.01635140255593014
634,0.015435130210242202,0.01448168176960758,0.013612706721906715,0.015501424198800835
635,0.01574454064200405,0.014431455383479636,0.012319666462993,0.015403964213182053
636,0.015934498253798304,0.01654792900945721,0.01431268318946699,0.013065042656881132
637,0.015197146144485573,0.014059320839583538,0.013164743823344842,0.01487584520070047
638,0.016389503675639835,0.015492275926622546,0.014626679595588821,0.013881033067525275
639,0.016288170098787205,0.015362202590967964,0.014939711624103102,0.015775196347200968
640,0.015871837665579168,0.016618178730914934,0.013046661860337068,0.01476832985224814
641,0.015762381211549072,0.014250524786248997,0.01446654570077027,0.013889730758439071
642,0.015828150833631132,0.015007515045472564,0.013310031902974336,0.01461780209585014
643,0.015111643180044959,0.01567468200943929,0.014617622597270482,0.013047234849003829
644,0.013810329439114585,0.016922063656318077,0.014122939311761569,0.014420808824469566
645,0.01500862232388452,0.015711399152791353,0.015772707765798172,0.016467712896372208
646,0.015620110784880053,0.01412821944469098,0.014935773075995949,0.014999953523160406
647,0.015402606106005884,0.016085360143662342,0.01629860851328346,0.015389163777035794
648,0.014303043944159597,0.018147347005248636,0.014623572076448424,0.013054308780675367
649,0.0160734089166472,0.014647366155327335,0.013061447519418304,0.016558665642170324
650,0.014986724208878272,0.015214319534214916,0.014167638573918553,0.01480300970953763
651,0.014513165533938504,0.015475633768202823,0.012897280398479436,0.014553580227850466
652,0.015365350812848864,0.014297113442154041,0.014145195013530273,0.014179110497946673
653,0.014262745026379163,0.014901891646112232,0.01287389879042587,0.016568966490538385
654,0.015359597979905196,0.014369927752093899,0.014111790118390284,0.014424578428856395
655,0.014242026814291282,0.015050395276407813,0.01553197545662515,0.014295997879843165
656,0.016124694854860434,0.0168389361161328,0.01419340760495565,0.013090710810447381
657,0.01549137521201386,0.016559915534452525,0.014115052454103615,0.01618002561284136
658,0.014296264882137564,0.015199049914968265,0.012872604663034264,0.012571961859671202
659,0.015746121587601473,0.014950955142566667,0.01560608224066807,0.01326993977406292
660,0.014435192471905669,0.0143043385314639,0.013101330454441864,0.013525780342315689
661,0.016156214664158258,0.015447095171975221,0.014856293865080474,0.015659074033640485
662,0.014938680840470014,0.013767614029571334,0.014259879623352241,0.01398657847875477
663,0.015165940869418266,0.015076749158691016,0.015120317148752574,0.013595043225042807
664,0.01596168374628333,0.014368937476515242,0.01369691866439764,0.01540286470571828
665,0.014330486273236756,0.015633621305891975,0.011180215064193855,0.01401493487170158
666,0.015111929981884037,0.01538213813844495,0.014889953702384565,0.01322243305750002
667,0.01452134284297186,0.016805552728127542,0.014573406982692208,0.014932811336474514
668,0.014279555791018146,0.013858921449502248,0.014136801895633716,0.014250861402210203
669,0.01407922674837763,0.015703795466019018,0.014097865572574943,0.013010924321217886
670,0.013939722506356158,0.014934377078829067,0.012511033345029687,0.013409243588023714
671,0.014087585571894252,0.014927682275471019,0.013756697274426063,0.0164551842630512
672,0.015164937981011086,0.016214319311741575,0.01452591788313629,0.0124694171661834
673,0.01545893239778023,0.015450484030520262,0.013185898466962255,0.014043872172980263
674,0.014020871234663244,0.015077529193318598,0.0141849752266701,0.015289028296764635
675,0.013930526428258516,0.011834963828326852,0.013921138755350483,0.013796412761218848
676,0.01556858223132671,0.014171019858338334,0.01236092446416579,0.012841595201029492
677,0.013885886028423024,0.013686208440918736,0.01425945185610193,0.014900214089115573
678,0.012968073579038234,0.012644058669819361,0.013463224820430532,0.013480130639569352
679,0.01591325386018194,0.015428819156854413,0.013556395753252815,0.015743685613338047
680,0.013471843063737157,0.014879862824263462,0.012857444420149083,0.01564410766868893
681,0.01398334618211227,0.01403340229779156,0.013632539990861805,0.012498988053634395
682,0.013750787677104321,0.01531421097877318,0.015591978686739602,0.012530431373660122
683,0.01509748318927077,0.012103663968338629,0.013187972586486716,0.012251518894766082
684,0.015165409811393681,0.014082196373539788,0.01520560249454877,0.014795975565209629
685,0.01434418071667244,0.01486595598551906,0.013275090286766687,0.014601399271874012
686,0.014619954324039284,0.014097853337343752,0.012284724944764507,0.014308548073494893
687,0.01369110160603193,0.01296512179691946,0.012189582321235017,0.01446799495256277
688,0.01534070226356024,0.013765048833421131,0.014477899040906753,0.013921111194606288
689,0.014020149792156617,0.014881396057803687,0.013225069951514264,0.0114401151587882
690,0.013938899350064936,0.013000207366933567,0.013048270896666762,0.013692707977364165
691,0.014525218706392068,0.014279862731829247,0.014354448564126727,0.012086535902368809
692,0.01461284127783451,0.01426878089670738,0.013776220901247256,0.013381953232502339
693,0.014868214529870319,0.015150641184366731,0.0134913773859766,0.012589452130617407
694,0.014336491865168633,0.01212083172321952,0.012080383151116487,0.01216472062863889
695,0.013842463293715435,0.01318668073688421,0.013010384772033989,0.011303173580498671
696,0.013735427317920488,0.015855348497189014,0.01393745628458966,0.013511652667742012
697,0.01428089955877922,0.015467571081898277,0.014315196991583377,0.012221268564632739
698,0.014780864716519494,0.013357360243887714,0.01299373975905477,0.012184933689049214
699,0.013824863800748507,0.013968512512321854,0.013900814314384537,0.013559948353395801
700,0.01400350678014826,0.014188126386091416,0.014743366479721156,0.013564799954789155
701,0.014095430613446886,0.013361914000050663,0.01259086322743289,0.013019152324117917
702,0.014076831215378786,0.01279405449491744,0.01346936689587477,0.012366713457632392
703,0.01319548960755194,0.012605669645955515,0.012888282910169666,0.012807459469935683
704,0.012714877571942902,0.013643860910810377,0.011638894758158679,0.01415502046043608
705,0.013172541936818256,0.012258296349010222,0.012428663817700787,0.014083785529304676
706,0.013819919530426071,0.013523035188861037,0.013974682345019286,0.012502139087113317
707,0.013270600397697205,0.01428410106293853,0.014391321827634805,0.012737241429269403
708,0.012989362428639786,0.012933638222946431,0.012040174719248519,0.012614043385746147
709,0.014114543862772925,0.013253627599239412,0.01314691730905274,0.013064045411447026
710,0.013793531683674226,0.013406911876252162,0.01417866884166932,0.01241721385931265
711,0.014109673875429657,0.01336067547831196,0.013187979250486847,0.013732262072353795
712,0.014047354288436183,0.01266869397567469,0.012813281484773667,0.011471199499103978
713,0.01349928022422927,0.012993462632800256,0.014011945822596204,0.013160465498834966
714,0.012738565380322498,0.013892682514097626,0.010670907419450313,0.012356390236549523
715,0.013360488460620323,0.012759398160077819,0.01267226544360083,0.013406476585072158
716,0.013769765786888101,0.013510679270739526,0.012530684625773624,0.01206429489065761
717,0.012369991391492094,0.013071387632787078,0.012215597079623877,0.012840744939198265
718,0.012328319714726475,0.015249220377863009,0.012911997410496248,0.011492653284516437
719,0.012837868756009672,0.013034546143073587,0.013362121375662315,0.010651389100658498
720,0.012791365289853451,0.013315320228283327,0.01208648198394827,0.011963042410945353
721,0.011701854701646901,0.013609683777675711,0.01249600271351441,0.012615916411215877
722,0.012134009595299712,0.011661199111050539,0.012778178669361684,0.0117351605542038
723,0.013548419586793196,0.01200950668307561,0.012724949961053153,0.011419459355390137
724,0.012267494165834397,0.013852409490856274,0.0121765139833628,0.011109430307512493
725,0.013049452329189136,0.013160659407073642,0.0106635716926391,0.013273029269574039
726,0.013582474140758156,0.013877046927815138,0.012818403741354687,0.01245048672089045
727,0.012969279364420841,0.013487850456200502,0.012884107658833788,0.012501358322566696
728,0.012388750134343042,0.010996085063595451,0.010967264167437736,0.01147418357260161
729,0.012646008670033071,0.015316018012795444,0.012395803417828071,0.011639509558363818
730,0.012591575579522465,0.01118960714602533,0.012829079400046003,0.012992983407328842
731,0.011377004437438156,0.01473480581129369,0.012368961121716373,0.010698575311410158
732,0.01391451033885939,0.012891020115763454,0.012863743992062013,0.011783679926256754
733,0.012785516911912913,0.012463566569619468,0.011228078428608741,0.012922337575150376
734,0.013364576518082488,0.013512216337294183,0.012075885185663127,0.013012314430923764
735,0.01148575782567726,0.012549599455536655,0.013671746180256676,0.01242363531690291
736,0.012333383303176635,0.010776170846146514,0.012496236057562098,0.010967799087221725
737,0.013680517774681104,0.012348556107351517,0.011287165677208727,0.013088244744376441
738,0.013014268832191664,0.013781425612379342,0.011902631380503228,0.011607624322514996
739,0.012357731077655315,0.012892566708515301,0.012624288009375078,0.012022544782008222
740,0.01222257431909595,0.011399919889246633,0.009824650628840598,0.011559905763611475
741,0.011960367804339452,0.01294966974481819,0.011617539295654518,0.009977656192665933
742,0.011385034578369022,0.012321572133705118,0.012322438088764593,0.010336809901411958
743,0.012166107339377251,0.01239074929298103,0.011411565073560326,0.009601273460041127
744,0.011914638227622227,0.013287341678439453,0.012374763713325646,0.009605875095708292
745,0.012080953338518535,0.011662067072625773,0.011807413466060117,0.011138609962616236
746,0.012490816521743872,0.01132797735213439,0.010743005116623643,0.011390616088286547
747,0.012138773344099829,0.013603973849600362,0.010148717022670155,0.011008438301297418
748,0.011690187950586533,0.012506441961092754,0.01159652639563432,0.012242740963351404
749,0.011373613068752947,0.011381624352318697,0.012356107349163903,0.010654708711629617
750,0.012216054047724197,0.011926729295681138,0.010695813956711694,0.012206135270076034
751,0.011998053274146304,0.012138586469998446,0.011888320139238552,0.012131063299652998
752,0.012131820124912582,0.012038037975286681,0.010877715012355058,0.01166291535288087
753,0.011529191290627105,0.011727476050209844,0.011300621131863853,0.01065099606689785
754,0.011593102689126998,0.01098092275392389,0.011802673900843979,0.009814324465845176
755,0.011874304243424727,0.012445927255977393,0.011305050101211342,0.011763064856733294
756,0.01185189427882447,0.011898025157399473,0.011378946438393598,0.011031813332078554
757,0.011519135259200454,0.011269924766539942,0.009451104281273355,0.01076853622943714
758,0.01165556298764929,0.011182703476982475,0.012109409833082042,0.0109032151560517
759,0.011495626317139119,0.011102032794153454,0.01107589349268867,0.011479843468189333
760,0.011147206242643582,0.011279653844727506,0.010504085377458878,0.009311389582207527
761,0.01117153627085826,0.009842238612694156,0.010948810436538482,0.011552475085721875
762,0.01166706443087174,0.01254819598892682,0.010820527682441107,0.010273406258762961
763,0.010578684031560653,0.010674424862065863,0.010355311551690095,0.010100328334904185
764,0.011148366547214628,0.012010670673877793,0.011318296504199918,0.011067398970372422
765,0.010952292810109948,0.010119267116772376,0.012294340303580177,0.010198451397928725
766,0.010908541833323543,0.012010083837473082,0.01017484920829079,0.010064404584569394
767,0.011256297877777216,0.01039400340901446,0.011016244474848391,0.009567524938783727
768,0.010983140023154515,0.01125217480253793,0.008291636079489689,0.010337070940942323
769,0.010860363532701322,0.011197630930646301,0.011115617911322288,0.009889317533532081
770,0.011028135857297791,0.011886899163024378,0.01056220779498027,0.00968022689562385
771,0.010713530285401465,0.01073339219727144,0.010582130603367173,0.010673876084319913
772,0.010446858054736202,0.010623372598546945,0.009483299359399282,0.010322107552262783
773,0.012316288432566967,0.010052873102772104,0.009750712326921674,0.011123989733364264
774,0.010823611709843466,0.00999882696900736,0.011024064354940665,0.01067728563848654
775,0.011425621339330977,0.008863150097814004,0.00999707363889002,0.009445570080217871
776,0.010965741033992579,0.010064707246190407,0.009884199255912614,0.009661059338516046
777,0.01119168550034919,0.010201035500996469,0.01193447730183949,0.011080537987416143
778,0.011415775747490767,0.009788210499788286,0.010357045640892466,0.010416992439307795
779,0.009745290454708438,0.010854094790817042,0.009412222967859202,0.009789400645337594
780,0.010203214453359283,0.009968811673795845,0.008508875104749979,0.010274844122821014
781,0.010402164598537475,0.010447689764412215,0.01064772053387605,0.008547192662868571
782,0.00989601067999182,0.011055042301702357,0.008920979025504303,0.00921251263335975
783,0.010066060268723991,0.010380144665304031,0.009055672325576103,0.009220124294650921
784,0.010297641930527096,0.011970037758316744,0.01178510653866853,0.009677628078278362
785,0.009533555535356716,0.01065903570471302,0.009316892671487876,0.009621477412925608
786,0.010412324059549569,0.010179403694997596,0.009852904558967148,0.009385722117912528
787,0.009795900805319526,0.010188740896335929,0.00997394906741392,0.009203755548869284
788,0.009564754352874558,0.009254543149647965,0.010498547923916558,0.009445398345339586
789,0.00955931040798543,0.009924549251517182,0.009157131829030035,0.009718354500347443
790,0.00946492590347324,0.011440010469564731,0.00934929146160715,0.009475307068767215
791,0.010622645522599505,0.00983188088885086,0.009527746602398945,0.008851046872597246
792,0.009559337828700516,0.011233675641785327,0.008734656703248758,0.008977593510882847
793,0.009375139999443779,0.010402840569967849,0.010190226417641786,0.008504040109162038
794,0.008591731312254325,0.01017760957141629,0.008071317205931183,0.008834474126443004
795,0.00975328263716036,0.008519330508661662,0.009204325483575748,0.009546874492499363
796,0.009457093690187355,0.01042680886095922,0.009523353849034862,0.009560671695294336
797,0.008572941236250759,0.009162362946425844,0.01030617491331479,0.007485830367894147
798,0.009495427128758388,0.010288376677200353,0.009144620420163509,0.009093591173758294
799,0.009258553448487307,0.009236722521426736,0.00867338113660173,0.010095029855992055
800,0.00912991859096092,0.010006859243621625,0.009954522901220205,0.00919374828260367
801,0.008880254608437008,0.008626002646544364,0.006993333959960649,0.008276352620566859
802,0.00952045628250059,0.009120897685651148,0.009195378358429823,0.008911834578845871
803,0.008700347606841977,0.007954714432392351,0.008186418530048988,0.00896597409944591
804,0.009983868204255595,0.00966849113057026,0.009083561466980866,0.008386508899898155
805,0.008934311475145468,0.009570802846090928,0.00897764858214829,0.008664092147506764
806,0.008429662591693109,0.008330301289992997,0.008926456857283289,0.009617475223336544
807,0.008812938671730835,0.009042195209138138,0.008951540156291212,0.008270550057568365
808,0.009920816164690066,0.00853373280462616,0.009266240395289919,0.007787589042532577
809,0.008598875768995255,0.00896199402095886,0.007820232866105154,0.008884063258199562
810,0.009761949082192163,0.008325577476009103,0.008831919081594013,0.008353454296352205
811,0.008096662154640034,0.008112152816514286,0.008823453898897897,0.008843218610552159
812,0.008508038681896377,0.008106270879510854,0.009203731716236768,0.0086931126185514
813,0.008942542870763879,0.00858705619053941,0.009566223602632906,0.008200602995315751
814,0.009141316436858435,0.007985484510970453,0.008106433243277063,0.008906835966812146
815,0.0083410569003297,0.010168673190754866,0.008683344084149362,0.008818122692347672
816,0.008446761934560766,0.007738902937046547,0.008559538546928995,0.007563221962365295
817,0.00764455081169931,0.007643766666940351,0.009373301953093393,0.007636869938851754
818,0.00830412536920233,0.008378062203052808,0.010124793259840843,0.008680879432125725
819,0.008300536229010886,0.007685930407226511,0.009045372649703088,0.00778968628020053
820,0.008362405986415269,0.00794382973748897,0.0077138821133807866,0.008486662055076956
821,0.008876648284359525,0.008756627003776551,0.007717596104929527,0.00795662811222465
822,0.007641732603031385,0.0076757549098773956,0.00926761544613869,0.008539332608902564
823,0.007831546356987695,0.008404916123401319,0.007053618986740228,0.007362866332474417
824,0.007823541835189586,0.008304257674189424,0.008203274340271495,0.007770110665329783
825,0.008459463743254807,0.00740492567053287,0.007068259550931568,0.007843603272651233
826,0.008072916957891642,0.008570174171785861,0.008084411952982335,0.008116511489177919
827,0.008001985518205587,0.008020697783210394,0.00828341026990877,0.007989485691736211
828,0.008278203840594729,0.007515256264094652,0.006805929521767491,0.007392692288453049
829,0.008055271557136829,0.007423143156617431,0.007549980182544757,0.007591886540938978
830,0.008107777142970196,0.00806000929174598,0.007879814974245196,0.007463245687450319
831,0.007544893638225215,0.00711534009651121,0.0075391868331979835,0.008679948835169484
832,0.00788074284966702,0.007172250248297609,0.007435097756282653,0.00747345603107756
833,0.008261936941737859,0.008594708424639117,0.007957186756459084,0.007474888814357415
834,0.007140630003575336,0.007055045967447764,0.006696015060235502,0.007496876691312268
835,0.007532809555044984,0.007992968224556503,0.007240257692869171,0.00789501249917868
836,0.007325570300274224,0.008022204045532154,0.007655797552012638,0.007121114061947151
837,0.007813089167645431,0.00796154788055573,0.007942230404094822,0.00726537064874488
838,0.007583854002399549,0.008200512312031292,0.007592543548861681,0.006777243956583346
839,0.007089368034743099,0.00716360479947963,0.0068924198353852795,0.006890854891463754
840,0.007302843202441818,0.006999316638484077,0.006698766322177615,0.006462607107344082
841,0.007952813656637369,0.007719914982950492,0.00769581457840382,0.007647798835630108
842,0.007332184446180527,0.007324743379872622,0.006652491623856093,0.00717723655594967
843,0.007527182461972267,0.0067395450210206344,0.0066663822310641975,0.006538831538590358
844,0.0073114801273468245,0.006798548652739353,0.006948600915832203,0.006499387650834988
845,0.006207711202628899,0.007479459762703833,0.007774377153461707,0.006791740589788703
846,0.007510896526658818,0.0062872068462566655,0.006917253917063057,0.006742038104187925
847,0.007901547183704066,0.006289133777994495,0.006200313170461848,0.006865424183524434
848,0.0072144430763411895,0.006784121706572231,0.007434750312182813,0.006576500493750558
849,0.006983900644363088,0.007881447834683726,0.006173695422522301,0.006991756241600403
850,0.0068209669659382195,0.007152091890241651,0.007512616218517898,0.006484323211197792
851,0.0074072033218406125,0.006426493449688875,0.006788161419525176,0.005809713370669599
852,0.00651013168895833,0.0068888595540462,0.006981798797731158,0.007283703282726489
853,0.0060133631586380435,0.006340685869740051,0.0065562751590538286,0.006488121270412594
854,0.006659005045900104,0.006220121037518661,0.006838083399373062,0.006015205987683883
855,0.007125404785689833,0.006335062749923891,0.0065762794715751,0.0065395914058756
856,0.006807410262907483,0.006923348497265804,0.006695857071361251,0.007448453821855205
857,0.006666350502391212,0.006688829022880881,0.007039937077620557,0.0064808787691644065
858,0.006549456819463439,0.006414723625616234,0.006686828770973674,0.006660823190746671
859,0.006354598477069273,0.00710807645792625,0.005824009015069184,0.00640027001469908
860,0.006127218696865789,0.00712275994312114,0.006099567341009746,0.005581829321770328
861,0.00643830076244489,0.00643278958080314,0.006217633386093111,0.00629173550343355
862,0.006476317905087399,0.006594078689181919,0.005937493879883003,0.006420543661460233
863,0.006675214035890683,0.006466446861759195,0.006236914284053266,0.006013241676012725
864,0.006644263091828773,0.006977976280766749,0.006269343774312462,0.0062545796562923
865,0.006689363748247199,0.00634173198025005,0.005835479852041318,0.006120219083673895
866,0.006202861980581103,0.006923787911547134,0.006028793219147921,0.007022156041757817
867,0.006429943084351005,0.005883870844796891,0.005874134285954532,0.005899695730955665
868,0.0058553430534029165,0.006737378121975085,0.006273215570932515,0.005507151453368209
869,0.006168692947531015,0.006306032762037321,0.0059316144678634945,0.006092814589835558
870,0.005855106738417982,0.006546619146757767,0.005268201611190601,0.005650564432860406
871,0.006064575049718227,0.006526916622092547,0.005209721824571841,0.005088727972593518
872,0.006089044605608333,0.006322971368301157,0.00569354807735918,0.005483089620996365
873,0.005862733882991693,0.00589990347356587,0.006067139366030371,0.005526793043795346
874,0.005875397859320916,0.00617862991972908,0.005092355275507177,0.006041815239538712
875,0.005987359290736846,0.0055292490594089,0.005673819579349174,0.00504599280049175
876,0.005828595808562215,0.006330949000477128,0.0055412404551929625,0.00614759408692113
877,0.005835810521607409,0.005917798767730982,0.004974855056745486,0.00544070118328605
878,0.005696549619469624,0.006232379548544164,0.005680796621080127,0.006126282329390394
879,0.005739515886399723,0.005610586327315653,0.006246165898294444,0.005388888307200905
880,0.005784376094148653,0.006353752544110746,0.005973486106837435,0.005650483431801522
881,0.0059808609337815505,0.006036187901064361,0.006073530578198894,0.00624721544096451
882,0.005677417488322131,0.005776317660301545,0.004833080984910288,0.0055820747286468705
883,0.0053972381100829666,0.005851530885939171,0.005757887534016293,0.005740699428878746
884,0.005687437089726983,0.005678112273018976,0.0050787041426605065,0.0051293898945386105
885,0.005817521150523218,0.005658890095731759,0.005387206963813791,0.005289664486551839
886,0.0061276126192489795,0.005518785797078638,0.006078315966741711,0.0047483417434251865
887,0.005880818521002055,0.005632289391018117,0.006280126942979861,0.004734309753774952
888,0.005531856428932683,0.005547327724751356,0.005216556077332901,0.005191987802118591
889,0.005785195341608572,0.004689019929522364,0.005625810186320487,0.004825040608479019
890,0.005750317179618832,0.005180057870502517,0.005175682432618705,0.004435612743738825
891,0.004795608185003273,0.005779586280636008,0.005026255938155866,0.004951777141026793
892,0.005340452756663501,0.005521524988260588,0.005289896220922146,0.004920900471946735
893,0.0050383848670048905,0.004921641839565792,0.0054973076662538775,0.004176603691475809
894,0.0053158297779677035,0.00530743633283565,0.005563632899116352,0.004589883047906919
895,0.005337452815163771,0.005379212058809625,0.004862722929484191,0.004466311067403628
896,0.005232084869268932,0.0052898530280613785,0.004181145297460012,0.005629464319973185
897,0.004859263678180353,0.004340777435974927,0.004609114439615069,0.004716605716633508
898,0.005102284785345701,0.005187071390914658,0.00489974406796761,0.004341951859345177
899,0.005225362668836198,0.005420929267590889,0.005081818039358861,0.00376512677747528
900,0.005448621243467005,0.00419145606332497,0.005366492294610578,0.0046611613647382765
901,0.005082211832654143,0.005085235715252637,0.004549046706069743,0.005314156426776315
902,0.00462571793845769,0.005063410413314266,0.004501608423709505,0.005264770981467954
903,0.004721808577766365,0.005669462034525265,0.005347785531942282,0.004427126329539501
904,0.005399929399324036,0.004641700677604561,0.0046155283665516,0.0048833786663950085
905,0.004985099105449608,0.004640955610756763,0.004415539496098396,0.0043268660136711904
906,0.004442882356121082,0.004724001133618931,0.004184413395363532,0.005285677401281786
907,0.00485642363505773,0.00473508662126508,0.004345211707785474,0.004132259604230366
908,0.004948473097235005,0.004150697038704208,0.004205813119296886,0.004888588187107788
909,0.004492355224078952,0.004340143031321881,0.004898217852632985,0.004369622080011579
910,0.004662220971633456,0.004642109182277271,0.004163711953443484,0.004570886092841076
911,0.00477886779182422,0.005232172062330436,0.004641940700919314,0.003747903509008157
912,0.003959093432808646,0.005005649962267874,0.005000591469310173,0.0042173663116979645
913,0.004786704144055415,0.0044244537083317865,0.004236199681969298,0.0038239110236175182
914,0.004876732373673888,0.004178579598704053,0.004018548684747351,0.00406966940113971
915,0.004880192394226679,0.00466248063904247,0.004131217814822941,0.004073662042846146
916,0.0047833507457571795,0.004328058904195548,0.004115074755676992,0.004531693217675795
917,0.004554441646060922,0.00482927934041103,0.00476917071451935,0.0042332783232486475
918,0.0046039026434892575,0.004808342940369924,0.004373272787540746,0.004372828218804435
919,0.00443288858153209,0.004688577462858377,0.0037906709752146906,0.004231279225345967
920,0.0041871337120269825,0.00449147119748116,0.0038991714868473882,0.003835901597097692
921,0.004559333780116936,0.004409835966369032,0.004225787081932662,0.004009683581090581
922,0.004567426338004914,0.004059480010018642,0.004069749889261655,0.0043667378217158055
923,0.004177143972965966,0.004351272605352225,0.0040173658764635425,0.0036899047109934147
924,0.0041665888169494965,0.004281616647764909,0.003797783214402526,0.003923661339921352
925,0.003925173669735098,0.003992294544212865,0.004245861449793381,0.004078855331793702
926,0.0041052256665980585,0.0037708257140011458,0.003942426887480337,0.0038944160750130773
927,0.004420919530177053,0.004074918827113546,0.003518819647694062,0.0035505188287039548
928,0.003972463125786353,0.004103891978876576,0.0038259532056786026,0.003654745667182243
929,0.004258912242316096,0.004050862153488111,0.003886236042772562,0.0035987710987897543
930,0.00400613492033249,0.0037527162907016556,0.004204545398079368,0.003587088043296191
931,0.0040548849460807085,0.004718556468349968,0.003764759726636995,0.0039529592273201295
932,0.0041787386285494724,0.003670337920461851,0.004115693771719541,0.003634323456295829
933,0.003827004303352123,0.0037978787207272103,0.0038139973597921717,0.003791565961081872
934,0.0038565524958693843,0.0038134039516786763,0.0034357842158571727,0.0035310240781902726
935,0.004210772387756594,0.004033521358772575,0.0035801771020713,0.003921217515283912
936,0.00386227321374892,0.003984358154695959,0.0033688368268698617,0.00363586786525295
937,0.004163347988965866,0.004288291636602532,0.0036520442297180745,0.003682802995015674
938,0.003882973633912877,0.0038886771882464914,0.003664985259204574,0.003635021607065915
939,0.0036342140560353376,0.004061613866939667,0.003080522419459846,0.0035443034146448705
940,0.004049860571561028,0.0035705456665032858,0.00387346911794321,0.003839683284673097
941,0.0037293995797894703,0.004028454063187586,0.003952537487830564,0.0036906860740570473
942,0.003659775620477187,0.0037454943954204002,0.0031480012969152295,0.003200671723119899
943,0.0035433686094038554,0.003290771640904246,0.003513412751601232,0.003568464436747541
944,0.0038309603142791153,0.003350226601292265,0.002946034629005834,0.003142351970575403
945,0.003384758842393394,0.003771541374000059,0.0033391392820615123,0.003163030803639758
946,0.0037502604445154995,0.0033476505632827427,0.003692413786623305,0.003514515201261587
947,0.0031233683139444057,0.003443920194210905,0.0033711288462740614,0.0034456544946432784
948,0.003161037853675795,0.0036335101487167936,0.0032092208864680323,0.003654164898467829
949,0.0034440448663429347,0.0033460169861148554,0.003249839745782271,0.0034480259446578593
950,0.00343733695128206,0.0033584137085203884,0.0032475117579282954,0.003433898427356189
951,0.0036038307498484313,0.0031407307163590433,0.00302924619451958,0.003180783513084413
952,0.003471847109130716,0.0033314508809202258,0.003302934909791126,0.0034419138938363474
953,0.003428895828439336,0.0034060875531458827,0.0032753279287765975,0.0033430458771943694
954,0.003298949628548086,0.0034026822400888496,0.0032113969257072865,0.0029866128797254943
955,0.0033524145226649996,0.003125585565737195,0.003276740719654939,0.0032533426179031833
956,0.0034385627215305402,0.003750886631911982,0.0028794199033213676,0.0030537389990974006
957,0.003188517032961789,0.0032256815061204253,0.0033448995293406682,0.003350769909347549
958,0.0034718395731461907,0.0032516076096989832,0.003115060621326223,0.00290076783279279
959,0.0032941470746384446,0.0037411840636716325,0.0033764509339870258,0.003445270369542018
960,0.0030709884867030288,0.003146650771033664,0.003015792677063143,0.002955421942834885
961,0.003208844391019585,0.0035086678606168964,0.0032274003654348365,0.0029136531144487955
962,0.0034665439034366843,0.003295720482803885,0.003442250112582697,0.0030780033210021356
963,0.0032935668299608188,0.003686898949663865,0.0027808431496919228,0.0028678175585056132
964,0.0032286707604991726,0.003389192536545944,0.0030199328839786116,0.0023952612319478616
965,0.0031333387092163235,0.002781073089825357,0.002622748070588019,0.002787926465854306
966,0.003259735992775767,0.0032066210230116475,0.0027590517897484396,0.0031709181410036593
967,0.0032758103474876754,0.003113319668875691,0.002956034642399781,0.0028471215635093717
968,0.002712498418736363,0.0034744414238670946,0.0029117723021630276,0.0031481657028359805
969,0.0030312295060443604,0.00294708836510406,0.0027457737982996243,0.0030947427486571534
970,0.0027682413303093158,0.0032275193538862917,0.0029401875945931416,0.002853321304610502
971,0.003036293171720213,0.002524373019069815,0.0025293498083737774,0.0026715584348401223
972,0.00286438940745923,0.00309098702594147,0.0024468731414353877,0.002584115234674163
973,0.0030841053062623447,0.002736640836749227,0.002619783253574781,0.0028748632491041944
974,0.003020372722227676,0.0034569396497561933,0.0028488956837618372,0.0026250286244258814
975,0.002853029328341578,0.0025688024052334217,0.0025814903242673292,0.002722955238474564
976,0.0026760977126127497,0.0024657719159454903,0.0024701896077831673,0.0030390375839021906
977,0.0027944307858563445,0.0022973326019483497,0.0029465222537359836,0.0025690575680676355
978,0.0026492510217055436,0.0024772694138984535,0.0027820394618835935,0.0025755562430416308
979,0.0029298586484627913,0.00263731688163889,0.002310304219063893,0.002860736809177824
980,0.0025798657754240615,0.0027353033896385386,0.0023896007651820757,0.002666260695098189
981,0.0024262990380248374,0.002722202942127798,0.0024599180582334105,0.0025768484265960923
982,0.002637480275903003,0.0026581336356517244,0.002442001804723628,0.0028734227285487353
983,0.0028242978820901075,0.00237282194174212,0.002588227968740832,0.002363557908101656
984,0.0024865510206443613,0.0029262960445533386,0.0025328565316018715,0.00259916209341303
985,0.002819283684109299,0.002698662239245483,0.0024693138705285515,0.0026377016039550445
986,0.002675466931804573,0.002536373766696526,0.002338958613458635,0.0026983806332392555
987,0.002449999386539201,0.0027080420813714754,0.002778965506997535,0.002366788192351574
988,0.0028373018318589016,0.002774021332651131,0.002426613065693716,0.002556095727230136
989,0.0025338593121217437,0.0028784809497037684,0.0027985550244303005,0.0023666721671731245
990,0.002335784240025561,0.0031417380850765416,0.0026598935615725263,0.0023593257832947574
991,0.002537074877315101,0.0024936853080277507,0.0024984652872480414,0.0020469010033962063
992,0.002381011346467148,0.002446615475214997,0.0023323477220799603,0.0023396851783177696
993,0.002515987605644521,0.002558197801195282,0.002636861406612819,0.002394892107865872
994,0.0024624481087084553,0.0026424729801820565,0.0023376359592085874,0.0024616760965499394
995,0.002324298165698086,0.002214975665635534,0.0024760179253813454,0.0022460944176985174
996,0.002322719916661084,0.0026597751440836383,0.0026469153581845013,0.002371704111542393
997,0.002518785772375012,0.0026420524877474798,0.0023223975933658867,0.00208660736634373
998,0.002714688379323418,0.002342316614016313,0.0023503447874250287,0.002177334981807833
999,0.00261227266572899,0.00279721674163429,0.0022783004532613534,0.002382015544857363
1000,0.0023295582367599873,0.0025237419565883523,0.002087089571306862,0.0025538039380614717
1001,0.002392260343230205,0.0022054240455001485,0.0023478604424287406,0.002222110494478605
1002,0.0023385357599939155,0.002152123431529232,0.0020231041751197602,0.0019055053876478449
1003,0.002388546489722612,0.0023280347164132326,0.002320467765583566,0.002161446616059046
1004,0.0024275983523768785,0.0023722953560031336,0.002356104806913204,0.0021272726942714497
1005,0.00215000942291591,0.0022834884793368282,0.0022268021048905103,0.0021566335911062558
1006,0.0021845463356335994,0.0018148180102120534,0.0024744484636619484,0.0024564924596514404
1007,0.0023460087551734265,0.0016973149711543205,0.0025181183922174154,0.0020116992243414253
1008,0.002294973828253196,0.0021830495551654226,0.002018337724681942,0.001982734881307985
1009,0.0020927561798800135,0.0021107877056469717,0.002221544469050763,0.0019575623021897267
1010,0.002196982705683837,0.0022946323071398227,0.002393062728744584,0.0023165488883413843
1011,0.002176241519762887,0.002215274741662407,0.0021034619346645372,0.0019214133334405073
1012,0.0022876934994171825,0.0021378093437701795,0.0021348252406336735,0.002113358968010746
1013,0.0021789945658002964,0.002168747973288501,0.0019221929517978106,0.0022654293186158865
1014,0.002306581778121777,0.002570399656907432,0.0019467215562423423,0.0021142930495478256
1015,0.0022548467054761675,0.002196955893401091,0.0018262846198944822,0.001830440162509431
1016,0.0021553187090199736,0.002314236149436754,0.0020374159537544104,0.002089991000984232
1017,0.0022430350730000058,0.0017084770378278887,0.002021604216803739,0.001959007887503246
1018,0.002092542887182997,0.002151692722341302,0.002112530279335871,0.0018960058052346334
1019,0.002074651922690653,0.002181869562785715,0.0019647564106120567,0.0018784745577641326
1020,0.0020767478189863127,0.0021182410748847714,0.0017492465722328565,0.0019862857363989704
1021,0.002009465499960456,0.0023429263430542304,0.0016368292731619982,0.002025826743353209
1022,0.002210516698312851,0.002209172541847139,0.0022711618359282076,0.001717389665127891
1023,0.002138615568722736,0.0018047920657353572,0.0018698390038928215,0.00189203610944362
1024,0.00210562412269788,0.002265670240649408,0.0020300843169686624,0.0017987340446499196
1025,0.002030922912012391,0.0021383814618554636,0.0016894605251456612,0.001645535421293383
1026,0.0020138901253216584,0.001736746385788194,0.002195757590735959,0.0018093270633171535
1027,0.0020521579207742244,0.0023021092196552208,0.0017608954714674221,0.0016270133778442653
1028,0.0018364797963291548,0.002180419874638321,0.0018515229521044508,0.0018294668068094472
1029,0.0019512688761249293,0.001970501791403813,0.0018184080298333783,0.0021172674937740494
1030,0.0019101543428701724,0.001986471081853395,0.0018773634538859776,0.001574820351074329
1031,0.0017077321421732723,0.0020620695155117736,0.0018276916671953328,0.0017390887634959095
1032,0.001651093105026453,0.0018062942398640953,0.0019151249990068345,0.0016603114316133159
1033,0.0017656357352832932,0.001820134155710959,0.0018428853891414932,0.0019067463907650741
1034,0.0018581783574505694,0.001960302514156911,0.0018046677559284397,0.0017396545130772348
1035,0.0018145753018486647,0.0015460494449459814,0.0019087626321800458,0.0014516615198655724
1036,0.001746725794968483,0.002216970049311866,0.0018697751764512737,0.0014895873450857554
1037,0.0017311528245266107,0.0019296171762918687,0.0015490830711768055,0.0015422182647441818
1038,0.001916844028234843,0.0020990685991779624,0.0016922795337431667,0.0015028840287083934
1039,0.0019212824766279186,0.0017051810625092457,0.0016271494113329742,0.001692797537754562
1040,0.0016283630116862762,0.0015944599216309652,0.0017504244779455547,0.0017881328406750912
1041,0.0018143322537772942,0.00182776093805422,0.001508778885980676,0.001658516245317945
1042,0.0016960508740505808,0.0016920567038131024,0.0016103345097977864,0.0016889922350734542
1043,0.0016390541876344002,0.0017466894430950494,0.0014599058887632263,0.001580141816877654
1044,0.0016415113511486282,0.0015094041644145204,0.0017546589377138233,0.0016360825477230087
1045,0.0016771837936741646,0.0017651160128093007,0.0017158328122918048,0.0014999266508341608
1046,0.0016468632046561257,0.0016354094667727114,0.0017723535389494783,0.0016652214706826037
1047,0.0015759835244637938,0.001604674102395536,0.0017006701458794746,0.0015175136418841696
1048,0.0016964147995463528,0.0016651902833988807,0.0015530847380866458,0.0017059783124160008
1049,0.0016520600090955896,0.001674458887371675,0.001524296872799276,0.001704327621315263
1050,0.001606042687046864,0.00155604467371068,0.001665180308272409,0.0016446032555815636
1051,0.0016088989348694608,0.0016739517758845835,0.0013846120873476197,0.0013633817490752323
1052,0.0015418070377953724,0.0016421812159420318,0.001552066567914596,0.0014727760541834185
1053,0.0016810073547027379,0.0015734928243424243,0.0013791587120434235,0.001510129794376146
1054,0.0015712866925903135,0.0012880950067453813,0.0016449716680595535,0.001542319904927148
1055,0.0014535266919754313,0.0015551998163599904,0.0016758888264138449,0.0016082082595648083
1056,0.0014900004506341778,0.0015283072804048955,0.0013312496474267449,0.001290159740080101
1057,0.0015084915135480837,0.0014775256528864274,0.0013319680356373759,0.0014966349147660554
1058,0.0015318547888538358,0.0014988581147594867,0.0013247923579927556,0.0013971176799897828
1059,0.0015732092451515032,0.0014768035132435898,0.0014074324429745324,0.0013967757789873836
1060,0.0016871861247992241,0.0014805170047383239,0.0013590754865865718,0.00140700530180249
1061,0.0016380909438991533,0.001537342738681749,0.0013178178565546425,0.001509372484949427
1062,0.0013675030309076841,0.0014648310820302506,0.001596651533594989,0.0014611429129079614
1063,0.0014376033486709517,0.0015341532444233346,0.0014180460734742367,0.0015122689234817017
1064,0.0014967618101275164,0.0015635330753493235,0.0012967233263068802,0.001284961164869672
1065,0.0014805231742482275,0.0013213194251932552,0.001376642659607918,0.001412034093654561
1066,0.001380130545422046,0.0014483426065480946,0.0012762096087536056,0.0013210693715041213
1067,0.0014892794921308535,0.0013104444991740745,0.001377507660657075,0.0013172090342856194
1068,0.0015070998297882121,0.0013642441049190113,0.0012429788771698184,0.001429305881931601
1069,0.0014538706121337826,0.0014509772715503924,0.0013795980469050936,0.001541510570643293
1070,0.0012929153030293375,0.0014316027479326311,0.0014060127974020863,0.0013955089988422083
1071,0.0013285555544833736,0.0015684266262611804,0.0012184404167671504,0.0014501244351315388
1072,0.00132449920069062,0.001554617838702026,0.0014998615661678777,0.00148105159194652
1073,0.0014411091326032913,0.0014723786760568664,0.0014103435305470075,0.0014177428369473713
1074,0.001403038571203605,0.0014125478989491067,0.0013729349132081809,0.0012497826019674343
1075,0.0012688124040766211,0.0014432382235641142,0.0012671024572103859,0.0012930282460224527
1076,0.001341410341654876,0.0013720477077456329,0.001162200189663809,0.0012689836629083508
1077,0.001405462511501994,0.0013453682503317378,0.0012595131889807849,0.0011886595596968948
1078,0.0014314109835544008,0.0013457254138469065,0.001280847425939601,0.0011824456864069823
1079,0.0013312274457446176,0.0012558571245260496,0.0013015659833506058,0.0012247387230222247
1080,0.0013043295515434326,0.0012843500474273976,0.00122143164051061,0.0012777032031468535
1081,0.001172728069178332,0.001292846099264437,0.0010883856970825905,0.0011832773710287858
1082,0.0012809541181539891,0.001474450671054839,0.0013705045296369715,0.0011616691458968367
1083,0.0012319619189526205,0.001168132196619836,0.0012579099621683994,0.001229372688996479
1084,0.001246228886580335,0.0013193209883441824,0.0011715316955906447,0.001197000964140959
1085,0.0011809575710638003,0.001332368159238602,0.0013978892091303732,0.001032551802266848
1086,0.0012081431776969187,0.0012016205971070643,0.0010418231581972451,0.0010967412947775331
1087,0.0013484564209310284,0.0010838833135828085,0.0012386653427769597,0.0009490164284983594
1088,0.001223998222300849,0.0013143711810168171,0.0012726296976861018,0.0012192488586251235
1089,0.0012445375721154453,0.0011838858495118471,0.0012186610351218373,0.0012322621138696759
1090,0.0011662224980977106,0.0010689100780988548,0.001026714313478181,0.0010929299665228512
1091,0.0011850064527615285,0.0013855466488346417,0.0010787626418556672,0.0009995831341107495
1092,0.0011766445778571555,0.0011314110936164856,0.0011411832232384191,0.001120938215043628
1093,0.0012567299418486909,0.0012302910234531777,0.0009589534205320445,0.0011186152192783991
1094,0.001216484328085592,0.0012817102406217729,0.0008699065188825359,0.0010370839425986166
1095,0.0011108905035611526,0.0010807400476986167,0.0012399674737486428,0.0010656191622984445
1096,0.0011303365839556534,0.0012098319379348949,0.001049237188499286,0.001100828716521887
1097,0.00121723278260834,0.001117634180129855,0.0011258215826992133,0.0012239696074265057
1098,0.001051517208831015,0.0010892268724959097,0.0011065230689767452,0.001128591887302127
1099,0.0010793887840916884,0.0011981428512761278,0.0010186914312216768,0.0010156092696669977
1100,0.0009770376364332555,0.0011034140874014555,0.0011575238256204665,0.0009361231827520977
1101,0.0010916488055460398,0.0010163740537049964,0.0010614269660633815,0.0010146971439350223
1102,0.0011437022976640877,0.0010177598776612256,0.001102331419979201,0.0010900017466508411
1103,0.001245704388202767,0.0010523589326738646,0.0010605806191060455,0.00101479650920889
1104,0.0010104665215414834,0.0009953575099825695,0.0010220870293175337,0.0010357006983913652
1105,0.0009984421725850157,0.0012289285525411285,0.0009802176900441193,0.0011639067311680976
1106,0.001113754704209646,0.001123089082177259,0.0010652946214036916,0.0008951394422733685
1107,0.0011180582279659034,0.0010016668194657566,0.0010982286453510022,0.0010595314864404496
1108,0.0010341283369694463,0.0010758427940789318,0.000949777672400861,0.0009673010873875274
1109,0.0009495263047366887,0.0011971089976281196,0.0010995595358937107,0.0009634362334962938
1110,0.0010363984466364188,0.0008747916853108314,0.0010166204241628474,0.001057374085621497
1111,0.0010243700022985543,0.0010717670140236355,0.00104567954915233,0.0010361510892889563
1112,0.0010384352307907972,0.0011099436568766557,0.000987565618800711,0.0009330331513562877
1113,0.000986132156719439,0.0010510715987271844,0.0009572763051737488,0.001012162264101663
1114,0.001045652554086719,0.0009330668898459047,0.0010307004539064633,0.0009789907241431377
1115,0.0010279416275198435,0.0010363680489349153,0.000963019623145824,0.0009632969479309278
1116,0.0010373466662832959,0.0009003318710031816,0.0010754330709135682,0.0009501017939872742
1117,0.000977580300912738,0.0011198815776508626,0.0010787386593374328,0.0009790415758187817
1118,0.0009343982119078476,0.001086319883261796,0.000820468311685289,0.0010270295404088948
1119,0.000915511216254157,0.0010208577450668763,0.000942164894381917,0.0009385543065949204
1120,0.0009757042044669969,0.0009291814353901691,0.0010677875752069107,0.0010177508018807068
1121,0.0009420761134880052,0.0008470487410923821,0.0009842798750840393,0.0008658117601420643
1122,0.0009469440075940617,0.0009469059641501444,0.0009928030198580633,0.0008209343397602105
1123,0.0009403839773120945,0.0010048513554606479,0.0008966548047240833,0.0008314776175334966
1124,0.0008517387698001862,0.0008636327411567749,0.0009638479301406812,0.0008480895587644031
1125,0.0009783946687715438,0.0009362658897196349,0.0008280905902952722,0.0009085676068586443
1126,0.0010137278155179462,0.0009590001078973276,0.0009616464789445485,0.0010036945907645639
1127,0.0008668089412129811,0.0010338438191817366,0.0008370516058553692,0.0008274590982369406
1128,0.000866215070906797,0.0010152829218362026,0.0009255023804685938,0.000890892321420811
1129,0.0009308795450561156,0.00101733475708509,0.0008291918803206637,0.000925608727709879
1130,0.0008905569129362054,0.0009266084787393249,0.0007401065600809335,0.0009399548483016618
1131,0.0008402840127352604,0.0009823348571763291,0.000796150270971962,0.0007082956453436293
1132,0.0009506635124914745,0.0008659302330290901,0.0008062853689756986,0.0007960581275122975
1133,0.0009234521366266574,0.0009937477170967068,0.0009020774787151347,0.0008385667408967921
1134,0.0009677340766533607,0.0007948667314796605,0.0008789036883586763,0.0009006662618862046
1135,0.0009007867184192434,0.000769590387009561,0.0008947267021381911,0.0007471615837302577
1136,0.0009109723260468743,0.0008541957107500044,0.0007759204935300386,0.0007975401035433212
1137,0.0009530901893111848,0.0009059072560850638,0.0008072533089118083,0.0009060002636423316
1138,0.0008677387432362456,0.0008493344471956739,0.0009585851133947987,0.0007360451553812122
1139,0.0008529006783698797,0.00082663045338507,0.0008261558261613168,0.0008011985328592551
1140,0.0008729488654593169,0.000932662454655409,0.0008577716988518648,0.0007405172837308036
1141,0.0007545854619741379,0.0009397819497161648,0.0008080520350949257,0.0008373953803874283
1142,0.0008201908735085081,0.0008390656658039552,0.0008132113668571675,0.0008545966311635641
1143,0.0008458380226699692,0.0008741996225508634,0.000800469922449952,0.0007179841108097617
1144,0.0007977625423869728,0.0008109726216178079,0.0008942119293694592,0.0007286069506582923
1145,0.0008423878752952956,0.0008184500453751849,0.0007667473731533447,0.0008456615984348344
1146,0.0008031644298141275,0.0008149037144497831,0.0008977574962923787,0.0007872892870420713
1147,0.0008153749780915315,0.0007653518557998755,0.0007940936766608829,0.0007501794459598456
1148,0.0008578075896395086,0.000872039825665906,0.0006675411006075968,0.0007977284943620634
1149,0.0008533438763907895,0.0008104987130422194,0.0007467426735215656,0.000819021413278698
1150,0.0009052983444705004,0.00085733584501551,0.000701224165325778,0.0008237746537722189
1151,0.0007668185655133203,0.0007825086164390517,0.0007620480021359548,0.0007581767609559599
1152,0.0008152819386125719,0.0006277418521208153,0.0007383111566575881,0.0007342902814808681
1153,0.0008246823743267097,0.0006907522456071031,0.0006263108210287166,0.0006769949373310533
1154,0.0007574171414485298,0.000848716294001748,0.0006819557883374175,0.0007444487302128147
1155,0.0007801296223857678,0.0007713812852330192,0.0006327892198397891,0.0007870539322621668
1156,0.0007903325020772923,0.0007515485204788444,0.0007587997374375098,0.0005723920811557904
1157,0.0007453540598801391,0.0006510264002833683,0.0007954487987184429,0.0007969599274252078
1158,0.0007488527373072844,0.0006474155736734263,0.0007600196622933631,0.0006056410545296931
1159,0.0007675886184860923,0.0007550935534320001,0.0006708669171946171,0.0007344972751265948
1160,0.0006764191481216681,0.0008001101888146333,0.0006684211660187612,0.0007735451008847802
1161,0.0007274759172154837,0.0007217104341472807,0.0007025594242399099,0.0007178549100030061
1162,0.0007670840987303797,0.0006970794856269836,0.0007455304861635849,0.0007076177166260214
1163,0.0006844066602454123,0.0006098835592286049,0.0006600067652083025,0.0007060663617185798
1164,0.0007328058778169769,0.0008068645585235043,0.0007193113116120811,0.0006596898669241477
1165,0.0007185866499225736,0.0007982241060022241,0.0006318142089831529,0.0006366298455445507
1166,0.0007290828839885738,0.0007407666235690324,0.0006646757564436906,0.000577560527651812
1167,0.000669792655052833,0.0007081639120543107,0.0007370497762593243,0.0005908356146637277
1168,0.0006801681846093486,0.0006947824866193416,0.000659514217139769,0.0006006302744178235
1169,0.0006257363519651698,0.000780061474924292,0.0007221847199988267,0.000630822438867175
1170,0.0007355914601747897,0.0006406465537436355,0.0005605288205742346,0.0007220216992919013
1171,0.0006673027539641254,0.0007092566685764372,0.0006511489947820774,0.0006462953204789982
1172,0.0007193998877518479,0.0007171031784133717,0.0006477893945184742,0.0005847290717657706
1173,0.0006949181762294777,0.0006895133385342385,0.0006768293497775965,0.0006304809915791549
1174,0.0006898204218651481,0.0006642307997797584,0.0006807878936076574,0.0005751003123920437
1175,0.0006500446631367428,0.0007206232196822655,0.000682888051326854,0.0006298139473947713
1176,0.0006898427976380849,0.0007312983151488779,0.000660986226769766,0.0006035555197783992
1177,0.0006317006191928185,0.0007067956751461293,0.0006841626477260468,0.0006392187375509541
1178,0.0005912237644890417,0.0006553203878267834,0.0006357254659593894,0.0005598279075567247
1179,0.0007239568763076894,0.0006374675203158603,0.0005642368884620032,0.0006171328971203643
1180,0.0006665856942792894,0.0006895228003451473,0.000634118475899823,0.0005958444277276939
1181,0.0006280428947454047,0.0005770884620749371,0.0006297171149796458,0.0006370962432482756
1182,0.000654471413613547,0.0006307579259842462,0.0006647239951462968,0.0005744856855164042
1183,0.0006350829803954578,0.0005837130461141118,0.0006273095110142668,0.0006517579524938594
1184,0.0006513884478043632,0.0005381900962312072,0.0006059004811770302,0.0005327523150128418
1185,0.000627070335196459,0.0006507658702899227,0.0005825125929736112,0.0005424948741217464
1186,0.0006134355858560615,0.0007442954477988402,0.000663351483934579,0.0005791297128985408
1187,0.0006251989177741718,0.0005740067651895343,0.0005799971883417437,0.0006160628735726049
1188,0.0005697929952524618,0.0005361111321289301,0.0005674749769166176,0.000640856398502746
1189,0.0006092218607442512,0.0006304405919334146,0.000604578339206026,0.0006195771770431117
1190,0.0006337849976036971,0.0005947092874601966,0.0005248047206060529,0.0006201124706347299
1191,0.0005695207540727819,0.0005920240303293569,0.0005935224353329678,0.0005900076065253734
1192,0.0006032006740075007,0.000674978669788007,0.0005811400950893395,0.0006340342327449657
1193,0.0006061173034725214,0.0005722811808082944,0.0006398095413095051,0.000610165098170338
1194,0.0006099760796818497,0.0006879456943230689,0.0005892666013771708,0.000514397255327138
1195,0.000555843704406226,0.0005949276653770976,0.0005133788170534851,0.00047951480041183024
1196,0.0005721109790516942,0.0005905190578695458,0.0005294519113840708,0.0005340383818311068
1197,0.0005933277137000591,0.0005913365136680217,0.000597270817037008,0.0005719218168083105
1198,0.0005734713108314665,0.0005442161724149129,0.0005767835895107713,0.0005531551919611839
1199,0.0005701327232348697,0.0005016992712574662,0.0005541137834272867,0.00046890438255235
1200,0.0005824061498156805,0.0005635204893470933,0.0005128050439139982,0.00047038347746306095
1201,0.0005726404514270997,0.0006217595242340536,0.0005341047314268353,0.0005512023665723925
1202,0.0005187538463078502,0.0004677189369900009,0.0005722603924050496,0.0005130474186029556
1203,0.0005520458438522052,0.0004906097284482786,0.0005222735368991697,0.000521692772486053
1204,0.0005610160753763903,0.0005783927796851801,0.0005311495338499625,0.0004925731831386754
1205,0.0005165724961637067,0.0005286807066718614,0.0005653786916722667,0.0005476058606541067
1206,0.0005945890659559581,0.0005524130704294654,0.0005304001502194993,0.0005232221432738344
1207,0.0005658504136741139,0.0005445584187083175,0.0005893621444263219,0.0005277815626269573
1208,0.0005375626083725034,0.0005866968889872133,0.0006367444341372104,0.0005334976087503656
1209,0.0005324124065228198,0.0006043941738926256,0.00048539093950619836,0.000512350158674827
1210,0.0005678164444576474,0.0005380205700525737,0.0005081274465896278,0.0005286633790507991
1211,0.0005347420733860724,0.0004685941964171723,0.0005143817074821991,0.00048526559756804075
1212,0.0004977546959247194,0.0005962131656207626,0.0005028896685906853,0.0004947476846440199
1213,0.0005387765998769692,0.0005833944788357529,0.0005355900830384982,0.0004821292826198742
1214,0.0005420786864930272,0.0005103665861890027,0.0004544202225726674,0.0005049538481768639
1215,0.0005196061357960144,0.0004959660000212519,0.0004816058786494269,0.0004357364757174556
1216,0.0005030977145804917,0.0005018038924745944,0.0005571956913775794,0.00045280682912300765
1217,0.0004940724384210604,0.0005575600484611832,0.0005724071621110117,0.0005143348509780352
1218,0.0005160787312558367,0.00045489876133842413,0.0005034855570835929,0.0005130389680810729
1219,0.0004999490389494087,0.000516090689526405,0.0005020853411655679,0.0004129654000952127
1220,0.00045516089637455105,0.0005365622208845943,0.0004896232295931444,0.0004692499553014356
1221,0.0004999633476372007,0.0005282465850071685,0.0004909035999897949,0.0005294878906669145
1222,0.0004895715672421765,0.00044711130126928874,0.00044370104654414724,0.0004597455818837766
1223,0.0004889861608767785,0.00045696173677582755,0.00047508288332755275,0.0004789968394476787
1224,0.0005091222958365397,0.00046190099499759176,0.0004420933301995141,0.0005071611645000653
1225,0.00048107216795434735,0.0004689342801822912,0.0005288307588006216,0.0004109120598994077
1226,0.0004806269085281082,0.0005429257231648267,0.0004686030749697992,0.00043936727349492367
1227,0.00048549453001008714,0.0005536787263995497,0.00044498083988948146,0.0005348856955723076
1228,0.0005184553188019693,0.0004189207185785961,0.00046302855984948403,0.00043780505202291466
1229,0.00048040657401697784,0.0005014815044784914,0.000452073208737322,0.0004591190562420929
1230,0.0004769972106650262,0.0005133503422089762,0.0004580101842042265,0.0004092989054516629
1231,0.0004662902160920458,0.0004914908147598142,0.0004556024683689306,0.0004349841298268203
1232,0.0004349960727213676,0.0004758634588913375,0.00045167091894524286,0.00044928512609254185
1233,0.0004130752290958037,0.00046842776548368414,0.0004593462534931738,0.0004462654723906771
1234,0.0004997440071455811,0.00040458821150212457,0.0005130145873452327,0.0004665014620000423
1235,0.0004602377768153377,0.00045559459486894016,0.0004627593778824142,0.00044565465533081286
1236,0.00042095439565880874,0.00045643199954061036,0.00046095268983271904,0.000445029598924497
1237,0.00040236782709188765,0.0004606336961869443,0.00047465781462099427,0.0004486966136793749
1238,0.0004612397101555699,0.0004765925362365208,0.0005005816477674624,0.00041244636982228994
1239,0.000459996566326621,0.00044365524247913935,0.0005262376859779691,0.0004693777954263215
1240,0.0004725777325280769,0.0004397710922646905,0.0005250162696765732,0.0004132500018855366
1241,0.0004740927674465111,0.000390606630412156,0.00042157400438179373,0.0004305577040245271
1242,0.0004523965003448471,0.00046191104329297247,0.00043577419041741295,0.0004055892012568977
1243,0.0004383357365749468,0.0004483457571350796,0.0003963584001114944,0.00041886882862578195
1244,0.00045247117076896117,0.0003938888348964063,0.0004752430645605116,0.00042309642792355757
1245,0.0004533337686655094,0.00037400047433750226,0.000496189681722962,0.00042227060212194213
1246,0.0004478827891436148,0.00038146959248342517,0.00039892782795574724,0.00034984559444134716
1247,0.00042838067037676014,0.0004428314504832177,0.0004218225706533803,0.0004096696876565884
1248,0.0003984966057448769,0.00040519032443331635,0.00045564680128374544,0.00041461834446718455
1249,0.00044031810625332204,0.00043861049075327594,0.0004210309176117531,0.0003848646861291732
1250,0.00039835175072196427,0.00041940594484833583,0.0004030969127852338,0.00039018347476489965
1251,0.00038101756240780375,0.00040298884227839635,0.0004002469271861873,0.0003825257227630597
1252,0.00040486858861217925,0.00039841549117296704,0.00040673562445056534,0.00041125596463697465
1253,0.0004248299682017491,0.0004398187007090238,0.00040264918656313326,0.00037609173815269923
1254,0.00041303123165542543,0.00040094215066033837,0.0003610138894460342,0.0003682426367248895
1255,0.00042227887274472577,0.0003915128556933169,0.000407624491301,0.00039959346965245815
1256,0.0004256433134394395,0.00041511541313853133,0.00041360497419039364,0.00032600598183344433
1257,0.00039952011691828446,0.00040619928273679057,0.00036831169220592194,0.0003724227204303244
1258,0.0003988639211449536,0.00042488021115501566,0.0004565242712733788,0.00037612853884130473
1259,0.0004184466100564545,0.0004231269786862618,0.0003986698025958152,0.0003110887734735448
1260,0.0004046941977363963,0.00041454282246006886,0.00033661084434170115,0.00037602677651437023
1261,0.0003863115136857491,0.00041740019473811106,0.0004037829137374294,0.00039495617342438804
1262,0.0004124294619952326,0.0003500037840839551,0.0003878763442454941,0.0003333884366746803
1263,0.000395729590052357,0.00037423385316003206,0.0003773937842624411,0.0003180734218261903
1264,0.0004222989283340982,0.0003575676959745546,0.0003805617178493789,0.0004015047246095211
1265,0.00036837719508708426,0.0004091478849535702,0.00035535328701687824,0.000355694229690061
1266,0.00038721391694660775,0.00040234231642378315,0.0004058946371073388,0.0003414174307990244
1267,0.0003686048589063243,0.0004099311561837998,0.0004268043191213946,0.00035321622812549815
1268,0.0003459544761223116,0.00039957040361877975,0.00044366612963493983,0.00037426222195704003
1269,0.0004096360816215827,0.0004033486782020342,0.00036280424187377957,0.00032273169950107846
1270,0.000395586536611164,0.00039142579812998706,0.0004082671218159549,0.00033124444848252213
1271,0.00035859773949561947,0.0003931535126984189,0.0003863919129552564,0.0003356977538500787
1272,0.000410051090504663,0.00038943716637493056,0.000373449268882334,0.0003424364815146861
1273,0.0003685393492768693,0.00037579260837856607,0.00037003629702474526,0.000341216056701841
1274,0.00033448215650643605,0.00043323241724746165,0.000363173770078871,0.0003328807237817328
1275,0.00037700401747445505,0.00030526998970502745,0.00037107063385286883,0.00033917725777120214
1276,0.0003935980315097241,0.00037521307456010007,0.0003349587716724769,0.00038289924015188874
1277,0.00035902522999376656,0.00040394624074387907,0.0003575813258155367,0.0003726199838557099
1278,0.0003956507375443634,0.0003855225005001082,0.0003733696739579737,0.0003378848262366041
1279,0.0003561094970215769,0.0003519504202769388,0.00036929166837085676,0.0003331833878979512
1280,0.0003558084082044176,0.0003980004939267656,0.00029821825073566915,0.0003231856536969997
1281,0.00036197809188342133,0.00035218105241758077,0.0003880829519269859,0.0003280373196892813
1282,0.00035601831883949375,0.00036902162635318034,0.00029734260404567646,0.00033625976802798566
1283,0.0003606499069190209,0.00033098025784055547,0.0003867162222732858,0.0003292226198908245
1284,0.0003401014815127779,0.0003267151119118837,0.00035838630110010734,0.0003103768917587276
1285,0.0003538153723962394,0.0003561655681952472,0.0003317946804959525,0.00035831735957158245
1286,0.00034587655106029235,0.0003763128978980923,0.00031096432925642063,0.00032891089069443815
1287,0.00030820628204017355,0.00031531616078801984,0.00038056780769579556,0.00031529475965919555
1288,0.0003316420014220463,0.0003705715334220545,0.00034300958654498567,0.0003042690338208779
1289,0.0003548955632782033,0.0003350553785115223,0.0003595334169995513,0.00030877620257308664
1290,0.00033660747804107374,0.0003321790557943759,0.0003400565148418864,0.0003320015136131262
1291,0.00031856034025690085,0.0003638376160637459,0.0003112257368771919,0.0003259844960943708
1292,0.00034371668635927994,0.0003418253638709204,0.0003809688853328608,0.0002943531712050918
1293,0.0003579334004886675,0.0003196762610311468,0.0003873411842400973,0.00029334674259416026
1294,0.0003497388553782518,0.0003577197481186519,0.00036035970793164493,0.00030652655653839854
1295,0.0003224355456852604,0.0003488515725835794,0.00032850895807352067,0.00031636989176763575
1296,0.00031734010328083944,0.0003119562451882055,0.0003266618392168013,0.00026427146476411647
1297,0.0003138595759347109,0.0003359056905067311,0.00035951602098068295,0.00032130614951016953
1298,0.00034605507126506173,0.0003253547454006722,0.00037308682393768556,0.0003289336113829116
1299,0.00031671909232470607,0.00031771186222921504,0.0003316260354819809,0.00030384777775684715
1300,0.00035234498505862434,0.00030688881053030385,0.0003266097266243019,0.00033340998146303655
1301,0.0003048923559190814,0.0003289893332933036,0.00030750474776515183,0.0003021687803484798
1302,0.0003125168377428469,0.00036627807583285615,0.0003479430550737548,0.000310468722756164
1303,0.0003186282618986811,0.00036974051724891934,0.00032678111037944587,0.0002683965157028184
1304,0.0002924176204912519,0.00036242348011587594,0.0003131866763573294,0.00026488238781382785
1305,0.00031324580538758776,0.0003695894523829475,0.000318063121363109,0.0003075820465361398
1306,0.00031001709427562474,0.0003360270574352784,0.00030295254483099607,0.0003109260718809994
1307,0.00033390672246172773,0.0003089338166637854,0.0003014349625478957,0.0002808316405966781
1308,0.0003098029860843334,0.00034232393543772447,0.000326928010077385,0.00026113141298067733
1309,0.00029572146953709696,0.00027398982804627134,0.0002489705609394791,0.0002680753818696351
1310,0.00028664134938616564,0.0002948125089134547,0.0002961822921803691,0.00026541127131885064
1311,0.0003117462619755979,0.00031133491371398194,0.00028751994764499136,0.000289888932958701
1312,0.00031949545172879883,0.000350656999318956,0.00032248863659550397,0.00026748217942652484
1313,0.0003390601885080839,0.0002948068108184973,0.0003467321017128487,0.00030333873421871675
1314,0.00031310507381532575,0.0002713066136482931,0.0003042508359710653,0.0003328718589299557
1315,0.00031126533300586314,0.00034062570258342953,0.0002992874923181516,0.0002766030304658943
1316,0.000313061447888934,0.0002594520442829604,0.0003173407617911879,0.00026719197250458344
1317,0.00028769947852216117,0.00030695039541603217,0.0003192473301514804,0.0002624824558575937
1318,0.0002705526819493569,0.0003075701780625939,0.0003096122871068207,0.000242875388130041
1319,0.0003160617975103445,0.00030255935177774944,0.00034029065890497776,0.00024783201415915786
1320,0.00030444923386786164,0.00030777304829461116,0.00031211171633104364,0.0003061804935060371
1321,0.0003018951769604512,0.0002962672692391202,0.00027355623440650115,0.0002709539920326052
1322,0.0002949658804410141,0.0003035338116795386,0.00028136414093111155,0.00029742736173940884
1323,0.0002872208181021439,0.0003024345396161674,0.0003082408903644896,0.0002784039567819135
1324,0.0002753838751274797,0.0003161367646179244,0.00030760573963516715,0.00026256031436237034
1325,0.00029760774570073393,0.00026861421409953555,0.0002577110769101814,0.00028257980203046107
1326,0.0002796699331688706,0.0003126910870098272,0.0002732352427789131,0.00024959473205957784
1327,0.000306524167217055,0.00028295760173089587,0.0003030530050415514,0.0002504686206283391
1328,0.00024314061096328716,0.0002840916931459649,0.00028650668162611624,0.00028972299039273046
1329,0.00026919858844914223,0.0002781103085859904,0.00029173699073078844,0.0002618808791312217
1330,0.00027808747621016017,0.0002884503822364978,0.00030006147989393,0.0002468445959952151
1331,0.0002975454091833077,0.0002884715165213586,0.00027343409359337955,0.0002488304732232119
1332,0.00027291665042314053,0.00025944696518885623,0.00031849454121587084,0.000278838363705265
1333,0.00027805369379059133,0.00029094468965786864,0.00027486714640887475,0.00024192276269404417
1334,0.0002737390343911248,0.0003065846383222198,0.00027511319662987585,0.00025158109438003934
1335,0.0002668683203870765,0.00027470187263298104,0.0002527549011206971,0.00023829563756770498
1336,0.00026124850299415295,0.00029038167503098834,0.0002627434765786551,0.0002936857764153138
1337,0.0002704567893119187,0.00026091927435113125,0.000261345012747106,0.00027422659215991233
1338,0.00028353902898728205,0.00031642904346134364,0.0002902864954588645,0.0002788076315560897
1339,0.0002723437677938378,0.0002680972771828136,0.00026672040678756026,0.00030146652164278763
1340,0.00028566685429161636,0.00031430995989513633,0.00025505527578998424,0.00025800481487388104
1341,0.000290223014472158,0.00024389801286111215,0.00026737676795581206,0.00027053195599765513
1342,0.0002729991980861794,0.00026203906442557863,0.00028705949000103854,0.00024929374233385697
1343,0.0002847430272292514,0.00027968575254637624,0.00027740763691322704,0.00026350642374808956
1344,0.00024882022241957795,0.0002835826384148047,0.00026165082625764655,0.00025113244235412923
1345,0.000248916997790324,0.00028263957947138006,0.0002594127555498332,0.00023213646635915672
1346,0.00025591920637807887,0.00024309046623428944,0.0002707849635755017,0.0002664652267412152
1347,0.00024562380442354697,0.0002503073506201665,0.00028969967409764585,0.00024751443621474803
1348,0.00026727120114470855,0.00024421968071598776,0.0002659771578387715,0.00023055564735382627
1349,0.0002759525712711382,0.0002530123207609704,0.00027572747825986153,0.0002443320239933563
1350,0.0002502395688633332,0.00024580099777490085,0.0003102347690769082,0.00023307774029378235
1351,0.00026474060557260195,0.00025059374406145163,0.0002563573823670426,0.00025034640193592235
1352,0.0002437752688786003,0.0002545189290505673,0.00026140043301353904,0.00021033628572596653
1353,0.00023513449594907252,0.0002510686503270832,0.0002866652306303428,0.00024058752874746788
1354,0.0002498908994366661,0.0002575350280258087,0.000269808632015252,0.00022699278784509138
1355,0.00028463008195046705,0.00028825177695292865,0.0002674009356542558,0.00024272871078523815
1356,0.00024972561505023444,0.0002736004692575964,0.0002534859938289408,0.00023823990005393105
1357,0.00024825847054977146,0.0002528520143045334,0.0002916230045269029,0.000263875477940212
1358,0.0002489443855826587,0.00024606919089376544,0.00025352027684591547,0.00024817853412577973
1359,0.00024718249255613594,0.0002516386659128082,0.0002850717866858062,0.0001990017843343457
1360,0.00023939841103182992,0.0002615341462294399,0.0002616915367234373,0.00022603999666427884
1361,0.00024124159199393565,0.0002461688951247871,0.00026281957421227123,0.00021969522080202486
1362,0.0002507773649637953,0.00027925134032443394,0.0002394236630371345,0.00021031266923629392
1363,0.00026089976277772183,0.00024137414434660895,0.00024131625262223188,0.00023181365389917595
1364,0.00021609406879794882,0.00023062138594998416,0.00027618011271273205,0.0002415073496058918
1365,0.0002449871972725215,0.00026105988889629057,0.00024395314071403207,0.0002450172771543837
1366,0.00022607412802129795,0.0002618774790661839,0.00024054524053531632,0.00022444212924916385
1367,0.00025207221829368423,0.00022648630845880583,0.00022200728639405607,0.00023981093166642505
1368,0.00023853563231671568,0.00021979931163844968,0.0002498619941629644,0.00019984458009381063
1369,0.00023860740776647423,0.00024341930623511388,0.000235263810917142,0.00021461183093185774
1370,0.00022847626674379591,0.00022771800000322818,0.00026082548507490614,0.0002447691065382045
1371,0.0002322256327979664,0.00022136772062756729,0.00023374659518361591,0.00020153341220653293
1372,0.0002468010778827914,0.00022802866783436102,0.0002554171920865004,0.00023655631501484992
1373,0.00023465878017590126,0.00024119201323185508,0.00025234686134295624,0.00022946838552928849
1374,0.0002322079385513717,0.0002337343989574986,0.00024054336292260827,0.00023024992732261832
1375,0.00022068357142062235,0.0002453471413113085,0.00023062482740968286,0.00020683106108067135
1376,0.00021927797308055836,0.0002818234181996688,0.00023792012823900877,0.00019126368249571056
1377,0.0002219851290478146,0.00026444405166404925,0.00024363750803951418,0.0002092919326023777
1378,0.00023827711798422532,0.00023616628703003397,0.0002025928321284046,0.00021228316365899148
1379,0.0002217040186666932,0.0002432811701012781,0.0002316790736575099,0.0002204225063828728
1380,0.00022813609070710276,0.00022722982472517036,0.00026101732149280167,0.00022187877096420985
1381,0.00021340506027604463,0.0002488114763953114,0.0002373462565222944,0.0002094398052061617
1382,0.0002246705654008464,0.00023422047126341622,0.0002158731051726564,0.0002371629595252116
1383,0.00022858670686608148,0.00024182823434265864,0.0002549327876355621,0.00021451546646303975
1384,0.00021896414523734224,0.00022245451483419738,0.00023689521061321476,0.0002040067821600904
1385,0.00022596576185346154,0.00021365916629091327,0.00022319024624171166,0.00021442958973017003
1386,0.00021791370991317712,0.0002262964212885648,0.00024448821244847717,0.00021442690181590728
1387,0.00021883452809048088,0.00019767836735129257,0.0002091220257186241,0.0002217609170442585
1388,0.0002186913399780331,0.00022644541096468918,0.00023232238211343768,0.00021569376119494422
1389,0.00021601624865997849,0.00020811301612389113,0.00022833316136738085,0.0001963714570921735
1390,0.00023153758975779406,0.00021099435796825732,0.00020952395372234522,0.00021741457218843645
1391,0.00022573906632733553,0.00023701253512480895,0.00022241585304201664,0.000201799032412311
1392,0.00022641511336437233,0.0002397971707957091,0.00023629554165292146,0.00020097376790065362
1393,0.00022979015081920511,0.0002386122324112974,0.00022966201985432155,0.00022134920392915646
1394,0.00021960005531644036,0.00019426335754171736,0.00021282967629387265,0.00019650050150469975
1395,0.00021929692240944582,0.0002287631235752506,0.00020190663419766846,0.0001957414332576717
1396,0.0002305685960045354,0.00023030071641659373,0.00021499576351745298,0.0002136912277156333
1397,0.00022135931474286048,0.00019028148087954527,0.00023351177604172637,0.00019922638503929943
1398,0.00022235139156846334,0.00023632445479605829,0.0002090105053729392,0.000204068103268038
1399,0.00020375266436893925,0.00023029086549286663,0.00022164226485984521,0.00020207192217217492
1400,0.000212208997381872,0.00021240667036373837,0.00022890329458727306,0.00019164466062064994
1401,0.00021098498212402382,0.00020430998995000038,0.00022649574566048147,0.00019271598992470738
1402,0.00019893466567459843,0.00022472806162360227,0.00022647382214668768,0.000187321092199558
1403,0.00020441944141473916,0.0002217193622621322,0.0002383552752112599,0.00018627320766609088
1404,0.00020764868121453213,0.00020488809716828383,0.00023529532795750783,0.00021161687070941448
1405,0.00020298681187423787,0.00020318579790627993,0.00022360852893236278,0.0002018981867195205
1406,0.00019009466781875516,0.00021025606126749054,0.00020810747550607429,0.00021496056570479097
1407,0.00019052153550780048,0.0001983227490353007,0.00023603135210037586,0.0001783170080559106
1408,0.00021028867015329607,0.00018858883906822108,0.00020102786501789499,0.000175606998379213
1409,0.00020863721842213649,0.00021854725116285544,0.00020766457369299747,0.0001894051227743869
1410,0.00020075628734772904,0.00023040594772575076,0.0002385022446837684,0.0001713026413108662
1411,0.00020349375622582926,0.00022618292704514823,0.00021606645993847817,0.00018651432431665153
1412,0.00020148103271001237,0.00021353564371993418,0.00021951969732616268,0.00018599682473595437
1413,0.00019380259324882805,0.00020057518038206682,0.0002164809973868138,0.00020611137989993026
1414,0.0002035866328630009,0.00020979734474134057,0.00022641324950005944,0.00019284419467397124
1415,0.00019810294144104664,0.00023400148940224777,0.00022079036747142043,0.00017465611927715822
1416,0.0001952195741140834,0.00020400441703397027,0.00022108020930424897,0.00018523514233678942
1417,0.00018550728965031457,0.00021828250567604705,0.00020107332632160262,0.00017763379404987158
1418,0.0002075262360346791,0.00022553033327445127,0.00021288991718212898,0.0002034574268041094
1419,0.00019671965687522317,0.00019956761260218398,0.00020638225189362428,0.00018715380735716044
1420,0.00019406417649700186,0.000224118180673254,0.00020275415306906714,0.00018051881207429887
1421,0.0001983377002286907,0.0001940273028092244,0.0001819753077369213,0.0001658010990020667
1422,0.00019087912530225972,0.00020296088913799334,0.00019142296065251943,0.00017983150832739085
1423,0.0001985155494129319,0.00019140752255230025,0.00020693485105757755,0.00017839282437051118
1424,0.00017925322491640504,0.00021894887176427156,0.00021348971331224367,0.00018325068238751106
1425,0.0002019575226082597,0.00019153291871378518,0.00019017788969185326,0.00017445662463919573
1426,0.0001842657391613283,0.0002087297669260298,0.00019572881210109136,0.00017461207941111653
1427,0.00020493641837367267,0.00020720208755565841,0.00019208390876973333,0.0001868079742519744
1428,0.0001851580515255158,0.0002083020944273956,0.00020698587455440724,0.00017546398238259744
1429,0.00020968838787891757,0.0002000748226078488,0.0002095346355556356,0.0001800656515070982
1430,0.0001883065287357381,0.00018130890529678698,0.00020761814333061503,0.00015960192952780975
1431,0.00018898460011775462,0.00019340127423193311,0.0002233273463911454,0.00018791674099120556
1432,0.00018857352709459528,0.00018201239722996046,0.0001893435994078844,0.00018046024755505823
1433,0.00018396202616689504,0.00022704980245029344,0.00020929200896078058,0.00017175067318794598
1434,0.00018372843786227636,0.00019942034507831237,0.00019938484791954872,0.000157501875267203
1435,0.0001844595125293043,0.00019533361074371112,0.00018863939767925869,0.00017858004916558083
1436,0.00019577083086298104,0.00022225701891761952,0.00019580901486097174,0.0001696846109198168
1437,0.0001740918804603165,0.00018421486485253977,0.0002166549608358727,0.0002030690625110075
1438,0.00018719668101020527,0.00021392974223555006,0.00019360307107241844,0.00019010713252950686
1439,0.0001939869702125919,0.00019618808077912867,0.00020947629953925028,0.00016651752355635537
1440,0.00018953017567299615,0.00020043810318470136,0.00019972266991795978,0.00015299978961420024
1441,0.00020511934221315216,0.00018262121962948438,0.00021660628754932118,0.00017906508574448745
1442,0.00019172008726584132,0.00018392959903403437,0.00019949320211678525,0.00015880155282954188
1443,0.00017792954984513498,0.0001909982419035878,0.0002033763605268209,0.0001750481735364783
1444,0.00019409541933331452,0.00019549134555195432,0.00019114011748448694,0.00018460361845371086
1445,0.00018832236084335906,0.00018126630082727663,0.00020603732303521854,0.00016104199092192295
1446,0.00018893169645330164,0.00019519184651794382,0.00018762437727891753,0.00017675948540214748
1447,0.00018061202898035089,0.00019230941844958004,0.00020195503109466623,0.0001643967478533906
1448,0.00018166245353356834,0.0001983028192980229,0.0002131844191172246,0.00016096014508420014
1449,0.00017790917244130144,0.00018744226128326812,0.00018489647022701275,0.00017571927560062507
1450,0.00017932221177695284,0.00018120445793687873,0.00019555242962642373,0.000163479627217331
1451,0.0001870849479340822,0.0001666837193769761,0.00018832988645700968,0.00019830583532429394
1452,0.00018742109176699183,0.00016874557484014715,0.00018639332173260006,0.0001493742753731573
1453,0.0001844131371680382,0.00019388112719648167,0.00018868007911965732,0.0001749778543050087
1454,0.0001766337611816646,0.00018028273962667702,0.00020829514598869807,0.00017701251024155955
1455,0.00016535852988764052,0.00017138249175784338,0.00016752903800484244,0.00015559943930208166
1456,0.00016408168781147594,0.00018380883269814938,0.00019135131248652917,0.00016019137204954564
1457,0.000183100496186108,0.00018469362712601406,0.00018257622882267887,0.00015763398206538497
1458,0.00016940449626389392,0.00017114886152642947,0.000166966778105469,0.00015563825378717413
1459,0.00017566639675400513,0.00018504351221509057,0.0001872754816475235,0.00016718898955624833
1460,0.0001811189966150094,0.0001926156723045005,0.0001976664995219124,0.00015479875668759045
1461,0.00017879661509361696,0.00018978161965439394,0.00017509197595011407,0.00016564417634550732
1462,0.00018849332288911567,0.00018696407048694706,0.0001654782884945312,0.0001564050141299172
1463,0.00017780287385014295,0.00018118136767726676,0.00017953079478007637,0.00014614995768321895
1464,0.0001860217140340963,0.0001774655488958873,0.00018238812879281516,0.00017820937648954166
1465,0.00017554729169123745,0.0001674146714630697,0.00019356564334825486,0.00016268583995708572
1466,0.00017294112388302523,0.00017340514036282963,0.00017820702676724247,0.00017187409925112465
1467,0.00016512763094797802,0.00018216479052137128,0.00017277422666530498,0.0001705206091854491
1468,0.0001732551712926867,0.0001744239253053031,0.00019078006194957282,0.00016510510518694035
1469,0.00017640579176387078,0.00018761942162838323,0.00018289679509411912,0.00015848736743759675
1470,0.00017521555046504344,0.0001769348928961118,0.0001736784035893852,0.000167939755690616
1471,0.00016237672706732517,0.00018831774649680317,0.00016812493789163953,0.00016789298759751857
1472,0.00016449478779526717,0.00018330397375687172,0.0001848745895037354,0.00017393932741975224
1473,0.000169314246520134,0.00019045816862625812,0.00018839465525037505,0.00016175773686520398
1474,0.00017314790047713151,0.00017874881006930347,0.00018392445946835377,0.000168032988262799
1475,0.0001627130675767812,0.0001610593311775105,0.00017551210734562852,0.0001532425273426859
1476,0.00016187485511962304,0.00018453967509951655,0.00017681222277522826,0.000163340692186117
1477,0.00016040142155076203,0.00018435527964400764,0.00017845083974924646,0.0001681654244463039
1478,0.00016169173733667175,0.00016869707527702307,0.00016628140685313116,0.00015499731263490525
1479,0.00016245715507721978,0.00016525119901368844,0.0001853455118235345,0.00015786583968769406
1480,0.00016576819052849267,0.00016973461834648672,0.0001839222439053212,0.00016162041881068732
1481,0.0001611928861058637,0.00018030913561162997,0.00017088747343777297,0.00015630393152064932
1482,0.00015860092275241908,0.00016755887917262313,0.00015647765114885765,0.00015794343567425618
1483,0.00016102577141550377,0.00017337764666521744,0.00019299162030489872,0.00014316775109832845
1484,0.00016790036984552656,0.0001764648451808303,0.0001857593627871744,0.00015631776226262515
1485,0.0001617286937370637,0.00018012216245361773,0.00016713309700640814,0.0001702880769635653
1486,0.00016332325836564574,0.00017970682972840644,0.00019591031220886197,0.00014393787131487365
1487,0.00015818542184159684,0.000171699422694831,0.00019249654952429308,0.00014997585072903458
1488,0.00015876937474593766,0.00016645556228046758,0.00017284614634518778,0.00017083503533350656
1489,0.00015855450399084733,0.00016656621027439497,0.0001606811801167234,0.00015150250129712705
1490,0.0001529187756631546,0.00017782157536190037,0.00017256641803139146,0.00014727799701642327
1491,0.00016219536093598795,0.0001611502075432525,0.00017247043104979474,0.00014884765590179202
1492,0.00015175153930029435,0.00017663193832204635,0.0001625039162416163,0.0001458185721074774
1493,0.00016972202435056605,0.0001764435129887383,0.00016430162026028543,0.00014971577810863777
1494,0.0001630678873028949,0.0001511121063776608,0.00017650729061932584,0.00014155311704062016
1495,0.00015882492231607528,0.00016481281916244498,0.00017483520503630223,0.00016349312821466744
1496,0.00015973440365596317,0.00016959025374860354,0.00016379652622738845,0.00015177545104277658
1497,0.00016357352942189491,0.00015776000236557159,0.00017763219418870648,0.0001583490317609573
1498,0.0001599620818086237,0.00016575286952270101,0.0001804011559925768,0.00014021759966456336
1499,0.00015464084889016023,0.00016499400423939208,0.0001664694222655987,0.00014643113295429686
1500,0.00015125782659607416,0.00016350942651919162,0.00016696311963005324,0.00013790599019245672
1501,0.00015693817257683492,0.00016261520184963947,0.00016600576764241092,0.00014508796283616972
1502,0.0001642308808310085,0.00014698352010108595,0.00017078500628580007,0.00014192905270523878
1503,0.00015177474927173602,0.00016806695422458813,0.0001635417762330502,0.00014216942096685189
1504,0.0001580405242104911,0.00016358714813327,0.0001857557490747084,0.00015161416242127963
1505,0.00015352908661640636,0.00016176825441000978,0.00017070624078208455,0.00014852566022079038
1506,0.00016468827504224567,0.00015730379194543078,0.00016461914184814615,0.0001504142376236153
1507,0.0001531005421082642,0.00017110546504048836,0.00017072157868927408,0.00013759965429441273
1508,0.00015365488100432839,0.00016337126226124104,0.0001660568866108272,0.00014443742561876874
1509,0.00015234633169552,0.0001629316519869224,0.00016531788211571454,0.00014642736952114586
1510,0.00015457242724232844,0.00015468057629654375,0.00016060607955763022,0.00015038494135116782
1511,0.00015881926703511053,0.00016255699703403244,0.0001661638168867205,0.00013666084651808936
1512,0.00014935780007982252,0.00016502530054423036,0.00016985649649445134,0.00014173765499600482
1513,0.00015321063512898812,0.0001729043749168319,0.00016985804449940598,0.00014840139093667422
1514,0.00014134582291398296,0.00015627816185110366,0.00016486043249446078,0.0001521233395612957
1515,0.00015915675814133907,0.00015597895149377041,0.00015751922096122337,0.00014744673178975853
1516,0.00015450768959630656,0.00015768520633369337,0.00015639470800903909,0.00013997154195399605
1517,0.0001543364194398683,0.00016523837920802745,0.0001642487976216113,0.00014177566754233146
1518,0.00014911905321246172,0.00016181451056564925,0.00016145223824975703,0.00015326967550312862
1519,0.0001578405865321666,0.00016573512721971916,0.00015818899151924984,0.00014497314395376184
1520,0.00015748862259996597,0.0001520882858595676,0.00016722234617775933,0.00013710112740406865
1521,0.00015036695086416107,0.00016132801657602568,0.0001581516225427848,0.00013871370399918257
1522,0.00015206966801310342,0.0001698044003196501,0.00016430181244006634,0.00014708627654722197
1523,0.00014484878772998093,0.0001662234562519581,0.00018503555099685077,0.00014367722040571488
1524,0.00015051292557491456,0.00016138313527768925,0.00016350039288266538,0.00013922617488609483
1525,0.000150257594385424,0.00015556968018661088,0.0001545856078302722,0.00014114060623984166
1526,0.00014944596365394546,0.00015337752668032742,0.0001467387838893891,0.00014593798161766132
1527,0.0001407937223681177,0.00015630849621023655,0.00016441654127223295,0.00014760673378822386
1528,0.00014272611119701056,0.00016322711753038077,0.00016160073276792706,0.00013384975992770986
1529,0.00015068985853930448,0.00015331087005442692,0.0001774430801698242,0.00013568753748692563
1530,0.00014939962371352187,0.00014131115815701654,0.00016587654115940588,0.00014167788046056358
1531,0.00014200324847512782,0.00014843069291180843,0.00015356157452890107,0.00014404192942726654
1532,0.00015184144914637891,0.00013899863840229724,0.00015971544537625278,0.0001323577765657229
1533,0.00014626322335369653,0.00015849590180956393,0.00016935801559731526,0.00013990199263614643
1534,0.00014469848347982268,0.0001595899316279393,0.0001581933636680384,0.00012994854844407182
1535,0.000142815218662899,0.00015127866105488745,0.00015667275425755852,0.0001371359442265696
1536,0.00015007216550491634,0.00015385365470398682,0.0001592892608213021,0.0001479505173067169
1537,0.00013692077574306146,0.0001458731564213395,0.00015626238127215906,0.00014175252020276775
1538,0.000139613645263807,0.00015311274696290424,0.00015486417718967214,0.00014159982574683371
1539,0.00015494317389303614,0.00015152181279728174,0.00014749309850966075,0.00014213768404341677
1540,0.0001412687935570976,0.00014533991447528212,0.00015928539201928604,0.00013066185271096037
1541,0.00013996314538826667,0.00014750782244052232,0.00015462584926746625,0.0001334626478117959
1542,0.00013199999495899924,0.00014250821610813064,0.00016430634958482636,0.00013418161415933052
1543,0.00014483510042954703,0.00015110135228122183,0.00016329008318416752,0.0001268381492765309
1544,0.0001408157421389282,0.00016252903535595277,0.0001591090625493359,0.0001430754945289142
1545,0.00015318698687662575,0.00014386559648643841,0.0001582757304310049,0.00013015239793763716
1546,0.00014299847175926127,0.0001587710417927144,0.00015336742128386154,0.00014059346724975113
1547,0.00013839282087651226,0.00015360846334238083,0.0001648799387935198,0.00013298550606582118
1548,0.000142124725772575,0.00015681460484623697,0.0001551381885312657,0.00013293264914642977
1549,0.00014046136055537043,0.00015334353820360577,0.0001566346918350864,0.00014256847148187568
1550,0.00013655767108489408,0.00014830172001212676,0.00015254469004353095,0.00012576676892087676
1551,0.00013844819495727566,0.0001535461332706924,0.00015245935949960776,0.0001336229955084027
1552,0.00014027365072289216,0.00014505820738282683,0.0001691400287931593,0.00013061916131180092
1553,0.0001419521527551459,0.0001415602018901277,0.00015977179073328542,0.00013298243690883324
1554,0.0001386600613033982,0.0001495559793336633,0.0001435347499768784,0.00011961250885511579
1555,0.00013590958569244312,0.00015330168095835104,0.00015216681491819683,0.00012799891301986752
1556,0.0001346702838922096,0.00014774116023535012,0.00015784337860282722,0.00012546093407492682
1557,0.00013685942120475605,0.00015262722568575455,0.00014602989284987218,0.00013711590439355735
1558,0.00013794628799252104,0.00014580091596415245,0.00014428125715495318,0.00013070251780552213
1559,0.00013218872049786438,0.00014373078453533005,0.00014613620920276793,0.00012881379949750742
1560,0.00013792868874412214,0.00013918993832050182,0.00014163909227370093,0.00013295979622023957
1561,0.00014159405242209188,0.00015002054489331165,0.00014923608842683654,0.00013568669682338232
1562,0.00013646233566112033,0.00013935118428188648,0.00015422484230033715,0.00013418461291997186
1563,0.0001329486308127801,0.00014628200110421402,0.00015081281948497253,0.0001401939007639725
1564,0.0001349876806661365,0.00013677872918360342,0.0001463020858983064,0.00013478472135494606
1565,0.0001377157822342998,0.00013009372604658775,0.0001612980674816538,0.00012731034773576369
1566,0.0001334828789816301,0.00015245867720905116,0.00015043765199647128,0.0001294051142857387
1567,0.00013858839488899068,0.00014443479553992103,0.00014800813148697223,0.00012924254895669977
1568,0.0001355717241849958,0.0001403807927257536,0.00013980213121523146,0.00013281059596805737
1569,0.0001335593606668845,0.00014272834499746883,0.0001483997167647325,0.00012568091529667293
1570,0.0001349236369606783,0.00013240429840856812,0.00014606202714215877,0.00012629574633004498
1571,0.00013430273990613817,0.00015269976234352618,0.00014600976173056863,0.00011948448431727492
1572,0.0001357671015629603,0.00013700413235348617,0.00014082895258892117,0.00012142668281706825
1573,0.00014055514132505328,0.00013568169363983848,0.0001519135066813006,0.00012972144224792346
1574,0.0001331948819175254,0.00014137060650851521,0.00015081712690507342,0.00012002076242556346
1575,0.0001296955223606679,0.00014775625342353856,0.0001397364874630659,0.000126821411246513
1576,0.00012990737974432826,0.00013901968731026563,0.0001472649442522344,0.00012164669069626764
1577,0.0001370914476345811,0.00014024323170964506,0.00015120687841425694,0.00012937184923816043
1578,0.0001393401437414014,0.00014114975501231715,0.00014433374835665528,0.0001199761105026826
1579,0.00013369892395320148,0.00013701347272646668,0.00014666970708743915,0.00012694080612434629
1580,0.0001303749766661776,0.00013927798493854182,0.0001405303917022227,0.00013094286581872655
1581,0.00013291585813008364,0.0001314107079255836,0.0001436531799137665,0.00012484768347598358
1582,0.0001319335312727962,0.00014073085151781686,0.0001405203960595532,0.00012753260945351733
1583,0.00013385749064562764,0.0001451339120435808,0.00015040463963427537,0.00012681777632070484
1584,0.00013587953884322331,0.00013255111032411547,0.0001507792845268383,0.00012649599760485068
1585,0.00012302364813283494,0.00013320807388699998,0.00015284712444998906,0.0001345657636391763
1586,0.00012938310628731408,0.0001328450454578008,0.0001462117195069626,0.00012131752059678511
1587,0.0001337157188111345,0.00014105441284910201,0.00015115426136225058,0.00012682147674079446
1588,0.00013614739451829334,0.00014085851192176385,0.00015027458695036466,0.0001326369999997343
1589,0.00013428933704621944,0.000138072092294813,0.000150296660623163,0.00012567937701605394
1590,0.00012898461662196422,0.00013824645014194305,0.00014907672731901637,0.0001296468188616689
1591,0.0001374380509169403,0.0001346102156212692,0.00014448502311226356,0.00012168835677217481
1592,0.0001244326219588359,0.00013461053008323408,0.00014982045062007375,0.00012192800355695402
1593,0.00013420362008141043,0.0001262942647369406,0.00013987592430256816,0.00012109967842675472
1594,0.00012451425501974758,0.0001346818120209692,0.00014713433726283335,0.00012366243239930584
1595,0.00013025962693026237,0.00013626701710873378,0.00014591384710781072,0.00012501567135181477
1596,0.0001312294635314484,0.00013785734532539314,0.00014189042826346564,0.00012345998151658274
1597,0.00012812553742968735,0.00013843191816436727,0.00013336609080797236,0.00011889060823323835
1598,0.00012350694427324814,0.00013764633411621462,0.00015009132224149787,0.00012537458135148598
1599,0.00013143842958274389,0.00013709845134851878,0.00013752673461330943,0.0001227307634376507
1600,0.00012259829081465583,0.00014024159640547385,0.00013672993251097307,0.00011871875341660189
1601,0.00012775305070960845,0.00012992732907949567,0.00014640011737268653,0.00011795423399048364
1602,0.00012952589666789655,0.0001378293571696302,0.00014279543416952754,0.00012192789949380047
1603,0.00012563431068535316,0.00013397313027539376,0.00014343238478587315,0.00012844124900945826
1604,0.0001328985536429545,0.0001374925872434688,0.00014051118125710534,0.00012847952047248475
1605,0.00012869516318443375,0.00013688439069042875,0.0001344371527748202,0.00012185182835231717
1606,0.00012554099739774333,0.00013487604561583796,0.00014161102355963196,0.00011545560542349163
1607,0.00012608697573897649,0.00014303640216792592,0.00014339713852025944,0.0001226155359524391
1608,0.0001248489294782356,0.00013168493982548845,0.00014084471522069313,0.00012435069587634148
1609,0.00013172938053651476,0.00013530864481725254,0.00014178988624655744,0.00012603776340902711
1610,0.00012086455109653997,0.00013191227340657682,0.00013864103399300107,0.0001244157105814197
1611,0.00012941758811546933,0.0001307854661606675,0.00014131000336812562,0.0001202452114890206
1612,0.00012900885362055603,0.00013693840086752399,0.00013608066401691647,0.00012019190925958351
1613,0.000125707015917003,0.00013296299038847062,0.000134156229086669,0.00012356202006341758
1614,0.00012676789427781008,0.0001285255140500987,0.0001430206053777258,0.00011836159636347713
1615,0.00012533234820671663,0.00013056214523263495,0.00013223496546192602,0.00011868306410054223
1616,0.0001200977460532656,0.0001365396368116077,0.0001388105595633711,0.00011877638843451886
1617,0.00012221188024559324,0.00013351006748032486,0.00014387567609245355,0.00011707878109787356
1618,0.00013199362461142184,0.00012796917689741563,0.00012965726469935907,0.00012333542363364175
1619,0.00012255579786188785,0.00012506414641114526,0.00013404100747122766,0.0001202236175816582
1620,0.0001247210938445232,0.00012944170082634788,0.00014058213980677793,0.0001257134276776489
1621,0.0001249985118028693,0.00013206820452604556,0.00013622075695769804,0.00011521183398363506
1622,0.00012208702353899017,0.00012237493834521578,0.00013437030757502616,0.00011682885295656959
1623,0.00011964561634262277,0.00012536321210059007,0.00013877562648320917,0.00011122684560370877
1624,0.00012094971434238751,0.00012795573033700102,0.00013340675562335474,0.00011672975501951648
1625,0.00012200508139357349,0.00013095258792607213,0.00013177184167061668,0.00011671464898284585
1626,0.0001238208337138525,0.00013048212872039327,0.00013443199601510458,0.00011685890528215103
1627,0.00012434379883695601,0.0001270658987394283,0.00013600425857700983,0.00012182873211994273
1628,0.0001209309160313178,0.00012906799976603427,0.00012793469835340563,0.00011442314194181121
1629,0.00012077191940628336,0.0001279263742164868,0.00013724823241649257,0.00012062673866429444
1630,0.00012325852440860232,0.0001341214631111774,0.00013446641631042062,0.0001260472885975155
1631,0.00012272718269240663,0.00013266375748493525,0.0001314072414055929,0.00012170216909905977
1632,0.0001249748036082059,0.0001387002777226061,0.0001322336742619418,0.00012100298360572668
1633,0.00012488879436937003,0.00012473495450799629,0.0001307085205113363,0.00011505697922634785
1634,0.0001235959752491014,0.00012326286923848304,0.0001320385886112615,0.00011600638354911428
1635,0.000117208858730494,0.000125780623678177,0.0001244248231857851,0.00012149299221331
1636,0.00011923634883974853,0.00012869792942905796,0.00013803977075849258,0.00012260611058066893
1637,0.00012375582048629585,0.00013241539459122955,0.00012689244537325185,0.00011754233477861861
1638,0.00012610229740734978,0.0001281308575387402,0.0001297248139602174,0.00011681674103193343
1639,0.00012045682144741497,0.00012823423096891163,0.00013583580175313662,0.00011733911765327433
1640,0.0001181959205720445,0.0001275176784854532,0.0001344183181852706,0.00011976326868743127
1641,0.0001250918484576046,0.00012882275561423503,0.0001389040050369402,0.00011538161004655602
1642,0.00012114577592257063,0.00012579120856025244,0.00013435714847912357,0.00011261147382007502
1643,0.00011579362327829937,0.00012564969753466008,0.0001343014074513147,0.00011892101568751092
1644,0.0001163352453821044,0.00012458144636873908,0.00013068795917927885,0.0001105740179101566
1645,0.00011688829997969114,0.0001299456835888233,0.00013510853521807547,0.00011450038206226584
1646,0.00011837912509310849,0.0001255054270740279,0.00013441565570872566,0.00011374113158084908
1647,0.00011415347487146381,0.00013094718181091793,0.0001323092902204681,0.00011282375155368257
1648,0.00011936214174943283,0.0001298916108160343,0.00013334785133267324,0.00011041505798814783
1649,0.00012101619122421021,0.00012171994531123561,0.0001365753616415522,0.0001127109009079373
1650,0.00011781927785398231,0.00012849721956816005,0.00012948089801392395,0.00011758014177721856
1651,0.00011555204551002905,0.000127190332773345,0.00012462156061237867,0.00011839323389485742
1652,0.00012227351410913441,0.00012634228916585632,0.00013502753245182633,0.00011517092484385608
1653,0.00011799127504958181,0.00012889604681422942,0.0001258363407910554,0.00011320864269250907
1654,0.00012112808827932993,0.00012448652160944258,0.00013369215563923987,0.00010796251371392813
1655,0.00012115984880806206,0.0001244631255601551,0.00013037636973092898,0.00011367629819039288
1656,0.000118128367302857,0.00012119997796137277,0.0001269705106406496,0.00011382188526361791
1657,0.0001153939312592248,0.00012597548912599856,0.00013118521834812905,0.00011141351607862528
1658,0.00011544099218381211,0.00012424722179722825,0.00012813458673339428,0.00011224470415856592
1659,0.00011434339428927919,0.0001264826215914496,0.00013588699631792586,0.00011406507420043128
1660,0.0001174178780645572,0.0001255072231820656,0.00013042664676343564,0.00011609754184951774
1661,0.00011764933878009692,0.00012083478539634619,0.00013183208073288676,0.0001136588247484422
1662,0.00012039425740514432,0.00012625436930563516,0.00013517796625269585,0.0001108258566939194
1663,0.00011822435047045646,0.00011714283487821326,0.00013596400168201748,0.0001112862291422932
1664,0.0001192932830963565,0.00011197652170866295,0.00012957096116299655,0.00011251288252700313
1665,0.00011677423976583398,0.00011867768359181745,0.0001306538157099153,0.00011105344762522398
1666,0.000112169223910877,0.00011976600153876523,0.00012970404979109566,0.0001082330180176604
1667,0.00011750355153098279,0.00011888943612497246,0.0001230405436719238,0.00010876849168145979
1668,0.00011917217893672384,0.00012172148199435523,0.00012144536307614823,0.00011243936075342824
1669,0.00011784510329584477,0.00012006932512431977,0.0001307277871242357,0.00011093058306578597
1670,0.00011797245478737905,0.00012284054142119023,0.00013109574033893996,0.00011418168519308891
1671,0.00011438787776437745,0.00012442190200999935,0.0001225395248352373,0.00010817348652374494
1672,0.00011439498586927725,0.00011938786020898981,0.00012481990384889067,0.00011284800819908479
1673,0.00011713493415976127,0.00012141159664858042,0.00012885280030631755,0.00011257525889013639
1674,0.00011361476328342815,0.000120393617290023,0.00012139531834569971,0.00011095131872388503
1675,0.00011521610033337705,0.00011807457503550441,0.00012249990740301073,0.00011086834392419092
1676,0.00011521030814126414,0.00011928034695272683,0.00012824855819716432,0.0001120764151961671
1677,0.00011490035911558116,0.00011877919881518798,0.00012698579363602073,0.00010797205379509109
1678,0.00011150450767884793,0.00011999553095064309,0.0001279245225115837,0.0001093415136083138
1679,0.00011506492949983829,0.000118741189889883,0.00012589061148955528,0.00010929072957416954
1680,0.00011212832375819722,0.0001199341487758999,0.000128210920150864,0.00010611942765423793
1681,0.00011640623277717401,0.00012087654487542687,0.00012403231168914384,0.0001080794278835661
1682,0.00011576979523285306,0.00011686360351413978,0.00012870583831795123,0.00011240493819396341
1683,0.00011211813601338985,0.00011519313745424042,0.0001234236941698332,0.00011199899560878967
1684,0.0001174659537385409,0.00012630079340070238,0.0001258228610696932,0.0001100733825239867
1685,0.0001154189423030708,0.00011967266421217683,0.00013118651707953296,0.00010893306420088224
1686,0.0001173571620276246,0.00011433248490175925,0.0001247147434334178,0.00010776110489882407
1687,0.00011630718772482877,0.0001258147830765418,0.00012623393802535426,0.00010437339991206753
1688,0.00011515085616513427,0.00012239064508374084,0.000124762041744245,0.0001083066909474569
1689,0.00011024430203013824,0.00011956749961313038,0.00012404297274420928,0.00010948928388624652
1690,0.00011384092029427309,0.00011642746225363535,0.00012268956257532307,0.00010786715793279254
1691,0.00011207265635557485,0.00011898663890133001,0.00012357456290224076,0.00010347759728063729
1692,0.00011596299342618775,0.00012523730186066488,0.00012197352150292658,0.00010615953090889925
1693,0.00011240148945906694,0.00011956438282123109,0.00012210218518745537,0.0001093233933776698
1694,0.00011296774793765513,0.00011592470778398126,0.00012530646217731548,0.00010493724349593144
1695,0.00011287854323484698,0.00012053395966399999,0.0001179254826586229,0.00011047774360723302
1696,0.00011128877629855704,0.00011916808560759348,0.00012425944524854506,0.00011387795354271932
1697,0.00010998873934055531,0.00011862588020159286,0.00012398273385514418,0.00010922088791157046
1698,0.00011240608203487631,0.00011861776355640511,0.00012094394406809088,0.00011076031441024735
1699,0.000112036706671965,0.00012099799890449138,0.00011832091957249362,0.0001129979313208216
1700,0.00010957041854060165,0.0001221805701273055,0.00011912044771986257,0.00010289556402090974
1701,0.00011201267409961453,0.00011896969590289745,0.00012063584884955212,0.00010845100433077936
1702,0.00011461590366650851,0.00012029383348151057,0.00012434024537064155,0.00010863325566272179
1703,0.00011264519300257878,0.00011801867916600503,0.00012247157287434348,0.00010451524945709605
1704,0.00011127352306876959,0.00011509578849944629,0.0001236754423374,0.00010706949374633088
1705,0.00010916336996988138,0.00011105976599572198,0.000121865457856356,0.00010778869740582458
1706,0.00010925299742059085,0.00012158996355935887,0.00012190763495817362,0.0001064803423645495
1707,0.0001098511167430541,0.00011589575266358523,0.0001263035299209899,0.00010871100979826265
1708,0.0001134919639680924,0.00012171719745589934,0.00012038290085424121,0.00010446382147497178
1709,0.00010930667756342822,0.00011770839660154779,0.00012409096342941693,0.00010742293156091345
1710,0.00010891460297914908,0.0001151533668474065,0.00012286817229948242,0.00010791701246444132
1711,0.0001064849733498374,0.0001137814389310141,0.00012235994931986425,9.763813136511498e-05
1712,0.00011097612257631583,0.00011368018628325736,0.00011845811997729253,0.00010477831876880313
1713,0.00010945918577839069,0.00011633774568025954,0.00011670440791337072,0.0001020555378108269
1714,0.00010913762396344974,0.00011752268662907406,0.00011994364670400449,0.00010425050585590587
1715,0.00011061246041207616,0.00011573200640245735,0.0001183090802732829,0.00010126658857886128
1716,0.00011269683320178551,0.0001148423058729203,0.00012176123924903222,0.0001066208671263842
1717,0.0001071518062747385,0.00011257646873474962,0.00012313902428856538,0.00010519568552690453
1718,0.00010770249205206844,0.00011221910110725289,0.00012402363576042867,0.00010312984733326815
1719,0.000111619804167533,0.00011443235974763785,0.00012206782209448641,0.00010694094816546868
1720,0.00010788279697998482,0.00011712455094396604,0.00012162176498053677,0.00010481474780524167
1721,0.00010709363904665496,0.00011483375076493648,0.00011839129044818362,0.00010568125620123919
1722,0.00010933605281261527,0.00010990273587557962,0.0001211609449513563,0.00010376076984154229
1723,0.00010465126371185693,0.00011982869854416081,0.00011836402676706414,0.00010559861082586733
1724,0.00010805553374226572,0.00011497921229766003,0.0001224608921121997,0.00010116685101424424
1725,0.00010360207325116813,0.00011278878308730039,0.00012188802954146291,0.00010627061148051352
1726,0.0001080246783043507,0.00011746585284595967,0.00012199824867718023,0.00010370114158778695
1727,0.00010670723082158033,0.00011470430734558493,0.00012091770632344156,0.00010545954302125271
1728,0.00011116641238303817,0.00011749162110236602,0.00011336527940802089,0.00010693588138580541
1729,0.00010922083335343757,0.00011415019866933987,0.00012038641396576734,0.00010620190146754748
1730,0.0001038227448531489,0.00011585870640792775,0.0001168695008639538,9.892487855496382e-05
1731,0.00010842566597107459,0.00011240405451196127,0.00012240286218552694,0.00010548171934536026
1732,0.0001054098213398935,0.00011301377617338148,0.00011753193329038341,0.00010317022397467717
1733,0.00010923646328319896,0.00011122376510817613,0.00011910384006642293,0.00010363118743739508
1734,0.00010627926521096207,0.00011249786298391877,0.00011986450941432999,9.656474807591365e-05
1735,0.0001107708849795606,0.00010988990770125608,0.00011729450972532592,9.83810767015992e-05
1736,0.00010785659032140453,0.00011437586061941779,0.00011502809532378994,0.00010243434193345589
1737,0.00010382780284651101,0.00011633010126154134,0.00012134420902532278,0.00010041285835011382
1738,0.00010749162376103347,0.00011627161407010684,0.00011411295581019032,0.00010270407277228285
1739,0.00010740469905001894,0.00011482619514485218,0.00011818460055528299,0.00010145187580801167
1740,0.00010854781421575613,0.00011445185713337112,0.00011286634257059103,0.00010101625163329794
1741,0.00010526360413434845,0.00011024630610291727,0.00011730901135219891,0.000103022763800525
1742,0.00010596606468353047,0.00011111172783378935,0.00011634210816690777,0.00010095613156600375
1743,0.00010502139249513864,0.00011507811812808011,0.00012124562470280455,0.00010210339541197303
1744,0.00010547644426985198,0.00011759752298891088,0.00011598414458167377,0.00010265531351796425
1745,0.00010806744149246319,0.00011130963479793373,0.00011718188873749343,0.00010208794781623647
1746,0.00010523043788493539,0.00011112207537640001,0.00011480572054039795,0.00010013432823233614
1747,0.00010525297585318872,0.00011336805278803355,0.00011847067772122812,0.00010378122684805987
1748,0.00010282983990737497,0.00011187110300196029,0.00011912992915069572,0.0001012989579191069
1749,0.00010614013960242264,0.00011323957385353398,0.00011592763976395613,0.0001035815351383712
1750,0.00010700696811123694,0.00010971652107415639,0.00011693379443134131,0.00010103461438302758
1751,0.00010366290415212814,0.00011308144250558588,0.00011616405251218387,0.00010297363461522389
1752,0.00010499578085572691,0.00010828191002620443,0.00011268940618437635,9.792997181939573e-05
1753,0.00010393373315002193,0.0001170428888686001,0.00011649955388015518,9.9480920948489e-05
1754,0.00010455793150435208,0.00010694196652990516,0.0001175291570023795,0.00010234794539786033
1755,0.00010423886983296783,0.00011212823733666586,0.00011380072086152358,0.00010287053965106111
1756,0.00010476269356002942,0.00010969251787054397,0.00011418394132321984,0.00010032104309341462
1757,0.00010544428069923872,0.00011259901566668961,0.000115748988689534,9.640048684288716e-05
1758,0.00010389258114035462,0.00010902474234312559,0.00011563772942445686,0.00010149947406417862
1759,0.00010260985266925724,0.00011214006839008715,0.00011710420405551918,0.00010128941282757526
1760,0.00010222265769244335,0.00011024393531204736,0.00011363095651784314,9.9279934013174e-05
1761,0.00010380056732820079,0.00011153676615840732,0.0001138585769174815,9.855719569794118e-05
1762,0.0001046430172973573,0.0001087477352763603,0.00011319516281648045,9.870032335332847e-05
1763,9.964911414508764e-05,0.00010856782843655807,0.00011400009639471603,0.00010089434457065486
1764,0.00010312977488194994,0.00011280103248268865,0.00011313876262522706,9.874358554128825e-05
1765,0.0001029231580992195,0.00010819764912022682,0.00011607303479494459,9.943261494379848e-05
1766,0.0001035483570186392,0.00010776890222704512,0.00011371227265645184,9.72128196733391e-05
1767,0.00010562165564890404,0.00010938519425018844,0.0001145751984534215,0.00010208066558887786
1768,0.00010120623218828445,0.0001043648495096272,0.00011329625747731114,9.5480886769753e-05
1769,0.00010226590478794185,0.00010695157926328251,0.00011376145166554035,9.866353591485957e-05
1770,0.00010528010995974516,0.0001100057070629966,0.00011266874208192689,0.00010062697692374974
1771,0.00010270138166221082,0.00010890215205146636,0.00011311616861576308,0.0001010142594203492
1772,0.0001039516464804711,0.00010507139641611322,0.00011033576211548908,9.882529166546777e-05
1773,0.00010275911022635946,0.00010509473448567272,0.00011203327681075532,9.861929988912204e-05
1774,0.00010181705109939885,0.00010962080360384444,0.0001111270645725517,0.00010074393673511211
1775,0.00010037157029381238,0.00010725864364937933,0.00011159721490533506,9.891286723014234e-05
1776,0.00010282384124515238,0.00010890546584620039,0.00011223736997835293,9.717343383719551e-05
1777,0.00010073777149336783,0.00010747891278260814,0.00011191155161930029,9.720391545907894e-05
1778,0.00010174521711042105,0.00011122127248614838,0.00011266799911375917,9.81362772340294e-05
1779,0.00010132467753578345,0.00011313000580911974,0.0001124089703459982,9.84886407676068e-05
1780,9.900068144158887e-05,0.00010598394770561096,0.00011269286189282353,0.00010071815625724257
1781,0.00010084874799479842,0.0001059878834465636,0.00010993626438453226,9.59032058159763e-05
1782,0.00010239595724558689,0.0001085321381759911,0.00011260745915873892,9.672699311143588e-05
1783,0.00010010082410785807,0.00010493443856144472,0.00011205975872378872,9.78841729798113e-05
1784,0.00010117483495917892,0.00010751767373598644,0.00011032979846206486,9.496598648791455e-05
1785,9.947871769377221e-05,0.00010535827035733113,0.00011137716092169939,9.715652238413373e-05
1786,9.969851855668046e-05,0.00011027008609592358,0.00011374785684248213,9.579845518334065e-05
1787,9.85583202786002e-05,0.00010674608136222582,0.00011137110440497264,9.694479255510599e-05
1788,9.868743773051211e-05,0.00010303568754811255,0.00011474160585682497,9.556125059252345e-05
1789,9.87488090836334e-05,0.00010764079984677482,0.0001135651863404483,9.69390036082107e-05
1790,0.00010142433027380197,0.00010670742382905949,0.00010850880359742665,9.578997916385387e-05
1791,0.00010254488243956367,0.0001062549904600645,0.0001100470935183646,9.589730492039086e-05
1792,9.954572387404625e-05,0.00010731902493937001,0.00010974609792992657,9.812374893057846e-05
1793,0.00010200948313882057,0.00010782450268167445,0.00011051943104522533,9.697958564788172e-05
1794,0.00010136252059274331,0.00010949431691217163,0.0001101465487659521,9.709408721991325e-05
1795,0.00010238930677455546,0.0001077987512024012,0.00010852192751829737,9.64789491199822e-05
1796,0.00010118823519673224,0.00010811069939334254,0.0001081555123675303,9.669838242320067e-05
1797,9.985581865930361e-05,0.00010849900787303348,0.00011169083055027651,9.63361980665818e-05
1798,9.819709934822224e-05,0.00010569216762948664,0.00010838207412511373,9.347118126056556e-05
1799,0.00010100963790304853,0.00010490210040495877,0.0001090970976731446,9.747595527192264e-05
1800,9.865012949641874e-05,0.00010737981896360791,0.00010911727004266784,9.486353961292198e-05
1801,9.844938434526778e-05,0.00010401505655255535,0.00010822003335761256,9.491314139471994e-05
1802,9.977110093227642e-05,0.00010618511737069766,0.00010979271848313838,9.389603425088733e-05
1803,9.840517994730214e-05,0.00010519248160337471,0.00011000727960809111,9.688861361780197e-05
1804,9.685944168238143e-05,0.00010529011485921634,0.00010962863136777076,9.359615350103429e-05
1805,9.952370934900322e-05,0.00010448642995160316,0.00010885801317328966,9.565297464895144e-05
1806,9.771080842329585e-05,0.00010592785704657685,0.00010862542467132658,9.494202567111535e-05
1807,9.926970961560723e-05,0.00010454827524169847,0.00010695605848173947,9.623192418000739e-05
1808,9.91379065822912e-05,0.00010453228755001519,0.00010616000251447901,9.503946138340138e-05
1809,9.55375758836854e-05,0.00010475791336636429,0.0001073122649616865,9.656113073249326e-05
1810,9.822100413827572e-05,0.00010308351664701784,0.00011028836433935563,9.440519520748843e-05
1811,9.887433092433015e-05,0.00010681275704644994,0.00010730385464480165,9.202223243285806e-05
1812,9.739078780763582e-05,0.0001082850599683622,0.00010932014251242175,9.577845704911498e-05
1813,9.88526086686282e-05,0.00010530295581550032,0.00011029817976199398,9.23808785145671e-05
1814,9.816975893882154e-05,0.00010560964895735756,0.00010674539454845253,9.295856051548244e-05
1815,9.88964443917403e-05,0.00010557663628560814,0.00010688717683963821,9.389547913995085e-05
1816,9.906990498627399e-05,0.00010117854613212783,0.00010672441157980721,9.512353987765711e-05
1817,9.642812128491917e-05,0.00010511309473401311,0.0001065198572066922,9.415952383888322e-05
1818,9.77050108860205e-05,0.0001053288731274271,0.00010634635803467844,9.435930489421694e-05
1819,9.637708852609574e-05,0.00010503923881214551,0.00010737756004345402,9.431089686864628e-05
1820,9.550922694442133e-05,0.00010259545188695855,0.00010665009742894077,9.510032649383744e-05
1821,9.802655651577602e-05,0.000102441771367375,0.00010579190813759247,9.37385161866581e-05
1822,9.708104722707829e-05,0.00010302872532968769,0.00010591150546218943,9.572353530210313e-05
1823,9.73176751452584e-05,0.00010052198200074829,0.0001072531185432635,9.259404050234932e-05
1824,9.826409602149142e-05,0.00010306861563522021,0.00010728783938777172,9.426869801514621e-05
1825,9.554617286331566e-05,0.00010143068232400547,0.00010874767675842103,9.373774113359457e-05
1826,9.66421064102743e-05,0.00010138174764424684,0.00010480101394414596,9.249343267179216e-05
1827,9.775421887276004e-05,0.00010454304909122295,0.00010616578640595946,9.371608023525724e-05
1828,9.516959956121732e-05,0.00010245332467044946,0.00010715192877728627,9.284100650257539e-05
1829,9.667239078094094e-05,0.00010081227814560049,0.00010517854030261579,9.316969395598076e-05
1830,9.65750691707001e-05,0.00010371933484032165,0.00010519608122930695,9.398523959429925e-05
1831,9.581654095877862e-05,0.0001025482173372721,0.00010550233109656772,8.968904475199054e-05
1832,9.521960942512271e-05,0.00010080451898703998,0.00010676330104821902,9.294666837869794e-05
1833,9.608238756098841e-05,0.00010214641338046028,0.00010695212123808561,9.169444372577157e-05
1834,9.645801031777519e-05,0.00010161051784207429,0.00010620060211116698,9.353624518528305e-05
1835,9.440710811495779e-05,0.00010252246887589153,0.00010342997545018322,9.172620373055383e-05
1836,9.67250300155438e-05,0.00010217038944159389,0.00010515049269513185,9.006723861953506e-05
1837,9.548444634875213e-05,0.000103117937370657,0.0001039470467954094,9.093939852747726e-05
1838,9.46132022047868e-05,0.00010193085688806518,0.00010367614292293666,9.329483398713088e-05
1839,9.530150599254412e-05,0.0001015191757894471,0.00010518987572678438,9.268419682704472e-05
1840,9.58360962615653e-05,0.00010033278729595243,0.00010126468290244791,9.132859644636255e-05
1841,9.578129565794355e-05,0.00010256459236896851,0.00010285269112825282,9.261523132757375e-05
1842,9.603190965436074e-05,0.00010214162022621355,0.00010139230673934197,9.344195137413412e-05
1843,9.474261827242216e-05,0.00010129790353372762,0.0001058834105671442,9.204662838662456e-05
1844,9.546817835509868e-05,0.00010259067148080556,0.00010513530694676948,9.400159535347001e-05
1845,9.669498548893772e-05,9.945832023173267e-05,0.00010606195994418676,9.323724154990562e-05
1846,9.420059486926067e-05,9.785182353110425e-05,0.00010344710928304477,9.087948468164143e-05
1847,9.36945318842617e-05,0.00010194652248285379,0.00010459661919109302,8.758031597031812e-05
1848,9.572497293068344e-05,0.00010278889361604991,0.00010487454070150089,9.192066270888083e-05
1849,9.382967533806119e-05,0.00010183995507732248,0.00010099579362424616,9.113908933430782e-05
1850,9.341459791581304e-05,0.000102742450608457,0.00010053575581774118,8.923478045085652e-05
1851,9.459384141829532e-05,0.00010057027515244787,0.00010209500935901822,9.144653117131936e-05
1852,9.300023989675614e-05,0.00010023607895354224,0.00010455795647637454,9.105759189465795e-05
1853,9.38229800153829e-05,0.00010050903842594672,0.00010459469793765165,9.265169529543008e-05
1854,9.229556618896725e-05,0.00010080086323795243,0.00010718731062300833,9.052945970930746e-05
1855,9.394105790060404e-05,0.0001012295475813497,0.00010405223914788802,9.029506399200336e-05
1856,9.532134162919824e-05,9.83107589911777e-05,0.00010395416659451699,9.145743294338335e-05
1857,9.273485514977026e-05,0.00010179580225470369,0.00010325787147197975,9.136044312920344e-05
1858,9.530159029614529e-05,0.00010029456497987487,0.00010205000591121036,8.923819606268387e-05
1859,9.303312093877474e-05,9.832648703030623e-05,0.00010003194748137144,8.953498370441237e-05
1860,9.299663756866723e-05,9.852742336599534e-05,0.00010341354758429844,9.00289694527028e-05
1861,9.216205339356514e-05,0.00010128609345778332,0.00010225975839630002,9.022155193752219e-05
1862,9.323198255573815e-05,9.836309707250794e-05,0.00010492696289026115,9.203798934733413e-05
1863,9.118925719382545e-05,0.00010082376071052922,0.00010061679414121686,8.779403898919832e-05
1864,9.247797758114806e-05,0.00010109373096714492,0.00010191312677434815,9.033852544993579e-05
1865,9.293604047449946e-05,0.00010038267727306855,0.00010333414932346848,8.86423710628025e-05
1866,9.162629846165885e-05,9.952019248167153e-05,0.00010198977990291177,9.070624413080968e-05
1867,9.188615858731852e-05,0.00010250430978538715,0.0001036169081218075,9.05978157941363e-05
1868,9.229478295845066e-05,0.0001007591905240506,0.00010303948727461634,9.076275913426003e-05
1869,9.272558654508403e-05,0.000100797215648374,0.0001019640068132463,9.033137420932931e-05
1870,9.316340049001001e-05,9.837324373302156e-05,0.00010011917781282251,8.99453128989046e-05
1871,9.18096142967248e-05,9.910626487115418e-05,0.00010210760958350323,8.935834680856585e-05
1872,9.15001974561707e-05,9.875101365850398e-05,0.00010112596044525583,9.028957306173438e-05
1873,9.208902194391066e-05,9.825498102244996e-05,9.981057704189638e-05,8.841832498295668e-05
1874,9.094794851110624e-05,9.645823237010023e-05,0.00010448769119684109,8.741177834038033e-05
1875,9.255510717719842e-05,9.725664927015124e-05,0.00010191159704004636,8.996323703362232e-05
1876,9.272081875769567e-05,9.828353330464179e-05,0.00010114697215625828,8.894156256651167e-05
1877,9.232822864168493e-05,9.916678248768074e-05,0.0001024595340835507,9.08510280377344e-05
1878,9.235736753604848e-05,9.91230068799306e-05,0.00010081343331684328,8.828756802764826e-05
1879,9.200177446403388e-05,9.929385483279061e-05,9.86889755593207e-05,9.082873274846685e-05
1880,9.101893333953783e-05,0.00010006109019582608,0.00010062721262092493,8.837384234706377e-05
1881,9.161587980850564e-05,0.00010006408740912625,9.928141436506524e-05,8.94981930874156e-05
1882,9.203832231538306e-05,9.64620401319766e-05,0.00010130230774345911,8.716305913079251e-05
1883,8.98996759918609e-05,9.736704434889282e-05,0.0001020852962112747,9.172746644246766e-05
1884,9.149590566233452e-05,9.782817806652375e-05,0.00010190562660800072,9.003524622621692e-05
1885,9.121712754028898e-05,9.848086967740482e-05,0.00010141022493596178,8.799801421639322e-05
1886,9.089247566875196e-05,9.615545573278253e-05,0.00010223821189424085,8.598454807895835e-05
1887,9.144278342840807e-05,9.845956491731697e-05,0.00010147008063498297,8.961344341506202e-05
1888,9.082811547080604e-05,9.698193497527775e-05,9.881291991730122e-05,8.801049228652257e-05
1889,9.066825101021186e-05,9.686174884199344e-05,9.913216069195928e-05,8.878413923011361e-05
1890,9.220112952104913e-05,9.728705308988301e-05,0.00010008835688475571,8.70598425304838e-05
1891,9.183867872883407e-05,9.853648330034158e-05,9.88839165644379e-05,8.75147023239632e-05
1892,9.058721156350481e-05,9.752731004853523e-05,9.960409218864562e-05,8.83661536154595e-05
1893,9.080626971189176e-05,9.71096609715508e-05,9.842387218359865e-05,8.958090544920302e-05
1894,9.148709527822825e-05,9.68300881657294e-05,0.00010014689139295744,8.66784492733325e-05
1895,8.975530725381223e-05,9.79416172962204e-05,9.869112146532165e-05,8.742674060127615e-05
1896,9.026441425404535e-05,9.762816647281053e-05,9.935894667532527e-05,8.836609522028939e-05
1897,8.959623738067122e-05,9.885857059906429e-05,9.901373563765498e-05,8.720087043427104e-05
1898,8.984659731194264e-05,9.580355739455375e-05,0.00010054790073694949,8.599582539021202e-05
1899,9.009343845552287e-05,9.672327603490416e-05,9.855525815383869e-05,8.864260782226046e-05
1900,9.055699210379777e-05,9.45738307568944e-05,9.932889165285121e-05,8.775552648800862e-05
1901,9.003512894712915e-05,9.568657175475519e-05,9.931611365783012e-05,8.575101878015872e-05
1902,9.089134552842786e-05,9.486766348533782e-05,0.00010061207089343372,8.645472531496144e-05
1903,8.995155402593955e-05,9.733871697141797e-05,9.905143308025751e-05,8.573241837614427e-05
1904,8.873898995124177e-05,9.537952214766137e-05,0.00010021185013792061,8.685240334703228e-05
1905,8.970116590733992e-05,9.65054339616966e-05,9.92535463913044e-05,8.52365801104432e-05
1906,8.816073032239208e-05,9.657704352627843e-05,9.997362444603763e-05,8.774400986867221e-05
1907,8.848911052579687e-05,9.558658922518541e-05,9.90934707031607e-05,8.696012859500759e-05
1908,9.014094422842733e-05,9.659438383551578e-05,9.860310996963093e-05,8.684074276876846e-05
1909,8.94217910338067e-05,9.683094671201483e-05,9.757951855240835e-05,8.715325717078171e-05
1910,8.950580333552629e-05,9.589768279412517e-05,9.804562589501804e-05,8.570980065785164e-05
1911,8.849794663571454e-05,9.663532700203195e-05,9.87547004564244e-05,8.579359569683113e-05
1912,8.901644415575967e-05,9.689984633101269e-05,9.502135676763815e-05,8.823941726268871e-05
1913,8.850017975981972e-05,9.468655413653723e-05,9.928762291524707e-05,8.684571731757211e-05
1914,8.710554382877657e-05,9.470413158993705e-05,9.756571864737145e-05,8.550857241103254e-05
1915,8.852771863678924e-05,9.42495974339875e-05,9.709582433158932e-05,8.620992660702147e-05
1916,8.829745146188075e-05,9.544162999665217e-05,9.709832153417197e-05,8.64855127929187e-05
1917,8.918232857493203e-05,9.567916268221307e-05,9.753409748374989e-05,8.597915730009027e-05
1918,8.810801142185062e-05,9.514058693597867e-05,9.803279470334786e-05,8.546004750106039e-05
1919,8.858652940770674e-05,9.250838315989121e-05,9.809699431462878e-05,8.47010579225212e-05
1920,8.697201160762593e-05,9.325032879211951e-05,9.851200664278675e-05,8.475175768617699e-05
1921,8.822444898268378e-05,9.358275767428827e-05,9.68039910356243e-05,8.800934458871157e-05
1922,8.743008729956177e-05,9.666713593180234e-05,9.850017724018787e-05,8.439561407788356e-05
1923,8.868691562853597e-05,9.461372586678653e-05,9.580145343264842e-05,8.615703834766362e-05
1924,8.804838770819425e-05,9.508319458191868e-05,9.580333813911396e-05,8.466613174333252e-05
1925,8.805990814254964e-05,9.525579135963742e-05,9.745016970178889e-05,8.393922897873865e-05
1926,8.869374502402865e-05,9.364758026085223e-05,9.52433242426825e-05,8.592934114579419e-05
1927,8.664334777248525e-05,9.429489409520203e-05,9.649742328901554e-05,8.554188133249228e-05
1928,8.793307738316075e-05,9.305138884443614e-05,9.539903401955462e-05,8.59470458296441e-05
1929,8.686221120713382e-05,9.304756437068737e-05,9.647042176112408e-05,8.414361930941618e-05
1930,8.825310982597925e-05,9.480808410555832e-05,9.659780929952718e-05,8.540543790968242e-05
1931,8.735709706183028e-05,9.443527158414623e-05,9.58580755673829e-05,8.463245750587956e-05
1932,8.636115531823428e-05,9.512880645182557e-05,9.700427541951998e-05,8.585651237110666e-05
1933,8.618439378691166e-05,9.566533605536062e-05,9.378160582234558e-05,8.46271289749054e-05
1934,8.700223516675779e-05,9.367299205664695e-05,9.548037096060151e-05,8.467356594640055e-05
1935,8.718565413895432e-05,9.30876194915808e-05,9.719058184388847e-05,8.51682763466343e-05
1936,8.709306816164423e-05,9.285722882741766e-05,9.548181450758469e-05,8.376595230783182e-05
1937,8.700617182169702e-05,9.366274822328179e-05,9.551458147491766e-05,8.358454576579233e-05
1938,8.734083092332955e-05,9.34928406814924e-05,9.630239803854121e-05,8.411254956455861e-05
1939,8.679251201148599e-05,9.501110084115514e-05,9.633970362368343e-05,8.477938957874536e-05
1940,8.680184861517971e-05,9.404580583038186e-05,9.577488337060344e-05,8.467632760041678e-05
1941,8.591688865563062e-05,9.287826978590984e-05,9.474839325529658e-05,8.402653891467262e-05
1942,8.678565235413239e-05,9.421515136656168e-05,9.602004036166055e-05,8.302921662571007e-05
1943,8.578359921010046e-05,9.335756929375434e-05,9.613762498166494e-05,8.430391274097468e-05
1944,8.628362247754175e-05,9.140703585233744e-05,9.609586768537621e-05,8.450475514193923e-05
1945,8.671100018883376e-05,9.405874833440766e-05,9.598132684718162e-05,8.40876721295859e-05
1946,8.616508679605548e-05,9.371193387037502e-05,9.568990290506641e-05,8.365983569453508e-05
1947,8.642554627442621e-05,9.200038685423116e-05,9.460968263929795e-05,8.316473043348462e-05
1948,8.545286045224111e-05,9.247486944356083e-05,9.552213006297124e-05,8.478056503793029e-05
1949,8.545614737392025e-05,9.219565470090076e-05,9.576833797267161e-05,8.434452906789238e-05
1950,8.57303041695629e-05,9.405457673339885e-05,9.554975000727585e-05,8.29499075921368e-05
1951,8.64249587398189e-05,9.215691361894787e-05,9.42554379805033e-05,8.360468616272036e-05
1952,8.639952614344077e-05,9.2136549096727e-05,9.295750404773862e-05,8.416298248131253e-05
1953,8.598640415938482e-05,9.1116411159492e-05,9.348752416654217e-05,8.319167410695912e-05
1954,8.553161905535544e-05,9.208198680683175e-05,9.396115132239918e-05,8.385099414202158e-05
1955,8.605317614537271e-05,9.216730656145814e-05,9.600927183308354e-05,8.359807968470795e-05
1956,8.535098693325227e-05,9.167272289951018e-05,9.426064104660089e-05,8.236214448298838e-05
1957,8.528795645980678e-05,9.206165062995598e-05,9.336845082389267e-05,8.261104272613022e-05
1958,8.547875089859893e-05,9.162294457545283e-05,9.358025877376646e-05,8.414367491924858e-05
1959,8.51240347055044e-05,9.212016062167958e-05,9.379096633715158e-05,8.363083161595325e-05
1960,8.542730494459233e-05,9.169526496884164e-05,9.387177488200826e-05,8.296931239741479e-05
1961,8.568369220440735e-05,9.14260013448016e-05,9.390257171216997e-05,8.34576095698623e-05
1962,8.408346561312214e-05,9.195741882159976e-05,9.388638834026103e-05,8.323571479904196e-05
1963,8.474724496153204e-05,9.167492051295693e-05,9.314005710531817e-05,8.18533849321809e-05
1964,8.486654656300892e-05,9.086479087586738e-05,9.185322008060805e-05,8.172289983408992e-05
1965,8.480559873079446e-05,9.14848654499638e-05,9.321729941271885e-05,8.221305574644379e-05
1966,8.322672361094653e-05,9.172601507711479e-05,9.324447957958246e-05,8.31224005598707e-05
1967,8.523410513137178e-05,9.226140300755416e-05,9.341461390163975e-05,8.359606659049202e-05
1968,8.437201005479914e-05,9.067726483050003e-05,9.472964815576308e-05,8.211517750281583e-05
1969,8.417206461144951e-05,9.058119233318365e-05,9.28140328940559e-05,8.271776982345553e-05
1970,8.487022785819166e-05,9.027007785340934e-05,9.205322800765805e-05,8.325542925811941e-05
1971,8.36433550228701e-05,9.133170941919792e-05,9.330536667705186e-05,8.247840028077816e-05
1972,8.49799367711888e-05,9.171839499179675e-05,9.235533536127841e-05,8.159304275829348e-05
1973,8.395648760964661e-05,8.928720032327617e-05,9.231869222992585e-05,8.083289379891322e-05
1974,8.34228453810071e-05,9.080308857412684e-05,9.301710770120954e-05,8.111688487700166e-05
1975,8.451640190842408e-05,8.968986604893671e-05,9.290095170967582e-05,8.20935935242814e-05
1976,8.414743190316841e-05,8.900264427652873e-05,9.263824122607723e-05,8.174564842256507e-05
1977,8.37931483472264e-05,9.022632623244737e-05,9.225217095441406e-05,8.2039220987595e-05
1978,8.466717586342692e-05,9.072689430272729e-05,9.274785588647539e-05,8.106035771104079e-05
1979,8.410027965333896e-05,9.046690160263653e-05,9.191627444297348e-05,8.100180525643286e-05
1980,8.305055847585477e-05,9.049010151758954e-05,9.29356593275083e-05,8.305239784512194e-05
1981,8.3159283735632e-05,8.978149039570004e-05,9.168788130342818e-05,8.147337066677958e-05
1982,8.27635201264152e-05,8.920238217721409e-05,9.209302137817935e-05,8.138094456171135e-05
1983,8.365060025838148e-05,9.115427558793453e-05,9.160539848433455e-05,8.052340556165979e-05
1984,8.308673857758975e-05,8.984396883891524e-05,9.141932367676764e-05,8.121642934377564e-05
1985,8.261813397799309e-05,8.957778603462904e-05,9.163878819949553e-05,8.046304142281152e-05
1986,8.28281346420852e-05,9.022605063153868e-05,9.179263397747573e-05,8.078171525663074e-05
1987,8.285271854699462e-05,8.963375829341069e-05,9.160667111445713e-05,8.131175979826308e-05
1988,8.315675222921227e-05,8.984387359801019e-05,9.234803447936537e-05,8.168527847766874e-05
1989,8.18385481900303e-05,8.880327830532054e-05,9.13580277246591e-05,8.097310268337329e-05
1990,8.268551271386735e-05,9.001035366417234e-05,9.141004924219586e-05,8.055280761052988e-05
1991,8.256805982660043e-05,8.97220638972612e-05,9.010419168352393e-05,8.12652787894648e-05
1992,8.28271457759944e-05,8.971346517250098e-05,9.150348324791328e-05,8.1184602194074e-05
1993,8.182965353508992e-05,8.933122846917622e-05,9.136640458899816e-05,7.935326519424173e-05
1994,8.337350535913281e-05,8.79802301327589e-05,9.180360135157153e-05,8.033956737692632e-05
1995,8.250747402021994e-05,9.061659472018197e-05,9.05579800719872e-05,8.06447134708151e-05
1996,8.191976633117228e-05,8.91240005599404e-05,9.078900755041818e-05,7.960924945017712e-05
1997,8.244231103540912e-05,8.891909988118081e-05,9.059927328830906e-05,8.089329290105564e-05
1998,8.287306031826334e-05,8.922594006658482e-05,9.046423538021528e-05,7.976221370536195e-05
1999,8.224347179485129e-05,8.932713419466721e-05,9.134763980764884e-05,7.95605498644372e-05
2000,8.130285531197893e-05,8.85730905737318e-05,9.162440070985712e-05,8.030486822899221e-05
2001,8.184436296852954e-05,8.827360490511802e-05,9.074127465317115e-05,7.96342722853856e-05
2002,8.239947721305605e-05,8.848127249372677e-05,9.039831475487293e-05,8.097338032003097e-05
2003,8.167423630773024e-05,8.926857750030768e-05,9.022350642290419e-05,7.975612694187541e-05
2004,8.098542623757484e-05,8.885443931099931e-05,9.014111171528614e-05,7.980388423134513e-05
2005,8.14018717207512e-05,8.822455597794604e-05,8.963276489709193e-05,7.988839420380514e-05
2006,8.136903718610466e-05,8.924645503224948e-05,9.009598089964311e-05,7.95072020462199e-05
2007,8.177211847714829e-05,8.812885557110549e-05,9.047852143287157e-05,8.057498919851716e-05
2008,8.13361079657014e-05,8.680411689212771e-05,8.902400574958173e-05,7.94711147681299e-05
2009,8.191176851942833e-05,8.778409436256992e-05,9.020781962916719e-05,8.015371447359093e-05
2010,8.21072012883876e-05,8.856588382776593e-05,9.00121438036053e-05,7.979477914722868e-05
2011,8.060071762473846e-05,8.710119820898822e-05,9.020039564928295e-05,7.946631759958323e-05
2012,8.137931337103132e-05,8.797738590548313e-05,9.007879729533647e-05,7.938802890193627e-05
2013,8.150074699283022e-05,8.691667665764694e-05,8.957805674654045e-05,7.917358296715642e-05
2014,8.068686745145941e-05,8.71256232342267e-05,8.834010009669741e-05,7.915860065077638e-05
2015,8.20593830069685e-05,8.746480636539046e-05,8.873158217636861e-05,8.005405147924258e-05
2016,8.146476132232356e-05,8.755257853100829e-05,8.989723180304819e-05,7.92706087046191e-05
2017,8.031390915446333e-05,8.706976560664994e-05,8.966404652761363e-05,7.80210668707462e-05
2018,8.046388007649334e-05,8.67129085863311e-05,8.847726297725645e-05,7.960219103531433e-05
2019,8.080516531677161e-05,8.726853526060279e-05,8.802182083617731e-05,7.824042918420461e-05
2020,7.99247258398239e-05,8.76999984757584e-05,8.856945028868275e-05,7.939424875488803e-05
2021,8.057833387600311e-05,8.773587921608748e-05,8.935189704349136e-05,7.971873568658402e-05
2022,8.073512247787392e-05,8.736567064699841e-05,8.83045945983537e-05,7.90466743901821e-05
2023,8.119341801689472e-05,8.622314921946712e-05,8.995986435917086e-05,7.911322759767138e-05
2024,7.975847282759437e-05,8.657137131571923e-05,8.882682575712562e-05,7.756753204533041e-05
2025,8.055068207023512e-05,8.673871223522845e-05,8.915931129758354e-05,7.847816878165328e-05
2026,8.073900389445214e-05,8.634613190257091e-05,8.86262770425069e-05,7.881241393007856e-05
2027,8.052888969891518e-05,8.636512569440285e-05,8.797647548212305e-05,7.882386141348495e-05
2028,8.057939349102565e-05,8.579366212321506e-05,8.85129731704754e-05,7.818205133431502e-05
2029,7.918707463619463e-05,8.699025207017655e-05,8.744847756109652e-05,7.865002241507492e-05
2030,8.014141918349769e-05,8.6532712593003e-05,8.803520462526018e-05,7.827014860265405e-05
2031,7.96930049855305e-05,8.69372577621015e-05,8.828366158004195e-05,7.740184032437233e-05
2032,7.958283344314302e-05,8.577691571520531e-05,8.808642625885899e-05,7.80983366839403e-05
2033,7.982527192355938e-05,8.579443042125357e-05,8.873700682451728e-05,7.795510895144848e-05
2034,7.920058107174954e-05,8.700528902991607e-05,8.838297293171606e-05,7.775252961566428e-05
2035,7.923576662608488e-05,8.676217467482255e-05,8.704201251384478e-05,7.709491788811036e-05
2036,7.977894899364679e-05,8.645615999646374e-05,8.827191954092035e-05,7.732672006378423e-05
2037,7.984836874883451e-05,8.666668570446578e-05,8.772900275226059e-05,7.705971952068343e-05
2038,7.885516498229003e-05,8.461139450575676e-05,8.762971107558605e-05,7.786411877671653e-05
2039,7.865756833561317e-05,8.621006376504187e-05,8.825190054077664e-05,7.725495960107163e-05
2040,7.958083214025112e-05,8.578859558020444e-05,8.738211777516668e-05,7.65589940341995e-05
2041,7.891381937497666e-05,8.679839774733956e-05,8.706220957548778e-05,7.793186144361953e-05
2042,7.892482310483884e-05,8.564842136161735e-05,8.655413464519446e-05,7.698790006503123e-05
2043,7.941858965571932e-05,8.482168941591625e-05,8.804097080197957e-05,7.778611703060572e-05
2044,7.956187075292554e-05,8.580442997153541e-05,8.660252461227172e-05,7.758747900488495e-05
2045,7.949697303619991e-05,8.721861150974154e-05,8.680904964586853e-05,7.797422636397815e-05
2046,7.868951924502617e-05,8.431114652654394e-05,8.682478496213061e-05,7.685661722925092e-05
2047,7.90228473313767e-05,8.511375409246997e-05,8.810365784935921e-05,7.701777936014685e-05
2048,7.861166383210671e-05,8.579273880483203e-05,8.665739976534193e-05,7.703373099988366e-05
2049,7.897975506115812e-05,8.575974198971844e-05,8.674232124405117e-05,7.648161946544484e-05
2050,7.835724980459772e-05,8.618100091943523e-05,8.788324758221575e-05,7.695327304819043e-05
2051,7.958202584837456e-05,8.515191327256982e-05,8.737193435639095e-05,7.740042299214256e-05
2052,7.880794344384398e-05,8.458793475645092e-05,8.765536325364862e-05,7.657800429973679e-05
2053,7.849006616690253e-05,8.520048328050264e-05,8.707250303400485e-05,7.704737921251932e-05
2054,7.777950012574087e-05,8.487351714393923e-05,8.742151766279994e-05,7.623608820653526e-05
2055,7.835667720658888e-05,8.448662656777415e-05,8.633285834691068e-05,7.749049856972009e-05
2056,7.845078354618946e-05,8.423872390030334e-05,8.605425373084017e-05,7.758518193111779e-05
2057,7.882613881070336e-05,8.524639659215831e-05,8.717559808790009e-05,7.668802607945173e-05
2058,7.795802737563785e-05,8.39848079193992e-05,8.623425510527656e-05,7.568316684991506e-05
2059,7.780736832710045e-05,8.549669097334131e-05,8.559788708822792e-05,7.591063422134705e-05
2060,7.812800386393071e-05,8.431059205843582e-05,8.63491240699192e-05,7.657232124126347e-05
2061,7.830135173852155e-05,8.437765114313153e-05,8.591932684906924e-05,7.56409700143922e-05
2062,7.769880529643084e-05,8.454904016866402e-05,8.576155064674515e-05,7.654817737341884e-05
2063,7.786207022476355e-05,8.462752751091233e-05,8.674149339743992e-05,7.674273637915655e-05
2064,7.784513945507959e-05,8.406017905902143e-05,8.586774134962716e-05,7.631728188459189e-05
2065,7.78468198652859e-05,8.436833900409991e-05,8.615352724316949e-05,7.569520615048283e-05
2066,7.764770629974492e-05,8.390771706579047e-05,8.447223300904397e-05,7.550688864019382e-05
2067,7.777654027014704e-05,8.458603328406364e-05,8.570222268748667e-05,7.569119325719106e-05
2068,7.741210903307315e-05,8.378912876478293e-05,8.549552706257655e-05,7.647198039946712e-05
2069,7.69757368230855e-05,8.404543019090716e-05,8.592194540803492e-05,7.679534742706672e-05
2070,7.767930665616503e-05,8.371723603016746e-05,8.571680933617751e-05,7.598954399805162e-05
2071,7.76385755003941e-05,8.360639701554797e-05,8.556710245368948e-05,7.531593478041055e-05
2072,7.716348191961293e-05,8.290548931485069e-05,8.466852371892195e-05,7.579600623522347e-05
2073,7.697491719963803e-05,8.377407313660632e-05,8.504822208329213e-05,7.559396118983293e-05
2074,7.683570402232701e-05,8.329783398713541e-05,8.402644802507042e-05,7.596617399741347e-05
2075,7.659513336658283e-05,8.388335442559023e-05,8.503435162397844e-05,7.6217464858541e-05
2076,7.711376392048693e-05,8.391330136000572e-05,8.498030923282135e-05,7.560957327037017e-05
2077,7.695416134980005e-05,8.330519873702668e-05,8.548020442914233e-05,7.556037877372582e-05
2078,7.6703747488978e-05,8.279820990844562e-05,8.481979682585381e-05,7.535873360120883e-05
2079,7.731854365261175e-05,8.312978896661731e-05,8.519699343022993e-05,7.479666659886392e-05
2080,7.718382614678347e-05,8.431831633189155e-05,8.510371946154291e-05,7.567354562327965e-05
2081,7.700953057102949e-05,8.333357704303736e-05,8.468977860175711e-05,7.57063515216129e-05
2082,7.649150411469257e-05,8.295644381203942e-05,8.443152618106834e-05,7.478769935934585e-05
2083,7.684792275460018e-05,8.318384698403169e-05,8.541815371629421e-05,7.474042531384688e-05
2084,7.657266290538857e-05,8.34750468389806e-05,8.446899757478323e-05,7.547092382218926e-05
2085,7.68919452837461e-05,8.266724765374299e-05,8.435263714540502e-05,7.432982062819216e-05
2086,7.623839515046905e-05,8.289124450747929e-05,8.465533789754955e-05,7.509957826319692e-05
2087,7.680109197530713e-05,8.280689009001601e-05,8.45920806690695e-05,7.499158901759651e-05
2088,7.582911894930856e-05,8.258171486645503e-05,8.385773305477573e-05,7.529668953099707e-05
2089,7.66449972875492e-05,8.266630040963053e-05,8.317795110898375e-05,7.497509869659688e-05
2090,7.611731352338579e-05,8.28334297030397e-05,8.418362920876627e-05,7.427239727298318e-05
2091,7.638057716401645e-05,8.235911709174093e-05,8.341854829158444e-05,7.44289785589622e-05
2092,7.613694315668873e-05,8.271567902955148e-05,8.357887431000382e-05,7.481286849713571e-05
2093,7.598557031924802e-05,8.220515500788304e-05,8.371767345319829e-05,7.476566390756038e-05
2094,7.553359301720015e-05,8.241491880113926e-05,8.425068909040571e-05,7.431219150690841e-05
2095,7.57455418676954e-05,8.2391303304776e-05,8.341635343408525e-05,7.406979905508897e-05
2096,7.572136275699507e-05,8.217142815455402e-05,8.371626262963849e-05,7.419878935523337e-05
2097,7.577340632232272e-05,8.181743083735933e-05,8.397170223973195e-05,7.411229366190744e-05
2098,7.582226358627277e-05,8.192038206813555e-05,8.350324840332021e-05,7.449349838174988e-05
2099,7.616662082945844e-05,8.198639893297922e-05,8.416918260592334e-05,7.381077963377648e-05
2100,7.54960145921336e-05,8.233176753024325e-05,8.401486418956501e-05,7.43251450399567e-05
2101,7.532154104039516e-05,8.158295226070485e-05,8.357830236332133e-05,7.437517811877078e-05
2102,7.52455898362142e-05,8.113087237338038e-05,8.320738466802556e-05,7.421654290999828e-05
2103,7.467217214110764e-05,8.145095509348683e-05,8.330043819470283e-05,7.422039724607493e-05
2104,7.545211539758875e-05,8.166611473541738e-05,8.255440472805212e-05,7.395037147803938e-05
2105,7.572320719810739e-05,8.131734714116318e-05,8.274876597797047e-05,7.343171287080782e-05
2106,7.557518035998169e-05,8.17417640769375e-05,8.331449465826935e-05,7.399149031019166e-05
2107,7.483874194521271e-05,8.090984913748329e-05,8.260983610073667e-05,7.385626044175713e-05
2108,7.588864134400407e-05,8.150568980727615e-05,8.265420096546203e-05,7.36191371386656e-05
2109,7.48760768923966e-05,8.142064074977278e-05,8.269484208261505e-05,7.315767605575983e-05
2110,7.500243806793692e-05,8.142761090500076e-05,8.282557029234347e-05,7.322980226774456e-05
2111,7.456916570630913e-05,8.209918752071724e-05,8.248926804912756e-05,7.372430828532412e-05
2112,7.497507268215037e-05,8.128156400483059e-05,8.2162575815072e-05,7.327980121169209e-05
2113,7.480730903101577e-05,8.216281505595348e-05,8.228797684811129e-05,7.322065797520007e-05
2114,7.428888560956058e-05,8.094012209861844e-05,8.277108732520166e-05,7.381018127303261e-05
2115,7.496376558920636e-05,8.07745343329452e-05,8.221168381777056e-05,7.316590092528492e-05
2116,7.467929999201769e-05,8.09462573435768e-05,8.232413282849361e-05,7.330760558988799e-05
2117,7.477114974224556e-05,8.145142993117062e-05,8.230773670567568e-05,7.32495653479003e-05
2118,7.454041679099671e-05,8.044468945209874e-05,8.197901611468346e-05,7.318671403328973e-05
2119,7.42695236277545e-05,8.048933456830836e-05,8.156158300898825e-05,7.270144465770755e-05
2120,7.503776669950919e-05,8.124524726449895e-05,8.228885144094254e-05,7.313820809277832e-05
2121,7.434785602350903e-05,8.04932586451234e-05,8.187283936118443e-05,7.313627448285021e-05
2122,7.420425863287389e-05,7.982452974971054e-05,8.207681673655848e-05,7.268358973013569e-05
2123,7.393851524489056e-05,7.992865279088551e-05,8.194020613680823e-05,7.274746738288389e-05
2124,7.428706176307614e-05,8.047899419725421e-05,8.168256868129908e-05,7.34077712497733e-05
2125,7.41828911001864e-05,8.039016356090859e-05,8.161417822374232e-05,7.20945030268419e-05
2126,7.383741537747035e-05,7.98857923165731e-05,8.136963662917208e-05,7.2450561484717e-05
2127,7.416794962960349e-05,8.030221580479198e-05,8.194607878267622e-05,7.346099053452405e-05
2128,7.404503947069683e-05,7.978841754798938e-05,8.152184907016487e-05,7.275347581717373e-05
2129,7.392486233074252e-05,7.981959604683995e-05,8.118307894883981e-05,7.231849448110678e-05
2130,7.336262374826725e-05,8.045773968778508e-05,8.12346487979058e-05,7.298902803653954e-05
2131,7.352013663168652e-05,7.971547684637851e-05,8.088368180703111e-05,7.266371445108016e-05
2132,7.374501167742177e-05,8.058344414820283e-05,8.108162156412567e-05,7.248848305006703e-05
2133,7.38879752947001e-05,7.984312964206937e-05,8.154912799576801e-05,7.257872019078449e-05
2134,7.365638582310971e-05,8.037011524157853e-05,8.155348029373771e-05,7.28953560989185e-05
2135,7.360558665908136e-05,8.06378077983169e-05,8.196648560100272e-05,7.14683636828907e-05
2136,7.286070564288445e-05,7.924160334945352e-05,8.111941377079594e-05,7.242039843137179e-05
2137,7.329133668300473e-05,7.979041691285359e-05,8.069266702255376e-05,7.221319393442246e-05
2138,7.355444860368787e-05,7.921242329436363e-05,8.071386074654874e-05,7.203394843093499e-05
2139,7.302507225727167e-05,7.971511649793503e-05,8.148227077411577e-05,7.228947732463987e-05
2140,7.296350505724148e-05,7.980628217484649e-05,8.129934402641804e-05,7.223917116812184e-05
2141,7.356150443866068e-05,7.91759432558485e-05,8.050248425827829e-05,7.22396279027411e-05
2142,7.326924820730744e-05,7.989639639456466e-05,8.020396866853328e-05,7.210272353432475e-05
2143,7.327493100914755e-05,7.911951419723584e-05,8.025570497361124e-05,7.18136483564359e-05
2144,7.317736896891641e-05,7.948112381532279e-05,8.050754121832204e-05,7.213553993634539e-05
2145,7.304902348283217e-05,7.891452972524297e-05,8.0094354570313e-05,7.210165470770941e-05
2146,7.272093937303831e-05,7.863684655831672e-05,8.020379776347182e-05,7.162608904316775e-05
2147,7.346764820256429e-05,8.016874547870724e-05,8.032233864800538e-05,7.148908039145318e-05
2148,7.314808189250508e-05,7.878303178050605e-05,8.025509908267574e-05,7.19166915537072e-05
2149,7.278249604651823e-05,7.883805969773363e-05,8.054369836688176e-05,7.099370104244705e-05
2150,7.262954570470949e-05,7.916728593724686e-05,8.016040090936983e-05,7.199679880123903e-05
2151,7.25260784501086e-05,7.833684278611847e-05,8.038155435357463e-05,7.096049952250611e-05
2152,7.265158614680319e-05,7.86635785028477e-05,8.032382212857438e-05,7.100969196532203e-05
2153,7.261193540361135e-05,7.871379477817406e-05,8.016479456562995e-05,7.117549975835854e-05
2154,7.222034207942697e-05,7.87541263029275e-05,8.030475163629924e-05,7.150108584080173e-05
2155,7.276316812241369e-05,7.864311979203289e-05,7.976107229479234e-05,7.172581580736611e-05
2156,7.252360589908601e-05,7.872092076253008e-05,7.979202465422389e-05,7.07897392409969e-05
2157,7.24985398665405e-05,7.83909220873213e-05,7.98028634139204e-05,7.151196035334837e-05
2158,7.208340924943312e-05,7.856961598947663e-05,7.925740569094604e-05,7.084815170660322e-05
2159,7.222583620003274e-05,7.852539296189787e-05,7.965047548727211e-05,7.121882033792734e-05
2160,7.256520702836965e-05,7.846883119284512e-05,7.967577895879428e-05,7.087035679284603e-05
2161,7.19582505431182e-05,7.8274141152758e-05,7.947822270782165e-05,7.097052350666927e-05
2162,7.223475612544242e-05,7.901061228411804e-05,7.911519722418164e-05,7.093540223990412e-05
2163,7.226062225433553e-05,7.806008379285996e-05,7.948834530093367e-05,7.076717592205613e-05
2164,7.190624516962512e-05,7.887970833945735e-05,7.89172652275948e-05,7.077894916686539e-05
2165,7.206208823658665e-05,7.840744858917566e-05,7.969708744338289e-05,7.119330600063215e-05
2166,7.172443132063296e-05,7.836702681087615e-05,7.929795679819121e-05,7.036517648223239e-05
2167,7.19099055270935e-05,7.809429352369319e-05,7.867405305468108e-05,7.052888508460183e-05
2168,7.171423872848132e-05,7.791342468834283e-05,7.909572498151804e-05,7.079323490802425e-05
2169,7.158171218628113e-05,7.765357679035267e-05,7.95497121080736e-05,7.049239965861636e-05
2170,7.151793028202828e-05,7.82365667286958e-05,7.88477896436064e-05,7.016987711116828e-05
2171,7.168679945560624e-05,7.703120765641093e-05,7.848852456910605e-05,7.050857132026829e-05
2172,7.144904797547083e-05,7.791419969351696e-05,7.847483090395901e-05,7.045055818666265e-05
2173,7.138639952984524e-05,7.755553710887758e-05,7.834603983184874e-05,7.015615215423733e-05
2174,7.135049326704048e-05,7.74121865974005e-05,7.891176683689249e-05,7.044001733667364e-05
2175,7.160958540564075e-05,7.708198026984136e-05,7.881653911152284e-05,7.042573284520137e-05
2176,7.106834815432306e-05,7.751461781853489e-05,7.758481822489467e-05,7.020102275993067e-05
2177,7.152988271690929e-05,7.785326060741775e-05,7.828353499201603e-05,6.99444311284409e-05
2178,7.156614079374507e-05,7.731887176188803e-05,7.845050649119113e-05,6.924177805438983e-05
2179,7.089295401289932e-05,7.686139973935034e-05,7.84300267520667e-05,7.04524354792145e-05
2180,7.123761638516281e-05,7.75494624695805e-05,7.825231588580346e-05,7.028003853380288e-05
2181,7.112968218899793e-05,7.744556029571239e-05,7.873565296801204e-05,6.980198761992171e-05
2182,7.11038535500611e-05,7.716773139703194e-05,7.811623463727086e-05,6.986169530766453e-05
2183,7.135854740819428e-05,7.719745801004773e-05,7.84912074915615e-05,7.015642752645885e-05
2184,7.103713682060391e-05,7.674878382276528e-05,7.76869706109067e-05,7.038725105656047e-05
2185,7.115448283308434e-05,7.757975958631092e-05,7.814062737375393e-05,6.969760550554148e-05
2186,7.117260926685965e-05,7.705103272010458e-05,7.769583094011846e-05,7.046952730786643e-05
2187,7.069477517018513e-05,7.698249993135094e-05,7.766741015347595e-05,6.963478042886768e-05
2188,7.092191981213907e-05,7.731499792707465e-05,7.753418556431689e-05,6.939038282445113e-05
2189,7.051165268044245e-05,7.674650012425673e-05,7.834974065650389e-05,7.002596268750597e-05
2190,7.07193942823311e-05,7.699332950602853e-05,7.801173523106522e-05,6.959664944552515e-05
2191,7.050747122140054e-05,7.617483108842552e-05,7.779482418225092e-05,6.901859256224434e-05
2192,7.045881236963813e-05,7.655378727759496e-05,7.773148565559951e-05,6.923053935376944e-05
2193,7.022880199001785e-05,7.665409340982267e-05,7.79190681536281e-05,6.960667502579103e-05
2194,7.074580849634969e-05,7.639067647079654e-05,7.781541849091208e-05,6.965432632474914e-05
2195,7.0332489568081e-05,7.650308079690265e-05,7.817708709047881e-05,6.877091492565181e-05
2196,6.991282178144879e-05,7.639731079943421e-05,7.730023431512718e-05,6.94190925264934e-05
2197,7.02310908574737e-05,7.642225715339415e-05,7.807020650432822e-05,6.954730661589182e-05
2198,7.012241289152248e-05,7.626438622825198e-05,7.746064607807599e-05,6.900125411658145e-05
2199,7.022956330321213e-05,7.653005944501799e-05,7.759366859787768e-05,6.903593130881226e-05
2200,7.01898183151831e-05,7.605401802112807e-05,7.74179752690843e-05,6.887570347572726e-05
2201,6.984376083707016e-05,7.605734697973233e-05,7.739599756717305e-05,6.917064460381481e-05
2202,6.993483764564229e-05,7.614745317638169e-05,7.739252580870823e-05,6.945490010297215e-05
2203,6.982590827931822e-05,7.605564600171183e-05,7.738755583774948e-05,6.849982284398164e-05
2204,6.979474811149656e-05,7.587887016589754e-05,7.70142966027819e-05,6.869180721951214e-05
2205,6.95823647891326e-05,7.545783647767791e-05,7.690522983845447e-05,6.898554698445921e-05
2206,7.001382510699578e-05,7.564359196406154e-05,7.68741441568958e-05,6.896061187923125e-05
2207,7.0060347020565e-05,7.567991889645618e-05,7.714056106705928e-05,6.842770940169756e-05
2208,6.939912052690222e-05,7.579616661764076e-05,7.673651020132636e-05,6.861699802137483e-05
2209,6.958277096084441e-05,7.540272686318452e-05,7.666765068102713e-05,6.84891707158432e-05
2210,6.955715099595695e-05,7.552771588058602e-05,7.671624352875564e-05,6.865946784853446e-05
2211,6.957189071574491e-05,7.528874132014308e-05,7.678243078080421e-05,6.884384074776213e-05
2212,6.960187608750742e-05,7.579332526368607e-05,7.671370578214247e-05,6.854546730210715e-05
2213,6.908563221262469e-05,7.547725114351244e-05,7.626443130749574e-05,6.852031731005643e-05
2214,6.924059729646508e-05,7.539428960437587e-05,7.706304875954296e-05,6.825380909561032e-05
2215,6.943368464119042e-05,7.560167984341241e-05,7.623295376086552e-05,6.877938365594268e-05
2216,6.920741688525622e-05,7.54471377538841e-05,7.62223320310752e-05,6.804983425535157e-05
2217,6.918597702428766e-05,7.506740508288429e-05,7.650864703012918e-05,6.793234921526612e-05
2218,6.936177713755739e-05,7.546244519538455e-05,7.641579477629909e-05,6.820333286112095e-05
2219,6.915761642306347e-05,7.532633017322898e-05,7.595061411196532e-05,6.84441503024683e-05
2220,6.924360916349576e-05,7.543182628900653e-05,7.638412316951206e-05,6.843284794890861e-05
2221,6.91362982254065e-05,7.532900616963498e-05,7.617029008752952e-05,6.794788661892917e-05
2222,6.89775318989332e-05,7.513811482234384e-05,7.575174357608299e-05,6.781765116511334e-05
2223,6.892287964942124e-05,7.472365936200587e-05,7.578514229329942e-05,6.839829790849527e-05
2224,6.872549944677694e-05,7.509221557493416e-05,7.617382518857229e-05,6.786699117350185e-05
2225,6.879556918763547e-05,7.472436468091287e-05,7.606248221189471e-05,6.794069001586835e-05
2226,6.901192478591102e-05,7.537516046499321e-05,7.574138159620706e-05,6.779197728469142e-05
2227,6.862497634084718e-05,7.513369805821301e-05,7.58081755540869e-05,6.766659584121222e-05
2228,6.881783016512854e-05,7.504685932823737e-05,7.560813199904834e-05,6.786471588620977e-05
2229,6.875363395275802e-05,7.460924519347622e-05,7.556890671215668e-05,6.784425711301366e-05
2230,6.901629668114068e-05,7.472770404115513e-05,7.555698843148805e-05,6.73125250778487e-05
2231,6.895693660780337e-05,7.472497372314461e-05,7.543979308615192e-05,6.760994629492947e-05
2232,6.860058218647695e-05,7.446377723350912e-05,7.535595828010667e-05,6.802383113742862e-05
2233,6.83726036710146e-05,7.432194958172911e-05,7.528726144336472e-05,6.774072516877233e-05
2234,6.871996202993844e-05,7.435675599872252e-05,7.553440850073203e-05,6.773068301101041e-05
2235,6.824196671941638e-05,7.450708724712754e-05,7.52134130740683e-05,6.726334691082176e-05
2236,6.842064751168302e-05,7.425687185270138e-05,7.507602451771618e-05,6.737189635687311e-05
2237,6.860078732557704e-05,7.44271409500982e-05,7.532942287147759e-05,6.732517705303628e-05
2238,6.850137715995482e-05,7.460678576708478e-05,7.5314879464464e-05,6.730956301248567e-05
2239,6.840048698008281e-05,7.436036400399664e-05,7.481534845027094e-05,6.728861894855347e-05
2240,6.811174660473879e-05,7.395152551563674e-05,7.520979495273681e-05,6.736937533609666e-05
2241,6.785339220110058e-05,7.434857468660551e-05,7.473149162162732e-05,6.747011314035703e-05
2242,6.794704063058359e-05,7.430454222964936e-05,7.525314366970728e-05,6.688192493407844e-05
2243,6.839860484877136e-05,7.388560945160763e-05,7.470838918600214e-05,6.711822060161764e-05
2244,6.78965490552376e-05,7.40940728071135e-05,7.496251159554973e-05,6.723176575632725e-05
2245,6.789855146574565e-05,7.386137865511028e-05,7.489370966039599e-05,6.720156217645913e-05
2246,6.791182561309195e-05,7.356601010016546e-05,7.465105165614154e-05,6.722265612804652e-05
2247,6.793642846806954e-05,7.383801166031e-05,7.456488895879171e-05,6.705811253354229e-05
2248,6.762289471183778e-05,7.377940350814432e-05,7.448014950607628e-05,6.699531052285347e-05
2249,6.794453928975689e-05,7.365967564843489e-05,7.479950791505875e-05,6.709338849967286e-05
2250,6.770816453480373e-05,7.352264511973311e-05,7.468933518096796e-05,6.675143303430161e-05
2251,6.77434551500355e-05,7.395362631096967e-05,7.41492509948407e-05,6.704073980382986e-05
2252,6.769962632908306e-05,7.362050677865809e-05,7.45679684924331e-05,6.685054316843403e-05
2253,6.725804700523221e-05,7.313511008810772e-05,7.43840902173324e-05,6.646359215198e-05
2254,6.731952959888737e-05,7.327390367736646e-05,7.438455890591004e-05,6.636504033727835e-05
2255,6.764417008361842e-05,7.34440451437101e-05,7.407036927230836e-05,6.666865847464141e-05
2256,6.740401158611762e-05,7.322293082070515e-05,7.41102572345832e-05,6.650178150008137e-05
2257,6.74704575360852e-05,7.354536336950721e-05,7.447845417486991e-05,6.664952703420445e-05
2258,6.726717012539885e-05,7.306514926351806e-05,7.4377214364632e-05,6.647013694583913e-05
2259,6.736188114566146e-05,7.314604902526584e-05,7.421594588484473e-05,6.656693912637205e-05
2260,6.747044335449593e-05,7.285628248037962e-05,7.438452694010566e-05,6.635608850823339e-05
2261,6.741634826122762e-05,7.346913175818119e-05,7.381575673405665e-05,6.610837013300183e-05
2262,6.697275358859285e-05,7.295251311083784e-05,7.38848642916323e-05,6.648863550599192e-05
2263,6.718146172098266e-05,7.32085098061717e-05,7.376016215026835e-05,6.655322411074683e-05
2264,6.717512101817524e-05,7.292274984635184e-05,7.363285721996458e-05,6.631204529337587e-05
2265,6.704509426307447e-05,7.295073410633068e-05,7.38113317845988e-05,6.619678327004393e-05
2266,6.72931668195439e-05,7.342504294463333e-05,7.401119491193031e-05,6.598712001631906e-05
2267,6.704650400894816e-05,7.3112060058752e-05,7.355596140871002e-05,6.608271933702851e-05
2268,6.676728847203422e-05,7.308954009445786e-05,7.368824211698837e-05,6.595784371016756e-05
2269,6.675617089564518e-05,7.24639692443779e-05,7.387925684963323e-05,6.626669709100186e-05
2270,6.680320334505808e-05,7.250129748132015e-05,7.371906396138104e-05,6.60831672415231e-05
2271,6.666994929648615e-05,7.246205285943398e-05,7.34418101774507e-05,6.602684686177046e-05
2272,6.687474088553772e-05,7.276602305201337e-05,7.319018523938753e-05,6.582319493203675e-05
2273,6.657127361869325e-05,7.273559827211903e-05,7.342061380226447e-05,6.584816339541842e-05
2274,6.650814478592313e-05,7.264795365763844e-05,7.317474036036754e-05,6.565183952051326e-05
2275,6.666412794228917e-05,7.218802087248054e-05,7.346331061068322e-05,6.628157070382541e-05
2276,6.662747714902705e-05,7.249430272988245e-05,7.338043212570868e-05,6.575175147294758e-05
2277,6.647851541597529e-05,7.238294657247544e-05,7.311088888989669e-05,6.591786899876447e-05
2278,6.642092300718741e-05,7.292973002514483e-05,7.322170230263712e-05,6.571994630001144e-05
2279,6.633556526597611e-05,7.240045646311873e-05,7.273805348240541e-05,6.579138887373824e-05
2280,6.636381842702387e-05,7.224726386649009e-05,7.318194308646491e-05,6.555127696605371e-05
2281,6.629090608019224e-05,7.219520694981305e-05,7.319985443235182e-05,6.562208530580043e-05
2282,6.631092676431302e-05,7.225312489144751e-05,7.275324622815568e-05,6.522933159881921e-05
2283,6.610190228883022e-05,7.258619802827235e-05,7.297426484877516e-05,6.526059653077138e-05
2284,6.630780468957573e-05,7.192118841572011e-05,7.30060255574788e-05,6.535391680748434e-05
2285,6.611808454646538e-05,7.199678535549695e-05,7.287949987352389e-05,6.519025429510597e-05
2286,6.572625399876585e-05,7.197143093693644e-05,7.276165566529019e-05,6.531036319581519e-05
2287,6.598598132848455e-05,7.183104819228805e-05,7.245873656951036e-05,6.538365266934315e-05
2288,6.603669625857535e-05,7.206513000434902e-05,7.264342957573803e-05,6.560276631812915e-05
2289,6.583358115007242e-05,7.190477419156518e-05,7.267898650276747e-05,6.517557423755032e-05
2290,6.593922964710452e-05,7.182529501479373e-05,7.262234456665423e-05,6.52716460931328e-05
2291,6.587956950967772e-05,7.187928042559894e-05,7.259155321564389e-05,6.521702627525818e-05
2292,6.571609767454836e-05,7.160577056743732e-05,7.239266326476251e-05,6.509051463625863e-05
2293,6.550220580761413e-05,7.144691349725318e-05,7.225343853729078e-05,6.507367907759329e-05
2294,6.592840415880797e-05,7.162983323215286e-05,7.236078838584866e-05,6.498427330761162e-05
2295,6.587796943715838e-05,7.162638899518969e-05,7.242672236637169e-05,6.495873294758226e-05
2296,6.567520416907216e-05,7.13926695453946e-05,7.20708933229042e-05,6.479461981933619e-05
2297,6.563939197617592e-05,7.128139571044122e-05,7.206237638877669e-05,6.450197660676681e-05
2298,6.543457402024865e-05,7.138774292873425e-05,7.188735720857031e-05,6.500163701764254e-05
2299,6.555000723159544e-05,7.112909221014154e-05,7.209771340593083e-05,6.485917863589848e-05
2300,6.539029751641508e-05,7.126389418442602e-05,7.181631596888883e-05,6.469064087682388e-05
2301,6.531212416629617e-05,7.140348196041779e-05,7.183368775299251e-05,6.439084631980188e-05
2302,6.533980962373555e-05,7.144658697592955e-05,7.190920830817753e-05,6.467257705327621e-05
2303,6.512090509205857e-05,7.127811003671938e-05,7.188365689844123e-05,6.443437440075923e-05
2304,6.529295800104615e-05,7.117485755604666e-05,7.205605029819286e-05,6.464079391265712e-05
2305,6.523902425993296e-05,7.121556090951648e-05,7.132549198296705e-05,6.412043017224336e-05
2306,6.522776905887107e-05,7.094108272233092e-05,7.172724119225562e-05,6.426811078429722e-05
2307,6.508690007800354e-05,7.115821215529169e-05,7.17333517361966e-05,6.483306842265489e-05
2308,6.488386770610411e-05,7.05761028658597e-05,7.162722390924326e-05,6.434508794915528e-05
2309,6.511118459916829e-05,7.11319571957329e-05,7.157378036555537e-05,6.436430359451274e-05
2310,6.49940194888079e-05,7.080630244041181e-05,7.179122604971117e-05,6.445742063212506e-05
2311,6.484452068938795e-05,7.091475970536853e-05,7.114613974487972e-05,6.412577270953053e-05
2312,6.480234853756278e-05,7.080967785850906e-05,7.130032904093148e-05,6.413447018774455e-05
2313,6.486654080948067e-05,7.044599129636581e-05,7.142752454528682e-05,6.411690531604722e-05
2314,6.472297747884292e-05,7.055735203123378e-05,7.143263053734605e-05,6.421528905865003e-05
2315,6.491470159767908e-05,7.035256329689858e-05,7.131588896345378e-05,6.404114041708603e-05
2316,6.489921956204399e-05,7.018667588870763e-05,7.169453921547412e-05,6.399939012422613e-05
2317,6.495261984162647e-05,7.068160833698157e-05,7.139448547863393e-05,6.407375157310066e-05
2318,6.477868727975109e-05,7.03775678768705e-05,7.12006990238361e-05,6.398289466930605e-05
2319,6.460470607857256e-05,7.044745840635916e-05,7.101102641618582e-05,6.417663241371972e-05
2320,6.451337852142053e-05,7.015054491913501e-05,7.096410230719407e-05,6.405249189253475e-05
2321,6.455687128923971e-05,7.046397559451756e-05,7.113462258123314e-05,6.391901949142828e-05
2322,6.435162901105415e-05,7.037592578071991e-05,7.124072903166693e-05,6.395925410999165e-05
2323,6.427008054983235e-05,7.038974963912436e-05,7.083861585801697e-05,6.37386902082034e-05
2324,6.4491362389258e-05,7.034850179899316e-05,7.074056906289123e-05,6.36978721497862e-05
2325,6.448948366130526e-05,7.054287436844961e-05,7.06506678008003e-05,6.375724299881628e-05
2326,6.416199713165616e-05,7.008444928519611e-05,7.105007987717045e-05,6.384224272309942e-05
2327,6.43220003423135e-05,7.022594897065362e-05,7.060046216226826e-05,6.366960889425799e-05
2328,6.440025565082632e-05,7.006363230492622e-05,7.050804472469862e-05,6.352141230626948e-05
2329,6.438759312159069e-05,6.99553070050087e-05,7.087513112282792e-05,6.35595489490141e-05
2330,6.394043497007416e-05,7.01813601556075e-05,7.047536835806462e-05,6.344397073963399e-05
2331,6.408230639082977e-05,6.986946140457404e-05,7.072655029187473e-05,6.317840388741616e-05
2332,6.40713736400087e-05,6.973738020350079e-05,7.045594721867736e-05,6.334445551795525e-05
2333,6.388437396175428e-05,6.988783748005045e-05,7.035519630302243e-05,6.345882784601143e-05
2334,6.414731517950571e-05,6.954076514808563e-05,7.052522529792923e-05,6.332835563572047e-05
2335,6.406990699068281e-05,6.963020188892498e-05,7.022560869233963e-05,6.321608310293344e-05
2336,6.395394847550624e-05,6.979676351837432e-05,7.042322290630318e-05,6.366904399454022e-05
2337,6.382716334678225e-05,6.978175979079684e-05,7.027873830280929e-05,6.323161308669681e-05
2338,6.399730661431417e-05,6.963777018124395e-05,7.016753333774449e-05,6.317611689653823e-05
2339,6.383092205099123e-05,6.967251434052307e-05,7.015465425432318e-05,6.326446022616086e-05
2340,6.382153296352716e-05,6.951791145735342e-05,6.993351524659089e-05,6.292730606316121e-05
2341,6.377904816928616e-05,6.911562674371432e-05,7.015999145563094e-05,6.294486816870793e-05
2342,6.372802512890392e-05,6.977709103566422e-05,7.010454585225946e-05,6.30528381965843e-05
2343,6.363329808935816e-05,6.94289660876261e-05,6.978505042181846e-05,6.29685035522188e-05
2344,6.365625070667608e-05,6.937833438561677e-05,6.987767920818372e-05,6.267434951494973e-05
2345,6.363979822197782e-05,6.94114843877258e-05,6.980380490168962e-05,6.263293135225036e-05
2346,6.359679813060218e-05,6.961963056522406e-05,6.972840880886123e-05,6.284839726271088e-05
2347,6.343173149922416e-05,6.895179786747875e-05,6.966146915612615e-05,6.28432397578979e-05
2348,6.334140741046237e-05,6.91930349395927e-05,6.961715931876686e-05,6.309263725962247e-05
2349,6.328978128143811e-05,6.918424185930467e-05,6.998567693276456e-05,6.26905100873186e-05
2350,6.309807034387323e-05,6.912727033841083e-05,6.945939130377776e-05,6.256984130090743e-05
2351,6.347365599985376e-05,6.895989954909529e-05,6.939019987198493e-05,6.26809610554282e-05
2352,6.321942469771672e-05,6.908619667954068e-05,6.971176330897532e-05,6.285528264293267e-05
2353,6.337427169760535e-05,6.884973061032666e-05,6.941309424781514e-05,6.268542677161409e-05
2354,6.341035010440311e-05,6.905660420414616e-05,6.92534356715683e-05,6.257387879865308e-05
2355,6.305999420866915e-05,6.863674937456466e-05,6.917092187286443e-05,6.244246638570756e-05
2356,6.314099032773331e-05,6.887967673540554e-05,6.94984278663789e-05,6.235335427280481e-05
2357,6.298988117372172e-05,6.877041442454396e-05,6.941886256740835e-05,6.242661407525358e-05
2358,6.299116310793098e-05,6.866048984827174e-05,6.89566264776795e-05,6.236829432679381e-05
2359,6.278552231192323e-05,6.874162198556601e-05,6.913569693547332e-05,6.253464862340682e-05
2360,6.297208453845201e-05,6.862240770445985e-05,6.919529224920859e-05,6.239560708191507e-05
2361,6.282798966593881e-05,6.871351838906665e-05,6.89446056725845e-05,6.246482873105981e-05
2362,6.285062466686876e-05,6.874404187818465e-05,6.902556887591909e-05,6.237645449855591e-05
2363,6.277840742176645e-05,6.845380903502578e-05,6.896686739273201e-05,6.238905870968791e-05
2364,6.271182340294426e-05,6.868091629302353e-05,6.907044444761595e-05,6.228998272680739e-05
2365,6.267315132528957e-05,6.846562394810789e-05,6.886253610955887e-05,6.210238448308165e-05
2366,6.276555009252508e-05,6.842830465944184e-05,6.862361552474575e-05,6.210323839654686e-05
2367,6.250278431281727e-05,6.839244098997696e-05,6.878951663895127e-05,6.206684669260309e-05
2368,6.254473198926215e-05,6.821437897955863e-05,6.884711046044785e-05,6.194723533525784e-05
2369,6.24245462162682e-05,6.828136663371424e-05,6.876079611038295e-05,6.216751893415912e-05
2370,6.240421135722844e-05,6.819396625573949e-05,6.866044357401431e-05,6.194727258313337e-05
2371,6.254038156723383e-05,6.828735009938522e-05,6.862759215790725e-05,6.16835915440876e-05
2372,6.234277705531887e-05,6.80886012567159e-05,6.854492651727097e-05,6.201123203031364e-05
2373,6.24139824554832e-05,6.808288310625702e-05,6.841368125831946e-05,6.195273357664632e-05
2374,6.239866823098699e-05,6.802993793784677e-05,6.87096876458243e-05,6.177114617530994e-05
2375,6.230699107968544e-05,6.821975596844941e-05,6.85622337269166e-05,6.218116040657587e-05
2376,6.226047832598673e-05,6.795553169825898e-05,6.854757734013134e-05,6.181217543009762e-05
2377,6.223092514789664e-05,6.79587285686257e-05,6.832867748598544e-05,6.16477660489094e-05
2378,6.215169447000595e-05,6.795498320030253e-05,6.834017091575561e-05,6.172644872519471e-05
2379,6.217987505586745e-05,6.779471904562566e-05,6.803472419825182e-05,6.163001230054276e-05
2380,6.209975986204952e-05,6.801293348180042e-05,6.800676211216922e-05,6.179746377364533e-05
2381,6.202779709480364e-05,6.776440109261223e-05,6.821496195483208e-05,6.127666713547116e-05
2382,6.194736350115357e-05,6.762347522339231e-05,6.803580845491069e-05,6.197073588508035e-05
2383,6.200257643455691e-05,6.781058497607035e-05,6.802224520165703e-05,6.141519407504718e-05
2384,6.19195915233713e-05,6.76274837925092e-05,6.806375550667488e-05,6.16923355169371e-05
2385,6.198740666572383e-05,6.738868950654981e-05,6.815861578599352e-05,6.142095977665563e-05
2386,6.175498580006355e-05,6.775548954850714e-05,6.810676109526238e-05,6.11821569479251e-05
2387,6.175014528545807e-05,6.764820828249809e-05,6.804405497907906e-05,6.129040352479534e-05
2388,6.175272043015405e-05,6.731037188630233e-05,6.761133083510096e-05,6.134933473658244e-05
2389,6.176392960967708e-05,6.750282638094297e-05,6.776473440759062e-05,6.139333718833902e-05
2390,6.165547170286545e-05,6.7330823831352e-05,6.784505260694453e-05,6.11434298757345e-05
2391,6.162356124077628e-05,6.727152923925332e-05,6.773755955491542e-05,6.12897105999756e-05
2392,6.167729186177856e-05,6.737566194658169e-05,6.785698786043547e-05,6.091559065788138e-05
2393,6.159462809458628e-05,6.713364598063068e-05,6.778361072619147e-05,6.104565973683346e-05
2394,6.175848880533578e-05,6.721708890910175e-05,6.768691391715714e-05,6.123648216703981e-05
2395,6.156291521102324e-05,6.726321425121586e-05,6.739572030306729e-05,6.081241266943809e-05
2396,6.167986459752434e-05,6.693369377852876e-05,6.757566292121074e-05,6.076240743872482e-05
2397,6.137471959273952e-05,6.704799881056564e-05,6.754034635153409e-05,6.105497347091555e-05
2398,6.154938593665663e-05,6.710221412659967e-05,6.75684778345336e-05,6.086149808014758e-05
2399,6.135828244582654e-05,6.735446170019635e-05,6.742816824374438e-05,6.094956628023615e-05
2400,6.131887424323667e-05,6.72690077167036e-05,6.731393118892982e-05,6.094904366473247e-05
2401,6.133369793384833e-05,6.675493454807664e-05,6.741133847188388e-05,6.081660279679843e-05
2402,6.13231526443774e-05,6.69750756529496e-05,6.724305978211802e-05,6.0533178817801025e-05
2403,6.127957798183906e-05,6.677585013466778e-05,6.713383275058651e-05,6.0886257549022635e-05
2404,6.125001193739432e-05,6.658667097050404e-05,6.728814904981295e-05,6.0625768309925104e-05
2405,6.116116035539649e-05,6.686025372464076e-05,6.708161334471821e-05,6.07025685126088e-05
2406,6.119459505452682e-05,6.667601534426352e-05,6.714263088110632e-05,6.0599059019211495e-05
2407,6.11237682069901e-05,6.681460935630695e-05,6.723422373341343e-05,6.0570705169748506e-05
2408,6.1013002006177844e-05,6.68354352318528e-05,6.712522919279145e-05,6.068703347366906e-05
2409,6.0939983906379846e-05,6.642954697468726e-05,6.717638545928601e-05,6.061450149580514e-05
2410,6.095217053764944e-05,6.674635169416214e-05,6.710332860811983e-05,6.0600223088157596e-05
2411,6.098689318692217e-05,6.652705792543333e-05,6.694667660311298e-05,6.051127329673973e-05
2412,6.0951875626260064e-05,6.684142170979758e-05,6.687511352249968e-05,6.0472069126872114e-05
2413,6.075286349066502e-05,6.65251331207545e-05,6.689586162510625e-05,6.039863027408446e-05
2414,6.077716908096982e-05,6.65175322793938e-05,6.702452608711113e-05,6.028251370066102e-05
2415,6.0829260766831505e-05,6.622977003362366e-05,6.676075000151832e-05,6.042744359773222e-05
2416,6.076677525338007e-05,6.639411781592955e-05,6.660981959156962e-05,6.035486740027263e-05
2417,6.0607109843289965e-05,6.626242006033409e-05,6.661720216987198e-05,6.027184617583408e-05
2418,6.066906405499391e-05,6.627398530349456e-05,6.661757180634422e-05,6.0128043890355845e-05
2419,6.0781525721654516e-05,6.616849941420892e-05,6.679312621172341e-05,6.024396483862733e-05
2420,6.04420414838535e-05,6.624617285814455e-05,6.652254255864245e-05,5.999591771944101e-05
2421,6.054742441474382e-05,6.601388882847877e-05,6.646368300376714e-05,6.031527578898053e-05
2422,6.0396630972566434e-05,6.618704300096292e-05,6.639640220899759e-05,6.008476277395093e-05
2423,6.034844082859275e-05,6.619687093589434e-05,6.654905789143374e-05,6.008361792615438e-05
2424,6.037360674074574e-05,6.602948473683386e-05,6.640213041420226e-05,6.008411390096609e-05
2425,6.027023321057557e-05,6.575368529648417e-05,6.647505554349587e-05,5.9966105759647054e-05
2426,6.0454616799051166e-05,6.607902668373744e-05,6.63742740941236e-05,5.9890738901912154e-05
2427,6.0363927899747765e-05,6.571584461921875e-05,6.607151214413046e-05,5.983972548914334e-05
2428,6.014606888356755e-05,6.596466519423786e-05,6.642990836715712e-05,5.974129154793487e-05
2429,6.043118709623416e-05,6.588823593694778e-05,6.610315636966899e-05,5.983692562447428e-05
2430,6.001215199206998e-05,6.579578004646525e-05,6.605608101214657e-05,5.991882288274076e-05
2431,6.01107655595776e-05,6.564809141612111e-05,6.591872168393013e-05,5.97389118646942e-05
2432,6.018580643859825e-05,6.550406479422518e-05,6.602467847658603e-05,5.970114186013133e-05
2433,6.007015396945206e-05,6.581865530682046e-05,6.611854555043792e-05,5.984596046541231e-05
2434,6.000482418339871e-05,6.566638634697606e-05,6.585261453424763e-05,5.952306507959198e-05
2435,5.997930545793365e-05,6.572844406510514e-05,6.591288073021204e-05,5.96726904241018e-05
2436,5.99274157833787e-05,6.559724372634854e-05,6.572592764524268e-05,5.969982259701805e-05
2437,5.998741953431154e-05,6.55435713510826e-05,6.585951012181485e-05,5.9646096731070946e-05
2438,5.977557918862614e-05,6.555261263715762e-05,6.586017168735266e-05,5.9312018079016864e-05
2439,5.980583059306434e-05,6.552522995476181e-05,6.576073871454421e-05,5.9662655900242856e-05
2440,5.976441041780593e-05,6.525393253218638e-05,6.55782431150746e-05,5.959934284798951e-05
2441,5.983039694818471e-05,6.520953745883977e-05,6.556229837583231e-05,5.947344433247188e-05
2442,5.9572607278689695e-05,6.540434097438902e-05,6.558886232956986e-05,5.926261545495963e-05
2443,5.9805457431247314e-05,6.515946025941931e-05,6.549074165337531e-05,5.9346044846630794e-05
2444,5.968246061040761e-05,6.541234677398411e-05,6.567315660104758e-05,5.93610068958739e-05
2445,5.954201867305309e-05,6.52224577257483e-05,6.559660623880665e-05,5.912259626406835e-05
2446,5.958578629812423e-05,6.494666586212138e-05,6.551018952296542e-05,5.910627806667413e-05
2447,5.9581497966236514e-05,6.521913901515781e-05,6.554475284871481e-05,5.911738224959708e-05
2448,5.9546555120662974e-05,6.51939665539321e-05,6.550915213144123e-05,5.9108838030535825e-05
2449,5.944683962086894e-05,6.49866508557719e-05,6.540999299775856e-05,5.920919282613129e-05
2450,5.9497609612453016e-05,6.500391032666178e-05,6.52233742420384e-05,5.9154126557479384e-05
2451,5.9480521628663745e-05,6.500464254814016e-05,6.531658200964554e-05,5.893705594136186e-05
2452,5.9392066887459076e-05,6.49223085774519e-05,6.532679205628635e-05,5.901652696904541e-05
2453,5.937241081193506e-05,6.47740417345283e-05,6.494329350277466e-05,5.8917387333176666e-05
2454,5.9274782973767116e-05,6.491488422192387e-05,6.500501597539588e-05,5.903786722804317e-05
2455,5.9362525684480794e-05,6.481314003607494e-05,6.496734526382564e-05,5.887743377536219e-05
2456,5.935543308105765e-05,6.481536680190541e-05,6.50259692514086e-05,5.898621323378527e-05
2457,5.9003727359795296e-05,6.487735114121583e-05,6.492437017612031e-05,5.885925695426619e-05
2458,5.9207680174918596e-05,6.482237003161955e-05,6.498864506202503e-05,5.906931758428106e-05
2459,5.915143233188482e-05,6.468267536036468e-05,6.501244324173004e-05,5.8876374393964246e-05
2460,5.911191829794327e-05,6.470646034405769e-05,6.494869016502271e-05,5.863437853368982e-05
2461,5.9066152912221784e-05,6.47009937404781e-05,6.482166657847377e-05,5.887552261892273e-05
2462,5.907375315995749e-05,6.44518340523695e-05,6.488401337614895e-05,5.877700706012252e-05
2463,5.8955967564560645e-05,6.4534854900904e-05,6.472775566783464e-05,5.879796450754772e-05
2464,5.894975212823262e-05,6.46524305635015e-05,6.458495920588042e-05,5.8749158977220856e-05
2465,5.8961526962146486e-05,6.446203067536926e-05,6.488226471751769e-05,5.8570424098403595e-05
2466,5.8863861182487174e-05,6.436586008792826e-05,6.472416023758726e-05,5.8556211962892855e-05
2467,5.8751901878074365e-05,6.433150447928704e-05,6.474169954304302e-05,5.856371088350202e-05
2468,5.8952117312540284e-05,6.444449108925884e-05,6.45831541841557e-05,5.858481926882957e-05
2469,5.876316871978144e-05,6.431642992507861e-05,6.467019784751245e-05,5.832717807964431e-05
2470,5.859639405417273e-05,6.416056258047049e-05,6.458887742525147e-05,5.842956492444808e-05
2471,5.871182192303623e-05,6.434524287578613e-05,6.455523750533972e-05,5.8629450387753375e-05
2472,5.8678412812353734e-05,6.416539773018577e-05,6.432168240367786e-05,5.832041577556136e-05
2473,5.8708066608512686e-05,6.431721898764811e-05,6.426295335934144e-05,5.821219423492521e-05
2474,5.865955899241789e-05,6.421525196563543e-05,6.419924045584585e-05,5.82471985523636e-05
2475,5.849349988774645e-05,6.419104028142209e-05,6.419096269791881e-05,5.8206451178458964e-05
2476,5.856593980196524e-05,6.402931634888344e-05,6.430025684852708e-05,5.82747581970596e-05
2477,5.8516992657805e-05,6.409734478621437e-05,6.417895287629769e-05,5.845960017016417e-05
2478,5.831125122321973e-05,6.400779864410725e-05,6.415641693205984e-05,5.831362505294643e-05
2479,5.847998923946536e-05,6.404161382045463e-05,6.421846673032559e-05,5.817376904992638e-05
2480,5.8337477164103545e-05,6.382657701255119e-05,6.390688692473023e-05,5.820429143081361e-05
2481,5.827109407572023e-05,6.379106495186191e-05,6.40399346415067e-05,5.8103301499944825e-05
2482,5.832997101306855e-05,6.367732282379707e-05,6.40225042280347e-05,5.8125144369407207e-05
2483,5.842494374250785e-05,6.379303020864942e-05,6.382897201544541e-05,5.789948247010667e-05
2484,5.8194239957278276e-05,6.368608228062205e-05,6.410740870239287e-05,5.789754132313887e-05
2485,5.823462776831907e-05,6.372192906348779e-05,6.398615905521742e-05,5.781578742162648e-05
2486,5.822544331136236e-05,6.393006126517018e-05,6.367841173352847e-05,5.773930321787579e-05
2487,5.809428885090181e-05,6.374522248322659e-05,6.384179267314013e-05,5.796539689022246e-05
2488,5.8133816490149506e-05,6.377173929505474e-05,6.356723399139304e-05,5.7997358512962895e-05
2489,5.802655574329161e-05,6.3751060162259e-05,6.37413547387074e-05,5.778659691199073e-05
2490,5.8115933398802445e-05,6.348264642093699e-05,6.369575672078235e-05,5.7877841934623156e-05
2491,5.8016094693187375e-05,6.341045409013708e-05,6.357436600834746e-05,5.776428258718008e-05
2492,5.791410198444179e-05,6.349621248360634e-05,6.356594403468015e-05,5.766192465942838e-05
2493,5.796432548680343e-05,6.355032524025637e-05,6.366260628742433e-05,5.7705762358195815e-05
2494,5.789249691754151e-05,6.345274739409362e-05,6.372988138328253e-05,5.782225394875624e-05
2495,5.788837540007175e-05,6.359626652016356e-05,6.347267218784238e-05,5.766264920474607e-05
2496,5.7756496872827476e-05,6.341680969360145e-05,6.345913907655355e-05,5.77005636972433e-05
2497,5.787850632006429e-05,6.327735234840299e-05,6.359595436540393e-05,5.763831807259004e-05
2498,5.787725818884095e-05,6.326501442771819e-05,6.351459172521229e-05,5.7563604766494374e-05
2499,5.7689043133633854e-05,6.32636802628196e-05,6.345673298864359e-05,5.7486675074374105e-05
2500,5.7713554444536074e-05,6.317970062487603e-05,6.343831999479581e-05,5.7517465284960746e-05
2501,5.7705250862967176e-05,6.312352341320576e-05,6.323579169261277e-05,5.734088180635395e-05
2502,5.760991766705945e-05,6.316968513340914e-05,6.327220935145556e-05,5.7418289414036497e-05
2503,5.757135996554473e-05,6.307069749932166e-05,6.325590472855422e-05,5.7339230552875525e-05
2504,5.7506317557033445e-05,6.300846065171334e-05,6.30437816623266e-05,5.7514922092594295e-05
2505,5.754918749063956e-05,6.307600772315053e-05,6.312663939766142e-05,5.735268208677226e-05
2506,5.749904646889291e-05,6.288731862183545e-05,6.305977942188639e-05,5.728851709881164e-05
2507,5.7375499336736495e-05,6.298378909900964e-05,6.307601647350912e-05,5.7279258763782454e-05
2508,5.751863183155641e-05,6.296742230616562e-05,6.298609785069582e-05,5.7214205926053266e-05
2509,5.7498097057998016e-05,6.282906780671924e-05,6.299403673345512e-05,5.723270696585463e-05
2510,5.740794322925441e-05,6.27612528708071e-05,6.291268182703523e-05,5.727716356454757e-05
2511,5.725543834606088e-05,6.286587908503616e-05,6.28577001016292e-05,5.71678362376328e-05
2512,5.721215510582543e-05,6.276403746508211e-05,6.286589322157723e-05,5.713333844379821e-05
2513,5.737434974943939e-05,6.260453920643766e-05,6.283531910988397e-05,5.703572960120611e-05
2514,5.72147930176498e-05,6.266884401292334e-05,6.276290089127482e-05,5.712813732909087e-05
2515,5.7231047474777644e-05,6.270293292750009e-05,6.268602254279912e-05,5.7112084154352945e-05
2516,5.713299517619772e-05,6.25793219043275e-05,6.263753993231254e-05,5.6896760868690026e-05
2517,5.7149979151117186e-05,6.255484665629441e-05,6.271566570526878e-05,5.696217184522474e-05
2518,5.7042205306540425e-05,6.263487808430667e-05,6.262946096941265e-05,5.685131501426426e-05
2519,5.707405710840407e-05,6.246091497073143e-05,6.257333753604932e-05,5.693483853414291e-05
2520,5.70032536894344e-05,6.255352054691339e-05,6.249867487444398e-05,5.6819281775605886e-05
2521,5.6884038497197197e-05,6.252053136746713e-05,6.243827078563178e-05,5.6954802526981654e-05
2522,5.701561255646897e-05,6.25379912647968e-05,6.239162923022076e-05,5.6765989760310436e-05
2523,5.696436907555705e-05,6.242922767343025e-05,6.248328714656646e-05,5.657795886217582e-05
2524,5.693046346055602e-05,6.23033183194744e-05,6.237231180506722e-05,5.6752628320045896e-05
2525,5.682427747140822e-05,6.24094868934971e-05,6.237682869755013e-05,5.680663512217283e-05
2526,5.6749317489763885e-05,6.224596092832922e-05,6.247037450742436e-05,5.664896965325263e-05
2527,5.671160301688999e-05,6.226197673030049e-05,6.242770069472052e-05,5.6615894231490606e-05
2528,5.676632614144121e-05,6.215056402076567e-05,6.227111321184321e-05,5.659796392740354e-05
2529,5.6783987465208054e-05,6.20738406528166e-05,6.232257725100918e-05,5.6587288514856834e-05
2530,5.6717626805908236e-05,6.212943346612854e-05,6.215005049966495e-05,5.655303408989067e-05
2531,5.670013222085993e-05,6.210719537881447e-05,6.217135690370032e-05,5.664820308988518e-05
2532,5.669024235725511e-05,6.213836006224484e-05,6.208520706141928e-05,5.6506467323012255e-05
2533,5.65616074585501e-05,6.200219521786865e-05,6.205874545667815e-05,5.642464139956927e-05
2534,5.6673973846320294e-05,6.205085183637886e-05,6.197563150011886e-05,5.644670174123406e-05
2535,5.65418203269771e-05,6.200074836669464e-05,6.208790469301118e-05,5.629358129946499e-05
2536,5.6540298363081736e-05,6.183860428115639e-05,6.196256541043436e-05,5.637497466514987e-05
2537,5.652793498819777e-05,6.174575343897865e-05,6.197449111898002e-05,5.6335592169229324e-05
2538,5.6403929508425594e-05,6.178446347729549e-05,6.201269677007262e-05,5.6249030736700995e-05
2539,5.641535845568314e-05,6.17855798445819e-05,6.183729449761816e-05,5.6362750671789635e-05
2540,5.6361907847343326e-05,6.183207425429524e-05,6.183933723744118e-05,5.622201450272913e-05
2541,5.640765580351701e-05,6.190345024804485e-05,6.180682802741073e-05,5.62166636049755e-05
2542,5.6398849551323114e-05,6.165845611043033e-05,6.180068403256545e-05,5.612518032108755e-05
2543,5.634493599338874e-05,6.167616780884145e-05,6.181792964527369e-05,5.6129843643302635e-05
2544,5.6201611506617423e-05,6.16274244296273e-05,6.16292635654005e-05,5.60842997943508e-05
2545,5.623457184147035e-05,6.164852545029808e-05,6.156382431140366e-05,5.614647406250296e-05
2546,5.613980463029696e-05,6.166327973102417e-05,6.164187989913566e-05,5.601894890142658e-05
2547,5.6008274597703696e-05,6.158978596598184e-05,6.154312716372172e-05,5.604993778520693e-05
2548,5.6035796773995036e-05,6.151508039301154e-05,6.150999688320386e-05,5.600972525094715e-05
2549,5.607417625214085e-05,6.143079586727885e-05,6.144740745832292e-05,5.606805139592945e-05
2550,5.6078143960885626e-05,6.149034891666806e-05,6.147271346037674e-05,5.5934271659549595e-05
2551,5.5896805177729566e-05,6.136877310279965e-05,6.149201294977142e-05,5.590666239219471e-05
2552,5.602862788034842e-05,6.143298718131841e-05,6.135580450705478e-05,5.5932779401837014e-05
2553,5.5918998916052653e-05,6.135845745610436e-05,6.129407318620903e-05,5.575904263707864e-05
2554,5.589858304620425e-05,6.134585864723014e-05,6.141554837707634e-05,5.584880919301411e-05
2555,5.581681177578776e-05,6.130176968642736e-05,6.13047102743896e-05,5.579011311030096e-05
2556,5.5796235959115324e-05,6.125448177266117e-05,6.13107869796332e-05,5.5846697493499176e-05
2557,5.578171843546503e-05,6.106027922049071e-05,6.12803109316563e-05,5.564482371663797e-05
2558,5.584751608740343e-05,6.13477499553114e-05,6.116931487173557e-05,5.56557532537427e-05
2559,5.5767589043484335e-05,6.12767647702386e-05,6.116072466692384e-05,5.56766235707103e-05
2560,5.572417354055661e-05,6.112535954844967e-05,6.109226719293735e-05,5.576524966806261e-05
2561,5.571118595479614e-05,6.101175799500306e-05,6.0951621694418236e-05,5.5657874861472674e-05
2562,5.552778296214785e-05,6.103340489734873e-05,6.092940141103189e-05,5.54870562119712e-05
2563,5.558724643826872e-05,6.10969417736541e-05,6.106485920327993e-05,5.5625947028260516e-05
2564,5.562252842677569e-05,6.0975822986334014e-05,6.110106116690722e-05,5.5516123835177655e-05
2565,5.5544951284627136e-05,6.0845078374482113e-05,6.10031207408263e-05,5.5465017777341616e-05
2566,5.5493310665375124e-05,6.0992643636025914e-05,6.07522450059036e-05,5.540470608317039e-05
2567,5.5536239908279486e-05,6.091187673543308e-05,6.080599455018851e-05,5.544540447289253e-05
2568,5.53852337915114e-05,6.0992373998698474e-05,6.075940589106974e-05,5.530016575376254e-05
2569,5.54915944066492e-05,6.0874574860597296e-05,6.081393164508867e-05,5.5442153614233254e-05
2570,5.541648104745165e-05,6.078796615488402e-05,6.077122169247723e-05,5.524264926158342e-05
2571,5.541708985401553e-05,6.074322533380096e-05,6.067974728361246e-05,5.5410747851193834e-05
2572,5.529352319948698e-05,6.079609058705584e-05,6.063882203328143e-05,5.5263272232687344e-05
2573,5.52480037635685e-05,6.0724533455741525e-05,6.073990761187406e-05,5.524116556190153e-05
2574,5.5337138358906426e-05,6.06561599201056e-05,6.062303779251156e-05,5.517349554583026e-05
2575,5.5219426998135066e-05,6.063139147232471e-05,6.0469330356256436e-05,5.527679939315574e-05
2576,5.521922431267442e-05,6.0531801979084155e-05,6.054694681756552e-05,5.5137014063475886e-05
2577,5.511107714868994e-05,6.050964891479747e-05,6.057354290667209e-05,5.511676093797853e-05
2578,5.5104200989675274e-05,6.055807059295049e-05,6.0479721825879296e-05,5.523870999978967e-05
2579,5.5163624398798555e-05,6.0600692443122246e-05,6.05124668208947e-05,5.503387328218953e-05
2580,5.510706959786239e-05,6.037454923161765e-05,6.043491283712242e-05,5.501987081959351e-05
2581,5.5064914467579914e-05,6.0326161783908717e-05,6.029850944025658e-05,5.505397889059652e-05
2582,5.5009071767797774e-05,6.0368614046057276e-05,6.033356988386549e-05,5.493422577245936e-05
2583,5.497869084525267e-05,6.041507866573604e-05,6.032681563393166e-05,5.4987880971815206e-05
2584,5.486184818727265e-05,6.027382773275895e-05,6.025909707680516e-05,5.491594937263272e-05
2585,5.488071566907176e-05,6.023522068615392e-05,6.026706282992173e-05,5.489823370185857e-05
2586,5.490826263101166e-05,6.0354947520498184e-05,6.025211444408158e-05,5.486455662197959e-05
2587,5.489918686454792e-05,6.014666387173825e-05,6.0164058599659056e-05,5.481017772491379e-05
2588,5.4902659725769434e-05,6.031831441313158e-05,6.013376396398649e-05,5.482108576608866e-05
2589,5.4805073903120875e-05,6.018022950604633e-05,6.011182152183888e-05,5.4695463497716476e-05
2590,5.478111064039893e-05,6.0078432768947546e-05,6.00691194685352e-05,5.471982912395133e-05
2591,5.476121052908453e-05,6.008019562852887e-05,6.002791779149326e-05,5.467841690846433e-05
2592,5.4700525804856925e-05,6.005052780210915e-05,5.9975198256080905e-05,5.470114627121353e-05
2593,5.468165789571556e-05,5.9952414698782954e-05,5.9976927938435526e-05,5.46657502759478e-05
2594,5.460313334510746e-05,5.996849032565615e-05,5.986755773972571e-05,5.463735717140148e-05
2595,5.462525920806269e-05,6.000453462178847e-05,5.987162484240187e-05,5.460169294485843e-05
2596,5.46299164334936e-05,5.995484250775351e-05,5.975310942635959e-05,5.4550866930615435e-05
2597,5.454132910895364e-05,5.988886464470076e-05,5.9788348575220586e-05,5.464387950058719e-05
2598,5.454253434375556e-05,5.987154241160042e-05,5.9839813888697534e-05,5.449013790546263e-05
2599,5.44740630514104e-05,5.984883996098795e-05,5.9725603199744e-05,5.45990635616103e-05
2600,5.4424638228614834e-05,5.989528580468842e-05,5.971757760256537e-05,5.4497471640057043e-05
2601,5.4447285814108704e-05,5.964748603504787e-05,5.974569190248986e-05,5.429344220601753e-05
2602,5.440990715064488e-05,5.979458193006521e-05,5.9633327264774684e-05,5.4336535043452566e-05
2603,5.441130886419571e-05,5.9768711355651434e-05,5.957558108347155e-05,5.442062446088265e-05
2604,5.4385592560167684e-05,5.9652294278633116e-05,5.9509249981148265e-05,5.440407085450124e-05
2605,5.42993396066987e-05,5.9600655447361824e-05,5.9434993512278564e-05,5.431988612078164e-05
2606,5.4325322542041896e-05,5.958868590880597e-05,5.947867613996914e-05,5.4284020644259445e-05
2607,5.422496179283973e-05,5.9583267995165646e-05,5.950986019228212e-05,5.423318293864819e-05
2608,5.42643751334632e-05,5.9561175075005086e-05,5.952130554581247e-05,5.4193262829546316e-05
2609,5.423310320239616e-05,5.9561951297211314e-05,5.9404683842687096e-05,5.417198320280853e-05
2610,5.424096408412452e-05,5.955476989446372e-05,5.933152614858995e-05,5.425339589189016e-05
2611,5.4219394583290484e-05,5.9482767716562994e-05,5.931528640215133e-05,5.415236001499625e-05
2612,5.411775944819009e-05,5.953133124779322e-05,5.929366755642074e-05,5.396738502276063e-05
2613,5.401707401185382e-05,5.940582966045991e-05,5.929287153602787e-05,5.409163738500741e-05
2614,5.40858052545714e-05,5.941572005523422e-05,5.91998286635306e-05,5.4025546065127305e-05
2615,5.410035757532113e-05,5.927498057949461e-05,5.919802480386988e-05,5.406420503161231e-05
2616,5.396701790816992e-05,5.9315704143741514e-05,5.922434425410764e-05,5.3944099730578014e-05
2617,5.3981954778668755e-05,5.9298674388664724e-05,5.921425876965392e-05,5.400539604085901e-05
2618,5.391359976487142e-05,5.9261460134011785e-05,5.912626684584164e-05,5.3968065127989524e-05
2619,5.3877543769541675e-05,5.931584210131831e-05,5.910818417985162e-05,5.387408558742994e-05
2620,5.3875517161384655e-05,5.924896468720325e-05,5.907307128636736e-05,5.396391715861787e-05
2621,5.388684927843291e-05,5.914180647712983e-05,5.9055591564448695e-05,5.384656058059181e-05
2622,5.386999655655165e-05,5.924027083890201e-05,5.895474032946148e-05,5.381927801618363e-05
2623,5.3837001676722224e-05,5.912762697481721e-05,5.9007917023206156e-05,5.376391435608191e-05
2624,5.372683131088198e-05,5.892809482529405e-05,5.888047844297829e-05,5.3812005095933555e-05
2625,5.369085960338193e-05,5.9014192341547516e-05,5.884776196749991e-05,5.379600005977787e-05
2626,5.3659177838885276e-05,5.9047842095436445e-05,5.885274046688184e-05,5.373223570526366e-05
2627,5.367292417180182e-05,5.904999017034162e-05,5.881731208096229e-05,5.373667031302261e-05
2628,5.3648575717402644e-05,5.895490618117668e-05,5.883015105007086e-05,5.372557094766741e-05
2629,5.360961985077152e-05,5.898805096648732e-05,5.8694858737395806e-05,5.366083166288289e-05
2630,5.355634503011958e-05,5.890009786970413e-05,5.8710852672515106e-05,5.367473854784002e-05
2631,5.358730514508432e-05,5.8936390418854004e-05,5.874699703142965e-05,5.363147478309294e-05
2632,5.358569792374357e-05,5.885933342933741e-05,5.866733857412107e-05,5.361497739587918e-05
2633,5.3527978545151414e-05,5.8720217802807975e-05,5.8685786127547334e-05,5.363078515312359e-05
2634,5.348403462082666e-05,5.875745497294292e-05,5.8645335755487796e-05,5.3523364600127015e-05
2635,5.341923467265521e-05,5.881257301360262e-05,5.865341556660121e-05,5.351188138238297e-05
2636,5.3401333653487135e-05,5.871068793943241e-05,5.847237463614854e-05,5.347209399904059e-05
2637,5.33418419017675e-05,5.876225221397918e-05,5.8516155935805874e-05,5.347278807890483e-05
2638,5.334813328519907e-05,5.8591145009836606e-05,5.8428879756674876e-05,5.3437118266938455e-05
2639,5.32986235457397e-05,5.855164809685015e-05,5.8378878259809946e-05,5.3336539311964586e-05
2640,5.327654925188234e-05,5.864590326672712e-05,5.8389607095939695e-05,5.329234039301686e-05
2641,5.323598978692664e-05,5.857346511438064e-05,5.832372430750327e-05,5.326900193830336e-05
2642,5.32484890360182e-05,5.85724282063051e-05,5.8406545864224545e-05,5.32450299586908e-05
2643,5.32276312842716e-05,5.8449143738920955e-05,5.832660564444696e-05,5.3262731511391316e-05
2644,5.320527499335283e-05,5.8473703027875485e-05,5.8234856742641e-05,5.320237568801971e-05
2645,5.3130679415451357e-05,5.841966618692781e-05,5.821815453831867e-05,5.3182574356737504e-05
2646,5.310949780824312e-05,5.834379042087691e-05,5.816920091354991e-05,5.31585661226739e-05
2647,5.302693144649362e-05,5.8346374758192225e-05,5.820628249471789e-05,5.313064940585701e-05
2648,5.307057946886832e-05,5.839188987756006e-05,5.812641292224697e-05,5.308839241328859e-05
2649,5.307009813036023e-05,5.8282914333780315e-05,5.8096294093912215e-05,5.31628398975202e-05
2650,5.2999822228183026e-05,5.813991404685578e-05,5.805306332276987e-05,5.309788966360642e-05
2651,5.298385801438006e-05,5.8121811050806927e-05,5.7987075910825015e-05,5.308453861812552e-05
2652,5.287588749236103e-05,5.823910262292596e-05,5.796947717071286e-05,5.301489824121164e-05
2653,5.2865507024992456e-05,5.817981038082914e-05,5.792397142349369e-05,5.2914230976767106e-05
2654,5.292680344515156e-05,5.8158466486864146e-05,5.7864546409606655e-05,5.302654137366528e-05
2655,5.289138117098281e-05,5.802310410241804e-05,5.789065346156273e-05,5.289627748296918e-05
2656,5.288415199172596e-05,5.806404197362794e-05,5.786537489689763e-05,5.294966509832924e-05
2657,5.2769575536040974e-05,5.8060417730119155e-05,5.789486970436429e-05,5.284912375129233e-05
2658,5.2774472103639676e-05,5.801244138027958e-05,5.773849511422406e-05,5.290197171159599e-05
2659,5.2786883975897715e-05,5.805042499567094e-05,5.7738927246556096e-05,5.281239516742249e-05
2660,5.2761036484876134e-05,5.7981995815533074e-05,5.775733341693275e-05,5.28031991810453e-05
2661,5.271360696017444e-05,5.7946929708411105e-05,5.772970396865843e-05,5.27706232665238e-05
2662,5.264532800396696e-05,5.78371957381359e-05,5.766804863872849e-05,5.280415465947119e-05
2663,5.2573649317216605e-05,5.785429521890438e-05,5.761796293740564e-05,5.272024845559318e-05
2664,5.2625216315730273e-05,5.7827653457134845e-05,5.7664530463167406e-05,5.269888214261489e-05
2665,5.2564820415858317e-05,5.775858208913372e-05,5.753596198659104e-05,5.267103663293776e-05
2666,5.255917879541518e-05,5.7819856156467095e-05,5.7583401421632365e-05,5.257911242547346e-05
2667,5.249235868149038e-05,5.776092797404562e-05,5.751900550809731e-05,5.2620248680743635e-05
2668,5.2503152983132966e-05,5.779582940355753e-05,5.750459047887449e-05,5.2554542196503907e-05
2669,5.243648081474498e-05,5.771576946736458e-05,5.7420299284575444e-05,5.251849735198188e-05
2670,5.246414342367336e-05,5.766731660334892e-05,5.7470856540003215e-05,5.260814129348786e-05
2671,5.2388304887049425e-05,5.761619801003397e-05,5.737921315453514e-05,5.2530169492487875e-05
2672,5.2401517737396136e-05,5.751442126844861e-05,5.7322940197095794e-05,5.242503770142435e-05
2673,5.237799732553718e-05,5.759158395423556e-05,5.737784309083622e-05,5.24859743479662e-05
2674,5.235029984589558e-05,5.750866923876927e-05,5.73609355090743e-05,5.2398147853667876e-05
2675,5.237479229487289e-05,5.747059713730064e-05,5.73088854604e-05,5.2371261648715095e-05
2676,5.224834427440544e-05,5.747680137108851e-05,5.728268138977843e-05,5.232764018279386e-05
2677,5.221469592045781e-05,5.7492372249499276e-05,5.7218101438660165e-05,5.2356283880425174e-05
2678,5.221334398718852e-05,5.736494665673073e-05,5.7217816088068926e-05,5.2308998921294655e-05
2679,5.217676475083946e-05,5.7408479849054e-05,5.706795243680341e-05,5.2281182702543886e-05
2680,5.218980826895549e-05,5.733507331313309e-05,5.710957706290733e-05,5.2267176400559815e-05
2681,5.214420249090026e-05,5.729618569548251e-05,5.710723031757074e-05,5.2219125768447254e-05
2682,5.20725266457793e-05,5.733387299423889e-05,5.701683098888305e-05,5.2244455026250243e-05
2683,5.206188478921334e-05,5.7274273351859066e-05,5.705900152436697e-05,5.2175529965809594e-05
2684,5.2061654702286114e-05,5.733915341674589e-05,5.695452245121234e-05,5.2231187875360846e-05
2685,5.2022771135907575e-05,5.7279260229319964e-05,5.6921333528207805e-05,5.216680544288187e-05
2686,5.199067448345547e-05,5.715363212398704e-05,5.693080689047119e-05,5.214171326777895e-05
2687,5.193352327132041e-05,5.715586674573127e-05,5.683672765362503e-05,5.211761836933068e-05
2688,5.194277875564134e-05,5.709361867194848e-05,5.687177479217288e-05,5.205525151043311e-05
2689,5.1915851968831855e-05,5.713016725912904e-05,5.685366735651445e-05,5.2066801888758594e-05
2690,5.189219048103916e-05,5.7082650198650725e-05,5.68642144700917e-05,5.204591477840628e-05
2691,5.183851418406336e-05,5.7009081941602845e-05,5.676909697212048e-05,5.204506797562017e-05
2692,5.182233072350433e-05,5.698148046959596e-05,5.68249367605397e-05,5.1985099175726216e-05
2693,5.1816443390291334e-05,5.696525635538935e-05,5.671531327382259e-05,5.191163873472402e-05
2694,5.179524797451964e-05,5.695790470562823e-05,5.6663791236165464e-05,5.1867799403482846e-05
2695,5.175374076928582e-05,5.68955758539582e-05,5.6675134150384576e-05,5.182934292907753e-05
2696,5.178042574906221e-05,5.687473437853504e-05,5.670702340768814e-05,5.182519096292979e-05
2697,5.1663554125818164e-05,5.6830535527955385e-05,5.662185171788447e-05,5.185210830296799e-05
2698,5.164654633289644e-05,5.685450810636484e-05,5.653091838632108e-05,5.18747771417607e-05
2699,5.1618944508217487e-05,5.6809893007106654e-05,5.648581451190367e-05,5.177859497484646e-05
2700,5.159206648346184e-05,5.680860303426359e-05,5.649574105366045e-05,5.173757924416176e-05
2701,5.151067838095513e-05,5.678577787184877e-05,5.6473303293820166e-05,5.177550533924056e-05
2702,5.1577174347798545e-05,5.675565161438685e-05,5.649596239482953e-05,5.163884159458826e-05
2703,5.156411318639489e-05,5.668761013223662e-05,5.632850523563209e-05,5.1702289448692784e-05
2704,5.153666211293549e-05,5.657348720155048e-05,5.631499522778026e-05,5.160827265882469e-05
2705,5.1484420292130767e-05,5.661844137033275e-05,5.634409105994891e-05,5.158832462302681e-05
2706,5.142661061016487e-05,5.661466709139299e-05,5.6311452469157766e-05,5.158655121127069e-05
2707,5.1410728129864505e-05,5.659039949265655e-05,5.6294741870001466e-05,5.162605673566516e-05
2708,5.1396480384303395e-05,5.655162434425331e-05,5.630481924856031e-05,5.147563417780748e-05
2709,5.139257419015414e-05,5.644155069519581e-05,5.624618571329239e-05,5.1482088940320745e-05
2710,5.132322890387725e-05,5.6570970028409785e-05,5.6171790804841554e-05,5.158037124824201e-05
2711,5.129050721325171e-05,5.645888997887667e-05,5.616720058882516e-05,5.145824762922012e-05
2712,5.127777424632082e-05,5.6438905656750045e-05,5.609855914449232e-05,5.143396395654464e-05
2713,5.130646989576624e-05,5.6382017522312665e-05,5.614875789503001e-05,5.1450089648223656e-05
2714,5.126682082662178e-05,5.6363754989469315e-05,5.601717220599305e-05,5.137941574675001e-05
2715,5.119587591661026e-05,5.6336701602797124e-05,5.608817952217377e-05,5.138277532676945e-05
2716,5.1124563872513284e-05,5.626937151349396e-05,5.600218523314689e-05,5.136113268145197e-05
2717,5.1144407801479173e-05,5.6321479525109255e-05,5.600974922358175e-05,5.1318697340562e-05
2718,5.112876712520998e-05,5.626879703055671e-05,5.58079916936458e-05,5.127496866381244e-05
2719,5.1100433732976376e-05,5.632860945050021e-05,5.5896767870291936e-05,5.133500456498112e-05
2720,5.105144194999534e-05,5.619210517202343e-05,5.5938459395202033e-05,5.128749813927663e-05
2721,5.09912164863957e-05,5.6212729814799384e-05,5.591039433879064e-05,5.1233871484208564e-05
2722,5.100383912568343e-05,5.61142985196641e-05,5.5853330889763616e-05,5.1179883059051445e-05
2723,5.09909512571563e-05,5.614849362974767e-05,5.58180679310974e-05,5.111820715531991e-05
2724,5.1000699438279355e-05,5.602312245142572e-05,5.5787516791827186e-05,5.114539170027746e-05
2725,5.09424105516101e-05,5.603740464547481e-05,5.579747534953114e-05,5.1054663888351414e-05
2726,5.0909516092398726e-05,5.5997149730691996e-05,5.574994339662656e-05,5.109860135053116e-05
2727,5.087326051573726e-05,5.6053680098270825e-05,5.56686424357877e-05,5.110010739742808e-05
2728,5.08672012034208e-05,5.596809148782451e-05,5.5692219273849764e-05,5.1043177120435186e-05
2729,5.0807503244455016e-05,5.5950266663526274e-05,5.5599842135959444e-05,5.1072616492593223e-05
2730,5.079848699085071e-05,5.5932397785793073e-05,5.5544813666702885e-05,5.108380338567876e-05
2731,5.076374578222234e-05,5.596617438566904e-05,5.5606575074376834e-05,5.0985536402525994e-05
2732,5.074150019853448e-05,5.5930361407883114e-05,5.5544959065275834e-05,5.091430583989479e-05
2733,5.070158432094476e-05,5.5857439990879516e-05,5.549506749520555e-05,5.091446425048697e-05
2734,5.0690296298290723e-05,5.587399952141823e-05,5.5499857600888855e-05,5.094991876912778e-05
2735,5.0707583883916505e-05,5.578186002696498e-05,5.538423673286657e-05,5.087218644542604e-05
2736,5.061063922452011e-05,5.5778625972380694e-05,5.545971290719094e-05,5.089669000784009e-05
2737,5.064883570626222e-05,5.579399961745983e-05,5.541394845865831e-05,5.083594895555985e-05
2738,5.0572124607205545e-05,5.571838972334368e-05,5.534313926490939e-05,5.083732604203853e-05
2739,5.05573738162174e-05,5.566790019188793e-05,5.533656497874811e-05,5.073954316237724e-05
2740,5.0564680925996095e-05,5.5606270903541816e-05,5.528968074680586e-05,5.0754440228275514e-05
2741,5.050686217662591e-05,5.5668475607954444e-05,5.527501065748124e-05,5.0742129144815484e-05
2742,5.044839201842021e-05,5.566387420974637e-05,5.525426563870363e-05,5.073522947338904e-05
2743,5.0491309350945855e-05,5.557283301223258e-05,5.524401272415879e-05,5.06570683054459e-05
2744,5.039331047463814e-05,5.5581761494458204e-05,5.513278599353298e-05,5.0648530532065525e-05
2745,5.0410276113936694e-05,5.555095536353343e-05,5.5130091924383526e-05,5.0668064597428796e-05
2746,5.034569845896566e-05,5.551786668974262e-05,5.5116331233589147e-05,5.060705406569787e-05
2747,5.030225086148388e-05,5.546367413322214e-05,5.5094524917304364e-05,5.051998324121682e-05
2748,5.0354873873925614e-05,5.543626110773241e-05,5.510795073101894e-05,5.0552224221914934e-05
2749,5.0287380940302145e-05,5.548885204472061e-05,5.5023559359086723e-05,5.0568880314432855e-05
2750,5.024526610238256e-05,5.5401658749230214e-05,5.5010438895753044e-05,5.052771785326922e-05
2751,5.0306202892719914e-05,5.5381809720648086e-05,5.5003304041076016e-05,5.055617331310951e-05
2752,5.026627889332695e-05,5.53124567724736e-05,5.4986501550340205e-05,5.0452783707032177e-05
2753,5.014527880847676e-05,5.530026112596667e-05,5.494968271109958e-05,5.042962321988529e-05
2754,5.01852090269715e-05,5.534271830299698e-05,5.491893073736067e-05,5.0439959317338704e-05
2755,5.019277799099948e-05,5.5274906149934676e-05,5.480049525621858e-05,5.0397141586689346e-05
2756,5.014148437710247e-05,5.525393201034583e-05,5.482272891310297e-05,5.039885794805639e-05
2757,5.012886340902877e-05,5.518915842591579e-05,5.4810000826122596e-05,5.035028977394926e-05
2758,5.011091713177237e-05,5.5187551461993114e-05,5.477923898655431e-05,5.028566829843264e-05
2759,5.007111312168568e-05,5.512197790485925e-05,5.477135912574247e-05,5.0352636500963815e-05
2760,5.0037531855030945e-05,5.5175084838945594e-05,5.470116838247483e-05,5.035831625846417e-05
2761,5.003411059850919e-05,5.508074554652458e-05,5.46780596821617e-05,5.024019150472993e-05
2762,4.994757840498871e-05,5.504565600068049e-05,5.4656818300528304e-05,5.022665552268856e-05
2763,4.99503858568872e-05,5.507808233641254e-05,5.460616200774144e-05,5.01815783424929e-05
2764,4.9891481865483354e-05,5.49971816781995e-05,5.4584611602826866e-05,5.016285682534075e-05
2765,4.9893318787696116e-05,5.4971840881714444e-05,5.4614408236548064e-05,5.015506551411319e-05
2766,4.988572179384586e-05,5.495534887172824e-05,5.4575724521308005e-05,5.009306308106003e-05
2767,4.9854120429626646e-05,5.4919885658009666e-05,5.451430361797977e-05,5.007726755697211e-05
2768,4.984473726654547e-05,5.489414285945222e-05,5.448345109340084e-05,5.005567378961666e-05
2769,4.9806284469142677e-05,5.48994894133763e-05,5.4433991509225355e-05,5.0004253457793366e-05
2770,4.974621267165585e-05,5.475175319283495e-05,5.442486970684322e-05,5.005507236975465e-05
2771,4.9737957646077524e-05,5.482995681992601e-05,5.442507490050928e-05,4.9975906664447874e-05
2772,4.9730543517571234e-05,5.478800396873151e-05,5.4413661502039827e-05,5.001808869888308e-05
2773,4.969515585049533e-05,5.4725745379183386e-05,5.4317838461473003e-05,4.987513185890943e-05
2774,4.964700131260466e-05,5.466247854605464e-05,5.4322679892812154e-05,4.992528038550256e-05
2775,4.96414998173473e-05,5.46702617118959e-05,5.4362931012890634e-05,4.992376860912505e-05
2776,4.962084097727918e-05,5.462581488027266e-05,5.429199661893018e-05,4.98919020740087e-05
2777,4.960860710914932e-05,5.4692944424907654e-05,5.4214109319601616e-05,4.9889990220162516e-05
2778,4.957345317256198e-05,5.4690227819416e-05,5.42119037817553e-05,4.989358072842471e-05
2779,4.9584451540400954e-05,5.458385008370675e-05,5.4198095261173494e-05,4.977334284477886e-05
2780,4.950223982258989e-05,5.4607307190672084e-05,5.411800135670503e-05,4.97648926939977e-05
2781,4.946856795662362e-05,5.450702536334065e-05,5.406098409824201e-05,4.978878684610034e-05
2782,4.942136433453561e-05,5.453410014288961e-05,5.407728535820971e-05,4.971184902058134e-05
2783,4.944569086574328e-05,5.455641403546905e-05,5.410928509041702e-05,4.9722162926993656e-05
2784,4.93891203647853e-05,5.446073745514737e-05,5.4020829755919384e-05,4.978453126622528e-05
2785,4.938032096493224e-05,5.443716631804985e-05,5.400917122460367e-05,4.968810868785787e-05
2786,4.938266698243859e-05,5.43861392308447e-05,5.394861484685574e-05,4.960710807789017e-05
2787,4.9354756064213395e-05,5.438111030602624e-05,5.395127430427084e-05,4.962950370822762e-05
2788,4.9351634485715414e-05,5.436333180683978e-05,5.397013899554648e-05,4.9630759716730535e-05
2789,4.928572518915714e-05,5.431463201101851e-05,5.390032551688841e-05,4.952862446068957e-05
2790,4.929098623295825e-05,5.431511439630572e-05,5.392049771936239e-05,4.9527211331824736e-05
2791,4.923058144388913e-05,5.4296600578880224e-05,5.384133001700464e-05,4.953765367499114e-05
2792,4.923580796812116e-05,5.427299692508168e-05,5.381063148170132e-05,4.955391174813267e-05
2793,4.9180038686708324e-05,5.425380519089178e-05,5.3768885614167976e-05,4.947442359416867e-05
2794,4.917651277234601e-05,5.4206580349956774e-05,5.378722519971158e-05,4.950685483523366e-05
2795,4.9153283531387105e-05,5.4206104081553274e-05,5.3760799748217155e-05,4.942083270688919e-05
2796,4.9114086718044107e-05,5.41821315414004e-05,5.370044454236063e-05,4.935530624496081e-05
2797,4.913646318856459e-05,5.409897639785827e-05,5.370398868108662e-05,4.941474470477757e-05
2798,4.906242287231724e-05,5.416335833617018e-05,5.363814406616145e-05,4.942983846285955e-05
2799,4.907213543872904e-05,5.412863792664412e-05,5.36223124679997e-05,4.930492661101015e-05
2800,4.900020802525576e-05,5.4076811181881346e-05,5.358645322462622e-05,4.9301123444642516e-05
2801,4.900923466151736e-05,5.4068615992178386e-05,5.3565563588202053e-05,4.9274130571541246e-05
2802,4.8960111642353855e-05,5.4007251284068104e-05,5.356279472958896e-05,4.931516601535581e-05
2803,4.894569618259754e-05,5.392138370980998e-05,5.355625611865603e-05,4.927023014551949e-05
2804,4.894047514724795e-05,5.398991784902235e-05,5.349317566086353e-05,4.9259796092774734e-05
2805,4.889422169444365e-05,5.38701670831889e-05,5.34694999776272e-05,4.9186696856474956e-05
2806,4.888254259916025e-05,5.3931214224893103e-05,5.345797743018051e-05,4.918964869600792e-05
2807,4.88561410101418e-05,5.3882585856541045e-05,5.342854898945923e-05,4.913005927654216e-05
2808,4.886913439983049e-05,5.387392279194892e-05,5.3378774867203384e-05,4.9174766032769295e-05
2809,4.877474455663815e-05,5.382102205786942e-05,5.3366763540761864e-05,4.915570379309261e-05
2810,4.877589956621434e-05,5.379886489455666e-05,5.3315314827219064e-05,4.911396010886754e-05
2811,4.8747726124705664e-05,5.375643301526218e-05,5.3296489264242665e-05,4.90794320092114e-05
2812,4.873880325003263e-05,5.376507249636692e-05,5.328509464542244e-05,4.904197884617048e-05
2813,4.8706758798498526e-05,5.3698003492948166e-05,5.324133032537465e-05,4.905214074391284e-05
2814,4.8684859594057105e-05,5.366716034233397e-05,5.324359505965997e-05,4.896895998959053e-05
2815,4.8626278937274766e-05,5.368648224014351e-05,5.3215563557140845e-05,4.899429097061125e-05
2816,4.86236162667506e-05,5.364865249320628e-05,5.3221995640670737e-05,4.8933842633417456e-05
2817,4.8589983782395396e-05,5.3624503017724445e-05,5.313902399081266e-05,4.8953422691895636e-05
2818,4.857210682146165e-05,5.362570930573115e-05,5.316511255931872e-05,4.894180937232341e-05
2819,4.855324941252851e-05,5.3618301960773335e-05,5.314048831785115e-05,4.8915342397765375e-05
2820,4.856521004541249e-05,5.352679299037837e-05,5.30855650478113e-05,4.887904174486701e-05
2821,4.851453851753796e-05,5.352102308509334e-05,5.306491570661989e-05,4.881237214708197e-05
2822,4.8474240352787725e-05,5.350413336964703e-05,5.2969805140364075e-05,4.881712493729412e-05
2823,4.8482724284083305e-05,5.3489393431925116e-05,5.299427699866915e-05,4.8783023019821086e-05
2824,4.844918640428886e-05,5.3451036324197726e-05,5.2942460572275545e-05,4.876828767546409e-05
2825,4.8403546592045e-05,5.348052600713596e-05,5.295561451871377e-05,4.8790358187387715e-05
2826,4.840540451525007e-05,5.3432001233354455e-05,5.29340778443663e-05,4.869093990104577e-05
2827,4.839294679475997e-05,5.337651921845551e-05,5.2826899977957866e-05,4.8726968962472407e-05
2828,4.833265614790716e-05,5.3379645757602486e-05,5.283247910858161e-05,4.872073207904481e-05
2829,4.830570324269683e-05,5.328417612962154e-05,5.288127917724385e-05,4.8684172839600105e-05
2830,4.8310092566543924e-05,5.3233403647575356e-05,5.2805396097396805e-05,4.8625871400546145e-05
2831,4.8297938536739884e-05,5.332304636422683e-05,5.278000208526104e-05,4.8598372692185745e-05
2832,4.8264892342218615e-05,5.3266714440001606e-05,5.276789795809438e-05,4.858218613363707e-05
2833,4.822266020524438e-05,5.325657140072307e-05,5.275117668576315e-05,4.859269075614742e-05
2834,4.820500388292822e-05,5.3166668907385406e-05,5.270792435888834e-05,4.8553877168917316e-05
2835,4.819557019916735e-05,5.313958408675757e-05,5.2675085654140965e-05,4.8529583949464496e-05
2836,4.816050789110572e-05,5.316778257910479e-05,5.262727339679311e-05,4.855348070806414e-05
2837,4.8159882079570374e-05,5.314885411772423e-05,5.26272919855926e-05,4.850420633452624e-05
2838,4.811314103755638e-05,5.310736387441393e-05,5.2605441467623636e-05,4.848308628108903e-05
2839,4.810259310241445e-05,5.3096829022287757e-05,5.2581951235584174e-05,4.845333278071372e-05
2840,4.8097701754377675e-05,5.3041707922880766e-05,5.251142305880184e-05,4.844424950204379e-05
2841,4.8037337544669415e-05,5.302532303850939e-05,5.248086618325768e-05,4.845125228127442e-05
2842,4.801175193128377e-05,5.2996694118165654e-05,5.249038644684043e-05,4.8383663464860465e-05
2843,4.800728615635391e-05,5.296444427301766e-05,5.2477773358898424e-05,4.837496540731902e-05
2844,4.79697505740192e-05,5.288268334220762e-05,5.245085026241158e-05,4.83589785817597e-05
2845,4.794378151204048e-05,5.296400525570825e-05,5.2429838577615925e-05,4.833481549148301e-05
2846,4.791798616880209e-05,5.290739952012245e-05,5.240149967713089e-05,4.828131627217746e-05
2847,4.791481183148763e-05,5.2878125872213413e-05,5.238194887027631e-05,4.8307176599922074e-05
2848,4.788878059873242e-05,5.281512835712821e-05,5.232943243406158e-05,4.8251752736735014e-05
2849,4.786832762011111e-05,5.281137732195638e-05,5.231607769608151e-05,4.8259684837468235e-05
2850,4.7838992842185776e-05,5.2794428391251404e-05,5.2261111091482706e-05,4.820127938928131e-05
2851,4.780079351666955e-05,5.280110847887964e-05,5.224560399463488e-05,4.8186716075914875e-05
2852,4.777393596512554e-05,5.273079932380974e-05,5.223179688067565e-05,4.8165026118036326e-05
2853,4.7787143468860966e-05,5.2744048026306424e-05,5.218922349741582e-05,4.8117026920854794e-05
2854,4.771833159342148e-05,5.270888139660462e-05,5.216827316594488e-05,4.812803630994651e-05
2855,4.7733268047956923e-05,5.269675894483991e-05,5.217540789862019e-05,4.811732710186844e-05
2856,4.76852948943574e-05,5.265318300745853e-05,5.20921897109939e-05,4.8119837732098275e-05
2857,4.7678367202911056e-05,5.262799765657156e-05,5.2074198459163054e-05,4.8032349843595394e-05
2858,4.764841028090866e-05,5.260590022364205e-05,5.204507664300578e-05,4.800924166419814e-05
2859,4.761022219980334e-05,5.258070657786293e-05,5.206016224961107e-05,4.8011582236173864e-05
2860,4.7573810546989045e-05,5.257665402358912e-05,5.199275174854155e-05,4.798626034974652e-05
2861,4.759944118156508e-05,5.2557057192656e-05,5.202676826501256e-05,4.7952646276624384e-05
2862,4.758718752078741e-05,5.252507527918182e-05,5.195386153611252e-05,4.7969274089002973e-05
2863,4.752596267969513e-05,5.2459263813228547e-05,5.190922223647226e-05,4.795918042713171e-05
2864,4.752271295979069e-05,5.245839108827856e-05,5.1924396472855305e-05,4.78994325507311e-05
2865,4.749475654985274e-05,5.24299911647662e-05,5.185166666533076e-05,4.7881321565757384e-05
2866,4.7490011805883766e-05,5.240501975601894e-05,5.1871976375355625e-05,4.784221749442136e-05
2867,4.7457556042899174e-05,5.239795933897023e-05,5.1863752305439266e-05,4.783757695491321e-05
2868,4.74354636906325e-05,5.235665108189355e-05,5.181087516379088e-05,4.780189169704643e-05
2869,4.740178478000153e-05,5.235668800505899e-05,5.17998805881531e-05,4.781901687591719e-05
2870,4.738578198932568e-05,5.2310983064615876e-05,5.180134314850142e-05,4.7748208372546266e-05
2871,4.734442270290443e-05,5.228242777494745e-05,5.175079910345319e-05,4.7756051873346345e-05
2872,4.7315245111131706e-05,5.224728337934202e-05,5.174236234053677e-05,4.771940383482129e-05
2873,4.729134469214289e-05,5.226102935789171e-05,5.169318098490719e-05,4.770498709310707e-05
2874,4.7258178754016926e-05,5.2244824928582085e-05,5.1669344240464736e-05,4.7706383953198215e-05
2875,4.72495264173705e-05,5.217550086120994e-05,5.1642396400074316e-05,4.764067306326723e-05
2876,4.7235079869638034e-05,5.216862019079292e-05,5.160216385981819e-05,4.765140455022953e-05
2877,4.72358297867383e-05,5.216219662970466e-05,5.1599708764328e-05,4.763452770719964e-05
2878,4.7209302480664154e-05,5.2124844690327264e-05,5.1554213949519906e-05,4.76358436725415e-05
2879,4.7178476886345464e-05,5.2116877235847284e-05,5.150642043029817e-05,4.762141635904706e-05
2880,4.715388905213568e-05,5.2089532137494905e-05,5.150760461508472e-05,4.7613712728125263e-05
2881,4.713418394397715e-05,5.208753979414704e-05,5.1477402284659674e-05,4.749281800171856e-05
2882,4.710558549230881e-05,5.204691005557313e-05,5.1450215326964033e-05,4.7523246937622686e-05
2883,4.710407116566547e-05,5.202508086889302e-05,5.1418532646603725e-05,4.7499219922553205e-05
2884,4.707150872413467e-05,5.2009686512587015e-05,5.142564969108002e-05,4.749975400530149e-05
2885,4.703519185966756e-05,5.194101840991876e-05,5.1398315199478326e-05,4.744687288810992e-05
2886,4.7016485986687286e-05,5.193634477234984e-05,5.135045773485506e-05,4.745313125325067e-05
2887,4.7006833249699725e-05,5.194160145464591e-05,5.1327221585971365e-05,4.7400951974918065e-05
2888,4.698986111139257e-05,5.1900692532617916e-05,5.133073670514037e-05,4.74201500650441e-05
2889,4.695246747818971e-05,5.1867408085060674e-05,5.130261076587092e-05,4.738738915946842e-05
2890,4.6928527679143126e-05,5.1837758147425805e-05,5.124713107969957e-05,4.729407644902761e-05
2891,4.6921046992492044e-05,5.185468295241925e-05,5.1236237347884384e-05,4.7297610265733216e-05
2892,4.688708107065603e-05,5.180088508838091e-05,5.121432497726064e-05,4.7280968403142176e-05
2893,4.687125829797413e-05,5.177931655004471e-05,5.116909904240375e-05,4.726820797051695e-05
2894,4.6814509840118585e-05,5.175818265482692e-05,5.112148755820214e-05,4.728695437893908e-05
2895,4.679524356092539e-05,5.171949894421343e-05,5.114105078125787e-05,4.726304977034653e-05
2896,4.677692241608714e-05,5.1717648905689185e-05,5.112730849845835e-05,4.720151850339925e-05
2897,4.676482025324956e-05,5.168764936242577e-05,5.1131130053747606e-05,4.718052699005855e-05
2898,4.674994426901516e-05,5.166114941778991e-05,5.103110662811255e-05,4.71811539256299e-05
2899,4.6711079577493074e-05,5.163668521979838e-05,5.100719123568291e-05,4.7156134742519856e-05
2900,4.6708420729886965e-05,5.163576803187308e-05,5.1005879863992764e-05,4.7139895391163026e-05
2901,4.668463733542343e-05,5.156216393971392e-05,5.0990681082322306e-05,4.7119999512752553e-05
2902,4.6692704990312194e-05,5.1576697066088725e-05,5.0968941812564634e-05,4.711110756595497e-05
2903,4.6639246616007975e-05,5.149352600946685e-05,5.0928707759245306e-05,4.708720805008207e-05
2904,4.661847573633151e-05,5.15021123813899e-05,5.0884477775332334e-05,4.704150197348491e-05
2905,4.659712962138927e-05,5.1519418254160804e-05,5.089475636491313e-05,4.703532741715876e-05
2906,4.657996191309677e-05,5.1425947098700684e-05,5.0875291401599604e-05,4.705444893940626e-05
2907,4.655228030810381e-05,5.148009908200904e-05,5.0862231746793835e-05,4.697557726618864e-05
2908,4.651991626243374e-05,5.143889406994531e-05,5.0792311797561725e-05,4.696931699173539e-05
2909,4.655433649759053e-05,5.143572729683071e-05,5.082331739642204e-05,4.696434224437224e-05
2910,4.647776907460419e-05,5.135814875431957e-05,5.0716945902931726e-05,4.6978571995692825e-05
2911,4.6464580371302165e-05,5.135036114129242e-05,5.0697098315928755e-05,4.693786379473014e-05
2912,4.645596041048109e-05,5.133368975910571e-05,5.070896945208806e-05,4.687712712336458e-05
2913,4.641695637077614e-05,5.131291340994757e-05,5.067859103336808e-05,4.6843125122302864e-05
2914,4.640422038536751e-05,5.1239715099517214e-05,5.068621088996279e-05,4.684573153822691e-05
2915,4.640810998395482e-05,5.1271929499687686e-05,5.064723632328151e-05,4.68455256773675e-05
2916,4.6336894570014715e-05,5.127833832253353e-05,5.0612672587830214e-05,4.6801486188004354e-05
2917,4.630484646561846e-05,5.121441625592896e-05,5.0594425184154266e-05,4.678197926936941e-05
2918,4.630759808438806e-05,5.117026604065551e-05,5.053748690314669e-05,4.676361890376109e-05
2919,4.631404370683076e-05,5.115809518160407e-05,5.0557209015851736e-05,4.671086088554885e-05
2920,4.625994832685786e-05,5.114844363093086e-05,5.048971505376271e-05,4.672685053688692e-05
2921,4.626747915486033e-05,5.11151742097849e-05,5.0506108329162807e-05,4.669462805220783e-05
2922,4.623886248878546e-05,5.1093093985465834e-05,5.047618491117564e-05,4.668559366604562e-05
2923,4.620764497866015e-05,5.1083631479721567e-05,5.044234837721158e-05,4.661948740441458e-05
2924,4.6185672976676535e-05,5.104163253629242e-05,5.0410850108990235e-05,4.6656168925947105e-05
2925,4.616293480223119e-05,5.103102283399435e-05,5.0377709102630396e-05,4.6629294008996006e-05
2926,4.615756875343874e-05,5.1010078837741634e-05,5.038453490604088e-05,4.662074688938513e-05
2927,4.610861094201098e-05,5.096380168384952e-05,5.0332409383923346e-05,4.65790630725813e-05
2928,4.609675183932056e-05,5.094682504014484e-05,5.034126052695176e-05,4.6591474462753044e-05
2929,4.608437296725581e-05,5.0925235320383565e-05,5.0341944256582035e-05,4.653727530593716e-05
2930,4.607278611978585e-05,5.0898518994698576e-05,5.0261492434127084e-05,4.6515182277861524e-05
2931,4.60441281876584e-05,5.08852779901243e-05,5.025570105308894e-05,4.650121022964782e-05
2932,4.6007955341160945e-05,5.0838179481176744e-05,5.0245839412579814e-05,4.64506463525631e-05
2933,4.5995301527971377e-05,5.081977231676206e-05,5.018389459827412e-05,4.6466260392838516e-05
2934,4.597534595412232e-05,5.081445544282621e-05,5.017476409829629e-05,4.644144381592331e-05
2935,4.5967087991189315e-05,5.078603840733541e-05,5.015024170480522e-05,4.642846772392368e-05
2936,4.59108183259133e-05,5.0796916007882114e-05,5.0106232882860014e-05,4.6396324102526515e-05
2937,4.590230964934509e-05,5.0766953766961515e-05,5.011269580600856e-05,4.639174725986835e-05
2938,4.589324326571276e-05,5.07380813266041e-05,5.009471166315604e-05,4.6346710328252184e-05
2939,4.587801749443843e-05,5.071729141721078e-05,5.0066090976069646e-05,4.635779879569978e-05
2940,4.583673251235061e-05,5.069643393184402e-05,5.003554861379293e-05,4.629913189380693e-05
2941,4.5815050186912725e-05,5.067615810707557e-05,5.001504328700139e-05,4.626627217645173e-05
2942,4.579756606017038e-05,5.066687965166166e-05,4.996392823553083e-05,4.6320654716625346e-05
2943,4.5787170282599484e-05,5.060079490998574e-05,4.995079037676613e-05,4.627964922386463e-05
2944,4.574341726849363e-05,5.057767703458436e-05,4.9939574603557475e-05,4.621969180171415e-05
2945,4.5747340743255397e-05,5.0607190756006475e-05,4.993465222810506e-05,4.6213174763768405e-05
2946,4.570939664196518e-05,5.057818623272954e-05,4.989499036182204e-05,4.619517925425585e-05
2947,4.568409353877866e-05,5.051714629707261e-05,4.988725029631527e-05,4.617173605128006e-05
2948,4.566589040881281e-05,5.0518429721748684e-05,4.985530441944462e-05,4.6155521402378996e-05
2949,4.5675993945732494e-05,5.050921503538877e-05,4.985161746587375e-05,4.614689618215359e-05
2950,4.562824377348071e-05,5.045354654700319e-05,4.97969344699303e-05,4.6125452539137175e-05
2951,4.562263335371712e-05,5.044916344784963e-05,4.9779508159866656e-05,4.610951231903566e-05
2952,4.559326809103351e-05,5.037725470235443e-05,4.975504137346286e-05,4.609590398077358e-05
2953,4.555699085711244e-05,5.039302705683511e-05,4.975874783277983e-05,4.607090863373585e-05
2954,4.5547283942329755e-05,5.040083935836762e-05,4.9723316511620676e-05,4.602579653164454e-05
2955,4.552815373649792e-05,5.033629868195405e-05,4.9682748891417984e-05,4.605139030679945e-05
2956,4.552259251669486e-05,5.034927337650802e-05,4.964242369938988e-05,4.598055594829943e-05
2957,4.548807421617207e-05,5.0318057206788435e-05,4.962856805493978e-05,4.597667582117386e-05
2958,4.54631460748289e-05,5.0320599575348266e-05,4.9616360186364594e-05,4.5949285172081434e-05
2959,4.543479797604775e-05,5.028140780157101e-05,4.960232109117192e-05,4.594835575440679e-05
2960,4.541817797729884e-05,5.022956144470266e-05,4.955801855867625e-05,4.593883491564444e-05
2961,4.538262795929356e-05,5.024014550258587e-05,4.950923462429798e-05,4.59001271622578e-05
2962,4.538719244121815e-05,5.019685723387475e-05,4.948023348436646e-05,4.587177879455692e-05
2963,4.53713588623083e-05,5.017698720524811e-05,4.950133441099087e-05,4.585713844090859e-05
2964,4.5330204425570237e-05,5.016596548874928e-05,4.947636005468077e-05,4.5850384185422505e-05
2965,4.530430816666502e-05,5.0155933039691804e-05,4.94233327951226e-05,4.5819838351359263e-05
2966,4.52804812238076e-05,5.0135456121563e-05,4.944118842833207e-05,4.580758124079027e-05
2967,4.527771146776681e-05,5.008173284489405e-05,4.940416716042449e-05,4.5804757558562604e-05
2968,4.5261253857522215e-05,5.0069009249328284e-05,4.938620927610732e-05,4.576021818602717e-05
2969,4.523418550713781e-05,5.006055847287415e-05,4.9354648920023865e-05,4.5755428525885544e-05
2970,4.521530786862699e-05,5.0044330351930995e-05,4.9329309462190304e-05,4.573505204646997e-05
2971,4.519577772454302e-05,5.000705087273971e-05,4.931510425863546e-05,4.57401294321091e-05
2972,4.516398256699863e-05,4.9993285584877484e-05,4.9285543633407665e-05,4.567117701710767e-05
2973,4.512784358564982e-05,4.996496322654626e-05,4.9261573453384647e-05,4.566795053965618e-05
2974,4.511923946627309e-05,4.997170447708111e-05,4.924327843725964e-05,4.5642044806479546e-05
2975,4.51001117815767e-05,4.9967196778477584e-05,4.922632065935543e-05,4.562294720916713e-05
2976,4.5098861763501054e-05,4.987829869284505e-05,4.9202923342348e-05,4.5597866968623984e-05
2977,4.507511402890852e-05,4.986326151260548e-05,4.917062965132342e-05,4.561210488570186e-05
2978,4.504885455157631e-05,4.981843498959189e-05,4.913873841677915e-05,4.557739528465662e-05
2979,4.5010173269039664e-05,4.983141970684671e-05,4.912201822965603e-05,4.558278621236519e-05
2980,4.4998623773009494e-05,4.9808449149260564e-05,4.909365581802569e-05,4.552451698174181e-05
2981,4.499704584462879e-05,4.9809626321012324e-05,4.90734974224268e-05,4.549517456698087e-05
2982,4.4973773049676584e-05,4.976049446528413e-05,4.905996294931502e-05,4.547811923122247e-05
2983,4.494223784277569e-05,4.972238016595949e-05,4.9045991391666544e-05,4.548301178991407e-05
2984,4.492189985101794e-05,4.971250011940377e-05,4.902301917419064e-05,4.548139894642209e-05
2985,4.4920714932150844e-05,4.97088232333396e-05,4.89739417189105e-05,4.5440498279387544e-05
2986,4.488055281358232e-05,4.966347032537194e-05,4.896961165689065e-05,4.541678180979488e-05
2987,4.4876924012717843e-05,4.96420161203316e-05,4.889637659354046e-05,4.539814284650392e-05
2988,4.486042090779505e-05,4.962210603887255e-05,4.891650812715012e-05,4.53895282659276e-05
2989,4.4812463968857546e-05,4.9609791327380005e-05,4.8897582037765575e-05,4.536830864979498e-05
2990,4.4816132471639004e-05,4.958747038520455e-05,4.88817413822822e-05,4.535443221529646e-05
2991,4.47723874496885e-05,4.958836577204172e-05,4.883909157905906e-05,4.531592538450872e-05
2992,4.476814846319465e-05,4.9558833345084585e-05,4.885723584186169e-05,4.532061615183989e-05
2993,4.473809126908651e-05,4.953462470024266e-05,4.8828198623974284e-05,4.5276696480613625e-05
2994,4.471843310578196e-05,4.9506969891268254e-05,4.8776402724589274e-05,4.526430775332627e-05
2995,4.472372324703881e-05,4.946831350678201e-05,4.877209754696165e-05,4.524767930325359e-05
2996,4.469296062425959e-05,4.948379456174636e-05,4.872331989204057e-05,4.522084474004883e-05
2997,4.468052169533048e-05,4.943138260365758e-05,4.872654677782784e-05,4.522523993874375e-05
2998,4.4642175872009695e-05,4.943828872324411e-05,4.8679261855574766e-05,4.516997389828033e-05
2999,4.4617681518922226e-05,4.941279492852207e-05,4.867883506535572e-05,4.51828964576152e-05
3000,4.4596993663251586e-05,4.9405130717026476e-05,4.864114123937239e-05,4.516473302352321e-05
3001,4.460459648854845e-05,4.936983748401295e-05,4.8627474376666726e-05,4.512018698367634e-05
3002,4.4564244037161426e-05,4.93679320903008e-05,4.860582236072297e-05,4.51297214720952e-05
3003,4.4560880904984435e-05,4.931438754255785e-05,4.860619615948757e-05,4.5115353893081036e-05
3004,4.45229964341526e-05,4.931973920109908e-05,4.856260429263895e-05,4.509284777862237e-05
3005,4.450606550487668e-05,4.9269779570188966e-05,4.8531331086482625e-05,4.504846238865444e-05
3006,4.4484026240594485e-05,4.9244432515797034e-05,4.852722265617204e-05,4.506271484665484e-05
3007,4.4468274978030704e-05,4.9232863483791236e-05,4.8491880486624725e-05,4.5035317363909795e-05
3008,4.4459025365529314e-05,4.919448433696052e-05,4.84494219830229e-05,4.500663120694754e-05
3009,4.442051926036948e-05,4.9219836740639915e-05,4.845374065013504e-05,4.499478278175301e-05
3010,4.440093690179956e-05,4.915716232933148e-05,4.842577057428563e-05,4.494356926341775e-05
3011,4.4387434585255756e-05,4.914116270147603e-05,4.8408836053481465e-05,4.4951128814598545e-05
3012,4.437192063979529e-05,4.912400530594623e-05,4.8388096832752854e-05,4.493318273889517e-05
3013,4.434915245145467e-05,4.9118976541500346e-05,4.8374435131816105e-05,4.4925436669408316e-05
3014,4.432775596072199e-05,4.9100888785534855e-05,4.835530285429886e-05,4.4871733658891476e-05
3015,4.4307334170012545e-05,4.907099197910022e-05,4.8296099711783535e-05,4.485874531525507e-05
3016,4.429097104705887e-05,4.901764005465105e-05,4.827050214690989e-05,4.485374254276984e-05
3017,4.4266933731287005e-05,4.90085677036759e-05,4.8291274516155246e-05,4.4834258285451354e-05
3018,4.4238962644308185e-05,4.900325125415343e-05,4.823648986411287e-05,4.4832883912116536e-05
3019,4.421168228417575e-05,4.897868471237178e-05,4.822507752334418e-05,4.479071491304543e-05
3020,4.423234742970289e-05,4.898261900315366e-05,4.8217141656066694e-05,4.478940987849964e-05
3021,4.4195201457528115e-05,4.89191226805128e-05,4.818114218704085e-05,4.4762317897481894e-05
3022,4.415786108641995e-05,4.891582637020237e-05,4.816329675972893e-05,4.473318513109256e-05
3023,4.4136643428006796e-05,4.889032859180103e-05,4.816359017044683e-05,4.4718383799794796e-05
3024,4.412512509046463e-05,4.889441536648344e-05,4.808212263874665e-05,4.4696776047751153e-05
3025,4.4123525771249716e-05,4.885766046955603e-05,4.812052505809606e-05,4.467310191929287e-05
3026,4.408748174896011e-05,4.883011531218017e-05,4.808169628359696e-05,4.46424268971019e-05
3027,4.407111122572575e-05,4.882183058967202e-05,4.805722538655776e-05,4.46353887057544e-05
3028,4.406550118902685e-05,4.879488123757491e-05,4.8039338777923085e-05,4.4638384843385385e-05
3029,4.40401252249159e-05,4.875903388479117e-05,4.800312121703422e-05,4.459745928958561e-05
3030,4.400716280864493e-05,4.8760940297752734e-05,4.7971985588468307e-05,4.45819016983504e-05
3031,4.400197005509149e-05,4.871741445240826e-05,4.7985390542907586e-05,4.456607861024912e-05
3032,4.3970658462552496e-05,4.872499135151892e-05,4.79564052398987e-05,4.4547571388457855e-05
3033,4.396227247626823e-05,4.867448810825686e-05,4.790440779636001e-05,4.453512451615581e-05
3034,4.393743127821361e-05,4.867828169305568e-05,4.78965907697448e-05,4.451493558943715e-05
3035,4.391360610942663e-05,4.863817350754556e-05,4.7872199005307084e-05,4.449625668187711e-05
3036,4.3906515543066946e-05,4.8626432920129905e-05,4.785031806021255e-05,4.448520234237979e-05
3037,4.387285958878944e-05,4.8596449596453566e-05,4.782869746099747e-05,4.445715915084616e-05
3038,4.386770591862166e-05,4.859108597477668e-05,4.781228254917711e-05,4.443059480678451e-05
3039,4.383589270738714e-05,4.856029807081953e-05,4.778271722976704e-05,4.442730050827154e-05
3040,4.3836531995957586e-05,4.856901099752069e-05,4.7767947955885005e-05,4.44172643454687e-05
3041,4.3810013009240985e-05,4.8525525249628805e-05,4.774693439405231e-05,4.438567627310034e-05
3042,4.3775052519115305e-05,4.851176556255552e-05,4.7750284688271724e-05,4.43773239679931e-05
3043,4.377339916544439e-05,4.8474765487294744e-05,4.7725798527719494e-05,4.436113696197963e-05
3044,4.374796530525639e-05,4.847423950431309e-05,4.7700797017801754e-05,4.434520073810701e-05
3045,4.371846689407733e-05,4.845925296991548e-05,4.764086501384661e-05,4.429316251045357e-05
3046,4.371493072752271e-05,4.840761665565336e-05,4.767423611238324e-05,4.430088528057281e-05
3047,4.369419867194281e-05,4.840678942038175e-05,4.7616358224940365e-05,4.428393325256629e-05
3048,4.367760036031208e-05,4.838212440258856e-05,4.7598172087229484e-05,4.424014293744435e-05
3049,4.365851421051685e-05,4.835586947523077e-05,4.757731043781264e-05,4.423831131567992e-05
3050,4.362365205688456e-05,4.8348118424460815e-05,4.754823507248252e-05,4.4197736460594355e-05
3051,4.360929093733445e-05,4.8319679814896876e-05,4.75301485723677e-05,4.422106953027267e-05
3052,4.360612953205947e-05,4.829249596233043e-05,4.751250198674643e-05,4.420052805015243e-05
3053,4.357449104066674e-05,4.827847131426282e-05,4.750701693111124e-05,4.415644687591062e-05
3054,4.35599036461339e-05,4.8248808492972315e-05,4.746268717888065e-05,4.4169578335083406e-05
3055,4.35476365702959e-05,4.822525195617433e-05,4.743641227762112e-05,4.412261125625067e-05
3056,4.352688468630747e-05,4.823046370295261e-05,4.741388460296558e-05,4.41237401295247e-05
3057,4.3503210636236155e-05,4.8185685553893724e-05,4.740791669557874e-05,4.407705384276238e-05
3058,4.3474390367329225e-05,4.8183078582595986e-05,4.7387534158419155e-05,4.4073849504079504e-05
3059,4.346205318438368e-05,4.8152019956695546e-05,4.735943035868753e-05,4.40683847228368e-05
3060,4.3449069506613224e-05,4.815297242755608e-05,4.7349444432655144e-05,4.40538906434574e-05
3061,4.341680464390746e-05,4.809824963101113e-05,4.7323339244866323e-05,4.401985818987084e-05
3062,4.340691513763734e-05,4.811149767916838e-05,4.729858893266627e-05,4.400019418731274e-05
3063,4.338051737789782e-05,4.810310360113823e-05,4.727620906199265e-05,4.3977021182978565e-05
3064,4.3374712421738256e-05,4.806818069403766e-05,4.7257745419241576e-05,4.398885875064711e-05
3065,4.335255293111094e-05,4.804895131437528e-05,4.723396355140184e-05,4.396393322336956e-05
3066,4.3323312343268015e-05,4.802518412859743e-05,4.723501941008719e-05,4.3941955127318624e-05
3067,4.3311390739284094e-05,4.8004129076722756e-05,4.719562437825965e-05,4.39335006398036e-05
3068,4.3283623266330824e-05,4.7989375880361244e-05,4.7184262673055854e-05,4.3896075613477984e-05
3069,4.3278369624979354e-05,4.7948185678415896e-05,4.715398966490155e-05,4.386515330029807e-05
3070,4.3262984431622754e-05,4.7933261869942516e-05,4.71500784021952e-05,4.3861135570699577e-05
3071,4.32343393330366e-05,4.7930190397360574e-05,4.712017968089933e-05,4.3837508155306415e-05
3072,4.321528358255547e-05,4.788912720804501e-05,4.7097028210749214e-05,4.383717464652428e-05
3073,4.319399076391839e-05,4.7890598992912844e-05,4.7075856851786565e-05,4.3824668455698006e-05
3074,4.31875189321618e-05,4.78564675777409e-05,4.703867170652254e-05,4.3791904598349374e-05
3075,4.316059024493382e-05,4.781600033475359e-05,4.7039903251107435e-05,4.377278355811165e-05
3076,4.31491747166807e-05,4.782555373881026e-05,4.700967109607804e-05,4.376574344239604e-05
3077,4.311320750694244e-05,4.7771840114996986e-05,4.6981990488389824e-05,4.3752688478558056e-05
3078,4.30922055769778e-05,4.7778038934418226e-05,4.696647836982941e-05,4.3714579849544006e-05
3079,4.309000684782286e-05,4.777194498137267e-05,4.695714684711492e-05,4.371804552929878e-05
3080,4.305462855076868e-05,4.773516433153116e-05,4.690962264342893e-05,4.369267553868319e-05
3081,4.305339774418188e-05,4.770370773792455e-05,4.691784471929504e-05,4.3678514049192655e-05
3082,4.3035160620425215e-05,4.769788541670972e-05,4.68903183269741e-05,4.366624383781665e-05
3083,4.2999400416876434e-05,4.7663686684944916e-05,4.687128016267354e-05,4.363068665681233e-05
3084,4.29811565018591e-05,4.767064999765865e-05,4.683071227740725e-05,4.3615013427925264e-05
3085,4.2986318183327205e-05,4.761869757854949e-05,4.682921482135703e-05,4.3603577028302096e-05
3086,4.295604756841782e-05,4.76060732820695e-05,4.677378095802211e-05,4.358306945792855e-05
3087,4.294302647286291e-05,4.761113485289558e-05,4.678548585369141e-05,4.358449875544155e-05
3088,4.290455596768239e-05,4.756415176730062e-05,4.676473648453444e-05,4.354013833291458e-05
3089,4.2911030038969585e-05,4.756558901939049e-05,4.674340288404055e-05,4.353660823464703e-05
3090,4.2884909923534264e-05,4.7546840750824715e-05,4.67260360108805e-05,4.351618469567467e-05
3091,4.284728731713788e-05,4.752889489246885e-05,4.669906695204909e-05,4.348476617025069e-05
3092,4.2846843959951e-05,4.750265188258293e-05,4.670030163390223e-05,4.348075199367768e-05
3093,4.281701186558796e-05,4.749402588970903e-05,4.665353065322431e-05,4.345562290782134e-05
3094,4.282288492861428e-05,4.746207363104756e-05,4.664692386543454e-05,4.344421951301589e-05
3095,4.2780178344889374e-05,4.744806325018537e-05,4.6620685286848546e-05,4.3420226207305153e-05
3096,4.2762680170869776e-05,4.742981325524398e-05,4.660302996482588e-05,4.3385411091960114e-05
3097,4.276436006051325e-05,4.741821392263085e-05,4.657140395979805e-05,4.3395705557326404e-05
3098,4.2735145139168726e-05,4.7381951297532805e-05,4.655210088420889e-05,4.337777316357539e-05
3099,4.273066466545478e-05,4.7378399008474264e-05,4.654508957991286e-05,4.3343949133731064e-05
3100,4.270021353846519e-05,4.735508399947926e-05,4.6516189820148627e-05,4.333067052730759e-05
3101,4.268962945483548e-05,4.7337015648340755e-05,4.6483327135463096e-05,4.3301744489674415e-05
3102,4.265712997636269e-05,4.731456473177025e-05,4.643464224498379e-05,4.3287182329737416e-05
3103,4.263730017184166e-05,4.7300998539398646e-05,4.645422589483651e-05,4.328219995995417e-05
3104,4.261412996350318e-05,4.7260226815686694e-05,4.643385476474627e-05,4.326102768671805e-05
3105,4.260993720275983e-05,4.725229013326545e-05,4.6416514276802795e-05,4.3249641368985874e-05
3106,4.2590097057861914e-05,4.7252645827576253e-05,4.6389119843616584e-05,4.324482849423123e-05
3107,4.257285017830201e-05,4.721079868085067e-05,4.636839663364245e-05,4.320979364757179e-05
3108,4.2562001012730966e-05,4.7206467871429e-05,4.634666054397507e-05,4.3203582093024145e-05
3109,4.253473932827296e-05,4.717225978875148e-05,4.634473144341616e-05,4.318683964178516e-05
3110,4.251094628885798e-05,4.7147584886045474e-05,4.6312030102761294e-05,4.315300259752269e-05
3111,4.250231341881692e-05,4.71122757031567e-05,4.629198265321539e-05,4.315002789654278e-05
3112,4.247390234421321e-05,4.7107205595270485e-05,4.6267786972194486e-05,4.312063610569909e-05
3113,4.244967357094864e-05,4.708944679113365e-05,4.625298638965562e-05,4.311464809820184e-05
3114,4.2457300886313833e-05,4.7073121738514304e-05,4.623656998455826e-05,4.309568748395415e-05
3115,4.24267354299967e-05,4.7062837683700845e-05,4.622023274867726e-05,4.307275226381643e-05
3116,4.240642376900312e-05,4.7043775078639274e-05,4.617397268998862e-05,4.306679676989551e-05
3117,4.237337033497436e-05,4.7046897562762073e-05,4.6173220285415986e-05,4.305924912808383e-05
3118,4.2379171968220556e-05,4.7008735296021466e-05,4.615590670091132e-05,4.3023881134338844e-05
3119,4.2357375043250465e-05,4.6995246153069986e-05,4.612673297027292e-05,4.301772257931478e-05
3120,4.2347981021783346e-05,4.697155776124198e-05,4.6118486166688885e-05,4.299348582276687e-05
3121,4.2319063136003376e-05,4.695645877224283e-05,4.609590451787961e-05,4.298859920470892e-05
3122,4.230228601774747e-05,4.691965323754439e-05,4.606203956180024e-05,4.2976951462195716e-05
3123,4.228284483371738e-05,4.6905133645559665e-05,4.6046190946421854e-05,4.293413221135084e-05
3124,4.226458694229064e-05,4.687345325874205e-05,4.60270268962678e-05,4.293542067576976e-05
3125,4.225749089553472e-05,4.687445512838308e-05,4.6009539482716474e-05,4.2918589586844175e-05
3126,4.222790083726645e-05,4.6857026422232e-05,4.599585350368866e-05,4.2902345663139886e-05
3127,4.2202794480486594e-05,4.6836523603934106e-05,4.5961843858502724e-05,4.2876799730804414e-05
3128,4.218797989530418e-05,4.681392015373107e-05,4.594615503210611e-05,4.285793113063301e-05
3129,4.217334526146184e-05,4.679160743973433e-05,4.592902218134084e-05,4.28456267392437e-05
3130,4.215648402474072e-05,4.67936270229919e-05,4.5907636015727e-05,4.282291821697938e-05
3131,4.2131886418096415e-05,4.67562258479312e-05,4.586896756401173e-05,4.2805421223297806e-05
3132,4.213527615603686e-05,4.675231113496491e-05,4.5862814890547465e-05,4.279282964269707e-05
3133,4.210480613495024e-05,4.673805895743089e-05,4.5860719488053125e-05,4.279189731788805e-05
3134,4.2082553468118654e-05,4.668833759436787e-05,4.5833106468739085e-05,4.2758201310901515e-05
3135,4.2067761411841673e-05,4.666301929890516e-05,4.580521331901056e-05,4.2730589919385015e-05
3136,4.2055686692033405e-05,4.667100439998656e-05,4.578151388546578e-05,4.272641173221708e-05
3137,4.2041283267155615e-05,4.664055473498622e-05,4.576699076787558e-05,4.2695959193875766e-05
3138,4.201447177509639e-05,4.6628277918310735e-05,4.574294348180281e-05,4.2700729551138584e-05
3139,4.1987225441985124e-05,4.6606010692539845e-05,4.571208810990957e-05,4.267700424332574e-05
3140,4.198539910237747e-05,4.658733497548181e-05,4.5705534951439093e-05,4.264580479381925e-05
3141,4.196688913893921e-05,4.6592200658092644e-05,4.569404605162007e-05,4.266043296315502e-05
3142,4.1932472634358846e-05,4.654527685766676e-05,4.5669471187540644e-05,4.263010245379565e-05
3143,4.193763072059114e-05,4.654935784894995e-05,4.56543334125538e-05,4.259749488419271e-05
3144,4.191230301698331e-05,4.652261678335271e-05,4.562781200997392e-05,4.259800111152428e-05
3145,4.189754683255114e-05,4.649941173195305e-05,4.560102388960026e-05,4.257050955124061e-05
3146,4.18669348190759e-05,4.648301377690982e-05,4.559468739197001e-05,4.255614194401322e-05
3147,4.185817718980585e-05,4.645171705069702e-05,4.556292418147148e-05,4.254742756880856e-05
3148,4.185741502540173e-05,4.6440209286251506e-05,4.55470280547113e-05,4.2518444790599285e-05
3149,4.183611879949061e-05,4.6423533805822325e-05,4.553391692912467e-05,4.251544035431525e-05
3150,4.179619814315479e-05,4.640407057284197e-05,4.551441175240595e-05,4.249123199032366e-05
3151,4.1806007634049486e-05,4.6391343675089455e-05,4.548220955872999e-05,4.247209955065093e-05
3152,4.177816761302189e-05,4.6364732962513585e-05,4.546414186539079e-05,4.2466968169292786e-05
3153,4.1760269794700666e-05,4.6342037553913854e-05,4.545023609302095e-05,4.2443133693703074e-05
3154,4.1750264339525236e-05,4.632414535463648e-05,4.542041115593477e-05,4.2416591356637305e-05
3155,4.17180227620682e-05,4.6300269324940334e-05,4.5418396430298444e-05,4.2424779904444336e-05
3156,4.170214315185161e-05,4.6302575758595936e-05,4.539417599764503e-05,4.2393449747985584e-05
3157,4.168756799372064e-05,4.6262970471807176e-05,4.537826880016148e-05,4.2386700738377796e-05
3158,4.166778411464923e-05,4.6256911254450836e-05,4.5357940986374655e-05,4.235228151015813e-05
3159,4.166084579897624e-05,4.624662260707533e-05,4.533857694854274e-05,4.2350282357573764e-05
3160,4.1630357562306206e-05,4.6206266325209917e-05,4.530578417608354e-05,4.2329563547482145e-05
3161,4.162125312514361e-05,4.6203014932562116e-05,4.53096847278888e-05,4.230126246190363e-05
3162,4.16051013674031e-05,4.6178092610077204e-05,4.5281328727283535e-05,4.2306289220265756e-05
3163,4.1585918861483364e-05,4.6159914025633294e-05,4.5265535715116305e-05,4.228735882667759e-05
3164,4.1560686928959375e-05,4.614580250311909e-05,4.522850294697322e-05,4.2263519779023525e-05
3165,4.156069430497144e-05,4.612184762497385e-05,4.522053691406027e-05,4.22527453982378e-05
3166,4.152458162898958e-05,4.611976413774902e-05,4.5209229616222256e-05,4.223829401959207e-05
3167,4.151605034845045e-05,4.6088724797394245e-05,4.519395672214986e-05,4.221534015568421e-05
3168,4.149818519504611e-05,4.606866884128644e-05,4.517307198666404e-05,4.2188396656840664e-05
3169,4.1484523503430904e-05,4.605705272755851e-05,4.514863571810893e-05,4.218290438411855e-05
3170,4.1468949947567755e-05,4.6034177395128216e-05,4.511989658012082e-05,4.2179558186366016e-05
3171,4.14422113978646e-05,4.6023622166946e-05,4.511876240709994e-05,4.2148129811872484e-05
3172,4.1444569571921e-05,4.600165517622514e-05,4.510461860960065e-05,4.213290019686274e-05
3173,4.141241918457952e-05,4.59899466815949e-05,4.507698850850031e-05,4.212353207421361e-05
3174,4.139514448311092e-05,4.597732294264557e-05,4.504293199524273e-05,4.209745661833434e-05
3175,4.138851824242289e-05,4.5938187922596585e-05,4.502207878556907e-05,4.208761515877894e-05
3176,4.135717714641041e-05,4.5939199657255696e-05,4.5020204417951756e-05,4.2076474890460453e-05
3177,4.134049090144474e-05,4.591965277717249e-05,4.50112836278683e-05,4.2039972447455353e-05
3178,4.133556873595389e-05,4.58973579479963e-05,4.4975786284124014e-05,4.204793327974316e-05
3179,4.1309369222107194e-05,4.58694939661218e-05,4.4942909884977e-05,4.203261394054682e-05
3180,4.1292909893884085e-05,4.586065620135663e-05,4.4921275572422506e-05,4.200381259100933e-05
3181,4.128439153873218e-05,4.582730590935738e-05,4.4913717900757824e-05,4.199228895083149e-05
3182,4.125619541564494e-05,4.5816120306765394e-05,4.4910141910551786e-05,4.196536429692653e-05
3183,4.124846778560393e-05,4.5785927414981416e-05,4.4882798464729795e-05,4.195829219589906e-05
3184,4.123164737161713e-05,4.5793099717476504e-05,4.4854746393442706e-05,4.1928687744263465e-05
3185,4.1207668395652425e-05,4.5755650511521506e-05,4.483762802611873e-05,4.1913318025182825e-05
3186,4.118669975216984e-05,4.575028661040203e-05,4.481479248989122e-05,4.1905135149474334e-05
3187,4.1181568251544226e-05,4.573264020719318e-05,4.481001270036096e-05,4.189675995836138e-05
3188,4.115455867777601e-05,4.5716991086802735e-05,4.4797848621047137e-05,4.185878763309675e-05
3189,4.1140419872417104e-05,4.5697852271334134e-05,4.476272946019369e-05,4.187603643737577e-05
3190,4.1115412408056824e-05,4.5689363821106504e-05,4.474024279224317e-05,4.183687021505499e-05
3191,4.110943192354664e-05,4.566453568820232e-05,4.472267272298202e-05,4.18174163838079e-05
3192,4.1084900798789824e-05,4.563329239511116e-05,4.47040021032036e-05,4.180381461118736e-05
3193,4.108284152706035e-05,4.5626235438769514e-05,4.469239637199414e-05,4.178999268935755e-05
3194,4.104775249180829e-05,4.5608481030429276e-05,4.4685284067247884e-05,4.177020707026506e-05
3195,4.104067138741867e-05,4.558397351191245e-05,4.4654347705059714e-05,4.1766707875787094e-05
3196,4.101878732072523e-05,4.557096985333053e-05,4.462920815262679e-05,4.175011481448532e-05
3197,4.100748992012981e-05,4.554199477955408e-05,4.4615330661728296e-05,4.1720941135083555e-05
3198,4.0995111373685214e-05,4.553604509859215e-05,4.460424111802378e-05,4.170953467305875e-05
3199,4.098534169986985e-05,4.552020880334854e-05,4.458642415863347e-05,4.168553244937863e-05
3200,4.0949084196867554e-05,4.54980265808377e-05,4.454873316698832e-05,4.1678384756148243e-05
3201,4.094078113842282e-05,4.548236423033154e-05,4.453791454435219e-05,4.1662014943837693e-05
3202,4.0919881180578916e-05,4.544831407828784e-05,4.451077124399738e-05,4.164861039212899e-05
3203,4.0911062307616317e-05,4.5441705466658094e-05,4.4516504011301165e-05,4.164121768051932e-05
3204,4.08932025888542e-05,4.54230817122642e-05,4.449242598520441e-05,4.16176545493769e-05
3205,4.087794951249199e-05,4.540350500708964e-05,4.445108986917589e-05,4.159839845863856e-05
3206,4.085561930876018e-05,4.538154937266427e-05,4.444234630116282e-05,4.1577995277014035e-05
3207,4.084959988573181e-05,4.536443820689481e-05,4.442979701172809e-05,4.1580292443905624e-05
3208,4.082901161518079e-05,4.535875407527547e-05,4.44107584528596e-05,4.155538578417756e-05
3209,4.0807457592719824e-05,4.533069833611187e-05,4.4381553368908185e-05,4.1537851648842904e-05
3210,4.0792053564700207e-05,4.531533524689631e-05,4.438089533827556e-05,4.153666246249857e-05
3211,4.077675045012312e-05,4.529516926885819e-05,4.435125821812524e-05,4.151289075649248e-05
3212,4.076311400292799e-05,4.5284424165935166e-05,4.432673887056762e-05,4.1500195959858386e-05
3213,4.0744573154660494e-05,4.527910019371648e-05,4.431106341556493e-05,4.148197604218593e-05
3214,4.073193328112758e-05,4.5252859572817695e-05,4.4288284356783346e-05,4.146194124280978e-05
3215,4.070945002151089e-05,4.5240307871534135e-05,4.428644958435612e-05,4.1445216533209664e-05
3216,4.069167812083945e-05,4.521832061530541e-05,4.425300019139159e-05,4.1432032432583826e-05
3217,4.06801390135749e-05,4.519939597955269e-05,4.4241081089513914e-05,4.140615394766286e-05
3218,4.0656108440586736e-05,4.519076535530112e-05,4.423178957993499e-05,4.1398698494130787e-05
3219,4.064030476559647e-05,4.5165689648010044e-05,4.4216143344166227e-05,4.137710039368478e-05
3220,4.063611354955442e-05,4.515008445995237e-05,4.4188764792794474e-05,4.1371094232182916e-05
3221,4.0618173140558134e-05,4.5131099857355436e-05,4.4168879133067317e-05,4.136121698129677e-05
3222,4.0594995487947986e-05,4.510613682544828e-05,4.4156285728677496e-05,4.133952192791223e-05
3223,4.058225657260543e-05,4.508966278848998e-05,4.412282591420573e-05,4.1321831206055624e-05
3224,4.056179632023886e-05,4.506949665268412e-05,4.411375261548746e-05,4.129859604222201e-05
3225,4.054335995031064e-05,4.5068339897869266e-05,4.409554317412984e-05,4.129035609947961e-05
3226,4.0529887546190355e-05,4.503713598247618e-05,4.408485359145614e-05,4.1273137943327824e-05
3227,4.051277768779563e-05,4.502180315750354e-05,4.405520421682925e-05,4.1267257251520294e-05
3228,4.0494570990577827e-05,4.499809422090352e-05,4.4038156884184735e-05,4.125284433351802e-05
3229,4.0478657448375324e-05,4.499192949315565e-05,4.401652979220941e-05,4.123572015108309e-05
3230,4.047290098203917e-05,4.4970092564523474e-05,4.400623746357888e-05,4.121895371663264e-05
3231,4.0454413637843835e-05,4.4952578433677664e-05,4.399028147844821e-05,4.120241567631041e-05
3232,4.04356851117258e-05,4.493611428044932e-05,4.3970666716151974e-05,4.1176444519863816e-05
3233,4.04076751607395e-05,4.491916703782655e-05,4.395218151845029e-05,4.116841755044258e-05
3234,4.040390380493633e-05,4.4891378641829466e-05,4.393413406366241e-05,4.115704735195077e-05
3235,4.0385165123237966e-05,4.489337891355231e-05,4.3913055085311513e-05,4.112866056743315e-05
3236,4.0368882480677404e-05,4.4867821408665704e-05,4.3894309109343147e-05,4.112417851259138e-05
3237,4.035507309881383e-05,4.4852104487353716e-05,4.387527060416526e-05,4.111774250777775e-05
3238,4.0341940726528684e-05,4.48390523680922e-05,4.386150080791153e-05,4.10929016699051e-05
3239,4.0311395168727094e-05,4.481531630596703e-05,4.383996284544732e-05,4.1077768565313564e-05
3240,4.0304443458817484e-05,4.4794507130643684e-05,4.3826323997548256e-05,4.105710358150239e-05
3241,4.028794129189658e-05,4.478720759486594e-05,4.380325988957899e-05,4.104423084240432e-05
3242,4.026356089254871e-05,4.477006568901795e-05,4.379037846683666e-05,4.1025285187152107e-05
3243,4.0254905451002835e-05,4.475241048816113e-05,4.376258813881424e-05,4.1016854294194686e-05
3244,4.023869050571559e-05,4.472334037323144e-05,4.375498959250136e-05,4.09987600391019e-05
3245,4.021309062512872e-05,4.470574301495462e-05,4.3741623974573494e-05,4.097746701137509e-05
3246,4.0213297093730255e-05,4.470433866817018e-05,4.371979987213723e-05,4.096690709626548e-05
3247,4.019717905261636e-05,4.467511532963377e-05,4.370457758621716e-05,4.0948943949302446e-05
3248,4.0182590662543306e-05,4.465931303636057e-05,4.3688936744420096e-05,4.094690535056242e-05
3249,4.0155889016789714e-05,4.4654524858642276e-05,4.367000822934053e-05,4.0910469271378815e-05
3250,4.014043894922619e-05,4.462635652740609e-05,4.3654294293624124e-05,4.090808807630568e-05
3251,4.012351797663171e-05,4.461995979520024e-05,4.3632005363736885e-05,4.088144813479719e-05
3252,4.011298485950916e-05,4.4596205812646844e-05,4.36189225590452e-05,4.086536446792331e-05
3253,4.009854994947776e-05,4.4588463420011025e-05,4.360170206529417e-05,4.086245104117947e-05
3254,4.008289737666534e-05,4.456685369966888e-05,4.356858887363945e-05,4.085016502921893e-05
3255,4.0063238222954356e-05,4.4533252528990844e-05,4.3551988583258756e-05,4.081889241966378e-05
3256,4.005094033811806e-05,4.452379159627553e-05,4.354148279393144e-05,4.0810428369801664e-05
3257,4.003762711226386e-05,4.451122686475229e-05,4.351360092020452e-05,4.080239054604044e-05
3258,4.001243495326554e-05,4.448961934498387e-05,4.351618467254731e-05,4.078224164067159e-05
3259,3.9997209199640565e-05,4.447505684429623e-05,4.348634917758932e-05,4.077008136495355e-05
3260,3.9978801354752205e-05,4.445173466682324e-05,4.347088687139609e-05,4.074816186699996e-05
3261,3.996679018423549e-05,4.443315860352315e-05,4.344693925101067e-05,4.072815155615952e-05
3262,3.995515669700302e-05,4.4421845108340635e-05,4.343150261435984e-05,4.072014781189155e-05
3263,3.994076737259044e-05,4.4405264083686985e-05,4.341804286290834e-05,4.071128720738864e-05
3264,3.992559724003534e-05,4.43934598994929e-05,4.339414739638414e-05,4.069302773889882e-05
3265,3.990489156027449e-05,4.437628570579335e-05,4.338199855944973e-05,4.067483796659563e-05
3266,3.9890145569571336e-05,4.4360286008661086e-05,4.335321511311368e-05,4.0666186962834076e-05
3267,3.9875537498848015e-05,4.4349854821435166e-05,4.3350087153435256e-05,4.065283826569153e-05
3268,3.9856438858952216e-05,4.4331966913288226e-05,4.33223672379702e-05,4.0637099434770575e-05
3269,3.984198692310054e-05,4.4302624250284904e-05,4.3305941703017865e-05,4.0624949448244224e-05
3270,3.9833800213882736e-05,4.429591687756617e-05,4.33000031314831e-05,4.060122898391116e-05
3271,3.981329217575167e-05,4.426964660350383e-05,4.327798576488194e-05,4.059327094872658e-05
3272,3.979908900434221e-05,4.4264885910901186e-05,4.325698783818211e-05,4.058014511180784e-05
3273,3.9786996146308414e-05,4.424236170670935e-05,4.323978214769461e-05,4.056240008815513e-05
3274,3.977108957738989e-05,4.423926878341085e-05,4.322211954654746e-05,4.055056911691614e-05
3275,3.975040771214207e-05,4.4204478967074084e-05,4.320385651683746e-05,4.0530677217023575e-05
3276,3.973559842585441e-05,4.420224707233108e-05,4.319302894915247e-05,4.052070881381493e-05
3277,3.972290735494031e-05,4.417536241014179e-05,4.316772617648529e-05,4.051120837438681e-05
3278,3.970576593157944e-05,4.4158978691448596e-05,4.315650090748209e-05,4.048586792196423e-05
3279,3.9687365224806386e-05,4.414091302957476e-05,4.314304380934016e-05,4.046908369471076e-05
3280,3.967673769775442e-05,4.411883914060234e-05,4.311298985349663e-05,4.044649919857044e-05
3281,3.965758802537073e-05,4.411928664489611e-05,4.3095057274783915e-05,4.044482236241675e-05
3282,3.96369273700042e-05,4.409398655727971e-05,4.3082588297756354e-05,4.042570417528386e-05
3283,3.963191602007882e-05,4.4079715676343115e-05,4.306594495818273e-05,4.041328476563671e-05
3284,3.9612644289373514e-05,4.4049427466761754e-05,4.3049165753582105e-05,4.039399445280432e-05
3285,3.960334454736936e-05,4.404389177802689e-05,4.302804692843831e-05,4.03843078698972e-05
3286,3.9582709857165766e-05,4.4029509094841975e-05,4.3011006326486466e-05,4.037300847815204e-05
3287,3.95652847626917e-05,4.4017001840316936e-05,4.299502813759019e-05,4.034609781138236e-05
3288,3.9548336125500556e-05,4.399264143155775e-05,4.2980338402023294e-05,4.034799638584421e-05
3289,3.953199967723553e-05,4.397608798280842e-05,4.2961371262618295e-05,4.031982681978283e-05
3290,3.951688026102181e-05,4.39499007005756e-05,4.294298539083442e-05,4.0307575177560954e-05
3291,3.9508501098257305e-05,4.3940900166339e-05,4.292564064788901e-05,4.0290316793621875e-05
3292,3.948017593185338e-05,4.393147499419315e-05,4.290001702402116e-05,4.0282351432944863e-05
3293,3.946865577864519e-05,4.3917977139326985e-05,4.2892569990709615e-05,4.0268604974837114e-05
3294,3.945568370357774e-05,4.388628973524542e-05,4.286456740270812e-05,4.025340455625167e-05
3295,3.94461174978057e-05,4.3879069912845876e-05,4.28559161666376e-05,4.023081101896353e-05
3296,3.9427323573807106e-05,4.387082579976939e-05,4.284145320716104e-05,4.021432309640836e-05
3297,3.9407037680267446e-05,4.384903573981257e-05,4.281998108360033e-05,4.0202863245969464e-05
3298,3.9396682587636994e-05,4.382639559608354e-05,4.279408186820554e-05,4.019540372459121e-05
3299,3.938738013819298e-05,4.381134302032509e-05,4.2787425661553045e-05,4.018018640254999e-05
3300,3.936951257208529e-05,4.379930749741608e-05,4.277579052341702e-05,4.0161870819155796e-05
3301,3.935512868928089e-05,4.377503121079111e-05,4.276101872964897e-05,4.014243628041336e-05
3302,3.9340832219248924e-05,4.376852122898698e-05,4.274266940612211e-05,4.014338740929453e-05
3303,3.931833028148678e-05,4.374511996924789e-05,4.272219763935484e-05,4.011805013772088e-05
3304,3.9303649409914265e-05,4.3732418228514186e-05,4.270649337410521e-05,4.011635596200643e-05
3305,3.929310067378719e-05,4.371726631978371e-05,4.268884308651655e-05,4.008953947309412e-05
3306,3.927646029921538e-05,4.3700819348353953e-05,4.2669288398973865e-05,4.007906431573954e-05
3307,3.9261253220840206e-05,4.367930849885159e-05,4.264853666321344e-05,4.006623785538677e-05
3308,3.92489591197266e-05,4.366489178168446e-05,4.263700026660051e-05,4.0048510427260666e-05
3309,3.923321500546288e-05,4.3652043227994035e-05,4.261092916794032e-05,4.003218636410562e-05
3310,3.921160388590471e-05,4.363501082746256e-05,4.259886689169307e-05,4.001477055873021e-05
3311,3.919973256397743e-05,4.361574758983365e-05,4.2585375440392425e-05,4.0009227955429295e-05
3312,3.917820659135821e-05,4.360010510542585e-05,4.256320999189117e-05,3.998900597826811e-05
3313,3.9171592812343696e-05,4.3592065316490564e-05,4.2546970277740784e-05,3.9976470547161136e-05
3314,3.915042112910264e-05,4.356856808959134e-05,4.252394085425625e-05,3.9965326738309485e-05
3315,3.91448360076827e-05,4.354721240410683e-05,4.251395408544304e-05,3.994745198383174e-05
3316,3.912804223212491e-05,4.3538125640582155e-05,4.2499276208119406e-05,3.9936626510090265e-05
3317,3.91124751961737e-05,4.3521577150596885e-05,4.2482140491539535e-05,3.991190754427749e-05
3318,3.909376728311555e-05,4.349857413291721e-05,4.2474469923598624e-05,3.9909765035790265e-05
3319,3.9077693129349684e-05,4.34885651990997e-05,4.24487559968066e-05,3.9892108183942094e-05
3320,3.9066169414090966e-05,4.3473141472167594e-05,4.243185941997426e-05,3.9877811164132776e-05
3321,3.904728560443453e-05,4.346280186118228e-05,4.241460872951301e-05,3.984798805879785e-05
3322,3.903146762432644e-05,4.3443025766649465e-05,4.240106351316814e-05,3.984429420820923e-05
3323,3.9020960347303886e-05,4.342718914982211e-05,4.2374591544989456e-05,3.982921962496306e-05
3324,3.900351028184911e-05,4.340038680025397e-05,4.2366077099316264e-05,3.982161051943504e-05
3325,3.898566344258783e-05,4.338898708641408e-05,4.23494751191113e-05,3.980627203166074e-05
3326,3.897453502810411e-05,4.337715540826449e-05,4.233515018956783e-05,3.978714330245503e-05
3327,3.895990529745192e-05,4.3367347762400474e-05,4.23150798481806e-05,3.9778225041580624e-05
3328,3.893876873648095e-05,4.334378311334073e-05,4.230264504806177e-05,3.976147867627059e-05
3329,3.8929250246097735e-05,4.3326425544749244e-05,4.22900333964857e-05,3.974446986570628e-05
3330,3.8914602800716664e-05,4.331680203440793e-05,4.226578252451515e-05,3.9729917463157535e-05
3331,3.889640904244571e-05,4.3296704716985566e-05,4.2255799940498385e-05,3.971330269070939e-05
3332,3.888831537264574e-05,4.328536415171182e-05,4.222782879307162e-05,3.970973752013978e-05
3333,3.886583222452883e-05,4.327277750513246e-05,4.221642383224706e-05,3.9692076855672216e-05
3334,3.8858804974180134e-05,4.325005436315682e-05,4.2196553871760854e-05,3.967727579846795e-05
3335,3.883831745691711e-05,4.323765916688422e-05,4.217865304421717e-05,3.9653172390490807e-05
3336,3.88260671626233e-05,4.321844305868966e-05,4.216648583886977e-05,3.965333401060677e-05
3337,3.8809913089101555e-05,4.320579506939184e-05,4.214979656790652e-05,3.963428288149292e-05
3338,3.879654482174668e-05,4.319120118196008e-05,4.213110742646601e-05,3.962454743750732e-05
3339,3.878205053645295e-05,4.317691338561273e-05,4.210752778350504e-05,3.960700386208545e-05
3340,3.876653919139178e-05,4.316105482317246e-05,4.209984988134042e-05,3.959358354042655e-05
3341,3.8751503429117284e-05,4.314001946468662e-05,4.207922285499396e-05,3.957467533021461e-05
3342,3.87333489615343e-05,4.3125025557260767e-05,4.206726970322453e-05,3.955964927730206e-05
3343,3.872975177283843e-05,4.311287476012365e-05,4.20441108732083e-05,3.9549376334652335e-05
3344,3.8711426554472735e-05,4.309972086239434e-05,4.202748915883606e-05,3.953331747831772e-05
3345,3.869602930553273e-05,4.30769781642116e-05,4.201779208009868e-05,3.952107766461725e-05
3346,3.8679044489088086e-05,4.306059849445884e-05,4.200134535335385e-05,3.9517085587100844e-05
3347,3.866301777239827e-05,4.304971535001694e-05,4.1975324275553584e-05,3.949138089361798e-05
3348,3.8646400347923435e-05,4.3039303687458494e-05,4.196903306726743e-05,3.9474045226374324e-05
3349,3.863666589061954e-05,4.301218053505609e-05,4.195150829073071e-05,3.946871955852144e-05
3350,3.861759552751642e-05,4.300493533485598e-05,4.192790988782869e-05,3.944552150433353e-05
3351,3.860049627982513e-05,4.298557964801779e-05,4.191860791184654e-05,3.944098934315117e-05
3352,3.8593442824496244e-05,4.29739481191652e-05,4.18987083612618e-05,3.941776435536697e-05
3353,3.857853213323662e-05,4.2954765449116386e-05,4.188535109120949e-05,3.940881845280924e-05
3354,3.856506518097561e-05,4.293855293875847e-05,4.186799662374922e-05,3.939778716961893e-05
3355,3.8547953876396716e-05,4.2931069603280394e-05,4.185386996829676e-05,3.9389260504531804e-05
3356,3.853363095779899e-05,4.290746041622077e-05,4.1836914613163455e-05,3.9367664421805515e-05
3357,3.852020224351438e-05,4.289430388687907e-05,4.18209188287034e-05,3.9349473051578946e-05
3358,3.850479894317751e-05,4.287541620995651e-05,4.1815122195048356e-05,3.9338714342403706e-05
3359,3.849251943508089e-05,4.285523975370366e-05,4.178762852170495e-05,3.9319864830059516e-05
3360,3.8470387386198216e-05,4.2842353969869055e-05,4.176826039393652e-05,3.930547459410691e-05
3361,3.845891165614072e-05,4.2832572998250863e-05,4.176212507668209e-05,3.9298615496762805e-05
3362,3.8446983179604344e-05,4.281644277101179e-05,4.1742993612048875e-05,3.928516574832352e-05
3363,3.8429436491109635e-05,4.2799014238649296e-05,4.1728274099126904e-05,3.926507179114048e-05
3364,3.841737888559668e-05,4.278185431780941e-05,4.171481074218961e-05,3.92639536791383e-05
3365,3.8399116678481495e-05,4.2761317708065185e-05,4.169306889639354e-05,3.924122037651242e-05
3366,3.8386937768653585e-05,4.275557479856619e-05,4.167133204556475e-05,3.923087844238597e-05
3367,3.8377731976905604e-05,4.273015086487831e-05,4.165919364019195e-05,3.921705438515745e-05
3368,3.836400529908492e-05,4.27212345874916e-05,4.163746650628899e-05,3.920345835723877e-05
3369,3.834430262529796e-05,4.270957016036402e-05,4.162602632784775e-05,3.919026795693129e-05
3370,3.832848830690939e-05,4.269537886722004e-05,4.16174663812187e-05,3.9171661594253416e-05
3371,3.831669311555762e-05,4.26651247564115e-05,4.159499799147608e-05,3.916698296965036e-05
3372,3.8302021215142795e-05,4.266490431909693e-05,4.157942103454212e-05,3.914791221460174e-05
3373,3.8284624568810646e-05,4.264384353434227e-05,4.156436505101426e-05,3.912582919868976e-05
3374,3.8273347862822794e-05,4.262643187903842e-05,4.154612844014857e-05,3.911950886026061e-05
3375,3.826428510896384e-05,4.2611863807204364e-05,4.152682256874458e-05,3.910522075374808e-05
3376,3.8243566571346154e-05,4.259677660958649e-05,4.151580482921458e-05,3.908738022160859e-05
3377,3.8235569445492403e-05,4.2581714900532806e-05,4.149541366120823e-05,3.908198451238184e-05
3378,3.821799335464651e-05,4.256339917589405e-05,4.148536389452211e-05,3.905873067142339e-05
3379,3.820051011194534e-05,4.254868322749778e-05,4.146800073757164e-05,3.9047675735803746e-05
3380,3.818993000501555e-05,4.2540322879968926e-05,4.1450722548513566e-05,3.903210278580944e-05
3381,3.81742380421588e-05,4.252711027261332e-05,4.143329909474226e-05,3.902597278650932e-05
3382,3.8156996330849385e-05,4.25093798683013e-05,4.141616674232138e-05,3.901189280985833e-05
3383,3.8146119557710205e-05,4.2492156539655105e-05,4.139373369580756e-05,3.899122374399355e-05
3384,3.813586250463711e-05,4.247873614534599e-05,4.138834757889293e-05,3.898132391398867e-05
3385,3.8113243414633135e-05,4.2465823590958996e-05,4.13718312779556e-05,3.8973158583050996e-05
3386,3.810359960039569e-05,4.244936689969266e-05,4.13596962606909e-05,3.895258863593756e-05
3387,3.808712720378403e-05,4.2429063107736725e-05,4.133810989969727e-05,3.894170248951011e-05
3388,3.807340887769816e-05,4.242102517284351e-05,4.132383544906494e-05,3.892786742564389e-05
3389,3.806107151146958e-05,4.23978005905375e-05,4.1310732906451805e-05,3.891976742948431e-05
3390,3.804911819797047e-05,4.239386622035566e-05,4.129323834095866e-05,3.8904480926702574e-05
3391,3.8036615160684686e-05,4.23753960300888e-05,4.1267545847506826e-05,3.888806420982372e-05
3392,3.8019223371800646e-05,4.235259759042987e-05,4.126050136990889e-05,3.8885436047896654e-05
3393,3.800208408835614e-05,4.2352906995348446e-05,4.12414838008037e-05,3.887018482078954e-05
3394,3.7983298495973014e-05,4.233026537500081e-05,4.122478029986175e-05,3.884216908427618e-05
3395,3.797144302290719e-05,4.2311645269707636e-05,4.121283471047028e-05,3.883981542290245e-05
3396,3.796273298495859e-05,4.229870377270823e-05,4.119694971629968e-05,3.881728636768608e-05
3397,3.7951274358531455e-05,4.228634568824504e-05,4.11784122060278e-05,3.88112282403501e-05
3398,3.793635139204733e-05,4.2263233716465484e-05,4.116039694224951e-05,3.880210400205614e-05
3399,3.7917991650423706e-05,4.224826788074475e-05,4.115237659853853e-05,3.8780224650100556e-05
3400,3.790352626912086e-05,4.223837990771888e-05,4.1129683203576414e-05,3.875998335048736e-05
3401,3.789252723129894e-05,4.2220181843502156e-05,4.1117164129836634e-05,3.87486177978283e-05
3402,3.7876423532579757e-05,4.2205703440272394e-05,4.109744562186554e-05,3.8739573975943546e-05
3403,3.786100597474689e-05,4.219695707864972e-05,4.108118382811931e-05,3.872909965715062e-05
3404,3.7847295187145376e-05,4.218346189454881e-05,4.10665478388491e-05,3.871905244131506e-05
3405,3.7835288719549624e-05,4.2158111635122043e-05,4.1059399820877464e-05,3.869852204861547e-05
3406,3.7818875100319075e-05,4.214413070471946e-05,4.1038030147257557e-05,3.869030093104231e-05
3407,3.78060094729464e-05,4.2130876793735514e-05,4.102577646544477e-05,3.8666874088371994e-05
3408,3.778654459684396e-05,4.2115661389335185e-05,4.101073090672188e-05,3.86567794213586e-05
3409,3.7781657874829086e-05,4.2105532872518284e-05,4.0995738184241994e-05,3.865123490254244e-05
3410,3.7768368875246464e-05,4.2089105500911064e-05,4.097620329073295e-05,3.8630999303118574e-05
3411,3.774763903229922e-05,4.206915687501353e-05,4.096325630459183e-05,3.862086251976286e-05
3412,3.773490813730283e-05,4.206105561455645e-05,4.095077032500388e-05,3.8606145719434596e-05
3413,3.772190605157129e-05,4.2042934429048625e-05,4.093091262118814e-05,3.859662419617074e-05
3414,3.771329430444915e-05,4.202743275164092e-05,4.091400273291917e-05,3.858094860882003e-05
3415,3.769602306397465e-05,4.2018157663822004e-05,4.0895780901830105e-05,3.8570042482983485e-05
3416,3.7685914039862254e-05,4.2001335132547256e-05,4.088167615831544e-05,3.855533785604118e-05
3417,3.7669878513572254e-05,4.197957818436251e-05,4.0870470802158814e-05,3.8543205447727766e-05
3418,3.765493574181539e-05,4.196866288458007e-05,4.085245252845647e-05,3.852513269248333e-05
3419,3.764289272338756e-05,4.1955330903292296e-05,4.083968491600931e-05,3.851925549291726e-05
3420,3.762763584717516e-05,4.194494541558268e-05,4.0819066249428635e-05,3.850650702100648e-05
3421,3.761390781164311e-05,4.1920175988289065e-05,4.080889902293202e-05,3.848253247265586e-05
3422,3.759582420507846e-05,4.1911630829018964e-05,4.0789127009312205e-05,3.847572770009783e-05
3423,3.7586796743925e-05,4.1896770677056535e-05,4.0772348237726695e-05,3.8461276178052084e-05
3424,3.757590396300776e-05,4.1878920211826085e-05,4.076031869858379e-05,3.844555496805012e-05
3425,3.755619571234526e-05,4.187116285991336e-05,4.074057196820284e-05,3.843583635169564e-05
3426,3.754509755326006e-05,4.185606357686511e-05,4.07227814360152e-05,3.8426629407431374e-05
3427,3.753112121022444e-05,4.1829592879735366e-05,4.071289800147761e-05,3.840907198020022e-05
3428,3.752177468784096e-05,4.182532454592626e-05,4.069730850646502e-05,3.8392476766778706e-05
3429,3.75075106865192e-05,4.180750273058721e-05,4.0682539826239294e-05,3.838474857798268e-05
3430,3.749273189133935e-05,4.179555422777014e-05,4.066351220771876e-05,3.837567665297584e-05
3431,3.747566149512258e-05,4.1775510929043904e-05,4.064606346680852e-05,3.836060723071159e-05
3432,3.746519683668656e-05,4.17637676288802e-05,4.0636858377018596e-05,3.834359161626586e-05
3433,3.744570720006214e-05,4.1747526685929955e-05,4.061879912834015e-05,3.8332725132808296e-05
3434,3.7436757561565086e-05,4.17377715495007e-05,4.060295987252981e-05,3.831510036013514e-05
3435,3.742330090746691e-05,4.171686691819694e-05,4.0596478117463354e-05,3.8312782724083094e-05
3436,3.7407424178231734e-05,4.170470821422437e-05,4.0568292525182336e-05,3.829344322961981e-05
3437,3.739438207880121e-05,4.169400058398429e-05,4.056043689523087e-05,3.827985574029739e-05
3438,3.738322197887604e-05,4.167648969725716e-05,4.0539950194440734e-05,3.8270792026236586e-05
3439,3.736799090647106e-05,4.165862260723971e-05,4.053419680537519e-05,3.824637932137219e-05
3440,3.735668236577822e-05,4.164478062237251e-05,4.0511059863201655e-05,3.824500108631943e-05
3441,3.733866888451819e-05,4.1631234961933504e-05,4.049862713192533e-05,3.822754984966634e-05
3442,3.732515905185126e-05,4.161577591558483e-05,4.0485020209059025e-05,3.82135828488481e-05
3443,3.7318830444859056e-05,4.1607794472924754e-05,4.046728932166269e-05,3.820811532091152e-05
3444,3.7297518865799805e-05,4.1589250816536503e-05,4.0451297843166034e-05,3.8191393370543205e-05
3445,3.72858229545753e-05,4.156783418266827e-05,4.043718744852611e-05,3.817810668886541e-05
3446,3.7270623160940805e-05,4.155661354994805e-05,4.0425427066682704e-05,3.816116760689987e-05
3447,3.7262491289984094e-05,4.154625462763346e-05,4.04073024773628e-05,3.815249079333021e-05
3448,3.7243935368791586e-05,4.1530864815633565e-05,4.039622303226651e-05,3.813509638645892e-05
3449,3.723100727951779e-05,4.1511382093365495e-05,4.037585659207023e-05,3.8128477181688306e-05
3450,3.7223186142619845e-05,4.150869863015455e-05,4.036041259481271e-05,3.811719895513554e-05
3451,3.7210911531741375e-05,4.1485425162626005e-05,4.034557821052983e-05,3.8099409313873684e-05
3452,3.718968613195688e-05,4.1475108699202815e-05,4.032981654964243e-05,3.8080598813727826e-05
3453,3.7181021013050704e-05,4.146338289192135e-05,4.031381140770765e-05,3.80707529028745e-05
3454,3.7166556777631456e-05,4.144728970840011e-05,4.0305300929514293e-05,3.805647885528459e-05
3455,3.7154075981348814e-05,4.143136025490696e-05,4.029354503051624e-05,3.804790699860697e-05
3456,3.714038282205224e-05,4.1413929414003277e-05,4.026874239396276e-05,3.80324370813603e-05
3457,3.71220318836355e-05,4.140589408868965e-05,4.025189627311882e-05,3.8022896834096905e-05
3458,3.711094723528155e-05,4.1390742070396425e-05,4.0242566992126005e-05,3.800745819956346e-05
3459,3.710024353365147e-05,4.137233843480546e-05,4.0223498362377046e-05,3.799994504744063e-05
3460,3.709045255045872e-05,4.1362191356410035e-05,4.020992977367975e-05,3.79852083641125e-05
3461,3.7070621846458355e-05,4.1342500741805434e-05,4.019980310676763e-05,3.797124971889748e-05
3462,3.706137491874561e-05,4.1334935949915736e-05,4.018428279162877e-05,3.7958006561294746e-05
3463,3.7048070298430395e-05,4.132098627153831e-05,4.0165996920813214e-05,3.7944705126987216e-05
3464,3.703442307283169e-05,4.131199225316907e-05,4.014839600259408e-05,3.793212632447124e-05
3465,3.7018575684772236e-05,4.128984812845291e-05,4.013783308766627e-05,3.7920213576717756e-05
3466,3.7004333726120896e-05,4.127313163027664e-05,4.012153024874163e-05,3.7906160950910185e-05
3467,3.698996409128595e-05,4.1263015376873793e-05,4.010162087265501e-05,3.789383376565942e-05
3468,3.697977057022003e-05,4.124392918376774e-05,4.0094468987657e-05,3.7878908788870755e-05
3469,3.696868302795464e-05,4.1235609398300506e-05,4.008090291795263e-05,3.786904061962009e-05
3470,3.695052863645108e-05,4.122117462297732e-05,4.006195672268567e-05,3.785368955555307e-05
3471,3.694244988661487e-05,4.119946449294266e-05,4.0045699273910586e-05,3.7844205899158596e-05
3472,3.692705472538679e-05,4.11887935627324e-05,4.004223116313322e-05,3.782560601105988e-05
3473,3.691503229957896e-05,4.117538759491967e-05,4.001863990720996e-05,3.7817828626685775e-05
3474,3.6904003512756476e-05,4.116330230369476e-05,4.000385733287851e-05,3.780142970204046e-05
3475,3.688677026880444e-05,4.1144299027005784e-05,3.998414816177876e-05,3.7791170999501056e-05
3476,3.687742357661809e-05,4.113378709891236e-05,3.997203461664039e-05,3.777854772147562e-05
3477,3.686526267447561e-05,4.1116297082137195e-05,3.995430366560276e-05,3.7768804132356956e-05
3478,3.6846138469904e-05,4.110526259391029e-05,3.9946583480582264e-05,3.77547309635098e-05
3479,3.6835215539996674e-05,4.109217620858666e-05,3.993147163726216e-05,3.773984253251479e-05
3480,3.681987589352045e-05,4.1082899468216865e-05,3.991338696530283e-05,3.772643540039446e-05
3481,3.6807876725552585e-05,4.10614790523629e-05,3.990120853039087e-05,3.771590228440413e-05
3482,3.679597820343602e-05,4.104676115319748e-05,3.988578203858735e-05,3.7707084181093435e-05
3483,3.678447956608523e-05,4.103426124142889e-05,3.986930364518657e-05,3.7692564415845446e-05
3484,3.6772013521432203e-05,4.1024852025124084e-05,3.985684193995105e-05,3.7682807399204694e-05
3485,3.675807347651902e-05,4.100614594591883e-05,3.983639639265403e-05,3.7671642711659086e-05
3486,3.6742151755045326e-05,4.099036025575645e-05,3.982620898828903e-05,3.765969614397748e-05
3487,3.672912460146259e-05,4.098078498278929e-05,3.980970954836972e-05,3.763913615586511e-05
3488,3.671857889870488e-05,4.096707601107654e-05,3.979619854852992e-05,3.7629416610102395e-05
3489,3.670815852299326e-05,4.095138117799241e-05,3.9778694320640225e-05,3.7620772695480316e-05
3490,3.668576249680461e-05,4.0931519759030606e-05,3.9774231077420574e-05,3.7603727145179476e-05
3491,3.667933952148203e-05,4.092702520243646e-05,3.974895670893131e-05,3.759275010754672e-05
3492,3.666419599959237e-05,4.090755630400556e-05,3.973909365674888e-05,3.7579337467343404e-05
3493,3.66500982214958e-05,4.0900039897935404e-05,3.971808220360742e-05,3.756813247163463e-05
3494,3.6640114026267955e-05,4.087835108494515e-05,3.9710262597944696e-05,3.755560620072687e-05
3495,3.6627174396291916e-05,4.086956200526789e-05,3.96967539586058e-05,3.754570324789094e-05
3496,3.6612833309712406e-05,4.085584208452588e-05,3.96866584362737e-05,3.753470349061158e-05
3497,3.6600160160762963e-05,4.084460543189291e-05,3.966554146346607e-05,3.7521079228216905e-05
3498,3.658599053837086e-05,4.082645979141734e-05,3.9651581299936955e-05,3.750752679417184e-05
3499,3.657349611920578e-05,4.080837913580042e-05,3.9638496869152704e-05,3.749798271994902e-05
3500,3.6562546583712454e-05,4.0798981866961906e-05,3.962151080697936e-05,3.748034768630234e-05
3501,3.654708552320465e-05,4.078487370827502e-05,3.961199343066379e-05,3.746439777740539e-05
3502,3.65359586498491e-05,4.077228308435043e-05,3.9597801389936305e-05,3.745650946120383e-05
3503,3.652340097267876e-05,4.075838700757822e-05,3.9575192741032356e-05,3.744278389850735e-05
3504,3.6512058768206805e-05,4.074612229474433e-05,3.9565907226197024e-05,3.743623908860534e-05
3505,3.64970439333178e-05,4.072302099929906e-05,3.955716266685507e-05,3.742044592326963e-05
3506,3.648822097578955e-05,4.071548880160836e-05,3.9533299430863706e-05,3.7406413034958206e-05
3507,3.646931338127191e-05,4.0705954136746585e-05,3.952215138897857e-05,3.7397593983079114e-05
3508,3.64567085107117e-05,4.068930591228016e-05,3.950915846745472e-05,3.738706525137287e-05
3509,3.6448615737644425e-05,4.0674505890470307e-05,3.9492151118378316e-05,3.7368526228600136e-05
3510,3.643107914029888e-05,4.0656544460049235e-05,3.947642224953564e-05,3.7359016521935444e-05
3511,3.642135418339571e-05,4.064937414226408e-05,3.9461563206871975e-05,3.7343157837035974e-05
3512,3.6408231619114175e-05,4.062307441673174e-05,3.945232901206467e-05,3.733442007051432e-05
3513,3.639631636746325e-05,4.0621634022703604e-05,3.94381267578434e-05,3.732478315298034e-05
3514,3.6383945135464074e-05,4.060837525148807e-05,3.942216675322378e-05,3.731217817024431e-05
3515,3.637187111425167e-05,4.0585472199351864e-05,3.940751767880569e-05,3.729791874136217e-05
3516,3.6355453468149966e-05,4.0576590656008965e-05,3.9389868691905286e-05,3.7287300910022604e-05
3517,3.6343859112250945e-05,4.056707364543737e-05,3.9377009458596727e-05,3.727019252722471e-05
3518,3.633205122521939e-05,4.055627205601354e-05,3.936408244703486e-05,3.7258355689598605e-05
3519,3.631700286370083e-05,4.053764512111264e-05,3.934507518452066e-05,3.725316949679798e-05
3520,3.6301084348327426e-05,4.0524758483047833e-05,3.933832266612893e-05,3.7239855788420645e-05
3521,3.629577288914103e-05,4.0509824520337823e-05,3.932210405049589e-05,3.722345756897844e-05
3522,3.628141694550196e-05,4.0497926235774584e-05,3.9305327415856496e-05,3.7210928173894444e-05
3523,3.626522304678966e-05,4.048348749218427e-05,3.929712194167704e-05,3.719909615156876e-05
3524,3.625573420890016e-05,4.0473341719741015e-05,3.92803507654439e-05,3.718840300578156e-05
3525,3.623950033451868e-05,4.0452624900999495e-05,3.926800383651399e-05,3.717845724688588e-05
3526,3.623059014178631e-05,4.044199336510413e-05,3.925409685835979e-05,3.716535529987564e-05
3527,3.621697554947207e-05,4.042775165966822e-05,3.923839652248304e-05,3.715306926301495e-05
3528,3.620304411727772e-05,4.0414516044986666e-05,3.9223868597181147e-05,3.714095635334998e-05
3529,3.61947419893737e-05,4.040295680086798e-05,3.92102874479922e-05,3.712811740694951e-05
3530,3.6174785060132756e-05,4.03903476366427e-05,3.919209565196167e-05,3.711481238199589e-05
3531,3.616433918693052e-05,4.037216589530755e-05,3.9177838637429535e-05,3.710310575170785e-05
3532,3.615454684713556e-05,4.036119604373498e-05,3.9165406771124015e-05,3.709231675416335e-05
3533,3.613978365560106e-05,4.034512659534073e-05,3.915447427555262e-05,3.7078671795706256e-05
3534,3.6126704709401124e-05,4.033277064939645e-05,3.91387791641329e-05,3.7068546033576594e-05
3535,3.6116168466768955e-05,4.0324286488928144e-05,3.91240605635765e-05,3.704985207065342e-05
3536,3.610490235592423e-05,4.030812416081648e-05,3.9108474856164534e-05,3.7044340757659855e-05
3537,3.6096902317012606e-05,4.0295818883788306e-05,3.9099641000287374e-05,3.7031252939211844e-05
3538,3.607903608059321e-05,4.028235701202873e-05,3.908112316060166e-05,3.701940645978899e-05
3539,3.606764556074989e-05,4.026781402128762e-05,3.9065201500745186e-05,3.700360908755756e-05
3540,3.605595381593985e-05,4.0253069635854085e-05,3.905080040659357e-05,3.699526969470166e-05
3541,3.6038570930616155e-05,4.024611800927114e-05,3.903668602577805e-05,3.69806338332957e-05
3542,3.6029329155317894e-05,4.0227115135849205e-05,3.902359722702797e-05,3.697302659663105e-05
3543,3.601186015533753e-05,4.0213872141626065e-05,3.90095946629358e-05,3.696047180351994e-05
3544,3.6006623664435464e-05,4.020146943076065e-05,3.899793275733561e-05,3.694795585166996e-05
3545,3.5993311047011626e-05,4.018763148846408e-05,3.898043786889302e-05,3.693554377760368e-05
3546,3.598219613685424e-05,4.0175225653877976e-05,3.897084293750671e-05,3.691980460836781e-05
3547,3.596952831325683e-05,4.016138465068386e-05,3.895734561639739e-05,3.6912272254788926e-05
3548,3.595542441534591e-05,4.014728161428208e-05,3.894227828574608e-05,3.690037996081097e-05
3549,3.594088516363988e-05,4.013303438098762e-05,3.892732564722633e-05,3.689095995952007e-05
3550,3.5929832973821654e-05,4.01231253403163e-05,3.891268819342821e-05,3.687527200603686e-05
3551,3.5918139966918485e-05,4.011080350779066e-05,3.8896768764898726e-05,3.686308523328836e-05
3552,3.590649944113039e-05,4.00944607839637e-05,3.888749757706139e-05,3.685477087832634e-05
3553,3.589285245876265e-05,4.0079844101941393e-05,3.887183391486478e-05,3.6839837024158607e-05
3554,3.587998109906126e-05,4.006605282497841e-05,3.8859696647422416e-05,3.6832392020326204e-05
3555,3.586534002249905e-05,4.005124856621779e-05,3.88440152417313e-05,3.681755255711759e-05
3556,3.585391009641123e-05,4.0040133076598775e-05,3.8832211505394406e-05,3.680487488264954e-05
3557,3.5844359568132184e-05,4.003163963697934e-05,3.881714191909799e-05,3.679257828722863e-05
3558,3.5828793433772775e-05,4.0019576012939445e-05,3.880422063375301e-05,3.678413861976879e-05
3559,3.5817721358222565e-05,4.000006977634062e-05,3.8790817671504994e-05,3.676415473681166e-05
3560,3.5805758295865946e-05,3.998469396296252e-05,3.877282021084204e-05,3.6755816026558815e-05
3561,3.5795581270492e-05,3.997449345340842e-05,3.876047927849623e-05,3.67454910366182e-05
3562,3.5782938942801775e-05,3.995905136264699e-05,3.874401291827732e-05,3.673565757981495e-05
3563,3.5772573998140064e-05,3.9944809736451877e-05,3.8730294582463895e-05,3.672238090164942e-05
3564,3.575530605820667e-05,3.9933832729581985e-05,3.8716671855306754e-05,3.6711670525572425e-05
3565,3.574885229978543e-05,3.992407299810768e-05,3.870611954837218e-05,3.670270086832261e-05
3566,3.5732565422635154e-05,3.990712026339565e-05,3.869484779408131e-05,3.66865647094067e-05
3567,3.572177633477158e-05,3.9896751281977634e-05,3.8675343994911974e-05,3.667818686002071e-05
3568,3.5706080027418916e-05,3.988501143823161e-05,3.8666612833865684e-05,3.6663678120212575e-05
3569,3.5697862600578694e-05,3.9865968330179555e-05,3.864824888156646e-05,3.66510810169004e-05
3570,3.568237310852704e-05,3.9854701564316266e-05,3.863650992955312e-05,3.6639411417807536e-05
3571,3.567219757579069e-05,3.984532824190221e-05,3.862108103657026e-05,3.662537146011425e-05
3572,3.565993017534662e-05,3.982979216450663e-05,3.8610985968846455e-05,3.661441045836728e-05
3573,3.564453187767672e-05,3.9812786820473946e-05,3.859324025828843e-05,3.6605045574265125e-05
3574,3.5634620369164335e-05,3.980117063557848e-05,3.858366270933816e-05,3.6587924819391716e-05
3575,3.562290311709357e-05,3.978809952833328e-05,3.856614931745615e-05,3.657795022735775e-05
3576,3.560998141149439e-05,3.978037739875723e-05,3.8557258208453164e-05,3.6568330794951536e-05
3577,3.559962132186167e-05,3.976330644158421e-05,3.8543850382769546e-05,3.655811317592732e-05
3578,3.558968405355707e-05,3.974697756078603e-05,3.852742624313565e-05,3.65456516454695e-05
3579,3.55730291881778e-05,3.973971283271551e-05,3.851264323607585e-05,3.6531318834015314e-05
3580,3.55628037523116e-05,3.972490572766915e-05,3.850221700621364e-05,3.652446189515487e-05
3581,3.554942370611784e-05,3.9716028489307434e-05,3.848780031461353e-05,3.6510228178594185e-05
3582,3.554041371433131e-05,3.969786744472555e-05,3.847084349533628e-05,3.6499639602851636e-05
3583,3.552660476946889e-05,3.968545869231167e-05,3.846284276525725e-05,3.6489991120768765e-05
3584,3.5517886308328486e-05,3.9672282021091636e-05,3.844593614367277e-05,3.6477871369323406e-05
3585,3.550313143455847e-05,3.966361804109123e-05,3.8431088926312296e-05,3.646761778832408e-05
3586,3.548921906281785e-05,3.9648927192554034e-05,3.841735309018737e-05,3.6452926058979645e-05
3587,3.548080328312588e-05,3.963324904049418e-05,3.8404943230175755e-05,3.6439461769714766e-05
3588,3.54656805700819e-05,3.962345144555591e-05,3.839082253757864e-05,3.643202727158867e-05
3589,3.5452158056173996e-05,3.9609426755172846e-05,3.837889874180329e-05,3.641723017399357e-05
3590,3.5442137044588037e-05,3.9594270437017846e-05,3.8364870967876225e-05,3.640739221293673e-05
3591,3.542941466628179e-05,3.958337473160294e-05,3.835048040525718e-05,3.639851575097503e-05
3592,3.541611944660372e-05,3.956882039541004e-05,3.833693985211986e-05,3.6385029037235295e-05
3593,3.540635270033528e-05,3.956194100142886e-05,3.832529878485042e-05,3.637568826156014e-05
3594,3.539470148485209e-05,3.954675443239409e-05,3.83137279113781e-05,3.6361153882825346e-05
3595,3.538339284922223e-05,3.953425292422733e-05,3.8297899758899056e-05,3.635065782856692e-05
3596,3.536848620712256e-05,3.951933233526371e-05,3.8285823273973466e-05,3.633877691081244e-05
3597,3.535854084794242e-05,3.9509565352921925e-05,3.8268238606738934e-05,3.632708121398701e-05
3598,3.5347736797152646e-05,3.9494881947845035e-05,3.825512423287653e-05,3.6314378687556714e-05
3599,3.533694038435605e-05,3.947751380303062e-05,3.8244974551857855e-05,3.630879997448552e-05
3600,3.532449264797567e-05,3.947058419487329e-05,3.823258667480373e-05,3.629110578849805e-05
3601,3.5308475082984645e-05,3.945606224806219e-05,3.821953475136459e-05,3.628416112722388e-05
3602,3.5299909357832364e-05,3.9442774951293735e-05,3.820370046967364e-05,3.6272393995145965e-05
3603,3.52864598366647e-05,3.943063616405065e-05,3.8189984128210046e-05,3.625825017587782e-05
3604,3.527519332428586e-05,3.9417147741434496e-05,3.817969003845746e-05,3.6245193776257135e-05
3605,3.526266806388346e-05,3.940450586975555e-05,3.816401857762843e-05,3.623735359921065e-05
3606,3.525063495893683e-05,3.9389683070801485e-05,3.815084198832812e-05,3.622850907417192e-05
3607,3.524044922209904e-05,3.937846175451316e-05,3.813554505951523e-05,3.621124446325949e-05
3608,3.522674972640771e-05,3.9367180389711785e-05,3.8128469998758525e-05,3.620209949799215e-05
3609,3.521592710683499e-05,3.935553622166691e-05,3.810750493234289e-05,3.6188668936501995e-05
3610,3.5205185879659896e-05,3.934060870967723e-05,3.809489507351502e-05,3.6181725954505885e-05
3611,3.519224791229207e-05,3.932924919476358e-05,3.808688712917525e-05,3.616767712871733e-05
3612,3.518026678114159e-05,3.931475728297122e-05,3.807155564824239e-05,3.615766563023319e-05
3613,3.516976189125439e-05,3.9302588570263684e-05,3.8057299417457846e-05,3.614682436798493e-05
3614,3.515789606257823e-05,3.929290559287826e-05,3.8045646944990396e-05,3.613559392995329e-05
3615,3.514555963206977e-05,3.9273399015428664e-05,3.803394191290887e-05,3.612542916346624e-05
3616,3.513293998685318e-05,3.926257531884381e-05,3.8017377659259095e-05,3.610990136973313e-05
3617,3.512243322083646e-05,3.925239193715522e-05,3.80018799063903e-05,3.6100891974538356e-05
3618,3.511008772359978e-05,3.924254520640987e-05,3.7991000451869115e-05,3.60902493601587e-05
3619,3.5099687679100056e-05,3.922581486663398e-05,3.797753858586859e-05,3.60796973546437e-05
3620,3.5084379000571864e-05,3.921037815416709e-05,3.7963497198304794e-05,3.6067923819171076e-05
3621,3.507379992609683e-05,3.9201977855180055e-05,3.795167553581499e-05,3.605365376042878e-05
3622,3.506210870965678e-05,3.918923260490311e-05,3.793812016447637e-05,3.6045746760005996e-05
3623,3.505330738606225e-05,3.918106645529709e-05,3.7926092678873394e-05,3.603021356322298e-05
3624,3.5040593498211056e-05,3.9161162399098184e-05,3.791342133556842e-05,3.6019835048221815e-05
3625,3.5028806848560977e-05,3.915228137392723e-05,3.79017483897866e-05,3.6007945610258684e-05
3626,3.501437561279048e-05,3.914105666322628e-05,3.7887838423500804e-05,3.600036292990188e-05
3627,3.500445752546026e-05,3.9127188030839623e-05,3.78754717475279e-05,3.598737336021018e-05
3628,3.4991705872100724e-05,3.911782431149546e-05,3.785878587086893e-05,3.597691568661616e-05
3629,3.498141948347119e-05,3.910025572875898e-05,3.7846156100326746e-05,3.596534713152571e-05
3630,3.4970218136252726e-05,3.908953034358992e-05,3.7835844510061436e-05,3.595371815947248e-05
3631,3.4961134824815584e-05,3.907782625308497e-05,3.781956722438448e-05,3.594527392044701e-05
3632,3.494835667325795e-05,3.906722005897589e-05,3.780922055610309e-05,3.5928622030537646e-05
3633,3.493281168675115e-05,3.9052167290149207e-05,3.7793167234330844e-05,3.592223929425143e-05
3634,3.492274222251584e-05,3.9039130500761696e-05,3.778343812134233e-05,3.5909519522857715e-05
3635,3.491003527317896e-05,3.90250990976887e-05,3.776762436950271e-05,3.589886559688336e-05
3636,3.489773608312158e-05,3.9015932126755005e-05,3.775854933523351e-05,3.588677046778915e-05
3637,3.48871890586559e-05,3.900216996717169e-05,3.774262845287886e-05,3.587952794184181e-05
3638,3.487638750601386e-05,3.898984667221271e-05,3.772759885550375e-05,3.5862532896737246e-05
3639,3.4866347367059265e-05,3.897718730878005e-05,3.77163748716924e-05,3.585108219933649e-05
3640,3.4855790348788305e-05,3.896587088999245e-05,3.770308238689242e-05,3.584297429064493e-05
3641,3.484128423660268e-05,3.895131604880524e-05,3.768843065253805e-05,3.583107964898953e-05
3642,3.483042976046241e-05,3.8938442276139335e-05,3.767670101418923e-05,3.58205541371786e-05
3643,3.4817638561158115e-05,3.8926079790671764e-05,3.766353884472331e-05,3.580989760659444e-05
3644,3.4806803101751556e-05,3.891735219132026e-05,3.765234180315453e-05,3.579772661213483e-05
3645,3.47964481139693e-05,3.89011157668779e-05,3.763944149117949e-05,3.5789849793497255e-05
3646,3.478546834818658e-05,3.889169944937099e-05,3.762624922906233e-05,3.577653197923087e-05
3647,3.477423762230498e-05,3.8876765333900975e-05,3.7614682268643176e-05,3.576612763967008e-05
3648,3.476237031029533e-05,3.886513845509037e-05,3.759968453113543e-05,3.575681836362414e-05
3649,3.4749952236165064e-05,3.885277270739425e-05,3.7587286722410515e-05,3.5743645601009996e-05
3650,3.47418981914942e-05,3.883903190646e-05,3.757590841761566e-05,3.5731318056497305e-05
3651,3.4728890049642126e-05,3.883124379261478e-05,3.756589494162354e-05,3.572226299481044e-05
3652,3.471716832484787e-05,3.881716999462387e-05,3.754925696101468e-05,3.570992745472154e-05
3653,3.4706503336266976e-05,3.88030150211383e-05,3.7536541810921216e-05,3.570072012438299e-05
3654,3.46958309949991e-05,3.879349784090203e-05,3.752017595352466e-05,3.5688017989938005e-05
3655,3.4681303823198807e-05,3.8776697530631145e-05,3.751023970715391e-05,3.567710200288161e-05
3656,3.4669717954056364e-05,3.8768308891019824e-05,3.7498201505517844e-05,3.567237820981363e-05
3657,3.465933005381372e-05,3.875390862432687e-05,3.748486537880365e-05,3.565558946808454e-05
3658,3.464810539103951e-05,3.874615637816037e-05,3.7471417370344294e-05,3.564397764780811e-05
3659,3.463669249561647e-05,3.87300082363233e-05,3.7457166257099577e-05,3.5633587020539656e-05
3660,3.4625047326764674e-05,3.872066283344963e-05,3.744670958765178e-05,3.5621789444043783e-05
3661,3.461474375840287e-05,3.870543504515504e-05,3.743205223530149e-05,3.561038244144289e-05
3662,3.460377496893692e-05,3.8695718642031125e-05,3.741779094284513e-05,3.560054570641351e-05
3663,3.458961579656208e-05,3.868056114311232e-05,3.740870355899994e-05,3.558965673248317e-05
3664,3.457783597026563e-05,3.8672422293607294e-05,3.7395818714845055e-05,3.557766716913013e-05
3665,3.456889303166621e-05,3.8657224136480297e-05,3.738158133284397e-05,3.556769821313886e-05
3666,3.455597687718274e-05,3.864408174260182e-05,3.736598586975825e-05,3.555707918695509e-05
3667,3.454725024692483e-05,3.863123904540481e-05,3.735620456651473e-05,3.5547191224234e-05
3668,3.4533557443826555e-05,3.8620775399167156e-05,3.734601292457095e-05,3.5536413871770026e-05
3669,3.452284769699474e-05,3.860613120994835e-05,3.733246370330853e-05,3.552587987373753e-05
3670,3.450979191137729e-05,3.859691495934381e-05,3.731959467846157e-05,3.55135875185882e-05
3671,3.449931529892942e-05,3.858664941624878e-05,3.7305542217193524e-05,3.550162601781009e-05
3672,3.4487116815381726e-05,3.8571828062174934e-05,3.7293613362087544e-05,3.549441490410388e-05
3673,3.4476740130072376e-05,3.8558722199232694e-05,3.728164187444625e-05,3.5484645069800535e-05
3674,3.446787627305571e-05,3.8550749090572234e-05,3.72672376395802e-05,3.546873002141728e-05
3675,3.4455507015921145e-05,3.853416311378717e-05,3.725557950139808e-05,3.546094435856091e-05
3676,3.44444040865269e-05,3.8524211204276784e-05,3.7243043289290374e-05,3.544951390752203e-05
3677,3.4432040493017175e-05,3.8511841232360096e-05,3.72303746072167e-05,3.543737664827553e-05
3678,3.442229653955397e-05,3.849911291323796e-05,3.7217460346210004e-05,3.542537984412443e-05
3679,3.441052161709498e-05,3.848604486364558e-05,3.7205771799729846e-05,3.5415802583318624e-05
3680,3.4399534400366915e-05,3.8472752036426466e-05,3.71926602034825e-05,3.5405472487396556e-05
3681,3.438881959459281e-05,3.846309663967213e-05,3.718220091184368e-05,3.5394253197700396e-05
3682,3.43773811908345e-05,3.8452092468166476e-05,3.7165195920565755e-05,3.538273640222161e-05
3683,3.436498977913508e-05,3.844034738009139e-05,3.715671458564494e-05,3.5375977897648585e-05
3684,3.4354905557675216e-05,3.842714402093218e-05,3.7142987061159686e-05,3.536142935217744e-05
3685,3.4342862981220634e-05,3.841340509178943e-05,3.7129323702424914e-05,3.5351538500863544e-05
3686,3.433063488106294e-05,3.840263804334668e-05,3.712024816942745e-05,3.5343148090366315e-05
3687,3.43202244850453e-05,3.8390829192952063e-05,3.7103468727232965e-05,3.5330366345742407e-05
3688,3.431081294096873e-05,3.8377891916268796e-05,3.7089288665768714e-05,3.532200331309387e-05
3689,3.429890745020043e-05,3.8367306531099325e-05,3.7078129330671376e-05,3.530566078020222e-05
3690,3.428864860076646e-05,3.835638609009413e-05,3.7066286126567806e-05,3.529653709528359e-05
3691,3.427669207917365e-05,3.834189163690657e-05,3.7053769446167086e-05,3.528919495256928e-05
3692,3.4266178964819086e-05,3.8334329469693047e-05,3.704429856478571e-05,3.527835190196605e-05
3693,3.4254388090686934e-05,3.832207694578598e-05,3.7031571455618724e-05,3.5269307855203234e-05
3694,3.424530869021019e-05,3.831017287276723e-05,3.7016756424310476e-05,3.525763748464456e-05
3695,3.4232819813320684e-05,3.8296997129024945e-05,3.7005373872290646e-05,3.524131978291401e-05
3696,3.42234293342944e-05,3.82867335589507e-05,3.6993426817153055e-05,3.523480105598426e-05
3697,3.421139440312545e-05,3.8274766235104005e-05,3.698000070310807e-05,3.522401255438647e-05
3698,3.4199544399150545e-05,3.8260538008355995e-05,3.696600324876197e-05,3.521623733091555e-05
3699,3.4189560673697276e-05,3.82486265428075e-05,3.6956078042223816e-05,3.5204898597445196e-05
3700,3.4176368714157153e-05,3.8234607058760804e-05,3.694523326778866e-05,3.519360864277688e-05
3701,3.416760817550804e-05,3.8224932789540086e-05,3.692965547249575e-05,3.517817644522631e-05
3702,3.415495860364458e-05,3.821594239000801e-05,3.6918152057656364e-05,3.5170961007603265e-05
3703,3.414393936408779e-05,3.820230121632207e-05,3.690772298453518e-05,3.516426038529489e-05
3704,3.413372708192579e-05,3.818971629779318e-05,3.689346049664275e-05,3.515045165872594e-05
3705,3.412092350193611e-05,3.8178621960606186e-05,3.6880403556672196e-05,3.51386603635813e-05
3706,3.4111415954907805e-05,3.8166565162245684e-05,3.6868939573263735e-05,3.5127764557962856e-05
3707,3.409975720793135e-05,3.81564035542098e-05,3.685928518875869e-05,3.5118461723876104e-05
3708,3.409257935087422e-05,3.814457148962459e-05,3.684552417672148e-05,3.5109601103984715e-05
3709,3.407799585084708e-05,3.8132442262568934e-05,3.683284826726401e-05,3.509709251499902e-05
3710,3.4068537807116054e-05,3.8115767279246815e-05,3.6818341078776224e-05,3.5086255408996174e-05
3711,3.405777702066499e-05,3.810634585037285e-05,3.680400519775809e-05,3.507635558949104e-05
3712,3.4047089030514346e-05,3.809657672020992e-05,3.679499485825106e-05,3.506776179291413e-05
3713,3.403532194485976e-05,3.80866830675539e-05,3.67837724174551e-05,3.505644507109217e-05
3714,3.402438396991061e-05,3.8072909823334365e-05,3.67697948536128e-05,3.504646009764605e-05
3715,3.4012946133011976e-05,3.8059265768566133e-05,3.675863182904155e-05,3.50369072294078e-05
3716,3.4001849637626885e-05,3.804946813767297e-05,3.6745500613786124e-05,3.502423296532842e-05
3717,3.399268765539435e-05,3.803536795950953e-05,3.673384468567261e-05,3.5011978466918885e-05
3718,3.397948063290178e-05,3.8025322796015336e-05,3.672171715071843e-05,3.5004988751036245e-05
3719,3.3970601418973516e-05,3.801195297521277e-05,3.670935682345923e-05,3.4990455244192795e-05
3720,3.395868810329922e-05,3.8004360966555715e-05,3.669778592924253e-05,3.4982013508479774e-05
3721,3.3948759046347444e-05,3.7991786911461756e-05,3.668600084504156e-05,3.497205477444487e-05
3722,3.3936014995709374e-05,3.7979322814272163e-05,3.667232767743139e-05,3.496315936250196e-05
3723,3.392414785690557e-05,3.796671522707019e-05,3.666112910215493e-05,3.495265311532069e-05
3724,3.391671700162105e-05,3.795125822790168e-05,3.6647044031461694e-05,3.4941028293797125e-05
3725,3.3905602071215964e-05,3.794543892858749e-05,3.663631795203081e-05,3.493058437458704e-05
3726,3.389336062446941e-05,3.7931316936188977e-05,3.662212823061416e-05,3.491966290409253e-05
3727,3.388242603753918e-05,3.792044032769552e-05,3.661197155635531e-05,3.491065352026246e-05
3728,3.3872998456811584e-05,3.791088454020608e-05,3.6598805944694795e-05,3.489672183544467e-05
3729,3.386157654301768e-05,3.7900607422809194e-05,3.6587224205631505e-05,3.488941648413051e-05
3730,3.38485287669535e-05,3.788542395713195e-05,3.657391479888853e-05,3.487923712771318e-05
3731,3.3839562599372524e-05,3.7871330001184416e-05,3.6563421318204116e-05,3.486630877493532e-05
3732,3.3831090518454164e-05,3.786214055582711e-05,3.6552026512318496e-05,3.485685164049451e-05
3733,3.3818861808887024e-05,3.7851494089822544e-05,3.6539634608326165e-05,3.484821074134557e-05
3734,3.3808420509875624e-05,3.783699494265103e-05,3.6526212309072716e-05,3.4836206126015375e-05
3735,3.3795618593158336e-05,3.782822685645644e-05,3.65144115511351e-05,3.48270144511327e-05
3736,3.3786135072382984e-05,3.781753491745119e-05,3.650254496046697e-05,3.481543876009797e-05
3737,3.377551155833957e-05,3.780382539904036e-05,3.6490845393702746e-05,3.480583199046359e-05
3738,3.376506256862113e-05,3.779070127830022e-05,3.6481597965134295e-05,3.479520303311528e-05
3739,3.375290368087087e-05,3.778141914235025e-05,3.646597686713777e-05,3.4787721930272796e-05
3740,3.374302672444763e-05,3.776985448846122e-05,3.6453254908824055e-05,3.4775202331640786e-05
3741,3.373213663439559e-05,3.775650831689078e-05,3.644217393293886e-05,3.476385067543756e-05
3742,3.3721628835691395e-05,3.7748833800422476e-05,3.6430973812821954e-05,3.475607008366874e-05
3743,3.371156646447753e-05,3.773684630535103e-05,3.6417249457280855e-05,3.474276174362002e-05
3744,3.370121728200051e-05,3.77245753506318e-05,3.640747841358005e-05,3.4732504072578375e-05
3745,3.368957109186712e-05,3.771214067437385e-05,3.639408831729828e-05,3.472345164876932e-05
3746,3.367839925991762e-05,3.77008201022314e-05,3.638149704952612e-05,3.471356283568357e-05
3747,3.366780367988775e-05,3.7690250636268494e-05,3.637104387602707e-05,3.470350657638192e-05
3748,3.365761351022575e-05,3.7678997067993315e-05,3.6359951184050844e-05,3.469316554919481e-05
3749,3.3647714247957665e-05,3.766620969891731e-05,3.6347716347465175e-05,3.4682547600301324e-05
3750,3.3637217839849576e-05,3.765435401160328e-05,3.633628267172734e-05,3.467427760632154e-05
3751,3.3627220005139786e-05,3.76437365477813e-05,3.632101366982678e-05,3.466394824325346e-05
3752,3.361745113787142e-05,3.763217694680317e-05,3.631161545155077e-05,3.465217111735907e-05
3753,3.3605567168359384e-05,3.762094667169805e-05,3.6299158530086966e-05,3.4643067308809154e-05
3754,3.359416730325636e-05,3.761176958990183e-05,3.6288726912882686e-05,3.463183802893273e-05
3755,3.3583025195949826e-05,3.7597660256941906e-05,3.6275589776496826e-05,3.4621689293355507e-05
3756,3.357280208598537e-05,3.7587748122890864e-05,3.626349308040442e-05,3.461188765031583e-05
3757,3.356357455901785e-05,3.757540773959513e-05,3.62527613881744e-05,3.460033508165584e-05
3758,3.355186506567243e-05,3.756510846967334e-05,3.623861324500859e-05,3.459069663669032e-05
3759,3.354259831103145e-05,3.755280074679126e-05,3.622671177753909e-05,3.4581892984020055e-05
3760,3.353218500596586e-05,3.754204890045846e-05,3.6215533991130805e-05,3.4569843029148254e-05
3761,3.35211183227541e-05,3.753266412128459e-05,3.62067201730508e-05,3.456095658005808e-05
3762,3.3510391774869635e-05,3.7519063589283054e-05,3.619173067924932e-05,3.454881709327594e-05
3763,3.349857833595719e-05,3.7507818266713866e-05,3.6179919608361066e-05,3.453892237096158e-05
3764,3.3487627494118664e-05,3.749366965671224e-05,3.6167017524320544e-05,3.453055797318463e-05
3765,3.347967968635171e-05,3.748304297587874e-05,3.6158525865707e-05,3.452049486605779e-05
3766,3.3468849990847705e-05,3.74752508235675e-05,3.6144041970265125e-05,3.45112850959765e-05
3767,3.345793247318106e-05,3.7462215720706524e-05,3.613462212889163e-05,3.4498653513758504e-05
3768,3.3446318435603005e-05,3.744864711495656e-05,3.612059077215089e-05,3.4489704711312865e-05
3769,3.34362604047815e-05,3.743974825361863e-05,3.611073419833827e-05,3.448058664676946e-05
3770,3.342688407097008e-05,3.742987311873983e-05,3.60981320501164e-05,3.446939974299291e-05
3771,3.341468667784969e-05,3.741773191696113e-05,3.608785417283299e-05,3.445861464991333e-05
3772,3.340548908475364e-05,3.740789751534181e-05,3.607622656307333e-05,3.445038792843892e-05
3773,3.339440416324356e-05,3.73937011947706e-05,3.6061589717316476e-05,3.443949098634492e-05
3774,3.338395277233229e-05,3.738493225700098e-05,3.605258579645739e-05,3.443087923138606e-05
3775,3.33742261888235e-05,3.7372189507627764e-05,3.603937859699233e-05,3.4420201704430345e-05
3776,3.336446221991168e-05,3.736211085137971e-05,3.602826186970005e-05,3.441019532372612e-05
3777,3.33524241184146e-05,3.735123450216392e-05,3.6013497174700005e-05,3.439961352177135e-05
3778,3.33433518130725e-05,3.733980096594255e-05,3.6005743073709374e-05,3.4387314597292425e-05
3779,3.333115257395686e-05,3.7328423339624016e-05,3.5991876579383314e-05,3.437726788458809e-05
3780,3.332298116315378e-05,3.731326227587985e-05,3.598414865141223e-05,3.4369568449639955e-05
3781,3.3311700877793946e-05,3.7303449062925075e-05,3.596940296451027e-05,3.436063359005604e-05
3782,3.330186442805871e-05,3.7295166172706896e-05,3.5957196056645936e-05,3.434917061251467e-05
3783,3.329290774790483e-05,3.7284766463803833e-05,3.594613515410021e-05,3.4337727419140493e-05
3784,3.328008487532471e-05,3.727020030995876e-05,3.5935663052282236e-05,3.432920912935243e-05
3785,3.3271860012333904e-05,3.7260776913177007e-05,3.5923726410134994e-05,3.431925013058701e-05
3786,3.326042756837983e-05,3.7248586235983924e-05,3.5908733142497174e-05,3.430877551913844e-05
3787,3.324939126058597e-05,3.723979938262106e-05,3.5899337007232955e-05,3.429998883757161e-05
3788,3.324069533120754e-05,3.7226199305768076e-05,3.588781915776786e-05,3.428968099901574e-05
3789,3.322901671007551e-05,3.721591270809177e-05,3.587690768204328e-05,3.427845591742335e-05
3790,3.3219063047972206e-05,3.7204597095396474e-05,3.5863511014906015e-05,3.426919129925659e-05
3791,3.320853319749356e-05,3.719535488154757e-05,3.5851010622081596e-05,3.425991747693228e-05
3792,3.3198342284704984e-05,3.71824440616849e-05,3.584104667972154e-05,3.4249518163374875e-05
3793,3.318768741256741e-05,3.7170287690995983e-05,3.582865798586169e-05,3.424114702152927e-05
3794,3.317757798450698e-05,3.715931694477145e-05,3.581762704814518e-05,3.423050071424077e-05
3795,3.316601211372022e-05,3.7149803614291485e-05,3.5806392417631975e-05,3.422271980381435e-05
3796,3.3157944020353514e-05,3.713910652878807e-05,3.5794120762753425e-05,3.42127694069647e-05
3797,3.314699478458239e-05,3.712875419506588e-05,3.5784524659045276e-05,3.420251820840997e-05
3798,3.313567107482835e-05,3.711664601543417e-05,3.57737492835551e-05,3.4191147116781687e-05
3799,3.312588470469952e-05,3.710627420768708e-05,3.576075715347078e-05,3.418163823087023e-05
3800,3.311768382213933e-05,3.709379133700489e-05,3.574843223428509e-05,3.417111642878966e-05
3801,3.3106654225138295e-05,3.7084054692510855e-05,3.5737670518214594e-05,3.415962609996412e-05
3802,3.309657957575114e-05,3.707347560977284e-05,3.5726590403518334e-05,3.415327347440963e-05
3803,3.308610682456375e-05,3.706128197689801e-05,3.5717096878254913e-05,3.414133514413921e-05
3804,3.3073990589536e-05,3.7049584493046875e-05,3.570251342048281e-05,3.413341629427488e-05
3805,3.306740868594253e-05,3.703899484707371e-05,3.569301522654807e-05,3.4122741567532054e-05
3806,3.305356022978659e-05,3.702899429408172e-05,3.56805347421969e-05,3.411217175833598e-05
3807,3.304490388817403e-05,3.7018673254830226e-05,3.5668398001465686e-05,3.4100486327477566e-05
3808,3.3035772539564585e-05,3.700638509108298e-05,3.565572153233467e-05,3.409234971438746e-05
3809,3.3024306064605816e-05,3.699644243056564e-05,3.564547373459675e-05,3.4084494547232316e-05
3810,3.301542349939137e-05,3.6984726460858676e-05,3.563448683712314e-05,3.407435554527637e-05
3811,3.3005518875772e-05,3.69753482880093e-05,3.5624525676010726e-05,3.406318828329515e-05
3812,3.299374390696115e-05,3.6961891913582176e-05,3.561211087390087e-05,3.405437352829299e-05
3813,3.2983031702618963e-05,3.695233534020612e-05,3.560098848636045e-05,3.4044362819527075e-05
3814,3.297354840736292e-05,3.6941419038377766e-05,3.558936919763249e-05,3.403569311269113e-05
3815,3.296438736200421e-05,3.6930587001948047e-05,3.557812877861885e-05,3.402322237802092e-05
3816,3.295227155996798e-05,3.691851807936631e-05,3.5566027380516695e-05,3.401615951889971e-05
3817,3.2944795622506315e-05,3.6908760970132807e-05,3.555505219200672e-05,3.400543902199264e-05
3818,3.2933198105184565e-05,3.689810237729539e-05,3.5543514373661484e-05,3.3995413573404556e-05
3819,3.292340362924004e-05,3.6889634612167434e-05,3.553327757859024e-05,3.3986196511276865e-05
3820,3.291304370065356e-05,3.687537702238647e-05,3.552144802448642e-05,3.3974974637680624e-05
3821,3.2903060016817315e-05,3.68642770615285e-05,3.550861041505651e-05,3.396669689748338e-05
3822,3.289305005638476e-05,3.685436034393743e-05,3.549924627615554e-05,3.395625872287931e-05
3823,3.288285374216526e-05,3.684352016164044e-05,3.5487801727930715e-05,3.394617888898511e-05
3824,3.2874046713811934e-05,3.683113050597313e-05,3.547528726043316e-05,3.393623328603567e-05
3825,3.286227858746322e-05,3.6820462324740255e-05,3.546568976508632e-05,3.392588076976838e-05
3826,3.285322275159245e-05,3.6810141406863576e-05,3.545169687567104e-05,3.3917393667455046e-05
3827,3.284407084396506e-05,3.679894593716317e-05,3.544146228907702e-05,3.3906227909944915e-05
3828,3.2832725680292516e-05,3.678885657139202e-05,3.543203702304404e-05,3.389869330219155e-05
3829,3.2824595791387853e-05,3.677867707159861e-05,3.541942268820329e-05,3.388886052062607e-05
3830,3.281510656467306e-05,3.6767584209148074e-05,3.540850796723843e-05,3.38815064170937e-05
3831,3.280237831834089e-05,3.6756385637624195e-05,3.539662228662456e-05,3.386744964216372e-05
3832,3.279377740695449e-05,3.6745775084414045e-05,3.5383784196625906e-05,3.385945172254506e-05
3833,3.278297788948195e-05,3.673578504283644e-05,3.537401602224763e-05,3.385137961255755e-05
3834,3.277265599296149e-05,3.6726612630632625e-05,3.536252418327639e-05,3.3840393725560606e-05
3835,3.276305822692939e-05,3.671242324830402e-05,3.5351714732247386e-05,3.3831944645590126e-05
3836,3.275294763026412e-05,3.6702684538338e-05,3.5341311211383106e-05,3.3820757728789854e-05
3837,3.274329056830387e-05,3.6691061360851674e-05,3.5330847754636295e-05,3.381299653242112e-05
3838,3.273246033763794e-05,3.668033469085721e-05,3.531908328122304e-05,3.380210957892739e-05
3839,3.272358808459652e-05,3.66729371953015e-05,3.5305198660128314e-05,3.379231690653023e-05
3840,3.271344739738292e-05,3.666253963207862e-05,3.529515727920416e-05,3.37832583133532e-05
3841,3.270283988608496e-05,3.664765458038456e-05,3.5285728296729475e-05,3.377422963618003e-05
3842,3.26929578738676e-05,3.6638587604465327e-05,3.5273068116572074e-05,3.3766120550058476e-05
3843,3.2683398778660164e-05,3.662799111623621e-05,3.5262813747996e-05,3.375472623759129e-05
3844,3.2674575299058005e-05,3.661746260748586e-05,3.5250072989747624e-05,3.374589712334795e-05
3845,3.26640817439608e-05,3.660583433255006e-05,3.5240110099246616e-05,3.37378896836095e-05
3846,3.265472790506635e-05,3.659611862006147e-05,3.5228864341319786e-05,3.3725054852792854e-05
3847,3.26440303344689e-05,3.658581431664654e-05,3.521909015621817e-05,3.3716489376157606e-05
3848,3.263378912739368e-05,3.657580071229297e-05,3.520639030491984e-05,3.370765107223819e-05
3849,3.2625323776861516e-05,3.656480403123884e-05,3.519624311995842e-05,3.369827999393821e-05
3850,3.261443237698555e-05,3.6554489360455386e-05,3.518484375692599e-05,3.3688466961063675e-05
3851,3.2604097205289114e-05,3.654361550112745e-05,3.5174036944455605e-05,3.3678970402450255e-05
3852,3.2594943582047756e-05,3.653135756868915e-05,3.516323268002744e-05,3.3670037626210376e-05
3853,3.258423175217618e-05,3.652160004571104e-05,3.5151508400303535e-05,3.365948436608392e-05
3854,3.2574811946599036e-05,3.6511375648432685e-05,3.514016194139449e-05,3.364997931175437e-05
3855,3.2565752496590244e-05,3.6501781099035e-05,3.512768440846281e-05,3.364020765967145e-05
3856,3.2555014093042735e-05,3.649075264632478e-05,3.511932672890777e-05,3.3631199053445294e-05
3857,3.2545733093354604e-05,3.6481223991428004e-05,3.5105864590753954e-05,3.362210593407919e-05
3858,3.253637440892401e-05,3.646994537975567e-05,3.5096328357397225e-05,3.361139069294756e-05
3859,3.2526907478433646e-05,3.645765894273242e-05,3.508471400598194e-05,3.360380418037911e-05
3860,3.251665426063186e-05,3.644784073974437e-05,3.507395732164518e-05,3.359495055955683e-05
3861,3.250721639924439e-05,3.643789203408373e-05,3.5063450392012497e-05,3.358409985682139e-05
3862,3.249748937325645e-05,3.642598363113582e-05,3.505340047200239e-05,3.357462521378133e-05
3863,3.248647980064201e-05,3.641679965526772e-05,3.50407102221141e-05,3.356614169402765e-05
3864,3.247754591427765e-05,3.640653937430204e-05,3.5030879804400986e-05,3.355421085298508e-05
3865,3.246737920734506e-05,3.639555824811508e-05,3.501976540459999e-05,3.354698212282371e-05
3866,3.245821448518062e-05,3.638718533888494e-05,3.500881482846668e-05,3.353665760107607e-05
3867,3.244798206279461e-05,3.6373054094950543e-05,3.499803420849621e-05,3.3526080781716315e-05
3868,3.243922201141939e-05,3.636436736842988e-05,3.498718183072476e-05,3.3518052565983054e-05
3869,3.2427887377528445e-05,3.635237732998598e-05,3.497477127702858e-05,3.35093225155015e-05
3870,3.241960035716099e-05,3.634301414491349e-05,3.4964199843126374e-05,3.34995212875831e-05
3871,3.2409307749516484e-05,3.633127493547063e-05,3.495270234832658e-05,3.3489115737412666e-05
3872,3.23998688496338e-05,3.632330324458673e-05,3.494364727120301e-05,3.3479440734698346e-05
3873,3.2389135877287365e-05,3.631211844328564e-05,3.493230672099185e-05,3.3471547733302784e-05
3874,3.238034744667936e-05,3.6300901334872856e-05,3.491968891128175e-05,3.346241425725257e-05
3875,3.23723789661246e-05,3.629220212405002e-05,3.49096885130285e-05,3.345243646597165e-05
3876,3.236119559327605e-05,3.627919115268541e-05,3.490069594215184e-05,3.34444228771345e-05
3877,3.235097527019271e-05,3.626882118632387e-05,3.48896808541419e-05,3.3435555352681906e-05
3878,3.234171262128343e-05,3.625995576145781e-05,3.4877037175701894e-05,3.342469021999671e-05
3879,3.233163383720683e-05,3.624995732530216e-05,3.4867048250815124e-05,3.3416532165059415e-05
3880,3.232141909627783e-05,3.623803332481972e-05,3.485584766821946e-05,3.340602223515153e-05
3881,3.231339916069404e-05,3.622830983678472e-05,3.4845079710138524e-05,3.339806697302205e-05
3882,3.2303264944050754e-05,3.621668487158983e-05,3.483382983817254e-05,3.3388946558990856e-05
3883,3.229355949852505e-05,3.620831119016758e-05,3.4822411379660994e-05,3.337999837173427e-05
3884,3.2284613576052845e-05,3.6197667474739155e-05,3.481121928421292e-05,3.336897785571402e-05
3885,3.2273663776679476e-05,3.6186330441735656e-05,3.480074604531025e-05,3.3359449641732874e-05
3886,3.226396266453176e-05,3.617512872457496e-05,3.479084493590609e-05,3.335209157275282e-05
3887,3.2255259668502204e-05,3.6166086401726274e-05,3.4779200721304026e-05,3.334081245729892e-05
3888,3.2244875649503846e-05,3.615633222731668e-05,3.4770155141542544e-05,3.33323760916431e-05
3889,3.2236582765675554e-05,3.6144624399461035e-05,3.475922749773997e-05,3.332308127398554e-05
3890,3.2225943861166014e-05,3.6134387130512614e-05,3.474684889553473e-05,3.331324814246139e-05
3891,3.221766124938448e-05,3.6124030685312786e-05,3.473841960285822e-05,3.330422751930426e-05
3892,3.2207723215337184e-05,3.6114822217227754e-05,3.4726309781635523e-05,3.3295560446903044e-05
3893,3.219831392863755e-05,3.610435755092482e-05,3.471661824487418e-05,3.3285477741645645e-05
3894,3.2188224734166976e-05,3.609318160094763e-05,3.470623016954613e-05,3.3279614540007625e-05
3895,3.2178196554792715e-05,3.6082970863344706e-05,3.4694516139487944e-05,3.326817710889367e-05
3896,3.216865793380735e-05,3.607377209578128e-05,3.468268100697535e-05,3.3258530341848554e-05
3897,3.21594459823199e-05,3.606190319846125e-05,3.467329677441951e-05,3.325025689156065e-05
3898,3.215062211418448e-05,3.605212387090073e-05,3.4661207725342704e-05,3.324015420884993e-05
3899,3.214064954249421e-05,3.604433527498027e-05,3.465147706536027e-05,3.323150934393646e-05
3900,3.212983569950714e-05,3.603168557534207e-05,3.4640611170872666e-05,3.3223161579457046e-05
3901,3.2120375092470976e-05,3.602209776780703e-05,3.4630182600003205e-05,3.321212002982983e-05
3902,3.211163346536814e-05,3.60107100243958e-05,3.4619564625514605e-05,3.3204143442459424e-05
3903,3.210285651444358e-05,3.600152329414414e-05,3.460841133072737e-05,3.319638844624225e-05
3904,3.2092308566808624e-05,3.599124718944541e-05,3.459788731704706e-05,3.318523993315246e-05
3905,3.208311182896924e-05,3.59790614544837e-05,3.458664340340575e-05,3.3175310334933614e-05
3906,3.207386554416916e-05,3.5970082484640737e-05,3.4576630677735394e-05,3.316614507307756e-05
3907,3.2063595033130415e-05,3.596053818025476e-05,3.456607987848582e-05,3.315575409080393e-05
3908,3.2055429189114604e-05,3.595079279578058e-05,3.4555797684821046e-05,3.314879982182712e-05
3909,3.204587839285436e-05,3.593947063473841e-05,3.45450634678034e-05,3.313909128468344e-05
3910,3.203631019585542e-05,3.593006120791384e-05,3.453351141650509e-05,3.313057201568974e-05
3911,3.202709052852671e-05,3.59194881406473e-05,3.452367740200313e-05,3.312080677421725e-05
3912,3.20183034147894e-05,3.5909821197817135e-05,3.451267540721175e-05,3.311342429764355e-05
3913,3.200743009109264e-05,3.589985724634449e-05,3.4501984047229736e-05,3.310297845967625e-05
3914,3.199788725098404e-05,3.5888271496210136e-05,3.4491648034621846e-05,3.309359138377378e-05
3915,3.198930551326275e-05,3.587893190268442e-05,3.4480216381864014e-05,3.308481095908357e-05
3916,3.1978565626557125e-05,3.586808914481419e-05,3.447149143696769e-05,3.30763497255658e-05
3917,3.1970759023841426e-05,3.585846806024456e-05,3.446065515506174e-05,3.306705619259907e-05
3918,3.196175352165993e-05,3.584870462139937e-05,3.444953458940652e-05,3.3058500851784994e-05
3919,3.195267222388577e-05,3.5838926816313764e-05,3.443721818758496e-05,3.3048507498211504e-05
3920,3.194309447864447e-05,3.58287816948671e-05,3.442904821682629e-05,3.304142179729115e-05
3921,3.19330551274345e-05,3.5818955499318774e-05,3.441802578104322e-05,3.30308145969804e-05
3922,3.1924962100698813e-05,3.580868910269242e-05,3.440728303360896e-05,3.3022050893883905e-05
3923,3.1912931746289846e-05,3.579876911409811e-05,3.4396804148238647e-05,3.3012747860665446e-05
3924,3.190517392228834e-05,3.5787308878427773e-05,3.438681329942321e-05,3.3004216525907275e-05
3925,3.1896032539882356e-05,3.577789711588144e-05,3.437518946593031e-05,3.29942094023842e-05
3926,3.188660015476399e-05,3.576888853203829e-05,3.43657123380756e-05,3.298704127515024e-05
3927,3.1877081729420615e-05,3.575887628447909e-05,3.435512705502021e-05,3.2978156394111354e-05
3928,3.1868091262478796e-05,3.574883007823014e-05,3.4343049540631884e-05,3.2968765352337076e-05
3929,3.185763519402821e-05,3.573718701197254e-05,3.433344073527919e-05,3.2958543278370525e-05
3930,3.184917397317986e-05,3.572782289139249e-05,3.4322814142719496e-05,3.295049670333136e-05
3931,3.1840284083139425e-05,3.57183135368411e-05,3.4312337986907206e-05,3.2940242341360636e-05
3932,3.1829774727686066e-05,3.5708361456510946e-05,3.430276574505542e-05,3.293166318995018e-05
3933,3.182088386328923e-05,3.569741877729182e-05,3.429218861059733e-05,3.292287633568761e-05
3934,3.181293573788891e-05,3.5687941450267224e-05,3.428126791809199e-05,3.2913806232351125e-05
3935,3.1803879055121995e-05,3.567898342799575e-05,3.427187153813626e-05,3.290581531039e-05
3936,3.179381188230974e-05,3.566783636728194e-05,3.425987179821142e-05,3.289676229824593e-05
3937,3.178465076809646e-05,3.565657867318378e-05,3.425036068485244e-05,3.2886329328603474e-05
3938,3.177619068482358e-05,3.564765539726183e-05,3.423953301396447e-05,3.287939893663246e-05
3939,3.176473437658498e-05,3.5638411085779634e-05,3.422854034915149e-05,3.286903606358542e-05
3940,3.1756144494734495e-05,3.562707922679342e-05,3.4220116241221145e-05,3.28605669208323e-05
3941,3.174735221310968e-05,3.5617794976051325e-05,3.420904458876259e-05,3.285209815488532e-05
3942,3.173797558467821e-05,3.560784853696285e-05,3.419846502824298e-05,3.2844227829281834e-05
3943,3.1729506844832435e-05,3.559872921097507e-05,3.418785558509288e-05,3.283496288090463e-05
3944,3.1719732602512175e-05,3.558676129367098e-05,3.4178854849800556e-05,3.282446654644954e-05
3945,3.171151356883688e-05,3.557689928923149e-05,3.416671125062737e-05,3.281617527643756e-05
3946,3.170201012488474e-05,3.556909555897047e-05,3.4156824745615216e-05,3.280748113076156e-05
3947,3.169213395035717e-05,3.5556372876120025e-05,3.414677763280945e-05,3.279829194468718e-05
3948,3.168450346092583e-05,3.5547291955106e-05,3.413582818547853e-05,3.279142520788228e-05
3949,3.167440657676729e-05,3.5538666350320046e-05,3.4125686913241385e-05,3.2780245961281176e-05
3950,3.166535007737959e-05,3.5529809011795026e-05,3.411516637707244e-05,3.277134560595509e-05
3951,3.165539801478242e-05,3.5520650355551394e-05,3.410627770560719e-05,3.276312059034352e-05
3952,3.164639130437896e-05,3.5508205517353427e-05,3.4094189576005206e-05,3.2755327875368566e-05
3953,3.163825739623287e-05,3.550024463787624e-05,3.408498956132577e-05,3.274619369044584e-05
3954,3.162793212919276e-05,3.548893341669356e-05,3.4074691324868966e-05,3.2736324981886365e-05
3955,3.1619003691546055e-05,3.547898149011072e-05,3.4063440649292997e-05,3.2727667707963424e-05
3956,3.1610343715335034e-05,3.547067651369104e-05,3.405399282536563e-05,3.2719219713956043e-05
3957,3.160173786367685e-05,3.546000235804564e-05,3.404373513289411e-05,3.270933883817104e-05
3958,3.1591074978378225e-05,3.54505528419219e-05,3.403295630602075e-05,3.270144795104858e-05
3959,3.1582604652723144e-05,3.5441172673333174e-05,3.4023899530274414e-05,3.2694281077926805e-05
3960,3.1573560306206804e-05,3.543122542561097e-05,3.401199729717285e-05,3.268407279184417e-05
3961,3.1564557124819705e-05,3.541999624128739e-05,3.400251346582249e-05,3.267610685670421e-05
3962,3.155588007998187e-05,3.540992018171988e-05,3.399223329024229e-05,3.2666126348769414e-05
3963,3.154567787709999e-05,3.53997481859242e-05,3.3982687840577086e-05,3.2656443559931515e-05
3964,3.153724413979294e-05,3.539037467419797e-05,3.397257579597323e-05,3.264824999948246e-05
3965,3.1527991615984717e-05,3.5381008553709836e-05,3.396206602766215e-05,3.264118718471e-05
3966,3.151949584737463e-05,3.537192863711448e-05,3.395143966920984e-05,3.26314762811632e-05
3967,3.151072916733894e-05,3.53615589095279e-05,3.393989955233744e-05,3.2623370492838526e-05
3968,3.1500799434103585e-05,3.5351590737288114e-05,3.393031760220374e-05,3.261412876690572e-05
3969,3.149226840735183e-05,3.534192393411371e-05,3.3920919498363985e-05,3.260637909303766e-05
3970,3.148288853083294e-05,3.533262061374405e-05,3.390958003173273e-05,3.2596181062854405e-05
3971,3.147382114536433e-05,3.532116930369677e-05,3.389960867512635e-05,3.2587412139114325e-05
3972,3.146555974856221e-05,3.5312590773497156e-05,3.389063071697672e-05,3.257864546578137e-05
3973,3.145574511337988e-05,3.530396697827419e-05,3.387891394268409e-05,3.257048757057695e-05
3974,3.144746571688816e-05,3.529330483380868e-05,3.386942004016743e-05,3.256056322623642e-05
3975,3.143740279021938e-05,3.5281720536237016e-05,3.3860371881933286e-05,3.255289124908756e-05
3976,3.142886438657223e-05,3.52740616803588e-05,3.38493916461318e-05,3.254456430331384e-05
3977,3.1419825708282e-05,3.52636426910766e-05,3.383969306750186e-05,3.2535508881801084e-05
3978,3.1410593344892844e-05,3.525393564371493e-05,3.3829981102066326e-05,3.252827396980227e-05
3979,3.1401565872927055e-05,3.5244988021390224e-05,3.381932873339792e-05,3.25188411867226e-05
3980,3.139291378848608e-05,3.523665858064723e-05,3.381009714290192e-05,3.251038407587023e-05
3981,3.1384258320975745e-05,3.522532264911615e-05,3.379978374235287e-05,3.250037252861493e-05
3982,3.1374890354309514e-05,3.521653885431743e-05,3.37898862759231e-05,3.249291963517842e-05
3983,3.136606646594035e-05,3.520617141264025e-05,3.377965601854944e-05,3.248440551075541e-05
3984,3.135679425361749e-05,3.519557763776519e-05,3.377018373931081e-05,3.2475562191199094e-05
3985,3.134828506350683e-05,3.51867459916737e-05,3.3759129161491954e-05,3.2466450801998253e-05
3986,3.133912613619152e-05,3.5177414201126406e-05,3.3749868123689585e-05,3.24582532499494e-05
3987,3.133014176203958e-05,3.5166945843106584e-05,3.373881359552595e-05,3.244961759748351e-05
3988,3.132150747616513e-05,3.515722941416263e-05,3.3728257492118034e-05,3.244077968491964e-05
3989,3.131241715936932e-05,3.514856902066659e-05,3.371912847832648e-05,3.243187791643987e-05
3990,3.130373320576916e-05,3.513829131370886e-05,3.3708330937825825e-05,3.242271236787779e-05
3991,3.1294565665196476e-05,3.512897684387608e-05,3.369822031386084e-05,3.2415466591346107e-05
3992,3.128573755433284e-05,3.5118242420922025e-05,3.3689140333864126e-05,3.2406926560513354e-05
3993,3.127645615300048e-05,3.510909793170276e-05,3.367871227987295e-05,3.2397851157820815e-05
3994,3.1268005816138715e-05,3.510053002110949e-05,3.36674789231706e-05,3.239005945372499e-05
3995,3.1259145630763376e-05,3.509112796546458e-05,3.365819175576848e-05,3.2380574383732775e-05
3996,3.125068451696115e-05,3.508060878627138e-05,3.3648181247978364e-05,3.237148877193613e-05
3997,3.124089643163828e-05,3.507138093435465e-05,3.3639752143958967e-05,3.23647465894206e-05
3998,3.1232634099837154e-05,3.5061253504159574e-05,3.3629061355116665e-05,3.23551735034493e-05
3999,3.1223547467570636e-05,3.505226512975765e-05,3.3619097302839334e-05,3.2346195804070194e-05
4000,3.121575833603646e-05,3.5041608386140124e-05,3.3608778734287044e-05,3.233838900193953e-05
4001,3.120641989155096e-05,3.5031813555807605e-05,3.3597941998889656e-05,3.23302566116377e-05
4002,3.119727747684013e-05,3.5022479029342734e-05,3.358820736971901e-05,3.2321098119172114e-05
4003,3.1189006203626116e-05,3.501409065684003e-05,3.3578882736865886e-05,3.231205015913547e-05
4004,3.118003916134635e-05,3.500328095633182e-05,3.3568649495692466e-05,3.230461698062111e-05
4005,3.117020987054914e-05,3.499521869461432e-05,3.3559170219591286e-05,3.229488189564179e-05
4006,3.116183917466407e-05,3.4985207391425916e-05,3.3548619391011914e-05,3.2285805064952975e-05
4007,3.115284187455042e-05,3.4975501037271205e-05,3.35389964945023e-05,3.2278137190034606e-05
4008,3.1144985384518934e-05,3.496587135344891e-05,3.353005157394173e-05,3.2270673477159594e-05
4009,3.11362532536974e-05,3.495790720421557e-05,3.351976837685055e-05,3.2261664527219854e-05
4010,3.112661992034674e-05,3.494762582537098e-05,3.3508609268019904e-05,3.225319068579912e-05
4011,3.111812377820542e-05,3.493751736749375e-05,3.3499527606558756e-05,3.224466955381211e-05
4012,3.110981518493409e-05,3.4928726761353126e-05,3.34900906589655e-05,3.223643829048404e-05
4013,3.110115941395542e-05,3.4918452782130515e-05,3.347982972039227e-05,3.2226671985781154e-05
4014,3.10914939947187e-05,3.490944088392987e-05,3.346966227578513e-05,3.221877179953704e-05
4015,3.108312334872094e-05,3.49008586582178e-05,3.3460599018677104e-05,3.221012717325461e-05
4016,3.107428099059975e-05,3.489056478756306e-05,3.345030846451047e-05,3.220200577227159e-05
4017,3.106596338363431e-05,3.488129582942328e-05,3.344148990377225e-05,3.219409540732388e-05
4018,3.105682201471494e-05,3.487139272298715e-05,3.343047436305353e-05,3.218652436458342e-05
4019,3.104833514226585e-05,3.486195073475071e-05,3.3421405513639436e-05,3.217714025775697e-05
4020,3.103964601369819e-05,3.48522360564601e-05,3.341235585108318e-05,3.216819484071413e-05
4021,3.103088106634551e-05,3.48430417883791e-05,3.340179801313178e-05,3.216013580842639e-05
4022,3.102248993652238e-05,3.483469326213133e-05,3.3391034121588644e-05,3.215182244394081e-05
4023,3.1013831853798975e-05,3.482451391296302e-05,3.338261651638722e-05,3.214354725434427e-05
4024,3.100460713711469e-05,3.481497081790976e-05,3.33722666346024e-05,3.2134911997038125e-05
4025,3.0995532391414636e-05,3.480543213002567e-05,3.336177224563757e-05,3.2125033574432834e-05
4026,3.0987003681260354e-05,3.479712644131588e-05,3.3352650359047746e-05,3.2118743501355677e-05
4027,3.097837359090353e-05,3.478733888505614e-05,3.334236237614201e-05,3.21099802680244e-05
4028,3.096990091067353e-05,3.477805830293964e-05,3.3333510112707216e-05,3.210182445697541e-05
4029,3.096200987290144e-05,3.476710513549467e-05,3.3321958958175056e-05,3.209354988976011e-05
4030,3.095264775682951e-05,3.475864525486529e-05,3.3312250747878463e-05,3.2084166389865725e-05
4031,3.094389332544622e-05,3.474951359934841e-05,3.3303580881891195e-05,3.207574835345533e-05
4032,3.093520950169577e-05,3.473971143971611e-05,3.32940849205517e-05,3.2066886957196166e-05
4033,3.092649179846416e-05,3.473075777706604e-05,3.3285191752986994e-05,3.205993492763149e-05
4034,3.0917865636710975e-05,3.4721722786344585e-05,3.327452495816813e-05,3.2050352208200206e-05
4035,3.090925797122604e-05,3.471193905297127e-05,3.3264394880509644e-05,3.2043336984805374e-05
4036,3.090089631523984e-05,3.470339104427043e-05,3.325522142684787e-05,3.2033585329504575e-05
4037,3.089221123690939e-05,3.46929456048775e-05,3.3245125215815294e-05,3.2025424546233786e-05
4038,3.088393532020567e-05,3.4684477201999814e-05,3.323571411026908e-05,3.2018053699337394e-05
4039,3.0874878667562215e-05,3.4674864829788045e-05,3.322521076876589e-05,3.200987828503457e-05
4040,3.086685394331453e-05,3.466499723031959e-05,3.321577297862571e-05,3.200080890315761e-05
4041,3.085820464491132e-05,3.465601430408112e-05,3.32068512317628e-05,3.199265664007203e-05
4042,3.0849819252871437e-05,3.4647271003969396e-05,3.3196636727131624e-05,3.198566532338875e-05
4043,3.084096238616196e-05,3.463685105262127e-05,3.318685730929022e-05,3.197702864474119e-05
4044,3.083252917170571e-05,3.462817237765272e-05,3.3177014217599053e-05,3.1967763800816845e-05
4045,3.082388678846378e-05,3.461928593773897e-05,3.3167575956146704e-05,3.1959181578330425e-05
4046,3.0815079092130695e-05,3.460960307188354e-05,3.315767207789408e-05,3.1951652206343375e-05
4047,3.080673921614852e-05,3.4600496824762165e-05,3.314840799996729e-05,3.1942623330532e-05
4048,3.079828894148493e-05,3.4590373342377635e-05,3.313948076018355e-05,3.193457867960703e-05
4049,3.0789752255756763e-05,3.4581877439968576e-05,3.3129555931371366e-05,3.1926511763803304e-05
4050,3.078179099771146e-05,3.4572192216936494e-05,3.311987945929515e-05,3.191906010046484e-05
4051,3.0771995361258274e-05,3.456318018798191e-05,3.310954659024203e-05,3.1909819604122806e-05
4052,3.0763924022530756e-05,3.455502530609138e-05,3.3101741354269966e-05,3.1901161049791936e-05
4053,3.075491063312539e-05,3.454510917528315e-05,3.3090777409393137e-05,3.189356266449785e-05
4054,3.074647591458211e-05,3.453594574782341e-05,3.30811533946543e-05,3.188565127818027e-05
4055,3.073783986171408e-05,3.452712102456379e-05,3.3071582923840446e-05,3.187794832437215e-05
4056,3.0729622995473416e-05,3.4516707367355506e-05,3.306125496883362e-05,3.186897952883151e-05
4057,3.0721212387368915e-05,3.450817900363551e-05,3.305226549693557e-05,3.186124099613021e-05
4058,3.071281255587788e-05,3.449861578084002e-05,3.3043032766465595e-05,3.1852620175489596e-05
4059,3.0703670382981366e-05,3.4490126471400596e-05,3.303291716607064e-05,3.1844804555302286e-05
4060,3.0695919353966304e-05,3.447984645200166e-05,3.302352771755287e-05,3.183665654112208e-05
4061,3.068698973637863e-05,3.447069405551497e-05,3.301470446683101e-05,3.182804417124025e-05
4062,3.067981866699238e-05,3.446172868709125e-05,3.300466342733664e-05,3.182079098052119e-05
4063,3.067092960302439e-05,3.4453575035594076e-05,3.299496368799478e-05,3.1812314432330934e-05
4064,3.066142402389156e-05,3.444428598453182e-05,3.298618692207001e-05,3.1803771792587996e-05
4065,3.065394645777815e-05,3.4434712649197144e-05,3.2976454008515316e-05,3.179536446418159e-05
4066,3.064567240188423e-05,3.442577751853872e-05,3.296705853971985e-05,3.1786119723385425e-05
4067,3.063749461066959e-05,3.441603025022462e-05,3.2958129525923744e-05,3.1779638763953456e-05
4068,3.062770882244183e-05,3.4406338993114784e-05,3.2948204486437694e-05,3.177158630001549e-05
4069,3.0620249556045725e-05,3.439835450857957e-05,3.293875088080339e-05,3.176256577438828e-05
4070,3.0611602110310655e-05,3.438885703546768e-05,3.292923796068088e-05,3.175433968783036e-05
4071,3.060324852298106e-05,3.4380252371374097e-05,3.291916635020285e-05,3.174728052329618e-05
4072,3.059413459160435e-05,3.437112588456381e-05,3.2910402724563145e-05,3.173885434114364e-05
4073,3.058596026782494e-05,3.436274497359529e-05,3.2900319610090814e-05,3.173017662476656e-05
4074,3.057788275584198e-05,3.435333302167781e-05,3.2890649348490714e-05,3.172236679778836e-05
4075,3.0569609272362635e-05,3.43437857228873e-05,3.2881432804026056e-05,3.1713947014897416e-05
4076,3.0560906840076615e-05,3.4334063840972765e-05,3.2871697142489953e-05,3.170738422019763e-05
4077,3.055301691478103e-05,3.43258192316522e-05,3.286274818830113e-05,3.1697231459561476e-05
4078,3.0544385378171674e-05,3.431697929878776e-05,3.285314839556478e-05,3.1690058365417076e-05
4079,3.05359735728993e-05,3.430769098081321e-05,3.284406272646566e-05,3.1681441554746316e-05
4080,3.0528016159205874e-05,3.429819489902263e-05,3.2834265878787124e-05,3.167375861303881e-05
4081,3.05199057599951e-05,3.428948355964964e-05,3.282474404649916e-05,3.166576636788754e-05
4082,3.0510377059951832e-05,3.4281167029874835e-05,3.281542958140562e-05,3.1658164789214684e-05
4083,3.0502983586411815e-05,3.4272100604820176e-05,3.28068844597738e-05,3.164996473273464e-05
4084,3.04940679337766e-05,3.426182600234765e-05,3.279543474910855e-05,3.1642510318073436e-05
4085,3.0485991146138484e-05,3.425308303177105e-05,3.2787969833849815e-05,3.1633425481674816e-05
4086,3.0477648636807294e-05,3.424485498430242e-05,3.277784975178906e-05,3.1625459411203385e-05
4087,3.0469346757708833e-05,3.423613379590541e-05,3.276830199387359e-05,3.1617541521065144e-05
4088,3.0460625835234825e-05,3.422775037507815e-05,3.275982486210442e-05,3.161013017181832e-05
4089,3.0453160232762037e-05,3.421726175134379e-05,3.2749155562836946e-05,3.16012140838979e-05
4090,3.0444855543420053e-05,3.4208986331759935e-05,3.274027312246004e-05,3.1593305289785606e-05
4091,3.0436489814050896e-05,3.419973445602943e-05,3.273202796070164e-05,3.1585694734477984e-05
4092,3.042789675276633e-05,3.419115064988166e-05,3.272216997509515e-05,3.157741390043847e-05
4093,3.0419560678060293e-05,3.418226398015885e-05,3.27130803785841e-05,3.156950560792436e-05
4094,3.0411196029148552e-05,3.417271116177581e-05,3.270343087157869e-05,3.156132601271603e-05
4095,3.0402899916307866e-05,3.416363959256585e-05,3.269488167584743e-05,3.155234440768978e-05
4096,3.039488727370573e-05,3.415476922982435e-05,3.2684385525451164e-05,3.1545643669183895e-05
4097,3.0387345507684792e-05,3.4145843488361784e-05,3.267559137323548e-05,3.153764321529485e-05
4098,3.0378821895254e-05,3.413612158288473e-05,3.266580230464805e-05,3.152878868852342e-05
4099,3.0370343472006532e-05,3.412844818638055e-05,3.265730614086038e-05,3.152120680477079e-05
4100,3.0362435543912776e-05,3.4118837057475635e-05,3.2647253421782834e-05,3.151301914324402e-05
4101,3.035387666154978e-05,3.410945043601487e-05,3.263810508105618e-05,3.150551941037347e-05
4102,3.0345093996497795e-05,3.4100973210410144e-05,3.262931311538513e-05,3.149711635695699e-05
4103,3.033721168238808e-05,3.409216471859291e-05,3.261974347655103e-05,3.1490008397370085e-05
4104,3.0329431910334927e-05,3.408280209470408e-05,3.2610333682462474e-05,3.148108872005477e-05
4105,3.0321398592253902e-05,3.4075514139218275e-05,3.260127444315667e-05,3.147406823816857e-05
4106,3.0312888931427532e-05,3.4066104046015776e-05,3.259181403105896e-05,3.146639383919039e-05
4107,3.0304435319042122e-05,3.4057364006443785e-05,3.258330955888323e-05,3.1457727458837554e-05
4108,3.0296231582505687e-05,3.404727482849688e-05,3.2572992945767356e-05,3.14495068645016e-05
4109,3.0287943501247365e-05,3.4039138307968204e-05,3.256390745187891e-05,3.1442314035059914e-05
4110,3.0279443578863e-05,3.4030103375603485e-05,3.255507593188293e-05,3.143394075191964e-05
4111,3.0271405998268755e-05,3.402060580096318e-05,3.254596109511795e-05,3.1425704828951366e-05
4112,3.026345348116827e-05,3.401269556509451e-05,3.2536140870832775e-05,3.141721726538807e-05
4113,3.0255518457380866e-05,3.4003558250448e-05,3.2525999259585224e-05,3.1409965156402265e-05
4114,3.024729962419511e-05,3.3995636537683405e-05,3.25184812585491e-05,3.140195439175632e-05
4115,3.023934245595373e-05,3.3985238276199526e-05,3.250877396837183e-05,3.1395100855179826e-05
4116,3.0231180422242233e-05,3.397777888835562e-05,3.249865218839945e-05,3.1386899881911324e-05
4117,3.0222327362462445e-05,3.3968654805109065e-05,3.249029358898461e-05,3.1378524010496626e-05
4118,3.02148420585016e-05,3.395893824438786e-05,3.248103518814815e-05,3.1370853836661537e-05
4119,3.0207153396046107e-05,3.395071711205491e-05,3.247255317509472e-05,3.136294273101212e-05
4120,3.0198331616263764e-05,3.3941651173335406e-05,3.246273358734337e-05,3.135529033070502e-05
4121,3.018983097051332e-05,3.3933046219365116e-05,3.2454238502313186e-05,3.134659969080951e-05
4122,3.018207164726514e-05,3.392446743759039e-05,3.244488991014872e-05,3.1339334015580466e-05
4123,3.017344996254679e-05,3.391551378057936e-05,3.243541474118237e-05,3.133145564894993e-05
4124,3.0166427421233507e-05,3.3906899898181116e-05,3.24262685556201e-05,3.132347452478443e-05
4125,3.015781256049405e-05,3.389806853746887e-05,3.241739513438993e-05,3.131686664922955e-05
4126,3.0149764900255682e-05,3.3889066427404505e-05,3.240771268530191e-05,3.130815969306605e-05
4127,3.014126357753587e-05,3.38798775331581e-05,3.23990338986633e-05,3.130018363157148e-05
4128,3.01335266359663e-05,3.3872461440810194e-05,3.238963572174521e-05,3.12930458792869e-05
4129,3.0125010278247275e-05,3.386283886228545e-05,3.238094338432422e-05,3.128439908717156e-05
4130,3.0117193177605216e-05,3.385389053712942e-05,3.237137366552692e-05,3.127665294089796e-05
4131,3.0109379429572972e-05,3.384606857469352e-05,3.236279903193641e-05,3.126882822168789e-05
4132,3.010070971673453e-05,3.383676488205305e-05,3.2353640047526643e-05,3.126118984249651e-05
4133,3.009291272548172e-05,3.382789205087274e-05,3.234468763619187e-05,3.1253173074552323e-05
4134,3.008480964712207e-05,3.3819176778951974e-05,3.233490961450871e-05,3.124533262220248e-05
4135,3.0076185756468944e-05,3.3809862375484846e-05,3.232649720432709e-05,3.1237898190484024e-05
4136,3.0068810975537068e-05,3.380185665081515e-05,3.2316566742406525e-05,3.123005442847572e-05
4137,3.006112815504481e-05,3.379357308769167e-05,3.230830268004088e-05,3.122215119035286e-05
4138,3.0053041849734085e-05,3.378439076102599e-05,3.229920864668216e-05,3.121492794766086e-05
4139,3.004495476276356e-05,3.3775616632376875e-05,3.22903240275855e-05,3.12070220395054e-05
4140,3.0037433300200543e-05,3.3767691658111106e-05,3.2281179356205314e-05,3.119943806220626e-05
4141,3.0028530143434433e-05,3.375827971193855e-05,3.227164124588517e-05,3.119152655294642e-05
4142,3.0020791089159346e-05,3.3749493040091594e-05,3.226292119579536e-05,3.118343495625187e-05
4143,3.0013320989982887e-05,3.37411169447993e-05,3.22544125739995e-05,3.117521860840475e-05
4144,3.0004980265982345e-05,3.373235738610399e-05,3.2244700411103504e-05,3.1167789514869214e-05
4145,2.9997141816630763e-05,3.3723558010365923e-05,3.2235915717620145e-05,3.116050797054771e-05
4146,2.9988963363402697e-05,3.371479284527821e-05,3.2227262987556e-05,3.11525156140885e-05
4147,2.9980556214537208e-05,3.370624028738837e-05,3.221773665704703e-05,3.114490770137404e-05
4148,2.997303439886649e-05,3.369875963858246e-05,3.220903630310506e-05,3.113769434533222e-05
4149,2.996524366101065e-05,3.3688473704577e-05,3.2199797377301294e-05,3.112944699242273e-05
4150,2.9956833578831817e-05,3.368106542507076e-05,3.21911644552019e-05,3.112185307931935e-05
4151,2.9948834203812576e-05,3.367130529220994e-05,3.218211509909944e-05,3.111406242686138e-05
4152,2.9940982827893046e-05,3.3663475650115526e-05,3.2172856039165975e-05,3.110642437958756e-05
4153,2.9933271864483992e-05,3.36549744678354e-05,3.216401012094372e-05,3.109887566170065e-05
4154,2.992515784950884e-05,3.3645777120803384e-05,3.2155175445801136e-05,3.1090883144752494e-05
4155,2.9917094827408392e-05,3.3637052768474205e-05,3.214646182445149e-05,3.108426092102168e-05
4156,2.9909563031801948e-05,3.3628168070414476e-05,3.213760411216045e-05,3.107544099235813e-05
4157,2.9901424785227044e-05,3.3620027936088406e-05,3.212812340773909e-05,3.106758295491305e-05
4158,2.989396915798506e-05,3.36119242154865e-05,3.21193594262339e-05,3.105997039119761e-05
4159,2.9885468852381116e-05,3.36033914795544e-05,3.2110397706172786e-05,3.105242800775756e-05
4160,2.9877802530577568e-05,3.359377464110316e-05,3.210149539453787e-05,3.104516622934403e-05
4161,2.986962543757811e-05,3.358592341023906e-05,3.209275609619024e-05,3.103723611631663e-05
4162,2.9861713055890315e-05,3.357723328178128e-05,3.208358412915395e-05,3.1030149027029764e-05
4163,2.985432368822019e-05,3.3569103664236154e-05,3.207482552187489e-05,3.102224040461139e-05
4164,2.9846009053755235e-05,3.3560384156229685e-05,3.2065879525149155e-05,3.101425797878662e-05
4165,2.9838109595268046e-05,3.355097113945774e-05,3.20574385403665e-05,3.100656592783625e-05
4166,2.98302983549835e-05,3.3542781097232425e-05,3.2048714870239856e-05,3.099902999161801e-05
4167,2.9822692853327313e-05,3.3535041430341196e-05,3.2039051664622995e-05,3.099179359594352e-05
4168,2.981421764364943e-05,3.3526111783060405e-05,3.2030067011831715e-05,3.098403348186776e-05
4169,2.9806434670396873e-05,3.3517904208044855e-05,3.202156707906412e-05,3.0976404737368616e-05
4170,2.9798864445486498e-05,3.350893509693272e-05,3.20130817742856e-05,3.09693222980329e-05
4171,2.9790793055691807e-05,3.350075961096223e-05,3.2003821906491513e-05,3.096092918428277e-05
4172,2.9783230047334087e-05,3.3492198584135996e-05,3.19950051207247e-05,3.095382175010096e-05
4173,2.9775656298912194e-05,3.3483062375054406e-05,3.198589478204041e-05,3.094590504840066e-05
4174,2.9767902767220802e-05,3.347539660056189e-05,3.1977807733311445e-05,3.093881890499138e-05
4175,2.9759913004816804e-05,3.346686268689736e-05,3.196821367288042e-05,3.093087068018325e-05
4176,2.9751793308228577e-05,3.3457941416795744e-05,3.195994933642533e-05,3.0923436461548003e-05
4177,2.974434347056197e-05,3.344897924412894e-05,3.195066191284488e-05,3.0915528520035704e-05
4178,2.973663317521096e-05,3.344105275226571e-05,3.194203319248083e-05,3.090820833860429e-05
4179,2.9728473393750792e-05,3.3433033288245393e-05,3.193309852868621e-05,3.090042579541645e-05
4180,2.9720741420675268e-05,3.34241437269082e-05,3.19245080079204e-05,3.08930226078479e-05
4181,2.9713036825047787e-05,3.3415678556991586e-05,3.191587136157009e-05,3.088580863961468e-05
4182,2.9705319082538455e-05,3.3407409674155806e-05,3.190703825938694e-05,3.087816314943509e-05
4183,2.9697316631517965e-05,3.339928059463179e-05,3.1898089359269975e-05,3.0870356649826955e-05
4184,2.9689692973595644e-05,3.338997194364953e-05,3.18886397063028e-05,3.086333360481866e-05
4185,2.968204457743766e-05,3.338184479430028e-05,3.1880319346008804e-05,3.0855449035668425e-05
4186,2.9674258784662035e-05,3.337368688160495e-05,3.187149433581132e-05,3.0847512475136354e-05
4187,2.9666436831001154e-05,3.336608247850631e-05,3.1863434946007755e-05,3.083998611656153e-05
4188,2.9658637695135978e-05,3.335593564888049e-05,3.185480786199477e-05,3.083269573123919e-05
4189,2.9650528509107703e-05,3.334822321673059e-05,3.1845547582211905e-05,3.082556964436414e-05
4190,2.9643022656631034e-05,3.334028510532088e-05,3.1836383368825094e-05,3.0817610875104055e-05
4191,2.963563395010607e-05,3.333076601274042e-05,3.1828320376508574e-05,3.081012933645901e-05
4192,2.962711588226826e-05,3.332327364081376e-05,3.1819465145097435e-05,3.080242674815375e-05
4193,2.9619992283964634e-05,3.331504385851358e-05,3.1810201937666406e-05,3.07952252830893e-05
4194,2.961188222675927e-05,3.330614283109032e-05,3.1802380880215305e-05,3.078778749933844e-05
4195,2.960410752686853e-05,3.329840875634627e-05,3.179315120520771e-05,3.07802387432638e-05
4196,2.9596546561759775e-05,3.3289715281088834e-05,3.1785059480868596e-05,3.077295797764281e-05
4197,2.9588766150137123e-05,3.3281601144058755e-05,3.177545371154939e-05,3.07648994504025e-05
4198,2.958125717275628e-05,3.327317475372038e-05,3.176699262656802e-05,3.075798599449409e-05
4199,2.957361067531215e-05,3.326492739230952e-05,3.1758599980581585e-05,3.075075461277911e-05
4200,2.9566152361455552e-05,3.3256265131922494e-05,3.174927986772881e-05,3.0743411088392805e-05
4201,2.9558206600425672e-05,3.324789662236393e-05,3.1741345716102216e-05,3.073540078581338e-05
4202,2.9550476641865334e-05,3.323973853708984e-05,3.173268834876927e-05,3.07283030235968e-05
4203,2.9543292320852896e-05,3.3231532674505715e-05,3.1723966523296186e-05,3.072141996681092e-05
4204,2.953482364882047e-05,3.322235891716643e-05,3.171523412797423e-05,3.071382548458343e-05
4205,2.9527584512919193e-05,3.32151873270359e-05,3.1706516634623846e-05,3.070592852580375e-05
4206,2.9520249276003033e-05,3.3206794212174976e-05,3.1697825553657247e-05,3.069908825144033e-05
4207,2.9512130671949933e-05,3.319849157583419e-05,3.16886759567398e-05,3.0691289221582374e-05
4208,2.950464942805835e-05,3.318962684252282e-05,3.16810748322066e-05,3.0683577859725535e-05
4209,2.949699532506993e-05,3.318157601268181e-05,3.167156597049655e-05,3.0676144627516745e-05
4210,2.948954380026729e-05,3.317360310903738e-05,3.166332683561416e-05,3.066880548278987e-05
4211,2.9481804405252787e-05,3.316443230580809e-05,3.1655056404989214e-05,3.066160684455943e-05
4212,2.9474185749864674e-05,3.315668577106612e-05,3.1646491509457715e-05,3.065390083412713e-05
4213,2.946657993687894e-05,3.3148466005095896e-05,3.1637471596810745e-05,3.0646429248783346e-05
4214,2.9459148800282375e-05,3.3140275647064125e-05,3.162884136858277e-05,3.063982854221829e-05
4215,2.945127566814956e-05,3.313181892362999e-05,3.1620150060050654e-05,3.06318708447129e-05
4216,2.944337932343491e-05,3.312344205048808e-05,3.161207475794305e-05,3.062462013882346e-05
4217,2.9436053281275053e-05,3.3115551444396864e-05,3.160287973084222e-05,3.061706181863097e-05
4218,2.94284098161523e-05,3.310659533916665e-05,3.15941818779358e-05,3.0609868082471836e-05
4219,2.9420771646788286e-05,3.309852986471055e-05,3.1586080537747206e-05,3.060248644434606e-05
4220,2.9413272706556292e-05,3.3090307487614773e-05,3.157722361243641e-05,3.059484545803616e-05
4221,2.940552342279132e-05,3.308267807713342e-05,3.15688168045186e-05,3.058867435373357e-05
4222,2.9397914866633612e-05,3.3074429211431664e-05,3.156054758312594e-05,3.0580954237136704e-05
4223,2.939075686004419e-05,3.3066445221244405e-05,3.155147843346686e-05,3.057323089991236e-05
4224,2.938271706879729e-05,3.3057951669722646e-05,3.1543267403361565e-05,3.056597479770391e-05
4225,2.937535480363535e-05,3.304979416346555e-05,3.153486282710321e-05,3.055876369191293e-05
4226,2.9367495652812025e-05,3.304114721664978e-05,3.1526296972373385e-05,3.055101756367672e-05
4227,2.9360200425983122e-05,3.303329088425474e-05,3.151759511165282e-05,3.054349411931627e-05
4228,2.9352661686071155e-05,3.302504692058511e-05,3.150872804468042e-05,3.0536798590452115e-05
4229,2.9345242071725076e-05,3.3017216181252233e-05,3.150050374352078e-05,3.052865421912856e-05
4230,2.9337908498347844e-05,3.3008675311670014e-05,3.149175934641153e-05,3.05224254016262e-05
4231,2.932993040008578e-05,3.3000145527300594e-05,3.1483682911277525e-05,3.051481107046044e-05
4232,2.9322586357376913e-05,3.299276796386548e-05,3.1474756602367316e-05,3.05075671451917e-05
4233,2.931485083722886e-05,3.298434428005324e-05,3.146714599872041e-05,3.0500204714230616e-05
4234,2.9307243148978114e-05,3.297605039627045e-05,3.145816035056902e-05,3.049314817641857e-05
4235,2.9300202863293703e-05,3.296778893575537e-05,3.144940725789321e-05,3.048567439439194e-05
4236,2.9292465763917387e-05,3.295930792785096e-05,3.1441343179757614e-05,3.0477803942690807e-05
4237,2.9284966674294647e-05,3.295138970015224e-05,3.143283149840127e-05,3.047135275397817e-05
4238,2.9277581211272576e-05,3.294296785568106e-05,3.1424261971108966e-05,3.0463757015014625e-05
4239,2.9270264199272637e-05,3.293577384422368e-05,3.141563840606543e-05,3.0456433038794762e-05
4240,2.9262092044736625e-05,3.292711227985921e-05,3.1407444053146595e-05,3.044947083860515e-05
4241,2.925489092952656e-05,3.291914431595544e-05,3.139876111707008e-05,3.0442243140584514e-05
4242,2.9247475623127644e-05,3.2911233845570895e-05,3.139080223446016e-05,3.043446617271957e-05
4243,2.9240289078504123e-05,3.290301180435193e-05,3.138251237150026e-05,3.042763818849935e-05
4244,2.9232803597250213e-05,3.289504815793849e-05,3.137351407612952e-05,3.0420348446833033e-05
4245,2.9225352211898246e-05,3.288735991791124e-05,3.136526474909599e-05,3.041304151265769e-05
4246,2.9217574445132943e-05,3.2878249003336294e-05,3.135676669244899e-05,3.040572565856263e-05
4247,2.92103299056918e-05,3.287044265298269e-05,3.1348677973024135e-05,3.0398462784112097e-05
4248,2.9202935236877524e-05,3.2862113296373644e-05,3.134024988178718e-05,3.0391160836989907e-05
4249,2.919493920278737e-05,3.28539425096329e-05,3.133185224795745e-05,3.0384075610369127e-05
4250,2.9188036269424112e-05,3.284599585385628e-05,3.1323280413910535e-05,3.0377363205294193e-05
4251,2.918053894427291e-05,3.283827972983098e-05,3.131504038705262e-05,3.0369952992745126e-05
4252,2.917312207400181e-05,3.2830156980422465e-05,3.1306122908855844e-05,3.0362618082266542e-05
4253,2.916592078495435e-05,3.282184457412923e-05,3.129762742336482e-05,3.035508764181788e-05
4254,2.915839152625005e-05,3.281422703698529e-05,3.129006883237319e-05,3.0347744363136124e-05
4255,2.9150694176207077e-05,3.280574720230997e-05,3.128147606766993e-05,3.0341087579965242e-05
4256,2.9143533253872644e-05,3.279793501673681e-05,3.127353436985156e-05,3.0333940125434958e-05
4257,2.913591118893754e-05,3.2789582919803695e-05,3.126423102046463e-05,3.0326468906691234e-05
4258,2.912872833875306e-05,3.278153283599052e-05,3.125597278297787e-05,3.031950937422353e-05
4259,2.9120797071379903e-05,3.277355385033172e-05,3.124774042497306e-05,3.031228742085894e-05
4260,2.9113775565592197e-05,3.276558505250178e-05,3.123962960946777e-05,3.0304842853336465e-05
4261,2.9106340406224698e-05,3.275764997753537e-05,3.123056533291066e-05,3.0298239682028267e-05
4262,2.909918652245419e-05,3.274945817792052e-05,3.122314716593738e-05,3.029100532497322e-05
4263,2.90919662402242e-05,3.27419939588524e-05,3.1214223993368785e-05,3.0284145533114036e-05
4264,2.9084181788825704e-05,3.2733482224349055e-05,3.1206215587420826e-05,3.0276836801658463e-05
4265,2.9076903796934432e-05,3.272532105502614e-05,3.11981833490727e-05,3.02694815309614e-05
4266,2.9069597179088907e-05,3.2717239528968897e-05,3.1189391194835954e-05,3.0262461654262923e-05
4267,2.9062459806792332e-05,3.27095599005152e-05,3.1181666741049515e-05,3.025549493721208e-05
4268,2.905469505213111e-05,3.2701939832005356e-05,3.117279260843565e-05,3.0248370007446027e-05
4269,2.9047448078532985e-05,3.269358898822227e-05,3.116506037294714e-05,3.024121150068847e-05
4270,2.9040248812165136e-05,3.2685812445011104e-05,3.115630716697241e-05,3.0234045787701395e-05
4271,2.9032792728413402e-05,3.2678123424280224e-05,3.114853423530003e-05,3.0226813062557058e-05
4272,2.9025673937349026e-05,3.2670209936394424e-05,3.113971804786241e-05,3.021966723266132e-05
4273,2.901819960022348e-05,3.2662384762891293e-05,3.1131934351405034e-05,3.0212136169299586e-05
4274,2.901137282141776e-05,3.265350306432791e-05,3.1123249678552505e-05,3.020556351441394e-05
4275,2.900387025324644e-05,3.2646136372765686e-05,3.1115515921100705e-05,3.019885434446999e-05
4276,2.8996433743495867e-05,3.2638283409461516e-05,3.1106893197912656e-05,3.019164577886925e-05
4277,2.8988973561973644e-05,3.2630235904251995e-05,3.109867720826244e-05,3.0184386280344023e-05
4278,2.898151568508085e-05,3.262241178845017e-05,3.109043257754284e-05,3.0177311606950037e-05
4279,2.8974647616879148e-05,3.261445418785092e-05,3.108206340246025e-05,3.0170123278798266e-05
4280,2.8966999281966432e-05,3.260651120559056e-05,3.107400966380045e-05,3.016342426614361e-05
4281,2.8960014459518215e-05,3.259869484302562e-05,3.106571246528648e-05,3.0156138972968913e-05
4282,2.8952684959799624e-05,3.259085084496742e-05,3.10576459396277e-05,3.0148908280688837e-05
4283,2.894552757974291e-05,3.2582559474506885e-05,3.104944916508112e-05,3.0141981177891388e-05
4284,2.8937846804136565e-05,3.2575052754863804e-05,3.104093289677988e-05,3.013471694332266e-05
4285,2.893087089134353e-05,3.256690517559725e-05,3.103259714916157e-05,3.01276265458584e-05
4286,2.8923387475635518e-05,3.2558906829917014e-05,3.102479098559625e-05,3.012129145751657e-05
4287,2.8916408464746533e-05,3.2551066266195934e-05,3.101670642616529e-05,3.011389373432989e-05
4288,2.8908858496788275e-05,3.254359016220832e-05,3.1008405168246615e-05,3.010674397104302e-05
4289,2.8901788438496494e-05,3.2535606778283515e-05,3.099999443249716e-05,3.0099762587966726e-05
4290,2.8894508608727398e-05,3.2528087822274746e-05,3.099216385321385e-05,3.009266469541154e-05
4291,2.8887254584885992e-05,3.2520134763052985e-05,3.098394588134698e-05,3.008527549520785e-05
4292,2.8879962114003036e-05,3.251161810466395e-05,3.097560916042162e-05,3.0079048397093415e-05
4293,2.887304755559202e-05,3.2503816654141674e-05,3.096756651222499e-05,3.0071976396550865e-05
4294,2.8865510346784478e-05,3.249629260811852e-05,3.0959746258188904e-05,3.006408360312076e-05
4295,2.8858442128734567e-05,3.248819785409414e-05,3.095134610862564e-05,3.0058140905553558e-05
4296,2.88514575677854e-05,3.248035576969903e-05,3.094331156493384e-05,3.005103281559949e-05
4297,2.8843821640793785e-05,3.2472685998135904e-05,3.093480355794226e-05,3.0043780106773704e-05
4298,2.8836602257598704e-05,3.246494591804648e-05,3.092674454918332e-05,3.003691785849238e-05
4299,2.8829474141472288e-05,3.245702072834552e-05,3.091892551606432e-05,3.002991200120983e-05
4300,2.8822519447267192e-05,3.244945259057091e-05,3.091071362943829e-05,3.0022667924746387e-05
4301,2.881518692829873e-05,3.244192260002748e-05,3.090201512502034e-05,3.0015770394953367e-05
4302,2.8807941646088863e-05,3.243380973335793e-05,3.089437496276983e-05,3.0008762941267916e-05
4303,2.880077427494707e-05,3.2426029249094755e-05,3.088659642233265e-05,3.000205444978631e-05
4304,2.879364692885372e-05,3.241774699824963e-05,3.087809560606381e-05,2.999501944184528e-05
4305,2.8786641374355673e-05,3.2410066064989284e-05,3.087017259962606e-05,2.9987860806103453e-05
4306,2.8779337870995203e-05,3.240263737037362e-05,3.0861712419676164e-05,2.998100032435354e-05
4307,2.8772418804756206e-05,3.239455614596654e-05,3.085391822114284e-05,2.997417299545258e-05
4308,2.8765210263712047e-05,3.2386760684968775e-05,3.0845880322297074e-05,2.9967196610719062e-05
4309,2.8757932247693266e-05,3.237958060608496e-05,3.0837147079175495e-05,2.9960402666039365e-05
4310,2.8750631269437725e-05,3.237111759094977e-05,3.082947535881409e-05,2.9953330810056824e-05
4311,2.874370477888646e-05,3.2363605400317424e-05,3.082184844790167e-05,2.994643297774318e-05
4312,2.873687425081263e-05,3.2356287749229636e-05,3.081369593476109e-05,2.993960106843411e-05
4313,2.8729437843757147e-05,3.2347880778811546e-05,3.080576890076117e-05,2.9932849005912432e-05
4314,2.872232321491845e-05,3.234053808970427e-05,3.079719973448952e-05,2.9925645978548334e-05
4315,2.8715208658585427e-05,3.2332553168059144e-05,3.078946547795127e-05,2.9918606682463622e-05
4316,2.8708156573592145e-05,3.232501447089988e-05,3.078125920478261e-05,2.9911477570333172e-05
4317,2.8701009991232534e-05,3.231707141408815e-05,3.077340931874451e-05,2.990483435940085e-05
4318,2.8693582600249546e-05,3.230934128067727e-05,3.076532159364453e-05,2.9898022852864892e-05
4319,2.8686646802283983e-05,3.230160858988636e-05,3.075763256821052e-05,2.9891604387111043e-05
4320,2.867949327620304e-05,3.22937712627107e-05,3.0749338166086245e-05,2.9884431972918313e-05
4321,2.8672567783374078e-05,3.228635620683494e-05,3.074115572412619e-05,2.9877405072401e-05
4322,2.8665734575367067e-05,3.227851199747778e-05,3.073356625605973e-05,2.987038248194568e-05
4323,2.8658336938136455e-05,3.2271115247919135e-05,3.072511991210452e-05,2.9863467330311996e-05
4324,2.8651152795365906e-05,3.226328277346182e-05,3.07174225038422e-05,2.9857082944581005e-05
4325,2.8644202999305637e-05,3.2255534694326916e-05,3.070947046965224e-05,2.98498190483866e-05
4326,2.8637209442517912e-05,3.2247801721069576e-05,3.0701322035049096e-05,2.984295792560881e-05
4327,2.8629878054608273e-05,3.223993548093335e-05,3.069310721174415e-05,2.9836330361987688e-05
4328,2.8622864432924806e-05,3.2232504133584785e-05,3.0685212954048494e-05,2.9829381369532385e-05
4329,2.861614669174668e-05,3.2224836930437377e-05,3.067749836660444e-05,2.982266779827813e-05
4330,2.8609351462607234e-05,3.221729389923289e-05,3.0669400737842236e-05,2.9815705395502587e-05
4331,2.8601973489713102e-05,3.2209554205845206e-05,3.066150268033544e-05,2.9809042027923536e-05
4332,2.8594925559474018e-05,3.220192638712805e-05,3.0653581883903575e-05,2.9802178789645995e-05
4333,2.8587810374593614e-05,3.219405696017158e-05,3.064574574634501e-05,2.9795561931745075e-05
4334,2.8580785672991524e-05,3.218640906697785e-05,3.063783613517905e-05,2.978878874311022e-05
4335,2.857383680914276e-05,3.217898151715679e-05,3.062987241526825e-05,2.9781790334790226e-05
4336,2.8566395349877863e-05,3.21714972061187e-05,3.062156866940625e-05,2.97750660444341e-05
4337,2.855998134543738e-05,3.2163638195003114e-05,3.061409430091896e-05,2.9767978464102847e-05
4338,2.8552587787698235e-05,3.2155814242519464e-05,3.060621405917873e-05,2.9761157585284562e-05
4339,2.854568228364819e-05,3.214844857250815e-05,3.059819578198838e-05,2.97542327660563e-05
4340,2.8538732588932592e-05,3.214090326192841e-05,3.058996530707473e-05,2.9747779449106602e-05
4341,2.8531559666904965e-05,3.213296778810646e-05,3.058254116936465e-05,2.9740399698888316e-05
4342,2.8524704546321393e-05,3.212584195866864e-05,3.0574470519253234e-05,2.9734203833493558e-05
4343,2.8517643046095588e-05,3.2118102620963024e-05,3.056638948897135e-05,2.9727017575036273e-05
4344,2.8510666128233956e-05,3.211033870936059e-05,3.055878452894599e-05,2.9720725396187443e-05
4345,2.850375686011896e-05,3.210276830155856e-05,3.055064467671411e-05,2.9713484343951696e-05
4346,2.8496521303089024e-05,3.2095113166147524e-05,3.054260747473033e-05,2.9707241754347117e-05
4347,2.8489497718870625e-05,3.208771909989725e-05,3.053482888083629e-05,2.9700454518203426e-05
4348,2.848268281976466e-05,3.20802493032394e-05,3.052677895279802e-05,2.96931511578549e-05
4349,2.847586799603999e-05,3.207263064687711e-05,3.051931529365622e-05,2.968675598126687e-05
4350,2.8468830798048825e-05,3.206496031310238e-05,3.05112300353892e-05,2.9680224473449564e-05
4351,2.8462106604624477e-05,3.205753789338528e-05,3.050356194449748e-05,2.9673320594854062e-05
4352,2.8455089687445463e-05,3.20502589931938e-05,3.0495890855286087e-05,2.966653698251905e-05
4353,2.8448169340720255e-05,3.204278199797643e-05,3.048787374421101e-05,2.9660200742423007e-05
4354,2.844102702915052e-05,3.203488253697422e-05,3.04799302293648e-05,2.9652974255814966e-05
4355,2.8434131368273707e-05,3.202728388009365e-05,3.0472182212707473e-05,2.9646255367478005e-05
4356,2.84273859958873e-05,3.201987857020759e-05,3.0464281780032113e-05,2.9639502399808762e-05
4357,2.8420120759344113e-05,3.201218674246739e-05,3.0456593126094773e-05,2.963290213931898e-05
4358,2.8413534446918457e-05,3.2004756180952674e-05,3.0448405830341233e-05,2.962622588175443e-05
4359,2.840657779843361e-05,3.199780710836517e-05,3.0440639415715603e-05,2.9619346511366406e-05
4360,2.8399380693392958e-05,3.1989506436457435e-05,3.0433309652733642e-05,2.9613296333082617e-05
4361,2.8392491172484336e-05,3.198221265276492e-05,3.0425536732377646e-05,2.9605652346818354e-05
4362,2.8385873976646855e-05,3.1974716768677325e-05,3.0417317519224503e-05,2.959930899596668e-05
4363,2.8378798327525338e-05,3.196711350760234e-05,3.0409806091512967e-05,2.9592914303505536e-05
4364,2.837206446717607e-05,3.195963482483324e-05,3.0401707635122722e-05,2.9586016592364622e-05
4365,2.8365136145537278e-05,3.195230450332602e-05,3.0393834259607457e-05,2.95790875917975e-05
4366,2.8358116624423476e-05,3.1944585460347226e-05,3.038631424613328e-05,2.95726711149681e-05
4367,2.8351413561402063e-05,3.193735378557412e-05,3.037830152991072e-05,2.956605796344334e-05
4368,2.834433874960803e-05,3.192983403589217e-05,3.0370899439113005e-05,2.9559042161221135e-05
4369,2.833748369401684e-05,3.1922379184647735e-05,3.0362986584851705e-05,2.9552416154293013e-05
4370,2.833073791824758e-05,3.191485976627162e-05,3.0354906662574666e-05,2.954568026793366e-05
4371,2.8323821242897488e-05,3.190728574259407e-05,3.0347518293078454e-05,2.9539283580148536e-05
4372,2.831729237378886e-05,3.189976952813961e-05,3.033933875680741e-05,2.9532318672563074e-05
4373,2.8310404875839627e-05,3.1892568574423267e-05,3.0332201360596146e-05,2.9525698246677697e-05
4374,2.830339675550418e-05,3.1885058146121256e-05,3.0324277312184605e-05,2.9519156899732064e-05
4375,2.829671685850604e-05,3.1877665869293196e-05,3.0316320304477412e-05,2.9512895231130913e-05
4376,2.828977837915679e-05,3.187005874657823e-05,3.030872394057005e-05,2.9506292822621706e-05
4377,2.8283115517885534e-05,3.186244634982466e-05,3.0300995556907113e-05,2.9499381550308336e-05
4378,2.8276157716627395e-05,3.185534760337602e-05,3.029362364647356e-05,2.9492643449780198e-05
4379,2.8268950157699154e-05,3.1847791315977854e-05,3.0285247695691478e-05,2.948624194968879e-05
4380,2.8262299070952748e-05,3.1840242284463414e-05,3.0277823109294816e-05,2.947961466811056e-05
4381,2.82553390745426e-05,3.18328802136025e-05,3.0270203316789897e-05,2.9472997256187486e-05
4382,2.824870240179712e-05,3.182587093746433e-05,3.0262391071080673e-05,2.9466478870064864e-05
4383,2.824202639938398e-05,3.181824868953851e-05,3.025501912735388e-05,2.9459959907592012e-05
4384,2.8234986615407964e-05,3.1810584323118464e-05,3.0247100637461557e-05,2.945313985553014e-05
4385,2.822833852329787e-05,3.180331436902042e-05,3.0239438287296958e-05,2.944668465821176e-05
4386,2.8221310440892136e-05,3.179605088595335e-05,3.0231701774688927e-05,2.943987385194023e-05
4387,2.821459454969095e-05,3.178833952544528e-05,3.022393385277694e-05,2.9433736665907634e-05
4388,2.8208032355573568e-05,3.178098367123922e-05,3.021676062240118e-05,2.9426956101779297e-05
4389,2.8201207212320337e-05,3.1773883093694784e-05,3.0209011234799683e-05,2.942031508654817e-05
4390,2.8194576352882037e-05,3.176640324851749e-05,3.0200916293178853e-05,2.9413963187196018e-05
4391,2.8187656937624857e-05,3.175925005014694e-05,3.019345442015881e-05,2.940722636132115e-05
4392,2.8180809947661194e-05,3.175186962486527e-05,3.018550953094712e-05,2.9400354441987485e-05
4393,2.817398728233732e-05,3.1744120273653185e-05,3.0178196289871633e-05,2.9393935534581628e-05
4394,2.8167443143569776e-05,3.173717313198592e-05,3.0170448440742098e-05,2.9387443394184753e-05
4395,2.816071711436549e-05,3.1729565930091744e-05,3.0163189865536486e-05,2.938075009126875e-05
4396,2.8153756506086436e-05,3.1722196191315464e-05,3.0155252287522655e-05,2.9374392413381344e-05
4397,2.814722877930078e-05,3.171491929079388e-05,3.0147653733683192e-05,2.936779015525128e-05
4398,2.8140459443454075e-05,3.1707801726039906e-05,3.0139948733293042e-05,2.9361277759841978e-05
4399,2.8133438647584598e-05,3.170029122825257e-05,3.0132590631396925e-05,2.9354701561208572e-05
4400,2.8126890650573195e-05,3.169294384940878e-05,3.0125128415182202e-05,2.9347873930212118e-05
4401,2.8120290706931863e-05,3.168565159069677e-05,3.0117334954016953e-05,2.9341615136057782e-05
4402,2.8113371060751522e-05,3.1678431037291537e-05,3.010939014030766e-05,2.93349003102135e-05
4403,2.8106555284109833e-05,3.167078983494729e-05,3.010210112596524e-05,2.9328608530556584e-05
4404,2.8100089467766083e-05,3.16638383751792e-05,3.0094803622704925e-05,2.932212014217242e-05
4405,2.8093383122166123e-05,3.165656596866308e-05,3.0087008302006616e-05,2.9315539924788333e-05
4406,2.8086552307349617e-05,3.1649044158835864e-05,3.007937334013049e-05,2.930911229694124e-05
4407,2.807976768392018e-05,3.1641626806233284e-05,3.007191477029108e-05,2.930250106846815e-05
4408,2.8073024243046763e-05,3.163440476029912e-05,3.0064148227978688e-05,2.9295820262117825e-05
4409,2.806652680141591e-05,3.162726645385505e-05,3.0056698272101292e-05,2.9289957420931354e-05
4410,2.8059964226002065e-05,3.1620013516326634e-05,3.004905830479122e-05,2.9283053769392575e-05
4411,2.8053234054040056e-05,3.16127210434353e-05,3.004158245281878e-05,2.9276404161437088e-05
4412,2.804651815718001e-05,3.1605601126989806e-05,3.0034214591262387e-05,2.9270335482548547e-05
4413,2.8039788378197733e-05,3.159807556402269e-05,3.002636611657639e-05,2.9263714298797707e-05
4414,2.8033132454217947e-05,3.159076770052384e-05,3.001893203833816e-05,2.9257462413667356e-05
4415,2.8026459124524256e-05,3.158372261366012e-05,3.001124032821179e-05,2.9250849040530803e-05
4416,2.8019877835885536e-05,3.157638797238658e-05,3.000380128680067e-05,2.9243954900168995e-05
4417,2.8013156969768056e-05,3.15692429804199e-05,2.9996591402259334e-05,2.9237724720351145e-05
4418,2.8006683550584112e-05,3.1561795867142824e-05,2.9988801322572114e-05,2.9231399647288324e-05
4419,2.8000001775783184e-05,3.15546361710332e-05,2.998112702618298e-05,2.9224643657089636e-05
4420,2.799317306935195e-05,3.1547555261420374e-05,2.9973825044911712e-05,2.921856651285554e-05
4421,2.7986497540213862e-05,3.154037948726372e-05,2.996614070113981e-05,2.921196991919003e-05
4422,2.7979878956627612e-05,3.153300937634294e-05,2.9958838359578082e-05,2.9205509988673517e-05
4423,2.7973146363283782e-05,3.152581767614622e-05,2.9951518967491843e-05,2.9199126639183785e-05
4424,2.796679126457185e-05,3.1518451619745885e-05,2.994386842689649e-05,2.919265641337968e-05
4425,2.7960024212245415e-05,3.151145342056203e-05,2.9936356651583805e-05,2.918621053202528e-05
4426,2.7953334950982713e-05,3.150415077457427e-05,2.9928886031400852e-05,2.9179780360210844e-05
4427,2.7946926637476653e-05,3.1497149175144866e-05,2.9921356570363212e-05,2.917329167946131e-05
4428,2.7940422227493708e-05,3.1489824892313326e-05,2.991402029104643e-05,2.9166718020188037e-05
4429,2.793363737334923e-05,3.1482849134720235e-05,2.9906586122150812e-05,2.9160362240964657e-05
4430,2.7926918338246258e-05,3.147548755713238e-05,2.9898901612880727e-05,2.915402453626671e-05
4431,2.792060294319406e-05,3.146836084544768e-05,2.9891403493207723e-05,2.9147559559759575e-05
4432,2.7913708872873536e-05,3.14610567954993e-05,2.9884037412232513e-05,2.914141084874382e-05
4433,2.790736581229124e-05,3.1454482167329386e-05,2.987665789330794e-05,2.913498701895368e-05
4434,2.7900754728662007e-05,3.1446870380889734e-05,2.9869214638036546e-05,2.9128506955965122e-05
4435,2.7894154428079452e-05,3.1439186782656685e-05,2.9861820041338305e-05,2.9121950439585068e-05
4436,2.7887520284030583e-05,3.1432738881019025e-05,2.9853985971797863e-05,2.9115948115665278e-05
4437,2.7880963091207256e-05,3.1425317556474726e-05,2.9846832112608857e-05,2.9109371151211377e-05
4438,2.7874251789151663e-05,3.14181765002455e-05,2.9839544114153883e-05,2.9103109899901268e-05
4439,2.7867777493689214e-05,3.141114415314671e-05,2.9832135303630464e-05,2.909673597636509e-05
4440,2.7861373451134396e-05,3.14036871475839e-05,2.982442581095713e-05,2.9090182485186146e-05
4441,2.7854818855667132e-05,3.1396451574841494e-05,2.9817131834296446e-05,2.9083956221209865e-05
4442,2.784828299392761e-05,3.1389791912531434e-05,2.9809852177022045e-05,2.907752326628575e-05
4443,2.7841733633387353e-05,3.138277405479691e-05,2.9802461256912247e-05,2.9071341481910247e-05
4444,2.7835234037366666e-05,3.1375375077478e-05,2.9794775451484197e-05,2.9065128095732647e-05
4445,2.782862647510347e-05,3.136811198255751e-05,2.9787678296269884e-05,2.9058432658086074e-05
4446,2.782206799389683e-05,3.136102439989696e-05,2.9780408064074016e-05,2.9052074181545718e-05
4447,2.781557734452819e-05,3.135427909460381e-05,2.9772676560400652e-05,2.9045716570375814e-05
4448,2.7809066002883505e-05,3.134687248434645e-05,2.976560181682806e-05,2.9039736518811154e-05
4449,2.7802411829619868e-05,3.13397537151759e-05,2.975821864159046e-05,2.903331342751907e-05
4450,2.7795855054950435e-05,3.133273278809711e-05,2.9750908907235237e-05,2.9026595526825447e-05
4451,2.7789461090991442e-05,3.132565140661188e-05,2.9743373754548215e-05,2.9020715700407166e-05
4452,2.778309012973907e-05,3.1318372810527276e-05,2.9736014807452198e-05,2.9014149473995444e-05
4453,2.7776328509485775e-05,3.131143620819449e-05,2.9728990640850714e-05,2.900811043110132e-05
4454,2.777016795327467e-05,3.130437050826548e-05,2.9721437217058807e-05,2.900158464532082e-05
4455,2.7763315855853366e-05,3.129729677579781e-05,2.9714186502037975e-05,2.8995182192375464e-05
4456,2.775711727590454e-05,3.129058547571822e-05,2.970651670011271e-05,2.89889940853899e-05
4457,2.7750379737544473e-05,3.1283187681929526e-05,2.9699310414659717e-05,2.8982917425789032e-05
4458,2.7744071025754838e-05,3.127607169268621e-05,2.9691944730955308e-05,2.8976763665335055e-05
4459,2.7737559259074078e-05,3.126924745115165e-05,2.9684731136651936e-05,2.897026058919572e-05
4460,2.77311415234549e-05,3.126186585514446e-05,2.967748875122761e-05,2.8963848104299822e-05
4461,2.7724665981466244e-05,3.125484814132569e-05,2.966997489348584e-05,2.8957586353422973e-05
4462,2.771808969595759e-05,3.124807835460293e-05,2.9662943065923247e-05,2.8951102804556407e-05
4463,2.7711756796449536e-05,3.1240779632329574e-05,2.96554589843791e-05,2.8945140146022915e-05
4464,2.770526439828849e-05,3.123379983693684e-05,2.964816644938607e-05,2.893871613980599e-05
4465,2.7698586332271802e-05,3.1226827694348236e-05,2.9640686537952594e-05,2.8932466309788624e-05
4466,2.7692257099192123e-05,3.121993006376886e-05,2.963352907443745e-05,2.8926132907401163e-05
4467,2.7686022441728857e-05,3.1212760420074644e-05,2.962623221126045e-05,2.8919950147937473e-05
4468,2.76793346430907e-05,3.12059208133144e-05,2.9619142923518624e-05,2.8913744544496466e-05
4469,2.7672949429284065e-05,3.11987788118131e-05,2.9611894134421968e-05,2.8907409567474305e-05
4470,2.7666519048384953e-05,3.1191803286199636e-05,2.9604477720610337e-05,2.8901319941716766e-05
4471,2.76601362059537e-05,3.1184926874370026e-05,2.95973390472788e-05,2.8894849457206037e-05
4472,2.7653933771250932e-05,3.117789098215847e-05,2.959004671570787e-05,2.888886217041887e-05
4473,2.7647178826555985e-05,3.1170746363532855e-05,2.958271929130603e-05,2.8882660507708e-05
4474,2.7640849239003372e-05,3.116385494664729e-05,2.957512432004737e-05,2.8876231111280154e-05
4475,2.7634478527823547e-05,3.1156915873799806e-05,2.9568323516103337e-05,2.887015362386852e-05
4476,2.7628294189647443e-05,3.1150032605841406e-05,2.9560881389128157e-05,2.8863900977759415e-05
4477,2.762170397976486e-05,3.114305976888925e-05,2.9553654619476562e-05,2.8857795253820707e-05
4478,2.7615337443853048e-05,3.113575656566317e-05,2.95462493538904e-05,2.8851483405964406e-05
4479,2.7608800020206194e-05,3.112919661566785e-05,2.95393310392164e-05,2.884518235077103e-05
4480,2.760249628743738e-05,3.112220051811002e-05,2.9531956875839414e-05,2.88389488258438e-05
4481,2.7596096696011168e-05,3.11150401886177e-05,2.9524678387936894e-05,2.883274411143213e-05
4482,2.758969563191887e-05,3.11081502184944e-05,2.951751543351271e-05,2.882645198740462e-05
4483,2.7583368701828207e-05,3.1101322600026397e-05,2.9510306753081968e-05,2.882048911179539e-05
4484,2.7577108362070097e-05,3.109449586653599e-05,2.9503305000908937e-05,2.881439007863759e-05
4485,2.7570677622286284e-05,3.1087295862809894e-05,2.9495932133810305e-05,2.8808335181013843e-05
4486,2.7564233149487027e-05,3.1080199452710465e-05,2.948871790871737e-05,2.8801866485478977e-05
4487,2.755798383796466e-05,3.107347738129696e-05,2.9481450715501865e-05,2.8795713352727675e-05
4488,2.7551569874030158e-05,3.1066671602130385e-05,2.947437197417515e-05,2.878952522487491e-05
4489,2.754526246628035e-05,3.1059671434665186e-05,2.9467319838255403e-05,2.8783193866185626e-05
4490,2.7538866345787613e-05,3.1052835874102654e-05,2.946013320197627e-05,2.877719411643635e-05
4491,2.753258551041334e-05,3.104586098348761e-05,2.9452844817662413e-05,2.8771026690424416e-05
4492,2.7526121567288988e-05,3.1038880584725204e-05,2.9445568422867542e-05,2.8764712325134585e-05
4493,2.7519825666995205e-05,3.103203839192767e-05,2.943847832282807e-05,2.8758595095562195e-05
4494,2.7513533428414578e-05,3.102527965561118e-05,2.9431424801407636e-05,2.8752364343059664e-05
4495,2.7507127083024364e-05,3.101800763749486e-05,2.9424197311322935e-05,2.874680772222553e-05
4496,2.7500806743946333e-05,3.1011341004346e-05,2.9417182027592164e-05,2.8740254996414306e-05
4497,2.7494482915408635e-05,3.100449656388579e-05,2.9409873304275736e-05,2.873429777662279e-05
4498,2.748828270449418e-05,3.099756945217792e-05,2.940243524252058e-05,2.87281198976176e-05
4499,2.7482084584068765e-05,3.0990472345472665e-05,2.9395384689305417e-05,2.872167738280836e-05
4500,2.7475688315628724e-05,3.098358936407677e-05,2.938829082875854e-05,2.871584473482264e-05
4501,2.746927989983576e-05,3.097684302265554e-05,2.938136631505579e-05,2.8709483328908904e-05
4502,2.7462899843029065e-05,3.0970025181679844e-05,2.937412901612892e-05,2.8703474226078853e-05
4503,2.7456849479919014e-05,3.096330518854432e-05,2.9367098858571914e-05,2.8697379207794095e-05
4504,2.7450366731946744e-05,3.095622865246078e-05,2.9360039997138705e-05,2.8691214958480784e-05
4505,2.7444181146603018e-05,3.0949622572411414e-05,2.9353024233126006e-05,2.8685102894360303e-05
4506,2.743788309005731e-05,3.094272163273353e-05,2.93457529303531e-05,2.8679124278869955e-05
4507,2.743159745692253e-05,3.093582135078953e-05,2.933841838657683e-05,2.8672931219490207e-05
4508,2.7425330232249423e-05,3.092894303254799e-05,2.9331571092160406e-05,2.866678488366661e-05
4509,2.7419074760828455e-05,3.0921990568384694e-05,2.9324242414395028e-05,2.8661025571661707e-05
4510,2.7412880729854584e-05,3.091537056532725e-05,2.931764747144054e-05,2.8654700755569796e-05
4511,2.74064005569346e-05,3.0908379401157345e-05,2.9310356862883295e-05,2.8648755893630292e-05
4512,2.7400225967626326e-05,3.090166431673343e-05,2.9303070221283375e-05,2.864263427127389e-05
4513,2.739391475746959e-05,3.089475040079983e-05,2.9296217150491574e-05,2.8636640649926513e-05
4514,2.738758740388876e-05,3.088817591051495e-05,2.9288999127927905e-05,2.863032536146518e-05
4515,2.738149981821073e-05,3.088129243801891e-05,2.9281986856984267e-05,2.8624282698196435e-05
4516,2.737529822097041e-05,3.0874553756801233e-05,2.9274652923925336e-05,2.8617940565420966e-05
4517,2.7368865418524054e-05,3.0867783458214565e-05,2.9267921909748763e-05,2.8612134263861605e-05
4518,2.73627589639287e-05,3.086074761042864e-05,2.9260827106464066e-05,2.860618881994302e-05
4519,2.7356656673749832e-05,3.0853895022141156e-05,2.9254011790496888e-05,2.8599896111090014e-05
4520,2.7350353299911158e-05,3.084729932803182e-05,2.924682087847187e-05,2.859385304830404e-05
4521,2.734419073417657e-05,3.084057035552627e-05,2.9239744720622995e-05,2.8588088081321006e-05
4522,2.7337898380070127e-05,3.08336497987141e-05,2.923280626771519e-05,2.8581981996582536e-05
4523,2.7331599014787262e-05,3.082698686484249e-05,2.9225570207804122e-05,2.857567590741186e-05
4524,2.732567305717867e-05,3.082030532187976e-05,2.9218558052553553e-05,2.8570051724963796e-05
4525,2.731944826227816e-05,3.0813303223340965e-05,2.9211533564967615e-05,2.8564073343245732e-05
4526,2.7313165156624075e-05,3.080663648665661e-05,2.9204526327352897e-05,2.8557846618623658e-05
4527,2.7306840129371672e-05,3.079991649013021e-05,2.91976259205496e-05,2.855186692141553e-05
4528,2.7300767903234123e-05,3.079315599868838e-05,2.919056612950215e-05,2.8545681748924985e-05
4529,2.7294491245972875e-05,3.078637885008397e-05,2.918356366692146e-05,2.853975034989703e-05
4530,2.7288442899940613e-05,3.077955883157505e-05,2.9176600784607416e-05,2.8533819442896055e-05
4531,2.728226908336082e-05,3.077263579332331e-05,2.916963119298614e-05,2.852797597593789e-05
4532,2.7275999116417352e-05,3.0766237719382803e-05,2.9162539780713965e-05,2.852183750396624e-05
4533,2.7269734374041747e-05,3.075945339998e-05,2.91557058185049e-05,2.8515632756995818e-05
4534,2.7263639254300176e-05,3.0752644677090716e-05,2.9148520554608102e-05,2.8509843888472778e-05
4535,2.725746797043705e-05,3.074604535438069e-05,2.9141582745575957e-05,2.850388561835646e-05
4536,2.7251372464581656e-05,3.0739203433655926e-05,2.9134416842775384e-05,2.8497912465575352e-05
4537,2.724508823805529e-05,3.0732536794361514e-05,2.9127685876751533e-05,2.84917651634289e-05
4538,2.7239004715747034e-05,3.072565200486378e-05,2.9120610066468838e-05,2.848567306777944e-05
4539,2.723280089554942e-05,3.0719215738465234e-05,2.9113694616966455e-05,2.84798089313194e-05
4540,2.7226702375008415e-05,3.0712244501241885e-05,2.9106631983068155e-05,2.8473799767697577e-05
4541,2.722047718406177e-05,3.0705859051626666e-05,2.9099808934672364e-05,2.8468004386040927e-05
4542,2.7214470476935955e-05,3.069891591219787e-05,2.9092900199655004e-05,2.8461874490542535e-05
4543,2.720818967948742e-05,3.0692079914125824e-05,2.908597106255442e-05,2.845610892829031e-05
4544,2.7202072654387597e-05,3.06858167685372e-05,2.907887405311468e-05,2.844993026988775e-05
4545,2.719598513623914e-05,3.067899381125342e-05,2.9072088670006137e-05,2.844420256980086e-05
4546,2.7189881038111797e-05,3.067238890354072e-05,2.9065220580297477e-05,2.843805660671496e-05
4547,2.7183836829271646e-05,3.066573245808185e-05,2.9058171686769953e-05,2.8432160570405477e-05
4548,2.7177766052044404e-05,3.065898939952803e-05,2.9051051798800018e-05,2.842634246904162e-05
4549,2.7171404315420287e-05,3.065216320819021e-05,2.9044318940075524e-05,2.8420326903034104e-05
4550,2.7165533184774626e-05,3.064548439969902e-05,2.9037365528207593e-05,2.8414525313127764e-05
4551,2.71593830992076e-05,3.063902355926929e-05,2.9030655641667214e-05,2.840852806763125e-05
4552,2.7153223375416528e-05,3.063252022236295e-05,2.9023769005973e-05,2.8402459272515882e-05
4553,2.7147104018279642e-05,3.062583017884007e-05,2.9016731012090316e-05,2.8396824924980976e-05
4554,2.7141020348351676e-05,3.061905101154605e-05,2.90098985968348e-05,2.8390664714409513e-05
4555,2.7135101761873617e-05,3.0612410161476646e-05,2.9002837546112052e-05,2.8384707215882002e-05
4556,2.7129032915310923e-05,3.06057997456344e-05,2.8996293905481758e-05,2.8378759501370516e-05
4557,2.7122830549235373e-05,3.059896582089599e-05,2.898929206414086e-05,2.8372845321066423e-05
4558,2.711668150683328e-05,3.059250031249195e-05,2.8982302012286722e-05,2.8367195560062675e-05
4559,2.7110817434223493e-05,3.058598661595843e-05,2.8975409006719846e-05,2.8361058759791895e-05
4560,2.710459726814948e-05,3.0579272933660786e-05,2.896862709553285e-05,2.8355248824986005e-05
4561,2.7098717478381273e-05,3.0572571362710973e-05,2.8961755138283287e-05,2.834931950905093e-05
4562,2.7092422282240186e-05,3.056625338467049e-05,2.8954708095588946e-05,2.8343444581313132e-05
4563,2.708645007571864e-05,3.0559574480521635e-05,2.8948073794293973e-05,2.8337469341995153e-05
4564,2.708026634774425e-05,3.055297706721167e-05,2.894121496695987e-05,2.8331563209373474e-05
4565,2.7074345543124013e-05,3.0546349591591646e-05,2.893431927083685e-05,2.8326026806278446e-05
4566,2.7068334629761216e-05,3.0539635863899505e-05,2.8927566242173277e-05,2.8319985999551264e-05
4567,2.7062262656031296e-05,3.053289669881722e-05,2.8920665320731526e-05,2.8314059281301856e-05
4568,2.7056190796707667e-05,3.052635303306894e-05,2.8914044034577266e-05,2.830813224121598e-05
4569,2.705033223774918e-05,3.052003502402824e-05,2.8906923520772223e-05,2.8302465715599732e-05
4570,2.7044047202671453e-05,3.051339507109264e-05,2.8900060497072647e-05,2.829640460589691e-05
4571,2.7038063378519075e-05,3.0506641214034603e-05,2.8893269472591078e-05,2.829056248636013e-05
4572,2.70320649122623e-05,3.0500146929706343e-05,2.888642930615207e-05,2.8284679195955265e-05
4573,2.702608001592609e-05,3.049363321733917e-05,2.8879740132089388e-05,2.8278848996138416e-05
4574,2.7020154579918678e-05,3.0487120804756316e-05,2.8872817507251622e-05,2.8273093030218483e-05
4575,2.701415639418065e-05,3.048040603111841e-05,2.886601086209503e-05,2.82672714844139e-05
4576,2.7008047852399743e-05,3.047400841267405e-05,2.8859314162710508e-05,2.826153928511329e-05
4577,2.7002258205943012e-05,3.046757283174207e-05,2.8852590772544417e-05,2.8255565221402444e-05
4578,2.6996012028383115e-05,3.046072328687135e-05,2.8845522557230772e-05,2.8249703222638385e-05
4579,2.699002383958668e-05,3.0454271199388708e-05,2.883883137878331e-05,2.8243732159908016e-05
4580,2.6984006974003228e-05,3.0447827192857307e-05,2.883212495055757e-05,2.8237977045548336e-05
4581,2.6978086799661454e-05,3.0441083309728303e-05,2.8825386669505455e-05,2.8232175824616737e-05
4582,2.697213959203045e-05,3.0434908200310828e-05,2.8818487363794315e-05,2.8226520672348502e-05
4583,2.696610322004323e-05,3.0428268033634e-05,2.8811702876848764e-05,2.8220626602255686e-05
4584,2.6960097308619153e-05,3.0421777272316e-05,2.8805043604307064e-05,2.8214849802768988e-05
4585,2.6954317987045522e-05,3.0415206831306035e-05,2.879821140143e-05,2.8209028650065834e-05
4586,2.694830338413748e-05,3.040867308660129e-05,2.8791460680967026e-05,2.8203221707306584e-05
4587,2.6942181728437227e-05,3.0402309965820536e-05,2.8784778411554616e-05,2.8197411705113287e-05
4588,2.69363415476718e-05,3.039576228628067e-05,2.877809971588585e-05,2.819162349804746e-05
4589,2.6930411734598338e-05,3.0389267058498806e-05,2.877128388513224e-05,2.81858399346327e-05
4590,2.6924406396284147e-05,3.0382625616069036e-05,2.87643421336587e-05,2.8180003993995904e-05
4591,2.691840381247055e-05,3.0376257225114254e-05,2.875773386458886e-05,2.8174223757560835e-05
4592,2.6912577912707668e-05,3.036961052865853e-05,2.87510902450645e-05,2.8168447292507803e-05
4593,2.6906633456974222e-05,3.0363199331335824e-05,2.874445644975232e-05,2.8162629582909304e-05
4594,2.6900693880752267e-05,3.0356587269966996e-05,2.8737677340221227e-05,2.8156928369249195e-05
4595,2.6894682385402057e-05,3.035019104762802e-05,2.8730894825273647e-05,2.8151060893964122e-05
4596,2.6888807152142328e-05,3.0343708799115335e-05,2.872411001584211e-05,2.8145347995136992e-05
4597,2.6882995518114695e-05,3.033722646437078e-05,2.8717502770278443e-05,2.8139447572405634e-05
4598,2.687692391598628e-05,3.033094886422916e-05,2.8710707874494262e-05,2.8133939729171835e-05
4599,2.6870943024043404e-05,3.032443245761264e-05,2.8704078255151882e-05,2.8128109605802006e-05
4600,2.6865174716308367e-05,3.0317863332946282e-05,2.869741768142354e-05,2.812244779267597e-05
4601,2.6859251230703075e-05,3.0311523881458093e-05,2.869074346035548e-05,2.8116542216540076e-05
4602,2.685331410961386e-05,3.030509101084909e-05,2.8684056251844398e-05,2.811098922111223e-05
4603,2.6847511237428993e-05,3.0298524336361785e-05,2.8677246502932575e-05,2.810518340027788e-05
4604,2.6841448635151042e-05,3.0292192336426022e-05,2.867038240200505e-05,2.8099525403971513e-05
4605,2.683558931042132e-05,3.0285697875781407e-05,2.8663903319493686e-05,2.8093700128281885e-05
4606,2.6829672765502884e-05,3.027928017496212e-05,2.8657303461308244e-05,2.8087937321915384e-05
4607,2.6823819935192622e-05,3.0272878310306542e-05,2.865055218981078e-05,2.808214415149159e-05
4608,2.6817924404883282e-05,3.0266410234139544e-05,2.8644055217706623e-05,2.8076469893362278e-05
4609,2.6812025837791962e-05,3.0260077050143265e-05,2.8637300304682475e-05,2.8070708530331595e-05
4610,2.680622896261972e-05,3.025364574254398e-05,2.863063862646694e-05,2.806499801559389e-05
4611,2.6800287268828575e-05,3.024721470161868e-05,2.8623985949909728e-05,2.8059350258177575e-05
4612,2.6794475989787524e-05,3.0240658926033503e-05,2.8617238903657156e-05,2.8053603210860396e-05
4613,2.6788637082467366e-05,3.023443451606925e-05,2.8610656663617893e-05,2.8047875106862298e-05
4614,2.6782745255923765e-05,3.022794879097313e-05,2.860402570482144e-05,2.8042175987435616e-05
4615,2.6776788292845773e-05,3.022169875115537e-05,2.8597411840626686e-05,2.8036455683502044e-05
4616,2.6770988694645115e-05,3.021530779561509e-05,2.859068007770973e-05,2.8030808821026706e-05
4617,2.6765184587383e-05,3.0208832275753218e-05,2.858409838110114e-05,2.802509382527915e-05
4618,2.6759239688092666e-05,3.0202400916897184e-05,2.8577521513941997e-05,2.8019349508747543e-05
4619,2.6753499261125866e-05,3.0196110572755098e-05,2.8570827404539e-05,2.801371654467192e-05
4620,2.6747632930223863e-05,3.0189774027364405e-05,2.8564456827833628e-05,2.800802015064909e-05
4621,2.6741849717592424e-05,3.0183437101042e-05,2.8557593219983777e-05,2.8002408884864244e-05
4622,2.673592021324137e-05,3.0176915708449274e-05,2.8551198067269788e-05,2.7996677661454188e-05
4623,2.673005086319556e-05,3.0170498533212017e-05,2.8544438634650415e-05,2.799100048260554e-05
4624,2.6724345948973702e-05,3.0164134972729917e-05,2.8537779755129373e-05,2.798530108767952e-05
4625,2.671850568353231e-05,3.015804561592424e-05,2.8531143623616416e-05,2.7979557215426948e-05
4626,2.6712658331539237e-05,3.015150703127651e-05,2.852461987904794e-05,2.797391755171706e-05
4627,2.6706948863538287e-05,3.01452366043174e-05,2.851809082075256e-05,2.7968422814883173e-05
4628,2.6701077229248235e-05,3.013865288840234e-05,2.8511520323673506e-05,2.7962904800867616e-05
4629,2.6695260511670847e-05,3.0132557158821475e-05,2.8504941694029613e-05,2.7957253552943398e-05
4630,2.6689523371012034e-05,3.01261999303353e-05,2.8498405009864907e-05,2.7951561796646208e-05
4631,2.668366477419278e-05,3.011986202221102e-05,2.84917226154919e-05,2.794569247738134e-05
4632,2.6677888793656056e-05,3.0113645032945064e-05,2.8485341580730314e-05,2.7940198423807845e-05
4633,2.6672068494782015e-05,3.0107117620033405e-05,2.8478686561459808e-05,2.7934649979761837e-05
4634,2.6666246941093647e-05,3.0100822329809763e-05,2.8472009291129783e-05,2.792899412494861e-05
4635,2.6660489939638415e-05,3.0094595305025188e-05,2.846556784314892e-05,2.7923428411202516e-05
4636,2.6654664130136217e-05,3.008815149806292e-05,2.8459109345943856e-05,2.7917789515842962e-05
4637,2.664886297086887e-05,3.008193248535938e-05,2.8452386789880142e-05,2.7912158410006747e-05
4638,2.66431487355383e-05,3.0075530498093783e-05,2.8445919272363915e-05,2.7906469417419242e-05
4639,2.663733095179808e-05,3.0069334938981023e-05,2.8439381221107626e-05,2.7900836740996498e-05
4640,2.6631608977832408e-05,3.006307818936198e-05,2.8432804307193497e-05,2.789539171352953e-05
4641,2.6625914519355914e-05,3.0056793486879103e-05,2.842640399879731e-05,2.7889640313547163e-05
4642,2.6620115676768192e-05,3.005025323821512e-05,2.8419831659542225e-05,2.788411218338656e-05
4643,2.661426583073054e-05,3.0044080030906932e-05,2.8413174849321742e-05,2.787842033333621e-05
4644,2.6608561293004988e-05,3.003779744999761e-05,2.840680910365554e-05,2.7872903797246363e-05
4645,2.6602868250793596e-05,3.003155651493426e-05,2.8400341391356752e-05,2.786727614829295e-05
4646,2.6597016635891828e-05,3.0025447720618515e-05,2.8393745834754004e-05,2.7861689674173023e-05
4647,2.6591376270854565e-05,3.001907560302586e-05,2.838729007822888e-05,2.7856040563766636e-05
4648,2.6585533065235078e-05,3.001285229333536e-05,2.8380719814489528e-05,2.7850547316067345e-05
4649,2.6579908729483685e-05,3.0006414661620487e-05,2.837439913406538e-05,2.7844929624125857e-05
4650,2.657415019520154e-05,3.0000184780576362e-05,2.836773180610204e-05,2.7839297317320573e-05
4651,2.6568510571127834e-05,2.99939491825811e-05,2.836120968485681e-05,2.7833713650930376e-05
4652,2.6562715034049346e-05,2.998787607599514e-05,2.835483703034462e-05,2.7828259899443196e-05
4653,2.6557007385862274e-05,2.9981490548526204e-05,2.834842265114611e-05,2.7822792153229323e-05
4654,2.6551277585600993e-05,2.997527096837176e-05,2.8341732623004687e-05,2.7817072162628298e-05
4655,2.654564475358715e-05,2.996888354309879e-05,2.833530080457469e-05,2.7811545849931632e-05
4656,2.6539901888101647e-05,2.996277932278509e-05,2.8328994501493798e-05,2.7805995325410726e-05
4657,2.6534165965984317e-05,2.995660556194557e-05,2.8322584882602824e-05,2.7800415711789128e-05
4658,2.6528431552731658e-05,2.995038320262217e-05,2.8315983594172384e-05,2.7794934505259314e-05
4659,2.6522755302866523e-05,2.9944197419680325e-05,2.830952118263046e-05,2.7789448652610656e-05
4660,2.651699370879464e-05,2.9937978924176697e-05,2.8302945762648506e-05,2.778372996106728e-05
4661,2.6511469829876746e-05,2.9931766125938286e-05,2.8296582175932677e-05,2.777827098458398e-05
4662,2.6505738350166697e-05,2.9925567765396566e-05,2.829002429691145e-05,2.777286971074159e-05
4663,2.6500013170512804e-05,2.991926877519425e-05,2.8283665032608586e-05,2.7767285612874328e-05
4664,2.6494391478417822e-05,2.991310469663181e-05,2.8277361999893037e-05,2.776174679874332e-05
4665,2.648873664801009e-05,2.9906922414112402e-05,2.827079906749741e-05,2.775611013797586e-05
4666,2.6482945539467163e-05,2.9900580502909558e-05,2.8264343845468024e-05,2.775075335780957e-05
4667,2.6477412410036572e-05,2.9894475857867662e-05,2.8257959704990053e-05,2.7745032221473116e-05
4668,2.6471616622817224e-05,2.9888322264671934e-05,2.825154096965842e-05,2.7739692252269562e-05
4669,2.6465962320778295e-05,2.988220473161614e-05,2.8245105360539427e-05,2.7734043878578826e-05
4670,2.646041983692903e-05,2.9875830798368402e-05,2.8238810934323364e-05,2.772862226347795e-05
4671,2.6454568506182242e-05,2.986969356718999e-05,2.8232460870200184e-05,2.7723090725104237e-05
4672,2.644909930121214e-05,2.986358624730923e-05,2.8225876009024446e-05,2.7717520908164645e-05
4673,2.6443490043274762e-05,2.9857385830950606e-05,2.8219478098312773e-05,2.7711982460759898e-05
4674,2.6437733693076594e-05,2.9851157495475628e-05,2.821312038082403e-05,2.7706649962693064e-05
4675,2.6432107675694594e-05,2.984505480685151e-05,2.8206757196917404e-05,2.7701139945275425e-05
4676,2.642650689759575e-05,2.9839029958803416e-05,2.8200394973770983e-05,2.7695597336374965e-05
4677,2.642083439457213e-05,2.9832828296704145e-05,2.819404247640415e-05,2.769016374270023e-05
4678,2.641523257066061e-05,2.982651538781325e-05,2.8187725409784887e-05,2.768477064100404e-05
4679,2.6409613163818192e-05,2.9820587537666298e-05,2.818117946942069e-05,2.76792026211004e-05
4680,2.6403931510978414e-05,2.9814290969860337e-05,2.8174857064506908e-05,2.767372457377805e-05
4681,2.639834214100438e-05,2.9808291390426484e-05,2.8168468438152226e-05,2.7668291523586006e-05
4682,2.639280534530681e-05,2.9802011422193964e-05,2.8162072466364634e-05,2.7662862910920975e-05
4683,2.6387158075297508e-05,2.979592089940604e-05,2.815578092884874e-05,2.765740665467816e-05
4684,2.6381543717034863e-05,2.978982081863655e-05,2.8149450129540786e-05,2.7651876864409282e-05
4685,2.637591147486001e-05,2.9783660800730475e-05,2.8142877821955278e-05,2.7646471270451302e-05
4686,2.6370241988792326e-05,2.977766859455463e-05,2.8136675258600405e-05,2.7640994109260947e-05
4687,2.6364715347537127e-05,2.9771469078119317e-05,2.813034444531099e-05,2.7635479244431227e-05
4688,2.635909877952675e-05,2.9765344195235973e-05,2.8124093194341134e-05,2.763012092338683e-05
4689,2.6353565094432412e-05,2.9759273663287324e-05,2.811769578107826e-05,2.762471779021791e-05
4690,2.6347898580539343e-05,2.9753120539129308e-05,2.811138707272309e-05,2.7619261551523198e-05
4691,2.63423479092505e-05,2.974713643426667e-05,2.8105082816227684e-05,2.7613779730771948e-05
4692,2.6336737197402105e-05,2.9740974377158294e-05,2.8098605833169057e-05,2.7608478889645608e-05
4693,2.6331270190234182e-05,2.9734873039400088e-05,2.8092284217356933e-05,2.760288584768011e-05
4694,2.6325631724934566e-05,2.9728695311909575e-05,2.8086047212337974e-05,2.759751018941078e-05
4695,2.6320068442532402e-05,2.9722583202269505e-05,2.807965384960177e-05,2.759201256012304e-05
4696,2.631450211625432e-05,2.9716563466879734e-05,2.8073337407359082e-05,2.758670015855965e-05
4697,2.6308957734829106e-05,2.9710573226475193e-05,2.8067140636559484e-05,2.758120124211621e-05
4698,2.6303410224073568e-05,2.9704375760711174e-05,2.8060753632333577e-05,2.7575794528307776e-05
4699,2.6297839555942364e-05,2.9698284530850476e-05,2.8054445727932407e-05,2.757048482541359e-05
4700,2.629226502935556e-05,2.969225990311227e-05,2.8048305079705313e-05,2.7564906569384743e-05
4701,2.628673447687176e-05,2.9686121160815515e-05,2.804188539199906e-05,2.75596596552759e-05
4702,2.628119483419477e-05,2.9680097191746435e-05,2.8035627927545614e-05,2.755417219347489e-05
4703,2.6275633914955144e-05,2.9673906830969523e-05,2.8029280670250993e-05,2.754881398143841e-05
4704,2.627004944832695e-05,2.9668068801372244e-05,2.8023029955865665e-05,2.7543409960463103e-05
4705,2.626449370648474e-05,2.9662019008011343e-05,2.801680878908119e-05,2.7538028806098467e-05
4706,2.6259090281285696e-05,2.9655965657753985e-05,2.8010529051196004e-05,2.7532701929926076e-05
4707,2.625352149728301e-05,2.9649914655755883e-05,2.8004236346190772e-05,2.7527274747609574e-05
4708,2.6247970488899348e-05,2.9643744830080517e-05,2.7998030896012083e-05,2.752191545096042e-05
4709,2.624248865318424e-05,2.9637774585573353e-05,2.7991675721451378e-05,2.7516597569149632e-05
4710,2.623692021887086e-05,2.9631868165040388e-05,2.7985510593910276e-05,2.7511172890205222e-05
4711,2.6231521537173433e-05,2.962583357865219e-05,2.7979157681178174e-05,2.7505832590089688e-05
4712,2.6225842969844783e-05,2.9619692255977546e-05,2.7972967583827045e-05,2.750045934750317e-05
4713,2.6220405882382754e-05,2.9613672862687177e-05,2.7966650125786525e-05,2.749502992718834e-05
4714,2.621489453104179e-05,2.960754591750844e-05,2.796043322386996e-05,2.7489749858010348e-05
4715,2.6209366148802883e-05,2.960177650884032e-05,2.7954167163634606e-05,2.7484402536724178e-05
4716,2.6203891514308025e-05,2.9595657758366617e-05,2.7948005858892223e-05,2.747897821888165e-05
4717,2.61984201758326e-05,2.9589808508207416e-05,2.794193279612117e-05,2.747377417920029e-05
4718,2.619295783397855e-05,2.958372033831179e-05,2.7935549777599804e-05,2.746830957639039e-05
4719,2.6187547601346814e-05,2.9577730672141577e-05,2.7929288061672124e-05,2.746302764729684e-05
4720,2.6181849656049902e-05,2.9571587107933794e-05,2.792314851008036e-05,2.7457713808637955e-05
4721,2.617654225996514e-05,2.956578866836263e-05,2.7916948789774833e-05,2.7452275389848662e-05
4722,2.6171042728151733e-05,2.9559704137596127e-05,2.791073220821786e-05,2.7446933584831862e-05
4723,2.61656295738235e-05,2.9553736313586366e-05,2.790450594567386e-05,2.7441624357057917e-05
4724,2.616006462651064e-05,2.954777438727776e-05,2.7898301934356345e-05,2.7436356368125662e-05
4725,2.615459773387451e-05,2.954190368275927e-05,2.7892015672933325e-05,2.7431094190161193e-05
4726,2.6149118963970968e-05,2.9535864200533954e-05,2.7885917649410433e-05,2.7425764902539476e-05
4727,2.6143701972365405e-05,2.9529905141102533e-05,2.7879686209498267e-05,2.7420405069829572e-05
4728,2.6138248254524105e-05,2.9523817955543495e-05,2.787342565237726e-05,2.7415036357313303e-05
4729,2.6132792201508338e-05,2.9517973599132665e-05,2.786726346565907e-05,2.7409706175141357e-05
4730,2.612733405743225e-05,2.9511975646687574e-05,2.7861210222004606e-05,2.7404549307665432e-05
4731,2.6121960895145268e-05,2.9505938257742882e-05,2.7854896386136566e-05,2.7399285270132433e-05
4732,2.6116420065607507e-05,2.950007774095969e-05,2.784879876988709e-05,2.739394531669826e-05
4733,2.6110946021452902e-05,2.949414285427453e-05,2.784259084195451e-05,2.7388552112415464e-05
4734,2.610551711039034e-05,2.9488178670082486e-05,2.7836450448064217e-05,2.7383294109320907e-05
4735,2.6100121458129762e-05,2.9482171411303798e-05,2.7830371698021072e-05,2.7378075959133814e-05
4736,2.6094797225015913e-05,2.947635889759121e-05,2.7824194860082222e-05,2.737278283331988e-05
4737,2.608928495956064e-05,2.947035226835759e-05,2.781801889272918e-05,2.7367510234092984e-05
4738,2.6083906557527016e-05,2.9464358603985165e-05,2.7811902163283943e-05,2.7362177363742545e-05
4739,2.607840836008452e-05,2.945854048737874e-05,2.7805726417626242e-05,2.7356965600225253e-05
4740,2.6073060133838033e-05,2.9452514902408666e-05,2.7799514073515147e-05,2.7351663094288987e-05
4741,2.606767866938213e-05,2.9446613949316254e-05,2.7793447197906394e-05,2.734634385711813e-05
4742,2.606223069961069e-05,2.9440703551942934e-05,2.7787244133546017e-05,2.7341043240836894e-05
4743,2.605685438388613e-05,2.9434812517673026e-05,2.77811245361567e-05,2.7335863789387926e-05
4744,2.6051450623420243e-05,2.9428988995529325e-05,2.7775047187928377e-05,2.7330647515165192e-05
4745,2.6046020231010092e-05,2.9423120661747547e-05,2.7768911794437498e-05,2.732531581633162e-05
4746,2.6040654056025047e-05,2.9417166402417798e-05,2.7762815434173594e-05,2.7320071576619238e-05
4747,2.6035216485659305e-05,2.941126568963462e-05,2.7756648594326115e-05,2.731476321055882e-05
4748,2.6029813475869213e-05,2.9405416131354236e-05,2.775047705829241e-05,2.7309547952382404e-05
4749,2.6024443103031565e-05,2.9399391310976133e-05,2.7744421097861656e-05,2.7304329704367505e-05
4750,2.6019101592918058e-05,2.939358780514899e-05,2.7738314142603014e-05,2.729901533426234e-05
4751,2.601369741269484e-05,2.93877343279298e-05,2.7732285611317997e-05,2.7293796713747683e-05
4752,2.6008405222430324e-05,2.9381783473356062e-05,2.7726157260750912e-05,2.7288608163137458e-05
4753,2.600298353965205e-05,2.937591947802877e-05,2.7720097152311548e-05,2.7283470199457128e-05
4754,2.5997584133363745e-05,2.937005418913764e-05,2.771395175037028e-05,2.7278165800109213e-05
4755,2.5992258254841196e-05,2.9364156405197904e-05,2.7707896801807766e-05,2.727286550076942e-05
4756,2.5986933695877784e-05,2.935836095606086e-05,2.7701722852522222e-05,2.7267790599617103e-05
4757,2.5981540303234527e-05,2.935245234296537e-05,2.7695708414218066e-05,2.726258227909911e-05
4758,2.597613981552204e-05,2.934662089772101e-05,2.7689591264861895e-05,2.725728764428419e-05
4759,2.5970789224579655e-05,2.934083468747996e-05,2.7683619958612796e-05,2.7252083238235568e-05
4760,2.596551990035257e-05,2.9334965301411765e-05,2.767750833936245e-05,2.724681231104459e-05
4761,2.5960120095826742e-05,2.932903256813159e-05,2.7671372170797727e-05,2.724169508724003e-05
4762,2.5954846807653508e-05,2.9323281065806863e-05,2.766530721034775e-05,2.723647243583294e-05
4763,2.5949511224289218e-05,2.931739750634627e-05,2.7659321172015e-05,2.7231293191781455e-05
4764,2.594413908987426e-05,2.9311492927843723e-05,2.7653201523754065e-05,2.7226137666712235e-05
4765,2.593881578319853e-05,2.9305807818750337e-05,2.7647205705068442e-05,2.7220863360403504e-05
4766,2.593359102843893e-05,2.9299830339241777e-05,2.7641199929520203e-05,2.7215734137970277e-05
4767,2.5928213563676424e-05,2.929403626621743e-05,2.763511306949296e-05,2.7210453374296356e-05
4768,2.5922763783128974e-05,2.9288219589056887e-05,2.7629055566145468e-05,2.7205314182530562e-05
4769,2.5917527745717172e-05,2.9282419542943913e-05,2.7623003338250195e-05,2.7200167622226202e-05
4770,2.5912140428755255e-05,2.9276724367878728e-05,2.7616995089468095e-05,2.7195003715477405e-05
4771,2.5906899970927096e-05,2.9270823031689912e-05,2.7611052637151555e-05,2.7189873433869623e-05
4772,2.5901546379094276e-05,2.9264984593239438e-05,2.760495264388141e-05,2.7184708399119857e-05
4773,2.5896280026291696e-05,2.9259223415597277e-05,2.759881803156813e-05,2.7179505743809606e-05
4774,2.589098011371202e-05,2.925349164378355e-05,2.7592987628626836e-05,2.7174325773431595e-05
4775,2.588568352248894e-05,2.9247593270297075e-05,2.7586936741096038e-05,2.7169077624122493e-05
4776,2.588035000756779e-05,2.9241862825906917e-05,2.7580975161509533e-05,2.7163951589214992e-05
4777,2.587508279260395e-05,2.923600165734788e-05,2.7574883816706687e-05,2.715893597038318e-05
4778,2.5869821009711675e-05,2.923024267652382e-05,2.7568905224105504e-05,2.715365256331884e-05
4779,2.5864528118693537e-05,2.9224468993644498e-05,2.7562933079167013e-05,2.714863171429403e-05
4780,2.5859243972953938e-05,2.9218648326440897e-05,2.7557071704522295e-05,2.714342233034693e-05
4781,2.5853974533778895e-05,2.9212924735633636e-05,2.7550949032150814e-05,2.7138216341249772e-05
4782,2.5848681296011178e-05,2.9207213847982498e-05,2.754491066113715e-05,2.7133182046665173e-05
4783,2.5843448715535807e-05,2.9201323621632148e-05,2.7539001022375783e-05,2.7127964658144847e-05
4784,2.583816530351068e-05,2.9195574909715267e-05,2.753295772846745e-05,2.7122856222907983e-05
4785,2.5832929894860165e-05,2.918990164395207e-05,2.7526949807058277e-05,2.7117836334353298e-05
4786,2.5827526334758467e-05,2.9184100665579747e-05,2.7521038220128864e-05,2.711261466416426e-05
4787,2.5822362673795524e-05,2.9178266719748766e-05,2.751504171758236e-05,2.7107450730537552e-05
4788,2.581711689990129e-05,2.9172734179209538e-05,2.750913974423556e-05,2.7102515866700264e-05
4789,2.581189837934293e-05,2.9166931630976017e-05,2.7503191925358243e-05,2.7097288956937613e-05
4790,2.5806658697604683e-05,2.9161149982224053e-05,2.7497169400589592e-05,2.7092250217189935e-05
4791,2.5801422796521913e-05,2.915539633346884e-05,2.749123483853206e-05,2.7087003018710668e-05
4792,2.5796159839161318e-05,2.9149634199438565e-05,2.748526431079216e-05,2.7081926364297473e-05
4793,2.57908723689694e-05,2.914388040640022e-05,2.7479388003008343e-05,2.707682229325069e-05
4794,2.578561170277669e-05,2.913808152066695e-05,2.7473451111069353e-05,2.7071693873797143e-05
4795,2.5780437699891902e-05,2.9132493905531638e-05,2.7467447185397497e-05,2.7066651052127494e-05
4796,2.577518290520493e-05,2.912667800624127e-05,2.7461505440344977e-05,2.7061592229825965e-05
4797,2.5769988820145885e-05,2.9121083622822304e-05,2.7455608307376263e-05,2.7056504596923747e-05
4798,2.5764810158593836e-05,2.911521548699154e-05,2.744960330462722e-05,2.705136949622622e-05
4799,2.575950485652024e-05,2.9109551510251976e-05,2.7443754071130212e-05,2.704630620156322e-05
4800,2.5754333911325515e-05,2.9103881657951655e-05,2.743784215460635e-05,2.7041269336535704e-05
4801,2.574909032667377e-05,2.909813750119122e-05,2.7431879065697258e-05,2.703616772163287e-05
4802,2.5743943902027605e-05,2.9092446094454675e-05,2.7425995005870996e-05,2.703096845655027e-05
4803,2.5738688544796628e-05,2.908671278600402e-05,2.7420070362992097e-05,2.7026038701891482e-05
4804,2.5733528775377524e-05,2.9081031956327668e-05,2.741416372028742e-05,2.7020948575329286e-05
4805,2.5728333009732415e-05,2.907528394534936e-05,2.740831641927064e-05,2.701595493960505e-05
4806,2.572310729320147e-05,2.906964896836714e-05,2.740240074180793e-05,2.7010892926307622e-05
4807,2.5717887829885725e-05,2.9063959387744632e-05,2.73964802646523e-05,2.7005836801047464e-05
4808,2.5712699288042704e-05,2.905832073804349e-05,2.7390580943049475e-05,2.700065236323792e-05
4809,2.570751680240174e-05,2.905265212004547e-05,2.7384672335274996e-05,2.69957047179223e-05
4810,2.5702380380731462e-05,2.904700395139609e-05,2.7378762276659652e-05,2.699059728310803e-05
4811,2.5697149779446737e-05,2.904135680939269e-05,2.7372873936261183e-05,2.6985610512624508e-05
4812,2.56919410941549e-05,2.903560229370609e-05,2.736698449485675e-05,2.6980501991055514e-05
4813,2.568683117525566e-05,2.9029960341185426e-05,2.7361197723339818e-05,2.6975470405989686e-05
4814,2.5681705885705655e-05,2.902432934450989e-05,2.7355331482915232e-05,2.6970445902708818e-05
4815,2.5676482745062016e-05,2.901865010023538e-05,2.734944583135759e-05,2.696542427067837e-05
4816,2.567133616916767e-05,2.9013037586768992e-05,2.734352683731616e-05,2.6960369458307043e-05
4817,2.5666165961785894e-05,2.900733959532797e-05,2.73377331639414e-05,2.69554405732187e-05
4818,2.566103835884183e-05,2.9001702782183586e-05,2.7331881427733383e-05,2.6950328600635425e-05
4819,2.565588966848189e-05,2.899607366157863e-05,2.7326027052144405e-05,2.6945436674558076e-05
4820,2.565073761718292e-05,2.8990417520990036e-05,2.732022137223241e-05,2.6940320571008655e-05
4821,2.5645551936076913e-05,2.8984908300806935e-05,2.731422674335988e-05,2.693525044986215e-05
4822,2.5640411086221428e-05,2.897918759810123e-05,2.7308501327778807e-05,2.6930291102081318e-05
4823,2.563526644687424e-05,2.8973615085551267e-05,2.730256611045231e-05,2.6925280712648368e-05
4824,2.5630079090720085e-05,2.8967890175062168e-05,2.7296725431115956e-05,2.692028334634701e-05
4825,2.562498504381595e-05,2.8962340531053623e-05,2.729096306887979e-05,2.6915264976921128e-05
4826,2.5619828820231546e-05,2.895675515622461e-05,2.728512113735543e-05,2.6910301000857727e-05
4827,2.5614828437120084e-05,2.895108579828523e-05,2.7279295178590163e-05,2.6905340910653132e-05
4828,2.560957489789444e-05,2.894533853846267e-05,2.727349201616301e-05,2.6900258655537543e-05
4829,2.5604509195910223e-05,2.8939888692246873e-05,2.7267679236493705e-05,2.689520977632123e-05
4830,2.559935605380715e-05,2.893421337625663e-05,2.7261837293108374e-05,2.689027121337402e-05
4831,2.5594267772075444e-05,2.892855688071588e-05,2.725600224026215e-05,2.6885319311174396e-05
4832,2.558913129993677e-05,2.8923095942788125e-05,2.725025855605066e-05,2.688033338761147e-05
4833,2.5584049382426382e-05,2.8917385331917112e-05,2.724439829131827e-05,2.6875365523560637e-05
4834,2.5578975540331504e-05,2.8911806728045225e-05,2.723860077817975e-05,2.687042013300382e-05
4835,2.5573902052943074e-05,2.8906198267194625e-05,2.7232757887664505e-05,2.686536124686765e-05
4836,2.5568761026249434e-05,2.8900615679869067e-05,2.7226994320978472e-05,2.686041901940548e-05
4837,2.5563627571286265e-05,2.889499673730918e-05,2.7221278484553627e-05,2.6855381786703183e-05
4838,2.5558487033933414e-05,2.8889512381138946e-05,2.7215510580338767e-05,2.6850527229868096e-05
4839,2.555337289396014e-05,2.888396860817793e-05,2.72097010509532e-05,2.6845486256315796e-05
4840,2.554839834978189e-05,2.887829170301466e-05,2.7203894836158273e-05,2.684051032592017e-05
4841,2.5543308524734385e-05,2.8872790170909333e-05,2.7198126173720417e-05,2.683559127860533e-05
4842,2.5538240617351193e-05,2.8867153747367387e-05,2.719234527190896e-05,2.6830687206487654e-05
4843,2.5533109152529765e-05,2.8861697670921286e-05,2.7186568628977723e-05,2.6825764372444234e-05
4844,2.5528004987114495e-05,2.8856126617270887e-05,2.718081628764531e-05,2.6820813352855316e-05
4845,2.5522988364586026e-05,2.8850456010402605e-05,2.7175038064697044e-05,2.68158412890284e-05
4846,2.551790263981318e-05,2.884501022259357e-05,2.7169342213671758e-05,2.6810879134343674e-05
4847,2.5512829782657884e-05,2.883945349480764e-05,2.716356594906928e-05,2.680590529683612e-05
4848,2.5507780029143902e-05,2.883392696407217e-05,2.715783288311284e-05,2.68009556348786e-05
4849,2.550272254573294e-05,2.882839891291877e-05,2.715204331375466e-05,2.679606824058218e-05
4850,2.549763919453031e-05,2.8822752550116783e-05,2.7146310019440743e-05,2.6791167341578282e-05
4851,2.549261264482702e-05,2.881724318785676e-05,2.7140570046031213e-05,2.678612899696003e-05
4852,2.5487580135632708e-05,2.8811667545331972e-05,2.7134831831816855e-05,2.6781335287775855e-05
4853,2.548256616392936e-05,2.8806183355825835e-05,2.7129080047219823e-05,2.677648067974696e-05
4854,2.5477441183770727e-05,2.8800677270456357e-05,2.71233376322651e-05,2.6771525158740843e-05
4855,2.5472429616656645e-05,2.879516664566346e-05,2.711765015641604e-05,2.676659414429768e-05
4856,2.546732873268716e-05,2.8789737298622232e-05,2.7111901787656205e-05,2.676159658588075e-05
4857,2.5462352026912724e-05,2.8784058475132672e-05,2.7106186909149763e-05,2.675676280548272e-05
4858,2.545732663290032e-05,2.877861172695946e-05,2.71004685732575e-05,2.6751901361699782e-05
4859,2.5452316119013862e-05,2.8773186003124934e-05,2.7094740822468964e-05,2.6746938287263194e-05
4860,2.5447297945495535e-05,2.8767614236899568e-05,2.7089017577701197e-05,2.674206174490229e-05
4861,2.544220210614409e-05,2.8762105921266058e-05,2.7083342118594042e-05,2.6737230751040768e-05
4862,2.543715267794297e-05,2.8756558394132518e-05,2.7077645464046945e-05,2.6732247898693293e-05
4863,2.543224089758676e-05,2.8751200591723038e-05,2.707190892891665e-05,2.672735740119764e-05
4864,2.542723004616736e-05,2.874561528142719e-05,2.7066243896539105e-05,2.672249871519141e-05
4865,2.5422137528050866e-05,2.874015312366327e-05,2.7060522016413682e-05,2.6717617423174445e-05
4866,2.5417223515320765e-05,2.8734551460935808e-05,2.705495186648457e-05,2.6712665805745224e-05
4867,2.5412192561532885e-05,2.8729188223763495e-05,2.7049160815221157e-05,2.670789291080709e-05
4868,2.540726247838458e-05,2.872367046451666e-05,2.7043532434035434e-05,2.6702976636328337e-05
4869,2.540218136807363e-05,2.8718189481433543e-05,2.703784170843526e-05,2.669813713555241e-05
4870,2.539721189767529e-05,2.871271712207655e-05,2.7032098793558032e-05,2.669324497318754e-05
4871,2.539225827349317e-05,2.8707251450592754e-05,2.702649160718475e-05,2.6688444553654047e-05
4872,2.5387210166594464e-05,2.870175270749359e-05,2.7020833202161825e-05,2.6683533926024973e-05
4873,2.53822333388357e-05,2.8696340479968297e-05,2.701514774444783e-05,2.6678686503958895e-05
4874,2.5377276236564504e-05,2.869082350950536e-05,2.700948022768202e-05,2.667382226304229e-05
4875,2.5372295048772954e-05,2.868548803622766e-05,2.7003877101402422e-05,2.666900385267912e-05
4876,2.5367281536600876e-05,2.8679985096927327e-05,2.6998166796470836e-05,2.666411209464612e-05
4877,2.536238548696781e-05,2.867458304283018e-05,2.699256047935511e-05,2.66592698664128e-05
4878,2.5357339007062956e-05,2.8669103683870273e-05,2.6986919921023114e-05,2.6654420089879477e-05
4879,2.5352389179692376e-05,2.866359491031689e-05,2.6981251601756388e-05,2.6649557003002185e-05
4880,2.534743523627617e-05,2.8658201577281877e-05,2.6975539317094064e-05,2.664476360104115e-05
4881,2.5342466119300176e-05,2.8652757207179855e-05,2.6969875798387065e-05,2.6639896204179096e-05
4882,2.5337536667531322e-05,2.86473404960762e-05,2.6964273840845658e-05,2.6635101409681886e-05
4883,2.5332525270804267e-05,2.864186467602081e-05,2.6958635342088176e-05,2.6630217964017235e-05
4884,2.5327657010581607e-05,2.8636459111476184e-05,2.6953059132498995e-05,2.662539034910355e-05
4885,2.532269092123549e-05,2.8631033765111584e-05,2.6947459238020307e-05,2.6620571102360684e-05
4886,2.5317739458585105e-05,2.8625578346993927e-05,2.6941774385322368e-05,2.6615778747021792e-05
4887,2.5312806417661764e-05,2.8620145727728167e-05,2.6936156318996875e-05,2.6611031527654988e-05
4888,2.5307880245657695e-05,2.8614869596936086e-05,2.6930537443589678e-05,2.6606147452897578e-05
4889,2.530290516096436e-05,2.8609426941968412e-05,2.6924942659303865e-05,2.6601400956346546e-05
4890,2.529796622203296e-05,2.860393209462659e-05,2.69193893769167e-05,2.659657839749388e-05
4891,2.5293011618095334e-05,2.8598562407375353e-05,2.6913749688286854e-05,2.6591734411311526e-05
4892,2.5288108858127532e-05,2.8593176471284572e-05,2.6908222802449386e-05,2.6586955678659594e-05
4893,2.5283161377213132e-05,2.8587794719313987e-05,2.690246762389806e-05,2.6582084301450556e-05
4894,2.5278186667029115e-05,2.8582414775589893e-05,2.6896947585257857e-05,2.6577328845656272e-05
4895,2.5273361114573736e-05,2.8577025775635997e-05,2.6891405357398466e-05,2.65725623230968e-05
4896,2.5268432684338773e-05,2.857160183887105e-05,2.6885758419189373e-05,2.65677373376443e-05
4897,2.52635343908271e-05,2.8566273110603987e-05,2.688015849065518e-05,2.656290340123621e-05
4898,2.525860444018248e-05,2.8560840435195956e-05,2.6874604171714723e-05,2.655820845633399e-05
4899,2.525373790831353e-05,2.8555506256017644e-05,2.6869062566010132e-05,2.6553462651742442e-05
4900,2.5248783766858566e-05,2.8550056478775222e-05,2.686345825270418e-05,2.6548623080263133e-05
4901,2.5243920514881027e-05,2.854472511512473e-05,2.6857891735009778e-05,2.654386220491745e-05
4902,2.5239017473877878e-05,2.8539345519853653e-05,2.685235461462491e-05,2.6539070589709748e-05
4903,2.5234142215686584e-05,2.8534008634649e-05,2.6846675111174504e-05,2.6534242859470297e-05
4904,2.5229278224602752e-05,2.852862925322262e-05,2.6841177445095943e-05,2.6529469259823046e-05
4905,2.522434838927051e-05,2.85233196180443e-05,2.6835641933450365e-05,2.652476301562747e-05
4906,2.521946741347732e-05,2.851794482128724e-05,2.683008335504483e-05,2.6519986654322434e-05
4907,2.521457991058475e-05,2.8512615012604087e-05,2.6824492331113783e-05,2.651528599294556e-05
4908,2.5209689230226964e-05,2.8507232999157057e-05,2.6818999464329044e-05,2.6510502445421442e-05
4909,2.5204821218675918e-05,2.850187484239524e-05,2.681343636659926e-05,2.650568091361934e-05
4910,2.5199944176650767e-05,2.8496540472410532e-05,2.6807957760328995e-05,2.650094430309353e-05
4911,2.5195088790071573e-05,2.8491194357725557e-05,2.680240237074261e-05,2.649626813477957e-05
4912,2.5190192321531596e-05,2.8485809329942032e-05,2.6796881599356972e-05,2.6491482962933515e-05
4913,2.518530994789372e-05,2.84804833908981e-05,2.6791346810895833e-05,2.648674580705611e-05
4914,2.518043441575742e-05,2.8475282791927836e-05,2.6785788163797125e-05,2.6482067843205478e-05
4915,2.5175598697891016e-05,2.8469865293535938e-05,2.6780250896584454e-05,2.647728983107635e-05
4916,2.5170772162924077e-05,2.846452012394396e-05,2.6774749947680438e-05,2.647261882659165e-05
4917,2.5165937339743763e-05,2.845920161146318e-05,2.6769221487109568e-05,2.646781068706219e-05
4918,2.5161098966994256e-05,2.8453940773583164e-05,2.6763666777898358e-05,2.646310012841154e-05
4919,2.515622145566539e-05,2.8448631945459394e-05,2.6758227489087426e-05,2.6458308924405852e-05
4920,2.5151386861199807e-05,2.8443317602094843e-05,2.6752651032098366e-05,2.64536116165636e-05
4921,2.5146547851833336e-05,2.843799076106157e-05,2.67471576996074e-05,2.64489153037718e-05
4922,2.514175353569743e-05,2.8432670490029923e-05,2.6741679922967568e-05,2.6444225559370975e-05
4923,2.5136876130265e-05,2.842737720291508e-05,2.673621635333319e-05,2.6439479354132982e-05
4924,2.5132030300023994e-05,2.842206862616103e-05,2.67307015169835e-05,2.6434737113268292e-05
4925,2.5127241207686832e-05,2.8416777878831864e-05,2.6725181605431867e-05,2.6430092988641553e-05
4926,2.5122407798767646e-05,2.841146033058648e-05,2.67197215817701e-05,2.6425353706744736e-05
4927,2.5117574338411296e-05,2.8406222651644096e-05,2.6714214247074006e-05,2.6420696615619194e-05
4928,2.5112753947574937e-05,2.8400893773757986e-05,2.6708730995655638e-05,2.6415944036914112e-05
4929,2.5107968153833895e-05,2.839564993841982e-05,2.6703341576281283e-05,2.6411216843422658e-05
4930,2.5103168032425437e-05,2.8390353247748097e-05,2.6697754011962153e-05,2.6406612091929124e-05
4931,2.509832737041754e-05,2.838507618993801e-05,2.6692344551422713e-05,2.6401932296924936e-05
4932,2.5093485472171322e-05,2.8379822098845762e-05,2.6686790864801367e-05,2.6397185489504376e-05
4933,2.5088733377718753e-05,2.837463570570731e-05,2.668141533211519e-05,2.6392521768705337e-05
4934,2.508390958472416e-05,2.8369307786816127e-05,2.6675979952306457e-05,2.6387843340727134e-05
4935,2.5079135538115546e-05,2.836403449082325e-05,2.6670486209402763e-05,2.6383135069059552e-05
4936,2.5074258187447686e-05,2.8358753283451463e-05,2.6665040593044408e-05,2.637848679986618e-05
4937,2.5069519342055692e-05,2.8353489156491518e-05,2.6659586034942423e-05,2.6373842800786398e-05
4938,2.5064762855007058e-05,2.8348272186922656e-05,2.6654084842155927e-05,2.636917099197184e-05
4939,2.505994775979146e-05,2.8342983508033384e-05,2.6648755012604574e-05,2.6364476630116777e-05
4940,2.5055184499092338e-05,2.8337791078957596e-05,2.6643227708792735e-05,2.635982039485689e-05
4941,2.5050379444759195e-05,2.833253946263948e-05,2.6637827953995317e-05,2.635515807009706e-05
4942,2.504563506751926e-05,2.83272961976399e-05,2.6632352357206646e-05,2.6350524015271794e-05
4943,2.504083891208198e-05,2.8322002586261925e-05,2.662694244991267e-05,2.6345839764165675e-05
4944,2.5036038818571854e-05,2.8316773246944818e-05,2.6621554101598177e-05,2.6341138577037473e-05
4945,2.5031330467745672e-05,2.831156381584227e-05,2.661606549440005e-05,2.6336542253325873e-05
4946,2.502654139790575e-05,2.8306357943277648e-05,2.6610656669985682e-05,2.6331928030468068e-05
4947,2.5021767847264138e-05,2.8301157272960896e-05,2.6605288976116863e-05,2.6327243138913144e-05
4948,2.5017020975569454e-05,2.8295881013973915e-05,2.6599846030483345e-05,2.6322626817502484e-05
4949,2.501222675753189e-05,2.8290679501781223e-05,2.659437504486088e-05,2.6317975070354895e-05
4950,2.500753059884512e-05,2.828547935125789e-05,2.6589021437243462e-05,2.6313313594501156e-05
4951,2.5002733145427995e-05,2.8280260924292176e-05,2.6583565457698348e-05,2.630864896480056e-05
4952,2.4998005744421015e-05,2.8275061348900304e-05,2.657816109013097e-05,2.6304100463962176e-05
4953,2.4993228799651933e-05,2.8269900576838506e-05,2.657278283437854e-05,2.6299445078709877e-05
4954,2.4988479033143887e-05,2.826459713989323e-05,2.6567394534965124e-05,2.6294812806000148e-05
4955,2.4983806629471602e-05,2.8259422672630103e-05,2.6562033363225042e-05,2.6290171600939148e-05
4956,2.4979084755988153e-05,2.8254227849794778e-05,2.6556641986876106e-05,2.628555640915318e-05
4957,2.4974310112603984e-05,2.8249018928257203e-05,2.6551230706827513e-05,2.6280989814173525e-05
4958,2.4969571148337796e-05,2.8243831426371642e-05,2.654585149459997e-05,2.627639803100503e-05
4959,2.4964864260449536e-05,2.8238711453986706e-05,2.6540457350352536e-05,2.6271766915975824e-05
4960,2.4960097664446085e-05,2.8233481617266083e-05,2.6535062048961166e-05,2.6267138734968996e-05
4961,2.4955362092503954e-05,2.8228296230292837e-05,2.6529683393761756e-05,2.626257697926752e-05
4962,2.4950706417849316e-05,2.8223154728347658e-05,2.6524337582144603e-05,2.625791962426857e-05
4963,2.4945923972945924e-05,2.82179228190826e-05,2.6518992498983426e-05,2.6253310677063473e-05
4964,2.4941230271893764e-05,2.8212808660155626e-05,2.651358989004302e-05,2.6248741906279345e-05
4965,2.4936502569898596e-05,2.8207546890997575e-05,2.6508219312861025e-05,2.624412885969712e-05
4966,2.4931797275815184e-05,2.8202501115160742e-05,2.6502885680245325e-05,2.6239563767688665e-05
4967,2.492711897687558e-05,2.819728032827665e-05,2.6497492804121262e-05,2.6234912599891767e-05
4968,2.4922433730369108e-05,2.819209218659702e-05,2.6492149197681926e-05,2.623036814679033e-05
4969,2.491774050103626e-05,2.8186920287170367e-05,2.648679939651485e-05,2.622578102004595e-05
4970,2.491302053852497e-05,2.818186565119369e-05,2.6481494785654254e-05,2.6221220429249115e-05
4971,2.4908361229903766e-05,2.8176652982630324e-05,2.6476131990605927e-05,2.6216613726933533e-05
4972,2.490366215666674e-05,2.8171518641249246e-05,2.64708091498309e-05,2.6212025119709358e-05
4973,2.4898941824811694e-05,2.8166366199391077e-05,2.6465424843237997e-05,2.6207494783223326e-05
4974,2.4894245382239707e-05,2.8161205114726155e-05,2.646009712577412e-05,2.6202879261341772e-05
4975,2.4889607350604405e-05,2.815605005506353e-05,2.6454793677382206e-05,2.619831036743297e-05
4976,2.4884881559868383e-05,2.8150903792343608e-05,2.6449473419941572e-05,2.619373921012027e-05
4977,2.4880229162342252e-05,2.8145830675005993e-05,2.6444162268480855e-05,2.6189205401646195e-05
4978,2.487555823166715e-05,2.8140707328850383e-05,2.6438810645914494e-05,2.6184652273561436e-05
4979,2.4870902194321814e-05,2.8135586459924806e-05,2.643354308608628e-05,2.6180098079429174e-05
4980,2.4866197423132176e-05,2.8130428317400156e-05,2.6428217492292407e-05,2.6175500758006464e-05
4981,2.4861595609033568e-05,2.8125388254495393e-05,2.64228784793778e-05,2.6171004904412587e-05
4982,2.4856925115555234e-05,2.812019479160606e-05,2.641758791966853e-05,2.6166453215899278e-05
4983,2.4852220045562275e-05,2.8115063661887713e-05,2.6412327041418388e-05,2.6161955778220507e-05
4984,2.484758618779634e-05,2.8109994969841615e-05,2.640698184008014e-05,2.615731710707891e-05
4985,2.4842913633767847e-05,2.810490487820432e-05,2.6401725440687553e-05,2.615279884597888e-05
4986,2.4838252298605834e-05,2.809974903197443e-05,2.639638117857069e-05,2.614834218093623e-05
4987,2.4833628100574275e-05,2.8094686744058182e-05,2.6391055837337204e-05,2.6143717121499167e-05
4988,2.4828984470683143e-05,2.8089606117863882e-05,2.6385836727179675e-05,2.613924533991588e-05
4989,2.482436069827573e-05,2.808449544674794e-05,2.638053936355817e-05,2.6134668538958806e-05
4990,2.481971569962926e-05,2.8079358092208734e-05,2.6375237993642623e-05,2.613015641022472e-05
4991,2.481503550809465e-05,2.8074287838717324e-05,2.6369988913715545e-05,2.6125654057343562e-05
4992,2.4810403304327944e-05,2.8069245096337545e-05,2.636469400346443e-05,2.612114862127882e-05
4993,2.4805788507428775e-05,2.806409891158576e-05,2.6359388655497057e-05,2.6116577529957477e-05
4994,2.480118237780628e-05,2.805904895903442e-05,2.6354127524552308e-05,2.611209367833684e-05
4995,2.4796513107776734e-05,2.8053932740872092e-05,2.634884558079629e-05,2.6107542416037303e-05
4996,2.479194992831197e-05,2.8048915835073722e-05,2.6343603190780366e-05,2.6103058357870962e-05
4997,2.478727711225492e-05,2.804382731659558e-05,2.633835389256717e-05,2.6098553269975678e-05
4998,2.478266186187942e-05,2.8038796805382913e-05,2.6333110833337517e-05,2.6094032737995265e-05
4999,2.4778076959899356e-05,2.803368006821103e-05,2.6327868233319913e-05,2.60895594781572e-05
5000,2.4773440353631666e-05,2.8028622290973803e-05,2.6322582060225494e-05,2.6085058101437112e-05
5001,2.4768863411052e-05,2.80235801290606e-05,2.6317376085384053e-05,2.6080562062708656e-05
5002,2.4764244516370495e-05,2.8018502258438302e-05,2.6312159222005262e-05,2.6076053108643614e-05
5003,2.4759673685724937e-05,2.8013466672625823e-05,2.6306898461457585e-05,2.607156868519081e-05
5004,2.4755041132805437e-05,2.8008386446035532e-05,2.630166887803256e-05,2.6067157998664092e-05
5005,2.4750511811364515e-05,2.8003342625520298e-05,2.6296448147101734e-05,2.606264286410089e-05
5006,2.4745835410002597e-05,2.7998339632260573e-05,2.629117549700021e-05,2.6058121641652277e-05
5007,2.474124784744266e-05,2.799325060128129e-05,2.628589468579748e-05,2.6053625440494747e-05
5008,2.4736688083432868e-05,2.798826350889086e-05,2.6280705140031654e-05,2.6049197913518914e-05
5009,2.473208471660673e-05,2.7983205383745075e-05,2.6275487379193385e-05,2.604471527936267e-05
5010,2.4727522435541167e-05,2.7978120893868056e-05,2.6270303404558934e-05,2.604023756248917e-05
5011,2.4722916438704097e-05,2.797313532083266e-05,2.6265053970251736e-05,2.6035781502584198e-05
5012,2.4718380729759473e-05,2.7968075569657154e-05,2.6259844336487e-05,2.603131102725251e-05
5013,2.471377114165327e-05,2.796311429962131e-05,2.6254623262380372e-05,2.6026838162310554e-05
5014,2.4709186227670427e-05,2.795809550008315e-05,2.624941289311541e-05,2.6022352336672803e-05
5015,2.470461880132029e-05,2.795305619762146e-05,2.624414665721091e-05,2.601794427703081e-05
5016,2.4700088069600014e-05,2.7948121984316895e-05,2.6239004761595426e-05,2.6013461672103013e-05
5017,2.4695493317592115e-05,2.7943053523176607e-05,2.6233824668435022e-05,2.6008999702998113e-05
5018,2.4690979143675847e-05,2.7938011376313214e-05,2.622864329290556e-05,2.6004558030898285e-05
5019,2.468639306601117e-05,2.793305058997023e-05,2.622338908204994e-05,2.600015066651183e-05
5020,2.4681829386113597e-05,2.7927992564153015e-05,2.6218208073120818e-05,2.5995673317763074e-05
5021,2.467728126250616e-05,2.79230409237295e-05,2.6213045988390682e-05,2.5991242694103233e-05
5022,2.4672746695760294e-05,2.7918042146369036e-05,2.6207887873098646e-05,2.5986818975877137e-05
5023,2.466817853546733e-05,2.7913011420787505e-05,2.6202679686825886e-05,2.5982398181849214e-05
5024,2.466366996458205e-05,2.790805321973829e-05,2.619754103148339e-05,2.5977923399013183e-05
5025,2.465909558282999e-05,2.7903047305331246e-05,2.6192309732212408e-05,2.597350529237826e-05
5026,2.4654558313236383e-05,2.789807571590142e-05,2.6187157853617664e-05,2.5969081763786766e-05
5027,2.465004063526288e-05,2.7893137872850247e-05,2.6182015614877407e-05,2.5964619038317288e-05
5028,2.4645515221691484e-05,2.7888128826071197e-05,2.6176861849079647e-05,2.5960233911534658e-05
5029,2.4640977248242653e-05,2.7883139776084316e-05,2.617169020214246e-05,2.5955794362060225e-05
5030,2.463642143311213e-05,2.7878164976421538e-05,2.6166534953989028e-05,2.5951376787989826e-05
5031,2.4631907749406257e-05,2.7873196855287614e-05,2.6161359217222827e-05,2.5946936939778673e-05
5032,2.462735370867479e-05,2.786827881397474e-05,2.6156214381362856e-05,2.5942556465729995e-05
5033,2.4622881932072564e-05,2.786324267544125e-05,2.6151057837844757e-05,2.5938152141458494e-05
5034,2.4618345256009177e-05,2.785828637900625e-05,2.6145928683929648e-05,2.593371121780759e-05
5035,2.461384190608682e-05,2.7853327061318064e-05,2.6140760843279977e-05,2.5929298211710143e-05
5036,2.4609319018991584e-05,2.784839578780528e-05,2.613566503587574e-05,2.592493427918706e-05
5037,2.460482801333043e-05,2.784340748442994e-05,2.61305146669379e-05,2.5920543432732227e-05
5038,2.460033640142866e-05,2.783853066802472e-05,2.612533652549494e-05,2.59161602701242e-05
5039,2.4595825919956064e-05,2.7833556090950864e-05,2.6120259235069735e-05,2.5911776935129692e-05
5040,2.459132887146774e-05,2.7828596678575566e-05,2.6115090132871452e-05,2.5907342168433115e-05
5041,2.4586831180183482e-05,2.7823694506836902e-05,2.6109981887338492e-05,2.5903007208361023e-05
5042,2.4582307643251615e-05,2.7818736043508366e-05,2.6104850293930253e-05,2.5898569072032944e-05
5043,2.457782514551516e-05,2.7813791460646525e-05,2.6099752591934514e-05,2.589420107739268e-05
5044,2.4573348473175026e-05,2.780889177221678e-05,2.6094657983848513e-05,2.5889868392757035e-05
5045,2.4568863864921294e-05,2.7803914633497532e-05,2.608948748031344e-05,2.5885431799961e-05
5046,2.4564359386015434e-05,2.779901825909249e-05,2.608440916804109e-05,2.588109810525209e-05
5047,2.4559904177194572e-05,2.7794077256161766e-05,2.6079297469954135e-05,2.58767092365296e-05
5048,2.4555399615866288e-05,2.7789129211976633e-05,2.6074201867128683e-05,2.5872349460397637e-05
5049,2.4550937587410986e-05,2.7784195069941788e-05,2.6069100565186015e-05,2.5867955631000925e-05
5050,2.4546455338683362e-05,2.7779297533425567e-05,2.606400621002915e-05,2.586359814456752e-05
5051,2.454194963187832e-05,2.7774454461809587e-05,2.6058889273811744e-05,2.5859230383056004e-05
5052,2.4537524834306412e-05,2.776954903371416e-05,2.6053837014778417e-05,2.5854836004919907e-05
5053,2.4533073808581104e-05,2.7764628592798934e-05,2.604872955661629e-05,2.5850501569237842e-05
5054,2.4528601300100575e-05,2.7759694388809083e-05,2.604367778281029e-05,2.584614246251447e-05
5055,2.4524127540548392e-05,2.775482093430454e-05,2.603857753848541e-05,2.5841803836771233e-05
5056,2.4519670997555455e-05,2.7749892448890482e-05,2.603350735602203e-05,2.5837443283591735e-05
5057,2.4515229259078628e-05,2.7745032038806317e-05,2.602840452816664e-05,2.583310343309598e-05
5058,2.451080779671058e-05,2.774012901474889e-05,2.6023361198760088e-05,2.5828798300209802e-05
5059,2.450633637695572e-05,2.7735219475665904e-05,2.601826542738338e-05,2.5824412109826403e-05
5060,2.450188836523264e-05,2.7730355795314794e-05,2.601316434003018e-05,2.5820086870249804e-05
5061,2.4497456531337578e-05,2.7725480773179703e-05,2.6008128225930022e-05,2.581570801527185e-05
5062,2.4493009898262298e-05,2.7720585871188717e-05,2.6003109531781413e-05,2.5811428316591556e-05
5063,2.448859052725163e-05,2.7715700418526694e-05,2.599801437395588e-05,2.5807101279810316e-05
5064,2.448413894557795e-05,2.771090117222409e-05,2.5992996925523712e-05,2.5802800112858917e-05
5065,2.4479698232179866e-05,2.7705961461092443e-05,2.5987900499444035e-05,2.5798430628764258e-05
5066,2.4475253721330423e-05,2.7701141454894142e-05,2.5982867611202554e-05,2.5794104378459452e-05
5067,2.447083419468414e-05,2.7696222437901124e-05,2.5977833918889775e-05,2.5789786877482443e-05
5068,2.4466414536410856e-05,2.7691367554583086e-05,2.597276660023047e-05,2.578548403127656e-05
5069,2.446201475947817e-05,2.768654737890603e-05,2.5967746118477027e-05,2.57811486705328e-05
5070,2.4457595626883888e-05,2.7681673915541496e-05,2.596269201083218e-05,2.577684306058503e-05
5071,2.4453177892540374e-05,2.7676797979163037e-05,2.5957640703790172e-05,2.577249696286743e-05
5072,2.4448759055925733e-05,2.7671979710901737e-05,2.5952616374328688e-05,2.576822770206942e-05
5073,2.4444339678066055e-05,2.766711510329648e-05,2.5947607901303027e-05,2.576390853116305e-05
5074,2.44399364264164e-05,2.766230904850856e-05,2.594257543107954e-05,2.575962635114595e-05
5075,2.443554653786989e-05,2.7657472973652227e-05,2.593756006386177e-05,2.5755317299418744e-05
5076,2.443112099144936e-05,2.7652607662179424e-05,2.5932532605453134e-05,2.5751037122253545e-05
5077,2.4426718156425373e-05,2.764781621008416e-05,2.592752976691989e-05,2.5746742662364637e-05
5078,2.4422353112360862e-05,2.7642934962377685e-05,2.5922557660529324e-05,2.5742439186388617e-05
5079,2.441796451736026e-05,2.7638113236039555e-05,2.5917538568717736e-05,2.5738139665988247e-05
5080,2.441352616262465e-05,2.7633287980176138e-05,2.5912472174339994e-05,2.573387673634449e-05
5081,2.440915018573047e-05,2.7628444184364915e-05,2.5907453240047383e-05,2.572960569074093e-05
5082,2.440476281062755e-05,2.7623629246358046e-05,2.590244420787067e-05,2.5725317360828113e-05
5083,2.440037339577161e-05,2.7618804469348764e-05,2.589745803284834e-05,2.5721052075715566e-05
5084,2.4396006031596827e-05,2.7614000779381263e-05,2.5892515679946836e-05,2.571676174622603e-05
5085,2.439163668715129e-05,2.7609166162453947e-05,2.5887468306711767e-05,2.5712491948540783e-05
5086,2.4387237221473522e-05,2.7604355288880044e-05,2.588249888430708e-05,2.5708216153322575e-05
5087,2.438287082443556e-05,2.7599561828320332e-05,2.587754543336557e-05,2.5703921343969777e-05
5088,2.437852340891594e-05,2.7594734441893295e-05,2.5872553526192434e-05,2.5699716058382706e-05
5089,2.437415432087205e-05,2.7589997309035092e-05,2.5867541928734508e-05,2.5695425544283422e-05
5090,2.4369775769212175e-05,2.7585159677251372e-05,2.5862590789024748e-05,2.569119550091223e-05
5091,2.436541116194343e-05,2.758035760122784e-05,2.585760318350795e-05,2.568685411613301e-05
5092,2.4361044642018363e-05,2.757557911021017e-05,2.5852641615963212e-05,2.568263579913583e-05
5093,2.4356703937939195e-05,2.7570782414127165e-05,2.5847665977725676e-05,2.5678407118537823e-05
5094,2.4352347549562693e-05,2.756601272896272e-05,2.5842714120023844e-05,2.56741318898839e-05
5095,2.434800296824355e-05,2.7561204350384415e-05,2.583776002080217e-05,2.5669902439353098e-05
5096,2.4343660707375994e-05,2.7556422510095925e-05,2.5832763136725378e-05,2.56656189368641e-05
5097,2.4339288897395866e-05,2.7551680062028705e-05,2.582782083753649e-05,2.566137912860884e-05
5098,2.4334928599963045e-05,2.7546874957609525e-05,2.5822841826036117e-05,2.565715172569313e-05
5099,2.4330591557439277e-05,2.7542096427429635e-05,2.58179102245298e-05,2.5652897223689677e-05
5100,2.4326271654950478e-05,2.7537320530364167e-05,2.58129538937849e-05,2.564870764792651e-05
5101,2.432193797159161e-05,2.7532572658119282e-05,2.580803473685579e-05,2.5644405043128402e-05
5102,2.431761132670036e-05,2.7527831499899197e-05,2.5803071155737488e-05,2.5640205678212924e-05
5103,2.431327248844335e-05,2.752306965167169e-05,2.5798133166442123e-05,2.5635979287883045e-05
5104,2.4308942365080828e-05,2.75183287178699e-05,2.5793206843293316e-05,2.5631782330643222e-05
5105,2.4304609237863622e-05,2.751353126066996e-05,2.5788282009023604e-05,2.56275499800788e-05
5106,2.430028477162464e-05,2.7508758839404564e-05,2.5783323618157598e-05,2.562333330586082e-05
5107,2.4295981733912863e-05,2.750402276385346e-05,2.5778404835649873e-05,2.561909678679324e-05
5108,2.429165983038715e-05,2.7499242008174096e-05,2.5773459290678097e-05,2.561490674336751e-05
5109,2.428733105647243e-05,2.749451973404077e-05,2.5768536405378856e-05,2.5610690031000306e-05
5110,2.4283017641218104e-05,2.748978490335523e-05,2.5763628863622906e-05,2.5606476204451667e-05
5111,2.42787265572938e-05,2.7485061323357432e-05,2.5758703880170414e-05,2.5602271538099704e-05
5112,2.427441088108004e-05,2.7480328869828916e-05,2.5753784665856964e-05,2.559807178845531e-05
5113,2.427008579890634e-05,2.7475613918345678e-05,2.5748879550995585e-05,2.5593871358743593e-05
5114,2.4265799138794498e-05,2.747084284652858e-05,2.57439665704545e-05,2.5589634676354876e-05
5115,2.4261493410586176e-05,2.746613737377223e-05,2.5739098803144606e-05,2.5585460959476576e-05
5116,2.4257212003389373e-05,2.746139584249051e-05,2.5734150449357424e-05,2.5581254711112385e-05
5117,2.425292921472034e-05,2.7456674249899388e-05,2.5729271150061582e-05,2.5577067154655303e-05
5118,2.4248607480857727e-05,2.7451983584695013e-05,2.5724373638654775e-05,2.5572829918500684e-05
5119,2.4244320587749676e-05,2.7447289201809476e-05,2.571948135417672e-05,2.5568689591234396e-05
5120,2.4240040320550333e-05,2.744251698824934e-05,2.571458741048901e-05,2.5564507489850193e-05
5121,2.4235795389332432e-05,2.743780660288864e-05,2.570972068494815e-05,2.556034262900117e-05
5122,2.423145628624288e-05,2.7433126558274978e-05,2.5704845583313794e-05,2.555614630218322e-05
5123,2.422720961061439e-05,2.742841380617455e-05,2.5699920933267443e-05,2.5551971631171303e-05
5124,2.422293252003369e-05,2.7423680573201244e-05,2.569506194979725e-05,2.5547782030168912e-05
5125,2.421863058241062e-05,2.7419022123444508e-05,2.5690182690471227e-05,2.5543609462724153e-05
5126,2.4214365247736565e-05,2.7414286876056685e-05,2.5685298456698973e-05,2.5539463218506945e-05
5127,2.4210116851209983e-05,2.7409592274989074e-05,2.5680444591748997e-05,2.5535317044389584e-05
5128,2.4205838256697765e-05,2.7404902199931815e-05,2.5675572015741415e-05,2.553112137520479e-05
5129,2.420157465349144e-05,2.7400231231878268e-05,2.5670705370538085e-05,2.5526932249294877e-05
5130,2.4197306683608805e-05,2.739554154621307e-05,2.5665839917616366e-05,2.5522785297722216e-05
5131,2.419303667690787e-05,2.7390827594859193e-05,2.5660982509172502e-05,2.551864593449412e-05
5132,2.4188812190136837e-05,2.738619609739441e-05,2.565614115209202e-05,2.55144794676825e-05
5133,2.418454946656578e-05,2.7381480621056043e-05,2.5651281284500712e-05,2.551037285394958e-05
5134,2.418030483223031e-05,2.737680419376466e-05,2.564644706148084e-05,2.5506217196324283e-05
5135,2.4176068795715432e-05,2.7372154756218726e-05,2.5641568437003923e-05,2.5502046837405496e-05
5136,2.417181728722327e-05,2.7367493482202354e-05,2.5636733669362706e-05,2.5497907152146932e-05
5137,2.416758491707093e-05,2.7362836607666478e-05,2.5631890823853227e-05,2.549374218885567e-05
5138,2.4163324082373587e-05,2.735814558842971e-05,2.562704134059393e-05,2.548961232269644e-05
5139,2.415909527233153e-05,2.7353450544819586e-05,2.5622190757461174e-05,2.5485487469158423e-05
5140,2.4154853219110994e-05,2.7348815558428662e-05,2.5617396980035994e-05,2.5481337460057865e-05
5141,2.415059673975035e-05,2.7344185470296176e-05,2.5612539566466178e-05,2.5477201862765744e-05
5142,2.414638848653554e-05,2.73395211803534e-05,2.5607742946296535e-05,2.5473071630963312e-05
5143,2.4142161177185385e-05,2.733487558916359e-05,2.5602889245540765e-05,2.5468977971495657e-05
5144,2.413792847065466e-05,2.7330238965778837e-05,2.559805985970337e-05,2.5464822601153937e-05
5145,2.4133716271545952e-05,2.7325576781719405e-05,2.5593261266543838e-05,2.546072452535809e-05
5146,2.412947201495764e-05,2.732091408622018e-05,2.5588432897858236e-05,2.5456597743062677e-05
5147,2.4125274092522208e-05,2.7316269319972063e-05,2.558361812782013e-05,2.545245970553697e-05
5148,2.412106750221028e-05,2.7311653008154846e-05,2.557880556230647e-05,2.5448348994120333e-05
5149,2.41168412072625e-05,2.730706803802323e-05,2.5574011886704216e-05,2.5444261119553408e-05
5150,2.411263369113799e-05,2.7302383351345338e-05,2.5569189188715592e-05,2.544012595593973e-05
5151,2.410842652894766e-05,2.7297754019361315e-05,2.5564401935381036e-05,2.5436021900255133e-05
5152,2.4104236472944665e-05,2.7293111278488324e-05,2.5559576567117814e-05,2.5431920983621063e-05
5153,2.4100032347692545e-05,2.7288535630523994e-05,2.5554800572351053e-05,2.542781832225773e-05
5154,2.4095829071430827e-05,2.7283915249885506e-05,2.554999054097018e-05,2.5423729937649316e-05
5155,2.4091627161786243e-05,2.7279252303152984e-05,2.554520691277034e-05,2.5419600506320114e-05
5156,2.4087419470591113e-05,2.7274653783913705e-05,2.5540404385568433e-05,2.541553170992547e-05
5157,2.4083247700901263e-05,2.727004899380713e-05,2.553564606555669e-05,2.5411448198835977e-05
5158,2.4079084109260095e-05,2.7265434809564375e-05,2.5530851042979318e-05,2.540734581219996e-05
5159,2.4074867371764714e-05,2.726083494230703e-05,2.552605035067723e-05,2.540326036515862e-05
5160,2.4070680111931103e-05,2.725620356440933e-05,2.552129191259242e-05,2.5399146231907258e-05
5161,2.4066506840785057e-05,2.7251615792634048e-05,2.5516516057099625e-05,2.539509347416875e-05
5162,2.4062309747094677e-05,2.7247044152810912e-05,2.5511761075543665e-05,2.5391013830535202e-05
5163,2.4058166903301983e-05,2.724243027445983e-05,2.5506971443704202e-05,2.5386968140403787e-05
5164,2.405398825787498e-05,2.72378290351585e-05,2.5502192272222348e-05,2.5382847400810596e-05
5165,2.4049806913048738e-05,2.7233270756119383e-05,2.5497458709490768e-05,2.5378777273315423e-05
5166,2.4045619854441793e-05,2.722866700791485e-05,2.5492711608567386e-05,2.537472989628756e-05
5167,2.4041475307857074e-05,2.7224097264008566e-05,2.5487942076602684e-05,2.5370630758544387e-05
5168,2.4037293329390732e-05,2.721949344682906e-05,2.548319049275465e-05,2.5366554131399777e-05
5169,2.403315129412673e-05,2.7214923818460743e-05,2.5478419464142944e-05,2.5362516475596085e-05
5170,2.4028991546027635e-05,2.7210329328326076e-05,2.5473672463843976e-05,2.5358413754483867e-05
5171,2.4024849213789427e-05,2.720579119204884e-05,2.5468927308778112e-05,2.5354424092771302e-05
5172,2.4020695037643196e-05,2.7201180011230435e-05,2.5464175117929393e-05,2.5350323415208767e-05
5173,2.4016547560135066e-05,2.7196638617705692e-05,2.545942704042072e-05,2.534628270006678e-05
5174,2.4012361977842923e-05,2.7192087473554912e-05,2.5454721573309855e-05,2.534221611636339e-05
5175,2.400823734101545e-05,2.71874963649376e-05,2.544996790906992e-05,2.533816099194855e-05
5176,2.4004078715836898e-05,2.718293555485584e-05,2.5445243300243648e-05,2.5334167817059147e-05
5177,2.3999944761598864e-05,2.7178358962878556e-05,2.5440511975232957e-05,2.5330089512630743e-05
5178,2.3995803490002373e-05,2.717382918673576e-05,2.5435782039377707e-05,2.532606195087363e-05
5179,2.3991658997079363e-05,2.7169267888967713e-05,2.543105168189747e-05,2.5322009699260918e-05
5180,2.398755095031093e-05,2.7164727862852055e-05,2.5426320689917692e-05,2.5317981466687827e-05
5181,2.398340764718799e-05,2.7160163220456293e-05,2.542161168183097e-05,2.5313938422505396e-05
5182,2.397926111303602e-05,2.715559705092178e-05,2.541692054978331e-05,2.530992315225496e-05
5183,2.3975157938934975e-05,2.71510804697809e-05,2.54121896688179e-05,2.530588129634134e-05
5184,2.397101990276341e-05,2.7146542680998308e-05,2.540747672044812e-05,2.530185774525115e-05
5185,2.3966907546969616e-05,2.7142041213697198e-05,2.5402763794501016e-05,2.529782530287972e-05
5186,2.396278803168298e-05,2.713747836802799e-05,2.539806218499404e-05,2.529378264109882e-05
5187,2.395866897485007e-05,2.7132960697365783e-05,2.5393355683006823e-05,2.528976876347445e-05
5188,2.3954557370355864e-05,2.712842283012653e-05,2.5388665532087477e-05,2.5285753289190312e-05
5189,2.3950453389398114e-05,2.7123880192859985e-05,2.538397596789527e-05,2.528175127449127e-05
5190,2.3946339973672296e-05,2.7119367839080266e-05,2.537924754588145e-05,2.5277749159339245e-05
5191,2.3942232513443702e-05,2.7114862748384593e-05,2.5374569576520705e-05,2.5273722945892977e-05
5192,2.3938122748035437e-05,2.7110337201771046e-05,2.536990140803978e-05,2.5269697468339477e-05
5193,2.3934023265298618e-05,2.710580545612831e-05,2.5365216328531215e-05,2.526570573579705e-05
5194,2.3929936722924163e-05,2.7101290948351403e-05,2.5360532471429322e-05,2.5261697646776524e-05
5195,2.392583039583787e-05,2.7096765740540542e-05,2.5355848408507958e-05,2.5257706921384175e-05
5196,2.39217312229365e-05,2.7092267098463993e-05,2.5351164500216412e-05,2.525369440894706e-05
5197,2.391765053474422e-05,2.7087794479003178e-05,2.5346492249097475e-05,2.5249728304900222e-05
5198,2.3913584849430637e-05,2.708326472056856e-05,2.5341824427597008e-05,2.5245738245538804e-05
5199,2.390945395062775e-05,2.7078771068947235e-05,2.533715515782673e-05,2.5241720653902036e-05
5200,2.390540125903504e-05,2.7074268386309635e-05,2.5332492389451817e-05,2.5237729467901888e-05
5201,2.3901325079177658e-05,2.7069796395330018e-05,2.5327833329704995e-05,2.52337240705895e-05
5202,2.389723093098247e-05,2.7065299898779126e-05,2.5323146660363285e-05,2.5229758409595635e-05
5203,2.3893159298838985e-05,2.706079151718166e-05,2.531850256275717e-05,2.5225790082340602e-05
5204,2.388906961352172e-05,2.7056327259232585e-05,2.5313856821757306e-05,2.522181195100206e-05
5205,2.388501335677043e-05,2.7051826767028668e-05,2.5309169625827373e-05,2.5217827032729768e-05
5206,2.3880956445581777e-05,2.704737867469238e-05,2.5304545115771336e-05,2.5213868341660248e-05
5207,2.3876885238043892e-05,2.7042862705774602e-05,2.5299890694338285e-05,2.5209872364244605e-05
5208,2.3872797360834848e-05,2.703840990151556e-05,2.5295237488766846e-05,2.520592600952642e-05
5209,2.3868739079328936e-05,2.7033932599694366e-05,2.5290587872969177e-05,2.5201951246523135e-05
5210,2.3864707987296234e-05,2.702945038728158e-05,2.5285981268172233e-05,2.51979812098102e-05
5211,2.386062521664055e-05,2.702498750754851e-05,2.5281340522821143e-05,2.519401425020638e-05
5212,2.3856567102898173e-05,2.702051254484773e-05,2.5276690361912656e-05,2.5190056976803237e-05
5213,2.3852519124775493e-05,2.7016090902691414e-05,2.5272082706010194e-05,2.5186112140413016e-05
5214,2.3848478979396367e-05,2.701160610830519e-05,2.526744719881341e-05,2.518215721335085e-05
5215,2.384443994533484e-05,2.7007144125980967e-05,2.526280632474026e-05,2.517821532930163e-05
5216,2.3840354954302715e-05,2.700269458666434e-05,2.5258180708075275e-05,2.5174264675718828e-05
5217,2.3836351477198136e-05,2.6998211626682325e-05,2.525356129163404e-05,2.517030544579023e-05
5218,2.3832295784980206e-05,2.6993761991407754e-05,2.5248950876027883e-05,2.5166346882444175e-05
5219,2.3828277211808663e-05,2.698935698073941e-05,2.5244336018054023e-05,2.5162423567666168e-05
5220,2.382420729932193e-05,2.6984903528542238e-05,2.5239742303586667e-05,2.5158447797670383e-05
5221,2.3820197752889573e-05,2.698047058870255e-05,2.523512672424277e-05,2.515451836973777e-05
5222,2.381616500892344e-05,2.6976041710592774e-05,2.523050545478186e-05,2.5150598693800568e-05
5223,2.3812132492576255e-05,2.6971585078050942e-05,2.5225905126239238e-05,2.5146655556199493e-05
5224,2.3808110758310512e-05,2.6967154414463317e-05,2.5221281213490656e-05,2.514272517717229e-05
5225,2.3804067783369122e-05,2.6962716172652788e-05,2.5216692900134883e-05,2.513877254835824e-05
5226,2.3800043725276545e-05,2.6958278063251815e-05,2.5212121166054785e-05,2.513486552853284e-05
5227,2.3796035149091974e-05,2.695388029662601e-05,2.5207514335478102e-05,2.513094994921567e-05
5228,2.3792018971132552e-05,2.6949437531426463e-05,2.5202907582637283e-05,2.5127019639964292e-05
5229,2.37880016801521e-05,2.694504259902217e-05,2.5198334555341094e-05,2.512308711719163e-05
5230,2.3784008783994556e-05,2.6940593787229865e-05,2.5193771776731794e-05,2.5119179439772348e-05
5231,2.3780000238464196e-05,2.693619423569916e-05,2.518915641833123e-05,2.511527174715211e-05
5232,2.3775981876985064e-05,2.6931783500899315e-05,2.5184585085668928e-05,2.5111353600883658e-05
5233,2.377199152454694e-05,2.6927348773368945e-05,2.5179977347343207e-05,2.5107444537265182e-05
5234,2.3767998328103475e-05,2.6922957757309717e-05,2.517542912776503e-05,2.5103526552143704e-05
5235,2.3763966154865136e-05,2.691853712395273e-05,2.5170869938024674e-05,2.5099635132347707e-05
5236,2.3759994521261992e-05,2.6914141856889266e-05,2.516628319804275e-05,2.5095722329322545e-05
5237,2.3756001793372272e-05,2.690976257225443e-05,2.5161736733591043e-05,2.5091826805859384e-05
5238,2.3752006393383458e-05,2.690536058956982e-05,2.515715645885506e-05,2.5087942903988865e-05
5239,2.374800488146372e-05,2.6900954691324916e-05,2.5152584650145275e-05,2.5084015025800668e-05
5240,2.374403341571981e-05,2.689658610482337e-05,2.514803347686656e-05,2.508013997016592e-05
5241,2.3740041249917788e-05,2.6892179901053536e-05,2.5143468650005735e-05,2.5076241757951e-05
5242,2.3736069693869627e-05,2.6887792042802027e-05,2.5138948930106932e-05,2.507233921004306e-05
5243,2.3732078755748978e-05,2.6883405661740578e-05,2.513437358158982e-05,2.5068464465912337e-05
5244,2.3728111949740318e-05,2.68790340680329e-05,2.512983107353545e-05,2.5064604700870973e-05
5245,2.3724129605897736e-05,2.6874659524727204e-05,2.512528836863552e-05,2.506068701367693e-05
5246,2.3720138221147103e-05,2.6870258639351566e-05,2.5120745183874666e-05,2.5056817904433558e-05
5247,2.3716177042552474e-05,2.686589664823286e-05,2.5116230016556147e-05,2.50529230026429e-05
5248,2.3712212630069584e-05,2.686154078600144e-05,2.511165107363511e-05,2.5049058733952083e-05
5249,2.3708263117794385e-05,2.6857160149340214e-05,2.510711963879905e-05,2.5045180837185522e-05
5250,2.3704281581675588e-05,2.6852787163352343e-05,2.5102610133603872e-05,2.5041314847811776e-05
5251,2.3700322937918093e-05,2.6848445161613404e-05,2.509806396492321e-05,2.5037472829897896e-05
5252,2.3696371878076986e-05,2.6844055775565118e-05,2.5093526106582045e-05,2.5033552032738978e-05
5253,2.3692422392656963e-05,2.6839703894484836e-05,2.5088998188386437e-05,2.502969808964053e-05
5254,2.368845352813355e-05,2.683535263886706e-05,2.5084477711134396e-05,2.502586558189001e-05
5255,2.368450772609761e-05,2.6831014468526154e-05,2.507996969226605e-05,2.5022004157524906e-05
5256,2.3680554149024594e-05,2.6826669141706224e-05,2.5075449881585245e-05,2.5018141308115884e-05
5257,2.367661848079198e-05,2.6822293209357962e-05,2.5070944912332246e-05,2.50143043644836e-05
5258,2.3672676297369397e-05,2.6817949314950194e-05,2.5066415655482184e-05,2.501042093453719e-05
5259,2.3668734547305618e-05,2.681360877541157e-05,2.5061924608722376e-05,2.5006577496854642e-05
5260,2.3664792131583457e-05,2.6809281361995606e-05,2.505741300981845e-05,2.500270911600102e-05
5261,2.3660853544510133e-05,2.68049457987521e-05,2.505292309901658e-05,2.4998880763616523e-05
5262,2.3656926884059693e-05,2.680061906285727e-05,2.504839853452331e-05,2.499502848800963e-05
5263,2.3652990255338168e-05,2.6796260357796414e-05,2.5043903221468088e-05,2.499120558585734e-05
5264,2.3649055769918238e-05,2.6791936683796094e-05,2.503941775249797e-05,2.4987375794739412e-05
5265,2.364513352955308e-05,2.678761684321e-05,2.5034929844760374e-05,2.4983513312899088e-05
5266,2.3641215568508322e-05,2.6783289102901907e-05,2.503043442586601e-05,2.497969795397131e-05
5267,2.3637279083766135e-05,2.6778958868165004e-05,2.5025951393110203e-05,2.4975870907849425e-05
5268,2.3633373788382183e-05,2.677464817227839e-05,2.5021477019657786e-05,2.4972027526425574e-05
5269,2.3629442247550847e-05,2.677032854030037e-05,2.5016981378497536e-05,2.4968200592896062e-05
5270,2.3625534930913677e-05,2.6766010012761356e-05,2.501249826974182e-05,2.4964373652392136e-05
5271,2.3621621306278547e-05,2.6761683049122617e-05,2.5008004702865432e-05,2.4960543634079767e-05
5272,2.361772243414881e-05,2.6757375676509732e-05,2.500353325504855e-05,2.4956727971050214e-05
5273,2.3613800234611248e-05,2.675308389442578e-05,2.4999071402802774e-05,2.4952925858837766e-05
5274,2.360989814210668e-05,2.6748775591949536e-05,2.499461366289093e-05,2.4949090938724146e-05
5275,2.3605976768331747e-05,2.6744474983519344e-05,2.4990131098401554e-05,2.4945278718985414e-05
5276,2.360208487529707e-05,2.6740171146198892e-05,2.498567451685423e-05,2.4941475642065685e-05
5277,2.3598191634373484e-05,2.6735859693961663e-05,2.498120966174303e-05,2.4937668535235734e-05
5278,2.35942947430576e-05,2.673157524018668e-05,2.4976763943339374e-05,2.4933854952155814e-05
5279,2.3590402165570952e-05,2.6727280939921595e-05,2.497229649867448e-05,2.4930050967393297e-05
5280,2.3586511692024988e-05,2.6723019296357157e-05,2.4967826647169255e-05,2.4926241990965662e-05
5281,2.3582623330729482e-05,2.6718709004188754e-05,2.4963393641810305e-05,2.4922438475997166e-05
5282,2.3578719626040442e-05,2.671442151221668e-05,2.495895783499471e-05,2.4918657308410007e-05
5283,2.3574864329886426e-05,2.6710141541085364e-05,2.4954504555650968e-05,2.491485882990717e-05
5284,2.35709608797691e-05,2.6705859121248964e-05,2.4950066859724696e-05,2.4911076175569263e-05
5285,2.3567083429781316e-05,2.6701574985722416e-05,2.494561006654525e-05,2.4907290536276946e-05
5286,2.3563197532248674e-05,2.669729466048439e-05,2.4941173359232508e-05,2.4903475758946025e-05
5287,2.355933156982249e-05,2.6693034335396786e-05,2.4936745870900514e-05,2.4899692863180326e-05
5288,2.355546292471852e-05,2.6688764616131345e-05,2.4932293656244515e-05,2.4895900530830117e-05
5289,2.3551591366305126e-05,2.6684507408452017e-05,2.492787594358464e-05,2.4892117716765082e-05
5290,2.354772637524143e-05,2.6680242014707417e-05,2.4923439614068206e-05,2.4888331254574653e-05
5291,2.3543849770284156e-05,2.667597817173701e-05,2.491901669463423e-05,2.4884568098470428e-05
5292,2.3539973324715902e-05,2.6671723408493704e-05,2.491460807191149e-05,2.488078789674255e-05
5293,2.3536129133022542e-05,2.666745567461156e-05,2.4910183295264814e-05,2.4877027547997093e-05
5294,2.353226502700538e-05,2.6663204380773626e-05,2.490576905220762e-05,2.4873250275341596e-05
5295,2.3528406182662946e-05,2.6658962156939677e-05,2.4901350566806755e-05,2.4869476759398147e-05
5296,2.3524550013266242e-05,2.6654718031431248e-05,2.489693379773144e-05,2.4865712367327877e-05
5297,2.3520709609370374e-05,2.665047042265316e-05,2.4892531383495384e-05,2.4861959375318877e-05
5298,2.3516851113094475e-05,2.6646205263334615e-05,2.488813003886444e-05,2.4858205494736473e-05
5299,2.3513012016499998e-05,2.6641973889377865e-05,2.4883713470584237e-05,2.4854425488328892e-05
5300,2.3509161571584933e-05,2.663772437207085e-05,2.4879311490275783e-05,2.4850684911384624e-05
5301,2.3505328436303395e-05,2.6633475532693684e-05,2.4874913294512065e-05,2.4846922844065175e-05
5302,2.350146867171519e-05,2.6629269196605876e-05,2.487052371611433e-05,2.484317647029667e-05
5303,2.349764207325229e-05,2.662503443050689e-05,2.4866122938128687e-05,2.48394181573988e-05
5304,2.349380222340483e-05,2.6620785173919113e-05,2.48617225572025e-05,2.4835655529165565e-05
5305,2.348996591069684e-05,2.661657431795544e-05,2.4857337404818863e-05,2.483191249407316e-05
5306,2.348614716369554e-05,2.6612332824699026e-05,2.4852969012936913e-05,2.4828179450550892e-05
5307,2.3482302791740164e-05,2.6608126337591572e-05,2.484857354952016e-05,2.4824441958350693e-05
5308,2.3478491507358527e-05,2.6603895374292574e-05,2.4844185419826097e-05,2.4820700249751267e-05
5309,2.3474649114157688e-05,2.6599688227719935e-05,2.4839810748110608e-05,2.4816954983407136e-05
5310,2.347082579829712e-05,2.659547498995809e-05,2.483542838478428e-05,2.4813229642699172e-05
5311,2.346701911913972e-05,2.659124791864725e-05,2.4831069777054387e-05,2.4809490744270483e-05
5312,2.3463197056378626e-05,2.6587026290363808e-05,2.4826686056191257e-05,2.4805763419453454e-05
5313,2.3459384630731067e-05,2.658283559032439e-05,2.482232206244551e-05,2.4802031920847378e-05
5314,2.3455560681741115e-05,2.6578635950305507e-05,2.481794021451472e-05,2.4798313177945086e-05
5315,2.3451763855249706e-05,2.657443918588156e-05,2.4813589778301366e-05,2.4794575770696152e-05
5316,2.3447950835068285e-05,2.6570232380569e-05,2.4809236903811207e-05,2.479086226543627e-05
5317,2.3444145068027118e-05,2.6566020364368723e-05,2.4804862530788805e-05,2.4787151632167636e-05
5318,2.3440339084595318e-05,2.6561823115157202e-05,2.4800508026488454e-05,2.478343617446717e-05
5319,2.343654213748433e-05,2.655764077856305e-05,2.4796147425293356e-05,2.4779714506777892e-05
5320,2.3432732437597056e-05,2.6553445653827438e-05,2.4791811220240146e-05,2.4775993787086995e-05
5321,2.3428945699291985e-05,2.6549265663780074e-05,2.4787455031270027e-05,2.477229994704782e-05
5322,2.342515004953889e-05,2.6545066730954324e-05,2.4783123434174238e-05,2.476858132840756e-05
5323,2.3421346098451373e-05,2.6540903661936153e-05,2.4778765721272283e-05,2.4764884447876196e-05
5324,2.341755695231429e-05,2.653671628598572e-05,2.4774426831278194e-05,2.4761175094174686e-05
5325,2.3413763510982456e-05,2.6532540307998117e-05,2.477008960778656e-05,2.475747088292672e-05
5326,2.3409979548911702e-05,2.65283655705065e-05,2.47657569684006e-05,2.4753759345820975e-05
5327,2.3406203195968128e-05,2.6524204407955516e-05,2.47614243786618e-05,2.4750076926312886e-05
5328,2.3402415778412873e-05,2.6520022716183837e-05,2.475708118009223e-05,2.4746369742720402e-05
5329,2.3398641928339073e-05,2.6515873436116855e-05,2.4752753206265502e-05,2.474269302774279e-05
5330,2.3394866196364625e-05,2.651169558741636e-05,2.474841984516539e-05,2.473900058028287e-05
5331,2.3391097500944354e-05,2.6507532078866805e-05,2.474409834945934e-05,2.4735321490215366e-05
5332,2.3387329942447382e-05,2.6503360534686026e-05,2.4739785802404755e-05,2.4731615041300977e-05
5333,2.338356169741205e-05,2.6499203410628237e-05,2.473546539180582e-05,2.4727937270933563e-05
5334,2.3379799935155538e-05,2.649505797748139e-05,2.4731157667177106e-05,2.472424666588518e-05
5335,2.3376018873518055e-05,2.6490884973122635e-05,2.4726848611559533e-05,2.4720579124591395e-05
5336,2.3372254684778434e-05,2.6486762517087446e-05,2.472253825481477e-05,2.471690090226746e-05
5337,2.336850134339753e-05,2.6482583765997884e-05,2.47182338062027e-05,2.4713238672544407e-05
5338,2.3364735310859956e-05,2.6478447375842866e-05,2.471391523412881e-05,2.47095538155996e-05
5339,2.3360991805841346e-05,2.6474306057870322e-05,2.4709604362927396e-05,2.470587486950973e-05
5340,2.335723146800523e-05,2.647015744871395e-05,2.4705294377820492e-05,2.4702229918659844e-05
5341,2.3353474603177262e-05,2.646603172703913e-05,2.4701031872195136e-05,2.4698544777340738e-05
5342,2.334972538098355e-05,2.6461890125825668e-05,2.4696699653466245e-05,2.4694870780777936e-05
5343,2.334598813821811e-05,2.6457780258982263e-05,2.469241532963699e-05,2.4691225881470834e-05
5344,2.3342233837904607e-05,2.6453642467271612e-05,2.4688143729389482e-05,2.4687553108492214e-05
5345,2.3338499599407887e-05,2.644950229997745e-05,2.4683839884989834e-05,2.468390094694588e-05
5346,2.333475487161452e-05,2.6445359045897663e-05,2.467956654128418e-05,2.4680240434041797e-05
5347,2.333102202019438e-05,2.644123966489175e-05,2.4675260075893947e-05,2.4676604687312262e-05
5348,2.3327299471455296e-05,2.6437116997858516e-05,2.4670992112666867e-05,2.4672951478080254e-05
5349,2.3323554418323615e-05,2.6433011750121508e-05,2.4666701904751458e-05,2.4669281105580233e-05
5350,2.331981494933864e-05,2.6428878452559692e-05,2.4662430645276857e-05,2.466564485018628e-05
5351,2.3316089043964986e-05,2.642475945223499e-05,2.46581499877375e-05,2.4662002642243695e-05
5352,2.331235639004719e-05,2.6420643725511085e-05,2.4653881254498312e-05,2.4658360187366397e-05
5353,2.3308639205924574e-05,2.641655349713176e-05,2.4649620816071955e-05,2.465472697939656e-05
5354,2.3304915651446364e-05,2.641244995288246e-05,2.4645351316149713e-05,2.4651072956446977e-05
5355,2.330119204213543e-05,2.6408345653591777e-05,2.4641092810262127e-05,2.4647434509036556e-05
5356,2.3297480114608156e-05,2.6404239012677244e-05,2.4636834382238716e-05,2.4643798424102563e-05
5357,2.3293752936032077e-05,2.640014505571239e-05,2.463258221127628e-05,2.464017531669826e-05
5358,2.3290052057929062e-05,2.6396040549065054e-05,2.462829880924153e-05,2.4636540547245222e-05
5359,2.3286329359772684e-05,2.6391942827432353e-05,2.4624057463652553e-05,2.4632919229630427e-05
5360,2.3282621610760805e-05,2.6387839812583445e-05,2.461980284983251e-05,2.462929968042128e-05
5361,2.3278921756450924e-05,2.6383772658575912e-05,2.4615554037606975e-05,2.4625682866321928e-05
5362,2.327522214955203e-05,2.637967345531066e-05,2.4611313144196004e-05,2.4622059942781532e-05
5363,2.327151606263274e-05,2.637558918060614e-05,2.4607051286694384e-05,2.4618428154257752e-05
5364,2.3267813714107938e-05,2.6371489486785626e-05,2.4602827362191188e-05,2.4614814414236355e-05
5365,2.326410284393258e-05,2.6367417079594582e-05,2.4598588405852573e-05,2.4611209402878286e-05
5366,2.326042263081866e-05,2.6363350155949373e-05,2.459435037276671e-05,2.4607583113855965e-05
5367,2.325671422213936e-05,2.6359278082116836e-05,2.4590106796886117e-05,2.4603978830389268e-05
5368,2.3253034125210066e-05,2.635517716079527e-05,2.458588067938111e-05,2.4600376734426602e-05
5369,2.324934926311947e-05,2.6351126080152214e-05,2.458165245667189e-05,2.45967681192832e-05
5370,2.3245669048022074e-05,2.6347053080558128e-05,2.4577410522921553e-05,2.4593183128051372e-05
5371,2.324197637217228e-05,2.63429764660297e-05,2.457319763071538e-05,2.4589571680980798e-05
5372,2.3238291297387446e-05,2.6338919973753994e-05,2.4568984753359405e-05,2.4585964998851185e-05
5373,2.3234610363041838e-05,2.6334856607363037e-05,2.4564763730208023e-05,2.458236984835572e-05
5374,2.3230934275945294e-05,2.6330803465973055e-05,2.4560544528390665e-05,2.457876483742554e-05
5375,2.322726779465348e-05,2.6326736701268882e-05,2.455633399586208e-05,2.4575180011970317e-05
5376,2.3223587705111395e-05,2.6322686736273584e-05,2.4552115733623634e-05,2.4571583109952206e-05
5377,2.3219920694864894e-05,2.631865469405458e-05,2.454790210967862e-05,2.4568001669108698e-05
5378,2.3216256850517254e-05,2.6314586072803023e-05,2.454370356032086e-05,2.4564422897292865e-05
5379,2.3212578043100497e-05,2.6310533915683628e-05,2.4539497296111886e-05,2.456083083831167e-05
5380,2.3208917620809987e-05,2.6306498822672453e-05,2.4535298276779132e-05,2.455724715904478e-05
5381,2.3205242089676975e-05,2.630245548189038e-05,2.453109266240066e-05,2.4553678872141658e-05
5382,2.3201592245793596e-05,2.6298412948627534e-05,2.4526899283027224e-05,2.455009645362724e-05
5383,2.319793123152208e-05,2.629438121886438e-05,2.452269883290042e-05,2.454650321233192e-05
5384,2.3194273726206027e-05,2.6290345888917264e-05,2.4518513743545126e-05,2.4542956842593822e-05
5385,2.3190630600965532e-05,2.6286295219544546e-05,2.4514309266619187e-05,2.4539374274144063e-05
5386,2.318697598482e-05,2.628227513498223e-05,2.4510127885876497e-05,2.4535814811608994e-05
5387,2.3183332264622162e-05,2.6278247061819064e-05,2.4505941928655652e-05,2.453223366546944e-05
5388,2.317967482846106e-05,2.6274217065253785e-05,2.4501757290911872e-05,2.4528677377495237e-05
5389,2.317602973033262e-05,2.6270195257579024e-05,2.4497575295244883e-05,2.4525117007418518e-05
5390,2.317238716915191e-05,2.6266188177819022e-05,2.449339261605809e-05,2.4521535207899414e-05
5391,2.3168746963541228e-05,2.6262170061872777e-05,2.4489229471922606e-05,2.45179930635734e-05
5392,2.316510164797539e-05,2.6258135027867632e-05,2.4485043433649665e-05,2.45144400117799e-05
5393,2.316147317668674e-05,2.6254125332318406e-05,2.448090142731766e-05,2.4510878312911263e-05
5394,2.315783837573447e-05,2.6250117667461523e-05,2.4476719839681885e-05,2.4507335178022647e-05
5395,2.3154212706369888e-05,2.6246110639900222e-05,2.447255527098935e-05,2.450378734124777e-05
5396,2.3150583437063988e-05,2.624209497494518e-05,2.4468395434303703e-05,2.450023953307903e-05
5397,2.314694948088094e-05,2.6238086617507693e-05,2.446422326595245e-05,2.4496681031036575e-05
5398,2.3143326044359932e-05,2.6234095139709147e-05,2.446005913567381e-05,2.4493142216138233e-05
5399,2.313969371948333e-05,2.623008281159745e-05,2.4455904096207505e-05,2.4489594265997328e-05
5400,2.3136078527383286e-05,2.6226095479027868e-05,2.4451747286137992e-05,2.4486063333262865e-05
5401,2.3132463474363195e-05,2.6222093262242226e-05,2.4447607347565728e-05,2.4482516287297945e-05
5402,2.3128843093628442e-05,2.6218097844098416e-05,2.4443449278504983e-05,2.4478996755335765e-05
5403,2.312523489156304e-05,2.621410323776779e-05,2.4439299971754018e-05,2.447546368771285e-05
5404,2.312161710442711e-05,2.621011539222226e-05,2.4435164503005868e-05,2.4471919364874445e-05
5405,2.311800762406096e-05,2.620612960655994e-05,2.4431023788657822e-05,2.446840293372719e-05
5406,2.3114404292315774e-05,2.6202157896375378e-05,2.442687362281502e-05,2.4464870657299544e-05
5407,2.311080270043461e-05,2.6198166796486422e-05,2.4422742613474905e-05,2.4461338166339334e-05
5408,2.3107197999641104e-05,2.6194191343527865e-05,2.441860715442155e-05,2.445781128718812e-05
5409,2.3103591931004252e-05,2.6190208492280215e-05,2.441447632724773e-05,2.445430998781583e-05
5410,2.3099994700186477e-05,2.618623780013131e-05,2.4410343604464768e-05,2.4450782765767617e-05
5411,2.3096396083699588e-05,2.6182255148662104e-05,2.4406209715021275e-05,2.4447263748534296e-05
5412,2.3092799854092124e-05,2.6178288837458643e-05,2.4402094490654194e-05,2.444375626528001e-05
5413,2.3089206103440082e-05,2.617433960482374e-05,2.4397959020125063e-05,2.4440243914196068e-05
5414,2.3085617594423136e-05,2.6170356839347704e-05,2.4393847835445373e-05,2.4436722922300488e-05
5415,2.3082038454131017e-05,2.616640777215775e-05,2.4389729706992903e-05,2.443322133280619e-05
5416,2.3078435382157537e-05,2.6162436924710812e-05,2.4385617543592927e-05,2.4429718120047642e-05
5417,2.307485494585008e-05,2.6158476752783474e-05,2.438150325014745e-05,2.4426209988506072e-05
5418,2.307127933244609e-05,2.6154533334818872e-05,2.4377384621644332e-05,2.4422718668344434e-05
5419,2.306769770402752e-05,2.615057901443318e-05,2.437327387172477e-05,2.4419207897914617e-05
5420,2.3064116290714025e-05,2.614662236696338e-05,2.4369178061106766e-05,2.4415723262785562e-05
5421,2.3060543878642372e-05,2.6142661590420273e-05,2.4365074022851574e-05,2.4412228927382733e-05
5422,2.3056978500530745e-05,2.6138733532318894e-05,2.4360975526277218e-05,2.4408724259877902e-05
5423,2.305340105349804e-05,2.6134777860588794e-05,2.435688077546691e-05,2.4405234582497966e-05
5424,2.3049840716444526e-05,2.6130837325447865e-05,2.4352769128131606e-05,2.4401749765578672e-05
5425,2.304626954958304e-05,2.612689852965783e-05,2.4348684236739057e-05,2.4398247530687685e-05
5426,2.3042707092398638e-05,2.612295490957042e-05,2.434459343336429e-05,2.4394762749454743e-05
5427,2.303914185647145e-05,2.611903247593108e-05,2.434050450762693e-05,2.4391293588698373e-05
5428,2.30355845946168e-05,2.611508750072727e-05,2.4336422316842774e-05,2.438782152629302e-05
5429,2.3032027666744877e-05,2.6111169204041896e-05,2.4332334629207394e-05,2.4384323513606914e-05
5430,2.3028462557443446e-05,2.610723455723581e-05,2.4328248644208868e-05,2.4380858266655473e-05
5431,2.3024899032304245e-05,2.6103311976319538e-05,2.432416963047024e-05,2.4377382561440582e-05
5432,2.302135302135391e-05,2.6099383870578186e-05,2.432008928609101e-05,2.437391759059569e-05
5433,2.3017817665428946e-05,2.609545434650247e-05,2.431600811486285e-05,2.437043790812261e-05
5434,2.3014268968032315e-05,2.6091549661219458e-05,2.4311938892223663e-05,2.436696930944587e-05
5435,2.3010719043479534e-05,2.6087625525399507e-05,2.4307873116650075e-05,2.4363508078280403e-05
5436,2.3007169887103895e-05,2.6083721066671423e-05,2.4303806871853238e-05,2.43600511735001e-05
5437,2.3003635686709655e-05,2.6079796500361586e-05,2.4299733580448366e-05,2.4356587314377418e-05
5438,2.30000888991792e-05,2.607588767605927e-05,2.4295678335078253e-05,2.435312489693402e-05
5439,2.299655766096524e-05,2.6071970926661002e-05,2.4291607195716072e-05,2.434966123240147e-05
5440,2.299302324946332e-05,2.606807740805725e-05,2.428755001811942e-05,2.434619824990981e-05
5441,2.2989483681722596e-05,2.606416958451445e-05,2.428349037098184e-05,2.434275443598568e-05
5442,2.298595893498965e-05,2.6060269229839673e-05,2.4279435218669157e-05,2.433930565907966e-05
5443,2.2982425789636274e-05,2.6056384173374305e-05,2.4275394370109693e-05,2.433585461606829e-05
5444,2.297890365866594e-05,2.6052492550333287e-05,2.4271338046909745e-05,2.4332401801285698e-05
5445,2.2975379679728232e-05,2.604857700180176e-05,2.4267302385287786e-05,2.4328963358220204e-05
5446,2.2971860276741832e-05,2.6044696361314752e-05,2.4263257571321085e-05,2.4325507876118455e-05
5447,2.296833503083938e-05,2.604080330224888e-05,2.425921665336571e-05,2.432208692576262e-05
5448,2.2964818116889357e-05,2.603691961357792e-05,2.4255163507790777e-05,2.4318634457693536e-05
5449,2.2961302337886056e-05,2.6033035368371182e-05,2.4251123483170506e-05,2.4315199160891538e-05
5450,2.2957791191138505e-05,2.602915514476424e-05,2.424709295913705e-05,2.43117626329809e-05
5451,2.2954276254260875e-05,2.602527124888527e-05,2.424306193078842e-05,2.4308318988815087e-05
5452,2.295076185270433e-05,2.602139880881722e-05,2.4239035528879036e-05,2.4304907928801118e-05
5453,2.294726164593566e-05,2.6017524000906415e-05,2.4235000920368065e-05,2.4301458629891097e-05
5454,2.2943760572286904e-05,2.601365460966243e-05,2.4230971210061e-05,2.4298041126974066e-05
5455,2.2940259778258455e-05,2.6009771005390708e-05,2.4226948033293228e-05,2.4294622828861986e-05
5456,2.2936754500365507e-05,2.6005910654830812e-05,2.4222917465527087e-05,2.4291196267990804e-05
5457,2.2933250939545902e-05,2.6002045401881357e-05,2.421891748701407e-05,2.428777267774472e-05
5458,2.2929762709421764e-05,2.5998168361310317e-05,2.4214884211355415e-05,2.4284359697954924e-05
5459,2.2926266313556714e-05,2.5994318839679792e-05,2.4210874247965244e-05,2.428093454718094e-05
5460,2.2922774232449902e-05,2.5990451681561826e-05,2.4206865086908668e-05,2.4277528745211248e-05
5461,2.291927731036916e-05,2.5986588776332513e-05,2.4202857424481536e-05,2.427410810502508e-05
5462,2.2915797652903797e-05,2.5982749352248004e-05,2.419885329700721e-05,2.4270705438472926e-05
5463,2.2912305959871723e-05,2.597888412564634e-05,2.4194847573457595e-05,2.426729376497257e-05
5464,2.2908826530568615e-05,2.5975034399916148e-05,2.41908451940449e-05,2.4263892513835876e-05
5465,2.2905342980413905e-05,2.5971192705226412e-05,2.4186842534768727e-05,2.426048148791026e-05
5466,2.2901856183940006e-05,2.5967352272601752e-05,2.4182842921233887e-05,2.42570725905627e-05
5467,2.2898381826000522e-05,2.5963503771058457e-05,2.4178845775362328e-05,2.425368759758959e-05
5468,2.2894903923885146e-05,2.5959654363060567e-05,2.4174856705831038e-05,2.4250278906600353e-05
5469,2.289143170244353e-05,2.59558220945848e-05,2.417085903818388e-05,2.4246889803959326e-05
5470,2.2887964200171887e-05,2.5951994053780638e-05,2.416687098863987e-05,2.4243485614679736e-05
5471,2.288448937120639e-05,2.5948151797150434e-05,2.4162883659905902e-05,2.4240100122855673e-05
5472,2.2881022028502025e-05,2.5944322587531514e-05,2.4158901010796183e-05,2.4236704209213122e-05
5473,2.2877560136102626e-05,2.5940485770919125e-05,2.415492146108355e-05,2.4233316779543054e-05
5474,2.2874095957103345e-05,2.5936659831141077e-05,2.4150939373067076e-05,2.422993887699989e-05
5475,2.2870639087509472e-05,2.593283038160279e-05,2.414696663489859e-05,2.4226552986460057e-05
5476,2.2867180818582973e-05,2.5929008001591718e-05,2.4142991517791726e-05,2.422316854326169e-05
5477,2.286371951113236e-05,2.5925187949591925e-05,2.4139008057714456e-05,2.42197965657756e-05
5478,2.2860260657663864e-05,2.592136353175981e-05,2.4135049074558526e-05,2.4216410839247998e-05
5479,2.285680881025992e-05,2.5917547432064573e-05,2.413107807190417e-05,2.4213029618126365e-05
5480,2.2853360122322638e-05,2.5913730803651275e-05,2.412710034907744e-05,2.420965869249017e-05
5481,2.284991041470107e-05,2.590992599314032e-05,2.412314041962821e-05,2.420629024017862e-05
5482,2.2846469644669086e-05,2.5906111940576683e-05,2.411918977500997e-05,2.4202915444617934e-05
5483,2.2843021224389265e-05,2.590230974666329e-05,2.4115214304443012e-05,2.4199549477701935e-05
5484,2.2839583384420883e-05,2.5898499470411914e-05,2.4111266992022336e-05,2.4196182092386054e-05
5485,2.2836144148871014e-05,2.5894697724800943e-05,2.4107316053408723e-05,2.419282348093756e-05
5486,2.2832696465598343e-05,2.5890896212761214e-05,2.410335537189126e-05,2.418946151132543e-05
5487,2.2829261857435093e-05,2.588709594354622e-05,2.409940764848679e-05,2.4186097854997338e-05
5488,2.2825829461925186e-05,2.5883301958903116e-05,2.409546455350037e-05,2.4182743186082248e-05
5489,2.2822392242719763e-05,2.587949885549712e-05,2.4091523635342816e-05,2.4179385969200496e-05
5490,2.2818967554237035e-05,2.587571079817382e-05,2.4087572459202527e-05,2.4176028154877037e-05
5491,2.2815539487433182e-05,2.58719218692679e-05,2.4083640968334984e-05,2.417267731688153e-05
5492,2.281211596369962e-05,2.586812905810347e-05,2.4079701552760845e-05,2.416933520244025e-05
5493,2.2808695286118585e-05,2.5864349511136377e-05,2.407576270505755e-05,2.4165975882820046e-05
5494,2.2805271413217546e-05,2.5860570813189616e-05,2.407181844841624e-05,2.4162639066482493e-05
5495,2.280185143972646e-05,2.585678400730574e-05,2.4067889205762606e-05,2.4159291799149266e-05
5496,2.2798437900401156e-05,2.585300500592641e-05,2.4063968354736844e-05,2.4155952629926506e-05
5497,2.2795016720556083e-05,2.584923134407289e-05,2.406003429304874e-05,2.4152606493298042e-05
5498,2.2791596086223085e-05,2.5845459964717895e-05,2.4056110811388794e-05,2.4149270024549787e-05
5499,2.2788184280065284e-05,2.5841680174139337e-05,2.4052187141357853e-05,2.414593174028184e-05
5500,2.278478293718625e-05,2.583791850158906e-05,2.4048278999948413e-05,2.414259588257794e-05
5501,2.2781373618715292e-05,2.5834147986708723e-05,2.4044352970744174e-05,2.4139263709550924e-05
5502,2.277796773248806e-05,2.583038623601923e-05,2.4040434503420853e-05,2.4135934773077478e-05
5503,2.2774566315208387e-05,2.5826612406887198e-05,2.4036521982532276e-05,2.4132609659255146e-05
5504,2.277116421505065e-05,2.5822863241312983e-05,2.4032609514955055e-05,2.4129292885248212e-05
5505,2.2767764388898343e-05,2.5819095257947487e-05,2.4028701351851552e-05,2.4125969914544012e-05
5506,2.2764375064516148e-05,2.5815338497475657e-05,2.4024796800182525e-05,2.4122640261152565e-05
5507,2.276097329448311e-05,2.5811589109258138e-05,2.4020891669351098e-05,2.4119318597498248e-05
5508,2.275757312180038e-05,2.5807839524667522e-05,2.401698280106134e-05,2.411600875279406e-05
5509,2.2754191772014795e-05,2.5804085078988656e-05,2.401308153843261e-05,2.4112687882492614e-05
5510,2.275079704198665e-05,2.5800335147018248e-05,2.400919220491793e-05,2.4109377388977496e-05
5511,2.2747418632503057e-05,2.5796592686952514e-05,2.4005291115163203e-05,2.4106065507074966e-05
5512,2.2744024998968916e-05,2.579284965436349e-05,2.400140905488797e-05,2.4102750037126842e-05
5513,2.2740641129098297e-05,2.578910847605611e-05,2.399750811704925e-05,2.409944771428714e-05
5514,2.27372591064534e-05,2.578535711027337e-05,2.3993624646174665e-05,2.4096136408794648e-05
5515,2.273388384070369e-05,2.5781635302232844e-05,2.3989733421087653e-05,2.4092832235933785e-05
5516,2.2730512948656133e-05,2.5777885594006074e-05,2.398584975289084e-05,2.4089533057854868e-05
5517,2.2727133707545223e-05,2.5774161672908314e-05,2.3981965758311904e-05,2.4086227113096324e-05
5518,2.2723762189134363e-05,2.5770441310845417e-05,2.397808784584841e-05,2.408294061511272e-05
5519,2.2720387648118892e-05,2.5766700596893237e-05,2.3974209807202442e-05,2.407963800296922e-05
5520,2.2717023307603453e-05,2.5762983627253357e-05,2.3970337077133877e-05,2.4076341636803697e-05
5521,2.271365576623029e-05,2.5759257872653043e-05,2.3966466279078557e-05,2.407306072386935e-05
5522,2.271029207668693e-05,2.575553687991534e-05,2.396258929692331e-05,2.4069761225343525e-05
5523,2.2706926465381425e-05,2.5751820072525632e-05,2.3958722688092058e-05,2.40664757755666e-05
5524,2.2703566624183208e-05,2.5748094064004332e-05,2.3954859175871725e-05,2.406318422164987e-05
5525,2.2700210579811438e-05,2.5744379770814452e-05,2.3950999275015798e-05,2.4059909476022177e-05
5526,2.269685810046612e-05,2.57406657795124e-05,2.394712986575847e-05,2.4056618060052317e-05
5527,2.2693498904963963e-05,2.5736959613984292e-05,2.394327555025365e-05,2.4053343744740776e-05
5528,2.2690146191342426e-05,2.5733246928476563e-05,2.3939412067407362e-05,2.4050063634253965e-05
5529,2.2686793493119565e-05,2.5729545369065704e-05,2.393555968685387e-05,2.4046777786370225e-05
5530,2.268344538316002e-05,2.5725840645775794e-05,2.3931705217460175e-05,2.4043509794012787e-05
5531,2.2680099645078016e-05,2.5722134502255364e-05,2.392785541483619e-05,2.4040235763617295e-05
5532,2.267675323514291e-05,2.5718439445191994e-05,2.392400047549658e-05,2.4036967042099445e-05
5533,2.267341342289728e-05,2.5714740301622238e-05,2.392015907368874e-05,2.4033703526197485e-05
5534,2.2670080806371477e-05,2.5711042884811125e-05,2.391631588627945e-05,2.403043448953321e-05
5535,2.2666736003755415e-05,2.570734764257048e-05,2.391247595531105e-05,2.4027162067886088e-05
5536,2.2663399645332537e-05,2.5703662033594918e-05,2.3908633040350454e-05,2.402390587829591e-05
5537,2.266006597283399e-05,2.5699969401701963e-05,2.3904796059216406e-05,2.4020643332357903e-05
5538,2.2656735029165088e-05,2.5696285342973993e-05,2.390096086255082e-05,2.401738802710295e-05
5539,2.2653404807020307e-05,2.5692600323967956e-05,2.3897131839706366e-05,2.4014137020814705e-05
5540,2.265007535608487e-05,2.5688919622010184e-05,2.3893293054287505e-05,2.401086989498651e-05
5541,2.264674662670929e-05,2.5685234087585957e-05,2.3889462667983716e-05,2.4007622356110033e-05
5542,2.2643424595574537e-05,2.568156030344555e-05,2.388564709529141e-05,2.4004367559125032e-05
5543,2.2640100469706648e-05,2.5677882614078993e-05,2.3881818540249826e-05,2.4001123787083353e-05
5544,2.2636782838051847e-05,2.5674218744187435e-05,2.3877996845985357e-05,2.3997871180471083e-05
5545,2.2633466047773993e-05,2.56705359620192e-05,2.387417257981789e-05,2.399462266674145e-05
5546,2.2630150254538946e-05,2.5666870728016498e-05,2.38703591776217e-05,2.3991382245016118e-05
5547,2.2626828952668972e-05,2.566320228322545e-05,2.3866543625205254e-05,2.3988151172158648e-05
5548,2.2623524494182393e-05,2.5659531634492782e-05,2.3862730441843207e-05,2.3984903362328893e-05
5549,2.262021407387215e-05,2.565587080163613e-05,2.385892395477772e-05,2.3981667451417164e-05
5550,2.2616900055571382e-05,2.5652214647042576e-05,2.3855117283081428e-05,2.3978434413839065e-05
5551,2.261360140841511e-05,2.564855429556292e-05,2.3851299620599204e-05,2.3975191941535884e-05
5552,2.2610292499355342e-05,2.5644896838413928e-05,2.384750231878714e-05,2.3971961210796373e-05
5553,2.2606985567171162e-05,2.564124117401238e-05,2.384369987580919e-05,2.3968735797247836e-05
5554,2.260368840636178e-05,2.5637584464339416e-05,2.3839901445151428e-05,2.3965505808066474e-05
5555,2.2600391614763194e-05,2.563394816681611e-05,2.3836108895687657e-05,2.396228513028899e-05
5556,2.2597096353046924e-05,2.563029465635574e-05,2.3832303534499115e-05,2.3959064918806874e-05
5557,2.259379947117384e-05,2.5626649818372473e-05,2.3828517948766128e-05,2.3955836639521663e-05
5558,2.259051219602045e-05,2.562300252334662e-05,2.3824715235124837e-05,2.39526193001479e-05
5559,2.2587217058285363e-05,2.5619366768811204e-05,2.3820933181543627e-05,2.3949399492295317e-05
5560,2.2583928396835253e-05,2.561572376165557e-05,2.381713991021563e-05,2.3946188499952898e-05
5561,2.2580638178857372e-05,2.5612090059061294e-05,2.3813359213048623e-05,2.394296582338033e-05
5562,2.257736372165095e-05,2.5608452875177558e-05,2.3809580995100363e-05,2.39397587897245e-05
5563,2.257407477410271e-05,2.5604817981329146e-05,2.3805801019681923e-05,2.393654277763773e-05
5564,2.2570793405078177e-05,2.560118872694624e-05,2.380202408263648e-05,2.393333856475045e-05
5565,2.2567516999323837e-05,2.5597558718083594e-05,2.379823989027135e-05,2.3930136680671063e-05
5566,2.256424253219699e-05,2.5593932045675875e-05,2.37944714844313e-05,2.3926932908348775e-05
5567,2.256096796460469e-05,2.5590309405379397e-05,2.379069791505632e-05,2.39237266289203e-05
5568,2.2557693715493894e-05,2.558668621244256e-05,2.378693082926181e-05,2.3920523352807714e-05
5569,2.2554423951715755e-05,2.5583065612269292e-05,2.3783164100531533e-05,2.39173241206677e-05
5570,2.2551154153127527e-05,2.5579444279499996e-05,2.3779402464277054e-05,2.39141282418218e-05
5571,2.254788853768883e-05,2.557583280470698e-05,2.3775635882245038e-05,2.391093166577939e-05
5572,2.254462145405564e-05,2.5572220637411815e-05,2.377187357846998e-05,2.3907744675861424e-05
5573,2.2541365407345607e-05,2.5568609820329647e-05,2.3768116594633843e-05,2.390455333017683e-05
5574,2.253809924828172e-05,2.5564997943492736e-05,2.376436270143456e-05,2.390136207391362e-05
5575,2.253484050553848e-05,2.556138615432066e-05,2.376060705086301e-05,2.389817985283119e-05
5576,2.2531585267329943e-05,2.5557783611778983e-05,2.3756855401626103e-05,2.3894992437445834e-05
5577,2.2528333301177048e-05,2.555417764944559e-05,2.3753104083229148e-05,2.3891810424229185e-05
5578,2.2525076814659958e-05,2.555057991187648e-05,2.3749354604387018e-05,2.388862475255346e-05
5579,2.2521825493534894e-05,2.554698485902116e-05,2.3745611564568732e-05,2.3885447815580058e-05
5580,2.251857813633917e-05,2.5543386577517226e-05,2.374186814068585e-05,2.3882267025141642e-05
5581,2.2515330201695336e-05,2.553979263729399e-05,2.3738130495478906e-05,2.3879089630961544e-05
5582,2.2512087182722383e-05,2.5536207504780598e-05,2.3734388463199542e-05,2.3875919168006114e-05
5583,2.2508843827725293e-05,2.55326124154197e-05,2.3730653682942084e-05,2.3872737253578212e-05
5584,2.2505600403334836e-05,2.5529019855568333e-05,2.3726919455762625e-05,2.3869571740532686e-05
5585,2.2502364074272045e-05,2.552544156794525e-05,2.372318251030742e-05,2.3866407070038225e-05
5586,2.2499124706361312e-05,2.552184916226549e-05,2.371945534429582e-05,2.3863244928689474e-05
5587,2.249588453141149e-05,2.551826893286886e-05,2.37157297644817e-05,2.3860081258062025e-05
5588,2.2492657495241975e-05,2.5514691915734445e-05,2.371199779328979e-05,2.3856914033696814e-05
5589,2.2489426929874792e-05,2.55111074710149e-05,2.3708275305070486e-05,2.3853755239117762e-05
5590,2.2486193344183865e-05,2.5507538825626273e-05,2.3704554030043524e-05,2.385059568430603e-05
5591,2.2482966549404392e-05,2.550397072457363e-05,2.3700837620328536e-05,2.384743785861559e-05
5592,2.2479740243877083e-05,2.5500395600078327e-05,2.3697121074662252e-05,2.3844284841065584e-05
5593,2.247651718312684e-05,2.549681902588315e-05,2.36934043328552e-05,2.384113318956345e-05
5594,2.2473295579486956e-05,2.5493248576715657e-05,2.3689694360340875e-05,2.383798384644822e-05
5595,2.2470075746826668e-05,2.5489687860760728e-05,2.3685981096544596e-05,2.383482805594487e-05
5596,2.246685679533181e-05,2.548613107644118e-05,2.3682277835248455e-05,2.383167998483951e-05
5597,2.2463646542925444e-05,2.5482561100345766e-05,2.3678565048160987e-05,2.3828537220953127e-05
5598,2.2460428951460054e-05,2.5479009855913097e-05,2.367485900417064e-05,2.382539709705473e-05
5599,2.245722001587737e-05,2.5475452039158342e-05,2.367116167274864e-05,2.3822259046006356e-05
5600,2.245400900927639e-05,2.5471900886026992e-05,2.3667461226929352e-05,2.381910959507091e-05
5601,2.2450802200171047e-05,2.5468341393489173e-05,2.3663763852285196e-05,2.3815983324504906e-05
5602,2.244759434297496e-05,2.5464796503395746e-05,2.366006668355905e-05,2.3812838960540062e-05
5603,2.2444390869315637e-05,2.54612438943967e-05,2.365637270621542e-05,2.380970873420111e-05
5604,2.244118858298503e-05,2.5457695173811505e-05,2.3652682371745134e-05,2.3806574571345236e-05
5605,2.243798923076909e-05,2.545415630587994e-05,2.3648986480753883e-05,2.380344559912531e-05
5606,2.2434794623178427e-05,2.5450617336992756e-05,2.364530250359696e-05,2.380031621227025e-05
5607,2.2431592141829235e-05,2.5447069752897244e-05,2.364161294672227e-05,2.3797188919479144e-05
5608,2.2428400115590355e-05,2.5443533460629637e-05,2.3637936517404565e-05,2.3794068295486165e-05
5609,2.242520401493624e-05,2.543999607890197e-05,2.363425945309061e-05,2.3790942644343006e-05
5610,2.2422020436612793e-05,2.5436463425328428e-05,2.3630580014038808e-05,2.3787819801569434e-05
5611,2.2418828955363257e-05,2.543292900222847e-05,2.3626894676819982e-05,2.378470525024086e-05
5612,2.2415638865585093e-05,2.5429407336122745e-05,2.3623223971931053e-05,2.3781584538809637e-05
5613,2.2412454757726713e-05,2.542587844520511e-05,2.361955815543315e-05,2.3778473536059182e-05
5614,2.2409270323642968e-05,2.5422353687090535e-05,2.3615886222766667e-05,2.377535814581811e-05
5615,2.2406093246718034e-05,2.5418830239322495e-05,2.361221457926935e-05,2.377224736541681e-05
5616,2.2402909249098986e-05,2.5415307447297902e-05,2.3608548115722086e-05,2.3769137789937567e-05
5617,2.239973577388576e-05,2.541178725239585e-05,2.360488353283401e-05,2.3766032455980014e-05
5618,2.2396560769169056e-05,2.540827220710981e-05,2.360121522811528e-05,2.3762928346314813e-05
5619,2.2393392504733817e-05,2.5404760125102987e-05,2.3597564968191138e-05,2.375982020975434e-05
5620,2.2390216576213503e-05,2.540124463047475e-05,2.359390574085194e-05,2.3756721701050078e-05
5621,2.2387042729707167e-05,2.5397734851068435e-05,2.3590247175792105e-05,2.3753615241107004e-05
5622,2.2383880281196388e-05,2.539422843952367e-05,2.35865965804635e-05,2.3750515732781813e-05
5623,2.2380712811789397e-05,2.5390719962651545e-05,2.3582941360176264e-05,2.374742121316996e-05
5624,2.237754860265344e-05,2.538721527516478e-05,2.357929513229023e-05,2.3744327102727617e-05
5625,2.2374385147635464e-05,2.538371310859036e-05,2.3575646374767828e-05,2.3741236327616803e-05
5626,2.2371226292609498e-05,2.5380213906492526e-05,2.3572004910203246e-05,2.3738145613245595e-05
5627,2.2368074417766637e-05,2.5376713619801478e-05,2.3568356032488625e-05,2.3735054213208442e-05
5628,2.2364913129185913e-05,2.537321555078943e-05,2.3564718843101546e-05,2.373197068045379e-05
5629,2.236176059111542e-05,2.5369720967786347e-05,2.3561084996288928e-05,2.372888744161172e-05
5630,2.2358610111937715e-05,2.5366236717529676e-05,2.3557450962429314e-05,2.3725802606516032e-05
5631,2.2355456391305897e-05,2.5362744946867327e-05,2.355381209221576e-05,2.3722721355511176e-05
5632,2.235231089152964e-05,2.535925465114894e-05,2.3550179079028306e-05,2.3719641786838827e-05
5633,2.234916125087554e-05,2.5355765659434048e-05,2.354654616487988e-05,2.371656243663332e-05
5634,2.2346018581442025e-05,2.5352282857312893e-05,2.354291889125712e-05,2.371348923165554e-05
5635,2.2342875665472364e-05,2.5348802541281496e-05,2.3539296607307867e-05,2.37104146281943e-05
5636,2.2339732069501933e-05,2.5345322677032425e-05,2.353567184336685e-05,2.370733991716675e-05
5637,2.23365977761091e-05,2.534184040069777e-05,2.3532050467069764e-05,2.3704265156138815e-05
5638,2.2333460131849446e-05,2.5338366741693238e-05,2.3528428391521122e-05,2.3701202717672176e-05
5639,2.23303237007435e-05,2.5334894722361353e-05,2.3524811374800392e-05,2.369813617395147e-05
5640,2.232719347779473e-05,2.5331419864209635e-05,2.3521191866281415e-05,2.369506855413915e-05
5641,2.2324061698887944e-05,2.532795131789054e-05,2.35175819694586e-05,2.3692005801285673e-05
5642,2.2320929156273287e-05,2.5324488615795577e-05,2.3513965660394472e-05,2.3688947534108586e-05
5643,2.2317798476824265e-05,2.532102100525109e-05,2.351036404636301e-05,2.3685886266528734e-05
5644,2.231467789900681e-05,2.5317559678755006e-05,2.3506757761437682e-05,2.3682829580180027e-05
5645,2.2311552433556918e-05,2.531409922112604e-05,2.3503148007965325e-05,2.3679772991878366e-05
5646,2.2308432621947215e-05,2.5310639191940933e-05,2.349954510510609e-05,2.3676720088875126e-05
5647,2.230531450821797e-05,2.530717840501472e-05,2.3495944620363546e-05,2.3673664204113898e-05
5648,2.2302192435324837e-05,2.5303726140802095e-05,2.3492346573516164e-05,2.367061625351477e-05
5649,2.2299074814301216e-05,2.5300270505064916e-05,2.3488743276266723e-05,2.3667567215802216e-05
5650,2.2295962333410305e-05,2.529681657853471e-05,2.3485152888025556e-05,2.3664517582605006e-05
5651,2.229284649263954e-05,2.5293373458166115e-05,2.3481561194296262e-05,2.3661478140460973e-05
5652,2.2289739408066448e-05,2.528992743225729e-05,2.3477971579088743e-05,2.365843395241197e-05
5653,2.2286632085516157e-05,2.528647860752312e-05,2.3474383613961624e-05,2.365539505930467e-05
5654,2.2283522474875864e-05,2.5283033654411694e-05,2.347080291167548e-05,2.3652356470009066e-05
5655,2.228041728197649e-05,2.5279594706014336e-05,2.346721192257312e-05,2.3649322719431714e-05
5656,2.2277317801560218e-05,2.527615343110153e-05,2.3463633234390144e-05,2.364628480465633e-05
5657,2.2274217006743308e-05,2.527271862839849e-05,2.3460048653390235e-05,2.364325061663181e-05
5658,2.227111615985736e-05,2.5269280849563645e-05,2.3456474650861503e-05,2.3640216560464122e-05
5659,2.2268015675657804e-05,2.5265847737649477e-05,2.3452897649952615e-05,2.3637186176371965e-05
5660,2.2264924157694824e-05,2.5262416912621572e-05,2.3449321174124587e-05,2.3634160967080893e-05
5661,2.2261828353514904e-05,2.5258989555326587e-05,2.3445749626581268e-05,2.3631133742328418e-05
5662,2.2258740419093647e-05,2.5255562792239967e-05,2.3442178545938925e-05,2.362810889538446e-05
5663,2.2255648331109105e-05,2.5252145130957753e-05,2.3438616617620775e-05,2.3625089391680044e-05
5664,2.2252557287151006e-05,2.524871605052998e-05,2.343504634745696e-05,2.362206823508134e-05
5665,2.2249474848074994e-05,2.524529891905709e-05,2.3431480372774693e-05,2.3619050068886312e-05
5666,2.2246389011573917e-05,2.5241882172662873e-05,2.342792229388371e-05,2.3616028843225536e-05
5667,2.224330373453939e-05,2.523846225613229e-05,2.3424367178565972e-05,2.3613016024821575e-05
5668,2.2240227998316228e-05,2.5235044156912537e-05,2.3420808017788488e-05,2.3610000582141414e-05
5669,2.2237149110686093e-05,2.5231633275036302e-05,2.341724752059677e-05,2.3606990791406104e-05
5670,2.2234072822698173e-05,2.5228228866080536e-05,2.3413696044917095e-05,2.3603980455509282e-05
5671,2.2230997325882804e-05,2.5224816557274756e-05,2.341014695230396e-05,2.3600971591199782e-05
5672,2.2227921998847972e-05,2.5221406344388596e-05,2.340659689843065e-05,2.3597968552840284e-05
5673,2.2224856315978595e-05,2.5218005963507965e-05,2.3403055339506346e-05,2.3594960636222324e-05
5674,2.2221783465207755e-05,2.5214604385993607e-05,2.339950698604692e-05,2.3591957540841832e-05
5675,2.22187162069183e-05,2.521120219629193e-05,2.339596340377105e-05,2.358895727543992e-05
5676,2.2215649925940868e-05,2.5207808024058376e-05,2.339242440866333e-05,2.3585958162278573e-05
5677,2.2212586868458063e-05,2.5204405956220044e-05,2.3388883500519252e-05,2.358296634878608e-05
5678,2.220952482022999e-05,2.5201013730235348e-05,2.3385348046803123e-05,2.3579967492325382e-05
5679,2.2206465177420716e-05,2.5197619127593244e-05,2.338181038897942e-05,2.3576972597092828e-05
5680,2.2203404747018003e-05,2.5194230992180698e-05,2.3378275761008438e-05,2.357397939919495e-05
5681,2.2200347076294118e-05,2.5190843611076176e-05,2.3374749302469224e-05,2.357099180918994e-05
5682,2.219729725813933e-05,2.518745359656304e-05,2.3371219668006574e-05,2.3568001204619634e-05
5683,2.219424070822249e-05,2.5184069589835747e-05,2.3367696742710793e-05,2.356501565702158e-05
5684,2.219119194275029e-05,2.518068959243166e-05,2.336416944334716e-05,2.3562033922025873e-05
5685,2.2188146049806477e-05,2.5177311791167357e-05,2.3360648243382604e-05,2.355905275109207e-05
5686,2.21850954562286e-05,2.5173928548293578e-05,2.3357128654925265e-05,2.35560680441565e-05
5687,2.2182053240127024e-05,2.517055342606507e-05,2.335360652421068e-05,2.3553091701941274e-05
5688,2.2179005844178506e-05,2.516717889549206e-05,2.3350091469040748e-05,2.3550112241937417e-05
5689,2.2175964584236392e-05,2.5163804206798925e-05,2.334657571444629e-05,2.354713945618317e-05
5690,2.2172927450750158e-05,2.516043614253825e-05,2.3343060233003193e-05,2.3544164861258766e-05
5691,2.2169891028072574e-05,2.515706768250624e-05,2.333955433252734e-05,2.3541186897055663e-05
5692,2.2166851606054678e-05,2.5153702314018032e-05,2.3336048052386643e-05,2.3538222216903472e-05
5693,2.2163817656893525e-05,2.5150330485158515e-05,2.333254207551557e-05,2.3535250660032272e-05
5694,2.2160788080289647e-05,2.5146975560875456e-05,2.3329033495945793e-05,2.353228727678265e-05
5695,2.2157756754305844e-05,2.5143616012280255e-05,2.3325531957149748e-05,2.3529324277912727e-05
5696,2.2154727774265167e-05,2.5140253738333062e-05,2.3322034829992238e-05,2.35263585090751e-05
5697,2.2151700644992255e-05,2.5136901146175758e-05,2.3318535957901808e-05,2.352339957153183e-05
5698,2.2148677517586717e-05,2.5133547082931923e-05,2.3315037707381525e-05,2.3520439761242946e-05
5699,2.214565255183569e-05,2.513019004179924e-05,2.3311539862465558e-05,2.3517485065998878e-05
5700,2.2142632526678566e-05,2.5126840642516995e-05,2.33080550683237e-05,2.3514525031417213e-05
5701,2.213961558258901e-05,2.512349389658851e-05,2.3304560981842812e-05,2.3511574307692466e-05
5702,2.213659368223744e-05,2.5120142710744016e-05,2.330107932082104e-05,2.3508616173847062e-05
5703,2.213357798020884e-05,2.5116803289533847e-05,2.329759029919741e-05,2.3505673464567086e-05
5704,2.213056579852546e-05,2.5113458922903458e-05,2.3294104859111334e-05,2.350271984431598e-05
5705,2.2127552437826628e-05,2.51101187926549e-05,2.3290622684540234e-05,2.349977699764327e-05
5706,2.2124543098338888e-05,2.510678020405774e-05,2.3287145573449307e-05,2.349683169182394e-05
5707,2.2121534248701197e-05,2.5103447274034714e-05,2.328366626969164e-05,2.3493886934330393e-05
5708,2.211852706039893e-05,2.5100105476068635e-05,2.3280188174578795e-05,2.3490945333827606e-05
5709,2.2115520372861593e-05,2.509678276818904e-05,2.327671532798425e-05,2.348800356266923e-05
5710,2.211252176216268e-05,2.509344726464217e-05,2.327324562618852e-05,2.348506824770752e-05
5711,2.2109517493148842e-05,2.509011512868728e-05,2.326977216355627e-05,2.3482133726868974e-05
5712,2.2106519742190724e-05,2.5086790311518577e-05,2.3266305225286883e-05,2.3479192008717523e-05
5713,2.2103522847421643e-05,2.5083468447862847e-05,2.326284546227438e-05,2.347626581343908e-05
5714,2.2100524612795014e-05,2.5080143341320595e-05,2.3259376605924826e-05,2.347333648991068e-05
5715,2.2097531790433204e-05,2.5076822539720734e-05,2.325591226316666e-05,2.3470408726674068e-05
5716,2.2094538666470477e-05,2.507350512218087e-05,2.3252454226676864e-05,2.3467479374032868e-05
5717,2.2091551443495e-05,2.507018759649359e-05,2.324899424359083e-05,2.3464551514234148e-05
5718,2.2088562538659185e-05,2.5066873498867415e-05,2.3245541871904286e-05,2.3461630771803646e-05
5719,2.2085574762191613e-05,2.506355753707121e-05,2.32420885430296e-05,2.3458706742538507e-05
5720,2.2082590717573164e-05,2.506025204024301e-05,2.3238635016535452e-05,2.345578858567257e-05
5721,2.207960945192045e-05,2.505693671339361e-05,2.3235183442296194e-05,2.345287122581593e-05
5722,2.207662573381227e-05,2.505362780905453e-05,2.3231737574431254e-05,2.344995127753525e-05
5723,2.207364605505685e-05,2.505032827510626e-05,2.3228293446871933e-05,2.3447037352050788e-05
5724,2.2070668369543237e-05,2.5047025746244156e-05,2.3224851019857774e-05,2.344412394608655e-05
5725,2.2067692409946752e-05,2.5043721067452404e-05,2.3221405134359346e-05,2.3441213233602543e-05
5726,2.206472008281496e-05,2.5040426481086714e-05,2.3217969459324248e-05,2.3438304977981425e-05
5727,2.206174603471306e-05,2.5037125740148702e-05,2.3214532666159548e-05,2.343539819910431e-05
5728,2.2058778784502576e-05,2.5033833270285016e-05,2.321109652984224e-05,2.3432493009286273e-05
5729,2.2055809894696353e-05,2.503053873869687e-05,2.320766223741481e-05,2.342958941461214e-05
5730,2.205284455481977e-05,2.502725007485892e-05,2.3204228386521677e-05,2.342668635546298e-05
5731,2.2049874726949875e-05,2.5023958515980956e-05,2.3200800799101592e-05,2.3423785181479567e-05
5732,2.2046915943726107e-05,2.5020672434902097e-05,2.3197369339159708e-05,2.342088633551984e-05
5733,2.2043955867671726e-05,2.5017385107715517e-05,2.319394273269759e-05,2.3417988360944943e-05
5734,2.2040995862034572e-05,2.5014100654975438e-05,2.3190520827380505e-05,2.3415094797118664e-05
5735,2.203803722791654e-05,2.501082171682059e-05,2.3187095633520766e-05,2.3412200286447524e-05
5736,2.203508122498007e-05,2.5007540272892586e-05,2.3183680572139295e-05,2.3409309257162626e-05
5737,2.20321266302919e-05,2.5004268611866074e-05,2.3180261006819942e-05,2.3406417421078415e-05
5738,2.202917338292846e-05,2.5000987503889815e-05,2.3176844391814794e-05,2.34035300172061e-05
5739,2.2026223311181794e-05,2.49977144916265e-05,2.317343366815717e-05,2.3400641338836635e-05
5740,2.202327554669943e-05,2.499444452422505e-05,2.317001770048906e-05,2.339775877647603e-05
5741,2.202032963363475e-05,2.4991173577413004e-05,2.3166610573682506e-05,2.3394874920848e-05
5742,2.201738523757368e-05,2.498790776261519e-05,2.31632017879838e-05,2.3391993112793187e-05
5743,2.20144413846111e-05,2.498463437695045e-05,2.3159796024976288e-05,2.338911442603159e-05
5744,2.2011498028105263e-05,2.498137475424974e-05,2.315639376995305e-05,2.338623706503293e-05
5745,2.2008557651637083e-05,2.497811166607665e-05,2.315298780466357e-05,2.338335942530541e-05
5746,2.200561949274213e-05,2.49748512497452e-05,2.314958878276412e-05,2.338048996780765e-05
5747,2.2002686198735668e-05,2.4971590981375255e-05,2.314619163572302e-05,2.3377611655356504e-05
5748,2.199975049898273e-05,2.4968339658845994e-05,2.3142793150046644e-05,2.337474193697173e-05
5749,2.1996818043681057e-05,2.4965080811561723e-05,2.31394024953282e-05,2.3371875792093876e-05
5750,2.199388718416939e-05,2.4961827736755335e-05,2.3136008850506072e-05,2.3369007036181783e-05
5751,2.1990957926367936e-05,2.4958581950564748e-05,2.313262008546898e-05,2.336614033504648e-05
5752,2.1988034029172116e-05,2.4955332616031778e-05,2.312923224894401e-05,2.3363276693924327e-05
5753,2.198510852373806e-05,2.4952082730021046e-05,2.3125840115444042e-05,2.336041442352721e-05
5754,2.1982182742145178e-05,2.4948843483304743e-05,2.312245705330021e-05,2.335755559147853e-05
5755,2.1979260299116975e-05,2.494559502859273e-05,2.3119074897056585e-05,2.335469722975376e-05
5756,2.1976340870127305e-05,2.494235346968405e-05,2.311569852267644e-05,2.335183938976517e-05
5757,2.197342574624393e-05,2.4939118764872292e-05,2.3112317919511848e-05,2.3348984617125785e-05
5758,2.1970506605332213e-05,2.4935879593445237e-05,2.3108945313663986e-05,2.3346130969120064e-05
5759,2.1967593442800375e-05,2.4932644733875823e-05,2.3105569326933345e-05,2.334327787922688e-05
5760,2.1964677111626515e-05,2.4929413095688364e-05,2.3102196720380725e-05,2.334042873113038e-05
5761,2.19617662404311e-05,2.492618180502536e-05,2.3098824915635656e-05,2.333758454956822e-05
5762,2.1958858104103184e-05,2.4922951106902647e-05,2.3095453873154706e-05,2.333473506765247e-05
5763,2.195595364360411e-05,2.4919725747020297e-05,2.3092088614617446e-05,2.333189130661815e-05
5764,2.1953045959141967e-05,2.491649753962887e-05,2.3088719759682678e-05,2.332904722120254e-05
5765,2.1950142118381738e-05,2.4913273928029968e-05,2.3085360483523267e-05,2.3326207392030114e-05
5766,2.194723833148899e-05,2.4910052757750507e-05,2.3082000793206602e-05,2.3323367479396735e-05
5767,2.1944338869557742e-05,2.4906835160902923e-05,2.3078642477309345e-05,2.3320532041739404e-05
5768,2.194143972440728e-05,2.4903619012908157e-05,2.3075286644959266e-05,2.331769624683025e-05
5769,2.1938543590666694e-05,2.4900400424006414e-05,2.3071933718832697e-05,2.3314859333300513e-05
5770,2.1935647875858657e-05,2.4897188903858233e-05,2.3068579875441474e-05,2.3312031517657892e-05
5771,2.1932755600842653e-05,2.4893974534193537e-05,2.3065226052618746e-05,2.3309197222389607e-05
5772,2.1929864180702743e-05,2.4890767915132846e-05,2.3061878196984603e-05,2.330636652388711e-05
5773,2.192697169869692e-05,2.488755890758753e-05,2.305853160787286e-05,2.330354068053258e-05
5774,2.192408489176936e-05,2.4884351837146038e-05,2.3055182780282956e-05,2.3300714655030436e-05
5775,2.1921199253803224e-05,2.488114530735952e-05,2.3051843211697697e-05,2.3297887914331433e-05
5776,2.1918314198232288e-05,2.4877946901146793e-05,2.3048499753194262e-05,2.32950667081784e-05
5777,2.1915429576403782e-05,2.4874742115783474e-05,2.304516052798856e-05,2.329224507185856e-05
5778,2.1912553082797788e-05,2.487154575797517e-05,2.3041822912100392e-05,2.3289430912037125e-05
5779,2.1909672846895123e-05,2.4868350648080982e-05,2.3038489343021733e-05,2.3286610949458427e-05
5780,2.1906795691291427e-05,2.4865154094650295e-05,2.303515606148982e-05,2.328379754008422e-05
5781,2.190391943005475e-05,2.48619587260432e-05,2.3031821653460616e-05,2.328098127534842e-05
5782,2.1901043874714987e-05,2.4858769595064578e-05,2.3028491044667636e-05,2.3278171828036516e-05
5783,2.1898172131580964e-05,2.4855582974666457e-05,2.30251638004725e-05,2.3275358378607894e-05
5784,2.189530154623236e-05,2.4852394634781273e-05,2.302184019233106e-05,2.3272551889236778e-05
5785,2.189243307037073e-05,2.4849209914805318e-05,2.3018515961739712e-05,2.3269745428780114e-05
5786,2.188956635954397e-05,2.4846029635293066e-05,2.301519446589145e-05,2.3266940882103105e-05
5787,2.18867016739426e-05,2.4842845895716317e-05,2.3011875754085454e-05,2.3264138384038284e-05
5788,2.1883838423652645e-05,2.4839665551903293e-05,2.300855688416711e-05,2.3261335982606665e-05
5789,2.1880974899519305e-05,2.4836489081771346e-05,2.3005240190412116e-05,2.3258536591894002e-05
5790,2.187811550582376e-05,2.4833310081315545e-05,2.30019236946581e-05,2.3255736715294604e-05
5791,2.1875259064147033e-05,2.4830136964500123e-05,2.2998611329317266e-05,2.325294379751743e-05
5792,2.187240116311521e-05,2.4826965089072035e-05,2.2995307916840882e-05,2.3250143442313785e-05
5793,2.186954368811925e-05,2.482379536900891e-05,2.2991995252071895e-05,2.3247351607000496e-05
5794,2.1866694083761173e-05,2.4820627144621746e-05,2.2988688064175278e-05,2.3244561929899147e-05
5795,2.186384279431115e-05,2.4817460964311572e-05,2.2985382401337017e-05,2.324177252933806e-05
5796,2.18609918919087e-05,2.481429761480101e-05,2.2982083044189683e-05,2.3238982331727853e-05
5797,2.1858144320811977e-05,2.4811136392440016e-05,2.2978779740382877e-05,2.323619897991574e-05
5798,2.1855298050642638e-05,2.480797363678355e-05,2.2975481348101947e-05,2.3233413693836345e-05
5799,2.1852455567346817e-05,2.4804815147830324e-05,2.297218328857363e-05,2.323063088714959e-05
5800,2.184961222843197e-05,2.4801657131866722e-05,2.2968891034518163e-05,2.3227849853410853e-05
5801,2.184677204062719e-05,2.4798501862640044e-05,2.2965598906578805e-05,2.322506722183068e-05
5802,2.1843932160228446e-05,2.4795353651991605e-05,2.296230394373511e-05,2.3222289251533667e-05
5803,2.1841095337323295e-05,2.4792197669861378e-05,2.2959016235723342e-05,2.3219514474413987e-05
5804,2.183825915397856e-05,2.4789050560195244e-05,2.295572799559175e-05,2.321674132022182e-05
5805,2.1835427590547283e-05,2.4785902036464363e-05,2.2952444089168698e-05,2.321397181373598e-05
5806,2.1832591969173316e-05,2.47827570917936e-05,2.294916159354534e-05,2.321119630616983e-05
5807,2.1829765669524738e-05,2.477961404607506e-05,2.2945879370667505e-05,2.3208429974966156e-05
5808,2.1826934948336366e-05,2.4776472819894573e-05,2.2942602137384382e-05,2.320566239663152e-05
5809,2.1824107968574754e-05,2.4773329445282728e-05,2.293932134637623e-05,2.3202895407600922e-05
5810,2.182128276028442e-05,2.477019370489377e-05,2.293604434512812e-05,2.320013202974845e-05
5811,2.1818462143454016e-05,2.476705821528266e-05,2.2932772380517278e-05,2.319736923397755e-05
5812,2.1815637594521807e-05,2.4763925904750376e-05,2.2929496020061484e-05,2.3194607606982914e-05
5813,2.181281765011673e-05,2.4760791828787977e-05,2.2926230749574376e-05,2.3191851186538925e-05
5814,2.180999986878456e-05,2.4757660493207437e-05,2.292296276934446e-05,2.3189090225965718e-05
5815,2.180718377142039e-05,2.4754532666077056e-05,2.29196950212993e-05,2.3186336154947036e-05
5816,2.180436815416937e-05,2.475140671592967e-05,2.2916431816908056e-05,2.3183580648702806e-05
5817,2.1801554553390188e-05,2.4748281564304753e-05,2.291316735433388e-05,2.3180828021827934e-05
5818,2.1798742824813664e-05,2.47451585385598e-05,2.2909906325114456e-05,2.3178081189162724e-05
5819,2.1795934829488705e-05,2.4742036595802812e-05,2.2906648641291358e-05,2.3175331331673592e-05
5820,2.179312892575213e-05,2.4738917738066375e-05,2.290339009733687e-05,2.3172582988577756e-05
5821,2.1790321525391763e-05,2.473579913407207e-05,2.2900136533837968e-05,2.3169838025558183e-05
5822,2.178751673684758e-05,2.473268502431909e-05,2.289688295081955e-05,2.3167093838269187e-05
5823,2.1784714644022958e-05,2.472957215497623e-05,2.2893634497177237e-05,2.316435043009909e-05
5824,2.1781912500060234e-05,2.472646000222506e-05,2.2890382515794687e-05,2.3161610281467062e-05
5825,2.1779114104369453e-05,2.4723346114849607e-05,2.2887137888649513e-05,2.315887284766915e-05
5826,2.1776317631571523e-05,2.4720240079893388e-05,2.2883890174299494e-05,2.315613405648479e-05
5827,2.177352238135596e-05,2.4717136477593757e-05,2.288064596502354e-05,2.3153395462269197e-05
5828,2.1770725938923333e-05,2.4714031540047904e-05,2.2877404422810255e-05,2.3150665449389437e-05
5829,2.1767932314927544e-05,2.471093001077413e-05,2.2874164655747128e-05,2.314793229753464e-05
5830,2.17651427738249e-05,2.470782636915998e-05,2.2870925595912378e-05,2.314520242140731e-05
5831,2.1762353880515487e-05,2.4704729641491007e-05,2.2867691494808967e-05,2.3142474151718603e-05
5832,2.1759567151158153e-05,2.4701633005249847e-05,2.286445692499773e-05,2.313974717944187e-05
5833,2.1756782783772873e-05,2.4698534680688298e-05,2.2861224924390467e-05,2.3137022221504048e-05
5834,2.1753997385599004e-05,2.4695443144690112e-05,2.2857993807664324e-05,2.3134298241351753e-05
5835,2.175121594634357e-05,2.4692354016266968e-05,2.2854763247404015e-05,2.313157568047404e-05
5836,2.1748433584448065e-05,2.4689261163555243e-05,2.2851538008375615e-05,2.312885354511258e-05
5837,2.1745654797807382e-05,2.4686174551727504e-05,2.28483143339885e-05,2.3126138135909858e-05
5838,2.174287964465506e-05,2.468308861601224e-05,2.2845090707534842e-05,2.3123417052292005e-05
5839,2.174010588185014e-05,2.4680005588069952e-05,2.2841870506634e-05,2.3120701758446335e-05
5840,2.1737331402685475e-05,2.467692363651747e-05,2.283865287666179e-05,2.3117989552877715e-05
5841,2.1734560226168155e-05,2.4673842396959134e-05,2.2835434543547196e-05,2.311527677009289e-05
5842,2.1731789091709732e-05,2.4670765286791812e-05,2.283221758553946e-05,2.311256697585116e-05
5843,2.1729020269203608e-05,2.4667687917830796e-05,2.2829006670271558e-05,2.310985928540619e-05
5844,2.1726253827207234e-05,2.466461484528364e-05,2.2825797533615218e-05,2.3107150430284116e-05
5845,2.1723489093487595e-05,2.4661539674413485e-05,2.28225868797262e-05,2.310444630510106e-05
5846,2.1720723235276743e-05,2.465846999556451e-05,2.2819377635453513e-05,2.310174292087463e-05
5847,2.1717963546733797e-05,2.4655399095533033e-05,2.281617335140302e-05,2.3099040670260434e-05
5848,2.171520344016157e-05,2.465233456876752e-05,2.2812967109430975e-05,2.3096338796224345e-05
5849,2.17124451249905e-05,2.464926562131062e-05,2.2809766040572316e-05,2.30936401504763e-05
5850,2.1709689520593598e-05,2.4646203757237317e-05,2.280656434804286e-05,2.3090940751142237e-05
5851,2.1706934999564154e-05,2.4643144992305547e-05,2.28033655979001e-05,2.3088248216188807e-05
5852,2.1704180725953226e-05,2.4640082496213272e-05,2.2800169633819834e-05,2.3085553305836847e-05
5853,2.1701428850289337e-05,2.4637026041360652e-05,2.279697327531069e-05,2.3082862597681343e-05
5854,2.1698680227233188e-05,2.463396577613932e-05,2.279378214359894e-05,2.3080171555388204e-05
5855,2.1695931614955598e-05,2.4630915317829502e-05,2.2790590473610955e-05,2.3077482432707585e-05
5856,2.169318528041159e-05,2.4627862094718864e-05,2.2787403154613775e-05,2.3074797248218353e-05
5857,2.1690441912171198e-05,2.4624809850881438e-05,2.27842154810797e-05,2.307211068667549e-05
5858,2.168769817695864e-05,2.4621764211875795e-05,2.2781028598564354e-05,2.3069427189460525e-05
5859,2.1684956076885018e-05,2.4618715966804968e-05,2.2777845858115527e-05,2.3066745811052892e-05
5860,2.1682214909930455e-05,2.461566970447412e-05,2.2774665733045896e-05,2.3064066009207867e-05
5861,2.1679480573302616e-05,2.4612626940184596e-05,2.2771484708977866e-05,2.306138667804923e-05
5862,2.1676741539155327e-05,2.460958389826521e-05,2.2768306030466972e-05,2.30587088116853e-05
5863,2.167400936531506e-05,2.4606545003528633e-05,2.276513342838449e-05,2.305603245700983e-05
5864,2.16712759159815e-05,2.460350739958356e-05,2.276195722176684e-05,2.3053357878170245e-05
5865,2.166854509404933e-05,2.4600471275263397e-05,2.2758785731641485e-05,2.3050685255803674e-05
5866,2.1665814245202367e-05,2.459743762010274e-05,2.2755612879847585e-05,2.3048013632528863e-05
5867,2.1663086236401818e-05,2.459440545390326e-05,2.2752446103710912e-05,2.3045346099735934e-05
5868,2.1660360538953794e-05,2.4591375164600458e-05,2.2749278288494125e-05,2.3042677946713427e-05
5869,2.1657636387551525e-05,2.4588347240764702e-05,2.274611098433497e-05,2.3040012359504523e-05
5870,2.1654913646185535e-05,2.4585318485948368e-05,2.2742951481026587e-05,2.3037350840329987e-05
5871,2.1652193103274844e-05,2.4582293157457093e-05,2.2739788085217243e-05,2.3034686261606068e-05
5872,2.1649473574072175e-05,2.457926854918809e-05,2.2736626975404364e-05,2.3032025789917693e-05
5873,2.164675567838585e-05,2.4576248879243603e-05,2.2733472659339244e-05,2.30293654384978e-05
5874,2.16440405476883e-05,2.4573229069281525e-05,2.2730315041476638e-05,2.3026709139961744e-05
5875,2.1641323664757175e-05,2.457021243257831e-05,2.272716315778576e-05,2.302405303771314e-05
5876,2.163861237290539e-05,2.456719596406497e-05,2.2724008410816387e-05,2.3021398762628002e-05
5877,2.1635902340638246e-05,2.456418001748117e-05,2.272086126662683e-05,2.301874505713693e-05
5878,2.1633192806260897e-05,2.4561168720592328e-05,2.2717711537272607e-05,2.3016094202667003e-05
5879,2.1630484371321946e-05,2.4558156887140138e-05,2.2714564004826833e-05,2.301344567072666e-05
5880,2.162777964610789e-05,2.4555148340899532e-05,2.2711421875779014e-05,2.301079731523666e-05
5881,2.1625075382646137e-05,2.455214201437669e-05,2.2708279909982918e-05,2.3008150731023336e-05
5882,2.162237291113356e-05,2.454913796129013e-05,2.2705136054949696e-05,2.3005508079130354e-05
5883,2.161967087473371e-05,2.4546134539773428e-05,2.270199883351997e-05,2.3002865341180396e-05
5884,2.1616971361342474e-05,2.454313275840688e-05,2.269885943531098e-05,2.300022514631424e-05
5885,2.1614272030555227e-05,2.4540131656494082e-05,2.2695724624350587e-05,2.299758420627124e-05
5886,2.161157717293722e-05,2.453713442291593e-05,2.2692589898760748e-05,2.2994944572523694e-05
5887,2.1608884048139774e-05,2.4534137906735984e-05,2.2689460875637227e-05,2.2992309308616005e-05
5888,2.1606189722068506e-05,2.4531143040220682e-05,2.2686327493126628e-05,2.2989673510961838e-05
5889,2.160349894976494e-05,2.4528151383355856e-05,2.2683201908925373e-05,2.298704001990462e-05
5890,2.160081044497866e-05,2.452516176870902e-05,2.2680075871352224e-05,2.2984410760470585e-05
5891,2.1598120961083068e-05,2.4522172692358853e-05,2.267694953716894e-05,2.298178069637035e-05
5892,2.1595437215986125e-05,2.451918483773403e-05,2.2673827190776482e-05,2.2979153220712036e-05
5893,2.159275149667209e-05,2.4516200538801314e-05,2.267070629574469e-05,2.29765264933716e-05
5894,2.1590069593594147e-05,2.4513216702304468e-05,2.2667588356102094e-05,2.2973902808472676e-05
5895,2.158738764671883e-05,2.4510236304598475e-05,2.2664469632847204e-05,2.2971277488381567e-05
5896,2.158470867350016e-05,2.4507256307774955e-05,2.266135735651725e-05,2.296865515330067e-05
5897,2.1582030908432814e-05,2.4504277436308835e-05,2.2658242081456422e-05,2.2966035533996627e-05
5898,2.1579356275981835e-05,2.450130135998252e-05,2.265512964410763e-05,2.296341764592366e-05
5899,2.1576681094128282e-05,2.449832746126538e-05,2.265202137963128e-05,2.2960800125228382e-05
5900,2.157400721511649e-05,2.4495354075676363e-05,2.264891338804996e-05,2.2958184592223813e-05
5901,2.157133683941978e-05,2.4492384085295742e-05,2.264580584916986e-05,2.2955571368704665e-05
5902,2.1568668648852396e-05,2.4489413148424684e-05,2.2642701258759904e-05,2.2952960764113778e-05
5903,2.1566001358916075e-05,2.4486448682058022e-05,2.2639597708553165e-05,2.2950348462959675e-05
5904,2.1563334954742267e-05,2.4483480577875752e-05,2.2636498565120874e-05,2.294773991590924e-05
5905,2.1560669536595853e-05,2.4480515916661558e-05,2.2633398831007535e-05,2.294513321747847e-05
5906,2.1558006357553745e-05,2.447755459961907e-05,2.2630302623356508e-05,2.2942528226865882e-05
5907,2.1555345545142717e-05,2.447459638371302e-05,2.2627207775452207e-05,2.2939925290944534e-05
5908,2.155268572482214e-05,2.447163619975025e-05,2.2624113277142e-05,2.2937321500723827e-05
5909,2.155002739277101e-05,2.446868019408871e-05,2.2621022323366136e-05,2.2934722206759254e-05
5910,2.1547371139796137e-05,2.4465726034374216e-05,2.2617933326786418e-05,2.293212298501881e-05
5911,2.1544716756413142e-05,2.4462774114523033e-05,2.2614843810697297e-05,2.2929524416877714e-05
5912,2.1542063632471184e-05,2.4459822944252617e-05,2.2611757533885468e-05,2.2926930063526415e-05
5913,2.153941228021949e-05,2.4456873297241204e-05,2.2608673442035276e-05,2.292433513112326e-05
5914,2.1536763062968604e-05,2.44539245689192e-05,2.2605591748958487e-05,2.292174225316911e-05
5915,2.1534115916010054e-05,2.445097777081538e-05,2.2602509524672774e-05,2.29191508121342e-05
5916,2.1531469397020274e-05,2.4448037252584393e-05,2.259942955792681e-05,2.2916563007458978e-05
5917,2.1528823938757985e-05,2.444509199873101e-05,2.2596354913369786e-05,2.2913972910663717e-05
5918,2.1526181923787877e-05,2.4442153243864512e-05,2.2593277165332378e-05,2.2911388283397145e-05
5919,2.1523539767905208e-05,2.4439214089872388e-05,2.259020487617092e-05,2.2908803179661e-05
5920,2.1520899352905388e-05,2.4436275414222923e-05,2.2587133271137052e-05,2.290622043107639e-05
5921,2.1518260439647678e-05,2.443334187636932e-05,2.2584063781533334e-05,2.2903637254294476e-05
5922,2.1515624559540312e-05,2.4430410776113497e-05,2.2580994582483653e-05,2.290105934912029e-05
5923,2.1512989794098615e-05,2.4427475693849574e-05,2.2577928906751263e-05,2.289848152823159e-05
5924,2.151035690090602e-05,2.442454685733945e-05,2.2574865813316656e-05,2.2895903627056136e-05
5925,2.1507726036168316e-05,2.442162120116024e-05,2.2571803343412173e-05,2.289332946582146e-05
5926,2.1505095651171098e-05,2.4418692088140855e-05,2.256874131599287e-05,2.2890756178231115e-05
5927,2.1502467404327348e-05,2.4415770712637152e-05,2.2565681619610392e-05,2.288818421234833e-05
5928,2.1499840586751645e-05,2.4412846827591437e-05,2.2562623433132882e-05,2.288561376779544e-05
5929,2.1497216393381432e-05,2.4409925775565474e-05,2.2559569180722362e-05,2.2883045844359587e-05
5930,2.1494592623522325e-05,2.440700772538949e-05,2.255651402095989e-05,2.2880476949672717e-05
5931,2.149196996666431e-05,2.4404089439930243e-05,2.2553462796989322e-05,2.287791417738558e-05
5932,2.148935004241216e-05,2.4401173663273583e-05,2.2550414204257155e-05,2.2875348894808556e-05
5933,2.148673074437416e-05,2.4398260423409826e-05,2.254736420182039e-05,2.2872787705473186e-05
5934,2.148411459509956e-05,2.439534757345029e-05,2.2544318943228127e-05,2.2870226984066027e-05
5935,2.148149962860192e-05,2.4392439519921898e-05,2.2541274926643862e-05,2.2867668572559077e-05
5936,2.1478884555786325e-05,2.4389528786439772e-05,2.2538229225621723e-05,2.2865110321086714e-05
5937,2.1476271778008446e-05,2.438662189507457e-05,2.253518865634238e-05,2.2862554927777272e-05
5938,2.1473663056613615e-05,2.4383718570690892e-05,2.253214804394614e-05,2.2860000745756126e-05
5939,2.1471054058101906e-05,2.4380813953430722e-05,2.2529111634656205e-05,2.2857448348184325e-05
5940,2.146844670249247e-05,2.4377913666354987e-05,2.2526076025725768e-05,2.28548964118712e-05
5941,2.1465840751112852e-05,2.4375013443374556e-05,2.252304023648029e-05,2.2852346379988305e-05
5942,2.146323748851627e-05,2.4372115981141188e-05,2.2520008881189557e-05,2.2849799540055915e-05
5943,2.1460636984357203e-05,2.4369219801663812e-05,2.2516979793849596e-05,2.2847251926513054e-05
5944,2.145803422870201e-05,2.43663242442684e-05,2.251395065625077e-05,2.284470855196426e-05
5945,2.145543512397435e-05,2.436343222180883e-05,2.251092317597438e-05,2.2842164561091813e-05
5946,2.1452838061949753e-05,2.436054233445866e-05,2.2507899881356683e-05,2.283962462393429e-05
5947,2.145024253388424e-05,2.4357653984618325e-05,2.250487537180376e-05,2.283708357466067e-05
5948,2.1447647440874218e-05,2.435476656034061e-05,2.250185259464969e-05,2.2834544839079833e-05
5949,2.1445055200947e-05,2.4351879094242186e-05,2.2498834250435796e-05,2.2832007699687094e-05
5950,2.144246413354563e-05,2.4348995789937973e-05,2.2495812418205592e-05,2.28294750207591e-05
5951,2.1439874722399727e-05,2.434611315772054e-05,2.2492799774419943e-05,2.2826938546433237e-05
5952,2.1437286902598597e-05,2.4343234471520047e-05,2.2489784992373148e-05,2.282440797732337e-05
5953,2.143470158207082e-05,2.43403545332464e-05,2.248677218310537e-05,2.2821875932081483e-05
5954,2.1432116800077552e-05,2.4337479896328257e-05,2.2483761270682243e-05,2.2819349011114618e-05
5955,2.1429532657197854e-05,2.4334603672131236e-05,2.248075130872067e-05,2.2816820244958418e-05
5956,2.1426951026205335e-05,2.433172972843216e-05,2.2477743021627795e-05,2.2814294683217886e-05
5957,2.1424372270708855e-05,2.4328857180186675e-05,2.247473985018155e-05,2.2811770350115138e-05
5958,2.1421794466252995e-05,2.4325989158697972e-05,2.2471735188017797e-05,2.280924744910817e-05
5959,2.1419217929848205e-05,2.432311969158149e-05,2.246873177465808e-05,2.280672749948671e-05
5960,2.1416642763694107e-05,2.432025436980519e-05,2.2465730853944935e-05,2.2804208368111763e-05
5961,2.1414070431054444e-05,2.431739014601227e-05,2.2462733424185255e-05,2.2801689131480905e-05
5962,2.1411498047406582e-05,2.431452559770566e-05,2.245973552785191e-05,2.2799173040558807e-05
5963,2.1408927411248995e-05,2.4311664633369196e-05,2.2456742657038076e-05,2.27966595893816e-05
5964,2.1406359393245356e-05,2.430880614772955e-05,2.245374771486214e-05,2.2794146345399756e-05
5965,2.1403792901984072e-05,2.4305947974860115e-05,2.245075656067433e-05,2.2791634179500454e-05
5966,2.140122767062003e-05,2.430309184121762e-05,2.2447767140797572e-05,2.278912320566064e-05
5967,2.139866424233957e-05,2.4300238762752283e-05,2.244477952065203e-05,2.2786616033362734e-05
5968,2.1396101399197398e-05,2.4297386206842028e-05,2.244179332021989e-05,2.2784109448824248e-05
5969,2.139354121778583e-05,2.429453617268105e-05,2.2438806934067892e-05,2.278160292127648e-05
5970,2.1390982704690544e-05,2.429168779717363e-05,2.243582613103201e-05,2.2779100241773558e-05
5971,2.138842535395851e-05,2.428883881592991e-05,2.2432845488372756e-05,2.2776598286549358e-05
5972,2.1385869009641474e-05,2.4285995503393836e-05,2.2429866458797192e-05,2.277409783210233e-05
5973,2.1383314985149022e-05,2.4283150753559346e-05,2.242688789796552e-05,2.2771598005296706e-05
5974,2.1380763363716414e-05,2.4280307767817766e-05,2.2423913831544048e-05,2.276910182506544e-05
5975,2.1378212542705303e-05,2.4277467212555324e-05,2.2420938607427216e-05,2.276660340284259e-05
5976,2.137566175360496e-05,2.427462947742204e-05,2.2417966139089967e-05,2.2764109802563734e-05
5977,2.1373116379859285e-05,2.4271792456008988e-05,2.241499600675596e-05,2.2761617924642916e-05
5978,2.1370568807715278e-05,2.4268958030642158e-05,2.2412027343001545e-05,2.275912590476161e-05
5979,2.1368023866585926e-05,2.4266123785814486e-05,2.240906017288097e-05,2.2756635479296135e-05
5980,2.1365481584366135e-05,2.426329488574874e-05,2.2406094680942576e-05,2.2754148362041107e-05
5981,2.1362939999451568e-05,2.4260463349544413e-05,2.2403132099884385e-05,2.2751662105366993e-05
5982,2.136040056451013e-05,2.4257634861686095e-05,2.2400171081156886e-05,2.2749177638613748e-05
5983,2.1357862508448488e-05,2.4254809419832343e-05,2.2397211541492395e-05,2.2746693209662102e-05
5984,2.135532610680224e-05,2.4251984064511195e-05,2.2394251744371462e-05,2.2744211506012345e-05
5985,2.1352790940798057e-05,2.4249160642905012e-05,2.239129590650219e-05,2.2741731508445097e-05
5986,2.13502575034761e-05,2.424633969028102e-05,2.23883424837018e-05,2.2739252108854254e-05
5987,2.1347724985352456e-05,2.4243521796865734e-05,2.238538888335919e-05,2.2736776393702344e-05
5988,2.134519519000762e-05,2.4240702478111686e-05,2.2382437616340613e-05,2.273430009640204e-05
5989,2.134266704410205e-05,2.4237886832566335e-05,2.2379489118213485e-05,2.27318253957843e-05
5990,2.1340139982102054e-05,2.4235072529217377e-05,2.237654042271671e-05,2.272935159489032e-05
5991,2.1337615605156036e-05,2.4232260033772348e-05,2.2373594375648333e-05,2.272688172188511e-05
5992,2.1335090292990727e-05,2.4229448183558403e-05,2.2370650335677692e-05,2.272441203835223e-05
5993,2.133256897163853e-05,2.4226641162697673e-05,2.23677089087163e-05,2.2721945093496483e-05
5994,2.133004798174235e-05,2.4223832405242488e-05,2.2364766883525756e-05,2.2719477623874073e-05
5995,2.1327528079710353e-05,2.4221026021182524e-05,2.236182791946613e-05,2.271701281582783e-05
5996,2.132501068351379e-05,2.421822165963325e-05,2.2358891134439462e-05,2.2714549383132445e-05
5997,2.132249542910883e-05,2.4215421500083007e-05,2.2355955131876973e-05,2.271208982059128e-05
5998,2.1319981051643593e-05,2.4212620436529797e-05,2.2353022143671077e-05,2.2709626960551372e-05
5999,2.13174679370514e-05,2.4209821568744515e-05,2.2350089107594283e-05,2.2707168595359537e-05
6000,2.131495622794168e-05,2.42070251683525e-05,2.234716043081072e-05,2.2704711408690856e-05
6001,2.1312447411827166e-05,2.4204227762733946e-05,2.2344232146735088e-05,2.270225719081958e-05
6002,2.1309938891730135e-05,2.4201435471751992e-05,2.234130523403133e-05,2.2699802976240872e-05
6003,2.13074325366493e-05,2.4198643173632938e-05,2.233837988138715e-05,2.269734971531448e-05
6004,2.130492752268591e-05,2.419585124039338e-05,2.233545534021716e-05,2.2694899356119372e-05
6005,2.130242456975186e-05,2.419306476047131e-05,2.233253396615818e-05,2.2692449519505883e-05
6006,2.1299922644775983e-05,2.4190278606647566e-05,2.232961540488247e-05,2.2690000966865542e-05
6007,2.1297421894930964e-05,2.4187492855702726e-05,2.2326697556925704e-05,2.2687554567183714e-05
6008,2.1294922724332966e-05,2.4184708471971635e-05,2.2323778860502985e-05,2.2685109670789408e-05
6009,2.1292426929948397e-05,2.4181926133175156e-05,2.2320865549067372e-05,2.2682667977040187e-05
6010,2.128993072682855e-05,2.4179146620266428e-05,2.2317952107058538e-05,2.2680225503857507e-05
6011,2.1287437084333978e-05,2.4176368359054868e-05,2.2315040465846944e-05,2.2677784216203816e-05
6012,2.128494543468185e-05,2.4173590928445527e-05,2.2312132108111443e-05,2.2675346876417468e-05
6013,2.1282453766161606e-05,2.4170818165872373e-05,2.230922378358352e-05,2.267291024657283e-05
6014,2.1279964986791226e-05,2.4168044017230744e-05,2.230631673005329e-05,2.2670474102993062e-05
6015,2.1277476693316856e-05,2.416527396499935e-05,2.2303412913634077e-05,2.266804046324384e-05
6016,2.127499123687988e-05,2.4162504875600396e-05,2.2300510641721087e-05,2.266560709876605e-05
6017,2.1272505513200153e-05,2.415973607842267e-05,2.229760987208791e-05,2.266317650839832e-05
6018,2.127002288113087e-05,2.4156968876663795e-05,2.229471073663674e-05,2.2660745959764126e-05
6019,2.1267542182514652e-05,2.4154204351836796e-05,2.2291813590199945e-05,2.26583187084918e-05
6020,2.1265063215347078e-05,2.415144067773763e-05,2.228891683683773e-05,2.2655891931320416e-05
6021,2.1262583564345824e-05,2.4148680214977633e-05,2.2286023031768946e-05,2.265346764461446e-05
6022,2.12601066724818e-05,2.414592002586804e-05,2.2283130759956096e-05,2.265104355750615e-05
6023,2.125763213788408e-05,2.4143163741849475e-05,2.2280239060767577e-05,2.26486227508672e-05
6024,2.1255158291968494e-05,2.4140406492427496e-05,2.2277351780757268e-05,2.2646202041333292e-05
6025,2.1252687352862425e-05,2.413765037868865e-05,2.2274464429713722e-05,2.264378350037671e-05
6026,2.1250216142229465e-05,2.413489983546408e-05,2.2271579188806552e-05,2.2641366446412943e-05
6027,2.1247746862065874e-05,2.4132148386160952e-05,2.2268696021907692e-05,2.263894964643724e-05
6028,2.1245278824123872e-05,2.4129397920253e-05,2.2265812069979062e-05,2.263653549019545e-05
6029,2.12428131826009e-05,2.412665101815576e-05,2.2262932478160406e-05,2.2634123693337603e-05
6030,2.124034984775453e-05,2.4123905971762562e-05,2.2260054135869812e-05,2.2631713647697768e-05
6031,2.123788706053744e-05,2.4121159903536536e-05,2.225717762288601e-05,2.262930328727641e-05
6032,2.1235426365998025e-05,2.411841840615469e-05,2.2254302293991238e-05,2.262689512334716e-05
6033,2.1232966782064008e-05,2.4115677847921926e-05,2.225142889220074e-05,2.262448786098885e-05
6034,2.1230508044857196e-05,2.4112939065834302e-05,2.224855752462884e-05,2.262208396208356e-05
6035,2.1228051541392262e-05,2.4110199946891778e-05,2.2245686968231627e-05,2.261968029518712e-05
6036,2.122559687117414e-05,2.4107465117360047e-05,2.224281813688715e-05,2.261727844367329e-05
6037,2.1223143888712275e-05,2.410473152163213e-05,2.223995283807279e-05,2.2614876404803134e-05
6038,2.122069146542821e-05,2.410199709782086e-05,2.2237087274036265e-05,2.261247827689296e-05
6039,2.12182411634158e-05,2.409926580438429e-05,2.223422255258979e-05,2.2610080729855355e-05
6040,2.121579292349792e-05,2.409653858992173e-05,2.2231361004883e-05,2.2607685066311078e-05
6041,2.121334541973884e-05,2.409380925755141e-05,2.2228502599759728e-05,2.2605290517058386e-05
6042,2.1210899687022868e-05,2.4091084468814932e-05,2.2225643825431026e-05,2.260289823032769e-05
6043,2.120845587310875e-05,2.408836016225748e-05,2.2222786600679833e-05,2.2600505800411642e-05
6044,2.120601365166171e-05,2.408563900568721e-05,2.221993266445856e-05,2.2598116886566702e-05
6045,2.1203571982299666e-05,2.408291825050505e-05,2.2217080328354033e-05,2.2595727636136043e-05
6046,2.1201131732212353e-05,2.4080198084480015e-05,2.221422760376309e-05,2.2593341163476147e-05
6047,2.119869417190684e-05,2.4077479856836683e-05,2.2211378602998898e-05,2.2590955801279356e-05
6048,2.119625762243264e-05,2.407476547990745e-05,2.220853112633184e-05,2.258857179384259e-05
6049,2.119382296310544e-05,2.407205208178976e-05,2.220568440838085e-05,2.258618979663554e-05
6050,2.1191389949907164e-05,2.4069339515476503e-05,2.2202839524992153e-05,2.2583808689611946e-05
6051,2.118895737893331e-05,2.4066628528660734e-05,2.219999720510797e-05,2.2581430486510547e-05
6052,2.1186527184527813e-05,2.40639195400673e-05,2.219715483828319e-05,2.25790514076782e-05
6053,2.118409951508405e-05,2.406121084662327e-05,2.219431588802005e-05,2.2576675854666003e-05
6054,2.118167141941497e-05,2.4058505597632035e-05,2.2191477864130856e-05,2.257430154226729e-05
6055,2.117924605217855e-05,2.4055804038111145e-05,2.2188642621170668e-05,2.2571926349865642e-05
6056,2.117682236469148e-05,2.4053100165320166e-05,2.2185807710727446e-05,2.2569555771250958e-05
6057,2.117439981976347e-05,2.4050399745757148e-05,2.218297479315011e-05,2.2567185217301717e-05
6058,2.117197818745607e-05,2.4047701286087603e-05,2.2180144362730287e-05,2.2564815469515454e-05
6059,2.1169559411804525e-05,2.4045004517955828e-05,2.2177314241501508e-05,2.2562449338677247e-05
6060,2.1167141125108228e-05,2.404230802408501e-05,2.21744873416385e-05,2.256008312150736e-05
6061,2.1164725061120216e-05,2.4039613172550127e-05,2.21716606683476e-05,2.255771958603126e-05
6062,2.116230975495381e-05,2.4036921508299543e-05,2.2168836312645514e-05,2.255535598977387e-05
6063,2.115989636087903e-05,2.403423141547403e-05,2.2166014288751705e-05,2.2552994952674106e-05
6064,2.1157484712439017e-05,2.4031542200592788e-05,2.216319355580358e-05,2.255063589776821e-05
6065,2.1155074507262895e-05,2.4028854280036553e-05,2.2160373681159256e-05,2.254827716253393e-05
6066,2.1152665234081627e-05,2.4026169145490417e-05,2.215755634526872e-05,2.2545921382488367e-05
6067,2.115025784613389e-05,2.4023486172299498e-05,2.2154739655728574e-05,2.2543565311001113e-05
6068,2.1147851613445354e-05,2.4020803662405196e-05,2.215192636928123e-05,2.254121170742442e-05
6069,2.11454485973479e-05,2.401812288908099e-05,2.2149113830251696e-05,2.2538859631950865e-05
6070,2.1143045668046036e-05,2.401544402245985e-05,2.214630181854099e-05,2.2536508790489577e-05
6071,2.1140644899142905e-05,2.401276614193746e-05,2.2143493503392307e-05,2.253415864514102e-05
6072,2.1138244764685763e-05,2.4010091298028594e-05,2.2140686290652442e-05,2.2531812088838573e-05
6073,2.113584706715654e-05,2.400741690382527e-05,2.213788006263477e-05,2.2529464577174335e-05
6074,2.113345003009973e-05,2.400474429422623e-05,2.2135075448194652e-05,2.252712067547226e-05
6075,2.1131055395570036e-05,2.400207485958729e-05,2.2132273053309094e-05,2.2524777241515065e-05
6076,2.1128661911066307e-05,2.3999405330471893e-05,2.2129472953001792e-05,2.2522435182169992e-05
6077,2.1126270195143522e-05,2.3996737261485903e-05,2.2126673442212204e-05,2.252009550790767e-05
6078,2.112387935733263e-05,2.399407158416276e-05,2.2123874976804912e-05,2.2517755677884842e-05
6079,2.1121490156623318e-05,2.3991409096466583e-05,2.2121080426881918e-05,2.2515418995247525e-05
6080,2.111910343019794e-05,2.398874538271725e-05,2.211828602074472e-05,2.2513082453733734e-05
6081,2.111671687502532e-05,2.3986085266307602e-05,2.2115493847573344e-05,2.251074949224761e-05
6082,2.1114332083156687e-05,2.398342506887904e-05,2.2112702727665803e-05,2.2508414931480588e-05
6083,2.1111949412036854e-05,2.3980768039345532e-05,2.2109912982781906e-05,2.2506084213123628e-05
6084,2.1109567883020604e-05,2.3978112245263448e-05,2.2107125660610925e-05,2.2503754190432933e-05
6085,2.110718822510659e-05,2.3975458404922054e-05,2.21043404041726e-05,2.2501425427556292e-05
6086,2.1104810211030648e-05,2.397280493086273e-05,2.210155607148004e-05,2.2499098682552634e-05
6087,2.1102432749710384e-05,2.3970155324194678e-05,2.2098773769980334e-05,2.2496773389912126e-05
6088,2.1100057762220186e-05,2.3967505604721925e-05,2.209599272382961e-05,2.2494449392505445e-05
6089,2.1097684276472993e-05,2.396485900371242e-05,2.2093214095892063e-05,2.249212649499142e-05
6090,2.109531151736981e-05,2.3962212807121895e-05,2.209043617969575e-05,2.2489806134077126e-05
6091,2.1092940934806674e-05,2.3959568505319185e-05,2.208766079833552e-05,2.2487485786314397e-05
6092,2.1090571546393648e-05,2.3956926093948848e-05,2.2084885647258643e-05,2.248516882251643e-05
6093,2.108820414522427e-05,2.3954285356663322e-05,2.2082114349778855e-05,2.248285037818998e-05
6094,2.108583774557768e-05,2.3951645108227286e-05,2.207934343017145e-05,2.2480536381360187e-05
6095,2.1083472589675677e-05,2.3949008181584185e-05,2.207657299016925e-05,2.247822360852473e-05
6096,2.1081109441155838e-05,2.394637220062843e-05,2.20738060054249e-05,2.2475910354659017e-05
6097,2.1078748065249215e-05,2.394373723148252e-05,2.2071040587552646e-05,2.2473600065495882e-05
6098,2.1076387424749555e-05,2.3941105252909365e-05,2.2068275720975713e-05,2.2471290335911802e-05
6099,2.1074028655076117e-05,2.393847462692516e-05,2.2065513539372373e-05,2.2468982963021396e-05
6100,2.1071671480456343e-05,2.3935844719904428e-05,2.206275319347223e-05,2.2466677364311476e-05
6101,2.106931588434242e-05,2.3933216581168455e-05,2.2059994047676384e-05,2.2464371714866726e-05
6102,2.1066961719979692e-05,2.3930590525845162e-05,2.2057236398498134e-05,2.2462068875405463e-05
6103,2.1064608873079556e-05,2.3927966681347657e-05,2.2054480177550485e-05,2.245976621539206e-05
6104,2.1062257500357187e-05,2.392534328613769e-05,2.2051725356021164e-05,2.2457466706181123e-05
6105,2.105990829315668e-05,2.3922721774352182e-05,2.20489730034415e-05,2.2455167097357175e-05
6106,2.105756023383161e-05,2.3920102481408377e-05,2.204622215999435e-05,2.245287007521629e-05
6107,2.1055213356193966e-05,2.391748481834932e-05,2.204347287075777e-05,2.2450574543768742e-05
6108,2.1052868417254073e-05,2.3914867340783395e-05,2.2040724746260688e-05,2.244827969918233e-05
6109,2.1050524442056168e-05,2.3912252791843764e-05,2.2037978699144398e-05,2.2445986964164495e-05
6110,2.1048182380000295e-05,2.3909639750929415e-05,2.203523494155685e-05,2.2443695520548285e-05
6111,2.1045841236474506e-05,2.3907028920242052e-05,2.2032492261169078e-05,2.244140593147875e-05
6112,2.1043502144980895e-05,2.3904418744519728e-05,2.2029750663627567e-05,2.243911710276503e-05
6113,2.104116463384195e-05,2.3901810478507102e-05,2.2027011202124543e-05,2.2436829669559546e-05
6114,2.1038827804097233e-05,2.3899204416004454e-05,2.202427375703079e-05,2.2434543691615084e-05
6115,2.1036493607555823e-05,2.38965992621431e-05,2.2021537393797578e-05,2.243226008361439e-05
6116,2.1034160624778627e-05,2.3893995943744596e-05,2.2018803199314562e-05,2.2429976688877793e-05
6117,2.103182841884002e-05,2.3891394082894005e-05,2.2016070192090036e-05,2.2427696032211492e-05
6118,2.1029498284719287e-05,2.3888794316986838e-05,2.201333937110573e-05,2.2425416623350968e-05
6119,2.1027169333520022e-05,2.388619562782319e-05,2.2010610062157564e-05,2.2423136960315883e-05
6120,2.102484250537423e-05,2.3883598809655342e-05,2.2007881779210624e-05,2.2420860891280205e-05
6121,2.102251601947363e-05,2.388100350609755e-05,2.2005155077588005e-05,2.2418585051539917e-05
6122,2.1020191934119696e-05,2.3878410985222475e-05,2.200243062215054e-05,2.2416312216951007e-05
6123,2.101786921871436e-05,2.387581895046813e-05,2.1999707280164358e-05,2.241403888544903e-05
6124,2.1015548236614893e-05,2.3873227750592528e-05,2.1996986825365592e-05,2.241176813833359e-05
6125,2.1013227924247137e-05,2.387063993275757e-05,2.1994266407074715e-05,2.240949863186983e-05
6126,2.1010910190595535e-05,2.3868051941385155e-05,2.199154892477752e-05,2.2407230301579582e-05
6127,2.1008593096066033e-05,2.3865467821613116e-05,2.1988831462292355e-05,2.2404963391228433e-05
6128,2.1006277690798285e-05,2.3862883799088482e-05,2.1986117625704274e-05,2.240269851721702e-05
6129,2.10039643691501e-05,2.3860301095775058e-05,2.198340381961029e-05,2.2400435367126494e-05
6130,2.1001651508430065e-05,2.3857720314434326e-05,2.1980692610232916e-05,2.2398173006118124e-05
6131,2.0999340697726253e-05,2.3855141760654032e-05,2.1977982527339087e-05,2.2395911967227217e-05
6132,2.0997031232531236e-05,2.3852563521482026e-05,2.1975274012313743e-05,2.239365120685611e-05
6133,2.0994724245625612e-05,2.384998926934779e-05,2.1972567432461907e-05,2.2391394748686524e-05
6134,2.099241724829168e-05,2.384741450071324e-05,2.196986234572925e-05,2.238913793400446e-05
6135,2.0990111704789892e-05,2.3844842823372126e-05,2.1967158408456215e-05,2.23868827031493e-05
6136,2.098780869833469e-05,2.3842271168114188e-05,2.1964456066878268e-05,2.238462945435172e-05
6137,2.0985506372789846e-05,2.3839702970061647e-05,2.196175629894365e-05,2.238237737433055e-05
6138,2.0983206157742596e-05,2.3837134902867044e-05,2.195905811378232e-05,2.2380126549906143e-05
6139,2.0980906922624157e-05,2.383456894769696e-05,2.1956360984830997e-05,2.237787654209154e-05
6140,2.097860946311165e-05,2.38320048283136e-05,2.195366558120812e-05,2.2375629485897945e-05
6141,2.097631273208381e-05,2.3829441213947513e-05,2.1950972952955228e-05,2.2373383682990443e-05
6142,2.097401858843566e-05,2.382688012657304e-05,2.194828070927403e-05,2.2371138288677733e-05
6143,2.0971725183167446e-05,2.3824320279093083e-05,2.194558957516019e-05,2.2368895212592955e-05
6144,2.096943358192136e-05,2.382176325764635e-05,2.194290135569167e-05,2.2366653347194033e-05
6145,2.0967143287384207e-05,2.3819206075862063e-05,2.1940213994655926e-05,2.2364412187994794e-05
6146,2.096485510341649e-05,2.3816651974040355e-05,2.1937528083956257e-05,2.236217327610594e-05
6147,2.096256809194645e-05,2.3814099068633653e-05,2.193484463779215e-05,2.235993611511272e-05
6148,2.096028185131229e-05,2.3811547212057767e-05,2.1932161892867885e-05,2.235769979149534e-05
6149,2.0957997599660746e-05,2.380899802158339e-05,2.1929481842179627e-05,2.2355465211919418e-05
6150,2.0955714569392215e-05,2.380644822071922e-05,2.192680201628906e-05,2.2353231892197563e-05
6151,2.0953433495963725e-05,2.3803901807783758e-05,2.1924124849953657e-05,2.2350999877105524e-05
6152,2.0951153423757338e-05,2.380135640922472e-05,2.19214486460408e-05,2.234876921433339e-05
6153,2.0948874332576e-05,2.379881332371185e-05,2.19187743721891e-05,2.2346540752097166e-05
6154,2.094659843530543e-05,2.379627106948231e-05,2.1916102134898885e-05,2.2344313418744643e-05
6155,2.0944322585973855e-05,2.379373099392274e-05,2.1913430921817654e-05,2.2342087008605355e-05
6156,2.09420486322538e-05,2.3791191977028102e-05,2.191076196234722e-05,2.2339862418277265e-05
6157,2.093977620237391e-05,2.3788655499552654e-05,2.190809378766534e-05,2.2337639137987347e-05
6158,2.0937504693445167e-05,2.3786120012681348e-05,2.1905427394965916e-05,2.2335417205493398e-05
6159,2.0935235324266914e-05,2.3783585811805653e-05,2.1902763069162593e-05,2.2333196932606525e-05
6160,2.0932966955667807e-05,2.3781053792720788e-05,2.1900099840395812e-05,2.233097804107351e-05
6161,2.093070081860256e-05,2.377852339607893e-05,2.189743873797209e-05,2.232876057440447e-05
6162,2.092843475754487e-05,2.3775993141902574e-05,2.1894778710422327e-05,2.2326544844788043e-05
6163,2.0926171377974362e-05,2.377346610455193e-05,2.1892120741936536e-05,2.2324330426360595e-05
6164,2.0923909222522432e-05,2.3770940803424045e-05,2.1889464448107062e-05,2.2322117235975384e-05
6165,2.092164806067995e-05,2.3768415861536244e-05,2.1886809415116556e-05,2.231990578989413e-05
6166,2.0919388958315918e-05,2.3765893578663805e-05,2.1884155810146926e-05,2.2317695199780426e-05
6167,2.0917131279716393e-05,2.3763372550856856e-05,2.1881504131612055e-05,2.2315486549344768e-05
6168,2.0914874832488003e-05,2.3760853010539058e-05,2.1878854656061274e-05,2.2313278222846462e-05
6169,2.0912620180246153e-05,2.375833540294438e-05,2.1876206350243992e-05,2.231107204357714e-05
6170,2.0910366386374346e-05,2.37558179045226e-05,2.187355905435975e-05,2.230886793977639e-05
6171,2.090811421770897e-05,2.375330385104082e-05,2.187091335844767e-05,2.230666435141452e-05
6172,2.0905863681272124e-05,2.375079018946684e-05,2.1868269928817523e-05,2.2304463402475486e-05
6173,2.0903614065289248e-05,2.374827867467835e-05,2.1865627624048763e-05,2.230226273819277e-05
6174,2.0901366356415645e-05,2.374576892962153e-05,2.1862987128961913e-05,2.2300063816863557e-05
6175,2.0899120224453505e-05,2.3743260239477384e-05,2.1860348326934917e-05,2.229786612452008e-05
6176,2.0896875521286608e-05,2.3740753734226285e-05,2.1857711421303894e-05,2.229567074346138e-05
6177,2.0894631952671132e-05,2.37382484842452e-05,2.185507540426418e-05,2.2293475998376096e-05
6178,2.0892390762112307e-05,2.373574446710196e-05,2.185244163813833e-05,2.229128306358739e-05
6179,2.089014949171817e-05,2.3733242338013363e-05,2.1849809155773994e-05,2.228909106473315e-05
6180,2.0887910478168206e-05,2.3730742171482143e-05,2.1847178326305663e-05,2.228690097651625e-05
6181,2.0885673216092628e-05,2.37282427109768e-05,2.184454882433002e-05,2.228471211978658e-05
6182,2.088343725084669e-05,2.372574559997186e-05,2.1841920779452037e-05,2.2282524678335847e-05
6183,2.0881202581978775e-05,2.372325009297499e-05,2.183929475788662e-05,2.2280338066902692e-05
6184,2.0878969040015137e-05,2.3720756101255262e-05,2.1836669910148593e-05,2.2278154134159062e-05
6185,2.0876737586922245e-05,2.3718263340395804e-05,2.1834047376681206e-05,2.227597074061418e-05
6186,2.0874507378610413e-05,2.3715772353610707e-05,2.1831426041030144e-05,2.2273789003602607e-05
6187,2.0872278402351072e-05,2.371328341903854e-05,2.1828806097063674e-05,2.2271608294420488e-05
6188,2.087005127983637e-05,2.371079548480318e-05,2.1826187954786836e-05,2.2269429400622352e-05
6189,2.0867825312884418e-05,2.3708308977052803e-05,2.1823571861785303e-05,2.226725223443181e-05
6190,2.0865600581717084e-05,2.3705823778995492e-05,2.1820957005071006e-05,2.226507543300087e-05
6191,2.086337754346122e-05,2.3703341493712062e-05,2.1818342944856815e-05,2.2262901434483893e-05
6192,2.0861156150454802e-05,2.3700859565645363e-05,2.181573162424291e-05,2.2260728317291225e-05
6193,2.0858935903264927e-05,2.369837966446897e-05,2.1813121759624592e-05,2.2258555823014702e-05
6194,2.0856717133839523e-05,2.3695901294037836e-05,2.1810513170145696e-05,2.2256386137279024e-05
6195,2.085450033486061e-05,2.369342530375459e-05,2.1807905977515332e-05,2.2254216844578014e-05
6196,2.0852284033249726e-05,2.3690949158198244e-05,2.1805300377491728e-05,2.2252049299103838e-05
6197,2.085006941684561e-05,2.3688475337105734e-05,2.1802696108748774e-05,2.2249883554407708e-05
6198,2.084785678125894e-05,2.368600397585746e-05,2.1800094474462607e-05,2.224771840648232e-05
6199,2.0845645010668782e-05,2.368353319920371e-05,2.179749335445529e-05,2.2245555219235538e-05
6200,2.084343490507965e-05,2.3681064096322355e-05,2.1794894355839623e-05,2.2243392770317488e-05
6201,2.0841226278985406e-05,2.3678596780622843e-05,2.179229716312934e-05,2.2241232598182464e-05
6202,2.0839019279760742e-05,2.3676131035907634e-05,2.1789700685990953e-05,2.223907317958974e-05
6203,2.0836813822078925e-05,2.367366693878039e-05,2.17871062741374e-05,2.2236915853901007e-05
6204,2.083460953758658e-05,2.3671204722458174e-05,2.1784513875646242e-05,2.2234759324579783e-05
6205,2.083240637283586e-05,2.366874371432259e-05,2.178192259453713e-05,2.223260432845079e-05
6206,2.0830204587636737e-05,2.366628430038409e-05,2.1779332762031084e-05,2.2230450656752677e-05
6207,2.0828004976260978e-05,2.366382603110094e-05,2.1776744329640945e-05,2.222829873253074e-05
6208,2.0825806267020502e-05,2.3661369842215666e-05,2.1774158372175642e-05,2.2226148737976285e-05
6209,2.0823609011561616e-05,2.3658914831748546e-05,2.1771573168216846e-05,2.2223999184771652e-05
6210,2.082141353875249e-05,2.365646162148776e-05,2.1768989957335795e-05,2.2221851342125316e-05
6211,2.0819219199719924e-05,2.365400954164613e-05,2.17664079025743e-05,2.2219705193662185e-05
6212,2.081702621660228e-05,2.3651560588514138e-05,2.1763828053507966e-05,2.2217559721535316e-05
6213,2.081483526938883e-05,2.364911103565743e-05,2.176124968707188e-05,2.2215415829773562e-05
6214,2.0812644557571765e-05,2.364666449363304e-05,2.175867230357082e-05,2.2213274009025273e-05
6215,2.08104563608811e-05,2.3644218421702325e-05,2.1756097249539608e-05,2.2211133351394923e-05
6216,2.080826916130103e-05,2.364177526687527e-05,2.1753523094391807e-05,2.2208993623300237e-05
6217,2.0806083871359355e-05,2.3639332961217993e-05,2.175095094364264e-05,2.2206855864931878e-05
6218,2.0803899061458193e-05,2.36368921060249e-05,2.1748379853045678e-05,2.220471896091599e-05
6219,2.0801716206047153e-05,2.3634452906134384e-05,2.174581037404233e-05,2.2202583506568027e-05
6220,2.079953505839848e-05,2.363201542956951e-05,2.1743243855330482e-05,2.2200450267817227e-05
6221,2.0797355303022326e-05,2.3629578950105705e-05,2.1740677434181937e-05,2.219831764690077e-05
6222,2.07951765378994e-05,2.3627145044105435e-05,2.173811277216887e-05,2.2196186481521152e-05
6223,2.079299941629557e-05,2.3624711685103786e-05,2.1735550050905324e-05,2.2194056744622203e-05
6224,2.0790823634100174e-05,2.3622279758101513e-05,2.173298869227869e-05,2.2191928962749645e-05
6225,2.078864923099606e-05,2.361985057001882e-05,2.1730428746422788e-05,2.2189801943814022e-05
6226,2.0786476447353942e-05,2.3617422049946492e-05,2.172787067386515e-05,2.2187676355526046e-05
6227,2.078430488209951e-05,2.3614995876424692e-05,2.1725314339788244e-05,2.218555294755053e-05
6228,2.078213530655401e-05,2.3612570695811982e-05,2.172275883703839e-05,2.2183429819604646e-05
6229,2.0779966423476004e-05,2.3610146543421626e-05,2.1720205843038638e-05,2.2181308859796845e-05
6230,2.077779907486638e-05,2.3607724341326485e-05,2.171765337917331e-05,2.217918930368942e-05
6231,2.077563349091991e-05,2.360530412954065e-05,2.171510322105552e-05,2.2177070279877222e-05
6232,2.077346898894387e-05,2.3602884953456386e-05,2.1712553986896746e-05,2.2174953151373717e-05
6233,2.077130671815818e-05,2.3600467868966508e-05,2.171000675976888e-05,2.2172837590186252e-05
6234,2.07691448943381e-05,2.359805181502365e-05,2.1707460762483097e-05,2.2170723249376776e-05
6235,2.076698468334031e-05,2.3595637541267273e-05,2.1704917070450576e-05,2.21686111260113e-05
6236,2.07648259560289e-05,2.3593224720305507e-05,2.1702374029087023e-05,2.216649946519023e-05
6237,2.076266847503049e-05,2.3590813995644763e-05,2.1699833342382785e-05,2.216438918171186e-05
6238,2.0760513001935502e-05,2.3588404046761288e-05,2.1697294005903464e-05,2.216228005343699e-05
6239,2.0758358461027463e-05,2.3585996019077208e-05,2.1694756159152667e-05,2.2160173076036377e-05
6240,2.0756205456331506e-05,2.3583588932193206e-05,2.1692219253358746e-05,2.2158067258080077e-05
6241,2.0754054149516896e-05,2.3581184105956964e-05,2.16896844396167e-05,2.215596263898248e-05
6242,2.0751903857623023e-05,2.3578780630466803e-05,2.168715148669052e-05,2.2153859397751665e-05
6243,2.0749755376926103e-05,2.357637948856666e-05,2.1684619681564757e-05,2.215175765739424e-05
6244,2.0747607639302237e-05,2.3573978507038745e-05,2.168208957281781e-05,2.2149657395235814e-05
6245,2.0745461914053555e-05,2.3571579959437762e-05,2.167956061180902e-05,2.2147558533364497e-05
6246,2.074331727725757e-05,2.356918206837263e-05,2.167703383836729e-05,2.214546022641633e-05
6247,2.0741174304365978e-05,2.356678686320726e-05,2.167450829912038e-05,2.214336428549119e-05
6248,2.0739032063621116e-05,2.3564392255514243e-05,2.1671984211722287e-05,2.2141269503954906e-05
6249,2.0736892120484158e-05,2.3561999941011496e-05,2.16694618406589e-05,2.2139175832027604e-05
6250,2.0734753201543075e-05,2.3559608532752654e-05,2.166694107669385e-05,2.2137083917984603e-05
6251,2.0732615602627174e-05,2.355721911620299e-05,2.1664421534245882e-05,2.2134993240160466e-05
6252,2.0730479554969794e-05,2.3554830992333337e-05,2.1661903451200666e-05,2.213290426472609e-05
6253,2.072834497344767e-05,2.3552444332171955e-05,2.1659387588131234e-05,2.213081643636974e-05
6254,2.072621173055562e-05,2.3550059228255004e-05,2.1656872924568327e-05,2.2128729285956036e-05
6255,2.072407999651304e-05,2.3547675360207327e-05,2.165435991477589e-05,2.2126644403135048e-05
6256,2.072194949742758e-05,2.354529407118479e-05,2.1651848075429307e-05,2.2124560743784543e-05
6257,2.071982049195443e-05,2.354291364506491e-05,2.164933777799113e-05,2.21224783506749e-05
6258,2.071769269704178e-05,2.3540534828888027e-05,2.164682949595279e-05,2.2120397069461663e-05
6259,2.071556665162912e-05,2.3538158056195492e-05,2.1644322625310685e-05,2.2118317579435013e-05
6260,2.0713442012755434e-05,2.3535782005858165e-05,2.1641817706163914e-05,2.2116239354425995e-05
6261,2.0711318204449093e-05,2.353340748867757e-05,2.1639313542640413e-05,2.2114162369391534e-05
6262,2.0709196415767773e-05,2.3531034970104363e-05,2.163681142124234e-05,2.211208715812101e-05
6263,2.0707075934511215e-05,2.3528663750738284e-05,2.163431003404571e-05,2.2110012670726217e-05
6264,2.0704956561049815e-05,2.3526294420196266e-05,2.1631810979268542e-05,2.2107940032217652e-05
6265,2.0702838747413956e-05,2.3523926138862684e-05,2.162931326736616e-05,2.210586819726664e-05
6266,2.0700722492983543e-05,2.3521559287735825e-05,2.1626817263635292e-05,2.2103798714663515e-05
6267,2.0698607465634555e-05,2.3519194002833986e-05,2.1624322570151286e-05,2.2101729830441274e-05
6268,2.0696493727730473e-05,2.3516831112868085e-05,2.1621829768798592e-05,2.2099662826404975e-05
6269,2.0694381322522077e-05,2.3514469257085716e-05,2.1619337627611105e-05,2.2097596890321764e-05
6270,2.0692270581842242e-05,2.351210811790489e-05,2.161684752760768e-05,2.2095532017616327e-05
6271,2.0690161270636768e-05,2.3509749198126014e-05,2.1614359689542426e-05,2.2093469254871258e-05
6272,2.0688053232964995e-05,2.350739234130405e-05,2.1611872554516057e-05,2.2091407135081303e-05
6273,2.0685946415327265e-05,2.350503621101909e-05,2.1609387268200794e-05,2.208934707798864e-05
6274,2.0683841199632844e-05,2.3502681745329456e-05,2.160690293455603e-05,2.2087288230507326e-05
6275,2.0681737491343325e-05,2.3500328954846566e-05,2.1604421225208344e-05,2.208523028837425e-05
6276,2.067963485086069e-05,2.3497978055493354e-05,2.160193988764505e-05,2.208317390217735e-05
6277,2.0677534000959227e-05,2.3495627667034458e-05,2.1599460704467012e-05,2.2081118609178395e-05
6278,2.0675434040345885e-05,2.349327949761149e-05,2.1596983052183383e-05,2.2079065217803576e-05
6279,2.0673335918251294e-05,2.349093285007642e-05,2.1594506766359477e-05,2.207701326211713e-05
6280,2.0671239173017413e-05,2.3488587625491675e-05,2.1592031584018874e-05,2.2074962178639236e-05
6281,2.0669143344936847e-05,2.3486243492164804e-05,2.158955890970951e-05,2.207291240762527e-05
6282,2.0667049582540016e-05,2.3483901686626828e-05,2.158708693773642e-05,2.2070864716561563e-05
6283,2.0664956486228004e-05,2.3481561411546132e-05,2.1584617022945787e-05,2.2068817758581614e-05
6284,2.066286543845248e-05,2.347922191749545e-05,2.158214827623375e-05,2.206677242969039e-05
6285,2.066077555925117e-05,2.3476884823623628e-05,2.1579681560967475e-05,2.2064728597079737e-05
6286,2.0658686841933102e-05,2.347454851709088e-05,2.1577215758988655e-05,2.206268594302182e-05
6287,2.0656599795944926e-05,2.347221350788134e-05,2.157475195188503e-05,2.2060644250463404e-05
6288,2.065451406501356e-05,2.3469880945015197e-05,2.1572289202254107e-05,2.2058604416255392e-05
6289,2.0652429765181428e-05,2.3467548921395467e-05,2.156982832674873e-05,2.2056565671371496e-05
6290,2.065034667298457e-05,2.3465218989637445e-05,2.1567368542279755e-05,2.2054529161945787e-05
6291,2.0648264808657766e-05,2.3462891007350705e-05,2.1564910781334993e-05,2.2052492941903047e-05
6292,2.064618471799518e-05,2.3460563698174627e-05,2.1562454518090192e-05,2.2050458399432908e-05
6293,2.0644105981734908e-05,2.3458238106787076e-05,2.1559999519391487e-05,2.204842572013044e-05
6294,2.0642028405122553e-05,2.3455914250314108e-05,2.1557546714730894e-05,2.204639372021963e-05
6295,2.0639952386622e-05,2.3453591956630554e-05,2.1555094573664105e-05,2.204436300956379e-05
6296,2.063787774785455e-05,2.3451270984042087e-05,2.1552643872186114e-05,2.2042333982440326e-05
6297,2.0635804160710083e-05,2.3448951247158405e-05,2.1550195472316426e-05,2.2040306213915707e-05
6298,2.063373216728441e-05,2.3446633114514765e-05,2.1547748310477025e-05,2.2038279856013903e-05
6299,2.0631661943973392e-05,2.3444317137571745e-05,2.15453021930736e-05,2.2036254909270318e-05
6300,2.0629592403657466e-05,2.3442002195990836e-05,2.1542858295291723e-05,2.2034231554597155e-05
6301,2.0627524663347863e-05,2.3439688433400192e-05,2.1540415162461538e-05,2.2032208463104216e-05
6302,2.062545858098065e-05,2.343737689907378e-05,2.153797395234652e-05,2.2030187986339132e-05
6303,2.0623393131739523e-05,2.3435066679720046e-05,2.1535534284102725e-05,2.202816859503282e-05
6304,2.0621329812208134e-05,2.3432757447035105e-05,2.1533096265011718e-05,2.2026150002172252e-05
6305,2.061926722555688e-05,2.3430450285596554e-05,2.1530659331277037e-05,2.2024133222322965e-05
6306,2.0617206516132092e-05,2.3428144097970606e-05,2.152822428859066e-05,2.2022117960865854e-05
6307,2.0615146712930594e-05,2.342584001300202e-05,2.152579064210013e-05,2.2020103583105746e-05
6308,2.0613088862036376e-05,2.3423537327433306e-05,2.1523358396698526e-05,2.2018090517464494e-05
6309,2.061103196111332e-05,2.3421235787070083e-05,2.1520927926056625e-05,2.2016079213193958e-05
6310,2.060897671118523e-05,2.3418935952402734e-05,2.151849875382641e-05,2.201406921653201e-05
6311,2.06069225112799e-05,2.341663725116562e-05,2.1516071057040262e-05,2.2012060450483454e-05
6312,2.0604869822061645e-05,2.3414340992845668e-05,2.1513645061172597e-05,2.2010052994165674e-05
6313,2.0602818587164104e-05,2.3412045652286586e-05,2.1511220402740243e-05,2.2008046912005334e-05
6314,2.0600768555905087e-05,2.3409751814824072e-05,2.150879725544619e-05,2.2006042484314033e-05
6315,2.0598719887641074e-05,2.3407459430904045e-05,2.150637580814704e-05,2.2004038895917575e-05
6316,2.0596673080304566e-05,2.340516903649878e-05,2.150395568913801e-05,2.2002036710377404e-05
6317,2.0594627204912826e-05,2.3402879433443647e-05,2.150153743324407e-05,2.2000036002651943e-05
6318,2.0592582736053448e-05,2.3400591626672592e-05,2.149911972129479e-05,2.1998036544170913e-05
6319,2.059053961233863e-05,2.339830517634638e-05,2.149670452242272e-05,2.1996038925393e-05
6320,2.058849775248678e-05,2.339602053203842e-05,2.1494290514135133e-05,2.199404213483265e-05
6321,2.058645777007429e-05,2.339373682033971e-05,2.1491877837938036e-05,2.1992047032537426e-05
6322,2.0584418766796404e-05,2.3391455234497116e-05,2.1489466498085353e-05,2.1990052544820198e-05
6323,2.058238107355293e-05,2.3389175050316215e-05,2.148705733094062e-05,2.1988060253738058e-05
6324,2.0580344855002965e-05,2.3386895857267983e-05,2.148464892384918e-05,2.1986069254248467e-05
6325,2.0578309914880002e-05,2.338461830141163e-05,2.1482242650717043e-05,2.198407906858382e-05
6326,2.0576276494876996e-05,2.338234294481976e-05,2.1479837458197643e-05,2.198209021063734e-05
6327,2.0574244154403807e-05,2.33800685051011e-05,2.147743419569209e-05,2.1980103039618528e-05
6328,2.057221348569748e-05,2.3377795644566785e-05,2.147503197186547e-05,2.1978117040660602e-05
6329,2.0570184127947425e-05,2.3375523996207002e-05,2.1472631363880255e-05,2.1976132579419717e-05
6330,2.0568156178885566e-05,2.337325425787116e-05,2.1470232320286845e-05,2.197414918907014e-05
6331,2.0566129457576196e-05,2.337098601909893e-05,2.146783476702235e-05,2.1972167468501383e-05
6332,2.056410388262691e-05,2.3368719205745493e-05,2.1465438616136425e-05,2.19701868017768e-05
6333,2.0562079839808115e-05,2.3366453863143435e-05,2.146304433213802e-05,2.1968207562103366e-05
6334,2.0560057431957298e-05,2.3364190009122814e-05,2.146065120808627e-05,2.1966229656617273e-05
6335,2.055803609919636e-05,2.336192731459115e-05,2.1458259782385362e-05,2.1964253070576534e-05
6336,2.0556016295998406e-05,2.3359666499672182e-05,2.145586973280809e-05,2.1962277748169618e-05
6337,2.055399779573578e-05,2.335740685622973e-05,2.1453481249853773e-05,2.196030401473209e-05
6338,2.0551980684117267e-05,2.3355149325834185e-05,2.145109394504364e-05,2.1958331455272007e-05
6339,2.0549964738165805e-05,2.3352892564242835e-05,2.1448708384677488e-05,2.195636024448609e-05
6340,2.0547950261351535e-05,2.33506375954934e-05,2.144632399912167e-05,2.1954390337936822e-05
6341,2.0545937230621248e-05,2.3348384335368317e-05,2.144394146734632e-05,2.1952421932294532e-05
6342,2.054392548894049e-05,2.3346131928909498e-05,2.144156043622434e-05,2.195045451273518e-05
6343,2.054191530571018e-05,2.3343881339384343e-05,2.1439180771179217e-05,2.1948488788412483e-05
6344,2.0539905925157747e-05,2.3341632382654863e-05,2.14368026624107e-05,2.1946523990781225e-05
6345,2.0537898458921732e-05,2.333938504697336e-05,2.143442608873054e-05,2.1944560940508312e-05
6346,2.053589231800367e-05,2.333713852239176e-05,2.143205092035483e-05,2.194259906184374e-05
6347,2.053388729317922e-05,2.3334894350184236e-05,2.142967711477547e-05,2.1940638211516323e-05
6348,2.05318833668568e-05,2.3332651098372872e-05,2.1427304929305086e-05,2.193867905239736e-05
6349,2.0529881334484925e-05,2.3330409493544957e-05,2.1424934372445366e-05,2.1936721325081105e-05
6350,2.052788044076647e-05,2.3328169605071535e-05,2.1422564848966143e-05,2.193476460431576e-05
6351,2.0525880931569635e-05,2.3325930919692113e-05,2.142019723411649e-05,2.1932809146844016e-05
6352,2.0523882866673604e-05,2.3323693791474944e-05,2.1417831033020758e-05,2.193085506324877e-05
6353,2.0521885820014527e-05,2.3321457911624172e-05,2.1415466460904947e-05,2.192890273149319e-05
6354,2.0519890296073993e-05,2.331922369269374e-05,2.1413103160511383e-05,2.1926951627840473e-05
6355,2.051789634609357e-05,2.331699097436106e-05,2.141074138557811e-05,2.1925001685535383e-05
6356,2.0515903539328066e-05,2.3314759714980047e-05,2.1408380892497663e-05,2.192305258288486e-05
6357,2.0513911978106936e-05,2.3312530067329744e-05,2.1406022296197703e-05,2.1921105549840467e-05
6358,2.0511921786513958e-05,2.3310301575246484e-05,2.1403664660440948e-05,2.191915964055764e-05
6359,2.0509933086997343e-05,2.3308074904830085e-05,2.1401308819179217e-05,2.191721504247548e-05
6360,2.0507945550859997e-05,2.3305849526681977e-05,2.1398954532486887e-05,2.191527148511774e-05
6361,2.0505959489003597e-05,2.3303625408792398e-05,2.139660151647055e-05,2.1913329660617335e-05
6362,2.0503974848159695e-05,2.3301403384098442e-05,2.1394250190687397e-05,2.1911388687521175e-05
6363,2.050199141884871e-05,2.3299182413354114e-05,2.1391900070675183e-05,2.190944946073958e-05
6364,2.0500009436336346e-05,2.329696271863588e-05,2.138955155699395e-05,2.1907511514335505e-05
6365,2.0498028750910363e-05,2.3294744859018114e-05,2.138720473152496e-05,2.19055748119264e-05
6366,2.0496049504829284e-05,2.3292528251948176e-05,2.138485911877029e-05,2.190363934099836e-05
6367,2.0494071541546844e-05,2.3290313250349026e-05,2.1382515286432446e-05,2.190170510908793e-05
6368,2.049209485989694e-05,2.328809960002715e-05,2.138017255270083e-05,2.1899772640148104e-05
6369,2.0490119584321573e-05,2.328588745768146e-05,2.1377831479570426e-05,2.1897840686339272e-05
6370,2.048814544275437e-05,2.3283676884525746e-05,2.1375492194325798e-05,2.1895910640707758e-05
6371,2.0486172793914018e-05,2.3281467777827642e-05,2.137315380630267e-05,2.1893982179393154e-05
6372,2.04842016692212e-05,2.3279259980323092e-05,2.1370817081238746e-05,2.1892054523480487e-05
6373,2.0482231718300172e-05,2.3277053875101653e-05,2.136848177085388e-05,2.189012838433865e-05
6374,2.048026304253239e-05,2.327484901894961e-05,2.1366148351647144e-05,2.188820344966333e-05
6375,2.0478295760170016e-05,2.327264575825745e-05,2.136381590184519e-05,2.188628017894411e-05
6376,2.0476329782927076e-05,2.3270443770678976e-05,2.1361484984035178e-05,2.1884357585913888e-05
6377,2.047436526066445e-05,2.3268243464664538e-05,2.1359155500044864e-05,2.1882436709149733e-05
6378,2.047240206319457e-05,2.326604473130375e-05,2.135682787024069e-05,2.1880516982053433e-05
6379,2.0470440017841525e-05,2.3263847070938865e-05,2.1354501571875094e-05,2.1878598874348834e-05
6380,2.04684793730923e-05,2.326165124515989e-05,2.1352176648596536e-05,2.1876681717666796e-05
6381,2.0466520272310768e-05,2.3259456645008274e-05,2.134985306044742e-05,2.1874766105164893e-05
6382,2.046456218128126e-05,2.325726357390935e-05,2.134753117021356e-05,2.187285177428049e-05
6383,2.0462605529379468e-05,2.3255072137666158e-05,2.134521072411035e-05,2.1870938439037466e-05
6384,2.0460650477032417e-05,2.325288219536256e-05,2.134289155885183e-05,2.1869026982172332e-05
6385,2.0458696461455066e-05,2.3250693348687796e-05,2.1340574052461527e-05,2.186711639192789e-05
6386,2.0456743802146155e-05,2.3248506344968238e-05,2.1338258061841906e-05,2.1865207412837216e-05
6387,2.0454792617221796e-05,2.324632063001222e-05,2.1335943449092062e-05,2.1863299505107602e-05
6388,2.0452842629039328e-05,2.3244136275314993e-05,2.133362999182319e-05,2.186139302061513e-05
6389,2.045089398073359e-05,2.324195332777639e-05,2.1331318254367632e-05,2.1859487833390537e-05
6390,2.044894669416713e-05,2.323977217966421e-05,2.13290083513886e-05,2.185758384399303e-05
6391,2.0447000856942514e-05,2.323759217163112e-05,2.1326699509832493e-05,2.185568121689038e-05
6392,2.0445056171775166e-05,2.3235413714504915e-05,2.132439198624033e-05,2.1853780135240512e-05
6393,2.044311309848354e-05,2.3233236818049155e-05,2.132208616293287e-05,2.1851880266043415e-05
6394,2.0441171237876936e-05,2.3231061598770886e-05,2.131978153061734e-05,2.1849981269225123e-05
6395,2.0439230520717873e-05,2.3228887322744495e-05,2.1317478986795593e-05,2.1848084078405945e-05
6396,2.0437291273921203e-05,2.32267147291568e-05,2.1315177151350238e-05,2.1846188054285296e-05
6397,2.043535331072334e-05,2.3224543422217205e-05,2.1312877516650868e-05,2.1844293264207246e-05
6398,2.043341662007099e-05,2.3222373907643795e-05,2.1310578535841518e-05,2.18423998900357e-05
6399,2.04314813327648e-05,2.3220205684578163e-05,2.1308281759835488e-05,2.1840507620927945e-05
6400,2.042954719042617e-05,2.3218039033433123e-05,2.130598598022319e-05,2.1838616893986662e-05
6401,2.042761466327143e-05,2.3215873593519352e-05,2.1303691563014224e-05,2.183672723007271e-05
6402,2.0425683200847782e-05,2.321370955660521e-05,2.1301399002638114e-05,2.1834838801071642e-05
6403,2.0423753376124103e-05,2.321154733882719e-05,2.1299107588982618e-05,2.1832952276713722e-05
6404,2.0421824666847305e-05,2.3209386448157536e-05,2.1296817869711325e-05,2.183106649932004e-05
6405,2.0419897224986285e-05,2.3207226548820986e-05,2.1294529448345063e-05,2.182918186186054e-05
6406,2.04179712462628e-05,2.320506882600152e-05,2.129224249173612e-05,2.182729913806517e-05
6407,2.0416046400528977e-05,2.3202912243586988e-05,2.128995690128326e-05,2.182541727101974e-05
6408,2.041412305997013e-05,2.3200756893200024e-05,2.128767304961285e-05,2.182353676882156e-05
6409,2.04122010750408e-05,2.3198603353732912e-05,2.128539033662925e-05,2.1821657569733687e-05
6410,2.0410280312651606e-05,2.3196450881348773e-05,2.1283109323948856e-05,2.1819779712666417e-05
6411,2.0408360697948725e-05,2.3194300113551508e-05,2.1280829723516645e-05,2.1817903327412605e-05
6412,2.0406442779636724e-05,2.3192150926061993e-05,2.127855124508921e-05,2.1816027826278888e-05
6413,2.04045259446381e-05,2.319000287216212e-05,2.1276274653543968e-05,2.181415392265617e-05
6414,2.040261052100222e-05,2.3187856349520158e-05,2.1273999300665102e-05,2.1812281324601273e-05
6415,2.0400696162319385e-05,2.318571125869763e-05,2.1271725366148897e-05,2.1810410096254847e-05
6416,2.0398783451208104e-05,2.318356769828815e-05,2.126945296314154e-05,2.1808540049112318e-05
6417,2.0396872004675006e-05,2.318142555420364e-05,2.126718197571657e-05,2.180667117330486e-05
6418,2.0394961709464406e-05,2.3179284899136397e-05,2.1264912428532874e-05,2.1804803703689145e-05
6419,2.039305281376929e-05,2.3177145632764093e-05,2.1262644516830623e-05,2.1802937488688275e-05
6420,2.0391145156775836e-05,2.3175008000025427e-05,2.126037769338212e-05,2.1801072532983326e-05
6421,2.0389238988138087e-05,2.3172871449316372e-05,2.125811265672824e-05,2.1799208891750305e-05
6422,2.038733410339174e-05,2.3170736505308957e-05,2.125584879427289e-05,2.179734652749899e-05
6423,2.0385430290723895e-05,2.3168603127388875e-05,2.125358650208199e-05,2.179548562287633e-05
6424,2.0383528017178986e-05,2.3166470836284303e-05,2.125132575433359e-05,2.1793625698372115e-05
6425,2.038162703189506e-05,2.3164340443194537e-05,2.124906621213429e-05,2.179176725307879e-05
6426,2.037972713972058e-05,2.3162211448447388e-05,2.1246808293850244e-05,2.1789910182417666e-05
6427,2.037782897312768e-05,2.3160083618966394e-05,2.1244551861467347e-05,2.178805430411629e-05
6428,2.0375931683616836e-05,2.315795726373705e-05,2.1242296500760777e-05,2.178619987049433e-05
6429,2.037403605230226e-05,2.3155832523976987e-05,2.124004281682314e-05,2.1784346516375398e-05
6430,2.0372141485010998e-05,2.3153709122528245e-05,2.1237790625182836e-05,2.1782494384532423e-05
6431,2.0370248466624902e-05,2.3151587071783753e-05,2.1235540066666063e-05,2.178064380413421e-05
6432,2.0368356663415377e-05,2.31494664572816e-05,2.1233290619666236e-05,2.1778794230199055e-05
6433,2.036646616493588e-05,2.3147347473693248e-05,2.1231042842247745e-05,2.1776946101579116e-05
6434,2.0364576788801878e-05,2.3145229761736837e-05,2.1228796265924034e-05,2.17750991128451e-05
6435,2.0362688922567772e-05,2.3143113616291788e-05,2.122655128575111e-05,2.1773253524027123e-05
6436,2.036080241763562e-05,2.314099888576133e-05,2.1224307710279334e-05,2.17714092599627e-05
6437,2.0358917061536685e-05,2.3138885441695907e-05,2.122206558653696e-05,2.1769566357508415e-05
6438,2.0357033132187852e-05,2.3136773458719384e-05,2.1219824827014884e-05,2.1767724763522408e-05
6439,2.0355150421360075e-05,2.31346631324124e-05,2.1217585556093438e-05,2.1765884294782032e-05
6440,2.0353269015549945e-05,2.313255404343172e-05,2.121534785411287e-05,2.176404498425523e-05
6441,2.035138893501186e-05,2.3130446381473482e-05,2.1213111287960033e-05,2.1762207229085975e-05
6442,2.03495101669992e-05,2.312834016008982e-05,2.1210876404086278e-05,2.1760370461590165e-05
6443,2.0347632636223424e-05,2.3126235184819118e-05,2.1208642792345838e-05,2.1758535276004924e-05
6444,2.0345756525826975e-05,2.3124132142130718e-05,2.1206410850407877e-05,2.1756701264610088e-05
6445,2.034388181561836e-05,2.312203012475614e-05,2.1204179921549514e-05,2.1754868426104688e-05
6446,2.0342008167154083e-05,2.3119929715995942e-05,2.120195097295117e-05,2.175303704975164e-05
6447,2.034013581130179e-05,2.3117830715547677e-05,2.119972280121785e-05,2.1751206644595697e-05
6448,2.03382649739573e-05,2.311573303253946e-05,2.1197496525423716e-05,2.1749377848084734e-05
6449,2.033639516345869e-05,2.3113636917713808e-05,2.119527168494987e-05,2.174755020111881e-05
6450,2.0334526919898415e-05,2.3111542221217462e-05,2.1193048154171238e-05,2.1745723789455334e-05
6451,2.033265986592474e-05,2.310944895026014e-05,2.1190826156587706e-05,2.1743898698497566e-05
6452,2.0330794008550363e-05,2.3107357026872877e-05,2.1188605485472806e-05,2.174207505665757e-05
6453,2.0328929577400324e-05,2.3105266516570193e-05,2.1186386120804177e-05,2.174025249251757e-05
6454,2.0327066509345774e-05,2.310317750191441e-05,2.1184168447711304e-05,2.1738431223372732e-05
6455,2.0325204530695795e-05,2.3101089865832875e-05,2.1181951986969604e-05,2.17366113485121e-05
6456,2.0323344006711472e-05,2.309900381047796e-05,2.1179736941087162e-05,2.1734792413435747e-05
6457,2.032148465279274e-05,2.309691897559136e-05,2.117752357484275e-05,2.1732974878148105e-05
6458,2.0319626839926946e-05,2.309483560916643e-05,2.117531128377871e-05,2.1731158949320004e-05
6459,2.0317770077372935e-05,2.3092753940894716e-05,2.1173100671560666e-05,2.1729343909386186e-05
6460,2.0315914713016866e-05,2.3090673185561763e-05,2.1170891372953245e-05,2.1727530312147877e-05
6461,2.031406068600355e-05,2.3088594099241858e-05,2.1168683679007085e-05,2.1725717986824843e-05
6462,2.031220785508476e-05,2.3086516459413175e-05,2.116647723209443e-05,2.172390699198958e-05
6463,2.03103563565799e-05,2.3084440224087965e-05,2.1164272210771155e-05,2.1722097083954787e-05
6464,2.0308506170678955e-05,2.3082365359752432e-05,2.116206883104012e-05,2.1720288800182105e-05
6465,2.0306657255193594e-05,2.3080292116692617e-05,2.115986669717843e-05,2.1718481418038908e-05
6466,2.030480944539689e-05,2.307822010014905e-05,2.1157665684275258e-05,2.1716675425408677e-05
6467,2.0302963260846616e-05,2.307614950563638e-05,2.1155466475288667e-05,2.171487078336588e-05
6468,2.0301118223010213e-05,2.307408057677443e-05,2.115326866801417e-05,2.1713067299802186e-05
6469,2.0299274316666865e-05,2.3072012757278112e-05,2.115107219476571e-05,2.1711265178095824e-05
6470,2.0297431942170178e-05,2.306994635620412e-05,2.1148877074580245e-05,2.1709464159977904e-05
6471,2.02955908478277e-05,2.3067881555049002e-05,2.1146683451466103e-05,2.1707664516498415e-05
6472,2.0293750923676847e-05,2.3065818081437157e-05,2.114449134936474e-05,2.1705866161116236e-05
6473,2.029191235048962e-05,2.3063756183749938e-05,2.1142300367219695e-05,2.1704069199239947e-05
6474,2.029007512496413e-05,2.306169546804331e-05,2.1140111084310286e-05,2.170227311646395e-05
6475,2.0288239019522595e-05,2.305963632912394e-05,2.113792320607999e-05,2.1700478643404556e-05
6476,2.0286404279229043e-05,2.3057578412258133e-05,2.11357367520018e-05,2.1698685465487066e-05
6477,2.0284570797383776e-05,2.3055522076428796e-05,2.113355151679887e-05,2.169689340056065e-05
6478,2.0282738751190436e-05,2.3053467064767516e-05,2.1131367831137187e-05,2.1695102678158644e-05
6479,2.028090782619873e-05,2.305141352418638e-05,2.1129185518613015e-05,2.1693312940100446e-05
6480,2.0279078277342087e-05,2.30493613957369e-05,2.112700448350425e-05,2.169152496048078e-05
6481,2.027724993703233e-05,2.3047310713499642e-05,2.1124825108703377e-05,2.168973791321432e-05
6482,2.0275423049202835e-05,2.3045261425715535e-05,2.1122647085635057e-05,2.1687952344021586e-05
6483,2.0273597265104538e-05,2.304321351361396e-05,2.1120470347901138e-05,2.1686167512182374e-05
6484,2.0271772740522296e-05,2.3041166876287506e-05,2.111829519417615e-05,2.168438450528578e-05
6485,2.0269949744349834e-05,2.3039121982337874e-05,2.111612130156347e-05,2.1682602440487036e-05
6486,2.0268127743048066e-05,2.3037078284191202e-05,2.1113948966539338e-05,2.1680821880380118e-05
6487,2.02663072478162e-05,2.303503607335122e-05,2.1111777979951106e-05,2.1679042475189483e-05
6488,2.026448793121238e-05,2.3032995167065205e-05,2.110960851557292e-05,2.167726424182017e-05
6489,2.0262669833719944e-05,2.3030955651745727e-05,2.1107440270652305e-05,2.1675487458473683e-05
6490,2.0260853095029506e-05,2.3028917678271745e-05,2.1105273415813897e-05,2.1673711693159596e-05
6491,2.0259037693868816e-05,2.3026881042069314e-05,2.1103108011524256e-05,2.167193727725243e-05
6492,2.0257223403405854e-05,2.302484579441133e-05,2.110094405631503e-05,2.1670164259467445e-05
6493,2.0255410670322447e-05,2.3022812129362313e-05,2.109878150453373e-05,2.1668392471222574e-05
6494,2.0253598949952333e-05,2.3020779672333212e-05,2.1096620430193508e-05,2.1666621727213253e-05
6495,2.0251788556373688e-05,2.3018748620496887e-05,2.1094460675636244e-05,2.1664852350596358e-05
6496,2.0249979473457895e-05,2.30167190107998e-05,2.1092302246794444e-05,2.1663084394909016e-05
6497,2.024817181989179e-05,2.301469084693627e-05,2.1090145409165587e-05,2.166131756259224e-05
6498,2.024636512357483e-05,2.3012664025030375e-05,2.1087989836826863e-05,2.165955195148198e-05
6499,2.024455988716024e-05,2.3010638571873468e-05,2.108583558600166e-05,2.1657787618458866e-05
6500,2.0242755963954054e-05,2.300861456291084e-05,2.1083683038446544e-05,2.1656024481069326e-05
6501,2.0240953383523894e-05,2.3006592192924533e-05,2.108153177201474e-05,2.165426274231085e-05
6502,2.023915186379519e-05,2.3004570976926552e-05,2.107938178328039e-05,2.1652502104434025e-05
6503,2.0237351768332883e-05,2.3002551128911487e-05,2.1077233284720658e-05,2.165074278698376e-05
6504,2.0235552794803217e-05,2.3000532699292487e-05,2.107508610462034e-05,2.1648984670195838e-05
6505,2.02337552667576e-05,2.2998515849230708e-05,2.1072940266495568e-05,2.1647228000915654e-05
6506,2.023195893283622e-05,2.2996500284457305e-05,2.1070796291799866e-05,2.1645472395960095e-05
6507,2.0230163929582885e-05,2.2994485986692716e-05,2.1068653214243498e-05,2.1643718112207803e-05
6508,2.0228370153866864e-05,2.299247337077345e-05,2.106651170497408e-05,2.1641965079600394e-05
6509,2.0226577628065265e-05,2.299046205409478e-05,2.106437164949382e-05,2.1640213123398273e-05
6510,2.022478643935014e-05,2.2988451999657115e-05,2.106223284153862e-05,2.1638462680661774e-05
6511,2.022299644311569e-05,2.2986443391223093e-05,2.106009560205307e-05,2.1636713310679994e-05
6512,2.0221207827803793e-05,2.2984436332351895e-05,2.1057959509298138e-05,2.1634965264841476e-05
6513,2.0219420371342188e-05,2.2982430609592256e-05,2.105582512177384e-05,2.1633218552118038e-05
6514,2.021763419403417e-05,2.2980426155790134e-05,2.1053692012071246e-05,2.16314729612491e-05
6515,2.021584927992548e-05,2.2978423118167344e-05,2.1051560292761638e-05,2.1629728759061268e-05
6516,2.0214065632381684e-05,2.2976421552223272e-05,2.1049429780233305e-05,2.1627985474867933e-05
6517,2.0212283383605883e-05,2.2974421406521146e-05,2.1047301010980895e-05,2.1626243853966336e-05
6518,2.0210502223807556e-05,2.2972422502314926e-05,2.104517356620399e-05,2.1624503134590006e-05
6519,2.0208722453214582e-05,2.297042520830031e-05,2.104304731483961e-05,2.1622763856855288e-05
6520,2.0206943956145538e-05,2.2968429136802385e-05,2.1040922554280343e-05,2.1621025829943455e-05
6521,2.0205166646571448e-05,2.2966434568228072e-05,2.1038799155355807e-05,2.161928899552309e-05
6522,2.020339069431155e-05,2.2964441361712412e-05,2.1036677126839676e-05,2.1617553297228377e-05
6523,2.0201615857747366e-05,2.2962449474195715e-05,2.1034556635416575e-05,2.161581898896798e-05
6524,2.0199842415126064e-05,2.2960459137206e-05,2.1032437419637754e-05,2.161408593409587e-05
6525,2.019807019317614e-05,2.2958469957178814e-05,2.1030319636308483e-05,2.1612354130714928e-05
6526,2.0196299247854467e-05,2.2956482382396568e-05,2.1028203225062083e-05,2.161062338474843e-05
6527,2.019452958608553e-05,2.2954496093499428e-05,2.102608817490077e-05,2.1608894191614197e-05
6528,2.0192761151396634e-05,2.2952511170896982e-05,2.102397469896038e-05,2.1607165988023505e-05
6529,2.0190994004935838e-05,2.2950527767833402e-05,2.102186239188723e-05,2.1605439024228756e-05
6530,2.018922803704005e-05,2.294854570342868e-05,2.1019751373112637e-05,2.1603713547343526e-05
6531,2.0187463420170895e-05,2.2946564852275668e-05,2.1017642062202815e-05,2.1601989018376543e-05
6532,2.01857000202084e-05,2.294458573869632e-05,2.1015534043897034e-05,2.1600265798704362e-05
6533,2.0183937949674854e-05,2.2942607679435236e-05,2.1013427194198703e-05,2.159854384338463e-05
6534,2.0182177082697936e-05,2.2940631096296157e-05,2.1011321976332554e-05,2.159682331806617e-05
6535,2.0180417477031243e-05,2.2938655966204745e-05,2.1009218086457498e-05,2.1595103695325407e-05
6536,2.0178659162980857e-05,2.2936682180976718e-05,2.1007115570267475e-05,2.1593385531117926e-05
6537,2.017690207509839e-05,2.2934709875646358e-05,2.100501443584555e-05,2.1591668547633327e-05
6538,2.017514621284714e-05,2.2932738890102718e-05,2.1002914594744445e-05,2.1589952920132602e-05
6539,2.0173391684423917e-05,2.293076928973705e-05,2.1000816215209118e-05,2.1588238427703434e-05
6540,2.0171638445801103e-05,2.2928800947718578e-05,2.0998719221542485e-05,2.1586525116999508e-05
6541,2.016988640784747e-05,2.2926834267543358e-05,2.099662361090876e-05,2.1584813104879256e-05
6542,2.0168135592914986e-05,2.292486883433658e-05,2.0994529456054715e-05,2.158310225740015e-05
6543,2.0166386056962456e-05,2.2922904656064173e-05,2.099243663153747e-05,2.1581392720865185e-05
6544,2.0164637728052805e-05,2.2920941918699583e-05,2.099034507807773e-05,2.1579684436317654e-05
6545,2.016289068780207e-05,2.2918980758714456e-05,2.098825502231497e-05,2.1577977323569685e-05
6546,2.016114496838685e-05,2.2917020762895825e-05,2.0986166403643684e-05,2.1576271541113025e-05
6547,2.015940049322022e-05,2.2915062195754738e-05,2.098407899031906e-05,2.1574566786384665e-05
6548,2.0157657209180594e-05,2.2913105132713833e-05,2.0981993020375548e-05,2.1572863495990534e-05
6549,2.0155915227025744e-05,2.2911149231935198e-05,2.0979908544797095e-05,2.157116125062253e-05
6550,2.0154174476865207e-05,2.290919477693334e-05,2.0977825318255512e-05,2.156946034409325e-05
6551,2.0152434923825998e-05,2.290724184719163e-05,2.0975743523088484e-05,2.1567760714239995e-05
6552,2.0150696666780933e-05,2.2905290081523128e-05,2.097366307951369e-05,2.15660623222511e-05
6553,2.0148959757906278e-05,2.2903339984271853e-05,2.0971584012940025e-05,2.1564365055985975e-05
6554,2.0147223990609537e-05,2.2901391055161258e-05,2.0969506298846322e-05,2.1562668957597098e-05
6555,2.0145489481799014e-05,2.2899443470364688e-05,2.0967430003136398e-05,2.156097431821925e-05
6556,2.014375623674135e-05,2.2897497428896225e-05,2.0965355193389546e-05,2.1559280688880465e-05
6557,2.0142024248452887e-05,2.2895552536319483e-05,2.096328154924585e-05,2.155758841836282e-05
6558,2.014029351972053e-05,2.2893609241319766e-05,2.0961209385302982e-05,2.1555897229982567e-05
6559,2.013856403078231e-05,2.289166721516175e-05,2.095913863193584e-05,2.1554207480730903e-05
6560,2.0136835769761458e-05,2.2889726657656146e-05,2.095706914837173e-05,2.1552518762574503e-05
6561,2.0135108816936398e-05,2.288778738480961e-05,2.095500111858521e-05,2.155083138181214e-05
6562,2.0133383089689293e-05,2.288584948422834e-05,2.095293447482379e-05,2.1549145262209755e-05
6563,2.0131658509278327e-05,2.2883912962722404e-05,2.0950869098183927e-05,2.1547460286536552e-05
6564,2.0129935326360484e-05,2.288197784028611e-05,2.0948805205925977e-05,2.1545776677375613e-05
6565,2.012821328133478e-05,2.2880044153896344e-05,2.0946742559256406e-05,2.154409411305923e-05
6566,2.0126492491980625e-05,2.287811171094589e-05,2.0944681427879406e-05,2.1542412842704763e-05
6567,2.0124772925201238e-05,2.2876180801996475e-05,2.0942621600992627e-05,2.1540732820261427e-05
6568,2.0123054686517864e-05,2.2874250986555786e-05,2.094056320118906e-05,2.1539053979687367e-05
6569,2.0121337767757803e-05,2.2872322785637097e-05,2.0938506090726095e-05,2.153737644493757e-05
6570,2.0119621916104764e-05,2.2870395910157448e-05,2.0936450447120404e-05,2.1535699958705014e-05
6571,2.0117907350265368e-05,2.2868470363927243e-05,2.093439603195012e-05,2.1534024813027244e-05
6572,2.011619402291218e-05,2.2866546236489178e-05,2.093234308210421e-05,2.1532350847760624e-05
6573,2.011448206742589e-05,2.2864623397582057e-05,2.0930291454636417e-05,2.1530678146144924e-05
6574,2.0112771262900462e-05,2.2862701949091967e-05,2.0928241253083334e-05,2.152900680087944e-05
6575,2.0111061685422362e-05,2.2860781957050693e-05,2.0926192275622716e-05,2.1527336548195774e-05
6576,2.01093533225009e-05,2.2858863236259428e-05,2.092414487379904e-05,2.1525667412814923e-05
6577,2.0107646265710617e-05,2.2856945995375787e-05,2.0922098692433594e-05,2.1523999691234267e-05
6578,2.0105940425799196e-05,2.285502995012019e-05,2.0920053944062192e-05,2.15223330168272e-05
6579,2.010423582729268e-05,2.2853115429446644e-05,2.091801054147707e-05,2.1520667661795294e-05
6580,2.0102532446180907e-05,2.2851202168060726e-05,2.09159683626175e-05,2.151900350075006e-05
6581,2.0100830344883733e-05,2.2849290390341508e-05,2.0913927760928142e-05,2.1517340502549632e-05
6582,2.009912941742563e-05,2.2847379939286457e-05,2.0911888491067588e-05,2.1515678818058763e-05
6583,2.0097429814663882e-05,2.284547083434825e-05,2.090985060573121e-05,2.1514018334564408e-05
6584,2.00957314239877e-05,2.2843563019923473e-05,2.0907813973846707e-05,2.1512359069969826e-05
6585,2.0094034267586897e-05,2.284165662197332e-05,2.0905778734947095e-05,2.1510700921623083e-05
6586,2.009233828454416e-05,2.283975168014073e-05,2.0903744859774903e-05,2.150904411408547e-05
6587,2.009064359721016e-05,2.2837848008064548e-05,2.0901712319416063e-05,2.1507388422057294e-05
6588,2.0088950225255812e-05,2.283594572319726e-05,2.0899681196016825e-05,2.1505734120362145e-05
6589,2.0087257952547746e-05,2.2834044803173174e-05,2.089765148371375e-05,2.1504080790311306e-05
6590,2.0085566965948272e-05,2.2832145230089383e-05,2.0895623002056674e-05,2.1502428825619313e-05
6591,2.0083877196182063e-05,2.283024708471226e-05,2.0893595912948606e-05,2.1500778047431865e-05
6592,2.008218867227131e-05,2.282835019118611e-05,2.089157020670751e-05,2.149912849740812e-05
6593,2.008050133251009e-05,2.2826454742104193e-05,2.0889545859346066e-05,2.149748013103013e-05
6594,2.0078815397791625e-05,2.2824560700098297e-05,2.08875229333758e-05,2.1495832994291227e-05
6595,2.0077130608234176e-05,2.282266792989107e-05,2.088550126839945e-05,2.149418703818294e-05
6596,2.007544693082634e-05,2.2820776427337745e-05,2.088348093946423e-05,2.149254234354571e-05
6597,2.0073764667083914e-05,2.2818886441034878e-05,2.0881462049529543e-05,2.1490898870359397e-05
6598,2.007208351098302e-05,2.2816997725296322e-05,2.087944448769463e-05,2.1489256638088128e-05
6599,2.007040364141475e-05,2.2815110514942207e-05,2.087742821621422e-05,2.148761551512492e-05
6600,2.006872491430384e-05,2.281322440387462e-05,2.087541337831079e-05,2.1485975686896387e-05
6601,2.0067047521574234e-05,2.2811339854356817e-05,2.0873399918796858e-05,2.1484337011772916e-05
6602,2.0065371388461392e-05,2.2809456655287075e-05,2.0871387770235125e-05,2.1482699603533178e-05
6603,2.006369637586355e-05,2.2807574662480305e-05,2.0869377017342485e-05,2.148106331341837e-05
6604,2.006202264820211e-05,2.2805694163268068e-05,2.086736759640284e-05,2.1479428323590502e-05
6605,2.0060350169718415e-05,2.2803814978408637e-05,2.086535949447068e-05,2.1477794418613257e-05
6606,2.0058678863118294e-05,2.2801937156226056e-05,2.0863352787674392e-05,2.1476161876930093e-05
6607,2.005700882729783e-05,2.2800060694877064e-05,2.0861347387805874e-05,2.1474530465032497e-05
6608,2.0055339966713605e-05,2.2798185538833626e-05,2.0859343369100187e-05,2.1472900334485863e-05
6609,2.0053672460125838e-05,2.2796311793424063e-05,2.085734070512161e-05,2.147127133552287e-05
6610,2.00520060758294e-05,2.2794439486968786e-05,2.0855339386462245e-05,2.1469643544276402e-05
6611,2.005034090029685e-05,2.2792568309455598e-05,2.085333943182301e-05,2.1468016895423057e-05
6612,2.0048677015975394e-05,2.279069860677632e-05,2.0851340770981407e-05,2.146639156541002e-05
6613,2.004701428741168e-05,2.2788830269703388e-05,2.0849343521947453e-05,2.1464767391154324e-05
6614,2.004535287131206e-05,2.27869633350752e-05,2.0847347580234145e-05,2.1463144499279703e-05
6615,2.004369266090397e-05,2.2785097685597827e-05,2.0845353038531356e-05,2.146152261975378e-05
6616,2.004203369549669e-05,2.278323339437315e-05,2.0843359832547056e-05,2.1459902138674286e-05
6617,2.004037581067211e-05,2.278137039671999e-05,2.0841367959482646e-05,2.1458282787007444e-05
6618,2.0038719284942585e-05,2.2779508849619975e-05,2.0839377389798355e-05,2.145666470238915e-05
6619,2.0037063999126235e-05,2.2777648592163615e-05,2.083738821148886e-05,2.1455047734167636e-05
6620,2.003540987012709e-05,2.2775789644139337e-05,2.0835400397022212e-05,2.145343205552741e-05
6621,2.003375698255212e-05,2.2773932098694463e-05,2.0833413810381478e-05,2.145181740264469e-05
6622,2.0032105215951332e-05,2.277207588681051e-05,2.0831428760002702e-05,2.14502041528969e-05
6623,2.0030454817426244e-05,2.2770221087186858e-05,2.082944492618823e-05,2.1448591957645735e-05
6624,2.0028805592886282e-05,2.2768367618731944e-05,2.082746254600656e-05,2.1446981007249587e-05
6625,2.0027157605955474e-05,2.2766515434055035e-05,2.0825481428514195e-05,2.1445371338466228e-05
6626,2.0025510805769633e-05,2.27646646454044e-05,2.082350162734113e-05,2.1443762858749648e-05
6627,2.0023865208378556e-05,2.2762815213460905e-05,2.0821523212316032e-05,2.1442155544838883e-05
6628,2.002222088152766e-05,2.276096712354737e-05,2.0819546090070836e-05,2.144054934637133e-05
6629,2.002057773748024e-05,2.2759120279900823e-05,2.08175703863169e-05,2.1438944437685417e-05
6630,2.0018935825996455e-05,2.2757274868362652e-05,2.0815595957261933e-05,2.1437340672779413e-05
6631,2.0017295148767526e-05,2.2755430831083806e-05,2.0813622887751488e-05,2.1435738217685136e-05
6632,2.001565570368741e-05,2.2753588004658416e-05,2.081165121372265e-05,2.1434136841405532e-05
6633,2.0014017388235327e-05,2.275174663539009e-05,2.0809680802416266e-05,2.1432536673568376e-05
6634,2.001238038721077e-05,2.2749906704957506e-05,2.0807711844479984e-05,2.1430937749886985e-05
6635,2.0010744510900392e-05,2.274806797138866e-05,2.080574411378658e-05,2.1429340043456427e-05
6636,2.0009109941131138e-05,2.2746230648661634e-05,2.0803777748852965e-05,2.142774345183714e-05
6637,2.0007476574299392e-05,2.2744394665151262e-05,2.080181274704928e-05,2.1426148153125497e-05
6638,2.000584442813079e-05,2.2742559901386502e-05,2.0799848984478014e-05,2.1424553970079773e-05
6639,2.0004213450803416e-05,2.2740726565096698e-05,2.0797886747853054e-05,2.1422961014381638e-05
6640,2.000258374475139e-05,2.273889463269992e-05,2.0795925727777766e-05,2.1421369245187998e-05
6641,2.000095517036522e-05,2.2737063927002878e-05,2.0793966099584798e-05,2.141977860722936e-05
6642,1.9999327865110223e-05,2.273523464240039e-05,2.079200774333951e-05,2.141818932181337e-05
6643,1.9997701733567794e-05,2.273340665922259e-05,2.0790050725827333e-05,2.1416601109821186e-05
6644,1.9996076873488166e-05,2.273158004577813e-05,2.0788095109356993e-05,2.1415014065467504e-05
6645,1.9994453225677768e-05,2.2729754760405757e-05,2.078614076578413e-05,2.1413428300088995e-05
6646,1.9992830787361734e-05,2.2727930856842295e-05,2.078418780388833e-05,2.1411843641306688e-05
6647,1.9991209482926057e-05,2.272610819093627e-05,2.0782236060023317e-05,2.141026026092555e-05
6648,1.9989589409481594e-05,2.272428699287616e-05,2.078028583571342e-05,2.1408678050158147e-05
6649,1.998797060224035e-05,2.2722467034986582e-05,2.0778336856582514e-05,2.1407096986499513e-05
6650,1.9986353017932166e-05,2.2720648427942924e-05,2.07763891971969e-05,2.1405517164079118e-05
6651,1.9984736633504778e-05,2.2718831126692986e-05,2.0774442929059286e-05,2.1403938464526046e-05
6652,1.9983121359437583e-05,2.271701524862913e-05,2.0772497961154167e-05,2.1402360989491543e-05
6653,1.998150737804382e-05,2.2715200673668992e-05,2.077055427757944e-05,2.1400784766635385e-05
6654,1.9979894648196085e-05,2.271338744517918e-05,2.0768611984900983e-05,2.139920964607901e-05
6655,1.9978283045698422e-05,2.2711575505527247e-05,2.0766670925186245e-05,2.1397635792203338e-05
6656,1.9976672710730497e-05,2.270976487289906e-05,2.0764731337042046e-05,2.1396063040738672e-05
6657,1.9975063547477997e-05,2.2707955636322613e-05,2.0762792958567625e-05,2.139449151925913e-05
6658,1.997345559232395e-05,2.270614776497139e-05,2.0760856032549893e-05,2.1392921168510666e-05
6659,1.997184882920436e-05,2.2704341172455984e-05,2.075892030821465e-05,2.139135199375474e-05
6660,1.9970243279954972e-05,2.2702535902308902e-05,2.075698602195147e-05,2.138978406687883e-05
6661,1.996863895141231e-05,2.270073206118815e-05,2.0755053042046724e-05,2.1388217273941513e-05
6662,1.9967035864223687e-05,2.2698929406735863e-05,2.0753121355346297e-05,2.138665173774988e-05
6663,1.9965433880503414e-05,2.269712816562234e-05,2.0751190989741625e-05,2.1385087288371355e-05
6664,1.9963833211831157e-05,2.2695328248388874e-05,2.0749261942208345e-05,2.1383524106978e-05
6665,1.9962233679547652e-05,2.2693529640304973e-05,2.074733428761996e-05,2.1381962054026962e-05
6666,1.996063537917125e-05,2.269173242991458e-05,2.0745407868974064e-05,2.138040120813373e-05
6667,1.9959038306040434e-05,2.2689936493356098e-05,2.0743482866239094e-05,2.137884156459382e-05
6668,1.9957442377885113e-05,2.268814187772729e-05,2.0741559156447598e-05,2.1377283031249705e-05
6669,1.995584767968748e-05,2.2686348607726347e-05,2.0739636700377147e-05,2.137572570914215e-05
6670,1.9954254190257163e-05,2.2684556674567196e-05,2.073771568021221e-05,2.1374169687872063e-05
6671,1.9952661892428858e-05,2.2682766017419608e-05,2.0735795907029316e-05,2.1372614738175794e-05
6672,1.9951070856429318e-05,2.2680976811925888e-05,2.0733877502473658e-05,2.137106097847365e-05
6673,1.9949480930306465e-05,2.2679188803282556e-05,2.073196039317867e-05,2.1369508411937633e-05
6674,1.9947892240199337e-05,2.2677402219513582e-05,2.073004468495939e-05,2.1367956971462395e-05
6675,1.994630471571852e-05,2.2675616902298182e-05,2.072813020793506e-05,2.1366406813676213e-05
6676,1.9944718491710583e-05,2.2673832897617945e-05,2.0726217130366737e-05,2.1364857782844857e-05
6677,1.9943133401427216e-05,2.267205029832594e-05,2.0724305252089014e-05,2.1363309933017963e-05
6678,1.994154952204374e-05,2.2670269037988724e-05,2.0722394793443172e-05,2.1361763230985483e-05
6679,1.9939966782277234e-05,2.2668488986561942e-05,2.0720485696120246e-05,2.136021774288565e-05
6680,1.993838534331486e-05,2.266671032498474e-05,2.071857782171482e-05,2.1358673429876375e-05
6681,1.993680505343033e-05,2.2664932940059033e-05,2.0716671256679757e-05,2.135713035093505e-05
6682,1.993522594223728e-05,2.2663156947327682e-05,2.0714766059725026e-05,2.1355588357028053e-05
6683,1.9933648048464718e-05,2.26613822647334e-05,2.0712862204879698e-05,2.1354047600498842e-05
6684,1.9932071368942814e-05,2.2659608911330718e-05,2.0710959647414143e-05,2.135250798974886e-05
6685,1.993049581598292e-05,2.26578368045099e-05,2.070905843932912e-05,2.1350969552968087e-05
6686,1.992892156579193e-05,2.2656066100471655e-05,2.070715845042017e-05,2.1349432292037397e-05
6687,1.9927348394023077e-05,2.2654296764216317e-05,2.0705259890814943e-05,2.1347896219717248e-05
6688,1.9925776535507954e-05,2.2652528652013464e-05,2.0703362633090265e-05,2.1346361314503072e-05
6689,1.9924205815554325e-05,2.265076183081587e-05,2.0701466602192895e-05,2.1344827616138532e-05
6690,1.9922636299251258e-05,2.264899645478647e-05,2.0699572031646565e-05,2.1343295119699588e-05
6691,1.9921067938497436e-05,2.2647232312471152e-05,2.0697678621716325e-05,2.1341763691750024e-05
6692,1.9919500890411166e-05,2.264546958931267e-05,2.0695786612355233e-05,2.134023352610239e-05
6693,1.9917934894121343e-05,2.2643708108683146e-05,2.069389595307636e-05,2.1338704474313748e-05
6694,1.9916370135210114e-05,2.264194792372347e-05,2.06920065997638e-05,2.13371766260156e-05
6695,1.9914806580540513e-05,2.2640189087761104e-05,2.0690118470818923e-05,2.1335649940429192e-05
6696,1.9913244208558138e-05,2.2638431640282425e-05,2.068823166532872e-05,2.133412444701523e-05
6697,1.9911683042751953e-05,2.2636675356110382e-05,2.0686346258560867e-05,2.1332600122427116e-05
6698,1.9910123055710005e-05,2.2634920458470163e-05,2.068446212464508e-05,2.1331076992105094e-05
6699,1.990856425105663e-05,2.2633166944619053e-05,2.0682579314408134e-05,2.1329554966395635e-05
6700,1.990700668124825e-05,2.263141463246931e-05,2.068069781388143e-05,2.132803415477374e-05
6701,1.9905450257243467e-05,2.262966376569766e-05,2.0678817627274114e-05,2.132651449688413e-05
6702,1.99038950674335e-05,2.2627914160530147e-05,2.0676938733680754e-05,2.132499608644694e-05
6703,1.99023410478965e-05,2.2626165841286216e-05,2.067506120428217e-05,2.132347877015634e-05
6704,1.9900788182408516e-05,2.2624418904270273e-05,2.0673184913414367e-05,2.132196258625059e-05
6705,1.9899236548213523e-05,2.262267320432766e-05,2.0671309990850828e-05,2.1320447615439694e-05
6706,1.9897686080050393e-05,2.262092888300734e-05,2.066943637819878e-05,2.1318933832435334e-05
6707,1.989613681940326e-05,2.261918585133288e-05,2.0667563995350802e-05,2.1317421194130317e-05
6708,1.989458871486268e-05,2.2617444132114736e-05,2.0665692975799708e-05,2.13159097594067e-05
6709,1.9893041838040215e-05,2.2615703691664332e-05,2.0663823312239295e-05,2.1314399459559505e-05
6710,1.9891496153892273e-05,2.261396462588028e-05,2.066195490313609e-05,2.1312890338567756e-05
6711,1.988995159159296e-05,2.261222687517438e-05,2.0660087804490064e-05,2.1311382338553826e-05
6712,1.9888408266338325e-05,2.2610490380375425e-05,2.0658222033497986e-05,2.1309875596891062e-05
6713,1.988686610998623e-05,2.260875526792718e-05,2.0656357535536442e-05,2.1308369989380374e-05
6714,1.98853251380928e-05,2.260702146798328e-05,2.0654494373824056e-05,2.1306865493230736e-05
6715,1.9883785378390715e-05,2.260528890167823e-05,2.065263248562196e-05,2.1305362237019304e-05
6716,1.988224677930555e-05,2.260355765668757e-05,2.0650771951927674e-05,2.1303860054554836e-05
6717,1.988070935712222e-05,2.260182776828374e-05,2.064891269176471e-05,2.1302359126099766e-05
6718,1.9879173120682534e-05,2.260009921572522e-05,2.0647054765145605e-05,2.130085933991221e-05
6719,1.987763808480323e-05,2.2598371898626016e-05,2.0645198108631e-05,2.1299360683411195e-05
6720,1.9876104230545375e-05,2.2596645931864194e-05,2.0643342811903046e-05,2.129786322122263e-05
6721,1.9874571529487554e-05,2.259492130324468e-05,2.0641488780126393e-05,2.1296366910190917e-05
6722,1.987304006716815e-05,2.2593197923715363e-05,2.063963606714188e-05,2.129487175463193e-05
6723,1.9871509759103235e-05,2.2591475875270936e-05,2.0637784647417192e-05,2.1293377804418854e-05
6724,1.9869980627178447e-05,2.2589755122016508e-05,2.063593453906794e-05,2.129188493862152e-05
6725,1.9868452644227036e-05,2.2588035725714895e-05,2.063408573843435e-05,2.1290393322281233e-05
6726,1.986692587992232e-05,2.2586317590908077e-05,2.0632238234955433e-05,2.1288902796459243e-05
6727,1.986540029031361e-05,2.2584600819445346e-05,2.0630391965695114e-05,2.128741349697477e-05
6728,1.986387590792696e-05,2.2582885285228e-05,2.0628547116949415e-05,2.1285925282881626e-05
6729,1.9862352690477654e-05,2.258117110699836e-05,2.0626703499074586e-05,2.1284438300001312e-05
6730,1.9860830619937858e-05,2.2579458200630217e-05,2.0624861199961524e-05,2.1282952436121423e-05
6731,1.9859309736651448e-05,2.2577746574005654e-05,2.0623020204466764e-05,2.1281467767693576e-05
6732,1.985779004776073e-05,2.2576036367276143e-05,2.062118051566572e-05,2.1279984170297786e-05
6733,1.9856271555542722e-05,2.257432735281204e-05,2.0619342100836215e-05,2.1278501779758452e-05
6734,1.9854754241420727e-05,2.257261969623034e-05,2.0617504960185546e-05,2.1277020585557096e-05
6735,1.9853238056866884e-05,2.2570913373179372e-05,2.0615669156809446e-05,2.1275540550165754e-05
6736,1.985172310841928e-05,2.2569208283458945e-05,2.0613834695046545e-05,2.1274061633312986e-05
6737,1.9850209285831193e-05,2.2567504508830928e-05,2.0612001467976916e-05,2.1272583903688183e-05
6738,1.9848696696674964e-05,2.256580202615969e-05,2.0610169560998113e-05,2.1271107305618797e-05
6739,1.984718521172705e-05,2.256410090802543e-05,2.0608338922855906e-05,2.1269631894990606e-05
6740,1.984567495418568e-05,2.2562401066002544e-05,2.060650964550977e-05,2.126815757837408e-05
6741,1.9844165830592817e-05,2.2560702486919564e-05,2.0604681622102705e-05,2.126668450138155e-05
6742,1.9842657913683552e-05,2.2559005267447698e-05,2.0602854894946213e-05,2.1265212543432856e-05
6743,1.9841151203562527e-05,2.2557309310457314e-05,2.0601029498782297e-05,2.1263741731203353e-05
6744,1.983964560620058e-05,2.255561469137604e-05,2.0599205361457373e-05,2.1262272083295e-05
6745,1.983814120728871e-05,2.255392134912279e-05,2.0597382526214144e-05,2.1260803582711633e-05
6746,1.9836637964935302e-05,2.255222931923886e-05,2.0595561013970958e-05,2.1259336238833452e-05
6747,1.9835135907183784e-05,2.255053856802296e-05,2.059374074682525e-05,2.1257870041775743e-05
6748,1.9833635016505824e-05,2.2548849128979158e-05,2.0591921789369932e-05,2.1256404979632892e-05
6749,1.9832135331418827e-05,2.2547161011594858e-05,2.0590104103579674e-05,2.1254941087569113e-05
6750,1.9830636788556135e-05,2.25454741948069e-05,2.058828780172619e-05,2.125347840393166e-05
6751,1.9829139416655042e-05,2.2543788601060745e-05,2.0586472695480257e-05,2.125201681180305e-05
6752,1.9827643238558963e-05,2.2542104362137613e-05,2.05846589101745e-05,2.125055641759061e-05
6753,1.982614823295916e-05,2.254042140672285e-05,2.058284646781611e-05,2.1249097131063754e-05
6754,1.9824654370704458e-05,2.2538739766901223e-05,2.0581035277781054e-05,2.1247638974543434e-05
6755,1.98231616969129e-05,2.2537059423478658e-05,2.0579225391322618e-05,2.1246182014677665e-05
6756,1.9821670174519424e-05,2.253538038878628e-05,2.0577416753196463e-05,2.1244726218663196e-05
6757,1.9820179823340693e-05,2.253370261832003e-05,2.0575609457073267e-05,2.1243271520666546e-05
6758,1.981869066901907e-05,2.2532026138883223e-05,2.057380341809015e-05,2.1241818007565623e-05
6759,1.9817202696409977e-05,2.2530350966524973e-05,2.057199867944344e-05,2.1240365663460204e-05
6760,1.9815715822691404e-05,2.2528677099985216e-05,2.0570195241076593e-05,2.1238914408679722e-05
6761,1.9814230182942894e-05,2.252700451136188e-05,2.0568393066762404e-05,2.1237464333867397e-05
6762,1.9812745676231817e-05,2.2525333248825198e-05,2.0566592201012643e-05,2.12360154186187e-05
6763,1.9811262350145156e-05,2.25236633094845e-05,2.0564792601448804e-05,2.1234567639991916e-05
6764,1.980978017895563e-05,2.252199459343884e-05,2.056299434199143e-05,2.123312102239519e-05
6765,1.9808299187612918e-05,2.2520327157018278e-05,2.0561197351627345e-05,2.123167554556277e-05
6766,1.9806819338540373e-05,2.2518661097421395e-05,2.0559401614804788e-05,2.1230231207312358e-05
6767,1.980534069698538e-05,2.2516996281363488e-05,2.0557607191479625e-05,2.1228788029779442e-05
6768,1.980386319862118e-05,2.2515332757709357e-05,2.0555814062007876e-05,2.1227345961859047e-05
6769,1.9802386853519224e-05,2.2513670525768928e-05,2.0554022218503293e-05,2.122590506660437e-05
6770,1.980091169614747e-05,2.251200957979319e-05,2.0552231635291117e-05,2.1224465342043587e-05
6771,1.979943768259877e-05,2.2510349942851572e-05,2.0550442334252795e-05,2.1223026742006284e-05
6772,1.979796485981376e-05,2.250869158137505e-05,2.054865436879767e-05,2.1221589308407657e-05
6773,1.979649318281047e-05,2.250703452644066e-05,2.054686763654688e-05,2.1220152952815923e-05
6774,1.9795022677788683e-05,2.2505378770506136e-05,2.054508224945567e-05,2.1218717777690372e-05
6775,1.9793553302872183e-05,2.2503724284011287e-05,2.0543298098869485e-05,2.121728376688895e-05
6776,1.9792085165376344e-05,2.2502071075958405e-05,2.0541515241490497e-05,2.121585088972206e-05
6777,1.9790618111851333e-05,2.250041919075201e-05,2.0539733657058646e-05,2.1214419142528764e-05
6778,1.9789152246005384e-05,2.2498768620266748e-05,2.0537953340996146e-05,2.1212988530333676e-05
6779,1.9787687567735327e-05,2.2497119247428075e-05,2.0536174356854063e-05,2.1211559075068437e-05
6780,1.978622401876454e-05,2.2495471240998155e-05,2.0534396641108172e-05,2.121013077535415e-05
6781,1.9784761638612383e-05,2.2493824446514408e-05,2.0532620175961227e-05,2.1208703595742535e-05
6782,1.9783300419031557e-05,2.2492179029533515e-05,2.053084501272198e-05,2.1207277558268522e-05
6783,1.9781840377182505e-05,2.249053486315605e-05,2.0529071136268106e-05,2.1205852684505456e-05
6784,1.978038148970747e-05,2.24888919776804e-05,2.0527298524469804e-05,2.1204428926263375e-05
6785,1.977892373760806e-05,2.24872503606938e-05,2.052552721558764e-05,2.1203006330031405e-05
6786,1.9777467151887744e-05,2.2485610072824248e-05,2.052375717694715e-05,2.1201584867399343e-05
6787,1.9776011744768852e-05,2.2483971025874845e-05,2.05219884276256e-05,2.1200164566930636e-05
6788,1.97745574846802e-05,2.2482333295857848e-05,2.0520220938154392e-05,2.1198745347266446e-05
6789,1.9773104393671898e-05,2.2480696836295672e-05,2.0518454740673813e-05,2.1197327301896524e-05
6790,1.9771652458941222e-05,2.2479061657912272e-05,2.0516689833485563e-05,2.1195910429362345e-05
6791,1.97702016589396e-05,2.247742778565312e-05,2.0514926185416322e-05,2.1194494634053443e-05
6792,1.9768752024559237e-05,2.2475795200369905e-05,2.051316379616476e-05,2.1193079995269745e-05
6793,1.9767303557302493e-05,2.247416388212192e-05,2.05114027115313e-05,2.119166650377414e-05
6794,1.9765856251567308e-05,2.2472533855234654e-05,2.050964291264105e-05,2.1190254161366868e-05
6795,1.976441010028713e-05,2.2470905107462656e-05,2.0507884405734355e-05,2.118884294729811e-05
6796,1.976296508823658e-05,2.246927762205858e-05,2.05061271371995e-05,2.118743284148057e-05
6797,1.9761521245131455e-05,2.2467651423480113e-05,2.0504371198437282e-05,2.1186023898442924e-05
6798,1.9760078538848545e-05,2.246602654382782e-05,2.050261648263142e-05,2.118461610279657e-05
6799,1.975863701454161e-05,2.246440291417081e-05,2.0500863061624172e-05,2.1183209395871363e-05
6800,1.9757196636998477e-05,2.2462780586418558e-05,2.0499110908035243e-05,2.118180388043631e-05
6801,1.975575739500888e-05,2.2461159553726145e-05,2.0497359990754715e-05,2.1180399470869927e-05
6802,1.975431933988223e-05,2.2459539739709106e-05,2.0495610414324663e-05,2.1178996186105445e-05
6803,1.9752882407450843e-05,2.245792126540108e-05,2.0493862104103747e-05,2.1177594068888372e-05
6804,1.9751446641363134e-05,2.2456304055602724e-05,2.049211505839654e-05,2.1176193051139963e-05
6805,1.9750012006500512e-05,2.2454688134403323e-05,2.0490369284344032e-05,2.1174793188184016e-05
6806,1.974857855654023e-05,2.2453073476493702e-05,2.0488624788391326e-05,2.1173394438489217e-05
6807,1.974714625029548e-05,2.2451460101046203e-05,2.0486881557839094e-05,2.1171996865165384e-05
6808,1.974571509412606e-05,2.244984799225717e-05,2.0485139607772087e-05,2.1170600365347042e-05
6809,1.9744285080446435e-05,2.2448237166061146e-05,2.0483398920907128e-05,2.1169205037488693e-05
6810,1.9742856216826943e-05,2.2446627640448178e-05,2.0481659502933716e-05,2.11678108253037e-05
6811,1.9741428519208127e-05,2.244501940046242e-05,2.0479921351681335e-05,2.1166417779383537e-05
6812,1.9740001970659375e-05,2.2443412415117195e-05,2.0478184481437372e-05,2.116502582062375e-05
6813,1.9738576556887942e-05,2.2441806698296102e-05,2.0476448896620235e-05,2.1163635009268676e-05
6814,1.9737152288741622e-05,2.2440202278737436e-05,2.0474714564530353e-05,2.1162245325860837e-05
6815,1.9735729199615902e-05,2.243859911275268e-05,2.047298150039702e-05,2.116085677028676e-05
6816,1.9734307261306877e-05,2.24369972511366e-05,2.0471249725088347e-05,2.1159469357254812e-05
6817,1.9732886443486045e-05,2.243539665254271e-05,2.0469519198143168e-05,2.115808306435672e-05
6818,1.9731466774118995e-05,2.243379733958849e-05,2.0467789958904262e-05,2.115669791366162e-05
6819,1.9730048250509134e-05,2.2432199248204966e-05,2.0466061976582287e-05,2.1155313851968452e-05
6820,1.9728630891356814e-05,2.243060249354968e-05,2.0464335264835272e-05,2.115393094904727e-05
6821,1.972721468126238e-05,2.2429006992354624e-05,2.0462609834733366e-05,2.115254916088299e-05
6822,1.9725799609658497e-05,2.2427412777211443e-05,2.046088564441358e-05,2.1151168522808404e-05
6823,1.9724385696954372e-05,2.2425819835374552e-05,2.0459162755979025e-05,2.114978901466273e-05
6824,1.972297290636155e-05,2.242422815205096e-05,2.0457441108671068e-05,2.1148410605074828e-05
6825,1.9721561265350277e-05,2.2422637752293914e-05,2.0455720740534864e-05,2.1147033346595043e-05
6826,1.972015076991647e-05,2.2421048612783792e-05,2.0454001604796717e-05,2.114565720951293e-05
6827,1.971874143817631e-05,2.2419460759474435e-05,2.0452283802889325e-05,2.114428218209992e-05
6828,1.971733325716978e-05,2.24178741785044e-05,2.0450567212934125e-05,2.114290829693963e-05
6829,1.971592620428469e-05,2.2416288888186946e-05,2.0448851923244465e-05,2.114153555596261e-05
6830,1.9714520284385742e-05,2.2414704820851235e-05,2.0447137875504876e-05,2.1140163896887694e-05
6831,1.971311552376059e-05,2.2413122045506778e-05,2.0445425088813496e-05,2.1138793369938064e-05
6832,1.97117119063249e-05,2.2411540561315432e-05,2.0443713585405308e-05,2.1137423976941894e-05
6833,1.9710309432914973e-05,2.2409960336437842e-05,2.0442003334402448e-05,2.1136055720101244e-05
6834,1.970890809112138e-05,2.2408381390605193e-05,2.0440294348569357e-05,2.113468857887958e-05
6835,1.970750791690829e-05,2.240680368433082e-05,2.0438586652870407e-05,2.113332254642797e-05
6836,1.9706108859970904e-05,2.2405227280291382e-05,2.043688018341401e-05,2.113195767423312e-05
6837,1.970471096141545e-05,2.2403652124359923e-05,2.043517498414598e-05,2.1130593902654824e-05
6838,1.970331418932874e-05,2.240207825264704e-05,2.043347105278517e-05,2.1129231233377796e-05
6839,1.9701918576892505e-05,2.2400505637567744e-05,2.043176837546278e-05,2.1127869722134344e-05
6840,1.9700524084121198e-05,2.2398934298499008e-05,2.0430066978866568e-05,2.1126509312276012e-05
6841,1.9699130739665593e-05,2.2397364225336007e-05,2.0428366847036308e-05,2.1125150041857484e-05
6842,1.9697738542602303e-05,2.2395795403159168e-05,2.042666796354809e-05,2.1123791863619707e-05
6843,1.9696347483423246e-05,2.239422789302009e-05,2.042497033566573e-05,2.11224348286035e-05
6844,1.9694957549790522e-05,2.239266160669103e-05,2.042327398411519e-05,2.1121078887584904e-05
6845,1.9693568776369688e-05,2.239109662208458e-05,2.042157887117203e-05,2.1119724095718463e-05
6846,1.969218113058326e-05,2.238953288145835e-05,2.0419885048242975e-05,2.1118370413840466e-05
6847,1.9690794634091986e-05,2.2387970404744436e-05,2.0418192473888488e-05,2.1117017842820803e-05
6848,1.9689409249353048e-05,2.238640919770962e-05,2.0416501130834162e-05,2.1115666415833745e-05
6849,1.9688025027087277e-05,2.2384849260056625e-05,2.041481107769246e-05,2.1114316100244228e-05
6850,1.9686641936673195e-05,2.2383290579698035e-05,2.041312227647834e-05,2.111296689134692e-05
6851,1.968525998691662e-05,2.2381733167233614e-05,2.041143472253089e-05,2.1111618811104228e-05
6852,1.9683879176854922e-05,2.238017703525691e-05,2.0409748449307875e-05,2.111027183729546e-05
6853,1.968249950484363e-05,2.2378622167450482e-05,2.0408063422910138e-05,2.1108925984353365e-05
6854,1.9681120950334353e-05,2.2377068556058863e-05,2.0406379642979736e-05,2.1107581260162218e-05
6855,1.9679743534230454e-05,2.2375516183536214e-05,2.0404697115116653e-05,2.1106237636114533e-05
6856,1.9678367274150895e-05,2.2373965107081055e-05,2.0403015888820585e-05,2.1104895143593455e-05
6857,1.9676992133225814e-05,2.237241527170465e-05,2.0401335874891898e-05,2.1103553771473885e-05
6858,1.967561814037794e-05,2.2370866736221712e-05,2.039965712094216e-05,2.110221347243294e-05
6859,1.9674245273384605e-05,2.236931941294767e-05,2.039797963361775e-05,2.1100874338141718e-05
6860,1.967287352460374e-05,2.2367773395753267e-05,2.039630342304321e-05,2.1099536320455266e-05
6861,1.967150293838375e-05,2.2366228613467914e-05,2.0394628428020896e-05,2.109819939925826e-05
6862,1.967013347012763e-05,2.2364685111536216e-05,2.0392954705459834e-05,2.109686359167225e-05
6863,1.9668765140983557e-05,2.23631428359552e-05,2.039128223344124e-05,2.1095528893998456e-05
6864,1.966739793770547e-05,2.236160185948631e-05,2.0389611025716353e-05,2.109419530885776e-05
6865,1.9666031880523013e-05,2.2360062132753606e-05,2.0387941092706656e-05,2.109286285436022e-05
6866,1.9664666942891688e-05,2.2358523665889408e-05,2.0386272370945118e-05,2.1091531514345705e-05
6867,1.9663303144818202e-05,2.2356986438005045e-05,2.0384604912400837e-05,2.1090201273029598e-05
6868,1.9661940492051344e-05,2.2355450492591963e-05,2.038293872064761e-05,2.1088872145695837e-05
6869,1.9660578953660483e-05,2.2353915814723086e-05,2.0381273780698887e-05,2.1087544132366558e-05
6870,1.9659218546620297e-05,2.2352382380093784e-05,2.0379610078945423e-05,2.108621724614816e-05
6871,1.965785927456518e-05,2.23508502150133e-05,2.037794763745672e-05,2.108489146270382e-05
6872,1.9656501138394663e-05,2.234931928175754e-05,2.0376286462106433e-05,2.1083566762619696e-05
6873,1.9655144114171318e-05,2.2347789632343864e-05,2.0374626534635796e-05,2.1082243218467463e-05
6874,1.9653788228395514e-05,2.2346261251024875e-05,2.0372967822858785e-05,2.1080920763151195e-05
6875,1.9652433477672008e-05,2.2344734106277718e-05,2.0371310398384816e-05,2.107959940149064e-05
6876,1.9651079850339433e-05,2.2343208224489804e-05,2.0369654224815585e-05,2.107827918343604e-05
6877,1.9649727359111107e-05,2.234168359754205e-05,2.036799928284649e-05,2.107696006518739e-05
6878,1.9648375988859746e-05,2.234016023781442e-05,2.036634558740282e-05,2.1075642063982e-05
6879,1.9647025766589942e-05,2.2338638109067205e-05,2.036469317240053e-05,2.1074325153768668e-05
6880,1.9645676640741083e-05,2.2337117275232626e-05,2.0363041999944017e-05,2.107300935709976e-05
6881,1.9644328669132915e-05,2.233559767006517e-05,2.0361392048794637e-05,2.1071694683591154e-05
6882,1.9642981807432134e-05,2.2334079323350443e-05,2.0359743373908114e-05,2.1070381094743697e-05
6883,1.9641636075382958e-05,2.2332562235313576e-05,2.0358095937126384e-05,2.1069068628445142e-05
6884,1.964029147520058e-05,2.233104639507849e-05,2.0356449729304425e-05,2.1067757252663044e-05
6885,1.9638948009188658e-05,2.2329531820155204e-05,2.0354804794417176e-05,2.1066447015952626e-05
6886,1.9637605657851107e-05,2.2328018477549098e-05,2.035316110397037e-05,2.1065137878202236e-05
6887,1.9636264435859494e-05,2.2326506413445994e-05,2.0351518650721846e-05,2.1063829826215265e-05
6888,1.9634924345549272e-05,2.2324995595905873e-05,2.034987746411456e-05,2.1062522892515354e-05
6889,1.9633585372885896e-05,2.232348604840987e-05,2.0348237496415335e-05,2.10612170759814e-05
6890,1.9632247524399775e-05,2.232197773112002e-05,2.034659879566451e-05,2.105991236019598e-05
6891,1.9630910805811804e-05,2.2320470663184746e-05,2.034496133758753e-05,2.1058608739696045e-05
6892,1.9629575209493167e-05,2.2318964841881072e-05,2.034332512197987e-05,2.105730624097907e-05
6893,1.9628240730460657e-05,2.2317460319384884e-05,2.0341690154765233e-05,2.1056004830420006e-05
6894,1.9626907388802894e-05,2.231595700264349e-05,2.0340056428815412e-05,2.1054704544083676e-05
6895,1.962557516145361e-05,2.231445494113119e-05,2.0338423949961153e-05,2.105340534928591e-05
6896,1.962424405817638e-05,2.2312954146175158e-05,2.0336792719420352e-05,2.1052107244175188e-05
6897,1.962291408223329e-05,2.231145460158335e-05,2.0335162729504298e-05,2.105081025636936e-05
6898,1.962158521644748e-05,2.230995631326322e-05,2.0333533982699075e-05,2.1049514382536102e-05
6899,1.962025748666286e-05,2.230845927018635e-05,2.0331906480247312e-05,2.1048219607868236e-05
6900,1.9618930873996684e-05,2.2306963465327162e-05,2.033028023394259e-05,2.1046925922235553e-05
6901,1.9617605380230343e-05,2.2305468930306228e-05,2.0328655204904244e-05,2.104563334193465e-05
6902,1.9616281018386397e-05,2.23039756342273e-05,2.032703143237668e-05,2.1044341889015112e-05
6903,1.961495775721937e-05,2.230248358853663e-05,2.0325408916139898e-05,2.1043051512569894e-05
6904,1.9613635629887785e-05,2.2300992797808658e-05,2.0323787622486134e-05,2.1041762241341752e-05
6905,1.9612314616769477e-05,2.229950324159551e-05,2.032216757582184e-05,2.1040474077889208e-05
6906,1.9610994738928598e-05,2.229801492067578e-05,2.0320548771815904e-05,2.1039186998155157e-05
6907,1.960967597448752e-05,2.2296527890525727e-05,2.0318931204929546e-05,2.1037901040357637e-05
6908,1.9608358310175234e-05,2.2295042071043795e-05,2.0317314891488534e-05,2.1036616172545346e-05
6909,1.9607041783002328e-05,2.2293557516969007e-05,2.0315699812769113e-05,2.103533240990823e-05
6910,1.960572637618549e-05,2.229207420033668e-05,2.0314085966412177e-05,2.1034049749712354e-05
6911,1.9604412081845556e-05,2.2290592134727144e-05,2.0312473371055903e-05,2.103276819301279e-05
6912,1.960309891904914e-05,2.2289111319084416e-05,2.0310862006804438e-05,2.103148770791571e-05
6913,1.960178685219966e-05,2.2287631745166883e-05,2.0309251894541085e-05,2.103020834555394e-05
6914,1.9600475908167206e-05,2.2286153429502996e-05,2.03076429994297e-05,2.1028930086350435e-05
6915,1.9599166094461972e-05,2.228467635263273e-05,2.0306035369523813e-05,2.1027652913156616e-05
6916,1.9597857387656558e-05,2.2283200526797136e-05,2.0304428980293952e-05,2.102637683968196e-05
6917,1.9596549792046016e-05,2.2281725917639685e-05,2.0302823799778813e-05,2.10251018690593e-05
6918,1.959524332225371e-05,2.2280252582604717e-05,2.0301219889906726e-05,2.1023827978925543e-05
6919,1.9593937968358518e-05,2.227878049430199e-05,2.0299617201388393e-05,2.102255521385157e-05
6920,1.959263372263964e-05,2.2277309631882888e-05,2.0298015740479088e-05,2.1021283532183254e-05
6921,1.959133060753239e-05,2.227584001978092e-05,2.029641553071718e-05,2.102001293187623e-05
6922,1.9590028593001377e-05,2.227437164690835e-05,2.0294816565101522e-05,2.101874345485951e-05
6923,1.9588727710812422e-05,2.2272904537193956e-05,2.0293218810974812e-05,2.1017475052255832e-05
6924,1.958742792059562e-05,2.2271438654360577e-05,2.029162231702472e-05,2.101620775427417e-05
6925,1.958612924985746e-05,2.2269974013951792e-05,2.0290027060232873e-05,2.1014941547243755e-05
6926,1.9584831702455232e-05,2.2268510616496562e-05,2.028843301311514e-05,2.101367643227303e-05
6927,1.9583535261277977e-05,2.226704847325345e-05,2.0286840223255204e-05,2.1012412420654178e-05
6928,1.9582239949435223e-05,2.226558756299977e-05,2.028524866898352e-05,2.1011149510997616e-05
6929,1.9580945738074295e-05,2.2264127896133936e-05,2.0283658337679183e-05,2.100988768603655e-05
6930,1.9579652633860884e-05,2.2262669470176654e-05,2.028206925683602e-05,2.1008626945049217e-05
6931,1.957836064978424e-05,2.22612122850415e-05,2.028048140442607e-05,2.100736731354446e-05
6932,1.9577069770614686e-05,2.2259756342890592e-05,2.0278894779876764e-05,2.1006108766587552e-05
6933,1.957578000341305e-05,2.2258301643949164e-05,2.0277309394829824e-05,2.100485131691946e-05
6934,1.9574491365222147e-05,2.225684815954866e-05,2.0275725240551165e-05,2.1003594961083115e-05
6935,1.957320381927233e-05,2.2255395954623936e-05,2.027414233105166e-05,2.1002339689747075e-05
6936,1.9571917403781234e-05,2.225394496810224e-05,2.0272560635013523e-05,2.1001085515217873e-05
6937,1.9570632081516292e-05,2.2252495235075055e-05,2.0270980190594812e-05,2.0999832432535226e-05
6938,1.956934787083933e-05,2.225104671670832e-05,2.0269400973914613e-05,2.0998580438127122e-05
6939,1.9568064776712802e-05,2.2249599454227264e-05,2.0267822979040748e-05,2.099732953885725e-05
6940,1.956678279176328e-05,2.224815343683959e-05,2.026624622454756e-05,2.0996079729040797e-05
6941,1.95655019201319e-05,2.224670865335098e-05,2.0264670686896375e-05,2.0994831007834217e-05
6942,1.9564222144989623e-05,2.2245265096972282e-05,2.026309641409867e-05,2.099358339008058e-05
6943,1.956294348727537e-05,2.224382278409417e-05,2.0261523344290004e-05,2.0992336831159977e-05
6944,1.9561665940558236e-05,2.2242381718417405e-05,2.0259951513849202e-05,2.099109140269117e-05
6945,1.9560389498080933e-05,2.2240941875907722e-05,2.0258380913775658e-05,2.0989847033264897e-05
6946,1.955911415620379e-05,2.223950327828246e-05,2.0256811551699415e-05,2.0988603764459153e-05
6947,1.9557839935893867e-05,2.2238065903825128e-05,2.0255243405218258e-05,2.0987361582123733e-05
6948,1.9556566821351493e-05,2.223662978527192e-05,2.025367650657841e-05,2.098612048467968e-05
6949,1.9555294812638208e-05,2.2235194904058313e-05,2.0252110821468496e-05,2.098488047540116e-05
6950,1.9554023908714794e-05,2.2233761248421652e-05,2.0250546380820763e-05,2.0983641567050613e-05
6951,1.955275410661103e-05,2.2232328823804404e-05,2.024898315229925e-05,2.09824037370855e-05
6952,1.9551485420034314e-05,2.2230897638696936e-05,2.024742116597308e-05,2.0981166995595372e-05
6953,1.9550217835979887e-05,2.2229467698014164e-05,2.024586039931817e-05,2.097993134345443e-05
6954,1.9548951356165843e-05,2.2228038981160403e-05,2.0244300871386915e-05,2.0978696782550472e-05
6955,1.9547685985461077e-05,2.2226611504480445e-05,2.0242742562173592e-05,2.0977463287312338e-05
6956,1.9546421712281536e-05,2.2225185258312744e-05,2.024118548513295e-05,2.0976230894505823e-05
6957,1.9545158551636576e-05,2.2223760254151442e-05,2.023962963236965e-05,2.0974999580466877e-05
6958,1.954389649077516e-05,2.2222336482217304e-05,2.0238075014813217e-05,2.0973769358652806e-05
6959,1.9542635544337515e-05,2.222091393339822e-05,2.0236521616138446e-05,2.097254022509611e-05
6960,1.9541375686576017e-05,2.2219492628886165e-05,2.0234969447550156e-05,2.097131216440287e-05
6961,1.954011694492078e-05,2.221807254371743e-05,2.02334184939018e-05,2.097008519760109e-05
6962,1.953885930333904e-05,2.2216653713538375e-05,2.0231868784921598e-05,2.0968859322847976e-05
6963,1.9537602756977302e-05,2.2215236095374594e-05,2.0230320289096515e-05,2.0967634511290583e-05
6964,1.9536347326038394e-05,2.2213819716704076e-05,2.022877303276134e-05,2.0966410799025773e-05
6965,1.953509298915203e-05,2.2212404571698273e-05,2.0227226988086528e-05,2.0965188170545453e-05
6966,1.9533839764987563e-05,2.2210990656928177e-05,2.0225682181435077e-05,2.096396661081371e-05
6967,1.9532587630735435e-05,2.220957796744861e-05,2.022413858871445e-05,2.096274614942948e-05
6968,1.953133659987437e-05,2.220816653195753e-05,2.022259622183872e-05,2.0961526771106215e-05
6969,1.953008668380267e-05,2.2206756310015456e-05,2.022105506863751e-05,2.096030846473559e-05
6970,1.9528837855307934e-05,2.2205347315458066e-05,2.0219515166881546e-05,2.0959091250086355e-05
6971,1.9527590131008667e-05,2.220393954781657e-05,2.0217976467310672e-05,2.0957875113724232e-05
6972,1.9526343512317596e-05,2.220253303154042e-05,2.0216438998731946e-05,2.095666005417026e-05
6973,1.9525097988793417e-05,2.2201127721563624e-05,2.021490275092413e-05,2.0955446083408664e-05
6974,1.9523853562431696e-05,2.2199723652838226e-05,2.021336772750101e-05,2.0954233184311632e-05
6975,1.952261023524661e-05,2.2198320807837428e-05,2.0211833931499854e-05,2.095302138320689e-05
6976,1.9521368020451087e-05,2.2196919195828725e-05,2.0210301347786027e-05,2.0951810639096868e-05
6977,1.952012689714183e-05,2.2195518817623537e-05,2.0208770003871967e-05,2.095060098826955e-05
6978,1.951888687334576e-05,2.219411966784888e-05,2.0207239868420314e-05,2.094939241803089e-05
6979,1.9517647943885625e-05,2.219272173120809e-05,2.0205710955852825e-05,2.0948184923735613e-05
6980,1.9516410113198095e-05,2.2191325043884937e-05,2.020418326649162e-05,2.0946978510186925e-05
6981,1.95151733838894e-05,2.218992956762142e-05,2.020265679979217e-05,2.0945773175998405e-05
6982,1.9513937754028446e-05,2.2188535326609526e-05,2.020113155494605e-05,2.094456891708842e-05
6983,1.951270322219919e-05,2.2187142297856803e-05,2.019960752487821e-05,2.0943365749013252e-05
6984,1.9511469788669734e-05,2.2185750511171163e-05,2.0198084726258018e-05,2.0942163647837794e-05
6985,1.951023744482482e-05,2.218435995951237e-05,2.0196563131545966e-05,2.0940962621997212e-05
6986,1.950900620074038e-05,2.218297062140264e-05,2.019504277323765e-05,2.0939762686798825e-05
6987,1.950777605140503e-05,2.2181582517002838e-05,2.019352363071567e-05,2.0938563821923738e-05
6988,1.950654700959962e-05,2.2180195617809336e-05,2.0192005702621524e-05,2.0937366028078736e-05
6989,1.9505319043759253e-05,2.2178809970460447e-05,2.01904889930365e-05,2.0936169320925564e-05
6990,1.950409219203098e-05,2.217742553495761e-05,2.018897351159438e-05,2.093497368329037e-05
6991,1.9502866429650723e-05,2.2176042324425312e-05,2.018745923823972e-05,2.0933779125597366e-05
6992,1.950164176070238e-05,2.217466033981717e-05,2.018594618702948e-05,2.0932585642376105e-05
6993,1.9500418190326433e-05,2.217327957507835e-05,2.0184434362284725e-05,2.0931393236619923e-05
6994,1.9499195712266774e-05,2.2171900046312763e-05,2.018292374913095e-05,2.0930201900535086e-05
6995,1.949797432773198e-05,2.2170521740664584e-05,2.0181414352827706e-05,2.0929011646825105e-05
6996,1.9496754043437557e-05,2.2169144654708832e-05,2.017990617260075e-05,2.0927822465756695e-05
6997,1.949553484672167e-05,2.2167768790432712e-05,2.0178399215374458e-05,2.0926634356252974e-05
6998,1.9494316743894778e-05,2.2166394153616647e-05,2.0176893467256222e-05,2.0925447328241676e-05
6999,1.949309973130039e-05,2.2165020733812432e-05,2.0175388947768797e-05,2.0924261364085724e-05
7000,1.9491883811087802e-05,2.2163648539024243e-05,2.0173885638654137e-05,2.0923076479757355e-05
7001,1.9490668989886875e-05,2.2162277575746868e-05,2.0172383544780746e-05,2.0921892675536072e-05
7002,1.9489455255890826e-05,2.2160907823536696e-05,2.01708826686427e-05,2.09207099346603e-05
7003,1.948824262539298e-05,2.2159539301516397e-05,2.0169382997536036e-05,2.091952827118671e-05
7004,1.948703107467385e-05,2.2158171996749583e-05,2.016788455499343e-05,2.09183476775432e-05
7005,1.9485820618352185e-05,2.2156805911385047e-05,2.0166387334551846e-05,2.09171681568393e-05
7006,1.948461125300701e-05,2.2155441051026956e-05,2.016489131042182e-05,2.091598971580529e-05
7007,1.948340297553107e-05,2.21540774075737e-05,2.0163396519548207e-05,2.091481233927939e-05
7008,1.9482195797115243e-05,2.2152714988182704e-05,2.0161902928641746e-05,2.0913636024884054e-05
7009,1.9480989702401274e-05,2.215135379253674e-05,2.0160410560963773e-05,2.0912460799604236e-05
7010,1.947978470136716e-05,2.214999381148023e-05,2.0158919398445843e-05,2.0911286631395776e-05
7011,1.9478580791458152e-05,2.2148635058886404e-05,2.01574294676781e-05,2.09101135438579e-05
7012,1.94773779757185e-05,2.2147277517080635e-05,2.015594073532918e-05,2.09089415231526e-05
7013,1.9476176239646874e-05,2.2145921191264595e-05,2.01544532233893e-05,2.0907770572306465e-05
7014,1.9474975593615445e-05,2.21445661031674e-05,2.0152966921854497e-05,2.090660069033268e-05
7015,1.9473776034607846e-05,2.214321222007291e-05,2.0151481833898434e-05,2.090543188462343e-05
7016,1.9472577577084297e-05,2.2141859553404202e-05,2.0149997952579728e-05,2.090426413817473e-05
7017,1.9471380198787926e-05,2.2140508114245464e-05,2.0148515296298162e-05,2.090309747096076e-05
7018,1.9470183904831872e-05,2.213915788889455e-05,2.0147033841699447e-05,2.0901931861856998e-05
7019,1.9468988701434594e-05,2.2137808883988336e-05,2.0145553610789845e-05,2.0900767330695643e-05
7020,1.9467794598219174e-05,2.2136461097739844e-05,2.0144074581070864e-05,2.0899603859314953e-05
7021,1.9466601561941952e-05,2.213511452200429e-05,2.0142596758140578e-05,2.0898441471518663e-05
7022,1.9465409624484242e-05,2.2133769168612886e-05,2.014112016218182e-05,2.089728013718611e-05
7023,1.9464218771993446e-05,2.213242503581413e-05,2.0139644781348412e-05,2.0896119876713934e-05
7024,1.9463029008632806e-05,2.2131082112746777e-05,2.0138170596658405e-05,2.0894960675515165e-05
7025,1.9461840328403845e-05,2.212974040479951e-05,2.013669762981517e-05,2.0893802548221538e-05
7026,1.946065273447244e-05,2.2128399920442664e-05,2.013522586430039e-05,2.0892645492780567e-05
7027,1.9459466224894823e-05,2.2127060659163355e-05,2.0133755318701663e-05,2.089148949436881e-05
7028,1.9458280804746486e-05,2.2125722598160055e-05,2.0132285979289176e-05,2.08903345652017e-05
7029,1.94570964647241e-05,2.2124385760779782e-05,2.013081785059733e-05,2.088918070365763e-05
7030,1.9455913214677777e-05,2.2123050150058058e-05,2.0129350928812973e-05,2.0888027904515152e-05
7031,1.9454731043871153e-05,2.2121715733083837e-05,2.01278852274249e-05,2.088687617430781e-05
7032,1.9453549958472014e-05,2.21203825388717e-05,2.0126420720507542e-05,2.0885725501904224e-05
7033,1.945236995985659e-05,2.21190505595494e-05,2.012495743179204e-05,2.0884575902204026e-05
7034,1.9451191045893705e-05,2.2117719797905685e-05,2.0123495346308615e-05,2.0883427368895416e-05
7035,1.945001321815121e-05,2.2116390248439632e-05,2.012203447202632e-05,2.088227989043142e-05
7036,1.9448836466516048e-05,2.2115061907964863e-05,2.0120574809452973e-05,2.0881133486154122e-05
7037,1.944766080417558e-05,2.2113734792622642e-05,2.0119116354927377e-05,2.0879988142863373e-05
7038,1.944648622401636e-05,2.2112408885320517e-05,2.011765910164453e-05,2.087884386160413e-05
7039,1.9445312721187407e-05,2.21110841882823e-05,2.011620306191942e-05,2.0877700637009327e-05
7040,1.9444140305973795e-05,2.2109760705162606e-05,2.01147482284206e-05,2.0876558483776692e-05
7041,1.944296897487029e-05,2.2108438437965965e-05,2.0113294599026738e-05,2.0875417390962903e-05
7042,1.944179872122616e-05,2.210711738233548e-05,2.0111842181264323e-05,2.087427736704007e-05
7043,1.944062954696972e-05,2.2105797541738705e-05,2.0110390969366073e-05,2.087313839689532e-05
7044,1.9439461458847447e-05,2.2104478905920455e-05,2.010894096192571e-05,2.0872000489908843e-05
7045,1.943829444827207e-05,2.2103161488795702e-05,2.010749215932176e-05,2.0870863646183223e-05
7046,1.943712852177436e-05,2.2101845276929994e-05,2.0106044569300446e-05,2.086972786386567e-05
7047,1.9435963673079228e-05,2.2100530279170724e-05,2.0104598181331592e-05,2.0868593141154107e-05
7048,1.9434799902728595e-05,2.2099216500573894e-05,2.0103152995228977e-05,2.0867459483449887e-05
7049,1.94336372156582e-05,2.209790392312347e-05,2.010170902032885e-05,2.0866326881529748e-05
7050,1.943247560910789e-05,2.209659255428308e-05,2.010026625041927e-05,2.0865195343647028e-05
7051,1.9431315082715524e-05,2.209528240545359e-05,2.009882468305247e-05,2.086406486359011e-05
7052,1.9430155635380467e-05,2.2093973459032177e-05,2.00973843217777e-05,2.0862935445727865e-05
7053,1.9428997267131645e-05,2.2092665726706195e-05,2.009594516458645e-05,2.0861807083694624e-05
7054,1.9427839972636604e-05,2.209135920278643e-05,2.0094507212975638e-05,2.0860679782054286e-05
7055,1.942668376331383e-05,2.209005388815133e-05,2.0093070463068125e-05,2.085955354442433e-05
7056,1.942552863142871e-05,2.2088749785151768e-05,2.0091634917707115e-05,2.085842836399994e-05
7057,1.9424374571226682e-05,2.2087446892161254e-05,2.0090200581682614e-05,2.0857304239852736e-05
7058,1.9423221596920443e-05,2.2086145205477127e-05,2.008876744271209e-05,2.0856181173386533e-05
7059,1.942206969748093e-05,2.2084844728466264e-05,2.008733550764975e-05,2.0855059169451432e-05
7060,1.9420918875153565e-05,2.20835454583806e-05,2.008590478185078e-05,2.0853938217879464e-05
7061,1.941976912747704e-05,2.2082247391633986e-05,2.0084475254044258e-05,2.0852818324142925e-05
7062,1.9418620458748906e-05,2.2080950548141625e-05,2.0083046931088705e-05,2.0851699492442363e-05
7063,1.9417472867490096e-05,2.2079654901905682e-05,2.0081619807497582e-05,2.0850581714732176e-05
7064,1.941632635040509e-05,2.20783604608132e-05,2.0080193888744697e-05,2.08494649939004e-05
7065,1.9415180911864783e-05,2.207706722771122e-05,2.007876917356476e-05,2.084834932883623e-05
7066,1.9414036545002563e-05,2.2075775204219245e-05,2.0077345657907764e-05,2.0847234724552338e-05
7067,1.941289326078742e-05,2.2074484384505395e-05,2.007592334381012e-05,2.084612117348194e-05
7068,1.9411751044702064e-05,2.2073194776533488e-05,2.007450223568237e-05,2.0845008678427468e-05
7069,1.9410609904571446e-05,2.207190637309677e-05,2.007308231744919e-05,2.0843897235080514e-05
7070,1.9409469842027287e-05,2.2070619175258954e-05,2.0071663605991303e-05,2.0842786853395816e-05
7071,1.9408330854128113e-05,2.2069333183128265e-05,2.0070246099645243e-05,2.0841677524432532e-05
7072,1.9407192935615278e-05,2.2068048395429174e-05,2.006882979479786e-05,2.0840569248867018e-05
7073,1.9406056097490585e-05,2.206676481571035e-05,2.006741469122641e-05,2.0839462030176503e-05
7074,1.9404920330291024e-05,2.2065482441447305e-05,2.0066000782068025e-05,2.0838355863090937e-05
7075,1.9403785638889625e-05,2.206420127326704e-05,2.006458807470724e-05,2.083725075241259e-05
7076,1.9402652019004697e-05,2.2062921306288004e-05,2.006317656505456e-05,2.08361466921635e-05
7077,1.9401519469263675e-05,2.2061642543884735e-05,2.0061766257417675e-05,2.083504368851205e-05
7078,1.9400387995492814e-05,2.2060364985238466e-05,2.006035715267278e-05,2.0833941736433178e-05
7079,1.9399257597107207e-05,2.205908863336382e-05,2.005894924439386e-05,2.0832840832881494e-05
7080,1.93981282671965e-05,2.2057813489474407e-05,2.0057542532074578e-05,2.083174098907436e-05
7081,1.9397000012976806e-05,2.2056539540626132e-05,2.005613702536835e-05,2.0830642197204576e-05
7082,1.939587282736957e-05,2.2055266798719986e-05,2.005473271306794e-05,2.0829544459380108e-05
7083,1.9394746711796e-05,2.2053995261320268e-05,2.005332960142758e-05,2.0828447767445414e-05
7084,1.9393621666988767e-05,2.2052724929303986e-05,2.0051927686632155e-05,2.0827352132751898e-05
7085,1.9392497698789872e-05,2.2051455791442325e-05,2.005052696922954e-05,2.082625754756365e-05
7086,1.93913748023901e-05,2.2050187858664565e-05,2.0049127452253372e-05,2.0825164012200337e-05
7087,1.9390252969337507e-05,2.2048921133429396e-05,2.0047729133282522e-05,2.0824071528081095e-05
7088,1.9389132210092748e-05,2.2047655610162256e-05,2.004633201029923e-05,2.082298009607364e-05
7089,1.9388012524257332e-05,2.204639128673717e-05,2.0044936083804522e-05,2.082188971290427e-05
7090,1.93868939050571e-05,2.2045128164498738e-05,2.0043541353118072e-05,2.0820800385367355e-05
7091,1.9385776354119363e-05,2.20438662457871e-05,2.004214782723339e-05,2.081971210243998e-05
7092,1.9384659879386484e-05,2.204260552623169e-05,2.0040755490400147e-05,2.081862487174359e-05
7093,1.9383544466634305e-05,2.2041346005433978e-05,2.0039364357161957e-05,2.0817538686447656e-05
7094,1.938243012542941e-05,2.204008769228114e-05,2.003797441104293e-05,2.081645355481138e-05
7095,1.9381316852254296e-05,2.2038830575336225e-05,2.003658566635744e-05,2.081536947266555e-05
7096,1.938020464894911e-05,2.2037574658831936e-05,2.003519811894564e-05,2.081428643247194e-05
7097,1.937909351501261e-05,2.2036319945436495e-05,2.003381176516659e-05,2.0813204449045908e-05
7098,1.9377983446854068e-05,2.2035066429673446e-05,2.003242660896123e-05,2.0812123511597092e-05
7099,1.9376874447404144e-05,2.2033814108686735e-05,2.00310426464978e-05,2.081104362262579e-05
7100,1.937576651456298e-05,2.2032562993865603e-05,2.0029659878133876e-05,2.0809964780235723e-05
7101,1.937465964885013e-05,2.20313130760753e-05,2.0028278306152014e-05,2.0808886985409144e-05
7102,1.937355385155834e-05,2.203006436032116e-05,2.002689793410881e-05,2.0807810241040598e-05
7103,1.93724491218646e-05,2.202881684215503e-05,2.0025518749534294e-05,2.080673453837955e-05
7104,1.9371345455425006e-05,2.2027570519875986e-05,2.0024140766421086e-05,2.0805659885252477e-05
7105,1.937024286031486e-05,2.202632539632589e-05,2.002276397421937e-05,2.0804586276823536e-05
7106,1.9369141327489347e-05,2.202508147600176e-05,2.0021388374516287e-05,2.0803513719549966e-05
7107,1.9368040860172903e-05,2.2023838752279323e-05,2.0020013969175248e-05,2.0802442207169908e-05
7108,1.936694146043757e-05,2.2022597223070108e-05,2.0018640760401143e-05,2.080137173328804e-05
7109,1.9365843127514543e-05,2.2021356892749435e-05,2.001726874237542e-05,2.080030231246039e-05
7110,1.9364745856162107e-05,2.202011776126935e-05,2.0015897918360634e-05,2.0799233938007673e-05
7111,1.936364965094034e-05,2.2018879821822122e-05,2.0014528289804655e-05,2.0798166603405747e-05
7112,1.9362554513109497e-05,2.201764308508772e-05,2.0013159852175665e-05,2.079710031701517e-05
7113,1.9361460438511452e-05,2.2016407544620908e-05,2.001179260990725e-05,2.0796035072665823e-05
7114,1.936036742768348e-05,2.201517320168622e-05,2.001042655955426e-05,2.0794970877935763e-05
7115,1.9359275477040893e-05,2.2013940051116187e-05,2.0009061700001503e-05,2.0793907721396338e-05
7116,1.9358184595196906e-05,2.2012708101809574e-05,2.000769803506067e-05,2.0792845611922935e-05
7117,1.935709477689255e-05,2.2011477349209927e-05,2.0006335562301444e-05,2.079178454482848e-05
7118,1.935600602226633e-05,2.201024778593662e-05,2.0004974278441083e-05,2.0790724522452825e-05
7119,1.9354918327475486e-05,2.200901941925835e-05,2.0003614190558538e-05,2.0789665541782157e-05
7120,1.9353831696519894e-05,2.2007792248566695e-05,2.000225529436651e-05,2.0788607607315917e-05
7121,1.9352746130774997e-05,2.2006566275306918e-05,2.000089758790353e-05,2.0787550712152495e-05
7122,1.9351661626952994e-05,2.20053414978064e-05,1.999954107259814e-05,2.0786494863031223e-05
7123,1.9350578184122744e-05,2.2004117911836915e-05,1.9998185750956538e-05,2.0785440052017945e-05
7124,1.9349495802209696e-05,2.200289552197667e-05,1.9996831616488444e-05,2.078438628820499e-05
7125,1.9348414481392345e-05,2.2001674326863525e-05,1.9995478674707975e-05,2.0783333563827422e-05
7126,1.934733422633745e-05,2.200045432599592e-05,1.9994126923924826e-05,2.0782281876445862e-05
7127,1.9346255030267433e-05,2.1999235519313796e-05,1.9992776365452193e-05,2.078123123640649e-05
7128,1.9345176895162088e-05,2.1998017905451043e-05,1.9991426993916284e-05,2.0780181635941874e-05
7129,1.934409982006338e-05,2.199680148609404e-05,1.999007881755803e-05,2.07791330766644e-05
7130,1.9343023804958887e-05,2.19955862577447e-05,1.9988731827968047e-05,2.0778085556013805e-05
7131,1.9341948854371e-05,2.1994372224870823e-05,1.9987386027936017e-05,2.0777039075700965e-05
7132,1.9340874962520325e-05,2.1993159385889867e-05,1.9986041418617984e-05,2.077599363820607e-05
7133,1.9339802128128766e-05,2.1991947734283274e-05,1.9984697996797883e-05,2.0774949239728966e-05
7134,1.9338730354456716e-05,2.19907372810597e-05,1.9983355765390802e-05,2.0773905879754384e-05
7135,1.933765964150985e-05,2.198952801771125e-05,1.9982014722722806e-05,2.0772863560027252e-05
7136,1.9336589987022022e-05,2.1988319946146867e-05,1.998067486980161e-05,2.0771822281982415e-05
7137,1.93355213912906e-05,2.1987113067681304e-05,1.9979336205449554e-05,2.077078203801488e-05
7138,1.9334453853166137e-05,2.1985907379958253e-05,1.9977998731915402e-05,2.076974283581373e-05
7139,1.93333873765173e-05,2.1984702883497003e-05,1.997666244460951e-05,2.076870467024515e-05
7140,1.9332321957529197e-05,2.1983499580037555e-05,1.9975327344741067e-05,2.07676675486659e-05
7141,1.93312575953944e-05,2.198229746821963e-05,1.99739934367615e-05,2.0766631457588506e-05
7142,1.9330194291634633e-05,2.198109654551837e-05,1.9972660715548782e-05,2.0765596407028028e-05
7143,1.9329132044938088e-05,2.1979896814291738e-05,1.997132917920408e-05,2.076456239546042e-05
7144,1.9328070857938774e-05,2.1978698273027313e-05,1.996999883458018e-05,2.0763529419731163e-05
7145,1.9327010726432847e-05,2.197750092253048e-05,1.9968669676302878e-05,2.0762497482664484e-05
7146,1.9325951652580753e-05,2.197630476103155e-05,1.9967341704749288e-05,2.0761466582747224e-05
7147,1.9324893634925045e-05,2.197510978907877e-05,1.9966014921940553e-05,2.076043671514872e-05
7148,1.9323836673845865e-05,2.1973916007381503e-05,1.9964689323558395e-05,2.0759407887785646e-05
7149,1.9322780768779337e-05,2.1972723417524664e-05,1.9963364915777044e-05,2.0758380095863204e-05
7150,1.9321725921497664e-05,2.1971532015229363e-05,1.9962041692197268e-05,2.0757353341726166e-05
7151,1.9320672130337174e-05,2.1970341806213228e-05,1.9960719655482533e-05,2.0756327622273348e-05
7152,1.9319619394355083e-05,2.1969152779489613e-05,1.995939880513567e-05,2.075530293803899e-05
7153,1.9318567713020498e-05,2.1967964944063907e-05,1.9958079142137235e-05,2.0754279287866825e-05
7154,1.9317517087354988e-05,2.196677829673277e-05,1.995676066568382e-05,2.0753256674909564e-05
7155,1.931646751694958e-05,2.1965592839851426e-05,1.9955443372458567e-05,2.0752235095510456e-05
7156,1.9315419001425387e-05,2.196440857013272e-05,1.9954127269412466e-05,2.0751214547401856e-05
7157,1.9314371540341904e-05,2.196322548811167e-05,1.9952812348541416e-05,2.075019504115927e-05
7158,1.9313325133921532e-05,2.1962043594788797e-05,1.995149861261418e-05,2.0749176567298492e-05
7159,1.9312279781931754e-05,2.1960862889277815e-05,1.9950186065542216e-05,2.0748159122601592e-05
7160,1.931123548353712e-05,2.1959683370818057e-05,1.9948874701507168e-05,2.0747142716634425e-05
7161,1.9310192239626415e-05,2.195850503893056e-05,1.9947564526268804e-05,2.0746127337104976e-05
7162,1.9309150047896635e-05,2.1957327895480048e-05,1.994625553136884e-05,2.074511299661268e-05
7163,1.930810891175971e-05,2.195615193637989e-05,1.9944947724543656e-05,2.074409968913483e-05
7164,1.9307068825165297e-05,2.1954977165932636e-05,1.9943641099571873e-05,2.0743087413966434e-05
7165,1.930602979499402e-05,2.195380358116127e-05,1.994233566040062e-05,2.0742076168458316e-05
7166,1.9304991815213115e-05,2.195263118433574e-05,1.9941031408597217e-05,2.0741065956465563e-05
7167,1.9303954889912067e-05,2.1951459970675173e-05,1.993972833733796e-05,2.0740056780884066e-05
7168,1.9302919015205908e-05,2.1950289945532466e-05,1.993842644834857e-05,2.0739048633578717e-05
7169,1.930188419326973e-05,2.1949121107342118e-05,1.993712574654889e-05,2.0738041518944014e-05
7170,1.9300850422726947e-05,2.1947953450066534e-05,1.9935826229275933e-05,2.073703543232276e-05
7171,1.9299817704002863e-05,2.1946786981483073e-05,1.9934527892861564e-05,2.073603038331449e-05
7172,1.929878603736366e-05,2.194562169798338e-05,1.9933230742599314e-05,2.0735026362118726e-05
7173,1.9297755421159005e-05,2.194445759854013e-05,1.9931934773830362e-05,2.0734023370672908e-05
7174,1.9296725856409398e-05,2.1943294682142172e-05,1.9930639989367078e-05,2.0733021409453698e-05
7175,1.9295697341815823e-05,2.194213295698671e-05,1.9929346388070694e-05,2.0732020480550433e-05
7176,1.9294669879065638e-05,2.1940972407935745e-05,1.9928053970892804e-05,2.0731020578902974e-05
7177,1.9293643466886867e-05,2.1939813048401592e-05,1.992676273547652e-05,2.0730021710069716e-05
7178,1.929261810272167e-05,2.1938654873503037e-05,1.9925472680970567e-05,2.072902387183913e-05
7179,1.929159378995638e-05,2.1937497879571833e-05,1.992418381094577e-05,2.0728027059285377e-05
7180,1.9290570528704653e-05,2.1936342070374266e-05,1.9922896122431888e-05,2.0727031277565895e-05
7181,1.928954831456903e-05,2.19351874455083e-05,1.992160961770803e-05,2.0726036527421226e-05
7182,1.9288527148810293e-05,2.193403400155545e-05,1.9920324293832455e-05,2.0725042803309913e-05
7183,1.9287507034587544e-05,2.1932881741984737e-05,1.9919040150881796e-05,2.0724050106770404e-05
7184,1.928648796771994e-05,2.19317306662526e-05,1.9917757192178528e-05,2.0723058441355848e-05
7185,1.928546994983183e-05,2.1930580773627515e-05,1.991647541245256e-05,2.0722067802588992e-05
7186,1.928445298121929e-05,2.1929432063144532e-05,1.9915194818460126e-05,2.072107819373367e-05
7187,1.9283437060824806e-05,2.1928284533828662e-05,1.991391540299136e-05,2.072008960818201e-05
7188,1.928242218729496e-05,2.1927138186793807e-05,1.9912637169739075e-05,2.071910205226493e-05
7189,1.928140836281552e-05,2.1925993022902714e-05,1.9911360117155974e-05,2.0718115525709513e-05
7190,1.9280395586185003e-05,2.1924849041001807e-05,1.9910084245993632e-05,2.071713002549156e-05
7191,1.9279383856281917e-05,2.1923706241182174e-05,1.9908809555319245e-05,2.071614554890852e-05
7192,1.927837317428195e-05,2.1922564621768198e-05,1.9907536044289547e-05,2.0715162102019634e-05
7193,1.9277363537540022e-05,2.1921424186256e-05,1.9906263716829402e-05,2.0714179680233134e-05
7194,1.92763549498595e-05,2.1920284929084904e-05,1.9904992567868433e-05,2.071319828637044e-05
7195,1.9275347407096577e-05,2.1919146853877364e-05,1.990372260059599e-05,2.0712217917488725e-05
7196,1.92743409125303e-05,2.191800996009996e-05,1.990245381354883e-05,2.0711238572942813e-05
7197,1.9273335463024306e-05,2.191687424563338e-05,1.9901186206594375e-05,2.0710260256004346e-05
7198,1.927233105991844e-05,2.191573971243661e-05,1.989991977833746e-05,2.0709282963015298e-05
7199,1.927132770272793e-05,2.1914606358675656e-05,1.9898654529905052e-05,2.0708306694453815e-05
7200,1.92703253908224e-05,2.1913474186368202e-05,1.9897390462592207e-05,2.0707331453237656e-05
7201,1.9269324124630853e-05,2.191234319181791e-05,1.9896127575122098e-05,2.0706357235697967e-05
7202,1.9268323903834038e-05,2.1911213381231125e-05,1.989486586731565e-05,2.070538404177092e-05
7203,1.9267324728319748e-05,2.1910084746524717e-05,1.989360533688247e-05,2.07044118723776e-05
7204,1.9266326597984024e-05,2.1908957293688317e-05,1.9892345987484456e-05,2.0703440728678306e-05
7205,1.9265329510748236e-05,2.1907831017690746e-05,1.9891087819143426e-05,2.0702470607790675e-05
7206,1.9264333469526505e-05,2.1906705921311457e-05,1.9889830825577768e-05,2.0701501508527195e-05
7207,1.9263338470202368e-05,2.1905582005761972e-05,1.9888575013378363e-05,2.070053343438843e-05
7208,1.9262344517279345e-05,2.1904459267772185e-05,1.988732037939315e-05,2.069956638443973e-05
7209,1.9261351607223846e-05,2.1903337707222067e-05,1.9886066924631705e-05,2.069860035440045e-05
7210,1.9260359740765417e-05,2.1902217325916538e-05,1.9884814647070042e-05,2.069763535047457e-05
7211,1.9259368917275153e-05,2.1901098122597828e-05,1.9883563551195685e-05,2.0696671366657763e-05
7212,1.9258379138623255e-05,2.189998009824579e-05,1.98823136312034e-05,2.0695708406161234e-05
7213,1.9257390401841513e-05,2.1898863249713777e-05,1.988106488779092e-05,2.0694746469321043e-05
7214,1.925640270825838e-05,2.189774758120273e-05,1.9879817325837456e-05,2.0693785549879092e-05
7215,1.9255416056916754e-05,2.18966330911045e-05,1.987857094034741e-05,2.0692825655626677e-05
7216,1.9254430448112374e-05,2.1895519775924798e-05,1.9877325732750376e-05,2.0691866781257408e-05
7217,1.9253445881356505e-05,2.1894407638119736e-05,1.9876081703159152e-05,2.0690908930096607e-05
7218,1.925246235749302e-05,2.189329667730347e-05,1.9874838851751485e-05,2.068995209897173e-05
7219,1.9251479876149972e-05,2.189218689476883e-05,1.987359717668751e-05,2.0688996289416335e-05
7220,1.9250498434054904e-05,2.1891078287764435e-05,1.98723566786516e-05,2.0688041499924105e-05
7221,1.9249518034636612e-05,2.1889970857029393e-05,1.987111735833449e-05,2.06870877300023e-05
7222,1.9248538676485057e-05,2.1888864604172207e-05,1.9869879216607782e-05,2.0686134981473744e-05
7223,1.9247560359391935e-05,2.188775952715217e-05,1.9868642250762684e-05,2.0685183252751955e-05
7224,1.9246583083125103e-05,2.1886655624061748e-05,1.98674064611858e-05,2.0684232543702045e-05
7225,1.924560684773124e-05,2.188555289878934e-05,1.98661718498431e-05,2.068328285416371e-05
7226,1.924463165265495e-05,2.1884451349002016e-05,1.9864938414338503e-05,2.068233418466538e-05
7227,1.9243657498229783e-05,2.1883350973073084e-05,1.9863706158398028e-05,2.0681386532580612e-05
7228,1.924268438395579e-05,2.1882251774034972e-05,1.9862475075982677e-05,2.0680439901516484e-05
7229,1.9241712309178334e-05,2.188115374988082e-05,1.98612451712699e-05,2.0679494287446754e-05
7230,1.924074127464814e-05,2.1880056901742352e-05,1.9860016442050154e-05,2.067854969379708e-05
7231,1.9239771279041444e-05,2.187896122744351e-05,1.9858788888505673e-05,2.0677606117418993e-05
7232,1.9238802323116234e-05,2.18778667263332e-05,1.9857562512942567e-05,2.0676663559890313e-05
7233,1.9237834405825544e-05,2.1876773402910127e-05,1.985633731194479e-05,2.0675722017824588e-05
7234,1.9236867528254234e-05,2.1875681250863016e-05,1.9855113287888028e-05,2.0674781495511637e-05
7235,1.9235901689266314e-05,2.1874590275251984e-05,1.985389043828517e-05,2.0673841991617867e-05
7236,1.9234936888960387e-05,2.1873500471903136e-05,1.9852668764255005e-05,2.067290350396249e-05
7237,1.9233973126544014e-05,2.1872411844333532e-05,1.9851448266800897e-05,2.06719660342372e-05
7238,1.9233010402731008e-05,2.1871324389435098e-05,1.985022894512006e-05,2.067102957964771e-05
7239,1.9232048716965312e-05,2.1870238108896975e-05,1.984901079846408e-05,2.0670094144290586e-05
7240,1.9231088068671177e-05,2.1869152998809314e-05,1.9847793828347344e-05,2.0669159722422684e-05
7241,1.9230128458576903e-05,2.186806906522259e-05,1.9846578031998113e-05,2.0668226319974168e-05
7242,1.9229169885227466e-05,2.1866986303204708e-05,1.984536341073489e-05,2.0667293931827995e-05
7243,1.92282123495316e-05,2.1865904714144697e-05,1.9844149964690485e-05,2.066636256001705e-05
7244,1.9227255851625338e-05,2.1864824298324445e-05,1.9842937693012207e-05,2.066543220393518e-05
7245,1.922630038948348e-05,2.18637450547206e-05,1.9841726596198564e-05,2.066450286293169e-05
7246,1.922534596468081e-05,2.1862666984515184e-05,1.9840516674679487e-05,2.0663574538165638e-05
7247,1.9224392575694667e-05,2.1861590086100317e-05,1.983930792807166e-05,2.066264722825973e-05
7248,1.922344022286932e-05,2.1860514358505733e-05,1.983810035565499e-05,2.066172093246926e-05
7249,1.9222488907638478e-05,2.1859439803612124e-05,1.983689395711996e-05,2.0660795651970658e-05
7250,1.9221538628112748e-05,2.185836642046929e-05,1.9835688733504946e-05,2.065987138655529e-05
7251,1.9220589383409948e-05,2.1857294210927594e-05,1.9834484684887704e-05,2.065894813373578e-05
7252,1.921964117447746e-05,2.1856223169683903e-05,1.9833281809374947e-05,2.0658025895443953e-05
7253,1.921869400166607e-05,2.1855153302389497e-05,1.9832080109382235e-05,2.0657104672462625e-05
7254,1.9217747862983753e-05,2.1854084603649747e-05,1.9830879581781906e-05,2.0656184462771646e-05
7255,1.9216802760077833e-05,2.1853017078151494e-05,1.9829680228001916e-05,2.0655265265953905e-05
7256,1.9215858691893573e-05,2.1851950722173067e-05,1.9828482047683705e-05,2.0654347082493672e-05
7257,1.9214915658261347e-05,2.185088553772734e-05,1.9827285042794596e-05,2.065342991216989e-05
7258,1.921397365918307e-05,2.1849821524081015e-05,1.9826089210170538e-05,2.0652513755052628e-05
7259,1.921303269530138e-05,2.184875867958702e-05,1.9824894551187003e-05,2.0651598609981092e-05
7260,1.921209276425819e-05,2.1847697007745e-05,1.982370106720769e-05,2.0650684478772568e-05
7261,1.921115386763141e-05,2.1846636502918416e-05,1.982250875439458e-05,2.064977135932697e-05
7262,1.9210216005213666e-05,2.18455771688975e-05,1.9821317616828473e-05,2.0648859250669995e-05
7263,1.920927917546271e-05,2.1844519005172806e-05,1.9820127651306087e-05,2.0647948156893582e-05
7264,1.9208343380326258e-05,2.184346201074991e-05,1.9818938859372216e-05,2.064703807245155e-05
7265,1.9207408617456207e-05,2.1842406186537816e-05,1.9817751239969697e-05,2.064612899961693e-05
7266,1.9206474887049388e-05,2.1841351531435925e-05,1.981656479466266e-05,2.0645220938832472e-05
7267,1.9205542191181346e-05,2.1840298044766026e-05,1.9815379520239572e-05,2.064431388877783e-05
7268,1.9204610526768875e-05,2.1839245726941848e-05,1.9814195419180218e-05,2.0643407849867474e-05
7269,1.9203679895647993e-05,2.1838194578314154e-05,1.9813012492459725e-05,2.0642502820936787e-05
7270,1.920275029602498e-05,2.1837144599190634e-05,1.9811830735893694e-05,2.0641598803516928e-05
7271,1.9201821729227605e-05,2.183609578881491e-05,1.9810650153477118e-05,2.0640695796880784e-05
7272,1.920089419440787e-05,2.1835048145473658e-05,1.980947074408064e-05,2.063979379921089e-05
7273,1.919996769098222e-05,2.1834001671372413e-05,1.9808292505014043e-05,2.0638892812056254e-05
7274,1.9199042219160717e-05,2.1832956364796306e-05,1.98071154400039e-05,2.0637992834508385e-05
7275,1.9198117779467868e-05,2.1831912227218058e-05,1.9805939546432314e-05,2.063709386678465e-05
7276,1.9197194370566665e-05,2.1830869255916538e-05,1.9804764825404685e-05,2.0636195908120157e-05
7277,1.9196271993066888e-05,2.1829827453070493e-05,1.980359127651183e-05,2.0635298958915205e-05
7278,1.919535064636267e-05,2.18287868180188e-05,1.9802418899960175e-05,2.0634403019022383e-05
7279,1.9194430329977076e-05,2.1827747350093052e-05,1.9801247693587106e-05,2.0633508087580496e-05
7280,1.919351104424643e-05,2.1826709048838165e-05,1.9800077660745307e-05,2.0632614164804003e-05
7281,1.919259278986099e-05,2.1825671916393325e-05,1.9798908799609426e-05,2.0631721250432404e-05
7282,1.9191675564470802e-05,2.182463594890817e-05,1.9797741109756324e-05,2.0630829343723803e-05
7283,1.9190759369738894e-05,2.1823601148243453e-05,1.979657459169388e-05,2.0629938445958514e-05
7284,1.9189844204272215e-05,2.1822567514816844e-05,1.9795409244946033e-05,2.0629048555650713e-05
7285,1.9188930069677988e-05,2.1821535048404714e-05,1.9794245069612516e-05,2.062815967381654e-05
7286,1.9188016963783873e-05,2.182050374798012e-05,1.979308206672071e-05,2.0627271797933827e-05
7287,1.9187104887235288e-05,2.1819473613643454e-05,1.9791920234671383e-05,2.06263849305962e-05
7288,1.918619384036642e-05,2.18184446454779e-05,1.9790759572863983e-05,2.0625499069894443e-05
7289,1.9185283822116746e-05,2.1817416842688176e-05,1.978960008353076e-05,2.0624614215648392e-05
7290,1.9184374832467763e-05,2.181639020679669e-05,1.9788441764528185e-05,2.0623730368917054e-05
7291,1.9183466872344603e-05,2.1815364735337077e-05,1.978728461695091e-05,2.0622847528967014e-05
7292,1.9182559940056087e-05,2.1814340430247524e-05,1.978612864134468e-05,2.0621965694415555e-05
7293,1.9181654035914546e-05,2.1813317290182537e-05,1.9784973836136174e-05,2.0621084866059328e-05
7294,1.9180749160506203e-05,2.1812295315300806e-05,1.978382020136833e-05,2.062020504446692e-05
7295,1.9179845312480238e-05,2.1811274505085707e-05,1.9782667737130967e-05,2.0619326227690197e-05
7296,1.917894249259963e-05,2.1810254859811616e-05,1.97815164451585e-05,2.0618448417574995e-05
7297,1.9178040700723914e-05,2.1809236380111947e-05,1.978036632276294e-05,2.0617571611378184e-05
7298,1.917713993638084e-05,2.1808219064678417e-05,1.977921737102158e-05,2.0616695811702537e-05
7299,1.9176240198703345e-05,2.1807202912774406e-05,1.977806959027808e-05,2.0615821016360385e-05
7300,1.9175341488355648e-05,2.1806187927292256e-05,1.9776922979819206e-05,2.0614947226477586e-05
7301,1.917444380526308e-05,2.1805174104000296e-05,1.9775777540285002e-05,2.061407444171117e-05
7302,1.9173547149248287e-05,2.1804161446047466e-05,1.9774633270884436e-05,2.061320266003085e-05
7303,1.917265151947275e-05,2.1803149951566593e-05,1.9773490172364404e-05,2.061233188348006e-05
7304,1.9171756916122312e-05,2.1802139621059992e-05,1.977234824348284e-05,2.061146211178906e-05
7305,1.917086333863707e-05,2.1801130453521964e-05,1.977120748474614e-05,2.0610593341947553e-05
7306,1.9169970788273478e-05,2.1800122449640716e-05,1.9770067896589523e-05,2.0609725576664468e-05
7307,1.9169079263567774e-05,2.1799115610219446e-05,1.976892947819449e-05,2.0608858815749205e-05
7308,1.916818876421383e-05,2.17981099329976e-05,1.976779223040867e-05,2.0607993057386127e-05
7309,1.9167299291135333e-05,2.1797105419524152e-05,1.976665615297842e-05,2.0607128303407308e-05
7310,1.916641084375196e-05,2.1796102067943855e-05,1.9765521244689458e-05,2.0606264550583482e-05
7311,1.9165523420478703e-05,2.1795099880057357e-05,1.976438750654715e-05,2.060540180205471e-05
7312,1.9164637023496864e-05,2.1794098855055582e-05,1.9763254938733075e-05,2.060454005548854e-05
7313,1.916375165167152e-05,2.1793098992426438e-05,1.976212354079972e-05,2.0603679310864676e-05
7314,1.91628673039551e-05,2.1792100292111788e-05,1.9760993311911e-05,2.0602819569434274e-05
7315,1.9161983981227422e-05,2.1791102753854608e-05,1.9759864253601077e-05,2.0601960830186147e-05
7316,1.9161101682862886e-05,2.179010637791595e-05,1.975873636497144e-05,2.0601103091692597e-05
7317,1.916022040918149e-05,2.1789111163828377e-05,1.975760964470354e-05,2.0600246356295623e-05
7318,1.915934015949437e-05,2.178811711217076e-05,1.9756484095137493e-05,2.059939062177249e-05
7319,1.9158460933864314e-05,2.1787124221666394e-05,1.975535971539414e-05,2.059853588860297e-05
7320,1.9157582731929154e-05,2.1786132493189964e-05,1.9754236504577262e-05,2.059768215666708e-05
7321,1.9156705553882914e-05,2.1785141926249787e-05,1.9753114463261283e-05,2.059682942605875e-05
7322,1.9155829399367805e-05,2.1784152520539628e-05,1.975199359130991e-05,2.059597769573073e-05
7323,1.9154954268208293e-05,2.1783164275552862e-05,1.9750873888752986e-05,2.059512696652681e-05
7324,1.9154080160615033e-05,2.178217719228237e-05,1.9749755356271082e-05,2.0594277237382123e-05
7325,1.9153207075631037e-05,2.1781191269533994e-05,1.9748637992220128e-05,2.0593428509163707e-05
7326,1.9152335013798318e-05,2.1780206508368336e-05,1.9747521797584205e-05,2.059258078054626e-05
7327,1.9151463974328406e-05,2.1779222906807666e-05,1.9746406772315826e-05,2.059173405173005e-05
7328,1.9150593958094417e-05,2.1778240467086033e-05,1.974529291601472e-05,2.0590888322927672e-05
7329,1.9149724963829517e-05,2.1777259187236593e-05,1.9744180228774944e-05,2.0590043593320673e-05
7330,1.9148856992443024e-05,2.1776279067325993e-05,1.974306871124435e-05,2.0589199863692594e-05
7331,1.9147990042373978e-05,2.177530010772306e-05,1.9741958362795663e-05,2.058835713306493e-05
7332,1.91471241147914e-05,2.177432230812887e-05,1.974084918262039e-05,2.0587515401395815e-05
7333,1.914625920907502e-05,2.177334566834928e-05,1.9739741171770447e-05,2.0586674668036318e-05
7334,1.914539532457498e-05,2.1772370188910814e-05,1.9738634329984264e-05,2.058583493468684e-05
7335,1.9144532462155498e-05,2.1771395868728818e-05,1.9737528656765636e-05,2.0584996198942163e-05
7336,1.9143670620654944e-05,2.1770422708511182e-05,1.9736424153209763e-05,2.0584158461824054e-05
7337,1.914280980048464e-05,2.1769450706707034e-05,1.9735320817820592e-05,2.0583321722958993e-05
7338,1.9141950001622225e-05,2.1768479865393497e-05,1.9734218651504272e-05,2.058248598088786e-05
7339,1.9141091223288877e-05,2.1767510182225097e-05,1.97331176541765e-05,2.0581651238544582e-05
7340,1.9140233465848314e-05,2.1766541658678388e-05,1.9732017825394386e-05,2.058081749246205e-05
7341,1.9139376729011177e-05,2.176557429353494e-05,1.9730919165072596e-05,2.057998474433586e-05
7342,1.9138521012698237e-05,2.176460808813377e-05,1.9729821673945118e-05,2.0579152993683353e-05
7343,1.913766631650323e-05,2.176364304050083e-05,1.9728725351096693e-05,2.057832224024721e-05
7344,1.9136812640464162e-05,2.176267915128137e-05,1.9727630197013212e-05,2.0577492483068293e-05
7345,1.9135959984244067e-05,2.176171642134703e-05,1.9726536211771027e-05,2.0576663722713614e-05
7346,1.9135108347793572e-05,2.1760754848706855e-05,1.9725443395400208e-05,2.0575835959112682e-05
7347,1.913425773150336e-05,2.1759794434659106e-05,1.9724351746806222e-05,2.0575009192202967e-05
7348,1.9133408134265453e-05,2.175883517906792e-05,1.97232612671756e-05,2.057418342155996e-05
7349,1.913255955683903e-05,2.1757877080870763e-05,1.9722171955898524e-05,2.057335864680749e-05
7350,1.9131711998549915e-05,2.1756920140669895e-05,1.9721083812966478e-05,2.0572534868086408e-05
7351,1.9130865459068867e-05,2.1755964357768168e-05,1.9719996839095263e-05,2.0571712085142726e-05
7352,1.9130019938571388e-05,2.175500973293325e-05,1.971891103288653e-05,2.05708902978925e-05
7353,1.9129175436972874e-05,2.175405626469322e-05,1.9717826395679604e-05,2.057006950550697e-05
7354,1.912833195388525e-05,2.1753103954223542e-05,1.971674292693967e-05,2.056924970857055e-05
7355,1.9127489489371028e-05,2.175215280055627e-05,1.9715660626432044e-05,2.0568430906461087e-05
7356,1.9126648042664713e-05,2.1751202804857637e-05,1.9714579494133172e-05,2.056761309951773e-05
7357,1.9125807615039617e-05,2.1750253965456456e-05,1.97134995308941e-05,2.056679628769546e-05
7358,1.9124968204860698e-05,2.174930628289681e-05,1.971242073502001e-05,2.0565980469351108e-05
7359,1.9124129812623272e-05,2.1748359756651816e-05,1.9711343107637037e-05,2.056516564670173e-05
7360,1.9123292438177904e-05,2.1747414387676574e-05,1.9710266649312852e-05,2.0564351817077944e-05
7361,1.9122456081562403e-05,2.1746470175188606e-05,1.9709191358337383e-05,2.05635389826264e-05
7362,1.9121620742269823e-05,2.1745527118238418e-05,1.9708117236701628e-05,2.0562727140985767e-05
7363,1.9120786420285206e-05,2.1744585217747303e-05,1.9707044282351707e-05,2.0561916293428887e-05
7364,1.911995311509392e-05,2.1743644473927822e-05,1.970597249662595e-05,2.0561106439711844e-05
7365,1.9119120827345983e-05,2.1742704885377684e-05,1.9704901879349803e-05,2.056029757895256e-05
7366,1.9118289556474727e-05,2.174176645299931e-05,1.970383243013624e-05,2.0559489711421602e-05
7367,1.911745930220996e-05,2.174082917624268e-05,1.970276414892016e-05,2.0558682837200857e-05
7368,1.9116630064370958e-05,2.1739893055296363e-05,1.9701697036210794e-05,2.055787695532065e-05
7369,1.9115801843190433e-05,2.1738958089832765e-05,1.970063109127008e-05,2.0557072066527245e-05
7370,1.9114974638530717e-05,2.1738024279401637e-05,1.9699566314957015e-05,2.0556268170785963e-05
7371,1.9114148449853667e-05,2.1737091624779638e-05,1.9698502706484255e-05,2.0555465266348945e-05
7372,1.911332327689338e-05,2.1736160124994945e-05,1.969744026670028e-05,2.0554663354685177e-05
7373,1.9112499120023194e-05,2.17352297802427e-05,1.9696378994638365e-05,2.055386243543142e-05
7374,1.9111675978841676e-05,2.173430059053282e-05,1.9695318890850528e-05,2.055306250748825e-05
7375,1.911085385315875e-05,2.173337255537438e-05,1.969425995505507e-05,2.0552263570969797e-05
7376,1.911003274315118e-05,2.1732445675145563e-05,1.9693202187825763e-05,2.055146562683513e-05
7377,1.910921264825743e-05,2.173151994953443e-05,1.969214558879963e-05,2.055066867367212e-05
7378,1.9108393568510167e-05,2.1730595378107388e-05,1.9691090157625003e-05,2.0549872711784965e-05
7379,1.9107575503934586e-05,2.1729671961264902e-05,1.9690035894691197e-05,2.0549077740626154e-05
7380,1.9106758454269733e-05,2.172874969832185e-05,1.968898279966741e-05,2.0548283760817697e-05
7381,1.9105942419552852e-05,2.1727828590036516e-05,1.9687930872823546e-05,2.054749077153653e-05
7382,1.910512739909967e-05,2.172690863528811e-05,1.968688011445952e-05,2.0546698772630497e-05
7383,1.910431339325663e-05,2.172598983465744e-05,1.9685830523973716e-05,2.054590776424465e-05
7384,1.9103500401989746e-05,2.1725072188154793e-05,1.9684782101871462e-05,2.054511774625055e-05
7385,1.910268842437014e-05,2.1724155694803578e-05,1.968373484775513e-05,2.0544328718321245e-05
7386,1.9101877461350794e-05,2.17232403548985e-05,1.9682688762000937e-05,2.0543540680393486e-05
7387,1.9101067511953902e-05,2.1722326168786424e-05,1.9681643844084228e-05,2.054275363180409e-05
7388,1.9100258576417514e-05,2.1721413136176695e-05,1.9680600094832493e-05,2.0541967573151478e-05
7389,1.909945065451451e-05,2.1720501256185012e-05,1.9679557513415905e-05,2.054118250379933e-05
7390,1.909864374610992e-05,2.171959053018188e-05,1.9678516100083548e-05,2.0540398423948262e-05
7391,1.9097837851053243e-05,2.1718680956293934e-05,1.9677475854945906e-05,2.0539615333120735e-05
7392,1.909703296934525e-05,2.171777253561666e-05,1.9676436778143275e-05,2.0538833231362676e-05
7393,1.9096229100836492e-05,2.1716865268079642e-05,1.967539886963661e-05,2.0538052118089553e-05
7394,1.9095426245345032e-05,2.1715959152932122e-05,1.9674362129164547e-05,2.0537271993394794e-05
7395,1.909462440257665e-05,2.17150541900594e-05,1.9673326557019052e-05,2.053649285718246e-05
7396,1.9093823572361213e-05,2.171415038020651e-05,1.967229215327791e-05,2.053571470961847e-05
7397,1.9093023755039827e-05,2.171324772270572e-05,1.9671258917586358e-05,2.053493755027578e-05
7398,1.9092224949990512e-05,2.171234621687349e-05,1.9670226850480444e-05,2.053416137870436e-05
7399,1.909142715715109e-05,2.1711445863651598e-05,1.9669195951385544e-05,2.053338619507429e-05
7400,1.909063037685112e-05,2.1710546662917747e-05,1.9668166220429343e-05,2.0532611999012976e-05
7401,1.9089834608302557e-05,2.1709648613534672e-05,1.966713765802834e-05,2.0531838790420056e-05
7402,1.9089039851779276e-05,2.170875171613989e-05,1.966611026407837e-05,2.0531066569463795e-05
7403,1.908824610702761e-05,2.170785597008993e-05,1.9665084038244593e-05,2.053029533573573e-05
7404,1.9087453373874198e-05,2.1706961375947165e-05,1.9664058980900256e-05,2.0529525088638964e-05
7405,1.908666165269247e-05,2.1706067933137812e-05,1.966303509182457e-05,2.0528755829004297e-05
7406,1.9085870942398307e-05,2.170517564201855e-05,1.966201237114922e-05,2.0527987555851817e-05
7407,1.9085081243648786e-05,2.1704284502318047e-05,1.966099081923534e-05,2.052722026923118e-05
7408,1.9084292555858075e-05,2.1703394513401367e-05,1.96599704354842e-05,2.0526453969039843e-05
7409,1.908350487914149e-05,2.170250567561213e-05,1.9658951219984955e-05,2.0525688655225043e-05
7410,1.9082718213322407e-05,2.1701617989110156e-05,1.9657933173533748e-05,2.0524924327652198e-05
7411,1.9081932558498182e-05,2.1700731453199315e-05,1.9656916295047117e-05,2.0524160985938676e-05
7412,1.9081147914005743e-05,2.16998460682133e-05,1.9655900585621943e-05,2.0523398630028804e-05
7413,1.908036428007377e-05,2.169896183390266e-05,1.9654886044288387e-05,2.0522637259871575e-05
7414,1.9079581656563007e-05,2.169807875006467e-05,1.9653872671955694e-05,2.0521876875410775e-05
7415,1.9078800043297185e-05,2.1697196816937154e-05,1.9652860468081486e-05,2.0521117475932477e-05
7416,1.9078019440371265e-05,2.169631603396809e-05,1.96518494327554e-05,2.0520359061875684e-05
7417,1.907723984718933e-05,2.1695436401236553e-05,1.9650839566247056e-05,2.051960163287112e-05
7418,1.9076461263850624e-05,2.1694557919012634e-05,1.964983086838337e-05,2.0518845188914054e-05
7419,1.907568369044123e-05,2.1693680586445637e-05,1.964882333934727e-05,2.051808972932211e-05
7420,1.907490712643265e-05,2.1692804403978674e-05,1.964781697886503e-05,2.0517335254810784e-05
7421,1.9074131572214313e-05,2.1691929371760156e-05,1.9646811787405514e-05,2.051658176440612e-05
7422,1.9073357027189468e-05,2.1691055488770374e-05,1.9645807764783656e-05,2.0515829258509638e-05
7423,1.907258349161875e-05,2.169018275583994e-05,1.9644804910893614e-05,2.0515077736535294e-05
7424,1.9071810965022102e-05,2.168931117207168e-05,1.964380322594559e-05,2.0514327198763272e-05
7425,1.9071039447470993e-05,2.168844073808467e-05,1.9642802709972235e-05,2.0513577644862595e-05
7426,1.9070268938921726e-05,2.1687571453474046e-05,1.964180336302407e-05,2.0512829074596854e-05
7427,1.9069499438873684e-05,2.1686703317959982e-05,1.964080518467802e-05,2.0512081488097814e-05
7428,1.9068730947587933e-05,2.1685836331728646e-05,1.963980817580171e-05,2.0511334884882995e-05
7429,1.906796346499906e-05,2.1684970494478754e-05,1.9638812336046975e-05,2.0510589264688563e-05
7430,1.9067196990635798e-05,2.1684105806613004e-05,1.9637817665070534e-05,2.050984462778681e-05
7431,1.906643152459122e-05,2.1683242267270683e-05,1.9636824163671045e-05,2.050910097389665e-05
7432,1.9065667066708126e-05,2.1682379876757058e-05,1.9635831831270376e-05,2.050835830266655e-05
7433,1.9064903616938733e-05,2.1681518634908804e-05,1.9634840668238522e-05,2.050761661422486e-05
7434,1.9064141175124328e-05,2.1680658541551537e-05,1.963385067430143e-05,2.0506875908351675e-05
7435,1.9063379741078897e-05,2.167979959687045e-05,1.9632861849707257e-05,2.0506136184856774e-05
7436,1.906261931482036e-05,2.1678941800530583e-05,1.9631874194543786e-05,2.050539744352919e-05
7437,1.9061859895937105e-05,2.167808515280837e-05,1.9630887708795998e-05,2.0504659684068472e-05
7438,1.9061101484569737e-05,2.167722965285058e-05,1.962990239239035e-05,2.0503922906886795e-05
7439,1.906034408060512e-05,2.16763753011802e-05,1.9628918245914776e-05,2.050318711145867e-05
7440,1.905958768382592e-05,2.1675522097590372e-05,1.9627935268749322e-05,2.050245229753582e-05
7441,1.9058832294221657e-05,2.1674670041866652e-05,1.9626953460964483e-05,2.050171846523037e-05
7442,1.905807791144135e-05,2.1673819134007766e-05,1.962597282308252e-05,2.0500985614042442e-05
7443,1.90573245356323e-05,2.1672969374076905e-05,1.9624993354865795e-05,2.050025374436683e-05
7444,1.9056572166646804e-05,2.1672120761611426e-05,1.962401505637452e-05,2.0499522855516097e-05
7445,1.9055820804282848e-05,2.1671273296732e-05,1.9623037927861574e-05,2.049879294773607e-05
7446,1.905507044841101e-05,2.1670426979267092e-05,1.962206196906743e-05,2.0498064020761456e-05
7447,1.9054321098877428e-05,2.1669581809291654e-05,1.9621087180145035e-05,2.0497336074324135e-05
7448,1.9053572755800784e-05,2.1668737786537288e-05,1.9620113561249324e-05,2.049660910832151e-05
7449,1.9052825418820706e-05,2.1667894910875437e-05,1.9619141112480617e-05,2.0495883123030582e-05
7450,1.9052079087997243e-05,2.1667053182502924e-05,1.9618169833715516e-05,2.049515811759245e-05
7451,1.905133376311802e-05,2.166621260123867e-05,1.961719972488618e-05,2.0494434092272955e-05
7452,1.9050589444055603e-05,2.1665373166560193e-05,1.961623078649606e-05,2.0493711046969763e-05
7453,1.9049846130691774e-05,2.1664534878838105e-05,1.9615263018276105e-05,2.0492988981320343e-05
7454,1.9049103822980168e-05,2.16636977379249e-05,1.9614296420370944e-05,2.04922678955117e-05
7455,1.9048362520840354e-05,2.1662861743600625e-05,1.9613330992878237e-05,2.0491547788963706e-05
7456,1.9047622224034953e-05,2.166202689582984e-05,1.9612366735809965e-05,2.0490828662074562e-05
7457,1.9046882932577366e-05,2.1661193194627727e-05,1.961140364908469e-05,2.0490110514049957e-05
7458,1.904614464635804e-05,2.166036063966546e-05,1.9610441733127074e-05,2.0489393345261778e-05
7459,1.9045407365067217e-05,2.1659529231440942e-05,1.960948098781874e-05,2.048867715558217e-05
7460,1.9044671088895394e-05,2.165869896891994e-05,1.9608521413029827e-05,2.0487961944521643e-05
7461,1.9043935817442764e-05,2.165786985270621e-05,1.9607563009073895e-05,2.0487247712182942e-05
7462,1.904320155089603e-05,2.1657041882443155e-05,1.9606605775860323e-05,2.0486534458231368e-05
7463,1.904246828881743e-05,2.165621505818139e-05,1.96056497134851e-05,2.0485822182880613e-05
7464,1.904173603141535e-05,2.165538937983903e-05,1.960469482219692e-05,2.048511088569585e-05
7465,1.9041004778336204e-05,2.165456484717287e-05,1.9603741101791163e-05,2.0484400566591292e-05
7466,1.904027452961871e-05,2.1653741460311996e-05,1.9602788552617365e-05,2.0483691225569374e-05
7467,1.9039545285267262e-05,2.1652919218901787e-05,1.9601837174661193e-05,2.048298286231698e-05
7468,1.9038817044798866e-05,2.1652098123205733e-05,1.960088696773541e-05,2.0482275476774253e-05
7469,1.9038089808474835e-05,2.165127817264331e-05,1.959993793234053e-05,2.048156906864943e-05
7470,1.9037363576027643e-05,2.1650459367697124e-05,1.9598990068190363e-05,2.048086363806211e-05
7471,1.9036638347328866e-05,2.164964170787938e-05,1.9598043375423768e-05,2.0480159184735577e-05
7472,1.9035914122309637e-05,2.1648825193244695e-05,1.9597097854238956e-05,2.0479455708614973e-05
7473,1.9035190900912608e-05,2.1648009823839035e-05,1.959615350457427e-05,2.0478753209457525e-05
7474,1.9034468682968108e-05,2.1647195599224786e-05,1.9595210326779798e-05,2.0478051687289556e-05
7475,1.903374746841371e-05,2.1646382519711407e-05,1.9594268320563294e-05,2.047735114182959e-05
7476,1.9033027257109813e-05,2.1645570585055407e-05,1.959332748619075e-05,2.0476651573041708e-05
7477,1.9032308048948603e-05,2.1644759795002133e-05,1.9592387823788808e-05,2.0475952980533848e-05
7478,1.9031589844008134e-05,2.164395014972194e-05,1.9591449333344257e-05,2.047525536454473e-05
7479,1.9030872641996663e-05,2.164314164892528e-05,1.959051201498616e-05,2.047455872470456e-05
7480,1.9030156442741878e-05,2.164233429274259e-05,1.9589575868783057e-05,2.0473863060985796e-05
7481,1.902944124631877e-05,2.1641528081049357e-05,1.958864089477493e-05,2.0473168373073844e-05
7482,1.902872705250693e-05,2.1640723013543617e-05,1.958770709313982e-05,2.047247466123022e-05
7483,1.902801386136157e-05,2.163991909053323e-05,1.9586774463912172e-05,2.0471781924866968e-05
7484,1.9027301672706204e-05,2.1639116311436283e-05,1.95858430071338e-05,2.0471090164138838e-05
7485,1.9026590486265245e-05,2.1638314676523952e-05,1.958491272298074e-05,2.0470399378804413e-05
7486,1.9025880302169584e-05,2.1637514185682554e-05,1.9583983611353146e-05,2.046970956885155e-05
7487,1.9025171120282385e-05,2.1636714838912724e-05,1.9583055672536156e-05,2.04690207338853e-05
7488,1.9024462940468843e-05,2.1635916635920205e-05,1.9582128906572503e-05,2.046833287404957e-05
7489,1.902375576255468e-05,2.1635119576665524e-05,1.9581203313657106e-05,2.0467645989106143e-05
7490,1.9023049586566763e-05,2.1634323661067277e-05,1.9580278893552728e-05,2.0466960078948542e-05
7491,1.9022344412346873e-05,2.1633528889226056e-05,1.9579355646584682e-05,2.0466275143319112e-05
7492,1.9021640239865196e-05,2.1632735260835715e-05,1.957843357295714e-05,2.046559118234856e-05
7493,1.902093706884053e-05,2.1631942775984742e-05,1.9577512672494242e-05,2.0464908195553087e-05
7494,1.9020234899377907e-05,2.1631151434509318e-05,1.9576592945392547e-05,2.0464226183295264e-05
7495,1.9019533731312394e-05,2.1630361236315672e-05,1.9575674391809928e-05,2.046354514496112e-05
7496,1.9018833564539713e-05,2.162957218141138e-05,1.9574757011872654e-05,2.0462865080647126e-05
7497,1.9018134399005725e-05,2.1628784269541223e-05,1.957384080556432e-05,2.0462185990206538e-05
7498,1.9017436234561208e-05,2.1627997500853592e-05,1.957292577297688e-05,2.0461507873566352e-05
7499,1.9016739071180113e-05,2.162721187521484e-05,1.957201191428857e-05,2.0460830730425687e-05
7500,1.9016042908699535e-05,2.1626427392475756e-05,1.957109922958128e-05,2.046015456085585e-05
7501,1.9015347747076435e-05,2.1625644052580738e-05,1.957018771892597e-05,2.045947936469194e-05
7502,1.90146535861161e-05,2.162486185545612e-05,1.9569277382481108e-05,2.045880514161924e-05
7503,1.90139604257849e-05,2.1624080800988562e-05,1.9568368220213875e-05,2.0458131891780778e-05
7504,1.9013268266061423e-05,2.1623300889236374e-05,1.9567460232496892e-05,2.0457459614805664e-05
7505,1.9012577106828153e-05,2.1622522120070337e-05,1.956655341903112e-05,2.0456788310800408e-05
7506,1.901188694792845e-05,2.1621744493372006e-05,1.9565647780400582e-05,2.0456117979322016e-05
7507,1.9011197789376092e-05,2.1620968008969e-05,1.9564743316243888e-05,2.0455448620742524e-05
7508,1.9010509630993428e-05,2.162019266699794e-05,1.9563840026990874e-05,2.0454780234473897e-05
7509,1.900982247272175e-05,2.1619418467308346e-05,1.9562937912623028e-05,2.0454112820523192e-05
7510,1.9009136314406523e-05,2.1618645409631052e-05,1.956203697317283e-05,2.045344637886249e-05
7511,1.9008451155966933e-05,2.1617873494265105e-05,1.9561137208849986e-05,2.0452780909315514e-05
7512,1.900776699747165e-05,2.1617102720842693e-05,1.95602386198458e-05,2.0452116411779596e-05
7513,1.9007083838709087e-05,2.1616333089363306e-05,1.955934120622825e-05,2.0451452886034702e-05
7514,1.900640167963492e-05,2.1615564599890917e-05,1.9558444967975712e-05,2.04507903321108e-05
7515,1.9005720520078295e-05,2.1614797252204077e-05,1.9557549905192233e-05,2.0450128749858372e-05
7516,1.9005040360078603e-05,2.161403104624442e-05,1.955665601823868e-05,2.0449468138987326e-05
7517,1.900436119941944e-05,2.1613265981880216e-05,1.955576330699459e-05,2.044880849947745e-05
7518,1.9003683038090004e-05,2.161250205934933e-05,1.9554871771821038e-05,2.044814983138634e-05
7519,1.9003005875976224e-05,2.1611739278093607e-05,1.9553981412531555e-05,2.0447492134285e-05
7520,1.9002329713012733e-05,2.1610977638453212e-05,1.9553092229418324e-05,2.0446835408239097e-05
7521,1.900165454912426e-05,2.1610217140180563e-05,1.955220422252414e-05,2.0446179653075243e-05
7522,1.900098038418116e-05,2.1609457783270397e-05,1.955131739203075e-05,2.0445524868721394e-05
7523,1.900030721817695e-05,2.160869956755277e-05,1.955043173811534e-05,2.044487105493807e-05
7524,1.8999635050979277e-05,2.1607942493028834e-05,1.954954726070583e-05,2.0444218211770277e-05
7525,1.8998963882502426e-05,2.160718655965827e-05,1.954866396011254e-05,2.044356633904274e-05
7526,1.8998293712631358e-05,2.1606431767357933e-05,1.9547781836328552e-05,2.0442915436566065e-05
7527,1.899762454132729e-05,2.1605678116051583e-05,1.9546900889632376e-05,2.0442265504230043e-05
7528,1.899695636851236e-05,2.1604925605594993e-05,1.9546021119990833e-05,2.0441616542045017e-05
7529,1.8996289194061855e-05,2.1604174236061897e-05,1.954514252764926e-05,2.044096854975177e-05
7530,1.89956230179857e-05,2.160342400726789e-05,1.9544265112562655e-05,2.044032152733605e-05
7531,1.899495784012763e-05,2.160267491913135e-05,1.9543388875117914e-05,2.0439675474561025e-05
7532,1.8994293660395064e-05,2.1601926971688664e-05,1.9542513815211905e-05,2.0439030391435274e-05
7533,1.899363047875385e-05,2.1601180164749542e-05,1.9541639933105003e-05,2.0438386277783638e-05
7534,1.8992968295126115e-05,2.1600434498445866e-05,1.9540767228858986e-05,2.0437743133471823e-05
7535,1.8992307109382023e-05,2.1599689972495605e-05,1.953989570258078e-05,2.0437100958463033e-05
7536,1.8991646921535464e-05,2.1598946587034693e-05,1.9539025354553062e-05,2.0436459752562774e-05
7537,1.899098773138087e-05,2.1598204341805018e-05,1.953815618478498e-05,2.0435819515597355e-05
7538,1.8990329538934277e-05,2.159746323677502e-05,1.953728819340538e-05,2.0435180247629116e-05
7539,1.8989672344081526e-05,2.1596723272010166e-05,1.9536421380587565e-05,2.0434541948468352e-05
7540,1.898901614677081e-05,2.1595984447316874e-05,1.9535555746473606e-05,2.0433904617905817e-05
7541,1.8988360946895977e-05,2.159524676266418e-05,1.9534691291150526e-05,2.043326825592099e-05
7542,1.8987706744430323e-05,2.159451021801743e-05,1.9533828014851323e-05,2.043263286248344e-05
7543,1.8987053539245455e-05,2.159377481331588e-05,1.953296591765513e-05,2.0431998437279432e-05
7544,1.8986401331267878e-05,2.159304054847882e-05,1.9532104999665547e-05,2.0431364980323675e-05
7545,1.898575012051422e-05,2.159230742342027e-05,1.9531245261048077e-05,2.043073249151338e-05
7546,1.898509990675926e-05,2.1591575438127677e-05,1.9530386701989574e-05,2.0430100970648793e-05
7547,1.8984450690034412e-05,2.159084459241788e-05,1.9529529322560117e-05,2.042947041775703e-05
7548,1.8983802470251376e-05,2.1590114886353765e-05,1.9528673123029666e-05,2.0428840832541592e-05
7549,1.898315524729122e-05,2.158938631984266e-05,1.9527818103401397e-05,2.042821221506979e-05
7550,1.8982509021126236e-05,2.1588658892851054e-05,1.9526964263871898e-05,2.0427584565097303e-05
7551,1.898186379167721e-05,2.1587932605210487e-05,1.9526111604600665e-05,2.0426957882624762e-05
7552,1.8981219558845283e-05,2.1587207456952474e-05,1.9525260125743828e-05,2.042633216748361e-05
7553,1.898057632260498e-05,2.1586483447980253e-05,1.9524409827451674e-05,2.0425707419530668e-05
7554,1.897993408286868e-05,2.1585760578262098e-05,1.9523560709829986e-05,2.0425083638710604e-05
7555,1.8979292839546048e-05,2.158503884772059e-05,1.9522712773078736e-05,2.0424460824875946e-05
7556,1.8978652592593168e-05,2.1584318256297847e-05,1.9521866017339968e-05,2.0423838977998745e-05
7557,1.8978013341916005e-05,2.158359880387634e-05,1.952102044272318e-05,2.0423218097897778e-05
7558,1.8977375087485148e-05,2.1582880490543226e-05,1.9520176049417282e-05,2.0422598184500067e-05
7559,1.8976737829136878e-05,2.158216331606339e-05,1.9519332837605066e-05,2.0421979237638916e-05
7560,1.897610156692833e-05,2.158144728049849e-05,1.9518490807293457e-05,2.0421361257300065e-05
7561,1.8975466300703288e-05,2.1580732383740117e-05,1.9517649958887167e-05,2.042074424325202e-05
7562,1.8974832030435036e-05,2.158001862571175e-05,1.9516810292391298e-05,2.042012819551324e-05
7563,1.897419875607793e-05,2.157930600640947e-05,1.9515971807971655e-05,2.041951311391807e-05
7564,1.8973566477496397e-05,2.157859452573533e-05,1.9515134505800353e-05,2.0418898998404328e-05
7565,1.8972935194651446e-05,2.1577884183605676e-05,1.9514298386042233e-05,2.0418285848826803e-05
7566,1.8972304907492914e-05,2.1577174980039607e-05,1.951346344882909e-05,2.041767366502266e-05
7567,1.897167561595916e-05,2.1576466914927957e-05,1.9512629694353242e-05,2.041706244698849e-05
7568,1.8971047319985744e-05,2.1575759988263462e-05,1.9511797122766913e-05,2.0416452194625856e-05
7569,1.89704200194719e-05,2.1575054199902907e-05,1.9510965734281686e-05,2.0415842907745162e-05
7570,1.8969793714409285e-05,2.15743495498455e-05,1.9510135529009247e-05,2.0415234586293106e-05
7571,1.8969168404667755e-05,2.1573646038003247e-05,1.9509306507103206e-05,2.0414627230162453e-05
7572,1.8968544090258435e-05,2.157294366435034e-05,1.9508478668813296e-05,2.0414020839227585e-05
7573,1.8967920771051513e-05,2.1572242428848578e-05,1.9507652014211287e-05,2.0413415413471193e-05
7574,1.89672984470264e-05,2.1571542331376538e-05,1.9506826543453756e-05,2.0412810952630833e-05
7575,1.8966677118125324e-05,2.1570843371915275e-05,1.950600225686783e-05,2.0412207456769093e-05
7576,1.8966056784273814e-05,2.1570145550450028e-05,1.9505179154439707e-05,2.0411604925679598e-05
7577,1.896543744536925e-05,2.1569448866874096e-05,1.9504357236478177e-05,2.041100335935032e-05
7578,1.896481910141727e-05,2.1568753321131794e-05,1.950353650308507e-05,2.041040275761406e-05
7579,1.896420175234941e-05,2.1568058913163706e-05,1.950271695446257e-05,2.040980312036737e-05
7580,1.8963585398055217e-05,2.156736564297942e-05,1.9501898590739373e-05,2.040920444750508e-05
7581,1.896297003854204e-05,2.1566673510414594e-05,1.950108141214117e-05,2.0408606739011587e-05
7582,1.8962355673678625e-05,2.156598251555326e-05,1.950026541882703e-05,2.0408009994666555e-05
7583,1.8961742303473728e-05,2.1565292658180663e-05,1.9499450611005416e-05,2.0407414214451573e-05
7584,1.8961129927820798e-05,2.156460393840426e-05,1.949863698881117e-05,2.04068193982636e-05
7585,1.8960518546702977e-05,2.15639163560796e-05,1.9497824552437965e-05,2.0406225545985555e-05
7586,1.8959908160040963e-05,2.1563229911175168e-05,1.9497013302084328e-05,2.040563265753067e-05
7587,1.8959298767774754e-05,2.1562544603621143e-05,1.94962032379233e-05,2.0405040732765934e-05
7588,1.895869036986977e-05,2.1561860433329325e-05,1.949539436013039e-05,2.0404449771641138e-05
7589,1.8958082966234953e-05,2.15611774003663e-05,1.9494586668891323e-05,2.0403859774057106e-05
7590,1.8957476556859057e-05,2.1560495504590623e-05,1.9493780164383604e-05,2.0403270739857248e-05
7591,1.895687114165199e-05,2.155981474596734e-05,1.9492974846816588e-05,2.0402682669081548e-05
7592,1.8956266720576163e-05,2.15591351244777e-05,1.949217071635931e-05,2.0402095561473304e-05
7593,1.8955663293566147e-05,2.1558456639968998e-05,1.9491367773212736e-05,2.040150941701095e-05
7594,1.8955060860566858e-05,2.1557779292536636e-05,1.9490566017565227e-05,2.0400924235613238e-05
7595,1.8954459421550297e-05,2.155710308200354e-05,1.9489765449616925e-05,2.0400340017178554e-05
7596,1.895385897644159e-05,2.1556428008400702e-05,1.948896606951569e-05,2.039975676158265e-05
7597,1.8953259525192274e-05,2.155575407165393e-05,1.9488167877480557e-05,2.0399174468772002e-05
7598,1.895266106776701e-05,2.1555081271673296e-05,1.9487370873708383e-05,2.039859313864629e-05
7599,1.8952063604085815e-05,2.1554409608472002e-05,1.9486575058411093e-05,2.0398012771074488e-05
7600,1.8951467134117424e-05,2.1553739081964454e-05,1.9485780431793426e-05,2.03974333660162e-05
7601,1.8950871657826464e-05,2.1553069692138977e-05,1.9484986993974863e-05,2.0396854923332058e-05
7602,1.895027717514805e-05,2.1552401438891145e-05,1.9484194745212488e-05,2.0396277442920003e-05
7603,1.894968368600103e-05,2.155173432221603e-05,1.9483403685725784e-05,2.0395700924769608e-05
7604,1.8949091190386074e-05,2.1551068342017054e-05,1.9482613815662422e-05,2.0395125368750724e-05
7605,1.894849968822964e-05,2.1550403498296443e-05,1.9481825135249378e-05,2.0394550774734893e-05
7606,1.894790917950441e-05,2.154973979098455e-05,1.9481037644675343e-05,2.039397714269524e-05
7607,1.8947319664143724e-05,2.154907722003474e-05,1.9480251344164885e-05,2.039340447249256e-05
7608,1.8946731142065183e-05,2.154841578542457e-05,1.947946623390039e-05,2.039283276404113e-05
7609,1.8946143613304494e-05,2.1547755487049512e-05,1.9478682314113977e-05,2.0392262017278212e-05
7610,1.894555707777597e-05,2.1547096324905794e-05,1.947789958496707e-05,2.0391692232098854e-05
7611,1.894497153540707e-05,2.1546438298942374e-05,1.947711804670714e-05,2.039112340842049e-05
7612,1.894438698619122e-05,2.1545781409092462e-05,1.947633769954507e-05,2.039055554615562e-05
7613,1.894380343006322e-05,2.1545125655364272e-05,1.9475558543619822e-05,2.0389988645184203e-05
7614,1.8943220867003775e-05,2.1544471037642572e-05,1.9474780579222584e-05,2.038942270546694e-05
7615,1.894263929691615e-05,2.154381755591011e-05,1.9474003806577178e-05,2.0388857726916597e-05
7616,1.894205871983071e-05,2.1543165210138386e-05,1.9473228225808242e-05,2.0388293709423423e-05
7617,1.8941479135660293e-05,2.1542514000262774e-05,1.947245383717367e-05,2.0387730652876428e-05
7618,1.894090054434821e-05,2.1541863926253743e-05,1.9471680640924397e-05,2.03871685572417e-05
7619,1.894032294589551e-05,2.15412149880234e-05,1.9470908637229305e-05,2.0386607422421214e-05
7620,1.8939746340235608e-05,2.1540567185590453e-05,1.9470137826302412e-05,2.0386047248326726e-05
7621,1.8939170727309575e-05,2.153992051887176e-05,1.9469368208384043e-05,2.03854880348774e-05
7622,1.8938596107096082e-05,2.1539274987846724e-05,1.9468599783715983e-05,2.038492978194668e-05
7623,1.8938022479570123e-05,2.1538630592424336e-05,1.946783255244314e-05,2.0384372489509503e-05
7624,1.8937449844692002e-05,2.1537987332601348e-05,1.9467066514841603e-05,2.038381615744501e-05
7625,1.893687820241264e-05,2.153734520832388e-05,1.9466301671131305e-05,2.0383260785723956e-05
7626,1.8936307552661245e-05,2.1536704219553848e-05,1.9465538021524685e-05,2.038270637420341e-05
7627,1.8935737895453843e-05,2.1536064366252354e-05,1.9464775566254256e-05,2.038215292283372e-05
7628,1.8935169230728085e-05,2.1535425648382426e-05,1.9464014305519106e-05,2.0381600431492635e-05
7629,1.8934601558441076e-05,2.1534788065845878e-05,1.946325423956936e-05,2.0381048900148677e-05
7630,1.893403487856329e-05,2.153415161867425e-05,1.9462495368632945e-05,2.038049832871374e-05
7631,1.893346919106047e-05,2.15335163067952e-05,1.9461737692945204e-05,2.03799487170869e-05
7632,1.8932904495895582e-05,2.1532882130166053e-05,1.9460981212709448e-05,2.0379400065201794e-05
7633,1.8932340793023292e-05,2.153224908872035e-05,1.9460225928172113e-05,2.0378852372987026e-05
7634,1.893177808243429e-05,2.1531617182469063e-05,1.9459471839542756e-05,2.0378305640328812e-05
7635,1.8931216364068157e-05,2.1530986411359e-05,1.9458718947094755e-05,2.0377759867189947e-05
7636,1.8930655637904868e-05,2.1530356775288348e-05,1.9457967251040788e-05,2.0377215053465295e-05
7637,1.8930095903903075e-05,2.152972827430225e-05,1.9457216751614636e-05,2.0376671199116604e-05
7638,1.892953716203718e-05,2.1529100908302002e-05,1.9456467449034323e-05,2.0376128304002374e-05
7639,1.8928979412277997e-05,2.1528474677267403e-05,1.9455719343565243e-05,2.03755863680899e-05
7640,1.892842265458804e-05,2.1527849581161094e-05,1.945497243544833e-05,2.0375045391289398e-05
7641,1.8927866888933e-05,2.1527225619931638e-05,1.9454226724887065e-05,2.037450537355342e-05
7642,1.8927312115288178e-05,2.1526602793574723e-05,1.9453482212164352e-05,2.037396631475986e-05
7643,1.8926758333609437e-05,2.152598110200326e-05,1.9452738897476414e-05,2.037342821487149e-05
7644,1.8926205543892475e-05,2.1525360545207267e-05,1.945199678111427e-05,2.0372891073780305e-05
7645,1.8925653746086483e-05,2.1524741123128446e-05,1.945125586330107e-05,2.0372354891451144e-05
7646,1.89251029401728e-05,2.152412283573937e-05,1.9450516144251307e-05,2.037181966776705e-05
7647,1.8924553126116494e-05,2.1523505683016498e-05,1.9449777624251558e-05,2.0371285402695345e-05
7648,1.8924004303896575e-05,2.152288966490069e-05,1.9449040303544383e-05,2.037075209614106e-05
7649,1.8923456473483068e-05,2.152227478136878e-05,1.944830418235887e-05,2.0370219748019362e-05
7650,1.8922909634842852e-05,2.152166103237648e-05,1.9447569260954024e-05,2.0369688358297206e-05
7651,1.892236378795693e-05,2.1521048417862218e-05,1.944683553956919e-05,2.0369157926865583e-05
7652,1.8921818932801933e-05,2.1520436937839948e-05,1.9446103018476663e-05,2.0368628453670704e-05
7653,1.8921275069344537e-05,2.151982659221697e-05,1.9445371697917323e-05,2.0368099938634417e-05
7654,1.8920732197565696e-05,2.1519217381003594e-05,1.9444641578148385e-05,2.036757238170391e-05
7655,1.892019031743842e-05,2.1518609304136062e-05,1.944391265940897e-05,2.0367045782775222e-05
7656,1.8919649428932665e-05,2.1518002361592553e-05,1.9443184941971998e-05,2.0366520141822183e-05
7657,1.8919109532036415e-05,2.1517396553323443e-05,1.9442458426090584e-05,2.0365995458735877e-05
7658,1.8918570626713616e-05,2.1516791879293412e-05,1.944173311201177e-05,2.0365471733466335e-05
7659,1.8918032712954854e-05,2.151618833949397e-05,1.9441009000024564e-05,2.0364948965960354e-05
7660,1.8917495790734692e-05,2.1515585933850816e-05,1.9440286090354376e-05,2.0364427156122448e-05
7661,1.8916959860030122e-05,2.151498466235695e-05,1.9439564383278988e-05,2.0363906303904386e-05
7662,1.8916424920810072e-05,2.1514384524960458e-05,1.943884387904931e-05,2.036338640922484e-05
7663,1.8915890973075074e-05,2.1513785521634693e-05,1.9438124577957433e-05,2.036286747203492e-05
7664,1.8915358016794787e-05,2.1513187652339484e-05,1.943740648023844e-05,2.0362349492270664e-05
7665,1.8914826051939195e-05,2.151259091705269e-05,1.943668958617038e-05,2.0361832469828e-05
7666,1.8914295078501112e-05,2.1511995315722932e-05,1.9435973896023664e-05,2.0361316404680722e-05
7667,1.8913765096476025e-05,2.1511400848335916e-05,1.9435259410046117e-05,2.03608012967518e-05
7668,1.8913236105817728e-05,2.1510807514846954e-05,1.943454612853222e-05,2.0360287145988436e-05
7669,1.8912708106517234e-05,2.151021531521154e-05,1.9433834051751185e-05,2.0359773952307613e-05
7670,1.8912181098560438e-05,2.1509624249415276e-05,1.9433123179950007e-05,2.0359261715665347e-05
7671,1.8911655081928656e-05,2.150903431740775e-05,1.9432413513415935e-05,2.0358750435977747e-05
7672,1.891113005661655e-05,2.150844551917727e-05,1.943170505244091e-05,2.0358240113200103e-05
7673,1.8910606022611224e-05,2.150785785467318e-05,1.943099779727873e-05,2.0357730747282402e-05
7674,1.8910082979874596e-05,2.150727132387261e-05,1.943029174820414e-05,2.0357222338127667e-05
7675,1.8909560928404943e-05,2.1506685926737573e-05,1.942958690550032e-05,2.0356714885702427e-05
7676,1.890903986819339e-05,2.1506101663245683e-05,1.9428883269445703e-05,2.0356208389930765e-05
7677,1.8908519799214277e-05,2.150551853335228e-05,1.9428180840327387e-05,2.035570285076217e-05
7678,1.8908000721468647e-05,2.15049365370317e-05,1.9427479618408942e-05,2.0355198268140052e-05
7679,1.890748263493637e-05,2.150435567425181e-05,1.9426779603984606e-05,2.0354694642007816e-05
7680,1.8906965539609916e-05,2.1503775944972593e-05,1.9426080797330252e-05,2.0354191972301894e-05
7681,1.8906449435469264e-05,2.1503197349191585e-05,1.942538319874976e-05,2.0353690258955587e-05
7682,1.8905934322515514e-05,2.150261988684347e-05,1.9424686808503626e-05,2.0353189501929302e-05
7683,1.8905420200725722e-05,2.1502043557920283e-05,1.9423991626882438e-05,2.0352689701142336e-05
7684,1.8904907070098087e-05,2.1501468362381345e-05,1.942329765419498e-05,2.035219085656228e-05
7685,1.8904394930624164e-05,2.1500894300190946e-05,1.942260489069436e-05,2.0351692968121625e-05
7686,1.8903883782286505e-05,2.1500321371338863e-05,1.9421913336717064e-05,2.035119603577518e-05
7687,1.890337362508972e-05,2.1499749575785626e-05,1.942122299250724e-05,2.035070005945803e-05
7688,1.8902864459015014e-05,2.149917891349321e-05,1.942053385839098e-05,2.0350205039118937e-05
7689,1.8902356284063758e-05,2.149860938444569e-05,1.9419845934648907e-05,2.034971097469713e-05
7690,1.890184910021913e-05,2.149804098859382e-05,1.9419159221571408e-05,2.0349217866150228e-05
7691,1.8901342907486932e-05,2.149747372593625e-05,1.9418473719462853e-05,2.034872571342826e-05
7692,1.8900837705841725e-05,2.1496907596417718e-05,1.9417789428616536e-05,2.0348234516464952e-05
7693,1.890033349530746e-05,2.1496342600025483e-05,1.941710634932874e-05,2.0347744275212116e-05
7694,1.889983027585498e-05,2.1495778736731617e-05,1.941642448191458e-05,2.0347254989627225e-05
7695,1.8899328047489377e-05,2.149521600649533e-05,1.9415743826652452e-05,2.0346766659652332e-05
7696,1.8898826810208417e-05,2.1494654409302428e-05,1.941506438386127e-05,2.0346279285241172e-05
7697,1.8898326564006032e-05,2.149409394512393e-05,1.9414386153827407e-05,2.0345792866335177e-05
7698,1.8897827308890064e-05,2.149353461392077e-05,1.9413709136875508e-05,2.0345307402899467e-05
7699,1.8897329044832646e-05,2.149297641567164e-05,1.9413033333291922e-05,2.0344822894880567e-05
7700,1.8896831771861155e-05,2.1492419350350574e-05,1.9412358743396293e-05,2.0344339342226923e-05
7701,1.889633548995513e-05,2.1491863417931093e-05,1.9411685367497653e-05,2.034385674488558e-05
7702,1.8895840199127152e-05,2.1491308618388506e-05,1.941101320588897e-05,2.0343375102812592e-05
7703,1.8895345899365182e-05,2.1490754951689785e-05,1.9410342258899924e-05,2.0342894415975368e-05
7704,1.889485259068346e-05,2.149020241781022e-05,1.9409672526834837e-05,2.034241468431222e-05
7705,1.8894360273068667e-05,2.148965101672579e-05,1.940900401000297e-05,2.034193590777977e-05
7706,1.8893868946529667e-05,2.1489100748418438e-05,1.9408336708716997e-05,2.034145808634309e-05
7707,1.8893378611072862e-05,2.148855161284272e-05,1.9407670623308126e-05,2.0340981219948427e-05
7708,1.8892889266694046e-05,2.1488003609985647e-05,1.940700575407308e-05,2.034050530855288e-05
7709,1.8892400913397527e-05,2.148745673982731e-05,1.94063421013383e-05,2.0340030352107456e-05
7710,1.8891913551195754e-05,2.1486911002322835e-05,1.940567966542631e-05,2.0339556350584515e-05
7711,1.8891427180075194e-05,2.1486366397469026e-05,1.94050184466517e-05,2.033908330393214e-05
7712,1.8890941800058744e-05,2.148582292522907e-05,1.9404358445336458e-05,2.0338611212107474e-05
7713,1.889045741114405e-05,2.1485280585574406e-05,1.9403699661801813e-05,2.03381400750735e-05
7714,1.8889974013334453e-05,2.148473937849142e-05,1.9403042096378636e-05,2.033766989278917e-05
7715,1.8889491606641403e-05,2.1484199303947565e-05,1.940238574938759e-05,2.0337200665211537e-05
7716,1.8889010191071408e-05,2.148366036192843e-05,1.94017306211524e-05,2.0336732392302214e-05
7717,1.8888529766626196e-05,2.1483122552393432e-05,1.9401076712011505e-05,2.033626507402353e-05
7718,1.8888050333317175e-05,2.1482585875334895e-05,1.9400424022277628e-05,2.0335798710340018e-05
7719,1.8887571891156414e-05,2.148205033072274e-05,1.9399772552289565e-05,2.0335333301211095e-05
7720,1.888709444015285e-05,2.1481515918531725e-05,1.9399122302380132e-05,2.0334868846592415e-05
7721,1.8886617980311362e-05,2.148098263874116e-05,1.9398473272883126e-05,2.0334405346457827e-05
7722,1.8886142511646576e-05,2.1480450491326776e-05,1.9397825464125873e-05,2.0333942800771755e-05
7723,1.888566803416603e-05,2.1479919476269326e-05,1.939717887644809e-05,2.0333481209490295e-05
7724,1.8885194547878935e-05,2.1479389593537284e-05,1.9396533510186945e-05,2.0333020572580447e-05
7725,1.8884722052804873e-05,2.1478860843120962e-05,1.9395889365675685e-05,2.0332560890016908e-05
7726,1.888425054895212e-05,2.1478333224981154e-05,1.9395246443255993e-05,2.033210216175498e-05
7727,1.8883780036330523e-05,2.147780673911066e-05,1.93946047432721e-05,2.033164438776477e-05
7728,1.8883310514956028e-05,2.1477281385483888e-05,1.9393964266059113e-05,2.03311875680183e-05
7729,1.888284198484726e-05,2.1476757164075933e-05,1.9393325011967303e-05,2.03307317024784e-05
7730,1.8882374446012638e-05,2.147623407486562e-05,1.9392686981329113e-05,2.033027679111464e-05
7731,1.8881907898469774e-05,2.147571211783178e-05,1.939205017450146e-05,2.0329822833900237e-05
7732,1.8881442342233444e-05,2.147519129295262e-05,1.939141459182495e-05,2.032936983080095e-05
7733,1.8880977777320053e-05,2.147467160021352e-05,1.9390780233648173e-05,2.0328917781786475e-05
7734,1.8880514203747614e-05,2.1474153039583683e-05,1.9390147100323746e-05,2.032846668682886e-05
7735,1.8880051621533734e-05,2.1473635611045973e-05,1.938951519219915e-05,2.0328016545904155e-05
7736,1.887959003069341e-05,2.1473119314582888e-05,1.938888450962937e-05,2.0327567358978965e-05
7737,1.8879129431244683e-05,2.1472604150170664e-05,1.938825505296309e-05,2.032711912602556e-05
7738,1.8878669823210777e-05,2.1472090117791403e-05,1.938762682255343e-05,2.0326671847027418e-05
7739,1.887821120660812e-05,2.1471577217416647e-05,1.9386999818762965e-05,2.032622552194372e-05
7740,1.887775358145908e-05,2.147106544903974e-05,1.9386374041946427e-05,2.03257801507602e-05
7741,1.8877296947781223e-05,2.147055481263356e-05,1.938574949245766e-05,2.0325335733450263e-05
7742,1.8876841305596044e-05,2.147004530818148e-05,1.9385126170663647e-05,2.0324892269984085e-05
7743,1.887638665493074e-05,2.1469536935657395e-05,1.9384504076922272e-05,2.032444976034751e-05
7744,1.8875932995803115e-05,2.14690296950493e-05,1.9383883211595165e-05,2.0324008204508728e-05
7745,1.8875480328234172e-05,2.1468523586336666e-05,1.9383263575043014e-05,2.0323567602454125e-05
7746,1.8875028652249638e-05,2.1468018609497964e-05,1.938264516763687e-05,2.0323127954156414e-05
7747,1.8874577967874053e-05,2.1467514764514722e-05,1.9382027989740454e-05,2.032268925959618e-05
7748,1.8874128275130304e-05,2.146701205137024e-05,1.9381412041721255e-05,2.0322251518751864e-05
7749,1.8873679574044604e-05,2.1466510470048363e-05,1.9380797323948626e-05,2.0321814731609676e-05
7750,1.8873231864644137e-05,2.146601002052835e-05,1.9380183836792808e-05,2.032137889814469e-05
7751,1.8872785146952704e-05,2.1465510702788644e-05,1.937957158062661e-05,2.0320944018339453e-05
7752,1.8872339420996e-05,2.14650125168133e-05,1.9378960555823866e-05,2.0320510092177554e-05
7753,1.8871894686803077e-05,2.1464515462591888e-05,1.9378350762753356e-05,2.032007711964518e-05
7754,1.887145094440535e-05,2.146401954009466e-05,1.9377742201795866e-05,2.031964510072202e-05
7755,1.887100819382538e-05,2.1463524749316697e-05,1.9377134873330116e-05,2.031921403539307e-05
7756,1.8870566435095376e-05,2.146303109022902e-05,1.9376528777732425e-05,2.031878392364631e-05
7757,1.8870125668243448e-05,2.1462538562821332e-05,1.937592391538089e-05,2.0318354765463487e-05
7758,1.8869685893298177e-05,2.146204716707508e-05,1.9375320286658804e-05,2.031792656083161e-05
7759,1.8869247110294173e-05,2.1461556902971895e-05,1.9374717891949233e-05,2.0317499309742223e-05
7760,1.886880931926194e-05,2.146106777050238e-05,1.9374116731635982e-05,2.0317073012178835e-05
7761,1.88683725202306e-05,2.1460579769638834e-05,1.9373516806102334e-05,2.0316647668131735e-05
7762,1.8867936713234926e-05,2.1460092900373342e-05,1.937291811574131e-05,2.0316223277591186e-05
7763,1.8867501898307536e-05,2.1459607162687002e-05,1.937232066093355e-05,2.031579984054021e-05
7764,1.886706807548051e-05,2.1459122556562354e-05,1.9371724442072718e-05,2.0315377356979304e-05
7765,1.8866635244789715e-05,2.1458639081988576e-05,1.937112945955003e-05,2.0314955826895272e-05
7766,1.8866203406268986e-05,2.1458156738943798e-05,1.937053571375644e-05,2.0314535250278848e-05
7767,1.886577255995324e-05,2.1457675527416033e-05,1.936994320508789e-05,2.0314115627124953e-05
7768,1.8865342705877338e-05,2.1457195447387947e-05,1.9369351933936617e-05,2.031369695742729e-05
7769,1.8864913844081405e-05,2.145671649884737e-05,1.9368761900701334e-05,2.0313279241176633e-05
7770,1.886448597459842e-05,2.1456238681776884e-05,1.936817310577986e-05,2.031286247837336e-05
7771,1.886405909746817e-05,2.1455761996161255e-05,1.9367585549573638e-05,2.0312446669007884e-05
7772,1.8863633212727158e-05,2.1455286441988134e-05,1.9366999232480407e-05,2.0312031813081562e-05
7773,1.886320832041492e-05,2.145481201924241e-05,1.936641415490571e-05,2.031161791058461e-05
7774,1.8862784420570518e-05,2.145433872790467e-05,1.9365830317251053e-05,2.0311204961520635e-05
7775,1.8862361513232554e-05,2.145386656796596e-05,1.9365247719921377e-05,2.031079296588696e-05
7776,1.886193959844331e-05,2.1453395539411672e-05,1.9364666363325995e-05,2.0310381923681666e-05
7777,1.886151867624267e-05,2.1452925642227652e-05,1.9364086247870983e-05,2.0309971834905097e-05
7778,1.8861098746672116e-05,2.1452456876397975e-05,1.9363507373965644e-05,2.0309562699559336e-05
7779,1.8860679809775623e-05,2.1451989241909442e-05,1.936292974202363e-05,2.0309154517645046e-05
7780,1.8860261865591398e-05,2.1451522738750396e-05,1.9362353352457634e-05,2.0308747289163417e-05
7781,1.8859844914164834e-05,2.145105736690548e-05,1.936177820567823e-05,2.030834101412075e-05
7782,1.8859428955542873e-05,2.145059312636272e-05,1.9361204302103246e-05,2.0307935692517256e-05
7783,1.885901398976531e-05,2.145013001710849e-05,1.936063164215183e-05,2.0307531324360462e-05
7784,1.8858600016879265e-05,2.1449668039130254e-05,1.9360060226237637e-05,2.030712790965208e-05
7785,1.885818703692951e-05,2.144920719241233e-05,1.9359490054784867e-05,2.0306725448403438e-05
7786,1.8857775049962607e-05,2.1448747476946477e-05,1.9358921128213608e-05,2.0306323940615335e-05
7787,1.8857364056025854e-05,2.1448288892717327e-05,1.9358353446946475e-05,2.0305923386300574e-05
7788,1.8856954055163915e-05,2.144783143971438e-05,1.9357787011408918e-05,2.0305523785466517e-05
7789,1.8856545047427876e-05,2.1447375117922733e-05,1.9357221822027643e-05,2.0305125138121128e-05
7790,1.885613703286306e-05,2.144691992733118e-05,1.9356657879228446e-05,2.030472744427592e-05
7791,1.8855730011520832e-05,2.144646586793011e-05,1.9356095183440183e-05,2.03043307039408e-05
7792,1.885532398344938e-05,2.1446012939705477e-05,1.9355533735095732e-05,2.030393491712741e-05
7793,1.8854918948699307e-05,2.1445561142645634e-05,1.9354973534624147e-05,2.0303540083850105e-05
7794,1.885451490732196e-05,2.1445110476739457e-05,1.935441458246418e-05,2.030314620411908e-05
7795,1.8854111859366695e-05,2.1444660941974613e-05,1.9353856879046626e-05,2.0302753277950978e-05
7796,1.8853709804885946e-05,2.144421253834046e-05,1.9353300424810008e-05,2.0302361305360345e-05
7797,1.8853308743933838e-05,2.1443765265827742e-05,1.9352745220192874e-05,2.0301970286363074e-05
7798,1.885290867656102e-05,2.144331912442213e-05,1.9352191265634055e-05,2.030158022097506e-05
7799,1.8852509602822958e-05,2.144287411411404e-05,1.93516385615755e-05,2.030119110921488e-05
7800,1.8852111522771898e-05,2.144243023489326e-05,1.9351087108461904e-05,2.0300802951100505e-05
7801,1.8851714436463626e-05,2.1441987486747243e-05,1.935053690673709e-05,2.030041574664957e-05
7802,1.8851318343954106e-05,2.144154586966956e-05,1.9349987956846392e-05,2.0300029495885005e-05
7803,1.8850923245298447e-05,2.1441105383646613e-05,1.9349440259237704e-05,2.029964419882648e-05
7804,1.8850529140553474e-05,2.1440666028668152e-05,1.9348893814361163e-05,2.0299259855494253e-05
7805,1.8850136029774875e-05,2.144022780472559e-05,1.9348348622668577e-05,2.0298876465912733e-05
7806,1.8849743913021643e-05,2.1439790711807058e-05,1.9347804684612268e-05,2.0298494030105058e-05
7807,1.8849352790351174e-05,2.1439354749905008e-05,1.9347262000644924e-05,2.0298112548096393e-05
7808,1.884896266182301e-05,2.1438919919008262e-05,1.9346720571224966e-05,2.0297732019909707e-05
7809,1.8848573527496074e-05,2.1438486219107206e-05,1.9346180396808617e-05,2.0297352445573027e-05
7810,1.8848185387429966e-05,2.1438053650192657e-05,1.9345641477854175e-05,2.0296973825113407e-05
7811,1.884779824168566e-05,2.1437622212255733e-05,1.9345103814825106e-05,2.0296596158557263e-05
7812,1.8847412090323333e-05,2.1437191905286904e-05,1.9344567408181875e-05,2.0296219445935433e-05
7813,1.8847026933406115e-05,2.1436762729277624e-05,1.9344032258389038e-05,2.0295843687276595e-05
7814,1.884664277099527e-05,2.1436334684217904e-05,1.9343498365912273e-05,2.0295468882610704e-05
7815,1.8846259603153924e-05,2.1435907770099176e-05,1.9342965731220875e-05,2.0295095031970887e-05
7816,1.8845877429945466e-05,2.143548198691431e-05,1.9342434354780813e-05,2.029472213538862e-05
7817,1.884549625143295e-05,2.143505733465237e-05,1.934190423706738e-05,2.029435019289679e-05
7818,1.884511606768218e-05,2.1434633813306284e-05,1.934137537854901e-05,2.029397920453147e-05
7819,1.884473687875724e-05,2.1434211422866226e-05,1.934084777970236e-05,2.0293609170326213e-05
7820,1.884435868472436e-05,2.1433790163326855e-05,1.9340321441002418e-05,2.029324009031824e-05
7821,1.8843981485650432e-05,2.143337003467768e-05,1.933979636292741e-05,2.029287196454487e-05
7822,1.884360528160135e-05,2.143295103691188e-05,1.9339272545956004e-05,2.0292504793042868e-05
7823,1.884323007264407e-05,2.1432533170020335e-05,1.9338749990571532e-05,2.0292138575852512e-05
7824,1.8842855858847735e-05,2.143211643399741e-05,1.933822869725469e-05,2.029177331301347e-05
7825,1.8842482640280606e-05,2.143170082883341e-05,1.9337708666491532e-05,2.029140900456605e-05
7826,1.884211041701196e-05,2.1431286354522663e-05,1.9337189898767814e-05,2.0291045650553995e-05
7827,1.8841739189110893e-05,2.143087301105582e-05,1.9336672394571746e-05,2.0290683251018704e-05
7828,1.884136895664837e-05,2.143046079842702e-05,1.9336156154392913e-05,2.0290321806004042e-05
7829,1.8840999719694997e-05,2.143004971662923e-05,1.9335641178724457e-05,2.0289961315556247e-05
7830,1.8840631478322164e-05,2.142963976565431e-05,1.933512746805923e-05,2.0289601779720302e-05
7831,1.8840264232601503e-05,2.142923094549579e-05,1.9334615022892184e-05,2.0289243198542717e-05
7832,1.8839897982606697e-05,2.1428823256147903e-05,1.9334103843721526e-05,2.0288885572072114e-05
7833,1.883953272840951e-05,2.1428416697603887e-05,1.9333593931046095e-05,2.028852890035703e-05
7834,1.8839168470085234e-05,2.1428011269855294e-05,1.9333085285364904e-05,2.0288173183447617e-05
7835,1.883880520770651e-05,2.1427606972897738e-05,1.933257790718267e-05,2.02878184213948e-05
7836,1.8838442941350046e-05,2.14272038067233e-05,1.933207179700317e-05,2.0287464614250377e-05
7837,1.8838081671089997e-05,2.1426801771326768e-05,1.9331566955332564e-05,2.0287111762068178e-05
7838,1.8837721397002908e-05,2.1426400866702162e-05,1.933106338268037e-05,2.0286759864900482e-05
7839,1.883736211916499e-05,2.1426001092842106e-05,1.9330561079554182e-05,2.028640892280396e-05
7840,1.8837003837653722e-05,2.1425602449741978e-05,1.933006004646818e-05,2.028605893583414e-05
7841,1.8836646552547213e-05,2.1425204937395686e-05,1.932956028393534e-05,2.0285709904048283e-05
7842,1.8836290263922375e-05,2.1424808555797938e-05,1.9329061792471792e-05,2.0285361827504952e-05
7843,1.8835934971860094e-05,2.1424413304942124e-05,1.9328564572594836e-05,2.028501470626316e-05
7844,1.883558067643855e-05,2.14240191848235e-05,1.9328068624824453e-05,2.0284668540383624e-05
7845,1.8835227377737696e-05,2.1423626195436797e-05,1.9327573949681842e-05,2.0284323329927577e-05
7846,1.8834875075838644e-05,2.142323433677589e-05,1.9327080547690757e-05,2.0283979074957388e-05
7847,1.8834523770822154e-05,2.1422843608836456e-05,1.932658841937637e-05,2.0283635775536993e-05
7848,1.883417346277062e-05,2.142245401161333e-05,1.9326097565266173e-05,2.028329343173137e-05
7849,1.8833824151765466e-05,2.1422065545101955e-05,1.932560798589005e-05,2.028295204360569e-05
7850,1.8833475837890186e-05,2.1421678209296334e-05,1.9325119681778497e-05,2.0282611611227806e-05
7851,1.8833128521227664e-05,2.1421292004192622e-05,1.9324632653464196e-05,2.0282272134665446e-05
7852,1.8832782201862206e-05,2.1420906929786165e-05,1.9324146901484917e-05,2.0281933613987183e-05
7853,1.8832436879878186e-05,2.142052298607193e-05,1.932366242637609e-05,2.0281596049263746e-05
7854,1.8832092555360818e-05,2.1420140173045715e-05,1.9323179228677683e-05,2.028125944056825e-05
7855,1.8831749228396107e-05,2.1419758490703384e-05,1.9322697308930147e-05,2.028092378797078e-05
7856,1.8831406899069197e-05,2.1419377939040845e-05,1.9322216667678928e-05,2.028058909154598e-05
7857,1.8831065567467833e-05,2.1418998518052588e-05,1.9321737305467758e-05,2.028025535136983e-05
7858,1.883072523367889e-05,2.141862022773675e-05,1.932125922284531e-05,2.0279922567517054e-05
7859,1.8830385897790574e-05,2.1418243068087414e-05,1.932078242036059e-05,2.027959074006561e-05
7860,1.883004755989124e-05,2.1417867039101982e-05,1.9320306898565732e-05,2.0279259869093485e-05
7861,1.882971022006948e-05,2.141749214077614e-05,1.9319832658014616e-05,2.0278929954680897e-05
7862,1.882937387841569e-05,2.141711837310639e-05,1.9319359699263196e-05,2.0278600996908217e-05
7863,1.882903853501897e-05,2.1416745736089586e-05,1.9318888022869154e-05,2.0278272995857448e-05
7864,1.8828704189970604e-05,2.141637422972085e-05,1.9318417629393785e-05,2.0277945951611864e-05
7865,1.8828370843361333e-05,2.141600385399838e-05,1.9317948519398494e-05,2.0277619864255857e-05
7866,1.8828038495284e-05,2.141563460891821e-05,1.93174806934485e-05,2.0277294733875173e-05
7867,1.882770714582921e-05,2.141526649447704e-05,1.931701415211036e-05,2.027697056055598e-05
7868,1.8827376795091443e-05,2.141489951067202e-05,1.9316548895952754e-05,2.027664734438711e-05
7869,1.8827047443162806e-05,2.1414533657499578e-05,1.9316084925547724e-05,2.027632508545812e-05
7870,1.8826719090138267e-05,2.1414168934957967e-05,1.9315622241467743e-05,2.0276003783858362e-05
7871,1.8826391736111278e-05,2.141380534304321e-05,1.931516084428914e-05,2.027568343968011e-05
7872,1.8826065381177552e-05,2.1413442881753213e-05,1.9314700734589303e-05,2.0275364053016745e-05
7873,1.882574002543265e-05,2.1413081551085176e-05,1.9314241912948612e-05,2.027504562396234e-05
7874,1.8825415668972353e-05,2.141272135103631e-05,1.9313784379949857e-05,2.027472815261253e-05
7875,1.8825092311893207e-05,2.1412362281603813e-05,1.9313328136177223e-05,2.0274411639064228e-05
7876,1.8824769954293066e-05,2.1412004342786135e-05,1.9312873182218273e-05,2.0274096083415004e-05
7877,1.8824448596268925e-05,2.141164753458103e-05,1.9312419518661086e-05,2.027378148576446e-05
7878,1.8824128237919095e-05,2.141129185698513e-05,1.9311967146098794e-05,2.027346784621337e-05
7879,1.882380887934249e-05,2.1410937309997138e-05,1.9311516065124796e-05,2.0273155164864058e-05
7880,1.882349052063848e-05,2.1410583893614824e-05,1.9311066276335282e-05,2.0272843441819274e-05
7881,1.8823173161906783e-05,2.1410231607836174e-05,1.931061778032945e-05,2.0272532677184204e-05
7882,1.882285680324786e-05,2.1409880452659488e-05,1.9310170577708096e-05,2.027222287106454e-05
7883,1.8822541444762435e-05,2.140953042808257e-05,1.9309724669075657e-05,2.0271914023567597e-05
7884,1.8822227086552132e-05,2.140918153410502e-05,1.9309280055036596e-05,2.0271606134801503e-05
7885,1.8821913728717924e-05,2.1408833770723076e-05,1.9308836736200755e-05,2.0271299204876566e-05
7886,1.882160137136354e-05,2.140848713793608e-05,1.930839471317748e-05,2.027099323390441e-05
7887,1.8821290014591672e-05,2.1408141635743287e-05,1.9307953986581344e-05,2.027068822199714e-05
7888,1.882097965850514e-05,2.1407797264142295e-05,1.930751455702819e-05,2.027038416926918e-05
7889,1.8820670303208246e-05,2.1407454023132635e-05,1.9307076425135846e-05,2.027008107583616e-05
7890,1.8820361948805562e-05,2.1407111912711825e-05,1.930663959152526e-05,2.026977894181373e-05
7891,1.8820054595402122e-05,2.1406770932879677e-05,1.9306204056819915e-05,2.0269477767320886e-05
7892,1.881974824310335e-05,2.1406431083635054e-05,1.9305769821645434e-05,2.0269177552477703e-05
7893,1.881944289201513e-05,2.1406092364976536e-05,1.93053368866305e-05,2.0268878297404044e-05
7894,1.881913854224425e-05,2.1405754776903625e-05,1.930490525240673e-05,2.026858000222332e-05
7895,1.881883519389752e-05,2.1405418319415056e-05,1.9304474919606896e-05,2.026828266705795e-05
7896,1.8818532847082316e-05,2.1405082992509982e-05,1.9304045888867982e-05,2.026798629203435e-05
7897,1.8818231501907e-05,2.1404748796187833e-05,1.9303618160828272e-05,2.0267690877278795e-05
7898,1.881793115847987e-05,2.1404415730448615e-05,1.930319173613029e-05,2.0267396422919008e-05
7899,1.881763181691027e-05,2.1404083795290257e-05,1.9302766615417437e-05,2.0267102929085334e-05
7900,1.8817333477307244e-05,2.140375299071343e-05,1.930234279933725e-05,2.02668103959079e-05
7901,1.8817036139780902e-05,2.1403423316717676e-05,1.93019202885392e-05,2.026651882351981e-05
7902,1.8816739804441992e-05,2.140309477330199e-05,1.930149908367543e-05,2.0266228212054193e-05
7903,1.8816444471400725e-05,2.140276736046641e-05,1.9301079185401465e-05,2.026593856164665e-05
7904,1.881615014076957e-05,2.1402441078210427e-05,1.9300660594374885e-05,2.0265649872434234e-05
7905,1.8815856812659758e-05,2.1402115926534657e-05,1.9300243311256913e-05,2.0265362144556066e-05
7906,1.8815564487183845e-05,2.1401791905438042e-05,1.9299827336710625e-05,2.0265075378150194e-05
7907,1.8815273164454485e-05,2.1401469014920994e-05,1.9299412671402248e-05,2.0264789573359414e-05
7908,1.881498284458527e-05,2.1401147254983662e-05,1.9298999316000982e-05,2.0264504730325932e-05
7909,1.881469352769001e-05,2.140082662562674e-05,1.9298587271178997e-05,2.0264220849194463e-05
7910,1.88144052138828e-05,2.1400507126848763e-05,1.9298176537611238e-05,2.026393793011027e-05
7911,1.8814117903278452e-05,2.1400188758651113e-05,1.9297767115975266e-05,2.0263655973221406e-05
7912,1.8813831595992074e-05,2.1399871521033932e-05,1.9297359006952098e-05,2.0263374978676506e-05
7913,1.8813546292139557e-05,2.139955541399753e-05,1.9296952211225057e-05,2.026309494662611e-05
7914,1.881326199183663e-05,2.1399240437542224e-05,1.9296546729480993e-05,2.0262815877222678e-05
7915,1.881297869520027e-05,2.1398926591668974e-05,1.9296142562409648e-05,2.0262537770619336e-05
7916,1.8812696402347175e-05,2.1398613876377473e-05,1.9295739710703207e-05,2.026226062697066e-05
7917,1.8812415113394802e-05,2.1398302291668975e-05,1.9295338175057856e-05,2.0261984446435023e-05
7918,1.881213482846122e-05,2.1397991837544003e-05,1.9294937956171623e-05,2.026170922916992e-05
7919,1.8811855547664377e-05,2.13976825140037e-05,1.9294539054746595e-05,2.0261434975334517e-05
7920,1.8811577271123813e-05,2.1397374321047708e-05,1.9294141471487857e-05,2.0261161685091786e-05
7921,1.8811299998957645e-05,2.1397067258678246e-05,1.9293745207103077e-05,2.026088935860373e-05
7922,1.881102373128635e-05,2.1396761326895396e-05,1.9293350262303133e-05,2.026061799603571e-05
7923,1.881074846822977e-05,2.1396456525700225e-05,1.9292956637802385e-05,2.0260347597553564e-05
7924,1.8810474209908382e-05,2.1396152855093627e-05,1.9292564334318287e-05,2.0260078163326288e-05
7925,1.8810200956442663e-05,2.1395850315076974e-05,1.9292173352572027e-05,2.0259809693521937e-05
7926,1.880992870795462e-05,2.1395548905651276e-05,1.9291783693286324e-05,2.025954218831292e-05
7927,1.8809657464565726e-05,2.1395248626818095e-05,1.929139535718911e-05,2.0259275647871946e-05
7928,1.880938722639768e-05,2.139494947857774e-05,1.9291008345010167e-05,2.0259010072373268e-05
7929,1.8809117993573543e-05,2.139465146093298e-05,1.9290622657483082e-05,2.0258745461992877e-05
7930,1.880884976621613e-05,2.139435457388314e-05,1.9290238295345367e-05,2.0258481816909407e-05
7931,1.880858254444879e-05,2.1394058817431603e-05,1.9289855259336874e-05,2.025821913730193e-05
7932,1.880831632839575e-05,2.1393764191579337e-05,1.9289473550201254e-05,2.02579574233517e-05
7933,1.880805111818041e-05,2.1393470696326567e-05,1.928909316868592e-05,2.0257696675241316e-05
7934,1.8807786913927023e-05,2.1393178331676215e-05,1.9288714115540575e-05,2.0257436893156197e-05
7935,1.8807523715761904e-05,2.1392887097629208e-05,1.9288336391520138e-05,2.0257178077281714e-05
7936,1.880726152380911e-05,2.1392596994187468e-05,1.928795999738057e-05,2.025692022780652e-05
7937,1.8807000338194494e-05,2.1392308021353006e-05,1.928758493388362e-05,2.0256663344919688e-05
7938,1.8806740159044585e-05,2.1392020179127054e-05,1.9287211201793247e-05,2.0256407428813242e-05
7939,1.8806480986485787e-05,2.1391733467511918e-05,1.92868388018772e-05,2.025615247968029e-05
7940,1.8806222820644025e-05,2.1391447886508994e-05,1.928646773490713e-05,2.0255898497715e-05
7941,1.8805965661647525e-05,2.1391163436120278e-05,1.928609800165848e-05,2.0255645483114992e-05
7942,1.880570950962328e-05,2.139088011634762e-05,1.928572960290864e-05,2.025539343607798e-05
7943,1.8805454364699037e-05,2.1390597927193343e-05,1.9285362539439823e-05,2.0255142356804216e-05
7944,1.880520022700286e-05,2.1390316868659174e-05,1.9284996812038918e-05,2.0254892245495362e-05
7945,1.8804947096663893e-05,2.1390036940747316e-05,1.9284632421494507e-05,2.025464310235509e-05
7946,1.880469497381067e-05,2.138975814345999e-05,1.9284269368600773e-05,2.0254394927589305e-05
7947,1.880444385857259e-05,2.1389480476799347e-05,1.9283907654153495e-05,2.0254147721404163e-05
7948,1.8804193751078747e-05,2.1389203940767253e-05,1.9283547278954554e-05,2.0253901484009594e-05
7949,1.8803944651459967e-05,2.138892853536656e-05,1.9283188243807845e-05,2.02536562156158e-05
7950,1.8803696559845258e-05,2.138865426059922e-05,1.9282830549520664e-05,2.0253411916435684e-05
7951,1.8803449476366062e-05,2.138838111646711e-05,1.9282474196907506e-05,2.0253168586682507e-05
7952,1.880320340115288e-05,2.1388109102973708e-05,1.928211918678212e-05,2.0252926226573333e-05
7953,1.880295833433665e-05,2.138783822012056e-05,1.928176551996541e-05,2.0252684836325786e-05
7954,1.880271427604942e-05,2.1387568467910017e-05,1.928141319728127e-05,2.0252444416159166e-05
7955,1.8802471226422307e-05,2.1387299846345348e-05,1.9281062219557117e-05,2.025220496629593e-05
7956,1.880222918558803e-05,2.138703235542885e-05,1.928071258762438e-05,2.0251966486957983e-05
7957,1.8801988153677995e-05,2.1386765995162348e-05,1.9280364302319524e-05,2.0251728978371594e-05
7958,1.880174813082593e-05,2.13865007655493e-05,1.9280017364481392e-05,2.0251492440763656e-05
7959,1.8801509117164065e-05,2.138623666659192e-05,1.9279671774954298e-05,2.0251256874362255e-05
7960,1.8801271112825496e-05,2.1385973698293427e-05,1.927932753458589e-05,2.025102227939829e-05
7961,1.8801034117944088e-05,2.1385711860656003e-05,1.927898464422783e-05,2.0250788656104806e-05
7962,1.8800798132653006e-05,2.138545115368203e-05,1.9278643104736837e-05,2.0250556004715614e-05
7963,1.8800563157087054e-05,2.1385191577375206e-05,1.9278302916972106e-05,2.025032432546687e-05
7964,1.8800329191380013e-05,2.1384933131738224e-05,1.92779640817988e-05,2.025009361859638e-05
7965,1.8800096235666208e-05,2.1384675816773102e-05,1.9277626600084687e-05,2.0249863884344196e-05
7966,1.879986429008074e-05,2.138441963248381e-05,1.927729047270373e-05,2.0249635122952622e-05
7967,1.8799633354758028e-05,2.138416457887238e-05,1.9276955700532455e-05,2.0249407334664105e-05
7968,1.8799403429833852e-05,2.138391065594212e-05,1.9276622284451534e-05,2.024918051972477e-05
7969,1.8799174515443438e-05,2.1383657863696e-05,1.9276290225347325e-05,2.0248954678381467e-05
7970,1.8798946611722153e-05,2.1383406202137327e-05,1.927595952410956e-05,2.024872981088386e-05
7971,1.879871971880623e-05,2.1383155671269026e-05,1.9275630181632742e-05,2.0248505917482698e-05
7972,1.879849383683181e-05,2.13829062710935e-05,1.9275302198815913e-05,2.024828299843098e-05
7973,1.8798268965935046e-05,2.1382658001614217e-05,1.9274975576561367e-05,2.0248061053983226e-05
7974,1.8798045106252082e-05,2.1382410862834897e-05,1.9274650315776753e-05,2.024784008439644e-05
7975,1.879782225792023e-05,2.138216485475811e-05,1.9274326417375895e-05,2.024762008992863e-05
7976,1.8797600421076112e-05,2.1381919977387257e-05,1.927400388227303e-05,2.0247401070841016e-05
7977,1.879737959585664e-05,2.1381676230725486e-05,1.92736827113902e-05,2.0247183027395056e-05
7978,1.8797159782399415e-05,2.138143361477588e-05,1.9273362905653265e-05,2.0246965959855153e-05
7979,1.879694098084133e-05,2.13811921295419e-05,1.9273044465992073e-05,2.024674986848755e-05
7980,1.8796723191320398e-05,2.1380951775026887e-05,1.9272727393342056e-05,2.0246534753560168e-05
7981,1.8796506413974253e-05,2.138071255123392e-05,1.9272411688641657e-05,2.0246320615342834e-05
7982,1.8796290648940443e-05,2.1380474458166913e-05,1.9272097352835555e-05,2.0246107454106213e-05
7983,1.879607589635727e-05,2.1380237495828185e-05,1.9271784386872565e-05,2.024589527012537e-05
7984,1.8795862156363234e-05,2.1380001664221975e-05,1.9271472791705802e-05,2.0245684063675066e-05
7985,1.879564942909638e-05,2.137976696335154e-05,1.9271162568293455e-05,2.024547383503232e-05
7986,1.879543771469506e-05,2.1379533393220017e-05,1.927085371759894e-05,2.0245264584477232e-05
7987,1.879522701329736e-05,2.137930095383144e-05,1.927054624058899e-05,2.0245056312289857e-05
7988,1.879501732504312e-05,2.1379069645188433e-05,1.927024013823732e-05,2.0244849018753635e-05
7989,1.879480865007031e-05,2.1378839467295195e-05,1.9269935411519725e-05,2.0244642704153703e-05
7990,1.8794600988517815e-05,2.137861042015521e-05,1.9269632061419894e-05,2.0244437368776292e-05
7991,1.8794394340524766e-05,2.1378382503771496e-05,1.926933008892348e-05,2.0244233012910126e-05
7992,1.8794188706230695e-05,2.1378155718148033e-05,1.9269029495022975e-05,2.0244029636845635e-05
7993,1.879398408577412e-05,2.1377930063287984e-05,1.9268730280715676e-05,2.0243827240875094e-05
7994,1.8793780479294886e-05,2.1377705539195703e-05,1.926843244700243e-05,2.0243625825292758e-05
7995,1.8793577886931546e-05,2.137748214587384e-05,1.9268135994890194e-05,2.0243425390394807e-05
7996,1.8793376308823967e-05,2.1377259883326727e-05,1.9267840925390483e-05,2.024322593647886e-05
7997,1.879317574511152e-05,2.1377038751558168e-05,1.9267547239520446e-05,2.024302746384471e-05
7998,1.8792976195933658e-05,2.1376818750570725e-05,1.9267254938300688e-05,2.024282997279405e-05
7999,1.8792777661430062e-05,2.137659988036872e-05,1.92669640227595e-05,2.024263346363036e-05
8000,1.8792580141739687e-05,2.1376382140956455e-05,1.926667449392723e-05,2.0242437936658712e-05
8001,1.879238363700302e-05,2.1376165532337332e-05,1.926638635284093e-05,2.024224339218631e-05
8002,1.8792188147359247e-05,2.137595005451398e-05,1.926609960054259e-05,2.0242049830521688e-05
8003,1.879199367294747e-05,2.1375735707491315e-05,1.92658142380794e-05,2.0241857251976658e-05
8004,1.8791800213908273e-05,2.1375522491273257e-05,1.9265530266502985e-05,2.0241665656862494e-05
8005,1.8791607770380257e-05,2.1375310405862358e-05,1.926524768687123e-05,2.0241475045494266e-05
8006,1.879141634250411e-05,2.1375099451263042e-05,1.926496650024542e-05,2.0241285418187845e-05
8007,1.8791225930418817e-05,2.137488962747936e-05,1.926468670769396e-05,2.0241096775261315e-05
8008,1.879103653426421e-05,2.1374680934514912e-05,1.9264408310289886e-05,2.0240909117034677e-05
8009,1.8790848154179537e-05,2.1374473372373308e-05,1.9264131309110284e-05,2.024072244382866e-05
8010,1.8790660790304576e-05,2.137426694105869e-05,1.926385570523835e-05,2.0240536755966923e-05
8011,1.8790474442778966e-05,2.1374061640574483e-05,1.9263581499762572e-05,2.0240352053775176e-05
8012,1.8790289111741764e-05,2.1373857470924743e-05,1.9263308693776763e-05,2.024016833757933e-05
8013,1.8790104797332163e-05,2.137365443211314e-05,1.926303728837889e-05,2.0239985607707944e-05
8014,1.8789921499690003e-05,2.1373452524143917e-05,1.926276728467368e-05,2.0239803864491008e-05
8015,1.878973921895449e-05,2.1373251747020664e-05,1.926249868376982e-05,2.0239623108261437e-05
8016,1.878955795526433e-05,2.1373052100746904e-05,1.926223148678218e-05,2.0239443339351908e-05
8017,1.878937770875913e-05,2.1372853585327246e-05,1.9261965694830936e-05,2.02392645580985e-05
8018,1.8789198479576977e-05,2.1372656200764812e-05,1.9261701309040274e-05,2.0239086764837753e-05
8019,1.878902026785787e-05,2.1372459947064262e-05,1.9261438330540725e-05,2.02389099599081e-05
8020,1.87888430737399e-05,2.1372264824228754e-05,1.926117676046779e-05,2.023873414365054e-05
8021,1.8788666897361777e-05,2.1372070832262756e-05,1.92609165999626e-05,2.0238559316406753e-05
8022,1.878849173886173e-05,2.13718779711697e-05,1.9260657850171237e-05,2.0238385478520013e-05
8023,1.8788317598378468e-05,2.1371686240953835e-05,1.92604005122448e-05,2.0238212630335978e-05
8024,1.878814447605044e-05,2.1371495641618943e-05,1.9260144587340248e-05,2.023804077220074e-05
8025,1.8787972372015167e-05,2.1371306173169384e-05,1.9259890076618664e-05,2.023786990446325e-05
8026,1.878780128641055e-05,2.1371117835607895e-05,1.925963698124829e-05,2.023770002747387e-05
8027,1.8787631219374673e-05,2.137093062893911e-05,1.9259385302401173e-05,2.023753114158298e-05
8028,1.8787462171045095e-05,2.137074455316691e-05,1.9259135041254434e-05,2.023736324714418e-05
8029,1.878729414155903e-05,2.137055960829572e-05,1.925888619899138e-05,2.0237196344512497e-05
8030,1.87871271310537e-05,2.1370375794329036e-05,1.9258638776800465e-05,2.0237030434042696e-05
8031,1.8786961139665882e-05,2.1370193111270183e-05,1.9258392775874316e-05,2.023686551609322e-05
8032,1.878679616753272e-05,2.137001155912403e-05,1.9258148197411944e-05,2.023670159102298e-05
8033,1.8786632214790352e-05,2.1369831137894194e-05,1.9257905042617166e-05,2.0236538659191427e-05
8034,1.8786469281575384e-05,2.136965184758454e-05,1.925766331269772e-05,2.0236376720961464e-05
8035,1.878630736802422e-05,2.1369473688198263e-05,1.9257423008869068e-05,2.0236215776695496e-05
8036,1.8786146474271913e-05,2.1369296659740398e-05,1.9257184132349486e-05,2.0236055826758524e-05
8037,1.878598660045459e-05,2.1369120762214486e-05,1.92569466843631e-05,2.023589687151577e-05
8038,1.8785827746707325e-05,2.1368945995624103e-05,1.9256710666139804e-05,2.023573891133554e-05
8039,1.8785669913165445e-05,2.1368772359973903e-05,1.925647607891302e-05,2.023558194658561e-05
8040,1.8785513099963725e-05,2.136859985526717e-05,1.9256242923923168e-05,2.0235425977635268e-05
8041,1.878535730723636e-05,2.136842848150801e-05,1.925601120241441e-05,2.023527100485702e-05
8042,1.8785202535118238e-05,2.136825823869996e-05,1.925578091563525e-05,2.0235117028621997e-05
8043,1.8785048783742037e-05,2.136808912684769e-05,1.9255552064841166e-05,2.0234964049303233e-05
8044,1.8784896053242685e-05,2.13679211459542e-05,1.9255324651290163e-05,2.0234812067276863e-05
8045,1.8784744343752855e-05,2.136775429602396e-05,1.9255098676245934e-05,2.0234661082917534e-05
8046,1.8784593655405327e-05,2.136758857706049e-05,1.925487414097899e-05,2.023451109660282e-05
8047,1.878444398833304e-05,2.1367423989068197e-05,1.925465104676125e-05,2.023436210871036e-05
8048,1.878429534266802e-05,2.1367260532051022e-05,1.9254429394871472e-05,2.023421411961902e-05
8049,1.8784147718542475e-05,2.1367098206011578e-05,1.925420918659266e-05,2.02340671297096e-05
8050,1.8784001116087737e-05,2.1366937010954547e-05,1.9253990423212655e-05,2.02339211393624e-05
8051,1.878385553543534e-05,2.1366776946884116e-05,1.9253773106022746e-05,2.0233776148960075e-05
8052,1.878371097671532e-05,2.136661801380395e-05,1.925355723632052e-05,2.0233632158885247e-05
8053,1.878356744005908e-05,2.136646021171781e-05,1.925334281540607e-05,2.02334891695224e-05
8054,1.878342492559577e-05,2.1366303540629337e-05,1.9253129844585655e-05,2.023334718125571e-05
8055,1.8783283433455403e-05,2.1366148000542233e-05,1.92529183251686e-05,2.023320619447118e-05
8056,1.878314296376709e-05,2.136599359146057e-05,1.925270825846925e-05,2.0233066209555373e-05
8057,1.8783003516660175e-05,2.136584031338784e-05,1.9252499645805474e-05,2.023292722689498e-05
8058,1.8782865092261855e-05,2.1365688166327992e-05,1.925229248850007e-05,2.023278924687886e-05
8059,1.8782727690700805e-05,2.1365537150285348e-05,1.925208678787913e-05,2.0232652269895477e-05
8060,1.878259131210429e-05,2.1365387265263057e-05,1.9251882545272837e-05,2.0232516296332996e-05
8061,1.8782455956599426e-05,2.1365238511265107e-05,1.9251679762015884e-05,2.0232381326583095e-05
8062,1.8782321624312538e-05,2.1365090888294957e-05,1.9251478439446328e-05,2.0232247361034513e-05
8063,1.8782188315369816e-05,2.136494439635612e-05,1.9251278578905616e-05,2.0232114400080072e-05
8064,1.878205602989654e-05,2.1364799035453292e-05,1.9251080181739695e-05,2.023198244411086e-05
8065,1.878192476801826e-05,2.1364654805589275e-05,1.925088324929665e-05,2.023185149351838e-05
8066,1.8781794529859103e-05,2.1364511706768142e-05,1.9250687782929527e-05,2.023172154869626e-05
8067,1.8781665315542976e-05,2.136436973899361e-05,1.9250493783993854e-05,2.023159261003657e-05
8068,1.878153712519415e-05,2.1364228902268946e-05,1.9250301253848653e-05,2.0231464677932793e-05
8069,1.87814099589349e-05,2.1364089196598005e-05,1.9250110193855834e-05,2.0231337752778453e-05
8070,1.878128381688796e-05,2.136395062198439e-05,1.9249920605380913e-05,2.02312118349676e-05
8071,1.8781158699174907e-05,2.136381317843203e-05,1.9249732489791134e-05,2.0231086924894044e-05
8072,1.8781034605918024e-05,2.1363676865944233e-05,1.9249545848458174e-05,2.023096302295228e-05
8073,1.8780911537236737e-05,2.1363541684524698e-05,1.924936068275478e-05,2.0230840129536575e-05
8074,1.8780789493252498e-05,2.1363407634176836e-05,1.924917699405704e-05,2.0230718245041406e-05
8075,1.8780668474084053e-05,2.136327471490404e-05,1.9248994783744267e-05,2.023059736986156e-05
8076,1.8780548479850777e-05,2.1363142926710264e-05,1.924881405319575e-05,2.0230477504390982e-05
8077,1.8780429510671227e-05,2.1363012269598808e-05,1.9248634803795975e-05,2.0230358649023865e-05
8078,1.878031156666306e-05,2.1362882743573354e-05,1.9248457036928207e-05,2.023024080415562e-05
8079,1.8780194647943095e-05,2.1362754348637164e-05,1.9248280753980437e-05,2.0230123970179555e-05
8080,1.878007875462894e-05,2.1362627084793793e-05,1.9248105956340516e-05,2.023000814748972e-05
8081,1.8779963886835437e-05,2.1362500952046673e-05,1.924793264539863e-05,2.0229893336479876e-05
8082,1.8779850044678338e-05,2.1362375950399047e-05,1.9247760822546678e-05,2.0229779537543564e-05
8083,1.8779737228272296e-05,2.136225207985444e-05,1.9247590489177002e-05,2.0229666751074188e-05
8084,1.8779625437731337e-05,2.1362129340416818e-05,1.9247421646683437e-05,2.0229554977463652e-05
8085,1.8779514673168783e-05,2.136200773208888e-05,1.924725429646097e-05,2.0229444217104414e-05
8086,1.8779404934697153e-05,2.1361887254873942e-05,1.9247088439904807e-05,2.0229334470387993e-05
8087,1.877929622242801e-05,2.1361767908775814e-05,1.9246924078411777e-05,2.0229225737705508e-05
8088,1.877918853647338e-05,2.136164969379734e-05,1.9246761213378018e-05,2.0229118019447397e-05
8089,1.8779081876943204e-05,2.1361532609941472e-05,1.9246599846200334e-05,2.0229011316003946e-05
8090,1.8778976243947625e-05,2.1361416657213015e-05,1.9246439978276236e-05,2.022890562776352e-05
8091,1.877887163759514e-05,2.1361301835613975e-05,1.924628161100117e-05,2.0228800955114926e-05
8092,1.8778768057994645e-05,2.136118814514746e-05,1.9246124745773605e-05,2.0228697298444714e-05
8093,1.8778665505253565e-05,2.1361075585816917e-05,1.924596938398748e-05,2.0228594658140258e-05
8094,1.8778563979479107e-05,2.136096415762595e-05,1.9245815527039467e-05,2.0228493034587044e-05
8095,1.8778463480777028e-05,2.136085386057721e-05,1.9245663176322766e-05,2.0228392428168147e-05
8096,1.8778364009252718e-05,2.136074469467387e-05,1.924551233323102e-05,2.0228292839269184e-05
8097,1.8778265565010638e-05,2.1360636659919814e-05,1.924536299915584e-05,2.022819426827099e-05
8098,1.8778168148154833e-05,2.1360529756316568e-05,1.9245215175487836e-05,2.0228096715554914e-05
8099,1.8778071758788174e-05,2.136042398386922e-05,1.9245068863614975e-05,2.0228000181501132e-05
8100,1.8777976397012775e-05,2.1360319342578936e-05,1.9244924064924203e-05,2.0227904666487665e-05
8101,1.8777882062930153e-05,2.136021583244958e-05,1.9244780780799397e-05,2.0227810170892116e-05
8102,1.8777788756640704e-05,2.1360113453484348e-05,1.924463901262204e-05,2.022771669508952e-05
8103,1.8777696478244266e-05,2.1360012205685605e-05,1.924449876177134e-05,2.0227624239454606e-05
8104,1.8777605227840145e-05,2.135991208905754e-05,1.9244360029623946e-05,2.0227532804359797e-05
8105,1.8777515005525605e-05,2.1359813103601058e-05,1.9244222817551964e-05,2.0227442390176204e-05
8106,1.877742581139865e-05,2.135971524932098e-05,1.9244087126925104e-05,2.0227352997273154e-05
8107,1.8777337645554934e-05,2.1359618526219192e-05,1.92439529591093e-05,2.0227264626017796e-05
8108,1.8777250508090745e-05,2.135952293429857e-05,1.9243820315466425e-05,2.022717727677664e-05
8109,1.8777164399099914e-05,2.135942847356191e-05,1.9243689197353564e-05,2.0227090949912482e-05
8110,1.8777079318676667e-05,2.1359335144012223e-05,1.9243559606124804e-05,2.022700564578834e-05
8111,1.8776995266913908e-05,2.1359242945652186e-05,1.9243431543128003e-05,2.0226921364763377e-05
8112,1.8776912243903594e-05,2.1359151878484442e-05,1.924330500970628e-05,2.022683810719505e-05
8113,1.8776830249736512e-05,2.1359061942512192e-05,1.9243180007198663e-05,2.022675587343958e-05
8114,1.877674928450311e-05,2.1358973137737325e-05,1.9243056536937118e-05,2.0226674663850752e-05
8115,1.8776669348292465e-05,2.135888546416297e-05,1.9242934600248934e-05,2.0226594478779238e-05
8116,1.8776590441192843e-05,2.1358798921791703e-05,1.924281419845476e-05,2.02265153185743e-05
8117,1.877651256329145e-05,2.135871351062626e-05,1.924269533286887e-05,2.022643718358214e-05
8118,1.8776435714675014e-05,2.135862923066872e-05,1.9242578004798964e-05,2.0226360074146348e-05
8119,1.877635989542945e-05,2.1358546081922162e-05,1.9242462215545813e-05,2.0226283990609494e-05
8120,1.8776285105638047e-05,2.1358464064389304e-05,1.924234796640364e-05,2.0226208933309648e-05
8121,1.877621134538589e-05,2.1358383178071546e-05,1.9242235258656705e-05,2.0226134902583264e-05
8122,1.8776138614754225e-05,2.135830342297247e-05,1.924212409358478e-05,2.0226061898763905e-05
8123,1.877606691382536e-05,2.1358224799093465e-05,1.9242014472457453e-05,2.0225989922182194e-05
8124,1.8775996242679636e-05,2.1358147306438163e-05,1.924190639653549e-05,2.0225918973166373e-05
8125,1.877592660139685e-05,2.1358070945007902e-05,1.924179986707268e-05,2.0225849052040762e-05
8126,1.877585799005583e-05,2.13579957148056e-05,1.924169488531287e-05,2.022578015912767e-05
8127,1.8775790408733885e-05,2.1357921615833155e-05,1.924159145248972e-05,2.022571229474598e-05
8128,1.877572385750806e-05,2.135784864809296e-05,1.9241489569828065e-05,2.022564545921129e-05
8129,1.8775658336453246e-05,2.1357776811587056e-05,1.9241389238543155e-05,2.0225579652836872e-05
8130,1.8775593845644756e-05,2.1357706106318275e-05,1.9241290459839866e-05,2.0225514875931004e-05
8131,1.8775530385155763e-05,2.1357636532288598e-05,1.92411932349112e-05,2.0225451128800173e-05
8132,1.877546795505874e-05,2.1357568089499727e-05,1.924109756494115e-05,2.022538841174796e-05
8133,1.8775406555425534e-05,2.1357500777954022e-05,1.9241003451100904e-05,2.022532672507239e-05
8134,1.877534618632602e-05,2.1357434597653305e-05,1.9240910894551202e-05,2.022526606906954e-05
8135,1.8775286847830068e-05,2.135736954860072e-05,1.9240819896439873e-05,2.0225206444031856e-05
8136,1.8775228540005353e-05,2.1357305630796684e-05,1.9240730457904025e-05,2.0225147850247677e-05
8137,1.8775171262919623e-05,2.1357242844244916e-05,1.9240642580066538e-05,2.0225090288002617e-05
8138,1.877511501663899e-05,2.1357181188946167e-05,1.924055626403937e-05,2.0225033757576656e-05
8139,1.8775059801228564e-05,2.135712066490249e-05,1.924047151092037e-05,2.022497825924751e-05
8140,1.8775005616751793e-05,2.1357061272115866e-05,1.924038832179358e-05,2.02249237932888e-05
8141,1.8774952463271983e-05,2.135700301058839e-05,1.924030669773025e-05,2.0224870359969803e-05
8142,1.8774900340850983e-05,2.1356945880321707e-05,1.924022663978658e-05,2.02248179595561e-05
8143,1.877484924954938e-05,2.1356889881317638e-05,1.9240148149005713e-05,2.0224766592309503e-05
8144,1.8774799189426822e-05,2.135683501357818e-05,1.924007122641481e-05,2.0224716258487042e-05
8145,1.877475016054162e-05,2.1356781277104565e-05,1.923999587302693e-05,2.022466695834158e-05
8146,1.877470216295105e-05,2.1356728671899017e-05,1.9239922089840084e-05,2.022461869212237e-05
8147,1.8774655196711556e-05,2.1356677197962837e-05,1.9239849877835076e-05,2.0224571460073975e-05
8148,1.877460926187818e-05,2.1356626855297704e-05,1.9239779237978407e-05,2.022452526243647e-05
8149,1.8774564358504953e-05,2.1356577643905555e-05,1.923971017122054e-05,2.0224480099446765e-05
8150,1.8774520486644077e-05,2.135652956378744e-05,1.9239642678494214e-05,2.0224435971335376e-05
8151,1.8774477646348075e-05,2.1356482614944966e-05,1.923957676071598e-05,2.0224392878329765e-05
8152,1.8774435837667114e-05,2.135643679738008e-05,1.923951241878554e-05,2.022435082065174e-05
8153,1.8774395060650385e-05,2.1356392111093903e-05,1.923944965358526e-05,2.0224309798519705e-05
8154,1.8774355315346176e-05,2.135634855608783e-05,1.9239388465979304e-05,2.022426981214662e-05
8155,1.877431660180162e-05,2.1356306132363535e-05,1.9239328856814284e-05,2.0224230861740476e-05
8156,1.8774278920062682e-05,2.135626483992204e-05,1.92392708269188e-05,2.022419294750567e-05
8157,1.877424227017384e-05,2.1356224678764797e-05,1.9239214377102573e-05,2.0224156069640625e-05
8158,1.877420665217872e-05,2.135618564889304e-05,1.9239159508156696e-05,2.0224120228339286e-05
8159,1.87741720661194e-05,2.135614775030782e-05,1.923910622085349e-05,2.022408542379103e-05
8160,1.8774138512037374e-05,2.1356110983011115e-05,1.9239054515945886e-05,2.0224051656179657e-05
8161,1.8774105989972797e-05,2.135607534700305e-05,1.9239004394166898e-05,2.022401892568436e-05
8162,1.877407449996398e-05,2.13560408422856e-05,1.9238955856229913e-05,2.0223987232479427e-05
8163,1.8774044042048708e-05,2.1356007468859366e-05,1.9238908902829086e-05,2.022395657673365e-05
8164,1.8774014616263474e-05,2.135597522672608e-05,1.9238863534637274e-05,2.022392695861094e-05
8165,1.8773986222643134e-05,2.135594411588589e-05,1.9238819752307167e-05,2.0223898378270246e-05
8166,1.8773958861222032e-05,2.1355914136340485e-05,1.9238777556470973e-05,2.0223870835864888e-05
8167,1.877393253203267e-05,2.1355885288090124e-05,1.9238736947739304e-05,2.022384433154291e-05
8168,1.877390723510688e-05,2.1355857571136826e-05,1.923869792670289e-05,2.0223818865447908e-05
8169,1.877388297047495e-05,2.1355830985480552e-05,1.923866049392915e-05,2.022379443771728e-05
8170,1.877385973816576e-05,2.1355805531122374e-05,1.9238624649965536e-05,2.0223771048483134e-05
8171,1.877383753820754e-05,2.1355781208063785e-05,1.923859039533747e-05,2.0223748697872673e-05
8172,1.8773816370626788e-05,2.1355758016304434e-05,1.923855773054749e-05,2.0223727386007434e-05
8173,1.8773796235448917e-05,2.1355735955845797e-05,1.923852665607698e-05,2.022370711300351e-05
8174,1.8773777132698303e-05,2.135571502668849e-05,1.923849717238486e-05,2.022368787897134e-05
8175,1.8773759062397964e-05,2.135569522883284e-05,1.9238469279906826e-05,2.022366968401608e-05
8176,1.8773742024569544e-05,2.1355676562279983e-05,1.9238442979056707e-05,2.0223652528237643e-05
8177,1.8773726019233625e-05,2.1355659027030262e-05,1.9238418270225223e-05,2.0223636411729755e-05
8178,1.8773711046409585e-05,2.1355642623084582e-05,1.9238395153780263e-05,2.0223621334580797e-05
8179,1.8773697106115757e-05,2.1355627350442853e-05,1.9238373630066106e-05,2.0223607296873887e-05
8180,1.877368419836825e-05,2.1355613209106327e-05,1.9238353699404585e-05,2.0223594298686004e-05
8181,1.8773672323183323e-05,2.1355600199074656e-05,1.923833536209413e-05,2.0223582340089025e-05
8182,1.8773661480575167e-05,2.1355588320348596e-05,1.9238318618409005e-05,2.0223571421148835e-05
8183,1.8773651670556718e-05,2.1355577572929125e-05,1.9238303468600554e-05,2.0223561541925453e-05
8184,1.8773642893139774e-05,2.135556795681536e-05,1.9238289912896537e-05,2.0223552702473442e-05
8185,1.8773635148335183e-05,2.1355559472008907e-05,1.9238277951500653e-05,2.0223544902841957e-05
8186,1.8773628436152534e-05,2.135555211850929e-05,1.9238267584592506e-05,2.0223538143073952e-05
8187,1.8773622756599356e-05,2.1355545896316728e-05,1.9238258812328967e-05,2.0223532423207013e-05
8188,1.8773618109682695e-05,2.1355540805431844e-05,1.923825163484177e-05,2.0223527743272395e-05
8189,1.877361449540868e-05,2.135553684585427e-05,1.92382460522396e-05,2.0223524103296674e-05
8190,1.8773611913781125e-05,2.135553401758461e-05,1.9238242064606357e-05,2.022352150329935e-05
8191,1.8773610364803484e-05,2.1355532320622553e-05,1.923823967200231e-05,2.0223519943295584e-05
8192,1.8773609848477346e-05,2.1355531754968835e-05,1.923823887446335e-05,2.022351942329299e-05
