,0,0,0,0
0,0.0036782916782224675,0.0032848611122358183,0.0036908075569931026,0.0028958349679864747
1,0.0036787906230397274,0.0032853221543165225,0.0036914271609898024,0.002896329849884035
2,0.003680286374781792,0.0032866916200305772,0.003693265782008432,0.002897649394024163
3,0.003682779439116115,0.0032889744992690277,0.0036962873163603094,0.0028997054061803015
4,0.003686272657521393,0.0032921558278186003,0.003700450854115586,0.0029024831377434056
5,0.003690769338420115,0.003296219079986794,0.0037057218008234227,0.002905976705661858
6,0.0036962748169375097,0.0033011634437170373,0.0037120909806173407,0.0029101848662414264
7,0.0037027951837001237,0.0033069741599630427,0.003719555366707172,0.0029151178394620893
8,0.003710342478004556,0.0033136502552908653,0.0037281158142744076,0.0029207810117534865
9,0.0037189235110343622,0.003321181366567767,0.003737799375522786,0.0029271800145879863
10,0.0037285641644245224,0.0033295759558665205,0.0037486278336991644,0.002934337376994746
11,0.0037392716167527445,0.003338835429727428,0.003760632665104121,0.0029422758572645908
12,0.003751088331196982,0.003348973567026058,0.003773873555088171,0.002951027119434411
13,0.0037640374727764435,0.003359997596385367,0.003788355361016812,0.0029606343478084567
14,0.0037781703671653163,0.0033719638129928765,0.0038041924904434264,0.0029711567766658726
15,0.0037934735503082663,0.0033848367787659528,0.0038214572025617294,0.0029826387286958954
16,0.0038101703747236725,0.0033986593203334347,0.003840150802220497,0.002995124955840742
17,0.0038283271450526546,0.0034136552758452267,0.0038605378487185,0.0030087926421272196
18,0.0038481104752295073,0.003429553843899216,0.0038828142228788404,0.00302369451064231
19,0.0038692844325903144,0.003446566150986437,0.0039068683532307745,0.0030399330871889187
20,0.003892086985695744,0.0034653502336193507,0.003933447276411402,0.0030572375500473705
21,0.003916825900457149,0.0034845769974545223,0.003962205327043258,0.003077627273635983
22,0.0039441781476351,0.0035057627724533356,0.003993264170165555,0.003098547954878171
23,0.003972914530838667,0.0035298445018451647,0.004026978050984214,0.0031233587976905062
24,0.004001701179643925,0.0035521900502383723,0.004064682979298336,0.003146202840806833
25,0.0040371300094165005,0.003581919023897183,0.004104851613771749,0.003174829430223497
26,0.004071881688919698,0.0036129272315160543,0.004143963278377236,0.0032065687167548078
27,0.004111033257162419,0.0036424027593133478,0.0041914429598819795,0.0032383996235848425
28,0.004157236193248644,0.0036882902561380187,0.004233639774579644,0.0032920608069419493
29,0.004210043731827424,0.003702243247867348,0.004294908977837241,0.0033266079982559394
30,0.004244190862579963,0.0037588628312916887,0.0043553891659262765,0.0033784380195553266
31,0.00430035128008225,0.003802717727370929,0.004434354242758783,0.003437656269230726
32,0.004362100727161475,0.0038378205138606043,0.0044661766742197856,0.0034699930038172007
33,0.004462808008756248,0.003906880902207056,0.004553402121393117,0.003513070854577656
34,0.0045036371769416154,0.004005131014799265,0.004687816749071775,0.003565806547484002
35,0.004604735476602751,0.004022406553312086,0.004745148329229736,0.0037525800840113644
36,0.004733004445237703,0.004151463252501821,0.004784874964894652,0.003754652190579447
37,0.004807365524270797,0.004126233889649929,0.004919471012707059,0.003848807858265427
38,0.004893608533956563,0.004362669810048296,0.005128189471471372,0.004114659660462469
39,0.0051270376048845314,0.00459288090436223,0.005349423165304781,0.004100073843405023
40,0.005265518184016319,0.004544618163327014,0.005255153569310836,0.004253353081936334
41,0.0051780853799308565,0.0046248305812958655,0.00542324958579021,0.004313580502596918
42,0.005419385100931899,0.004753693183694675,0.005672118468089083,0.0044593131031823285
43,0.005481140764693749,0.005072796582374472,0.0058590789497618015,0.004671794083608496
44,0.005954116441845325,0.005625917147259204,0.006267536108333165,0.005175087517099298
45,0.006170954614092554,0.005858340393552379,0.006370732460428186,0.005001167189906563
46,0.006445136626724614,0.006528731636401587,0.006593492475259481,0.005964183923222909
47,0.006716885218655883,0.006505798753843736,0.006833184204161024,0.006047975029871559
48,0.007192240955049398,0.006986821443856258,0.007554216970722928,0.00618246254428949
49,0.0074917647326661965,0.007148323891645114,0.007865607075596448,0.007344265653253949
50,0.0085474329629481,0.007581237418656747,0.008420626485230953,0.007132415411168832
51,0.008901465225030865,0.008179731389844147,0.00859650315761367,0.007941396350312603
52,0.00866092443458634,0.008131603138527656,0.009662551430794364,0.00883655844287587
53,0.009982470839765388,0.009554537910612755,0.009790771510046531,0.009126972082101253
54,0.009607147980318975,0.0086682491928762,0.009768230394751052,0.009776496923445711
55,0.009865038748538467,0.0116767965413466,0.011289645749859365,0.010244454064192055
56,0.012150394212826826,0.01248718648681197,0.012591083490431787,0.0123796802755766
57,0.011839073491488052,0.01184451447000554,0.012652532105831454,0.011755324506360977
58,0.011896060914609418,0.014050481914650335,0.01391345657233271,0.012113194982524054
59,0.015196529638868259,0.011749359010073023,0.013345649887167048,0.011450519945495797
60,0.01600796500190051,0.014389378553637786,0.01622333573213578,0.013745972244159316
61,0.013599376237677614,0.0146982692682571,0.016186176942360277,0.014197176874391133
62,0.016023998705491895,0.01547747422253905,0.017298709403277972,0.01575581864845959
63,0.01684155904709721,0.014807654519483243,0.015446602691530116,0.01685277851197636
64,0.01798201160208137,0.015497161289630216,0.016417534025909605,0.016409637560811666
65,0.018015089915549815,0.015088471942145578,0.015241503515450963,0.017822127035729766
66,0.01792275889322902,0.015517453937604564,0.01801005238953416,0.015500665791847924
67,0.016384385348251033,0.01847206734303689,0.017181227471037144,0.017068148931738896
68,0.018233771106578332,0.017170908746338236,0.01768086501174071,0.01781820998525423
69,0.01770086145451285,0.017549167177848563,0.018523682347499976,0.017909021614851018
70,0.01951937528834503,0.02007805793628241,0.02253470671167346,0.02054104234979951
71,0.01858325910314111,0.017751776871737533,0.0198844373760658,0.019465870318099928
72,0.02045625451804625,0.01994460952218209,0.018018698794833084,0.01770788271800455
73,0.020232356211286263,0.022693605807269913,0.02081576395838279,0.020582349303379564
74,0.019284307395592868,0.01891542253785363,0.020108454207514056,0.02011881889649749
75,0.020562682356604512,0.019893918641274076,0.02039021243253736,0.02032955507452433
76,0.01778312859644036,0.02158946040910369,0.021144316571865995,0.01842565546186625
77,0.02127657017780555,0.021356616721072058,0.020986452922432466,0.02004678430837733
78,0.020132454434109368,0.0220270699339467,0.02095785665110897,0.01936707094183929
79,0.01974572003092126,0.02034763652425811,0.020367783692222915,0.01978833245100421
80,0.019701113906832313,0.022775600005488793,0.02560200306903247,0.02084960898346001
81,0.018972441162223477,0.019519822797997338,0.02079686160937745,0.019864338884794108
82,0.022411924424806398,0.02121081797374965,0.018420550748548366,0.021755404268692134
83,0.018174138298241174,0.018052141279738823,0.021085150822577062,0.019344938362918854
84,0.020381593040025694,0.02327485291344876,0.017977649785193645,0.020759027771375116
85,0.02021679806828404,0.020080923449703834,0.01957029988194107,0.0195945121109606
86,0.02107363074998408,0.02063724052068469,0.022913376495297504,0.02038790015956804
87,0.018903870359541802,0.020920310992650525,0.022478990468732852,0.02061245514105955
88,0.02136266959983885,0.01852539854150269,0.020721061854800542,0.020224772307126115
89,0.019073841847538683,0.02014435705425238,0.02060974708577261,0.017932127087903094
90,0.0209845478966124,0.019045795955033272,0.019545541697447325,0.021979127073418276
91,0.01878441337529897,0.018963342729931207,0.022919792869905566,0.019569293418074275
92,0.019654420054047706,0.018785605511573877,0.023518246313491045,0.019532142492625176
93,0.020352409648198795,0.019753948351548097,0.0195681450824994,0.02145553079874036
94,0.018752316260478435,0.020753443143311196,0.01930297108964944,0.021398350165665336
95,0.02039779612452016,0.022237462996418135,0.022869574943147244,0.02135550883914984
96,0.021327579803640192,0.02330303208547267,0.021201573267625954,0.02033265119655962
97,0.019123644973783726,0.021508089552514792,0.01783189157814534,0.022292054324454674
98,0.019090870991497824,0.021716146741636036,0.019386976073006976,0.019978216874458794
99,0.01906008530623281,0.019529400175538805,0.017939361460161455,0.02178501619667892
100,0.021083053480628368,0.01851405311329403,0.021613704773791636,0.018191605116892374
101,0.02024918860243461,0.01927417603326472,0.020638535204996113,0.02000238428039978
102,0.0209407702681425,0.022346729957996674,0.01955656419603105,0.016573556080567726
103,0.019073165416703324,0.021604635075366776,0.022354018036044025,0.020167167371570857
104,0.01735652001940743,0.01930042295477728,0.021162472445170596,0.019294083948542852
105,0.02009210635386896,0.01914949972569704,0.02301372921488728,0.015944896828809042
106,0.017711644738442292,0.021666936923895666,0.01819127609023669,0.020653292773991274
107,0.017661626427093076,0.020344769068992886,0.019367883140726107,0.015334683268457385
108,0.01900800917056973,0.019407960293762728,0.02328925958814132,0.019406320463781174
109,0.018205748895086027,0.02362922897837399,0.01960712060682188,0.019623937988636382
110,0.017366302836387234,0.018821398166875437,0.020155989733365298,0.02127674037228741
111,0.019666011537145978,0.01949511740735531,0.021067108126777593,0.020214750425369875
112,0.017578752393734492,0.01899654628439941,0.021903029278714965,0.017547404653552492
113,0.017473122283214678,0.01750121880569892,0.019770887838731575,0.018921465165867058
114,0.019575554411267578,0.0241133520375218,0.01958493580527629,0.022501936451878063
115,0.01888430843622827,0.02145279521425833,0.01999132446346778,0.02067799157770268
116,0.019396026564338337,0.01598757411460713,0.018855959651370935,0.01907167836063675
117,0.019913678940195453,0.01931166568704831,0.019628406773011368,0.020489889901876317
118,0.019334300732036135,0.01819569914099062,0.021658514812049084,0.020308264043878782
119,0.018502780311426555,0.018282626813372782,0.018106146207277306,0.01974312089573943
120,0.01890494551633815,0.02060012144998592,0.01958971033587045,0.01965153356250176
121,0.019130574436426337,0.01777589265697991,0.019282432999927723,0.0192414083455383
122,0.019599822315245746,0.019508363104694986,0.017746889150221185,0.017979224176179455
123,0.017469392227566622,0.01998337619646867,0.021604749470112053,0.019959095537352166
124,0.01730492980547116,0.018717461689827103,0.020164049328169384,0.02064812731814537
125,0.018586301807191435,0.017443789930011652,0.019476950340603635,0.018110321269843424
126,0.017689368555515665,0.01833999552901162,0.01855000377652885,0.018544061958325492
127,0.018561604337981093,0.019307753640874975,0.019903697487502807,0.016618097668767196
128,0.018222429076726533,0.019616810859663405,0.01943125294352298,0.01851342870754985
129,0.01866495115919936,0.018708027068326014,0.017747551140554606,0.016653898360271525
130,0.01966088057616436,0.019277691005034327,0.01855466828221231,0.017354779670531856
131,0.016999808727051115,0.01688768084444809,0.018338040326341107,0.02078713502075222
132,0.016945525577164965,0.017897250172625282,0.015368064716976347,0.018754160635840105
133,0.01657578978167101,0.018021029508439056,0.016306341061685607,0.019043342774985476
134,0.017848523877528156,0.022648022878551922,0.018878086523954854,0.019649437185352347
135,0.016498305759950895,0.01870727943482147,0.019094942206733932,0.01829386082744966
136,0.018891942338528225,0.018222264210485138,0.019774710461300592,0.01631338576520288
137,0.016693527942382137,0.019665056693026376,0.018133215895321707,0.018776668093704773
138,0.01691455756399433,0.016771063536225612,0.020531376922402658,0.01956614703604689
139,0.017250037667681798,0.017403622318834997,0.018696924847442786,0.018360161362146996
140,0.02018299823183845,0.018844941420288582,0.020634486543933614,0.01600772827678884
141,0.018038315940534552,0.016711969906436915,0.02010367294231988,0.016575579869188645
142,0.02054856730974035,0.016914438898901964,0.01801558332583214,0.01886965703959775
143,0.01780397243045159,0.018323665753160124,0.017670656805164622,0.01924776376363211
144,0.019326093105242755,0.019271613365511996,0.01667606790149328,0.01867746923663628
145,0.016635213672318332,0.019196578512417038,0.018675869147901557,0.018362505102056146
146,0.018439751964945468,0.01897900495602929,0.018848570988686943,0.01810582184142577
147,0.01651022040000216,0.020321156364848502,0.018023436132219933,0.021622797139070327
148,0.018311212541534116,0.018880898111757596,0.01920344539861356,0.018537497105315874
149,0.017436359912546138,0.019191326329958944,0.01757834130615209,0.01871892297652796
150,0.018062112844194084,0.018047545148296366,0.019222626485651255,0.01913491112867129
151,0.01861390311123739,0.015475365711270471,0.020439469910996082,0.018455168291049383
152,0.018069309134041006,0.01769862730905316,0.017265373951442717,0.019330799635574457
153,0.015779733098569254,0.017510736324059945,0.01928227637401462,0.019082091501189193
154,0.01623515860293008,0.018892199255067844,0.017444593963471425,0.01774954932829463
155,0.01967350612421751,0.017334139948554,0.02152163184347037,0.020059660085386073
156,0.01864847321651905,0.019344156773571954,0.016997936049261784,0.020139227031308795
157,0.016855700843261053,0.016647682987560242,0.018570476767782736,0.01902939685043385
158,0.01700326884958666,0.016930697947702914,0.02124683234677336,0.017579735172024318
159,0.01666815184867906,0.0178512760929103,0.018123764351028474,0.017297078611334005
160,0.017285267680530104,0.018279187901759544,0.022225117714018947,0.017439575134869774
161,0.019177801386832984,0.021712600397410565,0.018553435348927852,0.020057755747136887
162,0.017504914613447893,0.017939027738768525,0.017072126295789483,0.019251159008808933
163,0.01925347435244907,0.016500117013176725,0.0172901469107243,0.018006917276064953
164,0.01786940137822942,0.017431242263656624,0.016815429348733202,0.017784262310115293
165,0.017009791452127245,0.01726665416711851,0.019363705074801604,0.018163501219781684
166,0.018308011551752986,0.016142978788481605,0.018624060622207037,0.01846794425538285
167,0.016062389442188747,0.01648871334440409,0.01785160072330062,0.019778321149273442
168,0.01677454868982816,0.016236413683152692,0.016891815152916177,0.02008675177720867
169,0.01757443583649154,0.01941783988280789,0.018533180265538476,0.018384728219742918
170,0.016569220452134024,0.01566009527582711,0.0195294420800257,0.018879671282150273
171,0.017813943931928162,0.01614788529109628,0.018497462897629678,0.019199528409790383
172,0.01614324097713463,0.018111314028861375,0.01814129564249833,0.019173911019662877
173,0.016794183298001607,0.0183540917516498,0.019369341415048136,0.01700767340820775
174,0.016267235669929374,0.018826589196345046,0.015327750424666909,0.016102633585378508
175,0.017197245431180622,0.018161704668853914,0.01750875221603758,0.020671324399906595
176,0.01803563851602965,0.015537955732134845,0.01811613154129006,0.01682420096495905
177,0.017495534832980286,0.016830123266176077,0.02036210733409099,0.016949886806191986
178,0.018227806957235852,0.01807067917804813,0.017066153281023778,0.019802440477736275
179,0.016438478770901755,0.017996282887344867,0.019681092178394456,0.01616558106380934
180,0.01758189301557439,0.016728101865534167,0.01904439350885048,0.01744913304097186
181,0.018329024355106933,0.018746410901060988,0.018265900663936702,0.0202607721956365
182,0.018348284580947907,0.018104496904255023,0.01769158793441911,0.019091528984337077
183,0.016432451793452346,0.01627546026368969,0.02154982452599501,0.018625737790703728
184,0.01587403452776414,0.019320087028219284,0.01575576031482925,0.018075184899114794
185,0.017532324351415003,0.01831865297425105,0.018321871072374638,0.015920940578373757
186,0.01618007519057467,0.016713533716422143,0.01871181444653499,0.017760325400413054
187,0.016811593367636164,0.019394383441369265,0.015437402962269838,0.01806617370790811
188,0.01725760676714017,0.016098467398981478,0.017176960445854008,0.020304524438896
189,0.01833180472532056,0.019218084137557573,0.020007637792546842,0.01772588757551366
190,0.017641812756485638,0.01892802565109112,0.016566252284773555,0.017715133341463473
191,0.018849163797406986,0.015274764178428378,0.015382370277612727,0.017996592466421032
192,0.018492504441685778,0.01883529886834972,0.020030028854698158,0.01791098156025032
193,0.01717849505775636,0.017388346513120392,0.015759794929811503,0.015903996880801526
194,0.01535380849840394,0.01759059378025579,0.017640393014836636,0.016139217896806213
195,0.017715499007439763,0.019847239759198724,0.01631405508085358,0.015920068119616063
196,0.016391477810888372,0.018852041063138626,0.019302474062569106,0.017650436329492387
197,0.017223751695408518,0.016931208668963606,0.01863568839720789,0.020085314477149608
198,0.01734270268555355,0.020987803405617803,0.019095672000425515,0.017661054577375098
199,0.016753127489746663,0.017045912355567808,0.016688456492242713,0.017122461030766204
200,0.017453561943923297,0.017227898008807342,0.018156187182767146,0.017600135647053632
201,0.017504162812970982,0.017914815535102765,0.018881519897179396,0.01745475815943085
202,0.016992596095534013,0.015912345221619634,0.017346317767425956,0.01776797775337427
203,0.017813263635988605,0.017144402914150668,0.01612057719684775,0.02033678688456482
204,0.017075430173718615,0.018590895216173572,0.017504568126274836,0.021186904660635778
205,0.017678365183351117,0.01858124992069763,0.019462924373169047,0.017398312932213448
206,0.017738137691723384,0.015560491242368696,0.01936129959121697,0.016631825662675258
207,0.017903502405275974,0.015752129467514114,0.017404843552842334,0.017703575630764683
208,0.016149983985727624,0.018915334964733153,0.01672136222990736,0.016628474762179837
209,0.01849802855150263,0.017474312016561785,0.015841506337550125,0.019256758484718896
210,0.016585663871122286,0.015850264982347543,0.016955061271502602,0.0186727743479023
211,0.018566268372974183,0.019049529680942683,0.018703662345916205,0.01659955434067607
212,0.018134674496588274,0.0179877425781555,0.018018693050830155,0.015837985028458734
213,0.01794851580008136,0.01769024358195003,0.018869294352863344,0.01969650869569537
214,0.016723680483517394,0.01919029719939851,0.018009299469198076,0.019719684805459953
215,0.01888376970438701,0.017292297766927773,0.018574682225253672,0.01800046555480148
216,0.017778503670221213,0.017426706949362977,0.015854462614538264,0.018761263097689242
217,0.016326719715726627,0.02069441329346563,0.016416068223847616,0.01787922255527953
218,0.01694554174166168,0.018002890328658084,0.017043999712549825,0.019535297093460052
219,0.01680801806152673,0.01709298727008232,0.019205731034815123,0.017830415603963007
220,0.016909066858656882,0.017445357300472194,0.016605350365370468,0.017721821767023863
221,0.0180062151994336,0.017207531206457887,0.018563996419050564,0.017928591865835824
222,0.016486966542923944,0.0174347767073598,0.018324974240938076,0.018382335686839467
223,0.0167392713427721,0.017070289428572943,0.016322178414169993,0.01752327380652388
224,0.018039187384664986,0.01903823461686972,0.017614624529939265,0.018004272530504236
225,0.01730651561390272,0.018273764438226637,0.01642141579104643,0.01569888560251875
226,0.015458790604027729,0.01695102581005216,0.015171346449443323,0.01957972452149567
227,0.017182123688087976,0.01766484234529278,0.01693607149817504,0.01876900277901021
228,0.016289193317166557,0.018311894953120147,0.018513090422217493,0.016667678848041385
229,0.01491153247345764,0.019438011891811335,0.0167785770120271,0.01653120254081885
230,0.018362758177541277,0.01740455527612492,0.01883353753952226,0.01874546018826515
231,0.015625365503327035,0.019406302736462606,0.0172760941587453,0.01773642552901854
232,0.016647415717909515,0.018148185309324837,0.01479489033958057,0.017939429974143214
233,0.017058475956428013,0.014638364345323528,0.019320271206057272,0.018112604662396673
234,0.016114674367540514,0.01911397947959464,0.017226322683469793,0.017430874690098346
235,0.01685501048727623,0.017194229541139326,0.018954081312205603,0.018839037290030974
236,0.016582276153839615,0.01789164838526312,0.017084236401261128,0.019211260906054305
237,0.015743970037304718,0.018466414200165024,0.0190825831478172,0.014085490016472297
238,0.01712679393469571,0.017385338660285583,0.0159439226336585,0.019101734649585138
239,0.016592538511569804,0.01589728209083162,0.016084201157847797,0.015913440526106982
240,0.016603025140535733,0.013859772900675449,0.016923736385967843,0.018512523507739253
241,0.016398399490969776,0.018078962060025235,0.017919399172310575,0.015799260260472195
242,0.01692996351265437,0.018543699844580465,0.01664796140099472,0.01641528773038856
243,0.017245780401819483,0.018728608128277122,0.016807465590871883,0.01710012474246016
244,0.01576211166006481,0.019214550069251837,0.017301025723640492,0.01930770090488011
245,0.01531515226676269,0.017918349670233952,0.01866932969286631,0.01807605615732608
246,0.015913287824247713,0.016653701274619234,0.016171659915624782,0.015648197086964476
247,0.016370727061259027,0.0172042311969527,0.017651840021096276,0.0177821040424671
248,0.016716704480691173,0.01654776091337427,0.01812317234594209,0.014734854325002357
249,0.015372832185127803,0.015759637459240375,0.01703595475223444,0.01761718382752074
250,0.016799168824752686,0.018073615404367856,0.017430457402625926,0.017151429244275266
251,0.01962514315158805,0.018343770878936096,0.017668263265317723,0.018662297491964484
252,0.016387770266340786,0.01830034973648389,0.01704488427629531,0.017917636797323097
253,0.015239748881982162,0.015743912896371674,0.017872359074846456,0.01668536260451342
254,0.016339529044853193,0.018094384676568633,0.017766388459697347,0.0171296223847872
255,0.016604797827557954,0.01985036586059462,0.017829519151048027,0.015922612599306423
256,0.016188743490929077,0.017566064711160952,0.0166323509399679,0.018387907690262894
257,0.016623090738642723,0.01631315887543864,0.019285688241878013,0.017472429802799613
258,0.017336529437678667,0.016354798787560618,0.018936809101678987,0.01779537108541589
259,0.01891446008497541,0.016129522562594704,0.019441173419346317,0.01729692731475894
260,0.0157370572078185,0.015875390709145468,0.017818981666235786,0.017743467346502576
261,0.017649779494171975,0.01734561643587405,0.01692948098879544,0.01733475443871862
262,0.01648774084579302,0.01772510085043852,0.016863785755076247,0.018242416102169784
263,0.016905503967711656,0.01537409640369934,0.017684069365610042,0.015166989616821473
264,0.016252608940109,0.01564766134255726,0.016145550204674567,0.01828779306460059
265,0.016181841797049998,0.017924577844527088,0.018316026140052538,0.016328326231410062
266,0.01617800707234791,0.016303504790917907,0.018492502940833225,0.017350664968907088
267,0.016500876746551315,0.01946704131372296,0.01816715501426226,0.017322298076982708
268,0.016021402751450683,0.0182764415356139,0.01745175227763412,0.018952689613127315
269,0.016801509659442927,0.01934826315087366,0.018962908734421965,0.016949650714247932
270,0.015903153454704628,0.017903902931294603,0.019297179797804296,0.016369456055069165
271,0.01622358672891323,0.01691045131336203,0.015735005227629068,0.01653445022900494
272,0.017049047287578733,0.019017984344696707,0.019045585857391554,0.017252661556391703
273,0.0171942494884063,0.01571248390686572,0.017873171546301813,0.01731824336157564
274,0.017034207838473443,0.014402734179565857,0.019125753772384742,0.01614247716504274
275,0.017920995327644566,0.018558941793813784,0.020436173235162346,0.017261051838827982
276,0.016667237890631615,0.015255962431896,0.02079078225308459,0.017630400366640996
277,0.017076071801111627,0.01690731430066692,0.0177667729211744,0.017260146531680422
278,0.0163619444920674,0.016812894206627044,0.02005785985895057,0.01950458551264015
279,0.015912782471484067,0.01670485145068677,0.016525804713442952,0.01680288831323429
280,0.016385437741655018,0.017614436500704454,0.018500691343232376,0.018111277533753512
281,0.016496150287497197,0.01678556659871133,0.017719918538640533,0.019561307548224986
282,0.01669292573161658,0.016698569014384154,0.017899559383577044,0.017801264672505153
283,0.016784063121772243,0.019535887174275793,0.016142378320618895,0.0178162379519849
284,0.016346974552960476,0.0192823287765201,0.015619077662434668,0.02045273535552171
285,0.017327923529465612,0.015962266311611167,0.016671919250074954,0.017942919043139525
286,0.01710439249065437,0.01751622852666704,0.017128785460950913,0.02074333644250547
287,0.016913281077243884,0.01906332593755962,0.019000302833522754,0.019306232464235493
288,0.018016685126915045,0.01612944983026,0.01978467504211333,0.019454872507172382
289,0.015306361387150417,0.016628895487606123,0.01574599019727871,0.016502149023472367
290,0.01617835140969707,0.01674811221570712,0.016579890159311692,0.017652752078927938
291,0.01590040828166282,0.01664588179984391,0.018555289785402156,0.01772042963553926
292,0.015929979325482506,0.01786579706034779,0.016697999905617593,0.01616884235605136
293,0.015601601981766395,0.0159465083487492,0.01841202367149919,0.017190270380927436
294,0.016554232985286937,0.01836931450023659,0.016053761102762343,0.016553752092865394
295,0.018324154556846012,0.0184478749928614,0.017413500211549165,0.016123340434688396
296,0.016921023864481327,0.015893056747912703,0.018210774339165698,0.016973526205193972
297,0.015120703364114285,0.018307811094269696,0.016306606399710575,0.01838682899750718
298,0.017200739939741472,0.015390510537276225,0.018212630713216327,0.01640436560756962
299,0.01776624955094249,0.01766853487024844,0.01775910066312228,0.017290166903572306
300,0.01984818000911082,0.01735197879002003,0.019183014060844716,0.019188778169411246
301,0.014931031075588266,0.017020176054482992,0.017553518257500067,0.016647783965441122
302,0.017819695202543364,0.01825738169004751,0.017841826912501954,0.018585644961080765
303,0.01636379390988346,0.016986033987685077,0.017266640549828224,0.01807678065687769
304,0.016840968082211076,0.017874344267838023,0.020485658231813773,0.017765868654989348
305,0.016869621272556444,0.018068225076824655,0.0168987824466474,0.015160253020640517
306,0.016125460583704326,0.01733901661039748,0.017624918689428497,0.015384422127914897
307,0.016491798817503435,0.018344930864935622,0.01624081468872902,0.016113099574589517
308,0.016579607965603718,0.017556579524546975,0.019886964498122345,0.015369158845756167
309,0.017653027334520836,0.01463168892125048,0.01745305086377074,0.016397864325494248
310,0.01728834372663725,0.01704095691243536,0.017211723371280203,0.01604466840590062
311,0.017514602169525727,0.01948354123293137,0.017768869810193287,0.017830842031864087
312,0.01789177791406212,0.01555434233859765,0.01807370932269313,0.016824585786873503
313,0.017868420758902766,0.016827529579989217,0.016861347962714237,0.018544641490418488
314,0.01467880821998562,0.016512550183743625,0.01715664915721673,0.015994673388306693
315,0.017253960206864018,0.01619593208469442,0.0173369696210013,0.017873105876580864
316,0.01705802715845825,0.014957757839646216,0.016923325091125548,0.015985474812457136
317,0.017999810609947747,0.01649276070003945,0.018033488554159757,0.018641084131005195
318,0.01837180778215748,0.01618677172886673,0.018426097606879754,0.018555620739185943
319,0.016337387451306588,0.016741874360796553,0.01582618032821197,0.017440424674328447
320,0.01744779452569272,0.017855287073164458,0.015897492590932812,0.016479221782676166
321,0.017631159397602642,0.015636849797902773,0.017840696597307082,0.019161173389793444
322,0.016075692900118923,0.01439651058658925,0.016454005528167937,0.02021885707059326
323,0.016880895771137275,0.017361655489722336,0.017419437477392705,0.01839228428694091
324,0.016502579841513973,0.016578440296803616,0.020576466404945468,0.018694990399266764
325,0.01607496981545233,0.01491178347409402,0.017556519900744152,0.01657708738131367
326,0.015036155070731954,0.016580471380397376,0.017945408474905767,0.016943930460872534
327,0.015081010005425721,0.01730018302064909,0.01733937750264551,0.0183057556241967
328,0.016919581443938368,0.017674945896162357,0.01941507033935101,0.020858724438908766
329,0.0164787571036349,0.01912305066323462,0.016406901435089535,0.01745237728087127
330,0.017193447859537355,0.016859535975497553,0.017565078594899575,0.01897772209820035
331,0.016054269617927122,0.01735812516709674,0.018150935641688074,0.0175869988922977
332,0.014661544171962894,0.017910081251595707,0.019687155946639456,0.017452300469160565
333,0.015862545562216696,0.01903998196417553,0.01913777848524222,0.01709140616610452
334,0.01551526320661149,0.019944335100036115,0.01852088749015469,0.017992274243651053
335,0.016617467236633376,0.018072893495606843,0.017178581350248582,0.01797161691662892
336,0.015991798288243573,0.016424803410962384,0.01588213804480255,0.018308921453349173
337,0.017135373761307224,0.016832726225419793,0.01758936154606823,0.01908150431047419
338,0.01691865169588058,0.018089036159733594,0.016326626166839657,0.018953473437224012
339,0.015774231214168065,0.01753636205565383,0.01839581467015564,0.020047168213334094
340,0.016910236906806538,0.016308120970113395,0.019039431086147928,0.017589850160342334
341,0.017841820729153364,0.016962267620051194,0.019408672162639577,0.019430941399841285
342,0.01577905234994879,0.01713464131370271,0.017305854267354894,0.01533233661713284
343,0.017158099506729533,0.015711928801335512,0.016990426527216954,0.01977617722665346
344,0.016678622003037102,0.01840141057575513,0.016561284063678093,0.017871417650478862
345,0.0158364071134938,0.016550938175912116,0.017207342189455868,0.017170779214722095
346,0.017898120430291507,0.01636515380766264,0.017641362437550788,0.018427313414539095
347,0.016350687179979364,0.017122938404828373,0.01751705096524664,0.0188989570743783
348,0.017260484137776252,0.01882403226417128,0.018303583122769834,0.016913209129737657
349,0.017110990845728997,0.01695491919329165,0.018370241555023613,0.01560399956229638
350,0.0171863190455671,0.016528664124136266,0.018056543582338633,0.018433399922853935
351,0.01829882661727324,0.0163755281345201,0.01691499827476928,0.016463672537818226
352,0.017944653350539914,0.017718254030238925,0.01830892336320436,0.019185282018489448
353,0.01585037882212989,0.01493053502002576,0.015066030848556677,0.016075182942047534
354,0.01791241233122503,0.01608801755823184,0.016165168850711877,0.019696947916236593
355,0.016689303978073163,0.017103275772374842,0.01949717386076768,0.016136402816305677
356,0.01697499493337888,0.019152260415202828,0.01771921210511968,0.0182805135152828
357,0.016437148880101404,0.0171294356988128,0.01724510455593376,0.017730112852663585
358,0.01705133516955876,0.016376852101518253,0.015709136205440302,0.01898003423369305
359,0.018385331528615625,0.0163099199442407,0.017655256424501893,0.016920866046492605
360,0.016506199833079046,0.018315081542692808,0.016485037403886002,0.017438560606572947
361,0.017959777893546712,0.01872122320888293,0.01827890317085633,0.019824344052341444
362,0.016252575808923957,0.016521531284110914,0.015907553333274375,0.01864594344948058
363,0.01563671287010148,0.01901676468380425,0.016991019734824996,0.017825548053516597
364,0.016284819872895647,0.018458762462729837,0.016410474586104177,0.016593004821016544
365,0.01672870184084902,0.01908291689158647,0.015882617859242637,0.01633057173690447
366,0.01631405774316264,0.016187479869625446,0.01694484836926178,0.01655851711288244
367,0.016307220637546836,0.018569921970570814,0.01823695311210824,0.01605083111918758
368,0.01591165687101421,0.0146919313950233,0.018410976623876793,0.018114526772762193
369,0.017348187475290704,0.0152653419513061,0.019147142888534033,0.0157759278865462
370,0.016186095378148038,0.014716331092533784,0.019747897829193076,0.017186219500381607
371,0.017348218239430932,0.01918122706606135,0.01712094565432295,0.015338022478490927
372,0.016060607457661285,0.0164385319338403,0.015892241031447266,0.017093423409734562
373,0.014729654688854142,0.015628320406402926,0.01802725789988878,0.018144784898810377
374,0.017383631109073466,0.01529435130111204,0.017348601386494474,0.015225120555316926
375,0.01681623272456647,0.018832820310183462,0.01636981388547575,0.017086598534248286
376,0.01614810220860138,0.017391285296032778,0.019034209717054152,0.018716379666283946
377,0.018031596147045956,0.01756678188253651,0.01824984795239829,0.016566658801373826
378,0.017383447491707504,0.018580468476188754,0.016945195253465814,0.01656039996266535
379,0.017363179149392203,0.018622782584528777,0.017469009461647485,0.017885519177132107
380,0.016314036582784377,0.01585544698396144,0.01983186090413106,0.01820645217251162
381,0.01552271363098787,0.01758477680009962,0.016575242049271074,0.018664767765647072
382,0.015578382994276644,0.018322166596982836,0.017564561863605315,0.018284742817135075
383,0.01653184926721634,0.01649521411716415,0.014957737433620524,0.01617424008483739
384,0.016293946334384003,0.01711301573338695,0.018497492092431008,0.016862787739234938
385,0.01622012400353052,0.019041692124447552,0.017570116145619215,0.01982442380516324
386,0.016573594377360314,0.016629795278959646,0.01838066065510449,0.019291924257294896
387,0.01672836010675621,0.01576570465235995,0.017495528984273388,0.018930931630097222
388,0.016275171342618477,0.017111528982351874,0.015922520522031615,0.015971667573560246
389,0.01719463280025141,0.017047307423358426,0.017144343187274484,0.018008419065602
390,0.01700529376532118,0.01642589678131404,0.014540652206540685,0.01814000206054568
391,0.015337166047293687,0.01632246681665593,0.01897118897391777,0.01777360565349745
392,0.01583577871821119,0.016418170596761338,0.018513648383883707,0.017324623530087877
393,0.017211637208195574,0.014381809127878358,0.016430672189171925,0.01764588977166427
394,0.014825192954081724,0.016290963509152913,0.01702317632763407,0.018803581190976467
395,0.016698238145005213,0.016781994361545975,0.018900311082857432,0.0176641501434252
396,0.0149833764627408,0.018749506907715544,0.019944786762264934,0.014551840300501627
397,0.016072096758744218,0.0159076256807624,0.01659255412316106,0.01857281964666411
398,0.018452660466620027,0.017670635380418027,0.01688656408555171,0.015478876016043731
399,0.016537805299381418,0.01860556986394577,0.016837238642824572,0.014927953990306006
400,0.01645650369397766,0.016144365008062964,0.017505222862338857,0.01615937942461427
401,0.015913280885716852,0.016705738411271348,0.0166487029909988,0.016159716014721857
402,0.016887323905329342,0.016277088773934682,0.019802781921763032,0.01460314925228822
403,0.016418657412525805,0.01570119330350052,0.01819381948487579,0.01766855259947958
404,0.015508302734253358,0.018459038708268535,0.017308144648487983,0.016232473260691598
405,0.016800596549799846,0.017899141532294664,0.016472611919985912,0.017383911243408157
406,0.01719458652798187,0.018034860438007144,0.01882484812410669,0.018218840072495197
407,0.01784958409039974,0.016424522207304233,0.01820948803805672,0.016230006358093765
408,0.016136522928709998,0.01752251312611724,0.018253675127526008,0.017008133200920397
409,0.0161087213454083,0.017566483322571477,0.017388367390137983,0.018607454883495456
410,0.01673016190242438,0.017915946068154595,0.0179771181393245,0.016904892348050947
411,0.016562809934972215,0.016397328492298194,0.016534709154681172,0.01763472557036168
412,0.01716002511713233,0.019731080935440216,0.020553339458549168,0.0184498452766625
413,0.016985628293242794,0.01779986539362646,0.016405297318509385,0.02154293118736103
414,0.016848759328276855,0.016655824317125135,0.01791445186911908,0.01683406111005021
415,0.016520451006030897,0.016417157430825807,0.018095146464668324,0.01786189593569634
416,0.016010307288956697,0.015971373512520343,0.017953943491890816,0.0180428149548294
417,0.018216148403580348,0.015861858480348476,0.01636838229574618,0.01584539997588631
418,0.015268070642658596,0.018010769970880348,0.018806396306404845,0.017211039460324134
419,0.016291672441989948,0.016623105402340067,0.01694710951100854,0.019641919465106274
420,0.01573546294168398,0.015618402595117452,0.017614567692263702,0.016128766014022876
421,0.016725470441873235,0.017181692976524447,0.018501212048171387,0.01969169908816658
422,0.01679449274313377,0.017982533821294014,0.019036357749135147,0.018168636067102034
423,0.014822450575351448,0.017395255265623428,0.014013595881739362,0.015697045203414545
424,0.01717151797567183,0.018913845947393936,0.01948962220112479,0.018080723927275923
425,0.01608798874998678,0.01689666873168929,0.01804163791852516,0.019653546287929934
426,0.01660709469822956,0.01483753434807799,0.01713250559927248,0.018833026955004814
427,0.016215793591616647,0.013276714957302078,0.01764399396630782,0.016722869500954404
428,0.016298597448393085,0.01588969154138522,0.018777897417898294,0.016777759700427438
429,0.017125716526003365,0.017437556649652443,0.017323963270521162,0.01747445663002185
430,0.015612266186068065,0.015327156580864556,0.016256504790705152,0.016207193529606218
431,0.01748637923344961,0.01691931920673538,0.017869858021097043,0.01753947729238983
432,0.01692436356525578,0.018467446020789823,0.017412141333500157,0.017002795164967187
433,0.017829393942776987,0.016755337113477396,0.0195425341970769,0.01732276167434001
434,0.018663812708553305,0.013489873355316494,0.017166288481569952,0.017071005991569597
435,0.016472297000263307,0.016692692813358383,0.015566874566874982,0.017890715035794296
436,0.016589328421120476,0.016309560525909327,0.016645483866018832,0.01901611558722071
437,0.015756041101875225,0.015811437252550176,0.01577978426249097,0.019476442508596738
438,0.016656178281975537,0.014975601022666055,0.016192143010176244,0.015931600616518004
439,0.015550101189888548,0.017804034761465925,0.01845346155609599,0.01665202367277253
440,0.01646504814823446,0.018780573515669696,0.017563917095723473,0.017668459879411128
441,0.016807318726195508,0.017290747715691147,0.015869123969866412,0.019359587944914065
442,0.0163961613378133,0.01801059569149154,0.015687399411555926,0.016406306248918957
443,0.016372993791982433,0.016318796064342812,0.016988661595930668,0.01716178630721437
444,0.016636199578593542,0.018029255024752687,0.017799965420491618,0.015227542128509443
445,0.016984043811282226,0.015971663953700414,0.0186665586498937,0.017361771904559006
446,0.016638005923390497,0.018406099531391683,0.01973630634893716,0.015131535304547665
447,0.017132283828630298,0.01746600951683233,0.015084376139091532,0.019864842089252096
448,0.0161500488342601,0.017938741275059393,0.015764257493945097,0.015857534199315418
449,0.018385542441823652,0.021230988953949738,0.018585163591168737,0.016302490087659084
450,0.017176459263389086,0.01563649803461957,0.017675482241933424,0.01739907430364194
451,0.016665483633923457,0.018304844247649284,0.014591583017687244,0.018139466285659427
452,0.017091402092045727,0.01787987975970151,0.01784774084287599,0.017049549980908407
453,0.017120145893947447,0.015747372084705547,0.016652613091720662,0.017876096003114118
454,0.016057424501592536,0.019635677278274647,0.016737381524427206,0.01792681263224365
455,0.016358109268145914,0.017476348152564696,0.018107637394196522,0.017429921872404042
456,0.017399737562032485,0.015453548094443381,0.015028640325094203,0.018039199175531505
457,0.016305331009541832,0.020003158495978102,0.01683538384098043,0.017957866039048857
458,0.01774623549649792,0.01722543895485566,0.01888148310943947,0.018850599182210926
459,0.015585605880409324,0.017628508073382006,0.015237356111134519,0.01716917417525496
460,0.01545460984416826,0.019115989930406314,0.018115633297059872,0.01836883507691944
461,0.016530848154552386,0.016610295637015146,0.01940142103339537,0.01891589003560611
462,0.0164799675677214,0.01714178820060561,0.0170673751116035,0.01839381105224469
463,0.016033163007505537,0.01777943793249018,0.01514130887761616,0.016573506659060735
464,0.016794782004040987,0.01783962722559673,0.0155456538327537,0.019492508095964253
465,0.016715800550094043,0.01731640865329226,0.01888175162773841,0.018902815184057287
466,0.016860603593816335,0.018194947481710796,0.018277642357718824,0.015813713071556778
467,0.015242635187404036,0.020615874158276645,0.016546397448489947,0.015983084391340895
468,0.017466705186821946,0.017160528649513614,0.018499668296542666,0.016150731745431413
469,0.01656536896192359,0.016300241315904088,0.019283419161864906,0.01658837318425189
470,0.017433836539275476,0.01906193732069408,0.018353078169820795,0.015202563505124658
471,0.017675161227178954,0.017770067009144384,0.014790135989332653,0.01800457666618454
472,0.01649909155396672,0.016227025153992363,0.016867133578300858,0.015484213145178265
473,0.016293883116288155,0.01605558975973302,0.016979206119404944,0.018233025191239153
474,0.017434800262561372,0.016454406181976616,0.01713911193793999,0.017404035337004745
475,0.01873095196405262,0.017732910102373146,0.01587645179165261,0.020339117090429768
476,0.015133005493918841,0.017539249476014603,0.016241437548401384,0.01813032070192271
477,0.015355626860917721,0.015918801815039515,0.016119631909583414,0.017573087292320738
478,0.015974689170087188,0.01792184520392045,0.01574862515638884,0.016691260921054704
479,0.016861704501331863,0.014825613952958762,0.016467117414746938,0.018410635474417493
480,0.015310622919160431,0.01837971432030486,0.019577067278864137,0.015984031392844458
481,0.017937753459041472,0.014933040877661417,0.015161168353625236,0.016883756694404485
482,0.016822572240877937,0.01714208406566174,0.01716822048386587,0.015235621396754209
483,0.016032071663360493,0.017152078094191368,0.017646379513956964,0.015957785232467575
484,0.0164628132950297,0.015559288895025215,0.018715656104160615,0.01689539697128898
485,0.016498128227407302,0.016358318689583623,0.014396955892668806,0.017728229912175958
486,0.018098458072856635,0.01802136635262751,0.01639055113830683,0.019279039500980533
487,0.016373716070503454,0.01655650152074786,0.018530932415260878,0.015501165158604682
488,0.01751938455665621,0.018834103922142603,0.020744768667085255,0.01939113365731953
489,0.01758600702419087,0.016548660000028807,0.016473839623843384,0.01789387471556588
490,0.017240183295783893,0.018171825993647816,0.017524610296175757,0.01689256319751101
491,0.01624524685725758,0.017669416668148197,0.013779466503000451,0.01724140307426165
492,0.017045283949552483,0.017126772858293983,0.02070565089771899,0.016590010775509423
493,0.016602141337052873,0.01790125145301307,0.014631029310568889,0.015248676725630806
494,0.017550385464048163,0.01682916146219203,0.015932588423202453,0.016562350559986512
495,0.0152566025120397,0.016836257736145135,0.016903918550242224,0.017564798784845955
496,0.01625830086792589,0.0170993154681638,0.018532860980267515,0.016930789779566753
497,0.016031984144430092,0.01673808817831379,0.015467671507874054,0.016424966753156404
498,0.015730996498181937,0.017791477611801564,0.019142374716788667,0.015796944782142844
499,0.015979807005067216,0.015731604476966757,0.018389428801022237,0.016988172919918363
500,0.017397982514808036,0.01685147794370153,0.015934295280444915,0.020307781121887726
501,0.01717140496203415,0.018923788227998558,0.01734603095775576,0.018411260701717693
502,0.015518550534128902,0.016487135888429323,0.019152252390754493,0.015683712622008513
503,0.01709093125485733,0.016380486799095574,0.015155074936384228,0.01649228937961209
504,0.015826017536766927,0.01654959597390988,0.017448490562664367,0.017004589681050127
505,0.016032585574223605,0.01662759309013616,0.01829532624322318,0.015959976327438317
506,0.017531441988126346,0.01807000804629854,0.016348973325019972,0.016969813732357886
507,0.016502776191797065,0.017363200414653775,0.018392125194242697,0.017291183963398436
508,0.014807242181566536,0.018083280163491977,0.018550175941778914,0.01622491218541765
509,0.01622725562395121,0.017779315406842182,0.01939461675331489,0.01874893941104328
510,0.016283626815775967,0.0174671971000799,0.017987253918185876,0.015332275040241417
511,0.01502706062045067,0.015433402029218104,0.01787618661687404,0.016782177324627643
512,0.01616932814193598,0.017511573428614896,0.01659503706483273,0.018499874227120183
513,0.016248442295469047,0.018174707325974586,0.016772986340194515,0.017309294614476344
514,0.014661526443163887,0.017630102821969473,0.01662242544305057,0.017547430976951318
515,0.01629118677590361,0.018537548420046054,0.017166040741494783,0.01884919773169164
516,0.016768801211242683,0.017815317042323957,0.016102904605555992,0.017713075618196662
517,0.01676626734099423,0.018320834870445418,0.01872361547665679,0.018499973604198226
518,0.016951173695225124,0.018916427002450983,0.015443536543815441,0.016806333399093383
519,0.015971829298090677,0.01780340847214679,0.01621806072240246,0.019291125145135778
520,0.01607479926031316,0.01728422697499864,0.01484437246294174,0.016288723302830918
521,0.01590316183642479,0.017864181059966098,0.016967541007976615,0.01492870357338017
522,0.01717885768873455,0.015147326626850111,0.015545226442139223,0.017661813371092804
523,0.015725297944668797,0.01579709469606311,0.01584120619974205,0.016602118272156192
524,0.0152298972250387,0.017235392470241216,0.014497519706385685,0.015649845905318784
525,0.017787853602658055,0.015676784531642583,0.017540777184706455,0.015588156928710583
526,0.01799718334869006,0.019017563138319555,0.01565648030293288,0.016506921164306503
527,0.016872109482456658,0.016667717167057224,0.01845010946140277,0.01889369186119677
528,0.017364250518154958,0.015771480411352155,0.016358430110632056,0.017092457169757082
529,0.01592837253284173,0.017452504608221113,0.016332942704952093,0.015781987652168976
530,0.016639577356998947,0.018266119159449125,0.01612554684280665,0.017599786014914433
531,0.01775174681065139,0.015932822164314523,0.019012828453299924,0.01578540434020633
532,0.015600829918714408,0.01609081200124994,0.016194570448003178,0.01677683806317255
533,0.016196353242986364,0.01693960077641843,0.01749416557343182,0.017743668224247403
534,0.015849979994572633,0.017503048383510383,0.01792228703264208,0.017790873867239924
535,0.016413393886424373,0.01787907870531743,0.01579175533818967,0.017305803865478253
536,0.01620632717453976,0.014471367530596378,0.016364166573341138,0.017527390663846485
537,0.015349371446912768,0.015790225114143703,0.015248975596466811,0.01667470001305028
538,0.016368286004781435,0.017935689638853666,0.015627186251591877,0.018028107013797135
539,0.01675629976578118,0.015234323813235716,0.017581359088141776,0.015060804603595473
540,0.016744877136598006,0.016160443413255544,0.017879976160268044,0.01554247780999625
541,0.017358896660335923,0.014612560506105763,0.015541152237590092,0.01587449355463384
542,0.01596664474234593,0.01616912316241433,0.015220295601091189,0.018001015187847608
543,0.016865609534770672,0.019351975597097348,0.01737744170917403,0.01682486897923063
544,0.01606091973322994,0.015226029220074181,0.016897796559994228,0.01567643422459399
545,0.017340906683242577,0.016689824629773205,0.01543324267944986,0.019877788652296953
546,0.01750111224029525,0.016263713527569473,0.017806515060886697,0.016174966268192034
547,0.016036221507903962,0.018349115400547247,0.0171708158693981,0.013724330400126772
548,0.015912435539230045,0.0173137896348286,0.01922355421066081,0.01763489417071804
549,0.016171624232736326,0.014800352304142178,0.016587964086549115,0.018648326516120018
550,0.016418473510813648,0.016657420994088498,0.016099610658146694,0.02123961242249331
551,0.015881424781920853,0.016843375235763593,0.018367470369522864,0.016813634007291953
552,0.017601196694382704,0.018011679448322836,0.017930443588412778,0.018346571925733614
553,0.01697457965699566,0.01879309853690769,0.0165829071949302,0.016547328187804012
554,0.015528585806378474,0.016237143626670912,0.01655044777673686,0.017691300605814194
555,0.018831167895444527,0.01763179762882052,0.016991982611596013,0.018873107425558984
556,0.016955984923299437,0.0160955677015519,0.01603315371180702,0.01639304309111791
557,0.01704811060618625,0.018156140460572488,0.016397278643580933,0.016997255197875413
558,0.01614187096506028,0.01756354593867884,0.016769477141831617,0.015055888152188866
559,0.018162428429561308,0.017191627146622906,0.016742184896190098,0.015878138067261988
560,0.016106989029160478,0.01665134337171296,0.013740001236971373,0.017985508929197053
561,0.0167674272248489,0.01633768038965691,0.015971837069305023,0.016456663946553315
562,0.0160847854503842,0.014192673075030244,0.01600565057639948,0.018515109183266074
563,0.016011846032608534,0.018075445394725043,0.017078611526254825,0.017368666921053547
564,0.016053686748898264,0.014938159172313524,0.01791579621715498,0.0159404709221811
565,0.014200474430524739,0.018149754543771258,0.017657326473092233,0.019094408421412495
566,0.017291205617690333,0.01487367666045548,0.015776078229256293,0.014421459439020488
567,0.016709761120124712,0.015739604033021798,0.016234826848529,0.017545620002445365
568,0.016017480639502667,0.017010487379407822,0.015531797948435386,0.018288785990081033
569,0.01687937187960334,0.01725499346333066,0.017486177079040155,0.01679651206601009
570,0.015496060782350716,0.014780121166385794,0.018747962197182916,0.017777520379900425
571,0.013750959237031537,0.01913221823946406,0.015667525594909054,0.01674635637005577
572,0.01589294495143925,0.016370196862155243,0.016048078845983887,0.016314149335039965
573,0.016340663815878124,0.014910412066612241,0.015968062376849446,0.015286001157649118
574,0.018284333916256168,0.017318347235983675,0.018282414964628558,0.01681472160301862
575,0.016061628185014973,0.01661509531284243,0.01654520424794038,0.01721962918432191
576,0.01641448921973827,0.018170306809482666,0.015959805049655003,0.01492628262298123
577,0.015008760385687565,0.015353162972313124,0.01892884103979056,0.01790135129238749
578,0.0156308907409711,0.016461666500649456,0.01864535771531014,0.018891617301806104
579,0.01768358238935577,0.0143546672220185,0.017034085370528463,0.016555289012833138
580,0.015999032055090193,0.015998317806873944,0.013660535450480325,0.016131936935854282
581,0.016800494585652408,0.014651587840681626,0.014024423481421203,0.017015653965782286
582,0.016524389425898192,0.014855853739575686,0.016418990123636804,0.016364762115767595
583,0.01665468395911446,0.014061331604264744,0.01935960312300753,0.01970841738029025
584,0.015947564293200298,0.014374670895083968,0.01601864617412726,0.016031198943273327
585,0.01551916044870162,0.016800664398548982,0.014867755860943657,0.018458497242659605
586,0.016363089359634337,0.017137830742865325,0.01717150372271184,0.01608242698363975
587,0.01563654562950757,0.01497149587458554,0.017170115349903318,0.0181742182769179
588,0.017664155442444627,0.01706927159487114,0.015937669682409637,0.017178492940996565
589,0.015373605351245132,0.01574485254278164,0.019272373560985143,0.01594102276594969
590,0.014919816189834529,0.014693594016840958,0.017326725172354347,0.01796893354878569
591,0.016711560718517267,0.016502888217577144,0.015706910724391718,0.01598483485915235
592,0.016711321338384745,0.016257534690771507,0.015118360386047571,0.01651420440438622
593,0.017923462898411197,0.017805276664686197,0.018571972625249275,0.015945922269170222
594,0.015674387957605774,0.018142843600952106,0.016295573033764166,0.016983935584744224
595,0.014673282874228413,0.016664977326719847,0.016651118931655263,0.014196759070964968
596,0.01476405314290828,0.015985133298817882,0.01686877585428228,0.015892794772865832
597,0.017384779094790782,0.017309711126647663,0.01753949839796756,0.014014976793450568
598,0.0173268394657487,0.015917051220920325,0.01882903956487016,0.016915597530640886
599,0.01685567001773074,0.01522578514846581,0.018081476984556883,0.016344719604373812
600,0.01557142847587623,0.014249066057971785,0.017263490877698687,0.016348829729440448
601,0.01600501497023898,0.015884591226937902,0.01514662850715453,0.016466747396119457
602,0.015453539987018462,0.01664957170851719,0.01972163019091842,0.017062008786668467
603,0.014673450661899488,0.01787378811724757,0.017673704807686697,0.01664710455174783
604,0.016070794787666872,0.017620855403790825,0.01896506208977947,0.015807805402594754
605,0.016763147365594814,0.015634344093076145,0.018002094774394194,0.018157487708622938
606,0.01619155500387616,0.01576065079902921,0.016187365403149998,0.017878560839573353
607,0.01589459345273419,0.016380383458359293,0.016237855172683616,0.019057831797790307
608,0.016436864097454387,0.01556360667575671,0.018150454204018018,0.0166692846515814
609,0.016097414796042046,0.01707773930148303,0.015396841415480422,0.017311146678800023
610,0.014921814371679795,0.0170783323064632,0.016652770777490115,0.015480698527143393
611,0.017152987315156912,0.016721506898278317,0.015765324559260573,0.014933611003117178
612,0.015929517425309587,0.015634739720259305,0.015983889189984755,0.016853661110022292
613,0.013573916590708777,0.016784063959791217,0.017086188472255487,0.017124508485498947
614,0.015411515482779822,0.01555113975219525,0.017682622775220463,0.016449457982638888
615,0.015953752670211895,0.01651565613331628,0.018929603961377894,0.017917378172422525
616,0.01610468039056403,0.01719098331714238,0.017581140098023477,0.019069369382978943
617,0.015065761486068753,0.016695847359930807,0.015938591045554146,0.014645093918961885
618,0.016685088733935944,0.01616906363335475,0.01457282721441793,0.01697791126684101
619,0.016411724843535747,0.01685522654835666,0.01889500759996603,0.01666365323797652
620,0.016392488274740553,0.016622758378731003,0.017265028818806413,0.014602028201035304
621,0.014967765729730671,0.016406369125765062,0.014440073116540931,0.017738699349044304
622,0.016359405373476493,0.014587872868831273,0.017749228478644255,0.016690389855036562
623,0.015096933913776658,0.016437324545777742,0.014605182519791846,0.015265503901505093
624,0.0145117991933687,0.015393996566521911,0.01647078971132151,0.01675948572965213
625,0.015993650870477688,0.014442239887117023,0.016285822772654578,0.014879448179589859
626,0.015799848096370046,0.01707485120610947,0.016750675446146307,0.01724530119851586
627,0.014717411380036204,0.014906283150438628,0.01659159499793551,0.018236469006423114
628,0.015022058134374263,0.015923117090528436,0.0164562691424559,0.015403189066676252
629,0.013772156456849873,0.016836657636358644,0.016364731371894984,0.01543213091538591
630,0.015402371945337053,0.016884770550438796,0.015065234045227627,0.01546179757880719
631,0.016282536543915763,0.016118074867118984,0.01822051455163505,0.015260796521733113
632,0.014732036239899108,0.015296546315971693,0.013878423082638383,0.017297474320451825
633,0.015837497141983688,0.015015364466727054,0.014726663601548153,0.015766734653180816
634,0.014825313125587049,0.015132619535934946,0.016651118357367947,0.019073495487913476
635,0.01458732136834561,0.01698360560359486,0.017228075930059154,0.015475161134769445
636,0.015589295595637423,0.016027756343015266,0.014902100459260208,0.016541277520529935
637,0.015430424196929388,0.014763749834113313,0.0161206950919959,0.014608361014777874
638,0.014944978406848802,0.01703592108800611,0.015991698168957968,0.018657711172346828
639,0.015726231675925746,0.016759006115310362,0.016126525457413922,0.016158810538563835
640,0.014846721642234115,0.01449192889132672,0.015628517245405257,0.018125653781689108
641,0.014952239966143546,0.017116421509488194,0.01411813106697805,0.0186715341633398
642,0.017488425186320385,0.015168254380482131,0.017102440372512042,0.015924184595429346
643,0.014548467143052097,0.01620519362231195,0.01734004750561722,0.015443486704996278
644,0.014793613435419918,0.01623928981791956,0.015645459235178114,0.015196834359054166
645,0.014840611082495382,0.013036727504859206,0.016671988111751305,0.01593091045957527
646,0.014715820906413025,0.01686849896410335,0.015561876179951483,0.015924742942872456
647,0.015192981888418984,0.014202894428746964,0.014480447108225913,0.013472224278311531
648,0.015682073894034754,0.013918752723851291,0.013826905059085192,0.0146280147671438
649,0.016225688194958177,0.014844678783089782,0.01558893414867729,0.013469216309792365
650,0.015462588341011047,0.015865560987520167,0.014632596758396293,0.015645753144631815
651,0.013797837968841507,0.016797605361012366,0.013873317122741877,0.015399719976068716
652,0.014905411759587903,0.014257372809086464,0.014570267421975645,0.016147681168892952
653,0.014756735664842821,0.015782072149171565,0.014999648483654995,0.015695112090404254
654,0.013673082356408559,0.013309197318692647,0.016612680126242296,0.015820538375874438
655,0.015492936661906506,0.01573087275655667,0.01496239507149271,0.017051219130178905
656,0.015267795132168138,0.01393405587798632,0.015938236076088144,0.013023844832511924
657,0.014875179630411576,0.014016007542978262,0.014570498687060436,0.015042539532853992
658,0.013466118284266628,0.014639689038248365,0.01560727316939592,0.014726245891722906
659,0.014987657355934034,0.014737726684239012,0.015723762747463392,0.015672747577173227
660,0.01443893812473842,0.013977709309780564,0.01584418488511631,0.01655575785838713
661,0.01635022793152383,0.014083850175785758,0.01614522625089387,0.01578263800663583
662,0.014335094538768823,0.014651759053692011,0.013985287702386905,0.017477639815145156
663,0.014687695543769617,0.01823426093491699,0.01698190309549766,0.015688349513333696
664,0.01684226668230617,0.014494858554062634,0.01592299335724613,0.016020853916881145
665,0.01489897029332387,0.013749424300714838,0.01461590496438963,0.018321563987703657
666,0.014644939373828979,0.01520380292415568,0.015483456961973572,0.014030732055539175
667,0.014600323102319736,0.017099343823734584,0.014425687833801708,0.013267932828827744
668,0.01540332960882386,0.01764435113650606,0.017177939264800993,0.015016676982592464
669,0.014784530106172032,0.014332333743210655,0.015627356356512374,0.014245897654015027
670,0.015105099747222904,0.013962943048767183,0.012933912414804783,0.01391676084991281
671,0.014393434184026105,0.015884057169240892,0.01369311250832609,0.014826119617687872
672,0.01572085931337176,0.015143036656383826,0.01436794630608322,0.01600673389662634
673,0.014560096048569308,0.0162808544542606,0.014271532853029926,0.014471855055837667
674,0.014534449411328788,0.013891684659414311,0.014526470578767966,0.016280306876596543
675,0.013290181901593442,0.013192512363917202,0.01576033177845133,0.014455814268391936
676,0.013850034558956809,0.01644937967310689,0.01589931289283877,0.015708589302798812
677,0.013177457217865835,0.014097410451035132,0.015217543256884791,0.015903295156145532
678,0.014833931900011026,0.013143164572232571,0.012985075995762983,0.01477655077585346
679,0.014491248366276467,0.01357307858752995,0.014426116230615094,0.016608139074579528
680,0.01566195579730406,0.014299324732496052,0.01704774536134842,0.013500648408131411
681,0.014698912083319244,0.012755159460678431,0.014555705267650685,0.01613920504312995
682,0.014741051834688814,0.015351261795443953,0.014966340341022948,0.013932341092986217
683,0.014671743888220895,0.013839583793924172,0.014059859370662914,0.015403414318794079
684,0.01384557534380552,0.014104489764995544,0.015480151689279433,0.014617451074362216
685,0.015250983127224334,0.014033041787477371,0.014112185881059034,0.014889283204869692
686,0.015555482985986316,0.013347203884582113,0.01425599097467402,0.01686608961293928
687,0.015021562455129632,0.015097918890227277,0.015608639328595306,0.014507643286315744
688,0.015117742094755032,0.014055258244803715,0.014303834511811282,0.01342095094017472
689,0.014414484985159928,0.014694513244290195,0.015204719991729582,0.01362234365917301
690,0.01577828892801044,0.015303325176514525,0.014530288070462178,0.015811527559804733
691,0.014307240246270834,0.014812818081294234,0.015075603879383415,0.013479139127896556
692,0.014478178012517355,0.014177616495402239,0.014110352284895464,0.013525188093808321
693,0.014525846452903031,0.015313559538697447,0.015853279716491128,0.015388215706972191
694,0.014335356281202699,0.01382184657842946,0.014438179888490593,0.014389154593360194
695,0.015519445522664519,0.014620470541289224,0.016556411211496508,0.013841213296404803
696,0.014364492122039484,0.013601899274758569,0.01629191184834777,0.013522802390701277
697,0.01360625679089608,0.015600780128563259,0.014903467210889434,0.014357508242439776
698,0.014586740886038587,0.013281343502372462,0.013779907940344383,0.014550366749220958
699,0.01519391656653552,0.014283849010635334,0.015138597346613878,0.012773941311786552
700,0.014436843653023433,0.014832847986343555,0.013982311878572852,0.015537164491608448
701,0.013312037125898865,0.012011970985819808,0.014431535906026466,0.014945969890663447
702,0.013739738054779163,0.013369642265905573,0.014813706938499892,0.01708445126660421
703,0.013996913780011905,0.015000343886746769,0.013605111739065463,0.013542472342994114
704,0.014240302707452796,0.01222105681876049,0.011539563696815693,0.013429206286747425
705,0.013266279301158534,0.014517974384265456,0.012824069330241949,0.015882688599662728
706,0.012365361265453605,0.015460767002237594,0.013688229321518858,0.015694277528252094
707,0.013670007071205957,0.013138062095409313,0.013019343044223813,0.014223097838652514
708,0.013938947967643221,0.013719538249374512,0.013849384895529655,0.013349346484593093
709,0.01326258823821706,0.011688973423696158,0.012359980014446627,0.012246881799573497
710,0.014335377637010422,0.01564729421502863,0.015892130392570106,0.013672200628810591
711,0.012785698048829107,0.012740196276822081,0.013479072209026223,0.014187027961592052
712,0.012616446653243088,0.014406374377407976,0.013043841261055494,0.016284431392549637
713,0.013799303800265152,0.013285623161611223,0.01141898654494101,0.014276920519226686
714,0.013017025697250986,0.012858969249612441,0.014108782851104508,0.013622862031592879
715,0.012472240995998354,0.01367302116828069,0.013105366483767825,0.013006906396033715
716,0.011916026698055382,0.012319185429609018,0.013186652366985544,0.014053619129675083
717,0.012464217928020839,0.013063038654014349,0.01476607804359693,0.013216729137623407
718,0.012712989209262128,0.014559085000991775,0.014430259941897072,0.01286901654749027
719,0.01345499228385493,0.014907034411181878,0.011573464525224038,0.012696516356152385
720,0.01250400179619873,0.012590137831395485,0.014386258077104124,0.013067535203906954
721,0.012201346827640574,0.01341355803996209,0.012564289720326461,0.012373127719883963
722,0.01178382549728394,0.011973209869513191,0.0134790557714698,0.01283392220408745
723,0.013084415817529787,0.012462085721285748,0.012437500667484416,0.012339661464371368
724,0.011255970732438446,0.011401897034473488,0.01526886855015829,0.012293956361049003
725,0.013577796182029605,0.012108395074950666,0.012187713881736506,0.013731028476670161
726,0.01325843655588136,0.012012452320169098,0.011165067311909553,0.01452184080207366
727,0.011673723244793209,0.012369248369435005,0.011879220088980182,0.013859506741429457
728,0.011502272259963897,0.013237403499540577,0.014198192436791723,0.011895368337926347
729,0.012862397731937248,0.01463997414636485,0.012171312777066243,0.012525890043392137
730,0.013645644810725485,0.012877821313783433,0.012944954023092797,0.012629790816970016
731,0.012531260780552689,0.013911605180514082,0.011519954018746894,0.01232944444734802
732,0.012184057933556492,0.013355018324822466,0.012329963093765113,0.012903290276235971
733,0.01237888822213679,0.011799013959163109,0.013717266009951322,0.013662329098022872
734,0.01369985696181493,0.011639457584085211,0.011812970061437762,0.011825427622233367
735,0.01244261873018511,0.012729633455227245,0.014622878251733952,0.01261745225547734
736,0.0126640512801596,0.011864290425024992,0.014157627777074112,0.012473253736495158
737,0.012553773296287344,0.012619791316004058,0.013870551729550276,0.010986066189720051
738,0.013524951423502112,0.011850166894970239,0.013095009835962259,0.014701047177463653
739,0.011615830997014234,0.011543547433783856,0.013095271386278633,0.012390039230613631
740,0.01170331053423854,0.011330329898403825,0.012350927728805498,0.012754380224016794
741,0.012491690059114236,0.012291815927924235,0.014351025622310411,0.013025639670450605
742,0.011196852487864157,0.011044823972733151,0.013217241207191525,0.01315557815333827
743,0.011540590475357146,0.010920586187913684,0.011331361238652542,0.013849907654602157
744,0.012056571470635026,0.01318870409682671,0.01242808375779497,0.012709127194210409
745,0.011515711237717462,0.01207300851394056,0.011888013442163203,0.013615367275789648
746,0.012965787330602427,0.013353565481629132,0.012129132809505259,0.012511161964078348
747,0.011066924497840176,0.013386662141294694,0.014116198374117223,0.012652293052737747
748,0.011021608249478813,0.011940632760113772,0.01172065618318428,0.011168010637036686
749,0.012046339035173948,0.012819248584077191,0.011216031552422298,0.012361672168786024
750,0.013128646045521709,0.011154394790532686,0.012247091308128028,0.012481058273072236
751,0.010541343924486017,0.012724782797180114,0.012218162637435203,0.011329359015209201
752,0.010097061879578437,0.01217972762502223,0.013699960777032838,0.01248055095169792
753,0.011192504037213532,0.010396172718482867,0.010553640128506531,0.013479582720952305
754,0.011476242991235244,0.011598777507546692,0.013568855784872595,0.012231374257763663
755,0.011638146583471792,0.011704840094246612,0.012021656263986191,0.012077889658347085
756,0.011072917894615055,0.01094599045944192,0.012020024186938514,0.012598138033214249
757,0.01143358585172236,0.011732460565914373,0.011338714137177136,0.011896563809388761
758,0.011239503604265162,0.012536437125359639,0.011798483595406688,0.011276339579404158
759,0.011777846174184753,0.011899066848854273,0.012069195001270934,0.012142595644705158
760,0.011959767967104342,0.01061206212211246,0.012414687492955278,0.012099081939815163
761,0.010790428493400703,0.010371162042937634,0.011368668264908358,0.0111535187580437
762,0.009762491582669713,0.011604490720612932,0.010787274130356106,0.011840668894968197
763,0.011333360924325577,0.01186363948981115,0.011723896838650754,0.011959452748101035
764,0.010521738529767441,0.011061662368077412,0.012469517827715609,0.010895803821516928
765,0.012220869826885122,0.010829797746050656,0.010778765225050746,0.010625472082565663
766,0.010609515126627313,0.011126984817192896,0.011245320629384638,0.011818554665825464
767,0.011102632315420663,0.010829159099559074,0.01097926757358035,0.010317926106604135
768,0.01073801405485877,0.011633921592575681,0.011013213053652715,0.010419735587408614
769,0.009618878458636236,0.011759729136997825,0.010800609030384635,0.011253719341289095
770,0.010757713340765349,0.01175944661829294,0.01067007120572499,0.010730037994588505
771,0.010869328897699827,0.011004153724510525,0.011029845914458228,0.011230438111976044
772,0.009678220203927336,0.011286784866926547,0.0115074781974589,0.01129106784973252
773,0.010604441078150062,0.011849732918570714,0.0112088981842769,0.011135168185885978
774,0.011593065022092265,0.012217228236693484,0.009940639473385037,0.010687596703145933
775,0.011223917451708096,0.01007958990867937,0.011326294183851502,0.011058143824456306
776,0.009850411498471535,0.009832736904944336,0.009720500893301186,0.011171969124624218
777,0.011056942598808657,0.011297694126232058,0.011107831467586508,0.01089231129920417
778,0.010286808906527927,0.010665370849975812,0.011625318981932245,0.01292952785670944
779,0.009065263814596181,0.00973901992009413,0.010912860813227242,0.01014127791240677
780,0.010999215251788501,0.011034610873047806,0.011896551782190965,0.010714009611750798
781,0.010020096012785334,0.00973500731067161,0.010420586407207952,0.011686714136086612
782,0.010265250969393097,0.009670229906764798,0.010813916568002518,0.010249809231402273
783,0.010305976964513703,0.010442079756380942,0.010527640425564946,0.010316131840456487
784,0.010790519127446113,0.009511850087076286,0.010246526856224562,0.01089732553058884
785,0.010140774472657864,0.009674337684211056,0.010334194279313324,0.00984358149301713
786,0.010491436314989772,0.010947973634964726,0.01022196363160709,0.010856593492764409
787,0.01025645563883918,0.010192682340552525,0.010007271426093955,0.009055367301595004
788,0.009889011582409311,0.01108327280269951,0.011280444152565954,0.010386152881254739
789,0.009844729940656246,0.00975509056494128,0.00936833160069172,0.010977413125398803
790,0.009252209197577261,0.00970900558925551,0.01085158649963011,0.009443659115383024
791,0.009428448566398809,0.010034051261251098,0.010674789539376457,0.009913254385213498
792,0.009947945315265386,0.01086583880929594,0.009827649369826288,0.010498474987658548
793,0.010024791159115046,0.010168554895057491,0.009737839255188847,0.009107974359163403
794,0.008768363827437639,0.009206993431778297,0.00910850061456029,0.009005471151332625
795,0.009215167863139827,0.009636265995879351,0.010470536136285678,0.011629644159820958
796,0.00977343880818417,0.008663520952930525,0.009276190487665703,0.00971315402000647
797,0.010035100412885325,0.010451170597758805,0.00917513249996617,0.009558928754320321
798,0.00907216579118027,0.009228840913939019,0.009924769852763417,0.008014046042256667
799,0.00960329359992102,0.008771593866261385,0.009139260604904435,0.008818963630665658
800,0.009661920066250594,0.009422864498974072,0.009175642551023568,0.009068425095429329
801,0.009208752013594484,0.00907769995444896,0.008833145564917497,0.00920612897411528
802,0.008698594448211545,0.009284684173460976,0.00831961576663763,0.009520934732420895
803,0.008471258584361515,0.009464366699119,0.00961548293564312,0.010732318503117417
804,0.008036154605804445,0.009688871981249765,0.008674119479574657,0.009271143065213455
805,0.008726167458351142,0.008638184434960791,0.008637510531034063,0.009438244548235797
806,0.009592592411212056,0.009580905986836998,0.00985948172988919,0.009397963610707508
807,0.008640658089698052,0.01041678121513554,0.010570679889145937,0.009816744126171261
808,0.008419876711083444,0.009886108191293257,0.008683318413596985,0.009908939979511037
809,0.00871512983780593,0.008086897607271652,0.00940643391455231,0.010424525320618074
810,0.009836528546420444,0.009295212118374899,0.009438731231438194,0.00934222980520652
811,0.00852926821068416,0.008235538806799335,0.00813767507128932,0.009212602857985946
812,0.008596993360773839,0.009176757716016538,0.008381304894627066,0.008949256400015721
813,0.008599097129447631,0.009303839314436235,0.008635520165719609,0.010352700963732494
814,0.008813814229106352,0.008665757052670591,0.008828967958658875,0.00790521320867094
815,0.008949184807851803,0.008348610884384943,0.007740664340806776,0.009862714468483967
816,0.008856800761060688,0.009798305835067975,0.008319369938496617,0.008984111342067535
817,0.007690696911128469,0.008966564573510465,0.008122206860821116,0.008552500207984776
818,0.00866860356652836,0.008513552737582024,0.009374769459757761,0.009330546738424228
819,0.007960274268074087,0.008584311651021954,0.008584763757617325,0.008359310733570425
820,0.00828495473001135,0.007786856975995544,0.00965348403027433,0.009170780822709147
821,0.008240901077744221,0.009841898304596627,0.009248388907827889,0.008508074461160855
822,0.00823519540046434,0.008320486088295826,0.008561786233782568,0.008569658015811861
823,0.007623966952897375,0.00869348560333793,0.008068523323521036,0.009251394903345866
824,0.008306887235799578,0.006727717890742149,0.00861349327813569,0.00830021591023806
825,0.0079855740740387,0.008459521701406321,0.008487800199518803,0.008208516116249462
826,0.007401617784044297,0.007546054337124622,0.007870354955249044,0.008158244953914333
827,0.00743594935780379,0.008523869008108911,0.0072168863591943015,0.008438866859092396
828,0.008404937578591915,0.006968961001274453,0.009625534290185303,0.008974790317199657
829,0.00902537394967169,0.008432393001357067,0.006871784074332734,0.008153210563284483
830,0.007543579013419173,0.008415293431106075,0.009207374371682418,0.007069512146994809
831,0.008532164629247278,0.008671430274318532,0.00819164453430551,0.008043464105570698
832,0.008151154558785482,0.008404389430750427,0.007637755560763839,0.00785850203645842
833,0.007778347865761726,0.007773760124344025,0.007542737344768541,0.007594842734420389
834,0.007713547046132962,0.007695116869020458,0.007577179326183916,0.007363170675185231
835,0.0077051879079175975,0.0072550680437543065,0.007364406690442079,0.007108119710416365
836,0.007550112419293924,0.008282713083560498,0.008013553829557608,0.006746852564368516
837,0.0076270653989823686,0.0067544069927937146,0.007409892001903954,0.006881415994130397
838,0.007568008180050342,0.006622669563374427,0.007199266963024352,0.007762085265553342
839,0.006772305613550277,0.007112634391985557,0.00811964071494765,0.0072986391862676185
840,0.006769672105567071,0.007705245671360763,0.007310239050088038,0.007099728350247008
841,0.007208155514287585,0.007727482644976643,0.007181950637099265,0.00736408774156
842,0.007104842930227818,0.007266358061132659,0.00746038352199972,0.007234902485423614
843,0.006583576532804092,0.007702320599592161,0.007668681657197101,0.0075844654388709885
844,0.00783468502346409,0.007526146502638132,0.0077883245344411,0.007687578272655763
845,0.0069452472961716,0.006595368075946082,0.005948030950238314,0.008214695542957427
846,0.006637141123692394,0.007361415009731381,0.007462633858933251,0.007352628813115935
847,0.006743410078416597,0.007080904333173217,0.007648623800148318,0.006273023707836774
848,0.006505359796867812,0.006826020534255826,0.007308445434800935,0.007903058019462585
849,0.006786761999940039,0.00700384344832026,0.0077574502916206226,0.006945966369350952
850,0.0069439963321823745,0.006735689969725931,0.006982420400457877,0.006992957777937851
851,0.007373045927585338,0.007202421070609524,0.007158671279202247,0.0069718554971690185
852,0.007045829404729216,0.007307470761436134,0.006831495725960471,0.007588951119774883
853,0.00682015301996164,0.006649568503102579,0.007335345267259261,0.007246005197512324
854,0.006683399922063017,0.00608760606739856,0.00716639757528412,0.005788844782972527
855,0.006486197998794181,0.006813111248849497,0.0065936780935144015,0.006407396330219639
856,0.006565946106761166,0.00726915449502267,0.007383473065584496,0.007138287935147736
857,0.006752633775938718,0.006303387383396616,0.007146145620163325,0.0069323386448594026
858,0.006520733111736691,0.007109008917778492,0.007409666026810186,0.00688437941893837
859,0.005613806048843818,0.006275343768312058,0.006750897613333132,0.006944247264375527
860,0.006976097913814288,0.0061131972540680694,0.00683669246982482,0.006588614776698168
861,0.007335861523745452,0.0066690022132529034,0.006272205281494387,0.007789720596747399
862,0.0060671568665834705,0.006187759410808298,0.006699773002329221,0.007166200405843451
863,0.0061937310971950914,0.006447394425794267,0.0058550529226546666,0.006388626830767019
864,0.006370039460390689,0.006386274841156495,0.006725755498087151,0.00682700450766742
865,0.00598381964039751,0.006646366839047444,0.006916596581625978,0.006221312208888458
866,0.006174067877670942,0.00627069403523878,0.006227399799725222,0.0065057754688441745
867,0.005714991630011452,0.006164343214242557,0.007146536201711887,0.005685885755670728
868,0.006103356851163998,0.006501003999890675,0.006559873090598075,0.0068899359388599766
869,0.005789540022720655,0.006321940161457608,0.006884979424067652,0.006328217014439941
870,0.006408294143897248,0.005976382709110028,0.005924649538361165,0.007134572097288532
871,0.006261008411379904,0.0056729246315599165,0.006106514088499398,0.005683138253674587
872,0.005578175266674637,0.005378988258298562,0.005951961596012232,0.006008343408153646
873,0.0059002567018861226,0.006254049857533576,0.005705250696966238,0.006054140691817048
874,0.006043061889775017,0.00666562667900387,0.005411206398344448,0.005636664803746013
875,0.005751947554558017,0.006638058208588315,0.006320789734725869,0.005237554538826469
876,0.006484940354082207,0.006310580408421866,0.00626730230692538,0.006530344918051869
877,0.005568716409434457,0.005754143393755134,0.005862151653576702,0.006400408018957599
878,0.006373951785453577,0.005645993692574019,0.005876992541573534,0.005731864911988966
879,0.0060093983843718226,0.005870219877873537,0.006031280450248643,0.006382895689938133
880,0.005770740730592665,0.006210137404440366,0.005573963485743755,0.00583591390025366
881,0.005458088212065812,0.00643646355833763,0.006273338917374942,0.00542459059804539
882,0.005079516064779217,0.00535139497566883,0.006298692307458033,0.0065052181820353105
883,0.0050979491543446135,0.006009926524040715,0.005760741591506335,0.005409142016891525
884,0.0051294098746401,0.005359431619744659,0.0054473122275337385,0.006274520089250481
885,0.00549627579805675,0.005886765183546621,0.005757757454034098,0.005478990827132632
886,0.005294431629009007,0.00494732993235706,0.005595589404259622,0.005337769847788373
887,0.005453697977145005,0.005461519337779538,0.005992767920604554,0.005511049560942465
888,0.004983519473346567,0.00573556985175695,0.005704171330958811,0.0060914987827224085
889,0.0053238487165485,0.006135720553053167,0.0046690682118443174,0.00596551250097492
890,0.005278339229575179,0.005796553386678632,0.004817687077517921,0.005328920907237675
891,0.004766383377563119,0.006264502985996606,0.005553040538574447,0.005565632657734435
892,0.005393350897148276,0.004961768499656645,0.005828627789354267,0.005167023078155127
893,0.005673551232784963,0.005375987269353737,0.004987136843162226,0.005377682932135094
894,0.005288011659378501,0.005537706984627464,0.0056579582452617625,0.0052415057304535245
895,0.005035550430892354,0.0051481965471242815,0.004997770895645629,0.00523155031676031
896,0.004900642839598128,0.005185792692694986,0.005012123081872182,0.005329105434654782
897,0.005865384116926446,0.005294861988020335,0.005442119388825939,0.0052555497038871335
898,0.005433383636966321,0.004908190752792501,0.0050971616595631205,0.004966707343569728
899,0.004774986074654835,0.0057776548773191775,0.005237525253043511,0.005468688143442253
900,0.004282572220766518,0.005958550752761704,0.0047988829387551335,0.0053726143012533195
901,0.005047813601265491,0.00527584390772022,0.005559708756359754,0.004689352324021237
902,0.0048674139476575255,0.004654103091409237,0.005461316676177983,0.005115288567046334
903,0.004957432077026709,0.004685841655450506,0.0058195504920318915,0.004767624789123624
904,0.0053110530269166924,0.003909377591692974,0.0047734998467458154,0.004581420801355238
905,0.004771951320350173,0.004964084214935616,0.005149608982174521,0.00506125366134559
906,0.0053676813760561055,0.005436100514402626,0.004487083910731568,0.005252658191583762
907,0.004410386026360679,0.0050740112077140844,0.004326996378661466,0.005515306128528907
908,0.00472687823204125,0.004410222375169657,0.00470403816811698,0.004362408735304154
909,0.004231317026469986,0.0048696884958800615,0.0038303161885051545,0.004554526878442735
910,0.004245152082771748,0.004739997363111315,0.0051959492510256,0.005570632209274705
911,0.004702939069885905,0.004062277457690794,0.003974678176033186,0.004846106718552008
912,0.004143378661653572,0.004441050618322607,0.004329392687937541,0.003941586485619096
913,0.004596165766723898,0.003910851208193627,0.004357150182497806,0.004470756539228662
914,0.004748961820309493,0.004226476957850776,0.005306396115932424,0.004536763127406134
915,0.004604373420781883,0.004290166831794051,0.0048756159484215425,0.0042243088216902145
916,0.004863398541750734,0.005324296740623984,0.00458719362630771,0.004353567785406168
917,0.004566201260229753,0.004371908826014265,0.005102984221868256,0.004724917609682157
918,0.00449152872311768,0.004819828401277778,0.004711387221372202,0.004572816866429452
919,0.004521802225879557,0.004862938940591075,0.004821293785574428,0.0043434665835600725
920,0.0037754299370997245,0.004414102366951172,0.0045300979441099485,0.004930843112672939
921,0.004353462859328165,0.004591972167946628,0.0046324357491282905,0.004996389001574047
922,0.004446642565271118,0.004822032147642551,0.004370267628072154,0.004351938286750168
923,0.004383848676550446,0.0039953086162532025,0.004924989717964418,0.004813768072152134
924,0.003773823585881488,0.0041944681145174014,0.004940978284810219,0.004305964050297585
925,0.0038182186536421907,0.004852062786039455,0.003808036069088762,0.004438825935835919
926,0.004015432981589722,0.00451526368443606,0.004033376532648098,0.003877122290847188
927,0.004420561158373782,0.004604124464100681,0.0035757657746121356,0.004781781628461363
928,0.004255555689265688,0.00412682130634507,0.004236815667109989,0.005111940210682452
929,0.0038416367907271763,0.004711013822562378,0.004197375805898244,0.004157008778188083
930,0.0037939816039744803,0.004142346420271731,0.004467849862553329,0.0039713644988758675
931,0.003840734504830436,0.004288776488738893,0.004779659544949622,0.004693033721573305
932,0.004114982714902857,0.0036292271440466223,0.004176932361891727,0.00418362439342986
933,0.003918823349994289,0.004269136767730999,0.003991512388532339,0.0037984985114576176
934,0.004137216762714412,0.003648678769283546,0.004635682058490325,0.0036492504216311047
935,0.003641047279407979,0.003674566967718408,0.004112681904649718,0.004089437770902443
936,0.0038197047498124415,0.0037845523913565345,0.003985636262501788,0.0038026570181340534
937,0.0037481511046513934,0.003445079344696674,0.004578573197495095,0.003712086484709245
938,0.0034513417839221495,0.004128058327670072,0.003963767657578363,0.003988364988664211
939,0.0038614943777032706,0.003956341091532587,0.003716479116092602,0.004145970000567246
940,0.003894849088512065,0.0038115733118453676,0.0037674776651668617,0.003975240883061396
941,0.003915607269184261,0.0033588432864838642,0.004374949686487598,0.003705153055850905
942,0.0035775273139331504,0.003741915298311316,0.00406195492540396,0.0041619316557122
943,0.003614095771442958,0.003551292080989738,0.003769639695393839,0.00346737098093877
944,0.0038135859798370674,0.004175990648496407,0.004539453273052086,0.0038951448055055335
945,0.0033866111519507964,0.0038017820832386556,0.0033784554450401664,0.003088113366148358
946,0.003554448405456012,0.0035116251709409944,0.0035563937119464234,0.0029954881296969807
947,0.0031478768575123545,0.003943808369033069,0.0034449226556030337,0.003665112074115116
948,0.003433917897913147,0.00404144645162709,0.003528606489869261,0.003453591623111725
949,0.0031227897529149205,0.003568064809648884,0.003445107315273524,0.004322970275608893
950,0.0035797175104004307,0.0032724936831213646,0.003840829682522021,0.003814952216342673
951,0.0032767923895703735,0.0036146109195174087,0.003564439939632474,0.0035127221937853274
952,0.0033904305760705323,0.003910754727847541,0.003570715343185322,0.003297103689525184
953,0.0032296708070475113,0.0038636027533226714,0.0033503348963662967,0.003669380403551055
954,0.0035778705817858802,0.003813738037249152,0.003400389362124612,0.003623568429040003
955,0.003362858746350013,0.0038377423917652954,0.003486646424939616,0.0032626465735581364
956,0.0032384621053749363,0.0033839373821087726,0.0032686876407293924,0.0036364214570322566
957,0.0033013790678809132,0.0035035642282023644,0.0034975755259206943,0.0035590601837701312
958,0.003404051656329848,0.0027955259893951423,0.003668446714497323,0.003256082665485361
959,0.0031245544930816223,0.003081859291013598,0.0031721674978061136,0.003204370688973161
960,0.0031322294909006104,0.0035490863664952082,0.003363483864964678,0.002862868730788391
961,0.0033410938799684105,0.003205029299374335,0.0030373754617619353,0.003445729566144877
962,0.003263058564153661,0.003117353965792433,0.0030651409233993575,0.0031014394053746116
963,0.003242356794221859,0.0028711495900847327,0.002969381851701074,0.0030564295107586067
964,0.0030821758434385234,0.003602699103449902,0.0031640169811552395,0.0029942604822497244
965,0.003092946283857535,0.003347810911075947,0.003229795379246184,0.0031009312084470425
966,0.0030041679647326972,0.0032443820540160404,0.0033462337961765757,0.0029069151533845116
967,0.002908717929066529,0.003129199940323196,0.0032075520963616576,0.003225749500040576
968,0.002795369755463528,0.003295045708384665,0.0028323735536172658,0.0027817267430454576
969,0.0028407402445065253,0.0033229693906787813,0.003385601331009842,0.0031454107770749655
970,0.0028743113031592738,0.0027861189941810723,0.003183637881814708,0.002857646923283904
971,0.002819635093088726,0.0029022777022486394,0.0031008983470993453,0.00321844212778483
972,0.0028179701886176635,0.0029309039691426007,0.002867497391969868,0.00338207045209103
973,0.002920834819840937,0.0028427943821481955,0.0030768435203319673,0.003159332250374869
974,0.002582485041644959,0.0028719206767475725,0.002770235231599378,0.003022681168603782
975,0.0029787179415859603,0.002752830004721632,0.002713625388315181,0.002625346263379378
976,0.0031319770639445794,0.0030063709080484446,0.002796173514940428,0.0031576220279853997
977,0.0027435361557998734,0.002724134016092779,0.0030055940354889966,0.0029548640571345946
978,0.0028995360422465143,0.0027898447481806473,0.002945619701027268,0.0032073596339909916
979,0.0025670462186140504,0.002550245172341772,0.002909731474586877,0.0031495189510633175
980,0.002929067330862302,0.0028195625986541014,0.002710127329255602,0.0030104705525766354
981,0.0026832327265912267,0.002852919875724217,0.002831295259373281,0.0025303250328116544
982,0.002641286714931836,0.002556759213148077,0.003097948795187104,0.0023638583350682847
983,0.0031021567034714387,0.003120270538284288,0.0026963954044369126,0.0027519925915140513
984,0.002469484398205222,0.0024912504100071935,0.00315121478271792,0.002662776192736481
985,0.002625817590592555,0.002702799357731709,0.003235097254899675,0.003009776182815336
986,0.0025891959071497944,0.0024060961345610168,0.002655424363326919,0.002742053972602954
987,0.0025448820909546002,0.0026306891667480436,0.0028966083026587845,0.0024167915464209946
988,0.002679495889604936,0.002546809491370347,0.002685443992419193,0.0028388332457101374
989,0.0026442076902252368,0.0026032056895315325,0.002537938699454686,0.002672348508716181
990,0.0026410229393227574,0.002709430342186035,0.0026023647864700694,0.0028206922837683513
991,0.002563682526739204,0.0024974284147669915,0.0028514315157890445,0.00262247508626493
992,0.0027095003257033103,0.002347167779004762,0.0025053314749631144,0.002645352342534688
993,0.00246580132955972,0.002553255396794689,0.002727252528787498,0.0024965200066458474
994,0.0023814911909022735,0.0026442395809651736,0.0020821456496847458,0.0024418286785605806
995,0.0023281587501650636,0.002193008544401266,0.002828579597072957,0.0025461657458954756
996,0.002490787847335365,0.0023721381886932127,0.002701003930808535,0.0023251838061082476
997,0.0022653338461830572,0.0024257627793381276,0.002547847259714675,0.0027369747163895866
998,0.0024337929299703934,0.0026840968701889144,0.0023626135629172002,0.00265674851252777
999,0.0024413481326308914,0.0026340717383088992,0.0022845766789337672,0.0023612753623138247
1000,0.0025570943177951042,0.0023622136007028726,0.002453465880665989,0.0023859652504492897
1001,0.0023229285507317655,0.00221396104368877,0.00240173848832516,0.0021726999404300417
1002,0.002270804106875921,0.0019212146731499135,0.0024191921504863314,0.002629090060865446
1003,0.0023393130009622103,0.0022829963690611187,0.002260098593893444,0.002333470825169698
1004,0.0024409173850990207,0.0024059579791306947,0.0022667291188053855,0.0023688193553579387
1005,0.0021785701817390196,0.0020545164075392503,0.002509371728372596,0.002097682766902302
1006,0.002318326219382177,0.0021061067495614723,0.0024134720410775652,0.0022332564276227795
1007,0.0023625789796403655,0.0023510274857285237,0.002349877791875097,0.002118143196636197
1008,0.00233477051105667,0.0022121910325466235,0.0020937231187772086,0.002359163936264484
1009,0.0024301588177960483,0.002024350686553516,0.0022807841642883877,0.002444202273216732
1010,0.0020997466158252354,0.0020591635218005925,0.0019659132454140564,0.0022881242975790446
1011,0.002088438093336842,0.00238637213826424,0.0022842272798417216,0.002357558442464486
1012,0.001997021065832045,0.0021301592155720875,0.0022815177311135866,0.002885170825412101
1013,0.0023804299762170654,0.002103681235989378,0.0023049132764160025,0.0021670935874938853
1014,0.0019811862640935047,0.002181546988248258,0.0022851632123047443,0.002441594317767218
1015,0.0022029252010885322,0.0021853921785589094,0.0020653275762588298,0.002216638786704032
1016,0.0022410723840098692,0.002135859772599208,0.002044034401291675,0.0023928010050663097
1017,0.0020637468515050353,0.0022861462484255936,0.002105279062029406,0.002164664168968729
1018,0.0022351127082272182,0.0020666034566387327,0.002287591528044339,0.0022686816346115714
1019,0.0020097540742316003,0.0021039957941359037,0.002251966804976785,0.002074004701080914
1020,0.0022829722051142753,0.001824784027805013,0.0024125461499115547,0.002101937884479334
1021,0.0019871557779567823,0.0023399520410172696,0.0022590122746969214,0.0019889107970781153
1022,0.0019639173833304394,0.0020220637822474783,0.002110261803361844,0.002069691272746061
1023,0.002133482827639065,0.0021640627407641787,0.0018701943271870003,0.0020177831386115745
1024,0.0020567623809728875,0.002112584848269764,0.0019656055967289033,0.0021595138939707096
1025,0.0020310064690123634,0.0018167127603752166,0.002149034286217273,0.0018346894860287446
1026,0.0018322782071899509,0.0021277234884757965,0.001921322311921211,0.001951059215676035
1027,0.001969558348270262,0.00197300415110804,0.001972560080740544,0.0021232781298395503
1028,0.001974880572998222,0.002026914280208611,0.0018584740324050877,0.00202908420500247
1029,0.0017298138916746382,0.001914929963384015,0.0022287537730106954,0.002156145302428411
1030,0.0019573130353171637,0.0018369487300625225,0.0018397982131183488,0.001812168473869889
1031,0.0018527660726374885,0.001795185686458596,0.001861722023891034,0.0018925779228593734
1032,0.0017605965375070464,0.0016481809784571221,0.0018755213411472515,0.001745861171115546
1033,0.0017204502438178243,0.001972675649416034,0.002107576482011112,0.0017914228237702649
1034,0.001961479675189127,0.0018906172245454747,0.0016734271286040492,0.0018338307564884488
1035,0.0020453706539859894,0.0017497591531203443,0.0017049771883945366,0.0018884871996046795
1036,0.0017634206530422636,0.0019887292069386444,0.0017386288939378772,0.0019613432630337254
1037,0.001854049442588739,0.001699418830353008,0.0019161546945777306,0.00199438723362946
1038,0.001711592591066401,0.0018723679606439062,0.001868093443783644,0.0018552331191263476
1039,0.001627320514251814,0.001762213075467508,0.001999957796631922,0.0018222415133591844
1040,0.0016706408845838967,0.0018989729347650849,0.0016851652618654264,0.001711677970031607
1041,0.0017734590173856637,0.0018063393581970878,0.0018599732374742126,0.0018748422051435881
1042,0.00179836905126875,0.001673206043743588,0.0018450804316262706,0.0017118001756772712
1043,0.00156470376781739,0.0015944155643234344,0.0017423027710951147,0.0017870610539895352
1044,0.0016920404872271975,0.0019185022557862733,0.0016546965775730087,0.0014807479255374198
1045,0.0016055081433437486,0.001640117726879201,0.0018041379753455256,0.0017180519796823268
1046,0.0016494288706398364,0.0015276006747313984,0.0017101005593068278,0.0016850107268389593
1047,0.001609090589252926,0.0015041980013716474,0.0016433208142781958,0.0017478942313644368
1048,0.0015989828164395038,0.0014554084175351424,0.0016343230656319157,0.0018235838745353477
1049,0.0017357274463004,0.0018531555393633758,0.0014714464449721817,0.0016434163645102286
1050,0.0016974328837722822,0.0016609816449365835,0.001607941011304593,0.0018682718891888132
1051,0.0015177825891626833,0.0017417027754419606,0.0019291343103820082,0.0018095189627554817
1052,0.001682238981903821,0.0016993974553398646,0.001459546673960529,0.0016199487707851362
1053,0.0015865233757183593,0.0015269449201306485,0.001719864469426481,0.0015094924834648093
1054,0.001657978491243223,0.0014822959049199625,0.001704721649140226,0.0015740053699146417
1055,0.001631766157747617,0.001649824556268769,0.0018742318893774138,0.001748164812980002
1056,0.001557568862363201,0.001535747606051058,0.0014777709016512907,0.001609209850913891
1057,0.0016577687042268392,0.0013882662480488334,0.001556276367423712,0.0016611490044248266
1058,0.00158073292612518,0.0013455651325141125,0.0014759809667148926,0.0014653335090583557
1059,0.0015372989651489856,0.0014748247411593574,0.0014213806782159297,0.0015365176616082576
1060,0.0015033653814870366,0.0015070193892838802,0.0015433243047865495,0.001289005292000895
1061,0.001575473683852772,0.0017026967030536625,0.0017155076008926525,0.0014463240314625228
1062,0.0015227305744080384,0.001444756324905547,0.0014997009754116675,0.001613509295732162
1063,0.0014877375379251667,0.0015591160242016083,0.0015861322618009126,0.0014547147024415075
1064,0.001407895086688185,0.0012941466917275337,0.0013640006699517492,0.001571459144176454
1065,0.001521886729444839,0.001418701035313641,0.0015000819525158202,0.0014284147375094806
1066,0.0013890566618239397,0.0014318290738495598,0.001634209389695305,0.0014748926520102845
1067,0.001492683669846473,0.0015694649202517034,0.0013836201044505657,0.0015725050733577622
1068,0.0014283087500403541,0.0013654344299630786,0.0014916278383367665,0.001449145571332752
1069,0.0012831637695553846,0.0014952375138385277,0.0014694221081943638,0.0013606318601613284
1070,0.0014150463363135986,0.0014806526082657145,0.0015071445672537479,0.0014258145595238444
1071,0.0014511395613554681,0.001364876608838775,0.0012291718069260458,0.0013580643611350168
1072,0.0013908078888367535,0.0013972216465868003,0.0014855567225159332,0.0015614138334375436
1073,0.0012868126342189155,0.0013321225440686487,0.00157534723574715,0.001541047485962173
1074,0.0013447316307372537,0.0012810828840581492,0.001442047055988968,0.0016062716078076493
1075,0.001366820718766277,0.0014506959598167537,0.0013176452184688,0.0014138918853309561
1076,0.0014540158018061578,0.0012900385255435898,0.0014452728263281722,0.0013601953563023566
1077,0.001308252204010027,0.0011827608287168054,0.001409695393156811,0.0013707055479531363
1078,0.0013269525320673502,0.0013668948909409478,0.001294879158736124,0.00141360155926702
1079,0.0013414720830076394,0.001417637108315492,0.001505170383843386,0.0013444091390981971
1080,0.0013117208536309259,0.001290599211770559,0.0014999785309399189,0.001409385383692725
1081,0.0014006442742334506,0.0013112311692184758,0.0015349295367819162,0.0013642520465433094
1082,0.0013143308287584534,0.0011885281280198032,0.0012563648238636416,0.0013782970182809515
1083,0.0012152853533581008,0.001328444042692869,0.0013700562214870378,0.0014145492632970165
1084,0.0013066498372559198,0.00116138121871896,0.0013811804567154587,0.0012480188615078024
1085,0.0012970375638206343,0.0014108582347568347,0.0014659433481573898,0.0012162972335354786
1086,0.0010469693599768424,0.0012186561180628577,0.001299022080234632,0.0012776943258897924
1087,0.0012793547045772226,0.0011139792538189567,0.0012384988696518507,0.0013107822072377746
1088,0.0012232204138181658,0.0012395531253004404,0.0012299629548643014,0.0013388531359807831
1089,0.0012102544139183929,0.001036642323763652,0.0013202213394334116,0.0011591922350646306
1090,0.0012412986695609983,0.0012100460670100449,0.0011057007508136815,0.0012314443914776413
1091,0.0010853945776249548,0.0011751902100453333,0.0010490154982039388,0.001408383823060024
1092,0.0013164713461307669,0.0011219077271439743,0.0011772727440717199,0.0012607393506870875
1093,0.0010828703211748778,0.0011197484259400723,0.0012349124400001831,0.001398029348262917
1094,0.001160404152541105,0.0010591974305489908,0.0011212664684689085,0.001060275501233725
1095,0.0012382572012170526,0.001066660741275743,0.001119369606669293,0.0011359775208100906
1096,0.0011721419904553846,0.0013487170480832023,0.001178562475945572,0.0012071403763478806
1097,0.0010278053601438385,0.0010876959763302877,0.001168158496873698,0.0012499550784435371
1098,0.0012535015157071326,0.0011817897560331934,0.0011659245466149185,0.0010570150396796234
1099,0.0011272965866129818,0.001092153255444134,0.0011291751604256646,0.001079822694541575
1100,0.0010969782518414582,0.0010933808729636845,0.0011281571570677998,0.001059924005183567
1101,0.0010495083454570523,0.001035730969287996,0.0010741632570170578,0.0011528021894416153
1102,0.0011027388845164185,0.0010666343070293253,0.0011137598833171145,0.001233733462025512
1103,0.001159217935994647,0.0012405860791481753,0.0012265689611182906,0.0011513326361443919
1104,0.001176756189705938,0.0011747537731262084,0.00109563432487342,0.0011960592928405192
1105,0.0009319828782281375,0.0009940447108983616,0.0011906740735185457,0.001132230615447279
1106,0.0011088360534181226,0.0009383775392217665,0.0011567475241291995,0.0012944772420357823
1107,0.0010465654979506906,0.0010550028195054255,0.0010997147532210156,0.0011557305436544095
1108,0.00101718523148751,0.0009979156437828671,0.0010732613679549298,0.0010266563589957436
1109,0.001078293097600003,0.0009902000236503498,0.001173813947920021,0.0010898956086600913
1110,0.0011771447790874965,0.0010166559082585929,0.001156831936031425,0.0010257403019299292
1111,0.0011211527372514559,0.0010998023046581468,0.001077927161131923,0.0009677045126806616
1112,0.000933675036213734,0.0010205624633018674,0.0010979299459510942,0.001090085541892665
1113,0.000939018800118427,0.0010546716124725769,0.0009777357642013805,0.0010399529131464975
1114,0.001030468817561782,0.0010669826781623288,0.0010524361358814833,0.000995302388082353
1115,0.0010192304861297381,0.0008746244350210835,0.000936163334996972,0.0011173232501897569
1116,0.0009555325727617358,0.0010502524738731304,0.0010748390757500542,0.001025840996212413
1117,0.0009679303907617279,0.0009913676256561367,0.0010183003433469776,0.0011681566818975107
1118,0.00093955457002983,0.0009739096174014813,0.00097792920496501,0.0009392045032567293
1119,0.0009691715431569887,0.0009812648643514048,0.0010117641949544266,0.0011281875950219125
1120,0.0010008255071767614,0.0010406627633879726,0.0010323047143017978,0.0009614868452149205
1121,0.0009868235638283108,0.0009556461886510002,0.0010022877481990328,0.0009439339566589719
1122,0.0009296934234456598,0.0009132540243817899,0.0008282615736124734,0.0008597222944007188
1123,0.0009746425368702461,0.0010190572728093863,0.0010909357044561316,0.0010753896868354687
1124,0.0009314133815148066,0.0009661535025627895,0.0009376022821051508,0.0009423718898194436
1125,0.0008951082147182852,0.0009414685837792836,0.0009913394958176664,0.0009493986229080079
1126,0.0009934585939709276,0.0010059346565810755,0.0009561082659196173,0.0009174686936993663
1127,0.0009548316745191562,0.0010494197618574571,0.0009663834176249715,0.0009523027792804091
1128,0.0009128786543744076,0.0010556002121005225,0.0010284699938732348,0.0010849508268661612
1129,0.00098703141710608,0.0010065938527361806,0.0009354508181821056,0.000867624742673844
1130,0.0009082905936664365,0.0009240284246615083,0.0009214836155252328,0.0009160700324574704
1131,0.0009480668453447574,0.0009905692731402987,0.0009856843649299978,0.0009782564464826168
1132,0.0009297355787942663,0.0009228356127607477,0.0010348115392916852,0.000943979921602746
1133,0.0008622889233479041,0.0009275855437385195,0.00089250549696247,0.0009404900451914777
1134,0.0008130876944497486,0.0007845850406469762,0.0008854710520732356,0.0008998421863286115
1135,0.0008783383372064302,0.0008482189869077672,0.0008138434701834363,0.0008895632922168924
1136,0.0008359013969417026,0.0009164266676309343,0.0009121896146742185,0.0008489900121367879
1137,0.0009622268764475204,0.0008698137252387263,0.0008143418035454635,0.0009784534745729428
1138,0.0008458593244726985,0.0008461039587114752,0.0008987556081847672,0.0008478858049818821
1139,0.0008331779066484242,0.0008440758117332315,0.0009740000632515917,0.000836011471197315
1140,0.0008936225078427413,0.0008454664769614254,0.0009142134351334885,0.0008342114553512465
1141,0.0008634257624167232,0.0007982564322909102,0.0008650212707750259,0.0007323979140484308
1142,0.0007999757523701432,0.000955717404297396,0.0008783217279415694,0.0009927833256577574
1143,0.0009268475869298156,0.000819545405756232,0.000829835677637619,0.0008567601349269645
1144,0.0008032586824164268,0.0008192572339048286,0.0008195616208396176,0.0009258074503153016
1145,0.0007979938268615257,0.00083247223440769,0.0007928629380899606,0.0009800568201819512
1146,0.0008684068509822577,0.000861096423107659,0.0007042906624191628,0.0008202105834314637
1147,0.0007977575864409532,0.0007949326092402424,0.0008759522510592065,0.0007425771470197963
1148,0.0008738257946835434,0.0009049064559476323,0.0008898809783628937,0.0008595816452938454
1149,0.0008183067134605445,0.0007897801368909309,0.0008905054869326075,0.0007527494086211757
1150,0.0007567445599880645,0.0007976857385434624,0.0009144103274991689,0.0009424238466864676
1151,0.000787945555258474,0.0008172891703943596,0.0008183908989905034,0.000869540068251578
1152,0.0007808838984998704,0.0008980495901868038,0.0007713336027791013,0.000895236601416445
1153,0.0007684292770520197,0.0007002275624137046,0.0007738556095104693,0.0007159794832081619
1154,0.0007478415310683839,0.0007175757881651471,0.0007656393175337467,0.0007344366781824925
1155,0.0007768239912464947,0.0007048700752744602,0.0007542231492132548,0.0007223164873891111
1156,0.0007720634313279984,0.0007301286844158037,0.0007982905276347098,0.0007407105713280118
1157,0.0007950100460199495,0.0007718320645717642,0.0007527264051038226,0.0008154855331920342
1158,0.0007281120631358164,0.0007470925049135923,0.0007461488785230411,0.0006679477087332109
1159,0.0007058312376480137,0.000667388406562556,0.0008074235544840751,0.00077533955434845
1160,0.0007618484375594832,0.000840951627494464,0.0006947841258407444,0.000794138284912367
1161,0.0007502978699212137,0.0008077314135229689,0.0007821649908110898,0.000781163698383855
1162,0.0007280821238177782,0.0007481673434099747,0.0007114883417216753,0.0007519378069328584
1163,0.0007667446759578029,0.0006384418096073971,0.0008211300597115623,0.0006604988971203382
1164,0.000714027876659303,0.0007209266914839957,0.0007583320872384757,0.0007300147881969171
1165,0.0007158574243817454,0.0008338799065111531,0.0007047744448976754,0.0007661664870702979
1166,0.0008219644817083306,0.0007574300051101528,0.0007165129917996571,0.0007385610301779673
1167,0.0007112002170099995,0.0006645861715101866,0.0007174564030052668,0.0007627106099160587
1168,0.0007558629860013161,0.0007407651344645377,0.0007371926814592234,0.0007587783113255513
1169,0.0007019294426244975,0.0006330780639426371,0.0007446620596719375,0.0006426139382582324
1170,0.000682716967733925,0.0007655863189083062,0.0006858992521693676,0.0006495916106645804
1171,0.0006913674856821551,0.0006466342431329668,0.000719034071087588,0.0006944611841407933
1172,0.0006847834418413524,0.0007737799982905037,0.0007076590902792363,0.0006510784535812008
1173,0.0007038029297903616,0.0006400610247044502,0.0007225621919104776,0.0006629119771849772
1174,0.0006223129285015352,0.000664069245620528,0.0006990592664983963,0.000668783942071402
1175,0.0007062754323394237,0.0005936395657737293,0.0006269921975139764,0.0007340969231402854
1176,0.0006544029282609988,0.0006951608821250591,0.0006460449065478365,0.0006894718633845983
1177,0.0006574093187868492,0.0006278723961286568,0.0007157288865384773,0.0007370407919940458
1178,0.0006683420549980643,0.0006068246051080779,0.0007464752269038397,0.0007602350734296813
1179,0.0007415702120394433,0.0006662173399383808,0.0006783872027637745,0.0006651681478538025
1180,0.0006697831072351416,0.000665890696531966,0.0006331075490701736,0.0006618093352030337
1181,0.0006472248518730433,0.0007016502811783695,0.0007076531622057905,0.0006432351208328862
1182,0.0005814570681963434,0.0006957568828883016,0.0006806694752527909,0.0006840599956103348
1183,0.0006372169316989869,0.0007272210042440498,0.000648958738193453,0.0007403178275228546
1184,0.0006690661190587404,0.0006634280336616816,0.0005945812613503961,0.0006428322432496308
1185,0.0005432179919771983,0.0006881786694108805,0.0006929795042420791,0.0007312259061903868
1186,0.0006340396019192684,0.000633305668209375,0.0006098590064633255,0.0005421582307326136
1187,0.0006387990650519455,0.0005767260325264996,0.0005983413077564106,0.0006464746922421455
1188,0.0006087630519462292,0.0005689529844630964,0.0006309706789462237,0.0007241856775584976
1189,0.0006073083078353908,0.0005805700297858922,0.0005889710488824095,0.0005929853346610468
1190,0.0006509820361601642,0.0006143442932934021,0.0006876821056302387,0.0005706907544586986
1191,0.0006321568084469091,0.0005117043582737271,0.0006056531170022228,0.0006724374647703414
1192,0.0006525204349713192,0.0005818823398986194,0.0005471338571684539,0.0006394196494452418
1193,0.0006348007809637508,0.0005313654587125426,0.0005617836022903792,0.0005994547891876306
1194,0.0006284034556838143,0.0004941445053240014,0.00063661781825478,0.0006273046808261346
1195,0.0005860948807591776,0.0006051663181924517,0.0005801119916397028,0.0005818781230126075
1196,0.0005358425102087927,0.0006198540513176876,0.0005629693960666562,0.0005339356115524567
1197,0.0005905094331410326,0.0005888307507078568,0.0006204756496032548,0.0005225319181748803
1198,0.0006518563499504851,0.0005757687449355416,0.0006040656886109284,0.0005321620897058659
1199,0.0005118794261540715,0.0005290134768333007,0.0005607731738139492,0.0006166765837256367
1200,0.000613363103003607,0.0005426285253509706,0.0006028789956660867,0.0006255581618465938
1201,0.0005509779693839907,0.000570567042821194,0.0005978507044008483,0.0005465218063603749
1202,0.0005585166560954462,0.0006063716988428448,0.0006658839358503051,0.0005475537127327986
1203,0.0005504391025602494,0.000578904896481869,0.0005552732330957286,0.0006016729075118912
1204,0.0005713936618250016,0.0005820421154198621,0.0005612548936366814,0.0005195348638176644
1205,0.0005918308364723456,0.0005847544234017876,0.000578219099322801,0.0006147046597993562
1206,0.0005908558683146917,0.0005537616357043723,0.0005979474032177965,0.0006223609210618984
1207,0.0005583564240251638,0.0005531478416017112,0.0006107746391805099,0.0005050396627285082
1208,0.0005076250339251227,0.0006205921815245918,0.0005333421622784653,0.0006776778214367868
1209,0.0005440185500034599,0.0005774089058402021,0.000578517236256629,0.000551091435498061
1210,0.0005522491261365684,0.0005732729016532796,0.0006049938758125327,0.0005900403014920379
1211,0.0005685601571362769,0.0006142276529044392,0.0005050809445172608,0.0005670329057661628
1212,0.0005045570810054433,0.00048043642202099556,0.0005922143429202536,0.0005908007509244865
1213,0.0005267783247827789,0.00045983140589449673,0.000546134966693018,0.0005699751439204341
1214,0.0005597466972296849,0.0005433291739239069,0.0004945138026936822,0.0005835725133281867
1215,0.0005354648470556633,0.0005256885630991535,0.0005372117228806022,0.0005323083495532617
1216,0.0005741801822937458,0.0005636583819199808,0.00048432514022692374,0.0005271665613187633
1217,0.0005158331132585441,0.0005373712339722215,0.0005034830934817846,0.0005678516295898988
1218,0.0005017079431236797,0.0004320319611348751,0.0004996872970986589,0.0005120357800692332
1219,0.0005124442842116988,0.00047358411993317904,0.0004987684816062751,0.000550190720680971
1220,0.00046200009409640483,0.0004957047447747063,0.0005485072467627665,0.000499831333928202
1221,0.0005175356949567542,0.0005006314940073726,0.0005283632655439008,0.0005202973599763165
1222,0.0004476665073634816,0.0005487375755296287,0.000482393035090136,0.0005600955905581574
1223,0.0004604382592879566,0.0005626747252841575,0.0004996509741321008,0.0005395083400306406
1224,0.0005230601679463088,0.0005249670820493633,0.0004314978364805636,0.0005651453910210346
1225,0.0004995511668499558,0.0004587724050828449,0.000498212744894347,0.0005257898006092962
1226,0.0004998718392945068,0.0004537782824804546,0.0004577269111799237,0.0004821721472913577
1227,0.0004912212798781208,0.0005023728733408866,0.0004979630253347011,0.0004962584543324174
1228,0.0004873021923627129,0.00048630030694783304,0.0004426376988865957,0.0004484571150580503
1229,0.00047433350742787875,0.0005212450673730207,0.00058597589554757,0.00039972459373912954
1230,0.00046920370457208304,0.0005402965646824188,0.0004540653416720329,0.0005130998891537019
1231,0.00045878479408765187,0.0005560276976351835,0.000550657240041184,0.00044220887912878944
1232,0.0005143035786172562,0.0005185420774546041,0.000507832603100553,0.000485498190231358
1233,0.00047041039409767283,0.00047017768608595466,0.0004975406046357293,0.0004900255240844647
1234,0.00039762317813645003,0.0004885148739798745,0.00047316643620666765,0.0004517860174713844
1235,0.0004619433217756258,0.000421721733596652,0.0005007252312125034,0.0004992298000712517
1236,0.0004990994452013292,0.0005155203951612904,0.0003868119517311745,0.0005011214761463183
1237,0.0004567486428059128,0.00039438430520968875,0.0004961333965890435,0.0005187892051531406
1238,0.000465138040964476,0.00044841583381665176,0.0004566327377638354,0.00048043990538878953
1239,0.00047748611697982784,0.0004218650057897768,0.00044285889480937034,0.00046876752737030534
1240,0.0004545203802285058,0.0004385859509885138,0.00048125879849476036,0.0005835822422518473
1241,0.000476585177064278,0.00042249256312580175,0.0004105580467558144,0.0005080256286346741
1242,0.0004349157993466183,0.0005074315036930528,0.0004396412798684435,0.0004506596068056747
1243,0.0004402487027256862,0.00044169273132615885,0.0004411214917778639,0.0004868057047858599
1244,0.00043698799210556655,0.0004886919132372795,0.0004876655322017394,0.00043132548604504696
1245,0.00044393694456883436,0.00045538442317593833,0.0004568443976831752,0.0004603475110243056
1246,0.0004401385826064278,0.00043763677107633644,0.0004907693653841347,0.00045027401279811117
1247,0.0004273652688275042,0.000425569321683058,0.000442710033656536,0.00038159285134043894
1248,0.0004365925617123169,0.00043668917074390863,0.0004613455768833014,0.00044635873882913253
1249,0.00040554212271081303,0.0004304159910794378,0.00046641669148482566,0.0004334415201201994
1250,0.00041793361041556434,0.00040829090340925285,0.0004159755329711437,0.0004259502044473083
1251,0.0004631149200807009,0.0004522221965950472,0.00045059212519227526,0.0004534783357362826
1252,0.0004572890892863792,0.00048047780600258346,0.00044314508261112317,0.0003522103422422464
1253,0.00040067457929159007,0.00043543483840812787,0.00042061046908113323,0.00043251264720997465
1254,0.00042731016789720555,0.0004560033376697822,0.0004335232245304938,0.00047387676344813146
1255,0.00048100385331834624,0.00041115845192868887,0.0004457396920648474,0.00038832096439776217
1256,0.00041236654352380013,0.00041965919875523033,0.00042136484046163033,0.00040381279363545025
1257,0.0004513380409008357,0.00039728325934578526,0.0004250611614995748,0.00042962128334707186
1258,0.00043432436942431317,0.00042094593278200294,0.0004009365717597132,0.00040945047943932234
1259,0.0003945053900872867,0.0004376420325066988,0.0004242348261394589,0.0004223711363091155
1260,0.0004150903433077754,0.0004617604039525982,0.0004423038668934815,0.00041890502684393356
1261,0.00036283330054726737,0.00037229324913513255,0.00043679008782833146,0.0004124156723128617
1262,0.0004576759094174487,0.00043158239182583167,0.0004104132078356235,0.00042565125672108117
1263,0.00042032037349681785,0.0003938034666759375,0.00037465165861565343,0.00041770718884321756
1264,0.000422281456282602,0.00041818859220981564,0.00036332207611795093,0.00038952190211660357
1265,0.00040869745108245705,0.0004134991382368232,0.00038668013527122763,0.0003588280691653858
1266,0.0004102573926774248,0.00037894240025910337,0.00040556979606065825,0.0004343029385922415
1267,0.00039307426026195965,0.00037466554241124265,0.0004452384797975336,0.0003705958583590294
1268,0.00042832583699444073,0.00038170441218423,0.0004535762443164656,0.0003816777516765089
1269,0.0003912554196769229,0.000421452219860787,0.0004189968845706091,0.0003912573217213425
1270,0.0003649081762342334,0.00033277333104714604,0.0003610739867817472,0.0003432314913356357
1271,0.0004235816769251745,0.00040476568289021125,0.00038293776976172666,0.00040978703355226226
1272,0.0003875923207308972,0.00040589988979615026,0.00037305083386014395,0.0003854287392519336
1273,0.00036606251021079566,0.0003844220766770759,0.0004196474921136756,0.0003563574941455455
1274,0.0004104158108306567,0.00041849258694270843,0.0003587305372786008,0.00038343979922978404
1275,0.00039650154744767655,0.0003624030921729056,0.00037101878881324837,0.0003978361646018326
1276,0.0003742216186269388,0.0003917302364429288,0.00034459610792182037,0.00032455373500422566
1277,0.00040490353508889954,0.0003832216917028451,0.0003516570607693145,0.0004149075843287999
1278,0.00037995927655848317,0.00038452541121146807,0.0003588570930936955,0.00046440338535653553
1279,0.00038128986148326085,0.00041873024480313243,0.0003471081856411944,0.00035198619737987236
1280,0.00040253039829447635,0.0003712111025150183,0.00031771410855722937,0.0004317526711707655
1281,0.00034826484246616604,0.00035995605708017103,0.00039848948140767503,0.000381955624629037
1282,0.0003563560136308578,0.00037906959611311416,0.0003305045742398309,0.0003545020807728343
1283,0.00042632099645249105,0.00041410102667840205,0.00039269082632861454,0.0003220107181018202
1284,0.0004109808984268973,0.00036996764987581214,0.0003659517857834572,0.0003675130262872401
1285,0.00036327819542467045,0.0003728859885497164,0.00034792687644050207,0.00036173936707260053
1286,0.00037275341634874294,0.00037934132465400816,0.0003627372949214339,0.0003657032799668761
1287,0.0003405568574933816,0.0003600354619299307,0.00039899821371805895,0.0003585157828260222
1288,0.0003481414469898763,0.00036304902264058537,0.0003450547959833215,0.00036582901992608923
1289,0.0003454128485358642,0.00034912753049711566,0.0003715793225233239,0.0003429643780840419
1290,0.00033859979661667614,0.0003452573423559678,0.0003677513938283725,0.00034636787160101726
1291,0.00032705738954053016,0.00038008689615694056,0.0003714873184073569,0.0003446760402061006
1292,0.00035725449237243204,0.00034985635146438934,0.0003186375432391257,0.0003357444132388331
1293,0.000352525071579127,0.0003331090161600391,0.00035158156003784683,0.0003307177939133443
1294,0.0003650390345094339,0.00038679194474478153,0.0003147833957052201,0.0003717482910814549
1295,0.000369656833538632,0.00037434609434394716,0.0003386448913679446,0.000388837621760173
1296,0.00035929806833960993,0.0003752920889472744,0.0003199226774496889,0.000356813212160371
1297,0.00032229629833762405,0.0003525695699786714,0.00031533989381846085,0.0003714671272824258
1298,0.00033432439972953435,0.0003139772122676489,0.0003446553026313138,0.0003260946577135032
1299,0.0003504585701112332,0.0003596347743664138,0.00031566933485294087,0.00030055063872054896
1300,0.00034748877389108144,0.00030976390404199394,0.0003399192520185326,0.00031428234746410006
1301,0.0003544841437052728,0.0003476521156676162,0.0003514119119181742,0.00032432472105269126
1302,0.00037312365705043256,0.00030529321957950306,0.0003904764797921975,0.0003399708456125244
1303,0.0003429936225898012,0.0003141175622375013,0.00029689507741677284,0.00034022546625691805
1304,0.0003411204533480502,0.0002989611615968272,0.0003272684510985632,0.00030889574915997706
1305,0.00032993450889142454,0.00032546297731422217,0.00027619992458818344,0.0003567314888772639
1306,0.0003243169464416875,0.00030770111158905306,0.0003138929202849486,0.0003027498848969593
1307,0.0003259746927859276,0.00032380940266025967,0.00031857468706780035,0.00034021218972253776
1308,0.0003451142958595748,0.00030940415290091393,0.00036704485096922956,0.0002933054381164465
1309,0.00030981055949117473,0.00032058298035924135,0.0003302594301842995,0.00034816346334329046
1310,0.0003101494301128158,0.0002887157870533876,0.00032429140840844003,0.0003138808796770449
1311,0.0003217724498756464,0.0003219432062671659,0.0003249900284167616,0.00034710986506150345
1312,0.0002975014677607874,0.0003505869900575614,0.00029895917087936525,0.0003101833274314518
1313,0.0003393719048378217,0.00028511867291755474,0.0003001396599247524,0.00031433545582551406
1314,0.00034757442822274043,0.000337553221598497,0.0003242102361252729,0.00032764058144386124
1315,0.00030075177479388295,0.00031682744722375255,0.00029073629211972987,0.0003138933054317847
1316,0.0002903496733081863,0.00032763907698219174,0.00032741314143344376,0.00031192680428876224
1317,0.0003159854857347712,0.00031628493219970925,0.0002937296706962233,0.0003465283033408322
1318,0.00032917476388798,0.00033767368995962527,0.0002991716663405624,0.0003199380655141793
1319,0.0003079794276529089,0.000305541557177909,0.00029742933864837593,0.00033472509234653674
1320,0.0003093708223630364,0.00034755377892104595,0.0002975526812111862,0.0003516603097091094
1321,0.0003321215449963872,0.0003441829268864131,0.0002834275326351171,0.00030376487040390123
1322,0.0003171759814904472,0.00030198458674249556,0.0002680462267269,0.0002949462806785714
1323,0.00030466896280822856,0.00028020774034700656,0.00031828034902563565,0.00032420536178318684
1324,0.000305657996041548,0.0002995283382484566,0.00031097527376393856,0.0002594592995305869
1325,0.00032033654243149626,0.00026717927216224314,0.0003112790249636619,0.00030621643077567213
1326,0.0003013224989441799,0.00027322308517388564,0.00030236099669391555,0.00030798116279555083
1327,0.0002829104076964539,0.0003183200106857054,0.0002747842952130027,0.0002949563867689716
1328,0.0003052308385829049,0.000272784652552804,0.0002869685262138513,0.00026790980047506724
1329,0.00030059814034175803,0.00026045370278931677,0.00029032553236560914,0.000303523142581221
1330,0.00029764951214380044,0.00027948112078832296,0.00029890630589371475,0.0002668496025327227
1331,0.0003014889459833949,0.00027337932879826804,0.0002978691483465681,0.0002845243029529203
1332,0.00030386429062790156,0.0002822881891003957,0.0002653845856504369,0.00029833078448222346
1333,0.0002778606766196856,0.0002894123782174894,0.0003004420404949623,0.0002812764137357932
1334,0.00031077008092762797,0.0002902219904092808,0.0002675867090868124,0.00027176520792413254
1335,0.00030031554170391924,0.0002730444369496172,0.00033882748360317203,0.00030992703726370654
1336,0.00027650374831350523,0.0003086929421785747,0.00027677458980068673,0.00028497202797184964
1337,0.00029045833337540514,0.00028170098316170674,0.00030136819800791024,0.00026994558453535274
1338,0.0003050962923789864,0.0003364664418735793,0.0002917196030581057,0.0002857509093896221
1339,0.00031126247812934534,0.0002787739836239439,0.00028155826537768424,0.0002845781849572695
1340,0.0002827688714584716,0.00027261635673395953,0.00026208871815318357,0.0002650100389859102
1341,0.000280164500698295,0.00027579602990296934,0.0002401808840489533,0.0002666748898208751
1342,0.0002814042687379674,0.0002559319734659487,0.00026132967313602736,0.00025232482206204854
1343,0.0003046416574753379,0.00025334772461266974,0.000261374494924041,0.00025910217751271735
1344,0.0002872238121479892,0.00025519771626544775,0.00027308198894413334,0.0002723315457432134
1345,0.0002842824003039637,0.00028737178217280637,0.000297080163665017,0.0002402395773404081
1346,0.00028431969154296834,0.00027763482298528747,0.00023194656549961975,0.00026464924594388325
1347,0.00028763692876182675,0.00028603735604564316,0.00024858830292068983,0.000279576880623679
1348,0.00026059088289040157,0.00029092085008471374,0.0002468159757923316,0.0002759125469894996
1349,0.0002926243110313666,0.0002819507897888781,0.0002730251451541748,0.0002561022493570775
1350,0.0002813048328844953,0.000266131623399366,0.00025713316981743875,0.0002568172461552703
1351,0.00026213762124334573,0.0002650541095812467,0.00027350587818816065,0.0002592586349848347
1352,0.000276701241116709,0.00026071909759293175,0.00025652733590121894,0.00027539063614490024
1353,0.00028363854840049966,0.0002767410182868664,0.00025283152766252215,0.0002598819173980333
1354,0.0002890087038708548,0.00026504905055665,0.0002805525934662527,0.00025548298809816017
1355,0.0002542699457445619,0.0002793468981584345,0.0002461408910566013,0.0002659132828455087
1356,0.00028834448650503814,0.00028728016342228184,0.0002663306920249497,0.0002564151909876851
1357,0.00027000431752118855,0.0002551686448801138,0.0002687672010000875,0.00024244769011898078
1358,0.0002693978182823807,0.00024712029776751657,0.0002796780688963536,0.0002631786693176148
1359,0.00026886248493232403,0.0002452005622343779,0.00027697484135437173,0.0002392414356410475
1360,0.00026523965563270255,0.0002798778615061747,0.0002702514385126921,0.0002761128874105631
1361,0.0002727433848503177,0.0002294472493795846,0.0002576254480395091,0.0002394369435219103
1362,0.0002977459240000699,0.00027756679814183,0.00023965829432895096,0.00022563057983733574
1363,0.00025216885023069915,0.00023283254223931197,0.00023455777769057555,0.00025360660744862
1364,0.00027948504113803276,0.0002586600831988682,0.00022692559216916337,0.00023561198131201013
1365,0.0002655072835763825,0.00025355167808078,0.00021172253172445474,0.00026543562727698476
1366,0.0002740879417665126,0.00024813490882159454,0.00023235102784942537,0.00025275566269332916
1367,0.00027338468868661625,0.0002438417113345556,0.0002648163358290596,0.00025024691244224603
1368,0.00024102660718553043,0.00023669300494421507,0.00026108709100008227,0.0002575089965221959
1369,0.0002710683109370757,0.0002679047069870395,0.000261237367122968,0.0002228809509088639
1370,0.0002486330870252117,0.0002163073962911849,0.0002616183196895536,0.000261507373643593
1371,0.0002639241153870162,0.0002537584347119739,0.00022750686730746216,0.00027320400482130995
1372,0.0002449915836462856,0.00024538603620189044,0.00021619082585215476,0.0002724337616033439
1373,0.0002832272666357251,0.0002212836898622992,0.00024160300248381864,0.00024891839885889593
1374,0.0002565570965239547,0.00023507500410589906,0.0002279364205323643,0.0002337001015502885
1375,0.0002866189072436946,0.00020671387881833285,0.00023710705662705902,0.00025514084297297723
1376,0.00023272507162245155,0.00023599237272039684,0.00024310533739103741,0.0002589163867771416
1377,0.00027702867166085624,0.0002505622640509296,0.00023213246129853953,0.00025520060705577676
1378,0.00023801207752885173,0.0002460334069790793,0.00023225928808934054,0.00026279945393247204
1379,0.0002557716515953553,0.00024062479358879986,0.00023304020710231306,0.0002604936962158698
1380,0.00024149546300730984,0.0002418990999718066,0.0002390742565393662,0.00023822345417129438
1381,0.0002714773033489691,0.0002369608599847364,0.00024311972386144152,0.00022787567577814703
1382,0.0002486898278181969,0.0002456912521501888,0.00021913056007865378,0.00024389279480093844
1383,0.00024894605063350856,0.00024782997393955344,0.0002335494570036996,0.0002572281566823069
1384,0.000246746978275709,0.00025588196689048983,0.000249226198711026,0.00023090050528334362
1385,0.0002445974809083817,0.00022813396356990103,0.0002284328108879489,0.0002306911521313796
1386,0.00024682442319069796,0.00024107754202932978,0.00022767147835170466,0.00025317854805739396
1387,0.00024265599941882516,0.0002412777576666337,0.00021774041164521,0.00023261698447218292
1388,0.00024333246731540555,0.00022508604207357045,0.0002499957018084569,0.00023490113535882382
1389,0.00023347457313440027,0.0002314594048306846,0.00024210196528366243,0.00023522226547695554
1390,0.00022821663365924693,0.00024275884284283807,0.00022680654392490663,0.00024508118245778816
1391,0.00022313360215819487,0.0002275196700069479,0.00021729647356831506,0.00023809316881886087
1392,0.00023253971749001868,0.00022215114391375843,0.00022948206344210458,0.00022724685447287558
1393,0.0002522269655061009,0.00023756532311693446,0.000232370040137731,0.00022832313471483228
1394,0.00026930566024685297,0.0002040311404218503,0.00021548756745398952,0.00021703170482845896
1395,0.00023543034440726604,0.0002432265644101143,0.0002271926567177431,0.00020456099556328026
1396,0.0002410192350393179,0.00021664928822224682,0.0002394503917935904,0.0001987657905316144
1397,0.00024811995771769637,0.00022303262075246878,0.0002285273782294999,0.00023765817216286973
1398,0.0002453662356502886,0.0002246599635943536,0.00023584387650808867,0.00022095664094401205
1399,0.0002459896543590231,0.0002453248930447242,0.0002453062081053966,0.00022572639087574075
1400,0.00021585740841553616,0.00020316292188492642,0.00022379901274974647,0.00020323354642129117
1401,0.00023070208579276905,0.00021844223367252144,0.00020806242287715003,0.0002214094040686504
1402,0.00023389299090125344,0.0002234489184199989,0.00021530750637367,0.0002199596346490613
1403,0.00023956660174463513,0.0002422748552331482,0.00021521768880684554,0.00021145102139037106
1404,0.0002327989622152552,0.0002027254125316623,0.00021816382735958726,0.00020941346437097576
1405,0.00023211799624297318,0.00021841963219546413,0.000251209825326872,0.00022741431359030482
1406,0.00021069006025301712,0.00021000042173993628,0.0002328212632143022,0.00019315947484626952
1407,0.0002464071065191045,0.00021440715570416138,0.00022647879712448204,0.000234081854503013
1408,0.00023531823027649152,0.0001823081185445334,0.00021817924440713655,0.00023112782293730554
1409,0.00022173989402668267,0.00020353792376374754,0.00022758080982704818,0.00020972470112412832
1410,0.00021624726662269477,0.0002147054477828784,0.0002172150059324387,0.00023961233019671963
1411,0.00023110291711977464,0.00019014302748354017,0.00020281293954641305,0.00020226935517355657
1412,0.00021677808903055164,0.00021454749523092839,0.00022286932660953412,0.0002440230236425688
1413,0.0002246495717564606,0.00021588893222795725,0.0002174615724036046,0.00019117387973194367
1414,0.000224419387434532,0.00021052425793286888,0.00020594822449596754,0.00021786131552973482
1415,0.00022324674266499097,0.00023016698082293848,0.0001954434547003421,0.00020098407265515877
1416,0.000224585775780462,0.00020488542156014473,0.00017626829414710998,0.00020637881731185143
1417,0.00023983295485175934,0.0002265941060375901,0.00018795143543466814,0.00021789977956873814
1418,0.00021760213676926267,0.00023189723574715374,0.0002171652182599407,0.00022203390622951518
1419,0.00020120603133062662,0.00021324642068803817,0.00019965291726788906,0.00019664166488299743
1420,0.00021652690627082144,0.00019901010391886517,0.00019404248945116087,0.0002147079688949941
1421,0.00021422713149093077,0.00021306259511482076,0.00020410138183843288,0.00021695145466226577
1422,0.00022225504128929558,0.00021738377868313512,0.00021023394018221885,0.0002175154639457328
1423,0.00022268008349563017,0.0002212063147343221,0.00018917265487605097,0.00020705189327046628
1424,0.00022021806747525607,0.00018797345071013983,0.000201166850330038,0.00020734503948538033
1425,0.00023331695509419643,0.00020453001731858482,0.0001950689203454857,0.00020068346908583338
1426,0.0002105654702994719,0.00018773167713993156,0.00017501742425854217,0.00020805221987539496
1427,0.00020689744056172276,0.00022148602817584465,0.00019046904043954003,0.00020581686803422712
1428,0.00021671800699546835,0.0001976457252004012,0.00019961266897096082,0.00019628105319991534
1429,0.00020292589080598872,0.00021552229692298628,0.0001909937421227452,0.0002214818554791326
1430,0.0002255991635962151,0.00018581196849230347,0.0002054608089246458,0.000204870437024999
1431,0.00018775041413905726,0.00022555498813359843,0.00021760771248102186,0.0002046217719024403
1432,0.00022246375345425022,0.0002119091280066185,0.0001924004527708194,0.0002174516142250491
1433,0.00022907490246102402,0.00019684246635636647,0.00018748742686832323,0.00021780528234002393
1434,0.00019913492899927866,0.0001942123288745349,0.00019206389060697884,0.00021596974651559957
1435,0.0002256404124232486,0.00018671761642133824,0.00019775704225689125,0.00020323950209530164
1436,0.00022045874511231387,0.00019329664126992825,0.00019739721293913487,0.00019427515223447217
1437,0.00020287073157120657,0.00019318612762213636,0.0002108469121981556,0.00018926456266325697
1438,0.00020857708817954132,0.00022436742789548505,0.00019426009383771147,0.00019153744328120952
1439,0.00022217604825149902,0.00023409822307213546,0.0002002578353750224,0.00020880975882952825
1440,0.00022704884468878947,0.0002057988340965506,0.00019285898694720318,0.00019869714283660998
1441,0.00020457806908964852,0.00019804977800225534,0.00019606517666386882,0.00021405974567834097
1442,0.00020503660597958234,0.00021088430473031782,0.0001835580086041874,0.00020147403080861465
1443,0.00021194616551241567,0.00018639485217046586,0.00019280749874487914,0.0002209680790398414
1444,0.00020278328628456807,0.00021659342909451047,0.00019503379601432325,0.00019574344053953165
1445,0.00021334451161844338,0.0002068307675655385,0.0002020171191401987,0.00018143341536253844
1446,0.00019243025777655097,0.0001754238439218683,0.00018593477737022953,0.00020056765963350398
1447,0.00020368111431574956,0.00020628447385381165,0.00020789368099266987,0.00018783413614173903
1448,0.00021274262686130815,0.00019876118346708814,0.00019736643584990777,0.00019469494037491891
1449,0.0001960440678374932,0.00018550649369775265,0.0001868637672567881,0.00019428386997222838
1450,0.00021098146597612908,0.00018804932546449775,0.00020227996390901774,0.00019985555227693792
1451,0.0002023939011662899,0.00020665281401073408,0.00018751814114687556,0.0001895863648970316
1452,0.0002005455367338454,0.0001806808974729514,0.00018492180278184287,0.00019590402303991102
1453,0.0002109170285935424,0.00019262392942441585,0.00018053238855867082,0.00017618795778820764
1454,0.00020889508044658707,0.0001892331669871102,0.00017329171509367376,0.00019102944736598055
1455,0.00019731913440169965,0.00020808053633548714,0.0001913248094249466,0.0001649662735541337
1456,0.00020288483406563442,0.00018116107593091707,0.00017190167006826137,0.0001828528025621455
1457,0.00020278059527515377,0.00018361835944019595,0.0001712349371846853,0.00018404306946123543
1458,0.000217958340717053,0.0001872643265229927,0.0001723742363374347,0.00020173470399981048
1459,0.00018766289115282236,0.00020351679116472493,0.00019244166026620918,0.00018619489403876244
1460,0.0001996036070093787,0.00018290776457759652,0.00017549543995105759,0.00017555249447262543
1461,0.00019673719405746,0.00018659576257795858,0.00017649367539262787,0.00021389685469943797
1462,0.0002098021030760411,0.00018823366987745456,0.00017165578680200034,0.00017311436731278106
1463,0.00019457060390108105,0.00019533185061824558,0.00017882598820747245,0.0001764847586134225
1464,0.0001964892710368886,0.000178025193518863,0.0001891965988144397,0.000191427307163251
1465,0.0001928193632076818,0.00018039288094460874,0.0001728634144076626,0.00018095679238929754
1466,0.00020076462252691983,0.00018965375071169728,0.00018069253225841547,0.00016782033203929545
1467,0.000180267362152745,0.00018529554775061327,0.0001693648627872817,0.00017098187069235956
1468,0.00020965442533478503,0.0001936085816284888,0.00017391537233046352,0.00017795850128263084
1469,0.000191047302339938,0.00017588224279646133,0.00018669250185521306,0.0001780797472836908
1470,0.00019551324397505606,0.0001849555816120113,0.00019136422827702043,0.0001737773874960342
1471,0.0002009028250515866,0.00019181864977751973,0.00018472735866648565,0.00018229762230719158
1472,0.0001933457838736573,0.00018678171986166058,0.00018201806152470573,0.00017909970201900283
1473,0.0001859678095304277,0.00019357449950431623,0.0001635227731858086,0.0001666410334853941
1474,0.0001895725977917934,0.0001648345793558168,0.00017368589598843717,0.0001797907950237479
1475,0.00019394266216073825,0.00020353822783684042,0.0001969219816325614,0.00017124901257499562
1476,0.0001861395986015025,0.00017517151849233555,0.00018044525531806882,0.00016877226311397806
1477,0.00018498975544439117,0.00018084109322178663,0.00016118795575706784,0.00018142064326202975
1478,0.00019280942044871976,0.00017381307073713613,0.00016906405320504887,0.00019242994003854517
1479,0.00019632907787945099,0.00017517293444267628,0.00017244006671645308,0.00018244270683752896
1480,0.00019247532653526031,0.0001910186850550505,0.0001678627786728887,0.00017496588835685543
1481,0.0001782769878732335,0.00016417201797049057,0.00018347551151050797,0.0001767631862851954
1482,0.0001919779917918237,0.00017612233661577382,0.00016649927191693888,0.00016697191200919004
1483,0.00018631775801944105,0.00018020105322789754,0.00016047427418651293,0.00018469742157110715
1484,0.00020369994709701006,0.00017420802612849777,0.00018062079832296046,0.00016400366841065776
1485,0.00017747116200966752,0.00015696465979535862,0.0001661910643389851,0.00017463984948129434
1486,0.00018483719610021891,0.00018562926493679893,0.00017448899407664567,0.00018774958166139515
1487,0.00018647419903112015,0.0001734084039172242,0.0001909833723206969,0.00018372681112929307
1488,0.00018542527947220663,0.00017910948650183634,0.00016836899158774186,0.00016961845728119375
1489,0.00017847729580661972,0.00018812668563500254,0.00017219422931579072,0.0001697405112241906
1490,0.00019310904678561608,0.00019191590798676178,0.00017694132189768064,0.0001859299677066244
1491,0.00018768155903109185,0.00019363457681885238,0.00016505882314850565,0.0001908049222175966
1492,0.00020146021632775425,0.00017237208069798997,0.00018310198312192336,0.0001730511023584099
1493,0.0001841364381625441,0.0001759466291225789,0.00017901353393057613,0.0001590290066514065
1494,0.00018913530486671984,0.00018463959911064708,0.00016136304405578385,0.00016742780628539597
1495,0.00017846385875607736,0.00017277347513606513,0.00016222054036713141,0.00016904403388025914
1496,0.00018782690061690407,0.00017634989191766002,0.00016588723518194432,0.00015164551816669385
1497,0.00018691222697160076,0.00018661062699902912,0.00016534217510973462,0.00017169152433777767
1498,0.0001834114083869156,0.0001691502358244153,0.00016601700797214282,0.00016373337656983198
1499,0.00017398075621471542,0.00016640878898878126,0.00016195263076766074,0.00016921436589537573
1500,0.000180797161583268,0.0001615734668853764,0.00017585673572531553,0.00017615639784322742
1501,0.00017696495383223815,0.0001630083490385025,0.00015433923621616162,0.0001802653779270626
1502,0.00018751960198095858,0.00017096593059636982,0.0001467843219253845,0.00016389485395275236
1503,0.00017914949420627516,0.0001652494892357782,0.00016499993374823586,0.00016816799343624005
1504,0.00018646855501450293,0.00016597126170299876,0.0001652177606419109,0.00016913750341536417
1505,0.00017605510735381588,0.000161647269443686,0.00015411540332439946,0.00016901542476510501
1506,0.00017713414439022738,0.00015561893524030949,0.0001696411278395744,0.0001659688907962851
1507,0.00017511737847090725,0.00017724351845169385,0.00016374186107970484,0.00015956726390130928
1508,0.0001746628716383827,0.00017442854027146354,0.00015098047312437837,0.0001707480077170937
1509,0.00017218502240547612,0.00017005157957079446,0.00016032036836358457,0.0001745759232156636
1510,0.00016867983779549485,0.00015965291385285454,0.0001630349627149374,0.00016673295607144784
1511,0.00016478587668623454,0.00016868163210340622,0.0001676770540363991,0.0001646830362439621
1512,0.00017764805592955163,0.00016478953263042345,0.0001600978855643492,0.00016709196845240585
1513,0.00017228116792145773,0.0001622006086088407,0.00013923976748303582,0.00016311256497338771
1514,0.00018248324912838269,0.00016131817091486964,0.00015182394013319133,0.00016374981179988963
1515,0.00017056672943743865,0.0001515760717008705,0.000150011194818069,0.00015329033251059162
1516,0.00018028986920155894,0.00015898833373045922,0.0001571780620099458,0.00016830292874119495
1517,0.0001791988137114956,0.00016852252087489188,0.00015853080520643437,0.00016543872994998559
1518,0.00017172618509490975,0.0001547023105618593,0.00015253578676791886,0.0001499939202345594
1519,0.00017530075417441422,0.0001647067482520327,0.00015798756746138686,0.00016189835368916235
1520,0.00016473571491828177,0.00016486097992536288,0.00016482634783607523,0.00015891330627512717
1521,0.00018421191372268024,0.00016575634831816937,0.00016213759863358012,0.00016716970462569972
1522,0.00017544712317857554,0.00016050486102884597,0.00015388872607509214,0.0001640566374731995
1523,0.00017349838658148897,0.00016284055677272155,0.00015224984419570648,0.00015779939356662232
1524,0.00016683386895458425,0.00016182049966804993,0.00015107348486892948,0.00016482032899274476
1525,0.00017259840359617763,0.00015994887440179143,0.00015791336464170017,0.00015918377871098873
1526,0.00016502681528607392,0.00016508120154010156,0.000134281792098717,0.00016359360064512158
1527,0.00017723320564771379,0.00016686308395385017,0.0001497705439223409,0.0001636691899108302
1528,0.00016295230870623794,0.00016618026683856322,0.00015434188688004573,0.00015831389647618754
1529,0.00017438539794761252,0.00015692721351692488,0.00015670703808874918,0.00015734533292055422
1530,0.00016752191685783248,0.00015272264313129154,0.00015738692603500974,0.00015854648696881455
1531,0.0001691414866132538,0.00015395672098393343,0.000159601830282519,0.000148851058483864
1532,0.00016748987515816132,0.00017063544454643423,0.00015955253387525198,0.00015082637033568734
1533,0.00017238173578110804,0.00016286095844586138,0.00016257639117418045,0.00016165960268264555
1534,0.00015745111469912796,0.00015555278859637886,0.0001525575633934896,0.00015572807735335945
1535,0.00017144217329285565,0.00015518333636115668,0.0001607854875207114,0.00015547634532292324
1536,0.00016618545465849554,0.00015328450857061987,0.00015784494860714398,0.00014579162835952136
1537,0.0001679739294280336,0.00015716605684164823,0.0001467059988939311,0.00015925137661550548
1538,0.0001647591983271709,0.00016188979981843871,0.00014331082433575713,0.00016066041570608397
1539,0.00017710972181240363,0.00014599616924661725,0.00015419650325972784,0.00015124054640080708
1540,0.00016908158494166448,0.00015629705826902544,0.00015454361766642575,0.00014921847103616643
1541,0.000161779680055139,0.000157012684264556,0.0001535750897885607,0.0001463561608888483
1542,0.00017188796121340386,0.00015168250043736065,0.0001489815108663861,0.00014787416807227817
1543,0.00016712850052830904,0.00016173021820444167,0.00014854330120905515,0.00014629415846158144
1544,0.0001626204476418152,0.00014501922856773183,0.00014429390414674481,0.00015346749453329817
1545,0.00017401383410803003,0.0001447353919478633,0.00014722172299830828,0.0001495502936689811
1546,0.00016869707818367003,0.0001437805890919992,0.00015139267069800376,0.0001323349416036549
1547,0.00016614559291052168,0.00014481100480792764,0.00015378252976759553,0.0001537690367798355
1548,0.00016500690527827667,0.00015542582892419347,0.00014691242532293328,0.00014398952012802712
1549,0.00016039559533281373,0.0001592204738015221,0.00015022601381599581,0.00015447349903332776
1550,0.0001605182066178986,0.00015600903805303244,0.00015081724193643394,0.00014472911154446728
1551,0.00015761250083525476,0.00015091376189300457,0.0001539782490882759,0.0001454266852108969
1552,0.00016651370388410573,0.00015862985318243277,0.00015193158099033305,0.00015710911546416753
1553,0.00017206396578197728,0.00016140323717620772,0.0001503972278852417,0.00015502669749166786
1554,0.00016481517925164279,0.00015130539104635693,0.0001462352722438778,0.00014889823712714833
1555,0.00016267367837008467,0.000157781240807202,0.00014734262252416328,0.0001453243324605001
1556,0.00016680472423599366,0.000151751871813237,0.00014076390195218288,0.0001469111089332101
1557,0.00016070100543858675,0.0001536787464211665,0.00015015934744494163,0.00015258936126705456
1558,0.00016363944125468037,0.00014742717518634917,0.00015232582505868424,0.0001463519104973018
1559,0.00015868407269838564,0.00015316156934021548,0.00014452519383972596,0.0001495385732535916
1560,0.00015946655814713914,0.00014952115081206426,0.0001462477032561821,0.00014958715763390768
1561,0.0001637911328609707,0.00015171347932672,0.00014117572580145835,0.0001471527698782089
1562,0.00016650964945532403,0.00015500142652396392,0.00013934429382828181,0.00015076095489345017
1563,0.00016467111842165697,0.00015255599251716865,0.00014311642538198402,0.0001548894378157656
1564,0.00015718590243502762,0.00015347961805754306,0.00014990442659839758,0.00015664545128500244
1565,0.0001589205343212166,0.0001409580409317149,0.00015340372695949706,0.00014488855922634058
1566,0.00015534509765987556,0.00013678098297417957,0.00013345327658823564,0.00013629961059221485
1567,0.00015428599774979055,0.00015314488643278833,0.00014072957332537933,0.000146990549813819
1568,0.0001573494636573275,0.00014691229762362932,0.0001408151307832863,0.0001439602800573252
1569,0.0001567558509674143,0.00014282284949695555,0.00013970051350127677,0.0001434756758363303
1570,0.00016051846349334034,0.0001505838818208745,0.00014762750865965986,0.0001487476010337889
1571,0.000154278936475524,0.00015060516296782668,0.0001407128935773278,0.0001470696599206692
1572,0.00015275496663991,0.00013690561093920322,0.00013297685200973014,0.00013622998134538915
1573,0.00015960272287864446,0.00014021358466613843,0.00013621771825497766,0.00014332235298516771
1574,0.0001605301956434975,0.00014654761013487103,0.00014787766086159094,0.00014675598113790504
1575,0.0001582667206112031,0.0001445523427170975,0.0001439158253447319,0.00014265971657957351
1576,0.00015861665782973975,0.00014198632671645514,0.0001367073199285085,0.0001425511522010773
1577,0.0001550469565934139,0.0001512933701387832,0.00013290428253534954,0.0001420686001981431
1578,0.00016974708065234243,0.00014466062434660053,0.00014138406559274064,0.0001530819173443015
1579,0.00015684082503262007,0.00015159008323628983,0.00014058006158653268,0.00014134038956991685
1580,0.00015647465401981243,0.00013813710031547772,0.0001392873615591044,0.00013948186365843966
1581,0.00016061920608731407,0.00014787251763043966,0.00013807318019353547,0.00014587456672574684
1582,0.0001587792763752707,0.00014371825228251149,0.00013665722647560036,0.00013790107903013723
1583,0.00015097713624677615,0.00015174187894476142,0.0001352821416967886,0.00014141650530021918
1584,0.00015487065295613186,0.00014202938553297312,0.000137586683184052,0.0001420576062834471
1585,0.00015210537600895456,0.00014718222555012774,0.00013390818615667628,0.000142185745261195
1586,0.0001560234432669714,0.00014731297260413262,0.00014659893994480643,0.00013137180722230796
1587,0.00015123181433621328,0.00014668808547599956,0.000139581180827437,0.0001414163156785937
1588,0.0001556727757229955,0.00014126999797585684,0.00013536619354953005,0.00014161861418156914
1589,0.00015167390496449961,0.00014319968050175165,0.00013800479346918063,0.00015190884367867512
1590,0.00015512884352890784,0.00014159241617133742,0.00013950711433531967,0.00012899321529024078
1591,0.0001511594148215488,0.00014083916318199862,0.00013858065370020095,0.00014831071428006873
1592,0.00015076488831543083,0.00015754466905884792,0.0001393662756241491,0.0001280947826910888
1593,0.00016016874878061328,0.0001385844785504133,0.00013650793121704308,0.00013652114881877825
1594,0.0001552492099309946,0.00013761906226465907,0.000133492452466223,0.00012966893961496338
1595,0.00015485579826572175,0.00013986640238359142,0.0001347199879115295,0.00014360931350168943
1596,0.0001530860557751345,0.00014055966148370796,0.0001324303646067157,0.0001276748513785567
1597,0.000148637053140836,0.0001417339458490463,0.00013660337824882737,0.000146049254019784
1598,0.0001471296729505695,0.00014312916977208417,0.00013672331832352113,0.00013520540006241771
1599,0.00015422369984228337,0.00013604418160252185,0.00013369515101988917,0.00014158795009460316
1600,0.00015793775080806402,0.0001484103803177743,0.00014409049380729593,0.00012976144804109575
1601,0.00015298966274381086,0.00013390535632943764,0.0001349248783515447,0.00013982474106890327
1602,0.00014983648379984375,0.00013337120225489853,0.00014134405881249652,0.00013794760477162788
1603,0.0001494494406425331,0.00013663550771462682,0.00013520165121970324,0.00013727044831226718
1604,0.00014870612487190483,0.00013762813924072427,0.0001326828166106465,0.00013520711675668395
1605,0.00014992556685398096,0.0001388048943767185,0.00013494491635666697,0.00014366965032640145
1606,0.00014977554215717389,0.00013957888558193887,0.00013928891164249223,0.0001386087143919729
1607,0.00014992451378268072,0.00013822571368408824,0.00013021380194214668,0.00013567897784596915
1608,0.00015073860061376354,0.00013379895233546805,0.00013070706802780012,0.00013178963505261875
1609,0.00015044561097248886,0.0001466016990239141,0.00013438264424793538,0.00013879442769480202
1610,0.0001542466762973492,0.00013745833574525457,0.0001265254298457673,0.00014771651129779386
1611,0.0001443574384387931,0.000135833327517787,0.00013257752177293255,0.0001277345393667279
1612,0.00014823160642535497,0.00013107661586256805,0.000127405573800764,0.00012585779684269458
1613,0.0001447369146439506,0.00014221867429860046,0.00013503742927672312,0.00013354063702111297
1614,0.00014688852593940265,0.0001429548211476814,0.00013439531000104498,0.00013126672443100105
1615,0.00015196802955992893,0.00013489122707373053,0.00013230712228060924,0.00014331607642849664
1616,0.00015125372383125392,0.00014056242415343,0.00012770389299237824,0.00013754609471532215
1617,0.00014384945541628176,0.0001389578612641484,0.00013102097102419145,0.00014259525235923648
1618,0.00014620209430093754,0.00013695378456124585,0.00013528720541355302,0.00013188302506056166
1619,0.00014567037229912155,0.00014275108970135858,0.00013046582304077626,0.00013757668521047347
1620,0.00014539216691471655,0.00014537278603220748,0.00012332953683670393,0.00013369497368763856
1621,0.0001499262216467703,0.0001323618877691274,0.00012915522756022592,0.00013052024270400809
1622,0.00014743260001132821,0.00013803659393996567,0.00012717550440396227,0.0001345478368724397
1623,0.0001485715148744857,0.0001391873539879186,0.00012493763329094718,0.00013644778537841548
1624,0.00014359996361067235,0.00013474638416481496,0.0001239019883757817,0.00013604690803677735
1625,0.00014707559549317984,0.0001314513402919802,0.00013445523056402066,0.0001259452427889962
1626,0.00014519607448554002,0.0001305423110253704,0.00012064356665764308,0.00013268661320405112
1627,0.00014871327002496598,0.00013576977232242324,0.0001238841434835666,0.00012490681291012296
1628,0.00014222641641783803,0.0001376520435116089,0.00012040024597248054,0.00013304510651652524
1629,0.00014038376049536278,0.00013870616177133873,0.00013301675128382973,0.00013916987913375952
1630,0.0001426644003657105,0.0001302296759062227,0.00013422381921489212,0.0001310721024685926
1631,0.00015146431817509014,0.00013516684239523363,0.0001348875946352645,0.0001326212841079913
1632,0.00014692783643397784,0.0001371939670021224,0.00012422623180232358,0.00013194528377669768
1633,0.0001427940830892059,0.00013939848129520011,0.00012402902567180193,0.00012863859191213986
1634,0.0001385120872454718,0.00013086697702791516,0.0001258979572668437,0.00013063579901780506
1635,0.00014692478722045906,0.00013039813677255142,0.0001295311574715046,0.00012590926288001485
1636,0.0001449754968472059,0.000129086596311015,0.00012411614273609507,0.00013008621858112704
1637,0.0001462738206014456,0.00013115498297183834,0.0001232361289186496,0.00013227911849479325
1638,0.00014904037128361043,0.00012961154136172665,0.0001258549112912063,0.00013523405971868697
1639,0.00014198351520053722,0.00013269507121191866,0.0001288793985821244,0.00013138761221248802
1640,0.00014627451378490622,0.0001274635675430749,0.0001288017223570428,0.00013520913971042217
1641,0.00014213481391513758,0.00013787419220098062,0.00012311859824222626,0.00012806491905833307
1642,0.0001426677217693762,0.00013360855871344146,0.00012520076233977302,0.00013296320781309355
1643,0.00014153007776787226,0.00012990058169260387,0.0001362406844321214,0.00012839164995832408
1644,0.00014224018099053362,0.00012635410876075725,0.0001256792837935102,0.00013008268349644134
1645,0.00014006806779589227,0.00013372088030977753,0.00012157976548660144,0.00012192901143480016
1646,0.00014271776381384778,0.0001303584614005111,0.00012341209340516857,0.00012748382358498036
1647,0.00013911114342211452,0.00013790523506540024,0.00012078303083770683,0.00012808585553776336
1648,0.00014259238272214454,0.00013641006100460166,0.00012092796611847717,0.00012850748747442994
1649,0.00014238610616644991,0.00013797542432470976,0.00012143514593369988,0.00012310687931765493
1650,0.00014296513448223383,0.00012862516539225737,0.00013524149556318576,0.00013333913659811125
1651,0.00013662296503649964,0.00012648378588204657,0.00011769851652279587,0.00013219722423834314
1652,0.0001371700183768739,0.00012678698130545374,0.00012113661208906544,0.0001285223272508624
1653,0.00014137704311957948,0.00012833319513289043,0.00012222275510317233,0.00012897612528248254
1654,0.0001372093710977393,0.00012891125196005408,0.00011903853012637632,0.00013018216986030609
1655,0.00014365044927517202,0.00013207034492721486,0.00012863435056247778,0.0001256712099746757
1656,0.00014083224938706219,0.00012738954271292885,0.00012117430274910419,0.0001317184025237755
1657,0.00013952443524363394,0.0001217992897893505,0.00012014479692382907,0.0001297674099136914
1658,0.00013935274194990915,0.00013457085805804227,0.00012446180185396894,0.0001288543316114739
1659,0.00013955149063684337,0.00012746645960796975,0.00012292639893446392,0.00012353777658783143
1660,0.0001404105447191271,0.0001327940896354061,0.00011513371276423626,0.0001200221763812053
1661,0.00013747970563832168,0.00013040524757226488,0.00012302399124806504,0.00012594640541531408
1662,0.00013782961556824952,0.00012753772547063484,0.00012901035350546626,0.0001281291761385198
1663,0.00014065425546574745,0.00012941940706792773,0.00012363235116065973,0.00012805795144418174
1664,0.00014024359297424798,0.00013060385520900073,0.0001204223662493809,0.00012648824556093393
1665,0.00013601915797352565,0.00012829450623202818,0.00012374747218686348,0.00012747301583987348
1666,0.00014290158154869293,0.00012556919619673154,0.0001222258779344978,0.00012376108658981858
1667,0.00013730895317609672,0.0001272632754311162,0.00012379647325674945,0.00012396890236259796
1668,0.000134572237510333,0.00012060392333902492,0.00011651769110615925,0.00012611980503739612
1669,0.00013556635165391462,0.0001305036592300883,0.00011734099269015794,0.00013012234190804838
1670,0.0001376164056186697,0.00012869849796082536,0.0001174984628428153,0.00012236471743411108
1671,0.0001381462726717841,0.00012683984712639544,0.00011611147548464833,0.00012486325792535315
1672,0.0001382269592048261,0.00012745913547249744,0.00012012302332912683,0.00012268341319404233
1673,0.00013849558389107764,0.00012727383566239316,0.00012130359602169016,0.00012482885621501957
1674,0.00013846562951900013,0.00012518816253210633,0.0001235092176090454,0.00012128001192420004
1675,0.00013549383789963443,0.00013012962295208343,0.00012063222393576156,0.00012257245395325922
1676,0.00013391591734611676,0.00012635563871996972,0.00011970619755063592,0.00012156338214862268
1677,0.0001387437629265937,0.00012217580753279937,0.00011467847679768051,0.00011925659218935263
1678,0.00013617660718783498,0.00012704223829271632,0.00012094379961993676,0.00012772360844709343
1679,0.0001415352596298614,0.00012770074408200832,0.00012488569006257388,0.00011684881633971333
1680,0.00013502407272225888,0.00012490558796812208,0.00012415063642590794,0.00011894712370282054
1681,0.00013611606674901445,0.00012990397114892352,0.00012196287377826206,0.00012026679479186313
1682,0.00013418743258429496,0.0001221032603884076,0.00011554719660601983,0.00012427987119479332
1683,0.00013492535670118214,0.00012708742994320738,0.00010841299784440345,0.00012025318133538696
1684,0.00013417913828502054,0.0001231891726056817,0.00011603822790557384,0.00011876200982359303
1685,0.00013417736362371713,0.00013008317556727577,0.00011766421818748117,0.00012265429570408132
1686,0.00013219194276939945,0.0001278802472664483,0.0001179997180726346,0.00012251184775196312
1687,0.00013650979009131588,0.00012870803706935185,0.00011658584561384684,0.00012179931193551636
1688,0.00013173725627921577,0.00012650877110291514,0.00011414645413230708,0.00012448577657760214
1689,0.000134612559763382,0.00012247025512726102,0.00011789262299214477,0.00012049875368449479
1690,0.00013345050490176687,0.00012630315212321504,0.00011443245650395771,0.00011862036354089143
1691,0.00013034594536460946,0.00012182016814216505,0.0001188076725749912,0.000120901043197389
1692,0.0001349761047462186,0.0001233010883847787,0.00011905738843422833,0.00012213851947373843
1693,0.0001329558338696275,0.00012637473194761705,0.00011852522878623954,0.00012228729814060438
1694,0.00013287143754169814,0.0001256586493871942,0.00011617269721524266,0.00011737975404988623
1695,0.00013328225706010086,0.00012525007472019296,0.00011555255001242956,0.00012042038744831309
1696,0.00013164378428297667,0.0001217152472207933,0.00011658796794140285,0.00012199090911265785
1697,0.00012947580050818086,0.0001251479741955408,0.00011724107897812376,0.00011816605032787726
1698,0.00013245343035949076,0.00011769965853773447,0.00011605713597097793,0.00011721898300923411
1699,0.00013026989067287445,0.00011598998080422189,0.0001198914003008603,0.00012193486597764738
1700,0.00013452329567220766,0.00012280793748271408,0.00011480805562417226,0.0001233171748494236
1701,0.00013451695509474396,0.00012441114549773888,0.00011645606077218311,0.00012082714090671133
1702,0.000132061044776862,0.00012249159744951612,0.00011575971652191148,0.00011970269816604643
1703,0.00013014820358795218,0.0001179182704758741,0.00011747707702591654,0.00012075524509545526
1704,0.000134997480687326,0.00011798025380952024,0.00011471106181238185,0.00011383781004053056
1705,0.00013115027781921166,0.00011865152663624053,0.00011367104699463471,0.00012087522373166039
1706,0.0001336287350134449,0.00012133588885845211,0.00011751721610025963,0.00011585629146420815
1707,0.00013269727019057692,0.00011769757866625072,0.00011326030991648684,0.00012217288499931706
1708,0.00013181962581073392,0.00012281857941829976,0.00011471203958312115,0.0001209890411953171
1709,0.00013466948169316148,0.0001255523712061242,0.000116588742928391,0.00012148511095897555
1710,0.00013307871257297894,0.00011815854737502443,0.0001115089814725606,0.0001186075947778678
1711,0.00013228543014522128,0.00012005464217777026,0.00011723671793804563,0.00011508554406837644
1712,0.0001277833522706273,0.00012133027872852692,0.00011464926688392377,0.00012049811202594102
1713,0.00012986077394668282,0.00012303129484378468,0.00011054328489927502,0.00011707748629699183
1714,0.00013344263804411282,0.00012142995306355018,0.00011233764789972987,0.00012057307035232874
1715,0.0001294449544168603,0.00011815634599225401,0.00011254506694345709,0.00011938421856379401
1716,0.00013043625262698213,0.000122352260851218,0.00011852103957420138,0.00011934256905610738
1717,0.0001294222703035901,0.0001215702489655398,0.00011199872857226026,0.00011995932298862685
1718,0.00012984329283583336,0.00011749260576555651,0.00011658686666653406,0.00011736684945138556
1719,0.00013102622819082844,0.0001170119128940828,0.00011217187324055393,0.0001181011670654323
1720,0.0001330163448671591,0.00012159347616043901,0.00011565941021607141,0.00011737848410688643
1721,0.00013150035368397956,0.00011868318004665008,0.00010938531124152749,0.00011769807484248525
1722,0.00013043475293211137,0.00012191385708990289,0.00011156328693826003,0.00011698320591423198
1723,0.00012930909100599018,0.00012168620612443238,0.00011559490089220057,0.00011384288995429636
1724,0.000129021973802695,0.00012141501105770703,0.00011582508828350331,0.00011279425960718134
1725,0.00012834127000437245,0.00012085903026300868,0.0001131051231707356,0.00011354896024377176
1726,0.00012940723321102908,0.00011941173696041483,0.00010661889909722625,0.00011554164503723472
1727,0.00012842716236554315,0.00011743565825424028,0.00011289509910182421,0.00011621935786555718
1728,0.00012743493273832156,0.00011822001839360992,0.00011061776042578942,0.00012234945683457066
1729,0.00013090093443650074,0.00011727235381560322,0.00011222843595156017,0.00011372942802412821
1730,0.00012798810348293142,0.0001183875308959802,0.00011252020894626151,0.00011393179641256223
1731,0.00012874853570566102,0.00011674391395772657,0.00011537026611611648,0.00011312786943038953
1732,0.00012957820504810738,0.00011639653389031762,0.00011268331021873311,0.00011487822485266118
1733,0.000125127889274771,0.00011993624792653763,0.00011119570591674546,0.00011520172427531591
1734,0.00012926536365653657,0.0001172920716026753,0.00011038565441759936,0.00011701642017094855
1735,0.00012672066709145532,0.00012110607035875691,0.00011453848462688104,0.00011335967166307251
1736,0.0001310061376716924,0.00011973463320923449,0.0001045415612502891,0.00011527416856577146
1737,0.00012576090584639078,0.00011537108622763827,0.00011115192883098873,0.00011544906044331937
1738,0.00012748714700792758,0.00011524758893655124,0.00010808342275886995,0.00011149620222073018
1739,0.0001249618802952513,0.00011632376292086646,0.00011129389930970703,0.0001130217253323875
1740,0.0001271952184910611,0.00011709075143517796,0.00011005245344816921,0.00011437597316485662
1741,0.00012811684926378018,0.00011437441660498436,0.00010844293843253871,0.00011458245528169315
1742,0.00012597638575686485,0.00011661318920717363,0.00011022977878352384,0.00011068743694948447
1743,0.0001268401948462644,0.00011556672360780894,0.00011368227155119513,0.00011408953358993664
1744,0.000125829994421443,0.00011598202018024532,0.00010844509724373452,0.00011133210434593934
1745,0.00012590148926110224,0.00011051612371844744,0.00010485457618813033,0.00011055718297484896
1746,0.00012651663928190822,0.00012020358342112996,0.00010942885988096408,0.00011367687233722055
1747,0.0001254321205132394,0.00011817972289242156,0.00011078731042240257,0.00011368322994073285
1748,0.00012398317639746,0.00011129352595342371,0.00011180453850430014,0.00011430536973772432
1749,0.00012514686581957212,0.00011654787516120709,0.00010454212996090223,0.00011297819952167562
1750,0.00012247407475671454,0.00011271954239602983,0.00010689937045648323,0.00011114363155000785
1751,0.0001241938280544263,0.00011629908594266351,0.00010639182984035646,0.00011418225777025253
1752,0.00012309368285825533,0.00011599387568361161,0.00010813416887021723,0.00011277846240792656
1753,0.00012594207895814084,0.0001128765679942662,0.00010662838622531376,0.00011366360724547217
1754,0.00012633956146786927,0.00011638006877940864,0.00011139279738053318,0.00011028836759616336
1755,0.0001247921037527983,0.00011238015272835067,0.00010904222390963784,0.00011390360098984449
1756,0.00012328829966566,0.00011620367545373213,0.00010687571553157012,0.00011184665355405773
1757,0.0001228509154172144,0.00011629157357717857,0.0001068072792008212,0.00011135241854645189
1758,0.00012399346633077058,0.00011557491233906268,0.00010998044687441907,0.00011217490507597036
1759,0.00012480106268754264,0.00011146038811471867,0.0001080476054737859,0.00011260496544934664
1760,0.00012370784883123596,0.00011295543063419563,0.0001076815691608777,0.00010817823328882933
1761,0.00012544801592311356,0.00011537358057591538,0.00010715499880818296,0.00011039182311947203
1762,0.00012314482438537027,0.00011382781720543628,0.0001071423562582505,0.0001097572205200472
1763,0.0001251275788382997,0.00011382934822452292,0.00011220283934973553,0.00011124914767956413
1764,0.00012388129708585136,0.00011426472554248467,0.00010785345433992712,0.00010920375311306188
1765,0.00012321696563396303,0.00011279218027381538,0.00010642289335711384,0.00011696583757526171
1766,0.00012420386829271274,0.00011291121097697002,0.000105872329635198,0.00011156312582769683
1767,0.00012298143185620345,0.00011194818301805327,0.00010845865063967712,0.00010792982294118719
1768,0.00012011051033056856,0.0001093166824147035,0.0001064984920085039,0.00010646376881316862
1769,0.00012358836108999248,0.00011448178854579854,0.00010341095119424572,0.00011001684016949014
1770,0.0001231467211608848,0.0001154605538219029,0.0001047396122901709,0.00011250306929118351
1771,0.00012311831126324166,0.00011025516771753376,0.00010543429297315231,0.00010836348441185685
1772,0.00012324046515015493,0.00011194733593248442,0.00010055235262932122,0.00010657577084405245
1773,0.0001226978858693963,0.00011235556296728704,0.00011072312413361325,0.00010809201034220415
1774,0.00012148441294421484,0.00010892604148794121,0.00010649718134725367,0.00010740153554924027
1775,0.00012031029482451108,0.00011014050268867866,0.00010371079846414968,0.00010902163150252238
1776,0.00011974430409551553,0.0001112148715648688,0.00010590312859937391,0.00011174221397711644
1777,0.00012091861752590016,0.00011424886188278348,0.00010326205017354864,0.00010979833241508639
1778,0.00012297615504554241,0.000112757331157071,0.00010578093031191613,0.00010557147919804569
1779,0.00012307680480894568,0.00011261681232652107,0.00010730784893154065,0.00011036400267017375
1780,0.00011970605985740779,0.00011074841158354905,0.00010431348148155636,0.00010874248336013258
1781,0.0001234282998606945,0.00011213662870915875,0.00010160718906226074,0.00010848480932324899
1782,0.00011970592804643689,0.00011162633322808391,0.00010684342548708394,0.00010925653148119134
1783,0.00012080015354762387,0.00010984525948823146,0.00010595343179127402,0.00010884922208121278
1784,0.00012053264069288016,0.00010910026895792476,0.00010273426728327609,0.00010911189480068859
1785,0.00012240002663466953,0.00011310567892669809,0.0001037220304859675,0.00010733637049391501
1786,0.00011836085427338616,0.0001105243573955776,0.00010222439115750277,0.00010795786280679374
1787,0.00012075068890973889,0.00010978692713328023,0.00010570497827386753,0.00011353114807626115
1788,0.00012205923353297958,0.00011081563488528557,0.00010369517181297532,0.00010971389552164567
1789,0.00011943508776146168,0.00010927152549861358,0.0001061809183293353,0.00010721660334204158
1790,0.00012270986887434208,0.00011026144585783497,0.00010302203133055759,0.00010910871126913827
1791,0.00012017466168466971,0.0001114030949718473,0.0001023632211255028,0.00010849698383490212
1792,0.00012158916050835172,0.00010949655155221897,0.00010250148779673742,0.00011026017048744268
1793,0.00011999237146917162,0.00011031549494973699,0.0001077770303663849,0.00010820310943210462
1794,0.000119995835430706,0.00010833733164221233,0.0001030303389545344,0.00010586036714115608
1795,0.00012041899198251582,0.00010960185842695832,0.00010469985950807028,0.00010891131546421144
1796,0.00012048248513227363,0.00011276700101496563,0.00010486689165485775,0.00010624868034115566
1797,0.00011796003573571316,0.00010781416524378187,9.931000785297555e-05,0.00010848489435985587
1798,0.00011932351332592835,0.0001097059429266953,0.00010547650266245215,0.00010632304013087859
1799,0.00011788619199730655,0.0001077272508610379,0.00010212449000848228,0.00010783173655384177
1800,0.00011967677274152539,0.00010570974665845169,0.00010308002133358402,0.00010814199128782198
1801,0.00011822217076306671,0.00010919992688692325,0.0001028840069544669,0.00010471851838227559
1802,0.00011809605294724086,0.00010816929311929898,0.00010489617955033428,0.0001038647609157489
1803,0.00011667179820826315,0.00010923556979481054,0.00010070318171081603,0.00010559195544534122
1804,0.00011837535093803737,0.00011106293150677643,0.00010210120385946194,0.00010405338407869257
1805,0.00011775893581455438,0.00011142797923348566,0.0001013845278933845,0.00010882083638488525
1806,0.00011708065715467867,0.00010906675672308211,0.00010182121714497668,0.00010510519603162896
1807,0.00011792212889801534,0.00011228680967110391,0.00010279838905982795,0.00010634022312034426
1808,0.00011989848564369938,0.00010847733144768,9.951490062555079e-05,0.0001066445263258214
1809,0.00011697747683323483,0.00010915824572458346,0.00010215260714855738,0.00010351543295700173
1810,0.00011595046396934421,0.00010849029284795366,0.00010117574709246895,0.00010791447267701695
1811,0.000118651929502335,0.00010987002927367648,0.0001014876253465699,0.00010473878427476995
1812,0.00011679677066907397,0.00010633470693619895,0.00010305333416860212,0.00010631817952354507
1813,0.0001175333168227165,0.00010551921975893242,9.75466411533022e-05,0.00010654553329806359
1814,0.00011765994687175168,0.00010800854558789181,0.0001034853585001215,0.00010233130508907504
1815,0.00011536549542733146,0.00010578407979006152,9.967304225153389e-05,0.00010617156757028261
1816,0.00011754210308837042,0.00010631332175960958,0.00010206562832856624,0.00010402612667341362
1817,0.00011878466808975185,0.00010501623504937834,0.0001003038997768221,0.0001027264503058785
1818,0.00011827402350944753,0.00010899338167830564,0.00010186930683476694,0.00010246049174150391
1819,0.00011680048392244046,0.00010954956570269377,0.00010095076898558058,0.00010702413373696505
1820,0.00011707224075545677,0.00010565454455702641,9.810996789525936e-05,0.0001078840661219055
1821,0.00011528005498563519,0.00010543079051969385,0.00010161337610905626,0.00010437098346094336
1822,0.0001161201949014206,0.00010715286981998896,9.796584540937848e-05,0.00010326278813909753
1823,0.00011510140263718548,0.00010586638215597377,0.00010045070272740479,0.00010172072857797121
1824,0.00011524473121321671,0.00010445977769050643,0.00010095502694060585,0.00010338757549712389
1825,0.00011788452313065037,0.00010666940028680284,9.830352152712219e-05,9.959889184167534e-05
1826,0.00011578176437982817,0.00010511927529991918,9.985622999945695e-05,0.00010182496478131268
1827,0.0001153603797922328,0.00010703239790090315,9.890240588436256e-05,0.00010649209571339722
1828,0.00011334606035241813,0.00010603964509236813,9.685362308147014e-05,0.00010399349205218358
1829,0.00011557198870068435,0.00010524901246645346,9.923533258710297e-05,0.00010354004945560469
1830,0.00011708612585229032,0.00010557411492554672,9.987172233944181e-05,0.00010451887616290729
1831,0.00011562733276168439,0.00010622251592112135,0.00010117303393436324,0.00010081614577032949
1832,0.00011434093111479271,0.0001056673147518529,9.860387844445021e-05,9.832084668872939e-05
1833,0.00011319432196491217,0.00010542517810601626,0.00010071110129718053,0.00010447026480619778
1834,0.00011593405536917468,0.00010303865763415607,9.8817189590587e-05,0.00010275366027803821
1835,0.00011543713369236414,0.0001063123809473611,9.753789903183021e-05,0.000100914789013533
1836,0.00011464695821130547,0.00010273475070913516,9.97140373591613e-05,0.00010164775494924269
1837,0.00011323499100073512,0.00010599076830580398,9.599791321685588e-05,0.00010214159524807313
1838,0.00011596178215447724,0.0001069985923409604,9.716857837126306e-05,0.00010378858350723456
1839,0.00011446581916947196,0.00010532836529090225,0.00010302903063875804,0.00010205195625429664
1840,0.00011479502690600111,0.00010369528329912674,9.804629619902444e-05,0.00010130243627584829
1841,0.00011525908365010783,0.00010529159981667161,0.00010258169562381915,0.00010235954659264917
1842,0.00011427717696460404,0.00010402926303052175,9.931444508807945e-05,0.00010121854729694227
1843,0.0001122775166598729,0.00010552745341727739,9.799456264500152e-05,0.00010032954476270079
1844,0.00011212584450635722,0.00010479738696515182,9.72619326381855e-05,0.00010195326915025505
1845,0.00011370275458064019,0.00010501427007740356,9.762904501694808e-05,0.00010439756209123899
1846,0.00011250544301996833,0.00010264368434164063,9.72448674200921e-05,0.00010055129573856406
1847,0.00011372562317891688,0.00010358758990994002,9.717359629636882e-05,0.0001015147784819247
1848,0.00011208802228106054,0.00010448323903338873,9.750144622121406e-05,0.0001034530072518609
1849,0.00011390078627660321,0.00010479571196429812,9.479858814927472e-05,0.00010201814446480957
1850,0.00011222339200157393,0.00010295291258570958,9.88443505045065e-05,0.00010121004352454789
1851,0.0001132096940208648,0.00010590200100131534,9.708391468020517e-05,9.918269245620327e-05
1852,0.00011431663864707469,0.00010195578392579461,9.874192962283335e-05,0.00010187398299406128
1853,0.00011388212990963617,0.00010279705781965842,9.878490845789465e-05,9.92434347421609e-05
1854,0.00011228324864390693,0.00010526305383857898,9.498795080060249e-05,0.00010077378216417962
1855,0.00011267994704716821,0.00010433630351085231,9.611544860278926e-05,0.00010018615313896301
1856,0.00011101389296962578,0.00010212803343250405,9.894614000434857e-05,9.855757337315729e-05
1857,0.00011120854710686605,0.00010180428144804109,9.650204896743576e-05,0.00010186086489873045
1858,0.0001117300401578386,0.00010279222352084733,9.949668764885143e-05,9.99707511879159e-05
1859,0.00011179730791495176,0.00010019137123145277,9.771227208425485e-05,9.890963402513137e-05
1860,0.00011171743510311245,0.00010059753490871129,9.815697867358789e-05,9.941939876860623e-05
1861,0.00011218940452207277,0.00010383641226888495,9.825060890830591e-05,9.838268406719585e-05
1862,0.00011138209163886753,0.00010112867988652383,9.568199883893628e-05,9.879668877308316e-05
1863,0.00011160764247637183,0.00010496690643873211,9.431705936037298e-05,9.978552570415037e-05
1864,0.00011233854888162588,0.00010316724132524692,9.603909534072503e-05,9.91279532251183e-05
1865,0.0001124160925559854,0.00010033721435116235,9.601108994399558e-05,0.00010236703265852164
1866,0.00011268180696841714,0.000102083923249472,9.689615675915617e-05,0.00010042826660292156
1867,0.0001114904442103356,0.00010154608449969741,9.646009325688577e-05,9.895995777687005e-05
1868,0.0001114846083387136,0.0001014557753832281,9.511717527225902e-05,0.00010024322457784884
1869,0.00011281035662032913,0.00010251765918971477,9.539855128564613e-05,9.816273150621205e-05
1870,0.00010995369735323855,0.00010266125896503584,9.669906529281578e-05,9.756392022986777e-05
1871,0.00011010128624252599,0.00010487115251029444,9.561974225758273e-05,9.749231543657613e-05
1872,0.00011043829257707238,9.91739459141025e-05,9.48065858831211e-05,9.697006988869951e-05
1873,0.00011063622777177926,0.00010217884867376699,9.438352815510378e-05,9.921392425657348e-05
1874,0.00011192081158970218,0.00010333377407388617,9.270603692314473e-05,9.781696731123425e-05
1875,0.0001091454156633423,0.0001000237033926704,9.400343062498326e-05,9.908112870279958e-05
1876,0.00011068845098277033,0.0001003819311914766,9.512551213542978e-05,0.0001010524101735642
1877,0.00011144150745667623,0.0001004148096067516,9.569700876995591e-05,9.807682962784674e-05
1878,0.0001090408934860258,0.00010101205079083462,9.694520179080575e-05,0.00010013069663954143
1879,0.00011046048780319145,0.00010343029044146785,9.291847179088204e-05,9.930262122506532e-05
1880,0.00010871552105829993,0.00010021764854806667,9.6064593367527e-05,9.631848527812971e-05
1881,0.00010785478779604543,0.00010305428866498079,9.390734095681578e-05,9.569122880630214e-05
1882,0.00010984576102826629,9.780900172200314e-05,9.497158281817336e-05,9.61177844391712e-05
1883,0.00011031021476435217,0.00010094948078024005,9.36875279861497e-05,9.746960569316549e-05
1884,0.00010965278885439806,9.987490886832857e-05,9.4238183806458e-05,9.774043546150039e-05
1885,0.00010986916932970285,9.928450590701636e-05,9.255234259193792e-05,9.89018611908081e-05
1886,0.00010858039991199949,9.961357452219361e-05,9.308455734810128e-05,9.635868858046385e-05
1887,0.00011021527560763814,9.939290295221826e-05,9.325244402869517e-05,9.611999023040137e-05
1888,0.00010892625979993284,0.00010166688547082783,9.508441768768315e-05,9.705148436292961e-05
1889,0.0001095958149422003,9.95915065190775e-05,9.404616996870953e-05,9.751774574579958e-05
1890,0.00010847172289981007,9.91242788785056e-05,9.442763460791056e-05,9.704154900051845e-05
1891,0.00010910902785846323,0.00010018502122571384,9.401074882743382e-05,9.918617143220939e-05
1892,0.00010729247635652881,9.972824909654406e-05,9.276462372161346e-05,9.778036325624084e-05
1893,0.00010898675468570316,0.00010045989561712898,9.410820571349535e-05,9.714902025006992e-05
1894,0.00010777257430749954,0.0001014051172031402,9.451738423385082e-05,9.640687660827016e-05
1895,0.00010868282614106308,9.99264543723871e-05,9.314435455779469e-05,9.647161865393501e-05
1896,0.0001072496264382541,9.935747424873467e-05,9.45536001398986e-05,9.62554837453759e-05
1897,0.00010856347701765222,9.954474300645411e-05,9.401587394369205e-05,9.474581407196435e-05
1898,0.0001076307137588612,9.972128821279436e-05,9.29865174621453e-05,9.641587335664424e-05
1899,0.00010972932802636946,0.00010005253862606578,9.505288084116158e-05,9.665438705161108e-05
1900,0.00010797691083127946,0.00010035151281579218,9.399571821938278e-05,9.774845832429528e-05
1901,0.00010779511693273266,9.837255898868778e-05,9.412449141984112e-05,9.701150583615756e-05
1902,0.00010736033791625097,0.00010011903983181482,9.380469793287714e-05,9.578224381064299e-05
1903,0.00010770395634515016,9.919864684607437e-05,9.061645394346736e-05,9.683305321668071e-05
1904,0.0001074718374137179,9.896482614495917e-05,9.20573484809977e-05,9.680361521827632e-05
1905,0.00010839206949194058,9.878914589914299e-05,9.361142439583721e-05,9.689972364041617e-05
1906,0.00010678209278768951,9.777912490613569e-05,9.274196853055827e-05,9.584827065688106e-05
1907,0.00010720585463557901,9.760224955705973e-05,9.34728062619613e-05,9.668268431444782e-05
1908,0.00010767042538142746,9.872890002890753e-05,9.191646327498002e-05,9.40330391930527e-05
1909,0.00010609166083069867,9.57228876979068e-05,9.371030668371644e-05,9.568368850906592e-05
1910,0.00010833256706759757,9.967093705581941e-05,8.96995901634047e-05,9.497052822578238e-05
1911,0.0001065369690420124,9.962965139164705e-05,9.181652586190185e-05,9.42268439498309e-05
1912,0.00010629415084354381,9.850797699023398e-05,9.17481079873907e-05,9.429181038304728e-05
1913,0.00010733062330213436,9.638922922213535e-05,9.068470966991036e-05,9.501626966074641e-05
1914,0.0001074815493050703,9.816382048434052e-05,9.161149003946865e-05,9.633764943452993e-05
1915,0.00010676246964398979,9.847046087959704e-05,9.102305837675902e-05,9.477358023889771e-05
1916,0.00010625060278853683,9.669754603321959e-05,9.127377914027354e-05,9.444605723806296e-05
1917,0.00010647590173925285,9.701862187553341e-05,9.139802378695458e-05,9.481250409911405e-05
1918,0.0001059386184680768,9.922243058732028e-05,9.103028271732403e-05,9.486197255886362e-05
1919,0.00010639067752882809,9.853889447735961e-05,8.92351772193886e-05,9.39572470517803e-05
1920,0.00010625632138061146,9.681239938234838e-05,9.215880969673464e-05,9.457516712073633e-05
1921,0.0001056206768256551,9.665771989220435e-05,9.092103247851439e-05,9.395352602367881e-05
1922,0.00010613377340992239,9.870089404063483e-05,9.243578459763638e-05,9.474435752606346e-05
1923,0.00010424894617603557,9.577141777167137e-05,9.01363468791938e-05,9.39073591418811e-05
1924,0.00010629076191449872,9.749394891712373e-05,8.986526918646321e-05,9.412797703948662e-05
1925,0.000104936514709265,9.648958521125545e-05,9.089391060894327e-05,9.430437235701038e-05
1926,0.00010500804376116964,9.756560357422722e-05,9.095922498556896e-05,9.29352659349878e-05
1927,0.00010571422226104254,9.645951144792982e-05,9.095112436238107e-05,9.279597633915757e-05
1928,0.00010514604406143291,9.624974687499403e-05,8.948993406901827e-05,9.342399625940842e-05
1929,0.00010475549538949999,9.669601620890992e-05,8.986702125248654e-05,9.367981428864742e-05
1930,0.00010477181027026076,9.642331832575515e-05,9.001077603108339e-05,9.29764504861824e-05
1931,0.000104347573649163,9.546009523874424e-05,9.007597980866092e-05,9.382098246897727e-05
1932,0.00010454177021657119,9.771696977121546e-05,9.021274864859945e-05,9.21329198521441e-05
1933,0.00010539899432169116,9.465151089957713e-05,8.906699140011752e-05,9.336558357406663e-05
1934,0.00010441250372188475,9.580611147287409e-05,9.007234527404002e-05,9.230435740001635e-05
1935,0.00010447593614806356,9.689094233894157e-05,9.04013308684757e-05,9.25891295427684e-05
1936,0.00010556150743794752,9.607626505791132e-05,8.989143061387366e-05,9.165452248162952e-05
1937,0.00010389669026060095,9.682855661263859e-05,8.96299369584014e-05,9.299462612849294e-05
1938,0.00010455211280023252,9.47735334967345e-05,8.833365917517931e-05,9.222600272008285e-05
1939,0.00010460897805944917,9.559900096204646e-05,8.770858230085469e-05,9.185193728353534e-05
1940,0.00010360098150682338,9.411446576740209e-05,8.933150222251983e-05,9.165449740053654e-05
1941,0.00010441740887881363,9.519121200349812e-05,8.80855518066353e-05,9.393249761977114e-05
1942,0.00010273173178050374,9.452400403193671e-05,8.893576484732125e-05,9.276433031650186e-05
1943,0.00010336922233689429,9.515668824387672e-05,8.917576188606537e-05,9.323404955944195e-05
1944,0.0001040034414407456,9.490189364415944e-05,8.996883539374664e-05,9.265130940755729e-05
1945,0.00010385009080498253,9.621438433933432e-05,8.953943071849636e-05,9.254479158670801e-05
1946,0.00010250378273025193,9.53797993806127e-05,8.797908781568848e-05,9.191458683363919e-05
1947,0.00010336560793914591,9.645708842603905e-05,8.840564462379798e-05,9.156909074010833e-05
1948,0.0001047580230233131,9.404938839435598e-05,8.889439567508369e-05,9.266975950539863e-05
1949,0.00010343268255537867,9.461046331384868e-05,8.852499951377221e-05,9.203366502049652e-05
1950,0.00010250908579962109,9.553648619074847e-05,8.717401429999134e-05,9.279354976650416e-05
1951,0.00010273837317820724,9.337806882341909e-05,8.772055121257826e-05,9.046135562399894e-05
1952,0.00010304097640369505,9.323603406921102e-05,8.969454451169325e-05,9.172954586368418e-05
1953,0.00010340474150098632,9.254189825846214e-05,8.829492246547086e-05,9.146852375112687e-05
1954,0.00010426816241468474,9.451434082999465e-05,8.815613465746766e-05,9.182836870523375e-05
1955,0.0001035691444554591,9.496668940741492e-05,8.895678741086541e-05,9.22029164944146e-05
1956,0.00010115421180449364,9.512302345951588e-05,8.877011675317731e-05,8.982213715548881e-05
1957,0.00010283750161819185,9.191685918193131e-05,8.81486758348134e-05,9.11247575387148e-05
1958,0.00010317970755038438,9.396652099896038e-05,8.925193306265455e-05,9.029304301064635e-05
1959,0.00010256373985673168,9.397693141828786e-05,8.679931553933078e-05,9.126809570838873e-05
1960,0.00010303026730620179,9.31798195376455e-05,8.777146587829824e-05,9.057529700638354e-05
1961,0.000102042142059539,9.375507208861749e-05,8.68057701668055e-05,9.043369840392927e-05
1962,0.00010365830116599965,9.206152381627277e-05,8.692941711688775e-05,9.090590801599364e-05
1963,0.00010266391734639404,9.364063454469425e-05,8.84595136650962e-05,8.995547751797849e-05
1964,0.0001024406951866615,9.456549856728529e-05,8.768829178951312e-05,9.137572416439063e-05
1965,0.0001012200287110264,9.438710537020613e-05,8.92546328517319e-05,9.225363394670549e-05
1966,0.0001019950077319994,9.335250592666735e-05,8.829827239173574e-05,8.9595638591858e-05
1967,0.00010078934862319749,9.363994178885398e-05,8.881459601990703e-05,8.972119408721034e-05
1968,0.00010119180898007837,9.194119379117722e-05,8.725042561101788e-05,9.1093611531085e-05
1969,0.00010284717100847458,9.43056875580322e-05,8.658213847144856e-05,8.99225886456436e-05
1970,0.00010175173287407987,9.198114116857717e-05,8.672207885765432e-05,8.980670147401807e-05
1971,0.0001015595740774875,9.350748125461805e-05,8.692681485318149e-05,9.075784859552404e-05
1972,0.00010145529019471149,9.413941342345559e-05,8.736034429038055e-05,8.966818262401798e-05
1973,0.00010166423601691763,9.375555331448772e-05,8.764957213873388e-05,9.08483186272605e-05
1974,0.00010064326714651032,9.317014499858408e-05,8.773350544793373e-05,8.884472221735175e-05
1975,0.00010158035581348446,9.22188082315968e-05,8.728245024994851e-05,8.973745606413315e-05
1976,0.00010105596330195983,9.237952495024834e-05,8.78862349242383e-05,8.900771693546844e-05
1977,0.0001009692578540065,9.328103386378863e-05,8.523686967581482e-05,8.956487305178656e-05
1978,0.00010074802577587501,9.358373846031417e-05,8.587455228464098e-05,9.032387693718031e-05
1979,0.00010072220617525107,9.326255682104874e-05,8.591362513748929e-05,9.019254737772483e-05
1980,0.00010185076030202758,9.194168496552376e-05,8.640098427451953e-05,8.938065131734068e-05
1981,0.00010036809391387566,9.232372849841218e-05,8.5698790812422e-05,9.029916977535725e-05
1982,9.983003566365466e-05,9.142561340625502e-05,8.710076147670483e-05,8.94887912589836e-05
1983,0.00010093800875438941,9.261219760274652e-05,8.53801263743727e-05,8.974616654224457e-05
1984,0.0001009179551303575,9.2570832991135e-05,8.705024893462122e-05,8.933823897206977e-05
1985,0.00010089706044261396,9.134408004914017e-05,8.685564999755747e-05,8.855558280843581e-05
1986,9.8730396034891e-05,9.241188867867251e-05,8.67760656162894e-05,8.745571520815711e-05
1987,0.00010092293718957414,9.258225051031115e-05,8.623862294560849e-05,8.969400343537189e-05
1988,0.000100581792394643,9.268109157356572e-05,8.578357675203346e-05,8.76974175125115e-05
1989,9.952889525014068e-05,9.24138106520276e-05,8.51075207310322e-05,8.813956562301958e-05
1990,0.00010146492957423469,9.014175344570836e-05,8.629600266053094e-05,8.737833152195776e-05
1991,9.877260372016586e-05,9.117965956756285e-05,8.474280384857574e-05,8.927278658372369e-05
1992,9.994731292941683e-05,9.074487813462307e-05,8.397647771117086e-05,8.911717462640255e-05
1993,9.953198005289865e-05,9.194626544804883e-05,8.58440747610906e-05,8.773304893956725e-05
1994,9.898168961426893e-05,9.113244777602921e-05,8.480156077899123e-05,8.884076719662521e-05
1995,9.970157955680551e-05,9.134151209608347e-05,8.405619006440655e-05,8.790503344587379e-05
1996,9.950435555384708e-05,9.086689023598852e-05,8.521542698298374e-05,8.759132937272209e-05
1997,9.861218496480523e-05,9.08695429772506e-05,8.496068007128836e-05,8.709017855149444e-05
1998,9.873133197401172e-05,8.984139559954861e-05,8.35999937382821e-05,8.757044584440129e-05
1999,9.878841804706692e-05,9.069760323839718e-05,8.433795844459924e-05,8.69975020929886e-05
2000,9.827793604051282e-05,9.142852260024827e-05,8.492590046772724e-05,8.773870082251488e-05
2001,9.91917731670535e-05,9.072218782736135e-05,8.453237688057526e-05,8.78076429655178e-05
2002,9.88638966524967e-05,9.017597147768365e-05,8.517694746094295e-05,8.836159851146008e-05
2003,9.869780757787345e-05,9.053280825836191e-05,8.56492789739306e-05,8.831312441529443e-05
2004,9.8690839140914e-05,9.133070683844239e-05,8.325092069777509e-05,8.775840644407369e-05
2005,9.798716293827295e-05,9.026891487038238e-05,8.422665200924159e-05,8.839683794911621e-05
2006,9.802088494551993e-05,9.132990555951243e-05,8.525113730281995e-05,8.71053545803133e-05
2007,9.834472963941633e-05,9.006848378980676e-05,8.38888959639951e-05,8.722976736069045e-05
2008,9.912603042446237e-05,9.096827275658335e-05,8.38333650818146e-05,8.748582506452062e-05
2009,9.845947118130449e-05,9.142040362622518e-05,8.284867570989536e-05,8.71638529618814e-05
2010,9.776556073597577e-05,9.089056398181639e-05,8.438166616650937e-05,8.636684050929918e-05
2011,9.775670434374254e-05,8.958698467202472e-05,8.299666594908875e-05,8.754041929115628e-05
2012,9.81460957063414e-05,9.023429028870558e-05,8.360286958956636e-05,8.765894581048967e-05
2013,9.791892119156843e-05,8.991072559052958e-05,8.36320573976103e-05,8.721551707975943e-05
2014,9.654717869253325e-05,9.000900576543294e-05,8.390048671398597e-05,8.674861189088098e-05
2015,9.77450210141888e-05,8.901416117142256e-05,8.255899948153346e-05,8.754568527394678e-05
2016,9.761580704044727e-05,8.975822915284509e-05,8.324409291322454e-05,8.642276664540347e-05
2017,9.749708669748008e-05,8.941618126814901e-05,8.327277161869563e-05,8.535988230922002e-05
2018,9.695172077575377e-05,9.061234442902808e-05,8.442836720063552e-05,8.630388113328632e-05
2019,9.711523189325084e-05,9.002405797766713e-05,8.373616933800679e-05,8.627244405754397e-05
2020,9.709251074676603e-05,8.910945925747049e-05,8.344428481865909e-05,8.581492557374489e-05
2021,9.738223485037604e-05,8.903969434545478e-05,8.205696464229968e-05,8.666120563974474e-05
2022,9.780304691852138e-05,8.880503309322666e-05,8.245340245622087e-05,8.645484720718404e-05
2023,9.67725119206915e-05,8.88244163652762e-05,8.30242701472211e-05,8.667213119732532e-05
2024,9.700576953248595e-05,8.856707317849627e-05,8.371742496330933e-05,8.616293566432136e-05
2025,9.695531208624863e-05,8.873353590036649e-05,8.418761105045816e-05,8.545877440502267e-05
2026,9.733745539829548e-05,8.823528389121734e-05,8.346771071675005e-05,8.522837699550326e-05
2027,9.633091725216645e-05,8.855920546710145e-05,8.241977666162652e-05,8.578852555426365e-05
2028,9.648331033532496e-05,8.74553787802438e-05,8.152767722453157e-05,8.531457255723763e-05
2029,9.659099289104391e-05,8.883507859494013e-05,8.25001542330882e-05,8.513650681816828e-05
2030,9.616923614808066e-05,8.946469642915608e-05,8.227790722695595e-05,8.509432937684875e-05
2031,9.658597722648413e-05,8.887736314347298e-05,8.285152503353451e-05,8.571257142861854e-05
2032,9.63761772593151e-05,8.806686759490344e-05,8.229700672303993e-05,8.565701069481771e-05
2033,9.631085725720003e-05,8.900455871283423e-05,8.239976321396803e-05,8.455064774486108e-05
2034,9.728731861815677e-05,8.845391631048193e-05,8.200208642291104e-05,8.477380853639746e-05
2035,9.658239236213031e-05,8.810089084156763e-05,8.300898832908203e-05,8.490951231890613e-05
2036,9.550700624587505e-05,8.726358440033704e-05,8.303928520388646e-05,8.448991807931797e-05
2037,9.60010599458572e-05,8.935409049580475e-05,8.18159886647951e-05,8.492433895035811e-05
2038,9.63790471133124e-05,8.748702732837773e-05,8.160972538859538e-05,8.403414051775104e-05
2039,9.564688162278958e-05,8.811411092231264e-05,8.267542448983098e-05,8.453466267750425e-05
2040,9.543528765674913e-05,8.790955597510084e-05,8.252148618190808e-05,8.527315898554865e-05
2041,9.562090151273798e-05,8.780323586639473e-05,8.298540298700002e-05,8.466816667661657e-05
2042,9.580138580391942e-05,8.733297308137651e-05,8.18581639557932e-05,8.498577171204538e-05
2043,9.550522494608029e-05,8.804466225348388e-05,8.06518350270114e-05,8.472367254747054e-05
2044,9.535982609604318e-05,8.825337141846304e-05,8.161044234262839e-05,8.475482385896317e-05
2045,9.517900496445682e-05,8.699984804694403e-05,8.120316958296871e-05,8.421081120039078e-05
2046,9.504577333837336e-05,8.81428587181535e-05,8.154468006821916e-05,8.486405089068906e-05
2047,9.581821026181272e-05,8.694174141506345e-05,8.097839368676279e-05,8.416482631336363e-05
2048,9.518988509717902e-05,8.821077982596674e-05,8.147192863629843e-05,8.411127202973706e-05
2049,9.484287601376017e-05,8.667294635117711e-05,8.130600939648551e-05,8.372606238579445e-05
2050,9.558975604180628e-05,8.667695724667477e-05,8.140469484516591e-05,8.458127285132498e-05
2051,9.520917770211863e-05,8.679807397540363e-05,8.101443780037078e-05,8.390216020820271e-05
2052,9.48448345152404e-05,8.67566704461053e-05,8.078165183534881e-05,8.39437047688082e-05
2053,9.57664788873812e-05,8.674804793508135e-05,8.131091959549528e-05,8.345519882230583e-05
2054,9.54112167086976e-05,8.73942918597499e-05,8.128337260313799e-05,8.25188371460711e-05
2055,9.49658398582383e-05,8.710722945056039e-05,8.113412488759499e-05,8.43961657294832e-05
2056,9.477356006479663e-05,8.743100755422998e-05,8.09506665402142e-05,8.400868444903206e-05
2057,9.525676662178938e-05,8.692129131028804e-05,8.10234545871632e-05,8.279964667184027e-05
2058,9.55371919629686e-05,8.632851715201947e-05,8.113629303965614e-05,8.425509777345657e-05
2059,9.46563564046657e-05,8.559943700979331e-05,8.155230156359618e-05,8.295356532321996e-05
2060,9.450106007648182e-05,8.677579264924924e-05,8.050216989722646e-05,8.217519355000651e-05
2061,9.534140643955644e-05,8.622008803836966e-05,8.041516265471069e-05,8.426699118713959e-05
2062,9.407808776482295e-05,8.643389679638341e-05,8.112202809187923e-05,8.324649603572974e-05
2063,9.390990750714524e-05,8.611593336953032e-05,8.049429276415129e-05,8.362010143767048e-05
2064,9.382990338093916e-05,8.696372640467437e-05,8.067794679711898e-05,8.301111812307262e-05
2065,9.411118227900815e-05,8.597733780209369e-05,8.008689358053698e-05,8.228926419647334e-05
2066,9.343786888855539e-05,8.518106686683569e-05,8.101451516780305e-05,8.313424756063141e-05
2067,9.364686151189384e-05,8.56263090058676e-05,8.084772598238672e-05,8.311433692104978e-05
2068,9.402485135136424e-05,8.491272017455949e-05,8.048581082741077e-05,8.308009888150674e-05
2069,9.392735048418955e-05,8.53473079696712e-05,8.071203232191191e-05,8.365906253067341e-05
2070,9.410214009574336e-05,8.621802921263349e-05,8.073324409846464e-05,8.287492134655002e-05
2071,9.368503940010592e-05,8.634277023337259e-05,7.96272262697022e-05,8.344990780033064e-05
2072,9.373451054112814e-05,8.546769016940524e-05,8.068881428168362e-05,8.20517255217306e-05
2073,9.348258254239523e-05,8.551872335017777e-05,7.988006867797569e-05,8.233366674039475e-05
2074,9.316344942235891e-05,8.628805447519509e-05,7.99220364488821e-05,8.234262646903014e-05
2075,9.324711534005592e-05,8.487495393121122e-05,7.955922173718703e-05,8.225856888361555e-05
2076,9.32689256686327e-05,8.518493931148363e-05,8.04775138220093e-05,8.178072572300558e-05
2077,9.280365127182054e-05,8.608530008922106e-05,7.928363483148867e-05,8.227852316555375e-05
2078,9.368311290361559e-05,8.620224310183138e-05,7.979344164069407e-05,8.172800593184935e-05
2079,9.295703466747168e-05,8.548432602933456e-05,7.966888886037607e-05,8.244063446298199e-05
2080,9.304493361889348e-05,8.461614619492343e-05,7.988046171000118e-05,8.178700473465747e-05
2081,9.312025467088096e-05,8.469847446886857e-05,7.90355207112346e-05,8.246825352336743e-05
2082,9.281645103140981e-05,8.497248266933958e-05,7.97787211629951e-05,8.184199670919309e-05
2083,9.266449966677975e-05,8.508063974910957e-05,8.038144037672706e-05,8.192333864308301e-05
2084,9.307851702927317e-05,8.46016657459672e-05,7.902996837284828e-05,8.193800051737289e-05
2085,9.266873074365507e-05,8.480368012680345e-05,7.955305802178753e-05,8.105314206267143e-05
2086,9.195328403605342e-05,8.45878342360638e-05,7.885557112528802e-05,8.142096427936319e-05
2087,9.32948280777247e-05,8.4337635674364e-05,7.958927726156833e-05,8.162114376098918e-05
2088,9.22629624013458e-05,8.436647647026846e-05,7.922368867985004e-05,8.126827216889889e-05
2089,9.227374549673844e-05,8.43372188577887e-05,7.915828838002714e-05,8.074251878675682e-05
2090,9.211446696064302e-05,8.496151897821434e-05,7.965552314675295e-05,8.159158285264393e-05
2091,9.220538150527286e-05,8.45811871197028e-05,7.909645003776852e-05,8.100299004043139e-05
2092,9.193337675103003e-05,8.407040033851222e-05,7.894223464693597e-05,8.134812307634838e-05
2093,9.188264093963273e-05,8.400116951471356e-05,7.896755681900864e-05,8.105921488527017e-05
2094,9.142577010942897e-05,8.499851756971021e-05,7.870640667364542e-05,8.14011282016576e-05
2095,9.199721698748987e-05,8.409636373422902e-05,7.869910975248194e-05,8.095606466334503e-05
2096,9.162386976401042e-05,8.455839004075735e-05,7.786181222057921e-05,8.041293226992815e-05
2097,9.236192828365011e-05,8.408515716590443e-05,7.854409939295968e-05,8.112132552522197e-05
2098,9.167143727860171e-05,8.392672904234309e-05,7.863900698439614e-05,8.106754338649089e-05
2099,9.204216011531854e-05,8.358392219863987e-05,7.853872235754822e-05,8.043244809494004e-05
2100,9.152851020643164e-05,8.434042624795133e-05,7.84238584329058e-05,8.09826412759796e-05
2101,9.120212579074669e-05,8.337897654002503e-05,7.908673117995635e-05,8.116340100201742e-05
2102,9.091165037192352e-05,8.326359385498319e-05,7.719945365028164e-05,8.071983141059973e-05
2103,9.160673014256946e-05,8.385152447994479e-05,7.823104148685761e-05,8.133245767590637e-05
2104,9.159438575788704e-05,8.358933936546905e-05,7.816176216587872e-05,8.079867337775897e-05
2105,9.124836510723677e-05,8.367318515984289e-05,7.810290595639144e-05,7.962204296764617e-05
2106,9.129812927145409e-05,8.384400026560205e-05,7.849986739265872e-05,8.047315408718122e-05
2107,9.109600121752682e-05,8.295989427995402e-05,7.831396474835169e-05,7.940942963288146e-05
2108,9.138829808830128e-05,8.36684425066993e-05,7.835487362876115e-05,7.929783215973105e-05
2109,9.131723774890298e-05,8.33308745089676e-05,7.756868509137259e-05,8.086010684445392e-05
2110,9.169844872852545e-05,8.368979689583505e-05,7.828383876890899e-05,7.920699727485546e-05
2111,9.064320762648651e-05,8.297131578192245e-05,7.669727469315395e-05,8.001564874336073e-05
2112,9.052840142335651e-05,8.322533042510986e-05,7.787946654813842e-05,7.9940605304189e-05
2113,9.015153169289228e-05,8.311804375142501e-05,7.701950262959164e-05,8.014927750941646e-05
2114,9.083143397607973e-05,8.295691658400029e-05,7.757320439546262e-05,7.92376430099386e-05
2115,9.05434403618195e-05,8.345397929793733e-05,7.714531655259411e-05,8.017297339237456e-05
2116,9.076589805764157e-05,8.223651613251359e-05,7.68421691911281e-05,7.907379639016962e-05
2117,9.066752102253016e-05,8.28679170344772e-05,7.788004812455543e-05,8.018129918883145e-05
2118,8.99203320064524e-05,8.246883004953725e-05,7.718317985946151e-05,8.025551163056391e-05
2119,9.07863960772451e-05,8.286487916735643e-05,7.673824895108946e-05,7.956856740633407e-05
2120,9.024268109771861e-05,8.265403192253948e-05,7.698185105068514e-05,7.919175035787228e-05
2121,9.040794467146261e-05,8.269106502015258e-05,7.669884397476634e-05,7.995467197199122e-05
2122,9.054928851768647e-05,8.277646160046228e-05,7.643844717640272e-05,7.845769005893272e-05
2123,8.992335726457425e-05,8.262395422803315e-05,7.623544474196696e-05,7.890200677337202e-05
2124,8.964230247840304e-05,8.220573728531904e-05,7.705768627673434e-05,7.877946667185699e-05
2125,8.942222319462088e-05,8.28189269482003e-05,7.624508354825367e-05,7.942687806166788e-05
2126,8.963098000732149e-05,8.272069734086387e-05,7.643482046960081e-05,7.897585885206313e-05
2127,8.976325816153168e-05,8.28387385350336e-05,7.648147487481536e-05,7.92255209721862e-05
2128,8.894528356880357e-05,8.1648320391216e-05,7.682090486013604e-05,7.915655377770097e-05
2129,8.960762351748193e-05,8.196211323435132e-05,7.663099695493819e-05,7.830507087312623e-05
2130,8.955054736920183e-05,8.146600510039817e-05,7.633067797843843e-05,7.849512540636162e-05
2131,8.929364671902416e-05,8.191694203634253e-05,7.64460740163968e-05,7.932374512179764e-05
2132,8.8899406301472e-05,8.222997028179888e-05,7.622748168924337e-05,7.891216671863315e-05
2133,8.860955136392148e-05,8.158187523730072e-05,7.55081973258327e-05,7.903397453474449e-05
2134,8.878681279747025e-05,8.119684747854242e-05,7.621166462920122e-05,7.873900052964002e-05
2135,8.934642749552061e-05,8.164303567179683e-05,7.540454635294535e-05,7.853296972610446e-05
2136,8.961106353876105e-05,8.109761438371171e-05,7.532560131807543e-05,7.886809676135317e-05
2137,8.918130227438063e-05,8.137386103265977e-05,7.5823557116038e-05,7.766078703205933e-05
2138,8.91199763173667e-05,8.10419485904573e-05,7.594121566846011e-05,7.829636050367395e-05
2139,8.888899290762959e-05,8.134552671091469e-05,7.5785892941329e-05,7.877778622334865e-05
2140,8.898538101606645e-05,8.14342919955194e-05,7.582102273573841e-05,7.766731473518228e-05
2141,8.906297898626023e-05,8.107854965784013e-05,7.584129179732099e-05,7.77412228366946e-05
2142,8.875794049532244e-05,8.10944822504767e-05,7.551848507516029e-05,7.829014560645499e-05
2143,8.907757464026862e-05,8.086635036103946e-05,7.5559543426759e-05,7.82613757348176e-05
2144,8.842303777344394e-05,8.124076601917551e-05,7.591156229802922e-05,7.874740962111575e-05
2145,8.831811111196073e-05,8.080941135523998e-05,7.608201385692693e-05,7.816010524128766e-05
2146,8.85077713498316e-05,8.126959829988504e-05,7.509482172104731e-05,7.820460345776246e-05
2147,8.845877386629818e-05,8.060114256527925e-05,7.522642253134939e-05,7.730959305818782e-05
2148,8.771877852335076e-05,8.057756236226456e-05,7.583172438360877e-05,7.710030273727813e-05
2149,8.872676585766059e-05,7.987323613349795e-05,7.508182233700832e-05,7.801986619004773e-05
2150,8.868205050964158e-05,8.10109030948363e-05,7.577109087427987e-05,7.804857381689067e-05
2151,8.804412775239589e-05,8.069592890208146e-05,7.502471245983633e-05,7.81081698514712e-05
2152,8.783354594494116e-05,8.022970937925311e-05,7.520551984080152e-05,7.766224700125975e-05
2153,8.792914301775537e-05,8.021913298670777e-05,7.538384819201533e-05,7.709291452855248e-05
2154,8.767616986506312e-05,8.073296925961999e-05,7.50567503781281e-05,7.728469455384714e-05
2155,8.782447292537692e-05,8.045932056104438e-05,7.52013548187783e-05,7.739142267495517e-05
2156,8.7883009826811e-05,8.016357626810464e-05,7.502937238811355e-05,7.749822899570975e-05
2157,8.766974656018825e-05,8.066386750426044e-05,7.529797444525609e-05,7.699599535630851e-05
2158,8.749659297984656e-05,7.996144820484812e-05,7.523926629219815e-05,7.681674466196171e-05
2159,8.764757212087982e-05,7.981805265830071e-05,7.4174738751144e-05,7.722451782561511e-05
2160,8.74304566075374e-05,8.002263901644794e-05,7.439906033384544e-05,7.716215295079677e-05
2161,8.744298836701193e-05,7.956834875556453e-05,7.470963110811352e-05,7.719961376635525e-05
2162,8.717185618330002e-05,7.994561687012316e-05,7.484306560525968e-05,7.743635068738131e-05
2163,8.717220268035762e-05,7.988771041232707e-05,7.46023086271521e-05,7.699042650673788e-05
2164,8.737986861066112e-05,7.99098576573103e-05,7.469680496344652e-05,7.675226570432768e-05
2165,8.750932605384726e-05,8.01546288617108e-05,7.454888912636148e-05,7.684637310946317e-05
2166,8.70023292262404e-05,8.018682989336028e-05,7.452171261330303e-05,7.749765782988397e-05
2167,8.697723657628974e-05,7.967055410331168e-05,7.440511527835058e-05,7.628856918073595e-05
2168,8.716122055367714e-05,8.006965660707581e-05,7.390260317241587e-05,7.664020285487397e-05
2169,8.671369231663145e-05,7.995926208341415e-05,7.460966569037365e-05,7.701794745474464e-05
2170,8.71518437930758e-05,7.970968599357703e-05,7.4039528963077e-05,7.701032108512241e-05
2171,8.691487944706166e-05,7.991033144748881e-05,7.422800191857757e-05,7.659029405180042e-05
2172,8.664567524986672e-05,7.898685348779336e-05,7.404518554843423e-05,7.647766334967977e-05
2173,8.68457732087533e-05,7.949200915670953e-05,7.367396904778909e-05,7.541713945461069e-05
2174,8.65350480513003e-05,7.938647342222162e-05,7.406029947977515e-05,7.623960022218256e-05
2175,8.718796777035817e-05,7.924893350914779e-05,7.411408027744694e-05,7.661561937357807e-05
2176,8.667852626365734e-05,7.901970697965763e-05,7.348048816325233e-05,7.634286237374247e-05
2177,8.639884602867875e-05,7.945634247539533e-05,7.38174469632602e-05,7.591848556132075e-05
2178,8.707565671644361e-05,7.99356625895728e-05,7.374615090208812e-05,7.630027617291604e-05
2179,8.639945388219036e-05,7.940803620423945e-05,7.369398579160916e-05,7.586932214889789e-05
2180,8.64645103300594e-05,7.957332271338789e-05,7.434517048308163e-05,7.549464086268003e-05
2181,8.610184714154811e-05,7.93231206749603e-05,7.325779874394758e-05,7.581862875439177e-05
2182,8.604495238358685e-05,7.871502872510351e-05,7.347473835274243e-05,7.625794551923708e-05
2183,8.619494732608645e-05,7.90891702818131e-05,7.378019718283598e-05,7.554850113570668e-05
2184,8.575873898688112e-05,7.867892067444344e-05,7.372380489050592e-05,7.594482756643044e-05
2185,8.597050166108873e-05,7.859348248336494e-05,7.29684721719145e-05,7.51870623991208e-05
2186,8.593522756408598e-05,7.879066987157552e-05,7.30086533001851e-05,7.593118019316013e-05
2187,8.571075763488361e-05,7.825285406821598e-05,7.313200291212738e-05,7.561630164157504e-05
2188,8.574127864770565e-05,7.84015389178673e-05,7.308750102785585e-05,7.510473262505432e-05
2189,8.573792541920917e-05,7.834856540292186e-05,7.293269591280824e-05,7.562749794775126e-05
2190,8.587192430187045e-05,7.907948034661069e-05,7.320584075828785e-05,7.50606806129885e-05
2191,8.563417742854217e-05,7.828466009112241e-05,7.291883169207893e-05,7.533780022584566e-05
2192,8.58583149266083e-05,7.855415416086652e-05,7.27946467074376e-05,7.522806979425283e-05
2193,8.520487488365712e-05,7.877289182584991e-05,7.249260249703827e-05,7.480919231146819e-05
2194,8.576270602199188e-05,7.8470666716682e-05,7.303593434683807e-05,7.469082908887346e-05
2195,8.55393909624629e-05,7.75947715062213e-05,7.258122689984616e-05,7.485505639592192e-05
2196,8.541395681006033e-05,7.82626741307448e-05,7.292541913647802e-05,7.491536410180762e-05
2197,8.517599924939326e-05,7.830116161926616e-05,7.258361361154984e-05,7.522525934858667e-05
2198,8.519460657036164e-05,7.819337135175456e-05,7.218314806826056e-05,7.495163132311393e-05
2199,8.477818169698892e-05,7.836968060446109e-05,7.264350255834452e-05,7.516875062790034e-05
2200,8.526635131442818e-05,7.778232641678661e-05,7.210721170810944e-05,7.488603782161718e-05
2201,8.465419749767152e-05,7.814707066965917e-05,7.262824481591058e-05,7.496665857248173e-05
2202,8.493183820754235e-05,7.743279720699717e-05,7.256729274958535e-05,7.472134149099671e-05
2203,8.513425975646872e-05,7.75421264715739e-05,7.286373257587928e-05,7.47042630875852e-05
2204,8.47326979401842e-05,7.789341875859237e-05,7.191266112219045e-05,7.472498014077315e-05
2205,8.479532551533023e-05,7.762701902631802e-05,7.243332704761347e-05,7.430461309840528e-05
2206,8.478478523838985e-05,7.735819067089475e-05,7.24548380138987e-05,7.414860553343417e-05
2207,8.495606678592326e-05,7.695264152398751e-05,7.200670540981024e-05,7.431382797081838e-05
2208,8.426850275815751e-05,7.779941471704606e-05,7.201748931396905e-05,7.471407693708563e-05
2209,8.48674114684897e-05,7.70239830883461e-05,7.237106592268269e-05,7.440080284658105e-05
2210,8.449079277085757e-05,7.676915552496221e-05,7.207643919176329e-05,7.409964077481606e-05
2211,8.479840150300936e-05,7.706758510775748e-05,7.170189121126063e-05,7.42023378489067e-05
2212,8.438001977367407e-05,7.742836206547545e-05,7.182246565485024e-05,7.425714085771958e-05
2213,8.435255945275648e-05,7.721554068589558e-05,7.173756748109211e-05,7.46350766456071e-05
2214,8.432598027770798e-05,7.75232798622227e-05,7.188097420953003e-05,7.397676589432757e-05
2215,8.395428331949132e-05,7.717157233158413e-05,7.164851146095795e-05,7.412146914051476e-05
2216,8.397716809218177e-05,7.752804401540214e-05,7.145964172679724e-05,7.396051815132015e-05
2217,8.400224427393004e-05,7.648316906169553e-05,7.155767834965399e-05,7.409034786299083e-05
2218,8.413321316815883e-05,7.682622842093828e-05,7.18077056331761e-05,7.37214509478967e-05
2219,8.393329453058232e-05,7.641538997863052e-05,7.118385113106878e-05,7.403252149258966e-05
2220,8.39618738014604e-05,7.688721642714534e-05,7.124092353744662e-05,7.361612980882566e-05
2221,8.377473935976554e-05,7.622465795371616e-05,7.099474605942384e-05,7.339463025826591e-05
2222,8.386684159474508e-05,7.66890635836484e-05,7.105365701503241e-05,7.341473510486119e-05
2223,8.375469108947837e-05,7.672198084758257e-05,7.139615225470516e-05,7.374443726198015e-05
2224,8.363581722920347e-05,7.67277798227291e-05,7.134360052710395e-05,7.346557607830802e-05
2225,8.349576827872892e-05,7.646740687784702e-05,7.146589094907573e-05,7.367378976683369e-05
2226,8.342799405876492e-05,7.621454151290757e-05,7.086692958597616e-05,7.306871627910574e-05
2227,8.348629438719644e-05,7.625765415783661e-05,7.174218992471913e-05,7.38585146668599e-05
2228,8.346851076329256e-05,7.705720531262669e-05,7.108548189160736e-05,7.325334529968979e-05
2229,8.339869493933706e-05,7.611794554665095e-05,7.091961253635623e-05,7.353112713135182e-05
2230,8.297731127672286e-05,7.625328374883368e-05,7.079674741757612e-05,7.326236830446729e-05
2231,8.310457101551407e-05,7.562089161597925e-05,7.077089265544956e-05,7.331262725584971e-05
2232,8.324614262684161e-05,7.6252743852059e-05,7.077168498415688e-05,7.300386836849181e-05
2233,8.307202782922083e-05,7.606312588866778e-05,7.076108450522531e-05,7.31886601776689e-05
2234,8.336162232593622e-05,7.620919241721132e-05,7.096808164121365e-05,7.298518643252619e-05
2235,8.268833352948869e-05,7.584027394700398e-05,7.094659676282813e-05,7.261589637592453e-05
2236,8.323655744582073e-05,7.597429430740528e-05,7.047848594483302e-05,7.253834652380386e-05
2237,8.267341706109693e-05,7.601802068359026e-05,7.036919820262837e-05,7.266804157358296e-05
2238,8.28158788206583e-05,7.625355512232497e-05,7.048995482665963e-05,7.282127918125685e-05
2239,8.284266733551075e-05,7.600221045102477e-05,7.063453400420861e-05,7.277118385856577e-05
2240,8.270831486040643e-05,7.585933687127043e-05,7.091677585005332e-05,7.298029928661549e-05
2241,8.272304113436691e-05,7.558893257133925e-05,7.011805178195663e-05,7.255230234145713e-05
2242,8.267570434276561e-05,7.590337112440446e-05,7.042772771868533e-05,7.264360259273404e-05
2243,8.251459535822611e-05,7.54656014761124e-05,7.064733046455277e-05,7.284822187667477e-05
2244,8.253817440037846e-05,7.54284385001054e-05,7.049078344537263e-05,7.240136543320747e-05
2245,8.247272245852003e-05,7.579301122877771e-05,7.040797872114943e-05,7.250883937557162e-05
2246,8.256713134963716e-05,7.515664025264098e-05,7.000126120800161e-05,7.226555198087653e-05
2247,8.238789249662486e-05,7.56896775177574e-05,7.046244860470746e-05,7.205044034412548e-05
2248,8.247417248094784e-05,7.538474455670569e-05,7.031701543023836e-05,7.249567654563754e-05
2249,8.20529243697374e-05,7.554669927971538e-05,7.000029298696986e-05,7.219795389818967e-05
2250,8.250279510793201e-05,7.50815926191778e-05,7.021324076910558e-05,7.252259959888266e-05
2251,8.208491340650252e-05,7.540731311017149e-05,6.999701267191267e-05,7.207363964242677e-05
2252,8.195238450985636e-05,7.536045738014475e-05,6.977264550384753e-05,7.215870415800882e-05
2253,8.18339064716902e-05,7.484053615470673e-05,7.002753827979878e-05,7.169760334946437e-05
2254,8.199945496643208e-05,7.519505982652415e-05,6.974089148420211e-05,7.179582718657324e-05
2255,8.190649676020927e-05,7.490027980555182e-05,6.956956483668767e-05,7.188109675447886e-05
2256,8.175659867753164e-05,7.478903609586485e-05,6.978229106134326e-05,7.141651342100297e-05
2257,8.203217941591992e-05,7.47538840573277e-05,6.964601526962318e-05,7.15957076396029e-05
2258,8.18528183667763e-05,7.513168332791091e-05,6.952870763772191e-05,7.147934064726093e-05
2259,8.184815503561761e-05,7.509458142643259e-05,6.969832839160344e-05,7.15813082310718e-05
2260,8.179693922440174e-05,7.449351345557507e-05,6.972048782457181e-05,7.21110802064193e-05
2261,8.156703900591323e-05,7.462169076855504e-05,6.93282662354874e-05,7.143489780154214e-05
2262,8.1504093743885e-05,7.452398005223356e-05,6.921546267843973e-05,7.112185646551934e-05
2263,8.15501510861765e-05,7.473116172352364e-05,6.917353950420597e-05,7.143435159979662e-05
2264,8.135350833327732e-05,7.49573915813694e-05,6.958924636659351e-05,7.131586395033634e-05
2265,8.129517890299498e-05,7.450164717038966e-05,6.922943534414948e-05,7.162758587953053e-05
2266,8.125793846863719e-05,7.411500864186769e-05,6.896039014479633e-05,7.134810150309415e-05
2267,8.125095666453628e-05,7.441534604366175e-05,6.898020917632396e-05,7.13233946761197e-05
2268,8.119812095617608e-05,7.458353193712992e-05,6.909992732507321e-05,7.110460409436023e-05
2269,8.130618887451572e-05,7.43769883841673e-05,6.865797538750047e-05,7.096528865400682e-05
2270,8.104067277190802e-05,7.387301312127016e-05,6.89395276873387e-05,7.114878080196248e-05
2271,8.097509109018298e-05,7.449931548316606e-05,6.908958201141484e-05,7.049323987664591e-05
2272,8.111549145915469e-05,7.425866941905013e-05,6.885317919204758e-05,7.107950657193342e-05
2273,8.10822797178255e-05,7.417270602148975e-05,6.896329415549378e-05,7.104892994575201e-05
2274,8.083509704511876e-05,7.401723151468468e-05,6.88530059493484e-05,7.078902463279574e-05
2275,8.087932813309479e-05,7.392288829130817e-05,6.869311178984652e-05,7.128956292315267e-05
2276,8.082644439443778e-05,7.40932711322794e-05,6.90281833431815e-05,7.081946542324602e-05
2277,8.060017432715764e-05,7.406230580741095e-05,6.871789651845183e-05,7.074215380736282e-05
2278,8.051032523006735e-05,7.381297579987885e-05,6.869613006299359e-05,7.093306174550409e-05
2279,8.063731066298482e-05,7.37633909019784e-05,6.857836790096412e-05,7.059666798784925e-05
2280,8.06943489999757e-05,7.365653547246644e-05,6.828040938010442e-05,7.053163284009912e-05
2281,8.042216304344345e-05,7.346256276243454e-05,6.87475820065006e-05,7.044163335049226e-05
2282,8.047232236563599e-05,7.355016437202634e-05,6.849900843144956e-05,7.034317332093776e-05
2283,8.066671839756911e-05,7.369977180719391e-05,6.856676801773523e-05,7.038013520804008e-05
2284,8.069394697184772e-05,7.374737421534049e-05,6.838413431639961e-05,7.058919252577665e-05
2285,8.027484333303365e-05,7.32688688493705e-05,6.876968586627724e-05,7.049411720478684e-05
2286,8.027130629696308e-05,7.299678898646155e-05,6.83006442144937e-05,7.046379306112567e-05
2287,8.0064154531107e-05,7.337939811866965e-05,6.80225007430993e-05,7.008384955560508e-05
2288,7.986074761667951e-05,7.316047567118346e-05,6.81449422001336e-05,7.040327646980072e-05
2289,7.992411778373139e-05,7.327373077296815e-05,6.831122285163958e-05,7.005398341955627e-05
2290,8.026613748506993e-05,7.272859211563792e-05,6.829212263265996e-05,7.004953874265321e-05
2291,7.993580000567268e-05,7.311875178888936e-05,6.806621287428349e-05,7.013407952680138e-05
2292,8.017947800617072e-05,7.317773153366267e-05,6.779836513188068e-05,7.005936864122e-05
2293,7.999165529874685e-05,7.310778937041536e-05,6.837655739805906e-05,6.990968501326861e-05
2294,7.984356724985921e-05,7.301645654642837e-05,6.796534854178676e-05,7.007873225808472e-05
2295,7.971755809367579e-05,7.273977710552909e-05,6.785499756795122e-05,6.985791751135839e-05
2296,7.982002071770418e-05,7.249811657888088e-05,6.78481182498847e-05,7.012089362657359e-05
2297,7.961883419631646e-05,7.274641361938165e-05,6.807592133473188e-05,6.995964747468843e-05
2298,7.976266370325071e-05,7.2739087412302e-05,6.766724122017972e-05,6.981552234834407e-05
2299,7.972339452951248e-05,7.28071922222128e-05,6.794644775997042e-05,6.981214993238998e-05
2300,7.966916990898398e-05,7.259667539751295e-05,6.755130060984374e-05,6.984911293826127e-05
2301,7.919034009559034e-05,7.252375340799925e-05,6.75729206602856e-05,6.949391858650583e-05
2302,7.956544000369337e-05,7.244308727412124e-05,6.752785818529065e-05,6.968606304942505e-05
2303,7.935103660945822e-05,7.261222756860878e-05,6.771298789810157e-05,6.925208827779891e-05
2304,7.934742155170783e-05,7.241215184570308e-05,6.765666302606307e-05,6.895025850469485e-05
2305,7.931942531258202e-05,7.277749737229722e-05,6.714779550603812e-05,6.956626384961444e-05
2306,7.921521994379857e-05,7.240036462738857e-05,6.772333749004771e-05,6.928961931512371e-05
2307,7.904931156104404e-05,7.295128570662832e-05,6.743134072123214e-05,6.910201785309275e-05
2308,7.905414925652128e-05,7.274527990752349e-05,6.743000104694127e-05,6.941579198091528e-05
2309,7.896342937827699e-05,7.22425026038693e-05,6.70852147724982e-05,6.913088763275844e-05
2310,7.895735221278975e-05,7.237622467598548e-05,6.719627003941081e-05,6.89619668811088e-05
2311,7.891959666694427e-05,7.205325158423312e-05,6.713973640540841e-05,6.906275935556969e-05
2312,7.910003192966646e-05,7.220522216463629e-05,6.680424479180806e-05,6.912756879485271e-05
2313,7.907150545665895e-05,7.193744286417328e-05,6.705679319196295e-05,6.917485012590728e-05
2314,7.905059923286599e-05,7.164569951753126e-05,6.723589258641796e-05,6.91210286919445e-05
2315,7.888603284454412e-05,7.205777084379109e-05,6.676619862332511e-05,6.868268091834188e-05
2316,7.889633288112361e-05,7.213246949485954e-05,6.692040080563254e-05,6.89113696290052e-05
2317,7.864734241607627e-05,7.21204201464167e-05,6.696797722994829e-05,6.903020729967547e-05
2318,7.842382604456304e-05,7.190645568100416e-05,6.670213660835577e-05,6.877000786631943e-05
2319,7.863919268042654e-05,7.194036634802869e-05,6.694135694003415e-05,6.861822249783138e-05
2320,7.818219399213845e-05,7.172201677624348e-05,6.689559168994883e-05,6.88209816603919e-05
2321,7.83177035928795e-05,7.190753494601855e-05,6.681236277666585e-05,6.889562367868537e-05
2322,7.847790505657374e-05,7.191740810965497e-05,6.647333131988749e-05,6.871289666410657e-05
2323,7.830127077721782e-05,7.163320301739033e-05,6.647565604995968e-05,6.832615969395636e-05
2324,7.839564341808092e-05,7.145918360648433e-05,6.655735077501143e-05,6.880851685138035e-05
2325,7.839115380368275e-05,7.157747594929322e-05,6.635673724045353e-05,6.87158617840004e-05
2326,7.817674867506422e-05,7.141534639994269e-05,6.628738583911864e-05,6.821110032817982e-05
2327,7.803002064388219e-05,7.16234396135368e-05,6.64162811432702e-05,6.851049116773384e-05
2328,7.808192197762132e-05,7.156782449020567e-05,6.637160111180777e-05,6.81076283487196e-05
2329,7.799303380132002e-05,7.13251075109407e-05,6.619960223379225e-05,6.82966721444327e-05
2330,7.790939953163785e-05,7.109703317287811e-05,6.606399874128132e-05,6.804095191675528e-05
2331,7.801598304754206e-05,7.131881436689645e-05,6.630593808420714e-05,6.82979116361364e-05
2332,7.782594238520273e-05,7.159733976803795e-05,6.616174166122154e-05,6.777618292862312e-05
2333,7.790901106261648e-05,7.130156053353208e-05,6.61505685800707e-05,6.838268596101704e-05
2334,7.788634199936772e-05,7.117132198439207e-05,6.623820156752149e-05,6.807548154143353e-05
2335,7.769905467789705e-05,7.149465577179905e-05,6.627912956586961e-05,6.787305302549966e-05
2336,7.771877391376728e-05,7.072253711124749e-05,6.563871667817336e-05,6.785721747292789e-05
2337,7.781987934487084e-05,7.111748724291911e-05,6.603565649756387e-05,6.793528253544731e-05
2338,7.750208764999839e-05,7.072170400727941e-05,6.597790637251415e-05,6.786245229780551e-05
2339,7.758706478175376e-05,7.065423628702467e-05,6.606981808334334e-05,6.795342397470026e-05
2340,7.75505694701932e-05,7.09219627235768e-05,6.59661830737502e-05,6.788316708439618e-05
2341,7.737531832575558e-05,7.089488585488675e-05,6.577777151237873e-05,6.741616354187182e-05
2342,7.742015678401645e-05,7.069565865741816e-05,6.56403130271766e-05,6.807880165153684e-05
2343,7.748830212827673e-05,7.089746053336724e-05,6.572130240214102e-05,6.7831928306297e-05
2344,7.726139044327682e-05,7.063632422767298e-05,6.565698106450666e-05,6.764833642871589e-05
2345,7.732547974888937e-05,7.063979512946758e-05,6.535161601873691e-05,6.779123985940145e-05
2346,7.718945402709208e-05,7.060491819862082e-05,6.547842536379995e-05,6.765176864605289e-05
2347,7.708190038819982e-05,7.057243208291255e-05,6.590629142302344e-05,6.74379687670372e-05
2348,7.70391113135745e-05,7.044676541398035e-05,6.544479492482865e-05,6.750963295042313e-05
2349,7.721459849367297e-05,7.050333962890682e-05,6.52600932096834e-05,6.720633864756711e-05
2350,7.70559773809278e-05,7.074173046453222e-05,6.547403303586407e-05,6.703555881887801e-05
2351,7.691583817107754e-05,7.063764415514563e-05,6.525015385512867e-05,6.732628005882631e-05
2352,7.682145151152038e-05,7.060649854163891e-05,6.545048564718611e-05,6.721510061205932e-05
2353,7.701840987452093e-05,7.03351771148294e-05,6.534784369622148e-05,6.715771002009805e-05
2354,7.676786271832777e-05,7.058257864715664e-05,6.521798521897592e-05,6.711996125495405e-05
2355,7.680366936109929e-05,7.022662895123283e-05,6.491154203042003e-05,6.705195400114777e-05
2356,7.664674816842733e-05,7.014951751237836e-05,6.521556099138848e-05,6.705092089350885e-05
2357,7.670471916956966e-05,7.003859082217964e-05,6.496141951307455e-05,6.705913134315853e-05
2358,7.680423629432943e-05,7.017565219818623e-05,6.495099097906604e-05,6.691747208688515e-05
2359,7.669757226177424e-05,6.98753685388217e-05,6.52000567831348e-05,6.683503917423896e-05
2360,7.653990959576184e-05,6.98528568386386e-05,6.506540109459782e-05,6.707772646556978e-05
2361,7.645237362276115e-05,6.999972931801414e-05,6.492194841102151e-05,6.683080672600593e-05
2362,7.649991152746318e-05,6.977314255153588e-05,6.498984925718805e-05,6.692935772466048e-05
2363,7.625452910561748e-05,6.969581388145435e-05,6.494202945989483e-05,6.686568225527729e-05
2364,7.642292616083399e-05,6.974960906240737e-05,6.501803114698631e-05,6.716613183748231e-05
2365,7.64082150641722e-05,6.992677182361866e-05,6.47839004040142e-05,6.676653138633484e-05
2366,7.635259467606473e-05,6.970064492294671e-05,6.462802621453215e-05,6.689292238988434e-05
2367,7.605948673712128e-05,6.977954252802692e-05,6.461005264751634e-05,6.648758006676448e-05
2368,7.614208693749361e-05,6.978208212387547e-05,6.463962108594885e-05,6.634201767727853e-05
2369,7.603435707088544e-05,6.95900178967722e-05,6.420348113654271e-05,6.632122290468336e-05
2370,7.60081049777319e-05,6.949322331118781e-05,6.449799145005604e-05,6.64735190558687e-05
2371,7.601558177741713e-05,6.952410633221042e-05,6.452344029582381e-05,6.651419180266435e-05
2372,7.599387128809606e-05,6.952940808372479e-05,6.447065587298256e-05,6.640398549412177e-05
2373,7.610507530595558e-05,6.904120947661728e-05,6.438309864611669e-05,6.626956918987936e-05
2374,7.587756322297762e-05,6.92561634890826e-05,6.436829302491472e-05,6.614467722108746e-05
2375,7.564541225777932e-05,6.921157454120258e-05,6.459743283601318e-05,6.612057122759132e-05
2376,7.574796233131708e-05,6.93144620736403e-05,6.425907488779706e-05,6.627842632788383e-05
2377,7.577952172461596e-05,6.921764326436929e-05,6.407047965561792e-05,6.61127968448231e-05
2378,7.577607149845202e-05,6.942390152451692e-05,6.42643660877804e-05,6.607127037110258e-05
2379,7.568701958390718e-05,6.911386026349728e-05,6.423436697270798e-05,6.613546487061832e-05
2380,7.54906129849111e-05,6.925170196950515e-05,6.411232825173416e-05,6.59879281575168e-05
2381,7.548591339273174e-05,6.901410168407728e-05,6.426764223987653e-05,6.586421128209226e-05
2382,7.558126704125726e-05,6.900646055232145e-05,6.416876052139202e-05,6.606700096794204e-05
2383,7.538424563802588e-05,6.911284455297326e-05,6.407340238854116e-05,6.588375363698811e-05
2384,7.535676322911426e-05,6.89210195756585e-05,6.37817053136574e-05,6.560296842887474e-05
2385,7.544041595252379e-05,6.87419317806541e-05,6.399284625843267e-05,6.567626769246524e-05
2386,7.52968000657127e-05,6.890144320368839e-05,6.402999820944771e-05,6.57878650480096e-05
2387,7.517615781127539e-05,6.87803554178673e-05,6.374448764108859e-05,6.57862069579001e-05
2388,7.529296736108281e-05,6.861337205247572e-05,6.389379591769656e-05,6.588856150475956e-05
2389,7.518338061475734e-05,6.888381606502881e-05,6.381820924521944e-05,6.569410539617215e-05
2390,7.502200497093103e-05,6.881960484645338e-05,6.39302794594281e-05,6.549933454400132e-05
2391,7.511146418040858e-05,6.864868263495568e-05,6.356524874995963e-05,6.546821510859289e-05
2392,7.501823066244721e-05,6.861045896693424e-05,6.384423666494149e-05,6.546513153872121e-05
2393,7.492684770968442e-05,6.847591647556247e-05,6.36015757276572e-05,6.567399542425117e-05
2394,7.495251231460641e-05,6.84646184425348e-05,6.340928415990066e-05,6.55468849528781e-05
2395,7.47949541852183e-05,6.878446305881514e-05,6.366555543755658e-05,6.553273862795251e-05
2396,7.487058900227136e-05,6.83257003079616e-05,6.365900368536959e-05,6.518784867565774e-05
2397,7.498268602194109e-05,6.834776134636714e-05,6.33590821173274e-05,6.550762735875184e-05
2398,7.480447510169552e-05,6.834183729262987e-05,6.330893791775613e-05,6.536786882346153e-05
2399,7.479665628335778e-05,6.8462430227752e-05,6.345656229479427e-05,6.523815095002791e-05
2400,7.47393395033469e-05,6.815985332079819e-05,6.333991930803069e-05,6.516268491411424e-05
2401,7.478176951818233e-05,6.818129601005404e-05,6.334335674112837e-05,6.526547328296121e-05
2402,7.447970885153002e-05,6.826077936711991e-05,6.328811287767335e-05,6.487380806266427e-05
2403,7.466003837331481e-05,6.797186058091605e-05,6.341913428534413e-05,6.507455916192307e-05
2404,7.446058967391927e-05,6.80063721018123e-05,6.318630513680252e-05,6.498794000322956e-05
2405,7.452185031373907e-05,6.80673206601961e-05,6.306650742989575e-05,6.492757925526924e-05
2406,7.447015184649909e-05,6.815618357146517e-05,6.296790741510267e-05,6.476222685005094e-05
2407,7.447934221702833e-05,6.784578713296929e-05,6.306959865360568e-05,6.496978059325665e-05
2408,7.428624431984804e-05,6.801499151515526e-05,6.31706920811195e-05,6.489307865585599e-05
2409,7.431073534762192e-05,6.783724656965503e-05,6.2963610408236e-05,6.489603727073176e-05
2410,7.432154631678502e-05,6.782989827315436e-05,6.294675712258792e-05,6.473472837647396e-05
2411,7.415977257461587e-05,6.767626101748429e-05,6.319704120191133e-05,6.480149275393673e-05
2412,7.415452554370703e-05,6.783828976214865e-05,6.257165189043166e-05,6.46641217194936e-05
2413,7.400697639578461e-05,6.758151998914045e-05,6.292222418697175e-05,6.468038312059227e-05
2414,7.425669833003734e-05,6.763072123367256e-05,6.286470153220701e-05,6.458286191432448e-05
2415,7.3991426900731e-05,6.769226940223632e-05,6.28894477667275e-05,6.465058458274521e-05
2416,7.40099656403876e-05,6.753403206700826e-05,6.256325518432201e-05,6.467116991327787e-05
2417,7.382025061642592e-05,6.767705308516788e-05,6.267708817826408e-05,6.443233733295212e-05
2418,7.38155815084497e-05,6.751509609822857e-05,6.259386428874859e-05,6.422973827959047e-05
2419,7.380730440360408e-05,6.762579802994484e-05,6.223570503260382e-05,6.439841148525887e-05
2420,7.372600062708129e-05,6.762860917529488e-05,6.256219314212434e-05,6.430062051823226e-05
2421,7.385338598919059e-05,6.72351521372087e-05,6.259600413715945e-05,6.413613130430575e-05
2422,7.370485078629459e-05,6.731649289547959e-05,6.22895791354043e-05,6.429655168013175e-05
2423,7.379577075232627e-05,6.737541466977956e-05,6.246437185827074e-05,6.437169218104804e-05
2424,7.361103280217842e-05,6.716223858946431e-05,6.240589536432016e-05,6.424754930476917e-05
2425,7.356981763972135e-05,6.730630330352082e-05,6.219379679249588e-05,6.410536835193866e-05
2426,7.353568838372484e-05,6.731416735324256e-05,6.245249416606722e-05,6.420047182948883e-05
2427,7.342795292309276e-05,6.70370152861435e-05,6.221314274355621e-05,6.395989599560077e-05
2428,7.350779723898804e-05,6.688360103720223e-05,6.217334158575025e-05,6.402915783108787e-05
2429,7.335220099412236e-05,6.714549137938883e-05,6.239808801296471e-05,6.408069970606502e-05
2430,7.329639694513861e-05,6.718149973263275e-05,6.213806880540326e-05,6.391074817963125e-05
2431,7.331662946300802e-05,6.684898227889945e-05,6.200999038521617e-05,6.383158834462055e-05
2432,7.311941186176654e-05,6.697458590579602e-05,6.214337259729525e-05,6.385654010223244e-05
2433,7.307281713788212e-05,6.677856717124285e-05,6.197951049413722e-05,6.3932692381094e-05
2434,7.319857651312329e-05,6.685600688773187e-05,6.188228245089202e-05,6.376621699795406e-05
2435,7.327106753334904e-05,6.664186372179884e-05,6.212274003030158e-05,6.381307402569427e-05
2436,7.303926370999656e-05,6.689393890167898e-05,6.21335691238538e-05,6.361704322361053e-05
2437,7.307780666841187e-05,6.680249028881842e-05,6.204273235383575e-05,6.379120190646689e-05
2438,7.299582396160338e-05,6.676431470500947e-05,6.193282411072385e-05,6.368009395156125e-05
2439,7.29052442360182e-05,6.659229637809744e-05,6.193917757735457e-05,6.364437569427749e-05
2440,7.295232954687533e-05,6.660483716610112e-05,6.19722560061908e-05,6.36422446331727e-05
2441,7.287135664134982e-05,6.668794805767816e-05,6.173299105757433e-05,6.356501631748048e-05
2442,7.28970571838832e-05,6.670416269612584e-05,6.184042906655116e-05,6.354612047814693e-05
2443,7.274900123347552e-05,6.657563495384393e-05,6.165132366941546e-05,6.338418315503213e-05
2444,7.281309257296823e-05,6.646074997937786e-05,6.146931635834115e-05,6.346004210468984e-05
2445,7.259575516188064e-05,6.651971236443218e-05,6.15487719711965e-05,6.323167357238619e-05
2446,7.270280711690617e-05,6.646896467796102e-05,6.153823894656099e-05,6.317789047500287e-05
2447,7.262165354265727e-05,6.630868586794282e-05,6.149080518232957e-05,6.32772543060899e-05
2448,7.266973446811302e-05,6.643889450998955e-05,6.13539975670832e-05,6.328789894414295e-05
2449,7.256082815394021e-05,6.627623089942386e-05,6.152961069754191e-05,6.323275139520191e-05
2450,7.242515775380753e-05,6.60806431477433e-05,6.130667857411671e-05,6.317312262041229e-05
2451,7.236450272590871e-05,6.614865315544445e-05,6.14562724666698e-05,6.329299380654258e-05
2452,7.241772936882423e-05,6.631870390911895e-05,6.142603567306763e-05,6.296489160040184e-05
2453,7.23131637504546e-05,6.61189173816338e-05,6.136143688426226e-05,6.309351757875149e-05
2454,7.237230511470247e-05,6.610733284308664e-05,6.139284749782353e-05,6.296501461490909e-05
2455,7.226735734612341e-05,6.597068065551767e-05,6.11954365559601e-05,6.300574511234563e-05
2456,7.221001562265206e-05,6.607344798234457e-05,6.103807421080091e-05,6.280986492450744e-05
2457,7.229483691790927e-05,6.600493579404813e-05,6.116413423936374e-05,6.2923449626546e-05
2458,7.210840599171907e-05,6.590994468325329e-05,6.125658768607863e-05,6.282189628315953e-05
2459,7.202602311908688e-05,6.584370348523738e-05,6.11740752905178e-05,6.276097904384625e-05
2460,7.212812630060374e-05,6.586037989307394e-05,6.102779084368665e-05,6.279404306367424e-05
2461,7.199445304614167e-05,6.582011635542083e-05,6.114716440365711e-05,6.283973678764844e-05
2462,7.184885111492125e-05,6.584557544635489e-05,6.067048658760508e-05,6.257656519795573e-05
2463,7.185034021180602e-05,6.558706838356828e-05,6.085264408324211e-05,6.260078687274515e-05
2464,7.186142902601051e-05,6.556060164255537e-05,6.080626044383366e-05,6.256831543964495e-05
2465,7.176896015062526e-05,6.569704553948556e-05,6.075740940520702e-05,6.24151030556217e-05
2466,7.1742569919821e-05,6.546122950815658e-05,6.0768927591327294e-05,6.247808733969225e-05
2467,7.178384848202169e-05,6.565808122239899e-05,6.080380560346941e-05,6.251523072898448e-05
2468,7.168902270626512e-05,6.557650246477975e-05,6.070108772172791e-05,6.23330725699381e-05
2469,7.166100397904323e-05,6.541622256624222e-05,6.075606385227886e-05,6.240154865699633e-05
2470,7.165763555227046e-05,6.548097421717764e-05,6.061021259606305e-05,6.228473996867486e-05
2471,7.153944184525681e-05,6.541410282505062e-05,6.049091376212104e-05,6.233416811854073e-05
2472,7.147861600383703e-05,6.524874072432215e-05,6.053813752366406e-05,6.216006417072626e-05
2473,7.154580594311061e-05,6.556056141626736e-05,6.04870025070532e-05,6.203763604670318e-05
2474,7.136818610013481e-05,6.51281314190701e-05,6.0584818169859216e-05,6.213978794797698e-05
2475,7.140181771532803e-05,6.537005985308351e-05,6.0540318265586235e-05,6.217560521155944e-05
2476,7.138739715065276e-05,6.518189591607814e-05,6.0454919877821695e-05,6.215804698616452e-05
2477,7.123593788967206e-05,6.523192551239377e-05,6.026166847173476e-05,6.227237926437634e-05
2478,7.10720235245081e-05,6.524495510166817e-05,6.0246119030522674e-05,6.221868427187513e-05
2479,7.133332714791969e-05,6.508454386656045e-05,6.02792179622505e-05,6.208868880548904e-05
2480,7.120054491705389e-05,6.494711976555534e-05,6.0286414264658966e-05,6.201154861102201e-05
2481,7.120500706488853e-05,6.512542773632163e-05,6.009221569824225e-05,6.184431604653241e-05
2482,7.107741085831541e-05,6.510231219313169e-05,6.0244790108659096e-05,6.200393591874491e-05
2483,7.10513905419498e-05,6.497429488330356e-05,6.018890985976755e-05,6.180085086830174e-05
2484,7.107746456740908e-05,6.488088077141883e-05,6.025612642774595e-05,6.197644504964907e-05
2485,7.096690137559131e-05,6.476877563103505e-05,6.013659904600054e-05,6.175728413991767e-05
2486,7.085934468716903e-05,6.494094750018953e-05,6.003215683232646e-05,6.162995451725639e-05
2487,7.089424242564565e-05,6.481213779770353e-05,5.996167381380302e-05,6.148011321820535e-05
2488,7.088037503547824e-05,6.47817276867521e-05,6.008277295678569e-05,6.171243109008081e-05
2489,7.073877868953573e-05,6.473227327350839e-05,5.991498130907481e-05,6.165508912723129e-05
2490,7.073103036576638e-05,6.475253869421588e-05,6.0212646150344634e-05,6.164453294707952e-05
2491,7.069245308900713e-05,6.482082897362159e-05,5.994226573420423e-05,6.161633110994312e-05
2492,7.073870911188137e-05,6.465011148299558e-05,5.991997731895472e-05,6.142270670038703e-05
2493,7.064196431164368e-05,6.439646581765967e-05,5.9922328640672435e-05,6.147066842278775e-05
2494,7.053725727938078e-05,6.451788791694953e-05,5.9742766582006665e-05,6.156647913460822e-05
2495,7.051095710137805e-05,6.453697973707434e-05,5.973606681256883e-05,6.155096434562493e-05
2496,7.056973194755513e-05,6.464329282471556e-05,5.9729781554321535e-05,6.13543251236961e-05
2497,7.052609279391397e-05,6.436932715507113e-05,5.970108317142917e-05,6.143021665803105e-05
2498,7.037427265599446e-05,6.44735929261795e-05,5.963797836981624e-05,6.151254471393009e-05
2499,7.049572800671193e-05,6.418104668805075e-05,5.9662694009389276e-05,6.138488443039835e-05
2500,7.038844474413585e-05,6.430756539101849e-05,5.959945059049992e-05,6.102501469237762e-05
2501,7.028332871783147e-05,6.445551309476481e-05,5.94452539799224e-05,6.104430255693351e-05
2502,7.030555014635165e-05,6.430299893526768e-05,5.9658329091240895e-05,6.104515438546285e-05
2503,7.027149347886787e-05,6.404843913651938e-05,5.9465246550863954e-05,6.113816698955638e-05
2504,7.03293091300178e-05,6.415838631947091e-05,5.9520406159156925e-05,6.1004687910473086e-05
2505,7.019025665997422e-05,6.41799067081289e-05,5.9346183182608755e-05,6.095213795820233e-05
2506,7.019645459821396e-05,6.409454172968433e-05,5.9363161957696915e-05,6.100934456715964e-05
2507,7.012674780642815e-05,6.402735765905849e-05,5.9305490833517956e-05,6.0885051504451065e-05
2508,6.99806903502017e-05,6.392283152188152e-05,5.928076763594447e-05,6.0856119839351795e-05
2509,7.008790474185218e-05,6.414633861683082e-05,5.9230965731993276e-05,6.089048282271462e-05
2510,6.997733041190935e-05,6.390568341704257e-05,5.920268114095006e-05,6.084845211709001e-05
2511,6.992177183428145e-05,6.4007634409235e-05,5.9291461359052624e-05,6.0905605579818754e-05
2512,6.999118388686323e-05,6.390321596504132e-05,5.9224033144689495e-05,6.0948559459164684e-05
2513,6.986965960582973e-05,6.376692668786514e-05,5.910194966085036e-05,6.0795967050225396e-05
2514,6.987507892447076e-05,6.383035893585312e-05,5.894259282363005e-05,6.0612541267390305e-05
2515,6.980590602560475e-05,6.384538503654607e-05,5.9112940784120765e-05,6.068746427051714e-05
2516,6.963957095297845e-05,6.360341340070579e-05,5.900608312860953e-05,6.05163241959585e-05
2517,6.968012235544893e-05,6.364415133029846e-05,5.891618542256e-05,6.061610809319406e-05
2518,6.965417139370727e-05,6.364313428413724e-05,5.890033090471194e-05,6.056037551108728e-05
2519,6.965806038028037e-05,6.358278658622327e-05,5.8843819139779734e-05,6.059185569070464e-05
2520,6.951820046810183e-05,6.358464184965853e-05,5.882886565582823e-05,6.048149225551481e-05
2521,6.951734822848623e-05,6.353425028974651e-05,5.886817171882582e-05,6.0398708497945344e-05
2522,6.953076137434506e-05,6.364328494769363e-05,5.88660310685762e-05,6.029464096800568e-05
2523,6.94956890125214e-05,6.344013971159718e-05,5.878492957340548e-05,6.04853057171412e-05
2524,6.937848775256415e-05,6.346365756397557e-05,5.872412715591609e-05,6.0407740347982355e-05
2525,6.933679432467967e-05,6.347561684288857e-05,5.876728417779277e-05,6.028667139223453e-05
2526,6.932052101610754e-05,6.3419745957497e-05,5.8618696780517257e-05,6.023004848712343e-05
2527,6.924109786154059e-05,6.33304852724192e-05,5.865592852396623e-05,6.031711515668388e-05
2528,6.927565571247893e-05,6.321970643659239e-05,5.8682957025636675e-05,6.0279343155394125e-05
2529,6.914418044413217e-05,6.33886685917223e-05,5.859439612621139e-05,6.020655384246561e-05
2530,6.910550455946122e-05,6.31240706431182e-05,5.8506984831593655e-05,6.0038923045065e-05
2531,6.919723168143008e-05,6.327572509070728e-05,5.855564657066141e-05,5.9870760308574835e-05
2532,6.912049003876842e-05,6.316575852850091e-05,5.854938790937121e-05,6.001359573691511e-05
2533,6.904906934227596e-05,6.325215692892433e-05,5.8530434159954885e-05,6.007898772753922e-05
2534,6.905595561418435e-05,6.304285481829435e-05,5.83600504392389e-05,5.996083163986498e-05
2535,6.88973692047244e-05,6.304345146658701e-05,5.830745550533325e-05,5.999452080505836e-05
2536,6.890042957271463e-05,6.300333758833028e-05,5.832589443673831e-05,5.9850658197495e-05
2537,6.886626581962724e-05,6.293419253541355e-05,5.82674397142188e-05,5.9972988891634616e-05
2538,6.891076219611977e-05,6.302822459447384e-05,5.828268423209732e-05,5.994910986895413e-05
2539,6.882581676327867e-05,6.281517311650984e-05,5.839148604495776e-05,5.992781892662716e-05
2540,6.87733418634566e-05,6.28804660997513e-05,5.818630138901679e-05,5.980446257032394e-05
2541,6.879875253041778e-05,6.279270144685103e-05,5.816820626955297e-05,5.980481045661591e-05
2542,6.870970050016599e-05,6.284898133619227e-05,5.8085597544135615e-05,5.985304549092923e-05
2543,6.870187046255035e-05,6.274611089736692e-05,5.798320554404662e-05,5.9699263775156176e-05
2544,6.864781572884887e-05,6.273142712557531e-05,5.810017232048977e-05,5.9640559204224625e-05
2545,6.859014580517874e-05,6.26381003069036e-05,5.798804884536944e-05,5.9577516126326806e-05
2546,6.853664229194757e-05,6.259102981526047e-05,5.7948987712681685e-05,5.961929869491457e-05
2547,6.843266128940005e-05,6.268537873143571e-05,5.808869359917594e-05,5.9290722059725064e-05
2548,6.854466529984346e-05,6.248704502713228e-05,5.8040796918378184e-05,5.943672124644937e-05
2549,6.839105281328183e-05,6.249063885150255e-05,5.786226455640808e-05,5.9471040376149364e-05
2550,6.838676615306355e-05,6.255298589411158e-05,5.784234061900479e-05,5.939633361037849e-05
2551,6.834707382305367e-05,6.24680300713199e-05,5.7807418965406887e-05,5.9404009557174295e-05
2552,6.838438465737209e-05,6.248989420228465e-05,5.77167464949832e-05,5.929361927388555e-05
2553,6.834885483475167e-05,6.246364432497432e-05,5.7737325583454436e-05,5.939313198228992e-05
2554,6.827857532705905e-05,6.236822764883985e-05,5.776377348998755e-05,5.927729215624977e-05
2555,6.813266354447721e-05,6.225357636173521e-05,5.7757481323414444e-05,5.9271495589139065e-05
2556,6.816435105266398e-05,6.222504091721087e-05,5.752766235218173e-05,5.92051019980991e-05
2557,6.813686099145452e-05,6.22784972559971e-05,5.755304172774325e-05,5.915924141838799e-05
2558,6.809808906300568e-05,6.229532748820596e-05,5.7537224795528175e-05,5.9149437982686535e-05
2559,6.80676600020648e-05,6.224407722575544e-05,5.756123551345293e-05,5.908044380432268e-05
2560,6.80384998919567e-05,6.212575910901747e-05,5.754292443980561e-05,5.901281059245725e-05
2561,6.79462637017708e-05,6.210702380438738e-05,5.740698733558552e-05,5.8970372017553366e-05
2562,6.79526181745473e-05,6.2153247506274e-05,5.745648047793028e-05,5.898452454246789e-05
2563,6.795827934781756e-05,6.208403720195962e-05,5.749552551348997e-05,5.902190410948175e-05
2564,6.791458399825072e-05,6.194421994164899e-05,5.737256179552446e-05,5.8897750159183065e-05
2565,6.780430818760519e-05,6.199612391245406e-05,5.7397269020011914e-05,5.8896301529088766e-05
2566,6.78584360164415e-05,6.197843818828495e-05,5.724692415162599e-05,5.8872572144096e-05
2567,6.778776034572014e-05,6.184373054356803e-05,5.719539863104489e-05,5.889737747171639e-05
2568,6.773072872324373e-05,6.188922185904946e-05,5.729060170360499e-05,5.8845963071045536e-05
2569,6.78100578401775e-05,6.179561863204084e-05,5.7223681711284656e-05,5.869670256362811e-05
2570,6.768363486062411e-05,6.174589571894411e-05,5.723083538509677e-05,5.879553324710992e-05
2571,6.767546708594152e-05,6.163547574406929e-05,5.708377811170193e-05,5.870774847177153e-05
2572,6.762327947416022e-05,6.168082946860065e-05,5.713325171053142e-05,5.868303747809834e-05
2573,6.754007242916631e-05,6.168270028541239e-05,5.7131543761244316e-05,5.8775971497155236e-05
2574,6.748835063139446e-05,6.167105683962787e-05,5.700698501808044e-05,5.8683874585350485e-05
2575,6.749760897226557e-05,6.154530493414335e-05,5.7097617423318797e-05,5.856726262107971e-05
2576,6.751701258278446e-05,6.158114434930061e-05,5.700094906794195e-05,5.850747206489556e-05
2577,6.73155631083443e-05,6.158240147357099e-05,5.701571508328232e-05,5.845605995544086e-05
2578,6.734443865679762e-05,6.157105483762424e-05,5.694941192047888e-05,5.841875493201916e-05
2579,6.73063286994878e-05,6.145085878964037e-05,5.6916056901848605e-05,5.851798140505078e-05
2580,6.727493251943696e-05,6.145102416165703e-05,5.683577847805418e-05,5.83127814180779e-05
2581,6.729664661325213e-05,6.138143860446855e-05,5.688887124514122e-05,5.83615205193564e-05
2582,6.725510307436724e-05,6.140679467815877e-05,5.677216768148384e-05,5.838053385729851e-05
2583,6.712396017288101e-05,6.145231133946902e-05,5.676682589772602e-05,5.831413346554249e-05
2584,6.711928904064456e-05,6.131045733133957e-05,5.670587896270625e-05,5.830077969112556e-05
2585,6.714366488834258e-05,6.135223864386382e-05,5.674715907814734e-05,5.8110827551391764e-05
2586,6.702256245367329e-05,6.131871243515019e-05,5.670465207162124e-05,5.816193377578607e-05
2587,6.702035636429761e-05,6.118241791933396e-05,5.6477769852920035e-05,5.814641218907685e-05
2588,6.701347984647113e-05,6.113627887987535e-05,5.653750606855382e-05,5.814011680722731e-05
2589,6.694368940657513e-05,6.1027857000135554e-05,5.658214125675269e-05,5.814326119731586e-05
2590,6.683273256752896e-05,6.114316093170665e-05,5.6669563650777564e-05,5.806516456168113e-05
2591,6.694719806103691e-05,6.109898623905272e-05,5.655475994687922e-05,5.808737138139428e-05
2592,6.678820214765786e-05,6.105950798312173e-05,5.639821133634262e-05,5.7928583235270496e-05
2593,6.679194835541936e-05,6.0960757714790027e-05,5.6445609324922386e-05,5.789567365949073e-05
2594,6.669333222329283e-05,6.1031818247511535e-05,5.6330146242349784e-05,5.779891617396478e-05
2595,6.671064224675906e-05,6.0907168858299784e-05,5.6282167684920854e-05,5.785810199542262e-05
2596,6.675070972702159e-05,6.0808248091588e-05,5.625319058798098e-05,5.7858790661871404e-05
2597,6.668233782035391e-05,6.082105790666065e-05,5.631267388242269e-05,5.785273355126114e-05
2598,6.655078047465442e-05,6.088805590227344e-05,5.6262356819781964e-05,5.762528349970145e-05
2599,6.6594275068751e-05,6.085682880734587e-05,5.6292152417654814e-05,5.776234161939825e-05
2600,6.652016985844573e-05,6.06986911190795e-05,5.614516699776194e-05,5.778069044452321e-05
2601,6.64861099947268e-05,6.0780832132225875e-05,5.625367761342786e-05,5.774805251746332e-05
2602,6.648955433554748e-05,6.0719916559213786e-05,5.624199358079387e-05,5.76268889765525e-05
2603,6.644958678711773e-05,6.070036883594132e-05,5.6061421097551384e-05,5.764521745308742e-05
2604,6.638298138826822e-05,6.075802011017446e-05,5.605325142732358e-05,5.7529322064573196e-05
2605,6.638583568232257e-05,6.055079350121167e-05,5.602233809903909e-05,5.7555100953808796e-05
2606,6.640727025101525e-05,6.060703133025551e-05,5.608833789841826e-05,5.758773844293371e-05
2607,6.629909046986021e-05,6.057117854332327e-05,5.595908488352896e-05,5.749785427181684e-05
2608,6.633780196244618e-05,6.045364315533345e-05,5.6007604961908186e-05,5.752595921007209e-05
2609,6.62225852108537e-05,6.0519883061838084e-05,5.576870526207704e-05,5.7428193667349945e-05
2610,6.622720094603076e-05,6.049319135009409e-05,5.598311653467818e-05,5.742878231934671e-05
2611,6.624741324484894e-05,6.042695685595269e-05,5.5817783132473276e-05,5.7441687896716526e-05
2612,6.616563276995522e-05,6.044096936616768e-05,5.592036995985575e-05,5.729726457932179e-05
2613,6.607099013326586e-05,6.0338761448505395e-05,5.5806662773885545e-05,5.732730271094873e-05
2614,6.60682887742566e-05,6.030727715346628e-05,5.586021203104759e-05,5.734333037425997e-05
2615,6.607586755750753e-05,6.033901884659466e-05,5.565786146610212e-05,5.7343088604297046e-05
2616,6.5928685842356e-05,6.022156613246925e-05,5.580320180920475e-05,5.727548358799015e-05
2617,6.593636721906657e-05,6.024699136805068e-05,5.578404644857801e-05,5.711758315717399e-05
2618,6.595954653666638e-05,6.0258352888460625e-05,5.56436062567837e-05,5.713845226259874e-05
2619,6.58879047104152e-05,6.0174606915054614e-05,5.5551393120374026e-05,5.7084894085200845e-05
2620,6.583469157711241e-05,6.012448399380122e-05,5.564188532793203e-05,5.7106691600408966e-05
2621,6.578828435403122e-05,6.01473103466635e-05,5.556958137936064e-05,5.708183984015426e-05
2622,6.57674432147367e-05,6.01405449008052e-05,5.550191314442982e-05,5.6954505605891014e-05
2623,6.572675745225935e-05,5.993893098572838e-05,5.5546442741726615e-05,5.69771718139533e-05
2624,6.571161378256366e-05,6.002976832073279e-05,5.5473806777043896e-05,5.695868489726895e-05
2625,6.562580642245244e-05,5.997430682800224e-05,5.541784443169123e-05,5.7041614121319375e-05
2626,6.571865026970307e-05,5.989356053539038e-05,5.544380320771561e-05,5.6940745849911977e-05
2627,6.558083840341373e-05,5.9971500944581686e-05,5.5462037334914225e-05,5.6920705981342665e-05
2628,6.565581079289117e-05,5.987217697509021e-05,5.536655217594282e-05,5.673329123016612e-05
2629,6.552861765661483e-05,5.991686509220306e-05,5.5326374469327764e-05,5.6907678470873656e-05
2630,6.55372829742945e-05,5.973825402532202e-05,5.532390548931396e-05,5.68325582931844e-05
2631,6.543942602434904e-05,5.9869222670671234e-05,5.527117189412092e-05,5.677526074628092e-05
2632,6.545315148492021e-05,5.966388298020122e-05,5.522979174032448e-05,5.661685408795049e-05
2633,6.534266006051643e-05,5.966085141071541e-05,5.517840343231011e-05,5.6651704800304046e-05
2634,6.533373399608202e-05,5.965223479257787e-05,5.519654939402741e-05,5.6742007100858726e-05
2635,6.530821539726723e-05,5.966022083776353e-05,5.50766520261348e-05,5.658378597835701e-05
2636,6.525782179225622e-05,5.9564678689148495e-05,5.511212174723583e-05,5.65435284121194e-05
2637,6.520668826633264e-05,5.9494969395059915e-05,5.507538590332697e-05,5.656620762742517e-05
2638,6.522049663804443e-05,5.960301091375297e-05,5.500282346191959e-05,5.6460184416686164e-05
2639,6.517631853082388e-05,5.9651090694201446e-05,5.498243128438269e-05,5.6517814970971175e-05
2640,6.515305168813454e-05,5.958315554211718e-05,5.500992436668738e-05,5.6462431511798145e-05
2641,6.510023244438419e-05,5.9509242891982205e-05,5.491726329169496e-05,5.647241899376286e-05
2642,6.505091410103875e-05,5.939277090579236e-05,5.500845853849681e-05,5.639760473091828e-05
2643,6.508859791762028e-05,5.941510621829873e-05,5.4894553620419744e-05,5.632304296943987e-05
2644,6.496846370435224e-05,5.9243672375425236e-05,5.48541374491488e-05,5.642861945186744e-05
2645,6.500037026088107e-05,5.927332022470618e-05,5.4995479226109036e-05,5.634928494939996e-05
2646,6.492210192793801e-05,5.929165737834032e-05,5.493048367681007e-05,5.62868407600744e-05
2647,6.483816493904564e-05,5.921529866491292e-05,5.480848200448795e-05,5.6221846677920695e-05
2648,6.484813850279174e-05,5.928053291376338e-05,5.468845218487391e-05,5.614058030855082e-05
2649,6.484945752352276e-05,5.9160284038044735e-05,5.4740156866749416e-05,5.6217821779414205e-05
2650,6.475913375642027e-05,5.912542246638978e-05,5.469263090120098e-05,5.618531385798557e-05
2651,6.473085203516284e-05,5.915801308676341e-05,5.4605621665868404e-05,5.616779439962626e-05
2652,6.476271221312615e-05,5.915738715509117e-05,5.461592444648722e-05,5.6038244800919974e-05
2653,6.473089905480018e-05,5.913887877302941e-05,5.4639037218630924e-05,5.606654083231144e-05
2654,6.468675724949543e-05,5.9006389986115745e-05,5.459563280738503e-05,5.6037809540423716e-05
2655,6.461492508836197e-05,5.894625910335974e-05,5.454945824109196e-05,5.594766915372236e-05
2656,6.456930228630807e-05,5.893358592723648e-05,5.448060388818763e-05,5.595998789706879e-05
2657,6.455148196827424e-05,5.897617500063732e-05,5.4492531796955545e-05,5.594790353384022e-05
2658,6.452256600865258e-05,5.888989067744024e-05,5.441155849693907e-05,5.583613413107543e-05
2659,6.446817210481709e-05,5.8936294748054624e-05,5.447401371703459e-05,5.5817317059371194e-05
2660,6.437969271497103e-05,5.8743178021907284e-05,5.4468981820652436e-05,5.58853969793739e-05
2661,6.443690114879819e-05,5.887383428249572e-05,5.441519621387262e-05,5.577996709630812e-05
2662,6.440024206128408e-05,5.8820510596453237e-05,5.4376871640784746e-05,5.5790188124725236e-05
2663,6.442833043276116e-05,5.878322573765705e-05,5.438839397439061e-05,5.583754361108902e-05
2664,6.4306146247173e-05,5.8774579139104345e-05,5.4309499005472114e-05,5.5797694613041796e-05
2665,6.431229053535293e-05,5.8660021092099825e-05,5.420498200882043e-05,5.565730172583719e-05
2666,6.424047437940298e-05,5.8603862673608554e-05,5.416877286616249e-05,5.5612039062545295e-05
2667,6.42170904857514e-05,5.8644122327378454e-05,5.4156447787601976e-05,5.5614973865605684e-05
2668,6.416322321532267e-05,5.852591962291588e-05,5.419856789930174e-05,5.555604132448901e-05
2669,6.416796953078261e-05,5.854832420690316e-05,5.410155562724634e-05,5.557188818917007e-05
2670,6.417211812929402e-05,5.847400489843792e-05,5.4166308159015445e-05,5.5515647518320964e-05
2671,6.404449779796999e-05,5.854227635041636e-05,5.412627448303289e-05,5.549064633567266e-05
2672,6.403348030033114e-05,5.8536610235940206e-05,5.4012605680625436e-05,5.544534967297791e-05
2673,6.40354038277147e-05,5.84573960710655e-05,5.4012415965462525e-05,5.550557131672835e-05
2674,6.401299905693865e-05,5.846062146796012e-05,5.396825609556434e-05,5.5350965598227776e-05
2675,6.394428393424635e-05,5.846508400550393e-05,5.395275631570603e-05,5.546048402518251e-05
2676,6.399945243627176e-05,5.83399059774569e-05,5.3960388500843846e-05,5.5365504681965736e-05
2677,6.387865412800351e-05,5.827687106724486e-05,5.392076564907235e-05,5.537043070750795e-05
2678,6.38416327076896e-05,5.828143668687867e-05,5.3832487720672865e-05,5.533553701496794e-05
2679,6.380523259511055e-05,5.823416462158981e-05,5.385074731866398e-05,5.5199225463535995e-05
2680,6.379283339943037e-05,5.821762831527998e-05,5.382753854278504e-05,5.52665703345704e-05
2681,6.376042164262424e-05,5.824464465068221e-05,5.381525515981266e-05,5.5225945194947776e-05
2682,6.372113592224283e-05,5.812386889144749e-05,5.3733540204157145e-05,5.517156604034249e-05
2683,6.370899378365413e-05,5.8158926567171155e-05,5.376924916990917e-05,5.516471498452887e-05
2684,6.368499309763799e-05,5.810553499532201e-05,5.362642615853392e-05,5.5134121133964585e-05
2685,6.358704438540357e-05,5.8069191381630625e-05,5.366354636489891e-05,5.5073542074722863e-05
2686,6.354695146051243e-05,5.8004727767175824e-05,5.3645040355735164e-05,5.50482670100656e-05
2687,6.357076510166155e-05,5.802438211628867e-05,5.3693082119265736e-05,5.499679720308185e-05
2688,6.350404551422925e-05,5.799127818615362e-05,5.3525628672249e-05,5.5030071138432364e-05
2689,6.35166132850526e-05,5.7927973400373654e-05,5.357859021648012e-05,5.493600647822036e-05
2690,6.351487704550015e-05,5.797474265493362e-05,5.3629783200401246e-05,5.487898942086122e-05
2691,6.34259552008659e-05,5.7853462162540636e-05,5.347248807899399e-05,5.482827075458069e-05
2692,6.340928453842623e-05,5.782061228738118e-05,5.348562433750221e-05,5.489781886534682e-05
2693,6.338798133014431e-05,5.783093974621783e-05,5.343010760570187e-05,5.483797567773147e-05
2694,6.334872881650837e-05,5.781268059895454e-05,5.3503360748284e-05,5.481192137631019e-05
2695,6.331382861558279e-05,5.773552997485688e-05,5.337521521968559e-05,5.469001728704368e-05
2696,6.328362572006296e-05,5.781332154974169e-05,5.336741763731854e-05,5.477602531748472e-05
2697,6.324803736570766e-05,5.776327015719512e-05,5.331340667874036e-05,5.465332589898051e-05
2698,6.318965962209397e-05,5.773222236642678e-05,5.322427829313017e-05,5.466933838747962e-05
2699,6.317816036206405e-05,5.7574640810759004e-05,5.3279710191964315e-05,5.4559562774921795e-05
2700,6.322210483075494e-05,5.7635169333117453e-05,5.3180974368962083e-05,5.468407750709622e-05
2701,6.311463950141774e-05,5.7577638666189603e-05,5.323274825342096e-05,5.4640148754007734e-05
2702,6.306300614874174e-05,5.7596963169089165e-05,5.315539381812771e-05,5.460332522247603e-05
2703,6.300982960911465e-05,5.750737666543304e-05,5.308130816300407e-05,5.457363664139132e-05
2704,6.299082691631163e-05,5.753320093452059e-05,5.31173049483452e-05,5.444390217293332e-05
2705,6.297229854660942e-05,5.746936776911608e-05,5.3073337419641054e-05,5.453969324775892e-05
2706,6.294305265113523e-05,5.745948165030744e-05,5.301261356398172e-05,5.447387524198855e-05
2707,6.29131184960526e-05,5.743687000812885e-05,5.3079738744935624e-05,5.4414815229199994e-05
2708,6.287875577800527e-05,5.745916584501281e-05,5.300755459844063e-05,5.439296889191878e-05
2709,6.285307310086624e-05,5.738360523072623e-05,5.299614499684827e-05,5.429411675075489e-05
2710,6.284723428433244e-05,5.732962537447412e-05,5.2947799096349624e-05,5.4283720023985484e-05
2711,6.278187496354261e-05,5.723968345262795e-05,5.29162674066178e-05,5.421142389988876e-05
2712,6.277172895811437e-05,5.734993076619824e-05,5.2930052508227424e-05,5.426259762660264e-05
2713,6.272367278964392e-05,5.7177725432585704e-05,5.288710023281694e-05,5.431148564374667e-05
2714,6.268261881097424e-05,5.721380248897971e-05,5.2881368334661915e-05,5.417967490779488e-05
2715,6.265449499678545e-05,5.7204113237780016e-05,5.288994002762051e-05,5.4200330755625873e-05
2716,6.266505573138813e-05,5.7146278063623516e-05,5.281819965916139e-05,5.412391228605737e-05
2717,6.262809141169679e-05,5.7115481981651684e-05,5.276507749223742e-05,5.419205191330101e-05
2718,6.258794913528224e-05,5.712483063529558e-05,5.2794708481988926e-05,5.416837983496927e-05
2719,6.254603328436011e-05,5.710734621599437e-05,5.269592792777379e-05,5.4096698510688525e-05
2720,6.250171724781388e-05,5.7073823380613386e-05,5.2660419364940466e-05,5.405288780224868e-05
2721,6.24530953536936e-05,5.702593127120788e-05,5.268097473476548e-05,5.399420186181162e-05
2722,6.240354548560954e-05,5.700277478948945e-05,5.2652477782057065e-05,5.400654035813508e-05
2723,6.238267141034517e-05,5.697525600961359e-05,5.260350439960144e-05,5.400935827992632e-05
2724,6.235539044170255e-05,5.6927032819432914e-05,5.2605167618941915e-05,5.39616617814558e-05
2725,6.233102645286609e-05,5.693192364839743e-05,5.2545942233507e-05,5.3904871013655486e-05
2726,6.231764316179258e-05,5.6861723977996046e-05,5.248810248698807e-05,5.388128615960924e-05
2727,6.227756275733005e-05,5.688346042945976e-05,5.249487899438889e-05,5.3749302856708106e-05
2728,6.229666186431836e-05,5.683642630424704e-05,5.239538310288925e-05,5.380256612744363e-05
2729,6.221525467932639e-05,5.686679232663378e-05,5.247371922763775e-05,5.378791827020149e-05
2730,6.220533118808884e-05,5.679823731810341e-05,5.246683002241028e-05,5.3751300870737525e-05
2731,6.214758763643692e-05,5.679905590200794e-05,5.2362291637402505e-05,5.37086722058097e-05
2732,6.210324567289691e-05,5.670148629585794e-05,5.239331283667256e-05,5.364223831447564e-05
2733,6.211776654756781e-05,5.668504908945833e-05,5.2314924639001474e-05,5.370062394722072e-05
2734,6.203349498767832e-05,5.661720586681742e-05,5.231481613958053e-05,5.365551514484153e-05
2735,6.20264326469893e-05,5.660667553065748e-05,5.2262226751877964e-05,5.360079609163848e-05
2736,6.19778286186045e-05,5.658967620859218e-05,5.2281035306192875e-05,5.361033144821884e-05
2737,6.197826945266501e-05,5.6537250613054503e-05,5.223036992957751e-05,5.356942442049214e-05
2738,6.195413786629016e-05,5.648449212356695e-05,5.224991837021747e-05,5.355840206279651e-05
2739,6.189062181090607e-05,5.651195082399955e-05,5.2150637376192976e-05,5.350639738556828e-05
2740,6.185128178261734e-05,5.6443327273228525e-05,5.206031863248224e-05,5.3458039755877175e-05
2741,6.182557952647944e-05,5.6451724338696626e-05,5.213568580403111e-05,5.342245792213337e-05
2742,6.180864117410333e-05,5.639975958590194e-05,5.215205416464009e-05,5.3436525080186885e-05
2743,6.183695936938017e-05,5.6376745578784763e-05,5.203419028406634e-05,5.343813110109729e-05
2744,6.177400390657824e-05,5.6421460199524614e-05,5.2006918368346434e-05,5.33779543792671e-05
2745,6.175283726732428e-05,5.6340518915656104e-05,5.1994623131941e-05,5.3383282028482626e-05
2746,6.164052095301494e-05,5.6301764092525554e-05,5.198902603143723e-05,5.324232278122818e-05
2747,6.164497738631025e-05,5.626864434983354e-05,5.197869262856431e-05,5.327112238859303e-05
2748,6.161586722400506e-05,5.625986781445306e-05,5.193793622652773e-05,5.323077070165443e-05
2749,6.161151000715298e-05,5.6229155113835486e-05,5.1930902152581696e-05,5.327104987554332e-05
2750,6.159316255460457e-05,5.619484664653799e-05,5.1846563681072763e-05,5.327688977122557e-05
2751,6.156188100393994e-05,5.619551200810347e-05,5.1797620837053024e-05,5.3186911750118365e-05
2752,6.147948023550162e-05,5.6175435842842804e-05,5.180055437406548e-05,5.306583116424842e-05
2753,6.145520943135344e-05,5.611930576689834e-05,5.1719970167662377e-05,5.312420663366625e-05
2754,6.144510184723231e-05,5.6097811593514455e-05,5.169420511042745e-05,5.304643438948617e-05
2755,6.142168002851135e-05,5.6044969116728457e-05,5.1739725041835815e-05,5.306298361780682e-05
2756,6.139941634588465e-05,5.5903633264667575e-05,5.175288657845292e-05,5.304136749173477e-05
2757,6.139996248323951e-05,5.600238020146608e-05,5.1688212144067325e-05,5.3023023078677584e-05
2758,6.13237252962451e-05,5.600563783663817e-05,5.165604705289648e-05,5.295444522905492e-05
2759,6.132166542856692e-05,5.5949295976262334e-05,5.1601997144167755e-05,5.299936606221479e-05
2760,6.12929740514392e-05,5.586937002526558e-05,5.160269435181112e-05,5.2950156899109054e-05
2761,6.121523628881838e-05,5.5877985705056695e-05,5.152663978087704e-05,5.288737563847928e-05
2762,6.120225140758766e-05,5.587066855646243e-05,5.155518954138815e-05,5.2924427073620565e-05
2763,6.113053962577144e-05,5.576846731160918e-05,5.1504677796985015e-05,5.285320075366672e-05
2764,6.115700023765206e-05,5.581603188715488e-05,5.150408222802074e-05,5.282215898264417e-05
2765,6.108399889589751e-05,5.579887843702349e-05,5.1454008464532656e-05,5.2786738094746054e-05
2766,6.108149254046338e-05,5.567022338413149e-05,5.145906362616517e-05,5.276816490296652e-05
2767,6.10370022795614e-05,5.5710014372274896e-05,5.141695113003593e-05,5.275395324931144e-05
2768,6.102862801522923e-05,5.57033376455336e-05,5.13899607025298e-05,5.273580338613059e-05
2769,6.097138965225638e-05,5.5673225634170575e-05,5.133997091483995e-05,5.265358209316451e-05
2770,6.096983816965386e-05,5.564000939018444e-05,5.133050716178155e-05,5.2635471844097885e-05
2771,6.0935637447221146e-05,5.55471577617695e-05,5.131670732269248e-05,5.269109324093975e-05
2772,6.090687576304461e-05,5.55870736039088e-05,5.127195707436611e-05,5.2570983760082625e-05
2773,6.088073445972269e-05,5.554709619091076e-05,5.1260752328541255e-05,5.257387305442198e-05
2774,6.084128733719277e-05,5.54867261458243e-05,5.12201138187974e-05,5.258646437469725e-05
2775,6.0804420017924645e-05,5.544716583214384e-05,5.119001185831072e-05,5.252380364787367e-05
2776,6.075567250335478e-05,5.543075274591266e-05,5.1188087758208495e-05,5.24730273207346e-05
2777,6.078033599038471e-05,5.546742830270962e-05,5.1195256324364444e-05,5.24797748030744e-05
2778,6.072332117189087e-05,5.5418803341467706e-05,5.11058510680132e-05,5.244064138739959e-05
2779,6.069644604436982e-05,5.538806103168456e-05,5.107865325227681e-05,5.243179037718592e-05
2780,6.0688140755380684e-05,5.5350056741130813e-05,5.108309811552127e-05,5.2452074747654916e-05
2781,6.063863350845966e-05,5.526806707931686e-05,5.106126126121882e-05,5.230872979654757e-05
2782,6.0658354131714005e-05,5.529822196723499e-05,5.101395946654749e-05,5.2372871281308385e-05
2783,6.059887487266169e-05,5.526989473402021e-05,5.091957480797434e-05,5.2291950154678506e-05
2784,6.055042092660799e-05,5.523649313241383e-05,5.093111602793283e-05,5.226131518699113e-05
2785,6.0542788972179056e-05,5.529608521292124e-05,5.0920521895329965e-05,5.224811764553926e-05
2786,6.047040747050499e-05,5.519264814608441e-05,5.087556295802619e-05,5.2211507381898695e-05
2787,6.043604069723911e-05,5.5175549889170175e-05,5.090605284305492e-05,5.217876837550376e-05
2788,6.04195038232587e-05,5.512009708691001e-05,5.086970942167159e-05,5.219325503593806e-05
2789,6.038643643003433e-05,5.51652698421048e-05,5.089791502539553e-05,5.21552240506731e-05
2790,6.036185712339784e-05,5.507704563626853e-05,5.085771429873206e-05,5.2045069648269696e-05
2791,6.035268990113504e-05,5.5079993118315157e-05,5.079708043601225e-05,5.2050239267064865e-05
2792,6.033214271513573e-05,5.499956623508142e-05,5.077238448122843e-05,5.206054683010903e-05
2793,6.028017015113091e-05,5.500282256007738e-05,5.0732681034671394e-05,5.19976043522423e-05
2794,6.027346410914799e-05,5.497574616340085e-05,5.0737794219482436e-05,5.198081106051745e-05
2795,6.024425524683302e-05,5.4891552881131224e-05,5.067679275152822e-05,5.20188295828917e-05
2796,6.0179225380728885e-05,5.493376396101784e-05,5.067548918179479e-05,5.194037932060376e-05
2797,6.020314587649767e-05,5.492477537171979e-05,5.063767649260074e-05,5.193160329866728e-05
2798,6.012331646932523e-05,5.4850176231932e-05,5.063659816121388e-05,5.19268271988798e-05
2799,6.006624721152587e-05,5.483067027149515e-05,5.060385791915692e-05,5.191058397881152e-05
2800,6.008328619494492e-05,5.482271185784651e-05,5.056181453930012e-05,5.18603335750208e-05
2801,6.00314090522003e-05,5.474982222574417e-05,5.052015474159171e-05,5.18341164152357e-05
2802,6.004041739184774e-05,5.475751108863463e-05,5.052345492974516e-05,5.177504395925475e-05
2803,6.000126339058033e-05,5.4687295034373485e-05,5.049814192208179e-05,5.1780542502819234e-05
2804,5.9921929461035296e-05,5.472473484237422e-05,5.049228160924226e-05,5.172423993921179e-05
2805,5.993393011677712e-05,5.466482877553292e-05,5.050503543295191e-05,5.172938744177198e-05
2806,5.994287682959459e-05,5.464601916467264e-05,5.036751621791776e-05,5.17136607955996e-05
2807,5.9892607187222304e-05,5.464902404242867e-05,5.0440916947017994e-05,5.158447312608268e-05
2808,5.9863530435554325e-05,5.460911330210408e-05,5.0391567893661864e-05,5.167444677704937e-05
2809,5.982336578090354e-05,5.4599460706888516e-05,5.037010203647291e-05,5.1591191880101354e-05
2810,5.977966738568153e-05,5.4480825282193773e-05,5.0326397370143604e-05,5.15693085891922e-05
2811,5.975067334476681e-05,5.45394851434532e-05,5.035498746469608e-05,5.1583701494992165e-05
2812,5.9720994464296444e-05,5.4424187209308134e-05,5.0232140488604267e-05,5.148274937628102e-05
2813,5.9696571466489986e-05,5.447301534834913e-05,5.025959430686223e-05,5.152225353239707e-05
2814,5.9666628583942195e-05,5.444241699360079e-05,5.018707505614569e-05,5.150214024697368e-05
2815,5.9609171085958854e-05,5.444557635650561e-05,5.017184106078292e-05,5.14397839777369e-05
2816,5.9587284923930184e-05,5.4361997322561325e-05,5.016314418290414e-05,5.139387919384227e-05
2817,5.9544266481819695e-05,5.438631454817624e-05,5.0155849844612736e-05,5.1387947320454856e-05
2818,5.956411696499152e-05,5.431143760242511e-05,5.008323575087858e-05,5.1412922408534355e-05
2819,5.951423176280299e-05,5.432575548728394e-05,5.013926710098454e-05,5.139329299615472e-05
2820,5.950844034907573e-05,5.427796960223884e-05,5.0054875552435334e-05,5.1287575417315066e-05
2821,5.947083388497798e-05,5.42656889755528e-05,4.9999626357544004e-05,5.13296770650018e-05
2822,5.942519177283305e-05,5.420699089554642e-05,5.003049541581937e-05,5.1282356222181494e-05
2823,5.941387119052275e-05,5.422385468706555e-05,4.997502321040961e-05,5.124731259731916e-05
2824,5.938014598934798e-05,5.419697158732052e-05,4.9976709942131664e-05,5.1216291477547006e-05
2825,5.93952813083952e-05,5.409478170998464e-05,4.997356529923557e-05,5.1215594499454504e-05
2826,5.932258935028109e-05,5.407850369025514e-05,4.987129761042167e-05,5.122233253632761e-05
2827,5.9287748778483204e-05,5.412408358602244e-05,4.992201370034396e-05,5.115882174164249e-05
2828,5.924324958855347e-05,5.405792986047373e-05,4.9872807292219774e-05,5.112408635105164e-05
2829,5.92376091497285e-05,5.401620301537193e-05,4.9811239976156705e-05,5.1058080775722894e-05
2830,5.918303290000653e-05,5.4017373273326455e-05,4.982511242096536e-05,5.113516305654143e-05
2831,5.9188974840243755e-05,5.397097520650872e-05,4.9781339939343686e-05,5.105551858226982e-05
2832,5.918221380290847e-05,5.397039190093643e-05,4.9756801397434304e-05,5.103420912855704e-05
2833,5.9158014228824247e-05,5.393655378573301e-05,4.967645655221263e-05,5.0944335314274684e-05
2834,5.912292890110135e-05,5.393604760295069e-05,4.9722173436791346e-05,5.09137667215877e-05
2835,5.9053702843156e-05,5.3905659771247956e-05,4.968606632293181e-05,5.0942627071799415e-05
2836,5.903716853817709e-05,5.3874921267409933e-05,4.966369369248089e-05,5.0953356760891715e-05
2837,5.9001949340527325e-05,5.3843572421644305e-05,4.9616625568549104e-05,5.087138375691654e-05
2838,5.901072694542005e-05,5.383502108220269e-05,4.966786943788803e-05,5.0841052693327854e-05
2839,5.896606429164809e-05,5.380522812887199e-05,4.960509204311225e-05,5.083779229975576e-05
2840,5.8929750184916335e-05,5.371527238907949e-05,4.958561827189208e-05,5.081631662064059e-05
2841,5.89327728563453e-05,5.3723471001471e-05,4.953215248966445e-05,5.081755892323431e-05
2842,5.8892309584154934e-05,5.366727344216024e-05,4.947646907731743e-05,5.079080648923292e-05
2843,5.882634030311452e-05,5.3682147463536714e-05,4.945790218033576e-05,5.072220168276884e-05
2844,5.8805074916879155e-05,5.366121568363011e-05,4.948618183230888e-05,5.0677313534404056e-05
2845,5.8808744622371436e-05,5.360897395848266e-05,4.944080521332043e-05,5.07058760996198e-05
2846,5.8754577897656385e-05,5.359414948250074e-05,4.9418752087353434e-05,5.0681509959086066e-05
2847,5.87403245486295e-05,5.3589622833539177e-05,4.9471488566613755e-05,5.0671938306770725e-05
2848,5.873572242350233e-05,5.356701255964235e-05,4.937117170403176e-05,5.065012883791349e-05
2849,5.86694058406301e-05,5.356452006638444e-05,4.934670182519304e-05,5.0622220499284905e-05
2850,5.862468952495579e-05,5.352304375086106e-05,4.9337853289892966e-05,5.051596297672336e-05
2851,5.860551626658579e-05,5.351597431379021e-05,4.930018822422709e-05,5.052441015367567e-05
2852,5.860174013932728e-05,5.343833266288795e-05,4.9312691334832587e-05,5.049513337873248e-05
2853,5.856234375494542e-05,5.3400112800850736e-05,4.929284923186937e-05,5.048573851260115e-05
2854,5.856289448268927e-05,5.3367683742147426e-05,4.919524755368525e-05,5.050477247338791e-05
2855,5.852547306251774e-05,5.3388267485574425e-05,4.922476267236962e-05,5.0450085128472684e-05
2856,5.848360555550233e-05,5.3373917665339956e-05,4.9201201121273985e-05,5.04266303521117e-05
2857,5.845394884167775e-05,5.3339829635708317e-05,4.9184318795351996e-05,5.036976517544311e-05
2858,5.843671340640854e-05,5.328653904365288e-05,4.91150850546387e-05,5.034877099297721e-05
2859,5.83945471846543e-05,5.329326800616108e-05,4.9132269600479924e-05,5.034120869123548e-05
2860,5.838704255382421e-05,5.3244592138340226e-05,4.911663324644744e-05,5.0327140464483816e-05
2861,5.835702498170245e-05,5.320793672446722e-05,4.9089849161568505e-05,5.0278331961283415e-05
2862,5.8328291606530184e-05,5.324201242698219e-05,4.905479158214248e-05,5.026525746978341e-05
2863,5.830663662374435e-05,5.313683215996607e-05,4.900952920870218e-05,5.024535157408035e-05
2864,5.827201224774609e-05,5.3132002880283975e-05,4.899813735811946e-05,5.024757976971959e-05
2865,5.82599205700903e-05,5.3107249488306043e-05,4.895952090208004e-05,5.0180381023317224e-05
2866,5.823188640322963e-05,5.309846003092253e-05,4.9006042299344553e-05,5.0168955350875664e-05
2867,5.817800108436638e-05,5.303909049479569e-05,4.893017646886674e-05,5.015414679044012e-05
2868,5.8171771808183434e-05,5.306301287005669e-05,4.8870732969903e-05,5.010027984204175e-05
2869,5.812932690239487e-05,5.298415219270251e-05,4.8838874815065775e-05,5.010211842634694e-05
2870,5.81055782740005e-05,5.29670515777245e-05,4.8859269346532505e-05,5.0068945589498726e-05
2871,5.8044720184742356e-05,5.2951034787228736e-05,4.8840541156886765e-05,5.009058883568586e-05
2872,5.8049112196393065e-05,5.295058862216244e-05,4.883141671877882e-05,5.002073891663452e-05
2873,5.800234583244781e-05,5.2936440657647974e-05,4.8806588177299e-05,4.9993660560950706e-05
2874,5.800390117418051e-05,5.2928073204104994e-05,4.87616747933064e-05,4.9989092111177123e-05
2875,5.797725250182495e-05,5.288874037695911e-05,4.872211926720098e-05,4.9957309175926576e-05
2876,5.7944246170098736e-05,5.283228967059798e-05,4.8673293875643296e-05,4.9963653682433916e-05
2877,5.793204128462556e-05,5.2859863745755844e-05,4.867664080698056e-05,4.987585098626948e-05
2878,5.7890632829308985e-05,5.280723786016197e-05,4.864458339027675e-05,4.986968203485054e-05
2879,5.787275818128444e-05,5.278854249311148e-05,4.8657964429878506e-05,4.9853999397110626e-05
2880,5.786775612775661e-05,5.276229298082738e-05,4.865068154605248e-05,4.984545693407046e-05
2881,5.782161156410839e-05,5.274615386157355e-05,4.8586483618256314e-05,4.9805487811485096e-05
2882,5.7777135124891724e-05,5.2690317882568194e-05,4.859826479819718e-05,4.978742950866905e-05
2883,5.7791722537724546e-05,5.2671383387712586e-05,4.8578574452473316e-05,4.974247802747278e-05
2884,5.773779005791739e-05,5.265566975085868e-05,4.853402041008158e-05,4.9747073628665796e-05
2885,5.7681638035047944e-05,5.262374722592451e-05,4.847631043816133e-05,4.976354540324934e-05
2886,5.765561811173452e-05,5.258247248982938e-05,4.854550681181264e-05,4.967250166518835e-05
2887,5.766488714258648e-05,5.255795155386898e-05,4.844339990294649e-05,4.964480419787564e-05
2888,5.761203361265669e-05,5.254695841796243e-05,4.8413595244419265e-05,4.9616188713883476e-05
2889,5.758945422709481e-05,5.2499838082292394e-05,4.8372327501603884e-05,4.9562705477786186e-05
2890,5.7592651020434766e-05,5.2527127204250185e-05,4.840858589449318e-05,4.9588168614909965e-05
2891,5.754407572517349e-05,5.247579829578311e-05,4.840373229971517e-05,4.953799466188215e-05
2892,5.752266650450074e-05,5.245814169505882e-05,4.832449024260281e-05,4.954169758560733e-05
2893,5.7481403540098344e-05,5.243027726393957e-05,4.830843576692327e-05,4.954031986655063e-05
2894,5.7470164148847134e-05,5.238600737052145e-05,4.828395137638832e-05,4.9483689600656316e-05
2895,5.7423976679207015e-05,5.236349849180958e-05,4.829640923876921e-05,4.9481434071120854e-05
2896,5.739307974239783e-05,5.2342836546453184e-05,4.8213741133657856e-05,4.943202564252102e-05
2897,5.737256663807975e-05,5.2334324626112386e-05,4.8219605307848245e-05,4.944019936633851e-05
2898,5.7392248008569555e-05,5.230158359866259e-05,4.821320182379451e-05,4.941526230772532e-05
2899,5.732202982947834e-05,5.2287752276652195e-05,4.8203105090136096e-05,4.937519028003674e-05
2900,5.731282750942946e-05,5.2250022166547775e-05,4.818046072503511e-05,4.933184632643791e-05
2901,5.728287852789278e-05,5.222682068820585e-05,4.8132577554789116e-05,4.9303140399307576e-05
2902,5.725369420014816e-05,5.220435924435012e-05,4.813851697698575e-05,4.927412384155117e-05
2903,5.725784591705891e-05,5.2211052539553795e-05,4.8102576894712605e-05,4.927467469644812e-05
2904,5.719710831049237e-05,5.2180717508375134e-05,4.8068927329800745e-05,4.925781422236598e-05
2905,5.718284874696371e-05,5.2147259020803315e-05,4.8054257561232824e-05,4.923183363700356e-05
2906,5.715259888141559e-05,5.215696362737511e-05,4.802583859532069e-05,4.922178591925126e-05
2907,5.713741658570226e-05,5.207903643752014e-05,4.800208884961248e-05,4.917982629201366e-05
2908,5.707510081425443e-05,5.207656973900206e-05,4.7981804281479355e-05,4.917750274340986e-05
2909,5.7077674546820645e-05,5.2060140384315487e-05,4.793856104758882e-05,4.9126577440206935e-05
2910,5.7065476984917286e-05,5.200944803080037e-05,4.7908914881962556e-05,4.913543891280463e-05
2911,5.701622516674038e-05,5.1997095767147e-05,4.787665199664132e-05,4.911371415123429e-05
2912,5.6985294819228706e-05,5.194692023609371e-05,4.792512137675839e-05,4.906371941626496e-05
2913,5.69694892699975e-05,5.195087939461261e-05,4.784688523268433e-05,4.9045350943288714e-05
2914,5.694423575979728e-05,5.1899766189413536e-05,4.779831299718632e-05,4.900378371311432e-05
2915,5.691374868822807e-05,5.1911381993888044e-05,4.777116792773646e-05,4.8996341348155494e-05
2916,5.687909153739477e-05,5.191592887192912e-05,4.776941636128145e-05,4.8977397813659756e-05
2917,5.685379817933304e-05,5.184030683896489e-05,4.779070805180022e-05,4.893464271970069e-05
2918,5.684806921500301e-05,5.183598082038322e-05,4.7741370006815296e-05,4.895226178225019e-05
2919,5.68240177369482e-05,5.177397976905125e-05,4.7726223084120665e-05,4.892706661850912e-05
2920,5.678429815998145e-05,5.178774446018208e-05,4.767625847803024e-05,4.8873779401028896e-05
2921,5.6769562396446224e-05,5.17336350692972e-05,4.7676213062720294e-05,4.882893842367286e-05
2922,5.6730072350609825e-05,5.172154236864958e-05,4.7645365153693383e-05,4.883394345194732e-05
2923,5.66954294995791e-05,5.16807034156191e-05,4.766620924901538e-05,4.883676481501521e-05
2924,5.6692809781348515e-05,5.1704621683536476e-05,4.758223507559925e-05,4.8796952484615965e-05
2925,5.6636164991462114e-05,5.167273021731416e-05,4.7610422251742584e-05,4.875452038347348e-05
2926,5.6621511591472404e-05,5.163658823610891e-05,4.754666129778123e-05,4.874281542177105e-05
2927,5.656586916943446e-05,5.162600094994104e-05,4.753214205992634e-05,4.8697423520385664e-05
2928,5.658339928293917e-05,5.159724235231737e-05,4.751674459993602e-05,4.86743723078985e-05
2929,5.655862597173225e-05,5.158804356412416e-05,4.7487894633550206e-05,4.867165790977033e-05
2930,5.652573381592331e-05,5.153920747015459e-05,4.748080764625145e-05,4.8624991058446864e-05
2931,5.647844351378719e-05,5.153026612037092e-05,4.746835951836239e-05,4.864024193166263e-05
2932,5.6490126281219175e-05,5.149402822798043e-05,4.7437065479671374e-05,4.8617280319009486e-05
2933,5.645261838292695e-05,5.1477826015480606e-05,4.742717042145182e-05,4.8566886026486726e-05
2934,5.6414580226169546e-05,5.147102634513547e-05,4.7402862332996023e-05,4.8519314122797395e-05
2935,5.6402154779329036e-05,5.1408199031676116e-05,4.7333107979036745e-05,4.852423053206637e-05
2936,5.639520343273379e-05,5.1416879300872135e-05,4.734019562581493e-05,4.8510979551335845e-05
2937,5.634246496495497e-05,5.138724371272014e-05,4.72923557022358e-05,4.84996134653762e-05
2938,5.633534798992931e-05,5.135016015696051e-05,4.729034425670047e-05,4.848255750829814e-05
2939,5.6306341816786795e-05,5.133215472796655e-05,4.727804380309284e-05,4.8418689447152644e-05
2940,5.626296272272187e-05,5.133159122167292e-05,4.727265021590033e-05,4.841559750134028e-05
2941,5.62517978081631e-05,5.130489790728818e-05,4.724404926820922e-05,4.840625418962247e-05
2942,5.62213712360306e-05,5.124682605615714e-05,4.7214354298110705e-05,4.8356961991719596e-05
2943,5.621820971250608e-05,5.12466421127983e-05,4.7212422955365834e-05,4.833742556034905e-05
2944,5.6158343326903494e-05,5.1221103526367413e-05,4.716267599491993e-05,4.831845925231416e-05
2945,5.6173763802983e-05,5.119458513361574e-05,4.7164266422656524e-05,4.828186145758506e-05
2946,5.614013456746763e-05,5.122369419399215e-05,4.711225821811145e-05,4.829615783574948e-05
2947,5.60961148748622e-05,5.1158407807637906e-05,4.708357757572495e-05,4.824739866101492e-05
2948,5.6056831139073066e-05,5.112492302574034e-05,4.7094837433928294e-05,4.820217306373944e-05
2949,5.5999253933644725e-05,5.110187533172667e-05,4.7059311075135396e-05,4.823574070247698e-05
2950,5.6030652679414486e-05,5.109794450648477e-05,4.7025002801607685e-05,4.817496946077327e-05
2951,5.600452555196234e-05,5.1054678872096616e-05,4.7034565827689604e-05,4.8144550955451894e-05
2952,5.600761365391806e-05,5.1019006467131776e-05,4.69831736646854e-05,4.8161426153550824e-05
2953,5.594539992007737e-05,5.1038893754341343e-05,4.69947263154e-05,4.813077395247414e-05
2954,5.592240789128039e-05,5.0986990715563626e-05,4.6926036876576185e-05,4.8081509580204404e-05
2955,5.59175868770023e-05,5.0955600926336655e-05,4.695337009507392e-05,4.808351379390682e-05
2956,5.588180969792615e-05,5.0915138002209794e-05,4.693322261589855e-05,4.805682262508617e-05
2957,5.582283017614289e-05,5.0916318060941894e-05,4.69129292471229e-05,4.7996729161891225e-05
2958,5.583769973294372e-05,5.089642908322798e-05,4.684056088621146e-05,4.8015451684609406e-05
2959,5.578120807001203e-05,5.085170799703688e-05,4.685362443158153e-05,4.797431504588971e-05
2960,5.5770727540512566e-05,5.0835311087341864e-05,4.68470059909454e-05,4.795069344600075e-05
2961,5.577198773041893e-05,5.0851041860039996e-05,4.6804430526964856e-05,4.795927765849696e-05
2962,5.572964340109188e-05,5.081186519161255e-05,4.6783586349766506e-05,4.7908640034836703e-05
2963,5.56867310162185e-05,5.076994200607676e-05,4.675527960895656e-05,4.7884816400241855e-05
2964,5.568561941386358e-05,5.0791146833024847e-05,4.674412515002245e-05,4.7852897514344544e-05
2965,5.565162838311865e-05,5.074978075850108e-05,4.670680172026152e-05,4.786794825829395e-05
2966,5.563873715016583e-05,5.0736765790334936e-05,4.668936717745943e-05,4.783127124516784e-05
2967,5.55984803258732e-05,5.070468920101976e-05,4.666802444651021e-05,4.7840538167285925e-05
2968,5.559085991736591e-05,5.0678552597474125e-05,4.665326845332481e-05,4.778555253358523e-05
2969,5.556670542434732e-05,5.0625388154706304e-05,4.661135959879203e-05,4.7761352992022255e-05
2970,5.552387482103072e-05,5.060347802975992e-05,4.6607037297537776e-05,4.772608397735815e-05
2971,5.551603293795762e-05,5.05973031547243e-05,4.655811320722524e-05,4.771747955414335e-05
2972,5.5464779166939115e-05,5.054112928133951e-05,4.6546678677611734e-05,4.7692011360691864e-05
2973,5.5447751857670957e-05,5.055320342440665e-05,4.653547064474661e-05,4.7660253942086585e-05
2974,5.541990346305404e-05,5.054029081148581e-05,4.652082250116351e-05,4.7661166525654916e-05
2975,5.539946884186259e-05,5.0529648468461366e-05,4.650089573374443e-05,4.7636623788156006e-05
2976,5.537164359250019e-05,5.0496170314707195e-05,4.6496905499784695e-05,4.762186390089617e-05
2977,5.536285752164547e-05,5.045458770701732e-05,4.644213676544166e-05,4.760160668231495e-05
2978,5.5326068710424285e-05,5.042220136782618e-05,4.642506310515309e-05,4.756205248693884e-05
2979,5.5299934482090207e-05,5.042241681552795e-05,4.642412328160395e-05,4.755999759102618e-05
2980,5.526369230517651e-05,5.037909581346646e-05,4.640545320396662e-05,4.751566874294119e-05
2981,5.5265994105319995e-05,5.038252987001252e-05,4.6361846701149736e-05,4.753397025351859e-05
2982,5.5216897977593205e-05,5.032272521653356e-05,4.6365132576808094e-05,4.7463217044485706e-05
2983,5.522838081024255e-05,5.0326524914816385e-05,4.636438645952206e-05,4.7444844785671614e-05
2984,5.520719127211492e-05,5.027991098081514e-05,4.629015450414177e-05,4.743467752147808e-05
2985,5.51652243257946e-05,5.026391396281042e-05,4.63056887450416e-05,4.742642995236938e-05
2986,5.514846204362273e-05,5.02434733112242e-05,4.6277589167210235e-05,4.7396890110764655e-05
2987,5.5110217303467605e-05,5.022730423009542e-05,4.627294143014839e-05,4.739592618617748e-05
2988,5.509885118023382e-05,5.02268412902153e-05,4.6246482536183723e-05,4.733643373848163e-05
2989,5.507075182379309e-05,5.020064367357395e-05,4.621108128051648e-05,4.731621543661025e-05
2990,5.503136854427644e-05,5.0149925209503985e-05,4.6184938563259145e-05,4.729712832097918e-05
2991,5.502583721255904e-05,5.015427622765383e-05,4.6181669289795674e-05,4.728287809319231e-05
2992,5.499777473342378e-05,5.0106907914534194e-05,4.615660738301704e-05,4.727560951622159e-05
2993,5.498962743800739e-05,5.01167199070083e-05,4.611076108442613e-05,4.72374060079877e-05
2994,5.4939959485544e-05,5.0088703851472235e-05,4.610524180433676e-05,4.7209251735878096e-05
2995,5.49174664549229e-05,5.0074538001124847e-05,4.606940451145855e-05,4.718937259092207e-05
2996,5.489844097283402e-05,5.005574662369954e-05,4.604877711089826e-05,4.7178571931323395e-05
2997,5.4862118387191954e-05,5.000516750579434e-05,4.603108804289823e-05,4.713367442557532e-05
2998,5.4848145383046355e-05,4.999549113912293e-05,4.5997481234057236e-05,4.713822248385707e-05
2999,5.482059629262288e-05,4.994999731046724e-05,4.600721949852315e-05,4.7119625559316255e-05
3000,5.480710805711248e-05,4.994569416953564e-05,4.597182457135864e-05,4.706456976993362e-05
3001,5.476714669105537e-05,4.99320125183878e-05,4.5966581525361624e-05,4.7043749149039884e-05
3002,5.474552032236455e-05,4.99145986887247e-05,4.593689692443907e-05,4.705115189729426e-05
3003,5.472742747273628e-05,4.9884854151106986e-05,4.591567679930526e-05,4.7043342852375454e-05
3004,5.469118631678157e-05,4.9845297250369285e-05,4.589476568337927e-05,4.6999267241886134e-05
3005,5.46883529009088e-05,4.983851694035889e-05,4.5845209066883135e-05,4.699964387406416e-05
3006,5.4655218222094086e-05,4.9823846757462155e-05,4.587024143303776e-05,4.697652925307212e-05
3007,5.462525220252048e-05,4.9795306006624886e-05,4.5837743192156255e-05,4.6932240168963056e-05
3008,5.461450341942498e-05,4.977061190928303e-05,4.5822742041032396e-05,4.688736915831005e-05
3009,5.458778715303724e-05,4.9780979801370254e-05,4.5778471386875945e-05,4.68808170608865e-05
3010,5.453124773606505e-05,4.972641993121074e-05,4.577833352403856e-05,4.686457455707739e-05
3011,5.4543522722235156e-05,4.971819546404016e-05,4.572256744540393e-05,4.6847632528705094e-05
3012,5.44951600967773e-05,4.9683344070145535e-05,4.572412332801622e-05,4.6837046239522986e-05
3013,5.449231543331618e-05,4.96802914235381e-05,4.569680572022643e-05,4.679648978819558e-05
3014,5.447120800528528e-05,4.966146470792656e-05,4.5698913419762084e-05,4.678942505712783e-05
3015,5.445303661370364e-05,4.962907435236968e-05,4.567959424335664e-05,4.677097016244502e-05
3016,5.440443443609465e-05,4.9579958686454875e-05,4.564402571379975e-05,4.67443571230786e-05
3017,5.44056765297531e-05,4.957871390793291e-05,4.56132498985034e-05,4.673261918583623e-05
3018,5.438337903886378e-05,4.956213690710205e-05,4.5618992254438495e-05,4.669036766706877e-05
3019,5.435083948679793e-05,4.9528858487543875e-05,4.559983833751073e-05,4.668904212376117e-05
3020,5.434151356584882e-05,4.953011925829143e-05,4.553829831226423e-05,4.6662992836621864e-05
3021,5.431703624602068e-05,4.9474160954726605e-05,4.556010051325937e-05,4.6643340272172215e-05
3022,5.428502730412477e-05,4.9467342582399426e-05,4.55260376554158e-05,4.660958547106448e-05
3023,5.4257317703324476e-05,4.944087940694414e-05,4.550893920603053e-05,4.6599477171167676e-05
3024,5.4224801169757673e-05,4.9434454884597554e-05,4.5483262785994535e-05,4.6564881794765024e-05
3025,5.421478450353825e-05,4.938186315890766e-05,4.54635121249363e-05,4.657214811446402e-05
3026,5.4199025921529165e-05,4.937131561667206e-05,4.5443980134632e-05,4.6522980781806606e-05
3027,5.416114048477497e-05,4.93671540870009e-05,4.5409134290809265e-05,4.6509491718771466e-05
3028,5.412445758418509e-05,4.935045446638456e-05,4.539948891335351e-05,4.650636694136988e-05
3029,5.412107620468723e-05,4.9315872912786716e-05,4.538347651707165e-05,4.6469277440369166e-05
3030,5.4083669197060894e-05,4.929182390329788e-05,4.5361888992816795e-05,4.6448429377666594e-05
3031,5.4082873283523154e-05,4.9268016814870876e-05,4.5347455427481986e-05,4.6427422979959416e-05
3032,5.40512841080005e-05,4.926767788529398e-05,4.5305670974840346e-05,4.639575650738009e-05
3033,5.401980545908595e-05,4.9255961861921554e-05,4.5300492535551356e-05,4.636557026399049e-05
3034,5.4002184398245766e-05,4.9205275608854926e-05,4.527034653477185e-05,4.636982670872377e-05
3035,5.398083218499297e-05,4.920824911363413e-05,4.526172823581566e-05,4.6337423092342316e-05
3036,5.3956775684059136e-05,4.917016356396723e-05,4.526686496730539e-05,4.630858984739887e-05
3037,5.392616223747441e-05,4.916775367104399e-05,4.52188573969019e-05,4.631660153519019e-05
3038,5.391898739667697e-05,4.911693753063148e-05,4.5231803445433666e-05,4.628610818005737e-05
3039,5.3869332522101056e-05,4.909595935762155e-05,4.518571736780571e-05,4.624779645202313e-05
3040,5.385161093198403e-05,4.906160791245471e-05,4.5177343545595344e-05,4.624467683439869e-05
3041,5.385532365188382e-05,4.905806394676156e-05,4.515399122191594e-05,4.623835899851493e-05
3042,5.382916290063837e-05,4.904915861121458e-05,4.513055740008469e-05,4.619603843652653e-05
3043,5.3789570381505336e-05,4.902909815235863e-05,4.509666608981557e-05,4.616640123075447e-05
3044,5.378322429531884e-05,4.8989596002881645e-05,4.509126562663404e-05,4.6156754612166356e-05
3045,5.375752419564834e-05,4.899639762232641e-05,4.506649818978396e-05,4.613107422011265e-05
3046,5.373374190150704e-05,4.8959477769613324e-05,4.503764378528804e-05,4.613417968699626e-05
3047,5.368955543917552e-05,4.894264462229709e-05,4.5012904999947095e-05,4.609305549137497e-05
3048,5.367199765629431e-05,4.892353931652979e-05,4.499855673503468e-05,4.607694609389386e-05
3049,5.365797740220508e-05,4.888784015083138e-05,4.499334540421483e-05,4.604117799929394e-05
3050,5.363654692215156e-05,4.887017781941349e-05,4.496616517720916e-05,4.605336679401766e-05
3051,5.361292947675536e-05,4.885794471347357e-05,4.492488756118975e-05,4.600965336259898e-05
3052,5.3578430633000566e-05,4.882905976045345e-05,4.4933757036938506e-05,4.5985496053859665e-05
3053,5.357518010308853e-05,4.881272279714228e-05,4.4908914877490244e-05,4.596056547902277e-05
3054,5.354714205557078e-05,4.878268833112283e-05,4.488449120539255e-05,4.593780647540506e-05
3055,5.352296297037369e-05,4.879883724580487e-05,4.4836305705378074e-05,4.592093587389326e-05
3056,5.349105030533021e-05,4.8737540693600974e-05,4.484364750834991e-05,4.5917024394431293e-05
3057,5.347489891792106e-05,4.871835255559065e-05,4.484566045208509e-05,4.5906132260891526e-05
3058,5.343807130102897e-05,4.868406997078937e-05,4.481514226776946e-05,4.58783041802775e-05
3059,5.342039590709249e-05,4.8690654846323126e-05,4.4788778179299975e-05,4.582513053149399e-05
3060,5.3401635077218095e-05,4.867085928800181e-05,4.477253532108938e-05,4.5830765520167025e-05
3061,5.338103825039967e-05,4.8619889650888043e-05,4.473521499298908e-05,4.581498010341869e-05
3062,5.337480431157969e-05,4.862313613605057e-05,4.470888981976841e-05,4.579337759050726e-05
3063,5.3341910075712574e-05,4.8612301350695416e-05,4.47265545938198e-05,4.576163822975186e-05
3064,5.330583573308417e-05,4.85777297677592e-05,4.4703219637279916e-05,4.575996883431809e-05
3065,5.3304363177982394e-05,4.8556193769651285e-05,4.465867518357682e-05,4.5726778958024435e-05
3066,5.3272642371376795e-05,4.854078047356335e-05,4.46406538860246e-05,4.569562389218571e-05
3067,5.325333555702095e-05,4.852056113907439e-05,4.461505277613428e-05,4.570066802809207e-05
3068,5.323260862291378e-05,4.851135061989782e-05,4.462642086279872e-05,4.565981583677734e-05
3069,5.320530109522267e-05,4.847939146367495e-05,4.460203408753118e-05,4.564500638123016e-05
3070,5.319228130361125e-05,4.8466637174061844e-05,4.4536950468440344e-05,4.5615076699609e-05
3071,5.315650030700641e-05,4.84466448093248e-05,4.456836540202456e-05,4.5607846715426165e-05
3072,5.313717623864975e-05,4.8414754242336116e-05,4.454417840588948e-05,4.5576232920344963e-05
3073,5.312537811400176e-05,4.8404432508726377e-05,4.451403326029369e-05,4.557383388096412e-05
3074,5.3092050169847856e-05,4.838095574064281e-05,4.448213768244911e-05,4.553548340192814e-05
3075,5.307206153371787e-05,4.834519645393545e-05,4.449307323427069e-05,4.552699285428167e-05
3076,5.304726920254165e-05,4.832198803770193e-05,4.445029936275744e-05,4.5513798948505345e-05
3077,5.302425638537333e-05,4.831969632369526e-05,4.441817877230778e-05,4.547740866865683e-05
3078,5.29852805749335e-05,4.8292293470776324e-05,4.440523791117848e-05,4.546171294844403e-05
3079,5.2983782702842756e-05,4.825256817085199e-05,4.4421389477205756e-05,4.544099533435127e-05
3080,5.296171690169768e-05,4.824626605367784e-05,4.439698303731275e-05,4.543677414449243e-05
3081,5.2924167820952905e-05,4.8245542352542274e-05,4.434198696702136e-05,4.541490724253819e-05
3082,5.292414942312904e-05,4.8215782444386014e-05,4.433776800311812e-05,4.540110088278289e-05
3083,5.2879230655782465e-05,4.820025732266849e-05,4.431333143571118e-05,4.537200184471883e-05
3084,5.287092857021201e-05,4.816651832367865e-05,4.428001666728868e-05,4.534280571769674e-05
3085,5.2840807097206866e-05,4.8153968705145726e-05,4.428803081013643e-05,4.533518407477725e-05
3086,5.281899610704442e-05,4.812541010038029e-05,4.426050830848276e-05,4.531597629236613e-05
3087,5.279747628767688e-05,4.811528385810148e-05,4.42427104531514e-05,4.5275990096716876e-05
3088,5.278633726078741e-05,4.80718380164402e-05,4.424318201511313e-05,4.5281695967803484e-05
3089,5.277327877175678e-05,4.8058695746510066e-05,4.421682832124033e-05,4.524921985165645e-05
3090,5.273769803253409e-05,4.80536612530631e-05,4.41661193384326e-05,4.524698003409295e-05
3091,5.269335477460725e-05,4.804944855122299e-05,4.4147980114898064e-05,4.521246750471567e-05
3092,5.268635574099557e-05,4.80133589536833e-05,4.413628351893311e-05,4.518852624132145e-05
3093,5.267137313915668e-05,4.7999280717470576e-05,4.4128714493891286e-05,4.5158867245568386e-05
3094,5.2643538142581905e-05,4.795915880951287e-05,4.409271902502306e-05,4.514576147163695e-05
3095,5.26213766222709e-05,4.794859062350315e-05,4.4097386831460284e-05,4.5125493944971356e-05
3096,5.2594693568510686e-05,4.793213078982789e-05,4.4075416011404714e-05,4.510732114818894e-05
3097,5.2588094110758546e-05,4.791191750875067e-05,4.405325811055313e-05,4.508563401810015e-05
3098,5.255737803250441e-05,4.7894488458623225e-05,4.403157764365952e-05,4.508202621120692e-05
3099,5.253711254434526e-05,4.78614509606322e-05,4.4017995650355404e-05,4.5053228904820226e-05
3100,5.2518123736527346e-05,4.785616128867417e-05,4.3993257009885884e-05,4.50348358232791e-05
3101,5.249120017082461e-05,4.782295966824396e-05,4.395332030023128e-05,4.499361141859202e-05
3102,5.248163620424825e-05,4.782113870646891e-05,4.396009472883749e-05,4.4979962025544985e-05
3103,5.2444592909341423e-05,4.778971157256896e-05,4.395988098396736e-05,4.49759085465353e-05
3104,5.242103546915581e-05,4.777225750974601e-05,4.391803320905525e-05,4.4966946118095946e-05
3105,5.2398590518313903e-05,4.7751418006044353e-05,4.390050545078489e-05,4.4929643875797795e-05
3106,5.238706745234559e-05,4.77326685618275e-05,4.387293158521664e-05,4.490781106123092e-05
3107,5.237046968438551e-05,4.772320143626903e-05,4.386708288691696e-05,4.489558399269889e-05
3108,5.234588676424648e-05,4.768568268844017e-05,4.3839281837517264e-05,4.485444391391089e-05
3109,5.232824324728876e-05,4.767374897192485e-05,4.38117982797726e-05,4.485295299821778e-05
3110,5.230594247613129e-05,4.7649924843161144e-05,4.380608744756382e-05,4.4816115800128187e-05
3111,5.227294170932203e-05,4.7633131152174695e-05,4.380825939197453e-05,4.4821787823432986e-05
3112,5.2259088876186306e-05,4.758827731044248e-05,4.376993699410854e-05,4.4787249827943784e-05
3113,5.223288392966551e-05,4.7594919571571374e-05,4.375230487768066e-05,4.4783845382759436e-05
3114,5.2213162793575525e-05,4.7579577257379274e-05,4.3737614030986916e-05,4.477710957890655e-05
3115,5.220221606210274e-05,4.75518488666683e-05,4.3731228866295366e-05,4.472398269848979e-05
3116,5.2172859345766524e-05,4.7533601302829936e-05,4.368674900391889e-05,4.47063880262879e-05
3117,5.2149009530985056e-05,4.751850654429582e-05,4.3673481545824415e-05,4.470470114260059e-05
3118,5.212468724195662e-05,4.749797296730433e-05,4.3665960310538896e-05,4.468331118284963e-05
3119,5.210900425595431e-05,4.7477259307768616e-05,4.364366501446973e-05,4.4652411739066804e-05
3120,5.2087385583700966e-05,4.746105931526412e-05,4.3602584613798215e-05,4.463367360975901e-05
3121,5.207107333746058e-05,4.7423103705274636e-05,4.359977233133869e-05,4.461240503034601e-05
3122,5.2041531021733826e-05,4.7402254156981544e-05,4.3581706132801816e-05,4.461741020748419e-05
3123,5.202587030774403e-05,4.738033828767052e-05,4.356549558411256e-05,4.457526105390355e-05
3124,5.1994854168305474e-05,4.738778593571759e-05,4.356692756057278e-05,4.456744433843094e-05
3125,5.1969525889520336e-05,4.734034679165015e-05,4.35206043172306e-05,4.4547475904906295e-05
3126,5.1962354387051695e-05,4.730377660382413e-05,4.350794076603041e-05,4.452149175323952e-05
3127,5.192780618897252e-05,4.729582880565985e-05,4.350438055026927e-05,4.449777577575998e-05
3128,5.191376684688214e-05,4.7296333727861293e-05,4.346380335834283e-05,4.4474962946442306e-05
3129,5.189959329491876e-05,4.72746155291149e-05,4.345079987463695e-05,4.4467528660884e-05
3130,5.1871148577242034e-05,4.724782493994862e-05,4.34491416986788e-05,4.4442600100490736e-05
3131,5.1857519922930137e-05,4.722129414760892e-05,4.342423384172951e-05,4.4433505502656064e-05
3132,5.182755525863016e-05,4.721732737628297e-05,4.339439205021684e-05,4.4405213018651816e-05
3133,5.1803445243966145e-05,4.7192071912108055e-05,4.335955394062065e-05,4.4404786696103196e-05
3134,5.178604205576014e-05,4.7182071263009345e-05,4.334353124983944e-05,4.437093377698783e-05
3135,5.176588777644588e-05,4.716455867250085e-05,4.334926344878049e-05,4.434942337483262e-05
3136,5.175309135137226e-05,4.7133784841874485e-05,4.332259977676202e-05,4.43240083748404e-05
3137,5.1727813003304166e-05,4.710496386118811e-05,4.329886329141721e-05,4.431285834245535e-05
3138,5.170498930429776e-05,4.709095577286223e-05,4.330184527362665e-05,4.430971645393457e-05
3139,5.167479189886958e-05,4.707080397499184e-05,4.3270639396109203e-05,4.428300836823853e-05
3140,5.1664896242440965e-05,4.705335818198234e-05,4.324702276104139e-05,4.425789290689629e-05
3141,5.163794861999188e-05,4.703284417448827e-05,4.322388733197434e-05,4.423348760136949e-05
3142,5.1618871124912825e-05,4.7031414449899554e-05,4.3219863788676167e-05,4.422296410170578e-05
3143,5.161013403286194e-05,4.7002948816822875e-05,4.320084537309859e-05,4.418542889848369e-05
3144,5.157697693158287e-05,4.699355014194691e-05,4.318821564549736e-05,4.418495205960581e-05
3145,5.156234293079344e-05,4.6968521631461565e-05,4.3166144292500745e-05,4.416831144264564e-05
3146,5.153653582539363e-05,4.694652826281272e-05,4.313224337985501e-05,4.415340377468264e-05
3147,5.1525768311878995e-05,4.69423617723599e-05,4.3117135807022435e-05,4.413975349875875e-05
3148,5.148622651649394e-05,4.6906443791357776e-05,4.310823668544355e-05,4.410205827036234e-05
3149,5.147199183316844e-05,4.6894170557444445e-05,4.308983811576589e-05,4.410241920340293e-05
3150,5.145600110635691e-05,4.686896502025692e-05,4.307450332107666e-05,4.408276714584015e-05
3151,5.143101699119145e-05,4.685030019466809e-05,4.302707597468761e-05,4.404700061834709e-05
3152,5.142017053562891e-05,4.6821683937344e-05,4.304944419627096e-05,4.4030609501123546e-05
3153,5.138528835880221e-05,4.6806438478631475e-05,4.3016717601291583e-05,4.4000607303037576e-05
3154,5.13728673997022e-05,4.6796125464005556e-05,4.3000491172567e-05,4.400944626957164e-05
3155,5.134457081544707e-05,4.676197258351603e-05,4.298788232577973e-05,4.397514251889524e-05
3156,5.1328268025778045e-05,4.6754147021129313e-05,4.296202786141669e-05,4.3952612987047144e-05
3157,5.129109750384818e-05,4.6729426899992115e-05,4.29507064359425e-05,4.39451842890136e-05
3158,5.1283127632150423e-05,4.670641312332631e-05,4.293426543200108e-05,4.39297810754154e-05
3159,5.12693063282426e-05,4.669814822490946e-05,4.292559664316787e-05,4.390170977551497e-05
3160,5.12454826936803e-05,4.6682415092895994e-05,4.2901168708442454e-05,4.3869419260393665e-05
3161,5.123030218269677e-05,4.667070339561927e-05,4.2879658597607095e-05,4.38744245683247e-05
3162,5.120162530186523e-05,4.664869057673245e-05,4.2853187646305515e-05,4.3842625065645874e-05
3163,5.1183695490579605e-05,4.662944243923473e-05,4.28402413925086e-05,4.383982331321741e-05
3164,5.1157142517861084e-05,4.659839558177349e-05,4.281329258241414e-05,4.3812278278304005e-05
3165,5.1137524844666055e-05,4.6573048663745115e-05,4.278154310402413e-05,4.3790029349143605e-05
3166,5.111201889241871e-05,4.656268159595885e-05,4.2774617762787764e-05,4.378163667159089e-05
3167,5.1096396124877014e-05,4.654480240825788e-05,4.275950890907926e-05,4.375005751598667e-05
3168,5.108959999410258e-05,4.6529140326964005e-05,4.2752026207942534e-05,4.372897834279985e-05
3169,5.106188423028121e-05,4.64980965760305e-05,4.2721064235510445e-05,4.371944173276807e-05
3170,5.104651816224936e-05,4.647975631258064e-05,4.270791833081686e-05,4.3708312312189553e-05
3171,5.101459533642472e-05,4.646699785084538e-05,4.2687020994307245e-05,4.368287658243e-05
3172,5.0998661171920146e-05,4.64473149383311e-05,4.2677131304300906e-05,4.3670944382919285e-05
3173,5.0979989839752767e-05,4.644535339860929e-05,4.264920375582874e-05,4.3640639188360866e-05
3174,5.0952235709114664e-05,4.641961413318135e-05,4.2654804607636284e-05,4.362606116935577e-05
3175,5.09345132685574e-05,4.639033858707848e-05,4.2615193403980484e-05,4.360542179358977e-05
3176,5.090785091973217e-05,4.636851332549986e-05,4.261807322060896e-05,4.358833800314981e-05
3177,5.0901412072636057e-05,4.635738925608543e-05,4.259265734250237e-05,4.359005733375251e-05
3178,5.0868528849808375e-05,4.635647750207329e-05,4.257952772997804e-05,4.358283002536282e-05
3179,5.084876522337743e-05,4.631583855742073e-05,4.2549954595226686e-05,4.3552456034853197e-05
3180,5.082712948949654e-05,4.630449854985586e-05,4.25495392325302e-05,4.349868522019945e-05
3181,5.081779236575121e-05,4.6289662027186276e-05,4.253214917036692e-05,4.3518403915229035e-05
3182,5.078510400373021e-05,4.625109460891589e-05,4.250329455045932e-05,4.3465556454722434e-05
3183,5.077709718556475e-05,4.624183760259918e-05,4.2479838498518385e-05,4.346781799395412e-05
3184,5.0749254011197165e-05,4.6223403174734146e-05,4.246708115509085e-05,4.344038515221879e-05
3185,5.073769677298974e-05,4.6194750988612794e-05,4.246805504237822e-05,4.342753756555772e-05
3186,5.070975184063879e-05,4.6194087880120145e-05,4.243948694461721e-05,4.3403051196709474e-05
3187,5.06932061970946e-05,4.617293949235138e-05,4.241259867383252e-05,4.339881200264289e-05
3188,5.067096966882978e-05,4.615008112887772e-05,4.238960854431815e-05,4.337607723252322e-05
3189,5.0648239741640704e-05,4.61415086835426e-05,4.238152326978336e-05,4.33444582334451e-05
3190,5.062244909944018e-05,4.611074116836769e-05,4.2358152375886794e-05,4.333399700652221e-05
3191,5.061497556827299e-05,4.609307540452643e-05,4.234899948577496e-05,4.332512659191021e-05
3192,5.0590546115427764e-05,4.608125233528883e-05,4.232527729737739e-05,4.329964365107434e-05
3193,5.0565524960103065e-05,4.6063638634065345e-05,4.230997434114519e-05,4.32906192819642e-05
3194,5.0552835628739334e-05,4.6042803436355e-05,4.228243146792266e-05,4.326334204378555e-05
3195,5.0534911903137584e-05,4.6029180123837106e-05,4.227484799281988e-05,4.3251510914802195e-05
3196,5.05041030610226e-05,4.599843496619184e-05,4.226103925932593e-05,4.3207347117142926e-05
3197,5.0497271595796364e-05,4.59865929602578e-05,4.224230718683422e-05,4.321210634294231e-05
3198,5.047720124259165e-05,4.59611539989319e-05,4.223143689075378e-05,4.319397116433837e-05
3199,5.04582678085306e-05,4.594486890392404e-05,4.22156615303769e-05,4.318832649796372e-05
3200,5.0430315982954324e-05,4.592717443265565e-05,4.218412236314427e-05,4.316111639625995e-05
3201,5.041623138747371e-05,4.591364551950812e-05,4.2166753479799776e-05,4.314916405594648e-05
3202,5.0393691677550525e-05,4.5893170214094056e-05,4.216325073741663e-05,4.310105028093656e-05
3203,5.037636331405208e-05,4.586777168159216e-05,4.2131480916955165e-05,4.311116295340107e-05
3204,5.0351524706318345e-05,4.584570157318766e-05,4.211507061399796e-05,4.3081193219557965e-05
3205,5.033950363458753e-05,4.5845894801376426e-05,4.209673208266472e-05,4.3073574378445304e-05
3206,5.031731896468272e-05,4.582415794106398e-05,4.210069621120509e-05,4.305083201882459e-05
3207,5.0299430703441723e-05,4.580260359356618e-05,4.2076313517747864e-05,4.3033787779914496e-05
3208,5.0273827783615963e-05,4.578710366292287e-05,4.206460428994911e-05,4.302328560255994e-05
3209,5.024805343429642e-05,4.57513728228509e-05,4.204471337175241e-05,4.299875079155436e-05
3210,5.0230340603047894e-05,4.57484347956348e-05,4.201991799169177e-05,4.297372002270575e-05
3211,5.022152272257336e-05,4.573824809387372e-05,4.200295718314298e-05,4.296522303354587e-05
3212,5.019717602090133e-05,4.571933250262757e-05,4.197244596700402e-05,4.295720534936971e-05
3213,5.017218021195618e-05,4.570237550894331e-05,4.1972296495411675e-05,4.2927357580499056e-05
3214,5.015711773192691e-05,4.5679805816787653e-05,4.195852011553904e-05,4.290612938401975e-05
3215,5.0127659842381726e-05,4.566277490967813e-05,4.19393666034454e-05,4.288056229826611e-05
3216,5.011414990691823e-05,4.5624692885607494e-05,4.191465680883209e-05,4.287371531252761e-05
3217,5.0093192197255394e-05,4.560230067238188e-05,4.188304001372624e-05,4.2848250554888e-05
3218,5.007701052371051e-05,4.560194788233066e-05,4.1878849986658316e-05,4.283876997360105e-05
3219,5.0048163099993695e-05,4.5587452889330824e-05,4.1869877136083325e-05,4.2812040500147306e-05
3220,5.0039926325898304e-05,4.556345735299042e-05,4.1846281890230266e-05,4.280932696007885e-05
3221,5.001383311509988e-05,4.5547817224010166e-05,4.1835436031482786e-05,4.278664844192213e-05
3222,4.9999816329693886e-05,4.5531912687749855e-05,4.181596739717943e-05,4.2770029345911076e-05
3223,4.9976221097022754e-05,4.5518583033930014e-05,4.178147546512642e-05,4.275517893331083e-05
3224,4.9964707895812665e-05,4.548721650178831e-05,4.178267076928566e-05,4.272546694299092e-05
3225,4.993892247528884e-05,4.5473386129815896e-05,4.1762239451268774e-05,4.272174510009182e-05
3226,4.992173259119854e-05,4.5458553807879774e-05,4.175235812069263e-05,4.269464476680336e-05
3227,4.990375373748155e-05,4.5431165060096185e-05,4.173125617232503e-05,4.267600235219368e-05
3228,4.98808172149249e-05,4.542964543627341e-05,4.170359174038494e-05,4.2675560070604146e-05
3229,4.986218471051289e-05,4.5408115131450085e-05,4.169543450538521e-05,4.265337213083999e-05
3230,4.984468989408387e-05,4.5381147764313716e-05,4.168551110650558e-05,4.262868851016511e-05
3231,4.981732477504688e-05,4.537460555907045e-05,4.16711146394028e-05,4.259788973913595e-05
3232,4.9802766591154686e-05,4.5359201432768717e-05,4.164506066789964e-05,4.259021451604277e-05
3233,4.978565174166384e-05,4.533054454989472e-05,4.162837659584817e-05,4.257262717393031e-05
3234,4.9760867878338976e-05,4.531710613122147e-05,4.161461041467011e-05,4.255653529972075e-05
3235,4.974818216880724e-05,4.5297824613558965e-05,4.158698243964055e-05,4.2551669744713125e-05
3236,4.973159747268234e-05,4.5273654202609584e-05,4.157265472820569e-05,4.2532272235411404e-05
3237,4.970863926045803e-05,4.526094099616544e-05,4.156878032983682e-05,4.250647898840187e-05
3238,4.9697999558407136e-05,4.5242549721357896e-05,4.154270925278971e-05,4.248888396278814e-05
3239,4.966255503163452e-05,4.522692826316481e-05,4.1519614163005155e-05,4.245472470330569e-05
3240,4.9647018853377634e-05,4.520933907900665e-05,4.1518432662407595e-05,4.245062902459098e-05
3241,4.962658649238928e-05,4.518380739533527e-05,4.15035245733501e-05,4.243686558759339e-05
3242,4.960678749042645e-05,4.516165711472361e-05,4.1470047868652145e-05,4.243104568850256e-05
3243,4.958163120226399e-05,4.516577726472279e-05,4.147131625925036e-05,4.239907372377118e-05
3244,4.9570422839096746e-05,4.514905484748781e-05,4.143886412035357e-05,4.2392602143126074e-05
3245,4.955596783078807e-05,4.512167019766428e-05,4.1431246784278285e-05,4.235231609575836e-05
3246,4.953552947848461e-05,4.510974275807279e-05,4.140647181475182e-05,4.235552819508783e-05
3247,4.95065328908833e-05,4.5077279283979477e-05,4.13896541195837e-05,4.233321058502288e-05
3248,4.950219758707736e-05,4.507083625432438e-05,4.137752414444483e-05,4.2321982196126464e-05
3249,4.9475279572736004e-05,4.504949628271812e-05,4.135714646249362e-05,4.229999877233251e-05
3250,4.944915003065896e-05,4.50321174244144e-05,4.134627286789361e-05,4.2281167016325145e-05
3251,4.9441583628275546e-05,4.501891985919375e-05,4.1319856331360777e-05,4.2264603704299036e-05
3252,4.9421040095769424e-05,4.499894681391543e-05,4.130914394168484e-05,4.224515897285963e-05
3253,4.9391200053850535e-05,4.4973873133971616e-05,4.1292904955162385e-05,4.2229762592241896e-05
3254,4.938506603045028e-05,4.495120626265877e-05,4.12837782176282e-05,4.2207341238008523e-05
3255,4.936601999830454e-05,4.495817825667852e-05,4.126090174844009e-05,4.2201927809454494e-05
3256,4.9346950150234355e-05,4.4926391481116347e-05,4.124429125965252e-05,4.216825840792822e-05
3257,4.932362262756578e-05,4.4905030957598164e-05,4.1227038266685695e-05,4.216521075731244e-05
3258,4.9306923070681305e-05,4.490369267740222e-05,4.1213050111485626e-05,4.214158247064154e-05
3259,4.928206596158963e-05,4.487232548918287e-05,4.120008477796145e-05,4.2135781621684337e-05
3260,4.927237934938742e-05,4.4864341636469036e-05,4.11817357022135e-05,4.211747902377732e-05
3261,4.924973002636724e-05,4.483612574355524e-05,4.1165057570161464e-05,4.209747315442193e-05
3262,4.9231991876798675e-05,4.482249769047602e-05,4.1144332717150426e-05,4.207553440218715e-05
3263,4.9205243068898316e-05,4.480778499628799e-05,4.1140908269678824e-05,4.205073728537565e-05
3264,4.918950707061752e-05,4.4788018057984794e-05,4.112330249694704e-05,4.203305725846076e-05
3265,4.91705807353436e-05,4.476480012487434e-05,4.1090850559392776e-05,4.20293520797481e-05
3266,4.9149001353453245e-05,4.4749018711521476e-05,4.109866621440427e-05,4.2016652841785215e-05
3267,4.912750778012208e-05,4.473048218153766e-05,4.106759736925253e-05,4.199436130231831e-05
3268,4.911384625433833e-05,4.472303249673389e-05,4.104100185489518e-05,4.197088490778548e-05
3269,4.909530500185821e-05,4.470240202988401e-05,4.10382851856091e-05,4.195970092400644e-05
3270,4.908032696686653e-05,4.467946175725143e-05,4.102549143606707e-05,4.193879296912209e-05
3271,4.9058918211326306e-05,4.466253501760878e-05,4.100586809097635e-05,4.1922138202902264e-05
3272,4.9038511473820735e-05,4.464937295748282e-05,4.098460189175542e-05,4.191728652631579e-05
3273,4.9017723077635895e-05,4.463180215548879e-05,4.096267618759089e-05,4.189239304706107e-05
3274,4.9004362159248215e-05,4.462008633150187e-05,4.0952594260589166e-05,4.187877765743674e-05
3275,4.8980845381343896e-05,4.4601311611657534e-05,4.093298034431186e-05,4.1858863603011956e-05
3276,4.8969486227202915e-05,4.458874955399049e-05,4.092049709447849e-05,4.1836034794389596e-05
3277,4.894580897126832e-05,4.4560804884991725e-05,4.090836866244925e-05,4.183398330237156e-05
3278,4.8932021248175025e-05,4.455017720384015e-05,4.089006226934781e-05,4.1815803239092703e-05
3279,4.8912172739003753e-05,4.4533646122852164e-05,4.0876470626251525e-05,4.1788869399318285e-05
3280,4.888609094007056e-05,4.45086676815067e-05,4.084667420258954e-05,4.177779382069068e-05
3281,4.887467638991526e-05,4.449857822458102e-05,4.083474065359175e-05,4.175546282001479e-05
3282,4.885272293746859e-05,4.4477986917152705e-05,4.082048917352455e-05,4.173557261124823e-05
3283,4.883112581485941e-05,4.446544938519261e-05,4.080648062364283e-05,4.17254997343417e-05
3284,4.8813332223704285e-05,4.444320287312026e-05,4.0797749387018574e-05,4.17065279304207e-05
3285,4.8795419201004214e-05,4.443175043500042e-05,4.0773300629440196e-05,4.16928509248261e-05
3286,4.8785133835034555e-05,4.441470030534694e-05,4.075742358106577e-05,4.167652473412475e-05
3287,4.875599604353266e-05,4.439646826216199e-05,4.074019080562107e-05,4.1669040115273486e-05
3288,4.873871789450637e-05,4.4376417749977355e-05,4.0721696872753187e-05,4.165766902869189e-05
3289,4.872184707048862e-05,4.4350674046622006e-05,4.070416847686369e-05,4.162552909275218e-05
3290,4.8704190328106154e-05,4.434024206005547e-05,4.069290942929843e-05,4.16110051733351e-05
3291,4.868627676315453e-05,4.432726254578918e-05,4.068282533731428e-05,4.158568438531899e-05
3292,4.86647846924284e-05,4.430446392565842e-05,4.066296695927724e-05,4.15803641627995e-05
3293,4.864512937937482e-05,4.428595159455693e-05,4.0650262164774236e-05,4.155360107282619e-05
3294,4.862838624451966e-05,4.4268763275701524e-05,4.063226637596414e-05,4.153606841559002e-05
3295,4.861497065572667e-05,4.42547770339435e-05,4.0617734229879316e-05,4.153040345873815e-05
3296,4.859881632140072e-05,4.4244201044027954e-05,4.059275150365043e-05,4.151104803169418e-05
3297,4.8575184351643104e-05,4.4225945308732155e-05,4.057444625557075e-05,4.1500417722450027e-05
3298,4.8557876366690936e-05,4.4199640910037445e-05,4.056753176529709e-05,4.147698001415592e-05
3299,4.8549544433316476e-05,4.418026122535428e-05,4.055274994954922e-05,4.1458556941879464e-05
3300,4.8521790711653446e-05,4.416506969263832e-05,4.0541298782497675e-05,4.144007549934425e-05
3301,4.8506120975151845e-05,4.415159442226098e-05,4.0524612519123957e-05,4.143009718382271e-05
3302,4.8490489358891874e-05,4.413772780606599e-05,4.049339116215809e-05,4.141119011984354e-05
3303,4.846283185439331e-05,4.411856592733718e-05,4.048591141799999e-05,4.139029186160745e-05
3304,4.8454739302139467e-05,4.410469011573832e-05,4.0471061346693526e-05,4.1376999664978236e-05
3305,4.8426636460903844e-05,4.409317915773269e-05,4.045529476199812e-05,4.1368893995764015e-05
3306,4.8411930503742974e-05,4.407023961520278e-05,4.044642269676404e-05,4.135133913853999e-05
3307,4.838829088673365e-05,4.405374744588247e-05,4.0420869291823755e-05,4.132497276772735e-05
3308,4.837701373798626e-05,4.403889050312799e-05,4.0407878568115457e-05,4.131315658336315e-05
3309,4.835502944933343e-05,4.4014761255806e-05,4.0390176973812596e-05,4.1295183723293676e-05
3310,4.8341452002497006e-05,4.401149285367432e-05,4.037876282278582e-05,4.1279862817487395e-05
3311,4.832196850547172e-05,4.398812147659891e-05,4.036346572583538e-05,4.126819259201977e-05
3312,4.8302159598894504e-05,4.3979964016147305e-05,4.034961516680727e-05,4.124337450040674e-05
3313,4.82825795325369e-05,4.395648576201663e-05,4.033019712923835e-05,4.12291656001996e-05
3314,4.827000722770935e-05,4.3936120727825605e-05,4.030930219694062e-05,4.1213974850445925e-05
3315,4.8247088395464784e-05,4.392308922638492e-05,4.029959199071684e-05,4.120786564932121e-05
3316,4.822700696848426e-05,4.390962646853929e-05,4.0280316023336305e-05,4.118799465547396e-05
3317,4.8216946498627366e-05,4.3899957057197444e-05,4.026818321327015e-05,4.117311782502085e-05
3318,4.8195434648950026e-05,4.387222645825548e-05,4.025850156661533e-05,4.115357897636337e-05
3319,4.817771540137797e-05,4.385230362436782e-05,4.023420118711942e-05,4.113678615691612e-05
3320,4.8156015144302795e-05,4.384002753427038e-05,4.021893042140532e-05,4.112765481211211e-05
3321,4.8141158787902605e-05,4.382151808987748e-05,4.0216997510814626e-05,4.111911048111621e-05
3322,4.813093160128237e-05,4.3806454867359755e-05,4.018166753318138e-05,4.1096461382816624e-05
3323,4.810454813407824e-05,4.3780018631670884e-05,4.017397193104622e-05,4.107098207137275e-05
3324,4.808448679975572e-05,4.3770995248223565e-05,4.016598132008792e-05,4.104585339701959e-05
3325,4.807231920576478e-05,4.3757141772751573e-05,4.0146484697069175e-05,4.103294147069512e-05
3326,4.805055790193922e-05,4.374471232659585e-05,4.0137326579677464e-05,4.1027451288549626e-05
3327,4.8033248517751014e-05,4.372632813396736e-05,4.011989696338827e-05,4.1019093138954714e-05
3328,4.8021277184143686e-05,4.370416662665888e-05,4.009973429868186e-05,4.099740186849186e-05
3329,4.7996632774109965e-05,4.36961030195257e-05,4.0083323702788494e-05,4.097078335838991e-05
3330,4.798218184370106e-05,4.3672371741569925e-05,4.00728175779105e-05,4.0959802011595636e-05
3331,4.796641275169542e-05,4.3654160342892534e-05,4.0056249715378025e-05,4.094780651735936e-05
3332,4.7944546947972705e-05,4.36343278770116e-05,4.003580864379126e-05,4.093330851408036e-05
3333,4.7925272412425665e-05,4.3623081781319766e-05,4.002151212671748e-05,4.091381147910773e-05
3334,4.791166807720541e-05,4.360833031040267e-05,4.000884411110706e-05,4.090094885567654e-05
3335,4.788347984379667e-05,4.3591632752324844e-05,3.998855486446703e-05,4.088235536141456e-05
3336,4.787876844819635e-05,4.3581282855557534e-05,3.997427547139505e-05,4.086185191948299e-05
3337,4.785311180566959e-05,4.356457185096192e-05,3.9965938983751675e-05,4.085682148518578e-05
3338,4.7842059025241536e-05,4.3551992883204334e-05,3.9944671650672636e-05,4.083445248678489e-05
3339,4.781991557119244e-05,4.3532680486777315e-05,3.9935879551198214e-05,4.081936862894728e-05
3340,4.780225777627586e-05,4.350528066877473e-05,3.9916240811798415e-05,4.079869360066095e-05
3341,4.7782881889422787e-05,4.349951855841278e-05,3.9900241804188225e-05,4.077753341134065e-05
3342,4.77664632306126e-05,4.347700893813062e-05,3.988249996529149e-05,4.0777432640437886e-05
3343,4.774911125951201e-05,4.346408012352791e-05,3.986786720149828e-05,4.075254856088041e-05
3344,4.7729421886512274e-05,4.343855672424907e-05,3.985018738927109e-05,4.074622754989093e-05
3345,4.771312544415833e-05,4.342396004387651e-05,3.983839257167922e-05,4.0728513160329144e-05
3346,4.7694281464303946e-05,4.3413702702698404e-05,3.982850959315957e-05,4.071132458162745e-05
3347,4.767971670739101e-05,4.340219156803482e-05,3.981029635938148e-05,4.068677485425054e-05
3348,4.766285372264056e-05,4.338167712546124e-05,3.979662359699863e-05,4.067486297000299e-05
3349,4.764259121958711e-05,4.3368002289548856e-05,3.977798180736251e-05,4.066236321768437e-05
3350,4.762404871006152e-05,4.33493047106485e-05,3.976676572287924e-05,4.0652632164588644e-05
3351,4.760874460733423e-05,4.333313820833153e-05,3.974932394415579e-05,4.063373473799731e-05
3352,4.7587256851632625e-05,4.3314559651687303e-05,3.9737420206231894e-05,4.061296295749025e-05
3353,4.757273743972564e-05,4.330124201803175e-05,3.971673621059638e-05,4.059937491989333e-05
3354,4.755511104457072e-05,4.328019110875091e-05,3.9705084400539665e-05,4.057656637864922e-05
3355,4.753953701464106e-05,4.327237618706595e-05,3.9694821412642335e-05,4.056366761279298e-05
3356,4.7520333034194974e-05,4.325535899618165e-05,3.9674142308158184e-05,4.0548641927240536e-05
3357,4.75057683195993e-05,4.324056093847846e-05,3.9658283244749214e-05,4.0538535711638296e-05
3358,4.748090343056928e-05,4.321855848053228e-05,3.9643263034469775e-05,4.051291751027419e-05
3359,4.746760175582534e-05,4.321107997131822e-05,3.9633048016063976e-05,4.050054786324965e-05
3360,4.744897751566037e-05,4.31843742698685e-05,3.96075065006232e-05,4.049128306315125e-05
3361,4.743793582556013e-05,4.317315792277213e-05,3.9591638627698095e-05,4.0466136705065354e-05
3362,4.7421028576602e-05,4.3166907248935645e-05,3.9576900659453575e-05,4.045253286895436e-05
3363,4.739846434816706e-05,4.314605363679245e-05,3.957338515862088e-05,4.0445780247353424e-05
3364,4.738100123139121e-05,4.312174371895232e-05,3.955154828569499e-05,4.043215998937832e-05
3365,4.7368430938743136e-05,4.310186483255091e-05,3.9530728983710035e-05,4.041315628156884e-05
3366,4.734984280766374e-05,4.309568015488271e-05,3.951997195777492e-05,4.040348298085059e-05
3367,4.733140398651694e-05,4.307448252178351e-05,3.9506364997567006e-05,4.0376927864289214e-05
3368,4.7311212141491705e-05,4.306407420854542e-05,3.948941574488481e-05,4.035966824942047e-05
3369,4.729331332877188e-05,4.304605439127687e-05,3.947167362329755e-05,4.0356644042173404e-05
3370,4.72835905907131e-05,4.302079998895785e-05,3.9461670366422346e-05,4.0329733610144766e-05
3371,4.726255691887389e-05,4.301266982275784e-05,3.944585189933154e-05,4.0313200217709266e-05
3372,4.724642112334378e-05,4.299200775681902e-05,3.9431851612944005e-05,4.03088383800186e-05
3373,4.7228353577809645e-05,4.297816052980092e-05,3.941592368021211e-05,4.0278183953526365e-05
3374,4.7211236197328364e-05,4.296958400057865e-05,3.9401148974787324e-05,4.0270405068964515e-05
3375,4.7189630967740545e-05,4.2948946477173365e-05,3.938564704386028e-05,4.024883604731043e-05
3376,4.7172067961703703e-05,4.293114459780378e-05,3.937733257625824e-05,4.023898068383057e-05
3377,4.7157489065121425e-05,4.291364591098902e-05,3.936469394021744e-05,4.0225596400776863e-05
3378,4.713973052955049e-05,4.289890034034452e-05,3.934728140840725e-05,4.020744560704557e-05
3379,4.7124020623520454e-05,4.288668042554393e-05,3.933913054837309e-05,4.020597787057613e-05
3380,4.710959240086252e-05,4.287139507101314e-05,3.930635048830045e-05,4.018419420075881e-05
3381,4.708714746490848e-05,4.2850640931073925e-05,3.929738220789436e-05,4.016622878575197e-05
3382,4.707387035334829e-05,4.28401750233011e-05,3.928630351366969e-05,4.015504139205274e-05
3383,4.705577688121065e-05,4.282257698118626e-05,3.926978806660472e-05,4.012997845500398e-05
3384,4.703574919110575e-05,4.2813136035062506e-05,3.9253926051849304e-05,4.011453022535905e-05
3385,4.701943010312042e-05,4.2787126704122775e-05,3.924520942423236e-05,4.0107758544530107e-05
3386,4.700404304683643e-05,4.276582903806303e-05,3.922435716968195e-05,4.009440305805972e-05
3387,4.698470243978679e-05,4.2761059288556316e-05,3.9212245121458426e-05,4.007287467027252e-05
3388,4.697155022333443e-05,4.274071244899625e-05,3.9203476637711285e-05,4.006167333201657e-05
3389,4.695259105769952e-05,4.273070922180105e-05,3.918132268519892e-05,4.004524458769239e-05
3390,4.6936552396709164e-05,4.27199045577409e-05,3.916649268050091e-05,4.0032199711689866e-05
3391,4.6916323274153916e-05,4.270428127268813e-05,3.915227366122042e-05,4.000998444322538e-05
3392,4.690409023207938e-05,4.26840177396336e-05,3.914058280153186e-05,3.999698853795565e-05
3393,4.6887102813091814e-05,4.267842218171287e-05,3.9124716444011986e-05,3.998256244486758e-05
3394,4.6869157628142704e-05,4.265425035350464e-05,3.9112614621063226e-05,3.9958806341469566e-05
3395,4.685099015949952e-05,4.2635323448461944e-05,3.9090437217617986e-05,3.995228777776364e-05
3396,4.683302863415735e-05,4.2618854672871596e-05,3.908423341045291e-05,3.9936784886775126e-05
3397,4.681989433033053e-05,4.260642590401054e-05,3.90593558742769e-05,3.991982337019225e-05
3398,4.679897104895496e-05,4.2590110697079525e-05,3.90515905433092e-05,3.990808001331806e-05
3399,4.678249111859096e-05,4.257190880817574e-05,3.903634427866349e-05,3.989385821287962e-05
3400,4.6768787351174395e-05,4.2563931285403976e-05,3.902224058915571e-05,3.9877588098732105e-05
3401,4.6746248284886136e-05,4.2537681209495126e-05,3.901031281873374e-05,3.986905665171433e-05
3402,4.673789768832364e-05,4.2529020774469234e-05,3.8995170459047764e-05,3.9848255998882746e-05
3403,4.671442575152933e-05,4.251042107570859e-05,3.8978079920306564e-05,3.982942079797003e-05
3404,4.670210127022395e-05,4.2499486169774585e-05,3.89661843374788e-05,3.981111182874928e-05
3405,4.667893830430167e-05,4.2488464979590784e-05,3.8945242344416725e-05,3.980069378348476e-05
3406,4.6666531503975994e-05,4.246124687398291e-05,3.8930020625287904e-05,3.9790618825052416e-05
3407,4.664926769130688e-05,4.244274650919494e-05,3.8924859276465196e-05,3.977652223780306e-05
3408,4.663608648305212e-05,4.2437326442364257e-05,3.890660618638677e-05,3.975847259190916e-05
3409,4.661733745202975e-05,4.242399418409703e-05,3.888896555478815e-05,3.9733377245503825e-05
3410,4.659738799786126e-05,4.2403977182438936e-05,3.887314216500157e-05,3.973222059315449e-05
3411,4.658342642439187e-05,4.239227260295359e-05,3.88656694606179e-05,3.970734079968635e-05
3412,4.656623709019879e-05,4.236900229450239e-05,3.8842041847801915e-05,3.9696039113554254e-05
3413,4.6546085295696055e-05,4.235451148796644e-05,3.883556112389078e-05,3.9678615344295655e-05
3414,4.653085240019154e-05,4.234241650123394e-05,3.881921998595786e-05,3.967047267843176e-05
3415,4.6516804225885024e-05,4.2331870392298334e-05,3.880384557036078e-05,3.965572483687218e-05
3416,4.649756394245547e-05,4.231403011190314e-05,3.8787203473176526e-05,3.963621170851464e-05
3417,4.6481863961360425e-05,4.2300863116296925e-05,3.8774663915353e-05,3.9623228229299734e-05
3418,4.646687556084843e-05,4.227796889575311e-05,3.876521388001435e-05,3.9605939456948633e-05
3419,4.645333134174559e-05,4.226954179717716e-05,3.8749722700561726e-05,3.959104113301143e-05
3420,4.6433646575537584e-05,4.224380369808561e-05,3.873209711295969e-05,3.958816177879505e-05
3421,4.641617172758354e-05,4.22345468647789e-05,3.8716713308465707e-05,3.956162339015171e-05
3422,4.6400328613118524e-05,4.222633086351568e-05,3.869741631529673e-05,3.955086202473107e-05
3423,4.638389438453407e-05,4.220497987240958e-05,3.8692311792741915e-05,3.9534681550158864e-05
3424,4.636545943479767e-05,4.2189056083183737e-05,3.866956633114387e-05,3.9517046299160755e-05
3425,4.634707447993354e-05,4.217418183738693e-05,3.865393004437647e-05,3.9504144774503285e-05
3426,4.6337916360058574e-05,4.2159483192659286e-05,3.864263756309325e-05,3.948574147010324e-05
3427,4.631478765377811e-05,4.21469957623081e-05,3.863426097016067e-05,3.9468592567295656e-05
3428,4.6302123979175455e-05,4.2124396208655855e-05,3.8621059569931156e-05,3.9471233772489406e-05
3429,4.628649134258382e-05,4.211014286386262e-05,3.860536685227845e-05,3.9447059008223496e-05
3430,4.626873810515369e-05,4.209677392791758e-05,3.859694063535349e-05,3.942913435930895e-05
3431,4.625106952179075e-05,4.208224077171874e-05,3.857548463447659e-05,3.9408751066840156e-05
3432,4.6233852555585085e-05,4.207041535307254e-05,3.856112353726947e-05,3.94054366289734e-05
3433,4.621905160285582e-05,4.205863394709806e-05,3.854736829546785e-05,3.9391229652278716e-05
3434,4.620582775074838e-05,4.203459816190849e-05,3.8537172653048366e-05,3.936867568097696e-05
3435,4.6184988233362205e-05,4.202451219143765e-05,3.852468821814999e-05,3.9358331436824713e-05
3436,4.6171248992142004e-05,4.200809496225969e-05,3.8506631347793456e-05,3.934674820249747e-05
3437,4.615403424337719e-05,4.200011996387108e-05,3.8489436271200735e-05,3.933241666987461e-05
3438,4.613819273204121e-05,4.1980477584325265e-05,3.847179068193986e-05,3.931671927737479e-05
3439,4.612277820255174e-05,4.196296634284915e-05,3.8464148874403524e-05,3.9294774920251875e-05
3440,4.610458834410399e-05,4.194637952629595e-05,3.844738384855171e-05,3.928940109544288e-05
3441,4.608591722853128e-05,4.193359093454376e-05,3.8431648690367784e-05,3.927181418168398e-05
3442,4.607242116351403e-05,4.193028011280111e-05,3.842324321158138e-05,3.92557554954034e-05
3443,4.605379547793237e-05,4.190177097621552e-05,3.8407911919796546e-05,3.924540359649838e-05
3444,4.603847343183775e-05,4.188789611708108e-05,3.838764043903118e-05,3.9228957045554275e-05
3445,4.602249678964326e-05,4.187640838756282e-05,3.838143748660272e-05,3.921348445107358e-05
3446,4.600562346083953e-05,4.1863332547322764e-05,3.8368636825473854e-05,3.9192190864937e-05
3447,4.599382529841428e-05,4.18529260613263e-05,3.8352792637813256e-05,3.918361649894766e-05
3448,4.597314773615528e-05,4.183168134651304e-05,3.833715867891554e-05,3.917160125020047e-05
3449,4.596048424870382e-05,4.181395685936116e-05,3.8324914685656496e-05,3.91573833954757e-05
3450,4.59410975816594e-05,4.1801462157650835e-05,3.831081324951495e-05,3.913634384495696e-05
3451,4.592473520752076e-05,4.178480614704164e-05,3.829663808643696e-05,3.91194133430921e-05
3452,4.591055019122641e-05,4.177050447145053e-05,3.828782342346417e-05,3.9108595327224135e-05
3453,4.589637931777272e-05,4.175467674508599e-05,3.8265972842473856e-05,3.909458552704126e-05
3454,4.587713614403258e-05,4.17367370085369e-05,3.82551037209605e-05,3.9085159498847814e-05
3455,4.5861486963214564e-05,4.172776473871956e-05,3.8246236149581924e-05,3.906949132227099e-05
3456,4.584536695108858e-05,4.171024394632286e-05,3.822232312347769e-05,3.905049452829051e-05
3457,4.583261545527889e-05,4.169705003138347e-05,3.820922079577046e-05,3.9038966942573e-05
3458,4.581470277211896e-05,4.167764034999312e-05,3.81987385618651e-05,3.902778548154268e-05
3459,4.5795156700201817e-05,4.1668686409136034e-05,3.8179734861999704e-05,3.90105640940078e-05
3460,4.5780674803763654e-05,4.165401089032052e-05,3.817212997401614e-05,3.8995916242176655e-05
3461,4.5762644496772594e-05,4.164187524873785e-05,3.815806349458604e-05,3.898458484804097e-05
3462,4.575515785198596e-05,4.161864925641565e-05,3.814459581475888e-05,3.8968039768813714e-05
3463,4.573451495786844e-05,4.1602830118021135e-05,3.813664670369385e-05,3.895277921224793e-05
3464,4.57210242660132e-05,4.1595360800749714e-05,3.811057612042143e-05,3.8940921485975615e-05
3465,4.569970572587587e-05,4.1578716459749175e-05,3.810244908142444e-05,3.892605560538184e-05
3466,4.568452958628554e-05,4.15630019593862e-05,3.8087957414798805e-05,3.891101195089353e-05
3467,4.567059815773517e-05,4.155169626382602e-05,3.8076877132410174e-05,3.8891379865628926e-05
3468,4.5650794722961164e-05,4.153564258642182e-05,3.8058945940544e-05,3.8879553703382154e-05
3469,4.563798819689523e-05,4.1520019700231466e-05,3.80444758313714e-05,3.886339208404524e-05
3470,4.562066797272216e-05,4.151379808229186e-05,3.803598547043075e-05,3.885604653862856e-05
3471,4.560586098283944e-05,4.1493348703857846e-05,3.801809265215651e-05,3.883512906448754e-05
3472,4.5593520168395826e-05,4.148065895501341e-05,3.8006335136223536e-05,3.882688982997132e-05
3473,4.557169487748722e-05,4.1467208074521766e-05,3.798856322957255e-05,3.881510588461281e-05
3474,4.5559097446306045e-05,4.144519528377017e-05,3.7977613010556886e-05,3.879083482066751e-05
3475,4.5543186535077336e-05,4.143182089275408e-05,3.796627388783021e-05,3.878259166815169e-05
3476,4.552870834546201e-05,4.14212182223616e-05,3.794719966153066e-05,3.876925112260372e-05
3477,4.551261733556795e-05,4.140147005979016e-05,3.793183876766622e-05,3.8751817967381554e-05
3478,4.549578120955327e-05,4.139098909274635e-05,3.7923603767069356e-05,3.8748006295723365e-05
3479,4.548057341872165e-05,4.137145039160244e-05,3.790955536570986e-05,3.872733086965141e-05
3480,4.546326515950898e-05,4.1362534602125977e-05,3.789658335088982e-05,3.8711945297352435e-05
3481,4.5448353857101006e-05,4.1346719325235844e-05,3.788225205226317e-05,3.869886576854977e-05
3482,4.543530715308179e-05,4.133267899317463e-05,3.786775523174933e-05,3.8687727980841215e-05
3483,4.541775479080378e-05,4.131216952645743e-05,3.785444294150436e-05,3.867366638017107e-05
3484,4.540271335452134e-05,4.130647590847715e-05,3.7842860740281846e-05,3.865875750748683e-05
3485,4.538081096991349e-05,4.128588988026912e-05,3.782762848126358e-05,3.864591419417906e-05
3486,4.537088015336343e-05,4.1270427989916744e-05,3.781657247049071e-05,3.862911622410398e-05
3487,4.535507684216046e-05,4.126110027102338e-05,3.7800809721426266e-05,3.861451323669332e-05
3488,4.533725141960873e-05,4.124579736173107e-05,3.7784255939913634e-05,3.8599868804115084e-05
3489,4.532113890202155e-05,4.122926190911524e-05,3.777500766340531e-05,3.858402429793598e-05
3490,4.5304301160323396e-05,4.121191703167018e-05,3.776472351677967e-05,3.857149679111611e-05
3491,4.529073101062117e-05,4.120386636555061e-05,3.7748115090592965e-05,3.855284500105081e-05
3492,4.527803718264437e-05,4.118968339991643e-05,3.7735441063452326e-05,3.854516957531572e-05
3493,4.526055112578703e-05,4.117251539433653e-05,3.77211175978854e-05,3.853032828307497e-05
3494,4.52451910698295e-05,4.116312815706278e-05,3.771204444292583e-05,3.851888299083545e-05
3495,4.522753426352338e-05,4.1143756571277574e-05,3.7692362966797715e-05,3.849939159791683e-05
3496,4.521472748155315e-05,4.1131452714121585e-05,3.767777945210367e-05,3.849201534028751e-05
3497,4.5199369331074606e-05,4.112421296093671e-05,3.766534960650763e-05,3.847231105465233e-05
3498,4.5180204009509255e-05,4.110270138789247e-05,3.765756599256845e-05,3.8463095177944994e-05
3499,4.516442438867771e-05,4.1085456296059975e-05,3.764123162620172e-05,3.845184712882357e-05
3500,4.515174363413352e-05,4.1072086696549336e-05,3.762733933093299e-05,3.8433531380358073e-05
3501,4.5135615356432294e-05,4.106292097552583e-05,3.7613209817725735e-05,3.842090726117618e-05
3502,4.512254824015266e-05,4.104584221470937e-05,3.759832285769072e-05,3.839803040902143e-05
3503,4.5101382681788196e-05,4.10268788473618e-05,3.7582683494958765e-05,3.8391118654832886e-05
3504,4.508969297048561e-05,4.10178804448392e-05,3.757260905708275e-05,3.837704907833713e-05
3505,4.507404884591413e-05,4.100210444693961e-05,3.7560219572023527e-05,3.836055078933897e-05
3506,4.5060919872583614e-05,4.0984840531878554e-05,3.754570084979649e-05,3.835350283329222e-05
3507,4.504326821862855e-05,4.0971503898855725e-05,3.753229420945687e-05,3.8337101341158246e-05
3508,4.502550982363099e-05,4.095953104062948e-05,3.751825625256869e-05,3.832063624857906e-05
3509,4.501083260719636e-05,4.094480222931806e-05,3.750269397427325e-05,3.8305557074206676e-05
3510,4.4993896667314476e-05,4.092408801792435e-05,3.749123399408146e-05,3.829566845316993e-05
3511,4.4979017074022776e-05,4.0921618725782316e-05,3.747956499878398e-05,3.8281042924570035e-05
3512,4.4965217936758796e-05,4.090606808604764e-05,3.7463414489123556e-05,3.8264331170754256e-05
3513,4.4951636464668604e-05,4.0891577226944776e-05,3.744921542790573e-05,3.825147204366011e-05
3514,4.493334286766213e-05,4.087743009564444e-05,3.744290647829164e-05,3.823877043349804e-05
3515,4.491619284343134e-05,4.086386531767021e-05,3.741958876642901e-05,3.822908435053704e-05
3516,4.490644887104783e-05,4.084553265508609e-05,3.741503339711993e-05,3.8209698459888586e-05
3517,4.489085682159629e-05,4.0832147224212054e-05,3.739852265815743e-05,3.820059464570597e-05
3518,4.487523786283433e-05,4.081848047978326e-05,3.738424531795755e-05,3.8189106639125376e-05
3519,4.4858886119058646e-05,4.079940212910022e-05,3.73785528229396e-05,3.816805836532159e-05
3520,4.4838746589144545e-05,4.0788617077505694e-05,3.735912871947154e-05,3.816041816969723e-05
3521,4.4828294124921614e-05,4.07723245138133e-05,3.734843918959289e-05,3.81481568501156e-05
3522,4.4808729128509016e-05,4.076235163650283e-05,3.733653953328641e-05,3.813327951338305e-05
3523,4.4795689856161664e-05,4.074698878416319e-05,3.732271599132479e-05,3.8117006714717433e-05
3524,4.478199736736728e-05,4.073275627152575e-05,3.730745504698769e-05,3.810979924760525e-05
3525,4.47675075267523e-05,4.071984953667811e-05,3.7297290216057856e-05,3.808963079685321e-05
3526,4.475019277355482e-05,4.070408763835376e-05,3.7280346247457405e-05,3.807588752285053e-05
3527,4.473684981561949e-05,4.0695127676939424e-05,3.7268528326786e-05,3.8062554814553514e-05
3528,4.472213434954356e-05,4.067747354531581e-05,3.7255514263881244e-05,3.804623004369466e-05
3529,4.470685758167497e-05,4.0659071634408405e-05,3.7241008024343476e-05,3.804116390914431e-05
3530,4.468877280097031e-05,4.06459652594391e-05,3.723140420443642e-05,3.8025070853969037e-05
3531,4.4675828259465646e-05,4.0638240870631335e-05,3.721373846501705e-05,3.801279982558595e-05
3532,4.46617119942382e-05,4.062164077959712e-05,3.720322880358074e-05,3.799119671965851e-05
3533,4.464190079682967e-05,4.060858351529793e-05,3.7194997743883515e-05,3.7984288912404255e-05
3534,4.462767934931507e-05,4.059518290869731e-05,3.7174283289173234e-05,3.7970361248169105e-05
3535,4.4615991442394076e-05,4.058081270065238e-05,3.7164444164183025e-05,3.7956625156945275e-05
3536,4.4599585509863735e-05,4.0566662371509743e-05,3.7147593220876876e-05,3.794248780357847e-05
3537,4.458333921720959e-05,4.054890795235409e-05,3.7134824690438634e-05,3.793009517292853e-05
3538,4.4569780338763204e-05,4.053736154237689e-05,3.7124956639654265e-05,3.7915709393769054e-05
3539,4.455477126320132e-05,4.05253547250603e-05,3.711119511863972e-05,3.7904562220102384e-05
3540,4.454362039866483e-05,4.051605502058221e-05,3.709779292504523e-05,3.7892641879931764e-05
3541,4.452475606310976e-05,4.049864209650197e-05,3.708847844846384e-05,3.787624675378798e-05
3542,4.450754694707941e-05,4.048275692085048e-05,3.7072186024786565e-05,3.7859491574726215e-05
3543,4.449280101337941e-05,4.046972495256057e-05,3.706131908874671e-05,3.7849263390624825e-05
3544,4.448139129873893e-05,4.0454309879927114e-05,3.704662688085926e-05,3.78397419123783e-05
3545,4.4463616711667924e-05,4.0439061005155236e-05,3.703634197778927e-05,3.7827439663006376e-05
3546,4.445065383843165e-05,4.0429202985572926e-05,3.7015803996476095e-05,3.780987813233205e-05
3547,4.443622417650803e-05,4.041505837514045e-05,3.700970752991117e-05,3.779637867671484e-05
3548,4.4419926727812805e-05,4.0399640761704035e-05,3.7000041963768626e-05,3.777899386297205e-05
3549,4.440377434519807e-05,4.039062536345534e-05,3.698117174927195e-05,3.776867799657088e-05
3550,4.4387443830528536e-05,4.0373097817473774e-05,3.697020700119446e-05,3.775684666304136e-05
3551,4.4372353566446474e-05,4.036003889979886e-05,3.695963903660773e-05,3.7741292008075675e-05
3552,4.435789849930931e-05,4.035144530808004e-05,3.6948234306974226e-05,3.772558319904434e-05
3553,4.4346404929940644e-05,4.0334356167175394e-05,3.69318667459626e-05,3.771476547587194e-05
3554,4.433117010395017e-05,4.0323446658248046e-05,3.691702801303703e-05,3.770548496210024e-05
3555,4.431299050508655e-05,4.030634430579268e-05,3.6907695249063464e-05,3.768709558700123e-05
3556,4.430064582817419e-05,4.029082869007996e-05,3.689306204941198e-05,3.7673986948497236e-05
3557,4.4286458459151775e-05,4.028081067510932e-05,3.6882088912960074e-05,3.766092940046997e-05
3558,4.426819446489327e-05,4.026465054710745e-05,3.6871469795360634e-05,3.7650413486760226e-05
3559,4.425834116390888e-05,4.024938109280044e-05,3.685541281703853e-05,3.763847679305344e-05
3560,4.4240417976408364e-05,4.0236970360749156e-05,3.6843410687864704e-05,3.7624156808780835e-05
3561,4.422541473201788e-05,4.022490325448686e-05,3.682837456045368e-05,3.7611449951667874e-05
3562,4.421281113068141e-05,4.0207932329348364e-05,3.681808803171774e-05,3.7599943752295283e-05
3563,4.4197233991631156e-05,4.019660293218802e-05,3.680279459820071e-05,3.7581940555890847e-05
3564,4.41813286882076e-05,4.018601689829244e-05,3.6794716139146425e-05,3.757282460102028e-05
3565,4.4168168972520994e-05,4.017064897776346e-05,3.678015777162421e-05,3.755873239589372e-05
3566,4.41499889571581e-05,4.0158256112638486e-05,3.676693606248544e-05,3.7543536226137796e-05
3567,4.4137016574956124e-05,4.014009231953089e-05,3.675529340872213e-05,3.753039500544049e-05
3568,4.4122068182598025e-05,4.012755395291557e-05,3.674066063867633e-05,3.7512002651104355e-05
3569,4.4107549826867076e-05,4.0111359359306367e-05,3.672995590741583e-05,3.7504939112830576e-05
3570,4.409388438769531e-05,4.0104955990363566e-05,3.6716390569950566e-05,3.7488750944005185e-05
3571,4.407825455696058e-05,4.008672097804301e-05,3.670465258265403e-05,3.747951848225069e-05
3572,4.4066903544649115e-05,4.007277477558595e-05,3.6692311415749965e-05,3.745968929056953e-05
3573,4.40505753336973e-05,4.005880370789786e-05,3.667500532150212e-05,3.744858966943648e-05
3574,4.403439233808766e-05,4.0048361726135434e-05,3.6663516382720205e-05,3.744250745077964e-05
3575,4.4020982881761645e-05,4.0034037483400684e-05,3.664827562253646e-05,3.742369108865083e-05
3576,4.400441944055285e-05,4.001723886776537e-05,3.6641622068820036e-05,3.741387222892033e-05
3577,4.399062719296374e-05,4.000827690178256e-05,3.66265384326913e-05,3.7398054113381165e-05
3578,4.39781289632591e-05,3.999495818597455e-05,3.661766527038871e-05,3.738713210450636e-05
3579,4.3962374044125104e-05,3.9980995620671824e-05,3.659858412824405e-05,3.7371032777815135e-05
3580,4.395012623227599e-05,3.9968244516275534e-05,3.658609782842353e-05,3.7361282888684513e-05
3581,4.392893243459389e-05,3.995408195230689e-05,3.65774897743741e-05,3.735288671676661e-05
3582,4.391660388704538e-05,3.9943829566364014e-05,3.656499573136987e-05,3.7337966535502965e-05
3583,4.390398346209591e-05,3.992674914734563e-05,3.65520749486841e-05,3.73239621955106e-05
3584,4.3888807402258994e-05,3.9916934171104854e-05,3.653562640924379e-05,3.73070854212327e-05
3585,4.3874308554477325e-05,3.990009787087799e-05,3.6526993885335694e-05,3.7294558217650786e-05
3586,4.386146834486317e-05,3.9885778155051045e-05,3.6519124739436764e-05,3.728214788643498e-05
3587,4.384711251913028e-05,3.98705062420675e-05,3.65003816066886e-05,3.726865914667093e-05
3588,4.3827068403188345e-05,3.9857844844514295e-05,3.6491098474268975e-05,3.7260623444910334e-05
3589,4.381573130008897e-05,3.984611739697319e-05,3.6478442832371947e-05,3.724612891501567e-05
3590,4.3800581893154586e-05,3.9835678361402174e-05,3.646508685982651e-05,3.722557794635099e-05
3591,4.378617810983233e-05,3.982049240344568e-05,3.645312971889726e-05,3.7219331746517387e-05
3592,4.377346957053112e-05,3.980977418254774e-05,3.6441068451727534e-05,3.720532688611672e-05
3593,4.375816898000633e-05,3.979238547404166e-05,3.642808730540632e-05,3.7192386495846956e-05
3594,4.374454755152845e-05,3.9778077745330706e-05,3.641244785260744e-05,3.7180141923525124e-05
3595,4.3729399375142035e-05,3.9768602895745103e-05,3.640234417773498e-05,3.716592967040437e-05
3596,4.371591897993971e-05,3.97559276460619e-05,3.639128098501219e-05,3.7154750973478204e-05
3597,4.3701268824475796e-05,3.973988224092245e-05,3.637500795720147e-05,3.7142552883627116e-05
3598,4.368817509189225e-05,3.9729318512140516e-05,3.6364368895011813e-05,3.712744071563528e-05
3599,4.3671260199785054e-05,3.971060683563863e-05,3.635230310669619e-05,3.7112842715209585e-05
3600,4.365936303037174e-05,3.969745954479954e-05,3.634278429955275e-05,3.7103919961518626e-05
3601,4.364404660368532e-05,3.9689673548563995e-05,3.632940262919695e-05,3.7091184581172e-05
3602,4.3628819632014064e-05,3.967638264331522e-05,3.631748398791841e-05,3.707659662203194e-05
3603,4.361545110087267e-05,3.966294447200046e-05,3.630687911225459e-05,3.7061550691352324e-05
3604,4.360282568412786e-05,3.9648710686723464e-05,3.62900448679364e-05,3.705026716417589e-05
3605,4.358658119193365e-05,3.9639197995840776e-05,3.627656332878715e-05,3.703921524230879e-05
3606,4.3572047041936944e-05,3.9623851178078436e-05,3.626535592835162e-05,3.7028797453991505e-05
3607,4.355898035598722e-05,3.960991902354298e-05,3.625770517676028e-05,3.700815144577344e-05
3608,4.35438403973691e-05,3.959318474067182e-05,3.624402754680102e-05,3.700288435611933e-05
3609,4.352929599126436e-05,3.95834407670803e-05,3.623011559714312e-05,3.6988165612344814e-05
3610,4.3514863143122016e-05,3.95711843692351e-05,3.621189369041349e-05,3.6977071784197125e-05
3611,4.3500210039511026e-05,3.9560525187309705e-05,3.62064359948314e-05,3.6962600553953636e-05
3612,4.34861615926425e-05,3.9541212514644594e-05,3.6194057305236266e-05,3.6950032547842965e-05
3613,4.3473972883603094e-05,3.9531690862659904e-05,3.618104994138597e-05,3.6937084114470064e-05
3614,4.345582703736923e-05,3.951942961525309e-05,3.617110008369078e-05,3.692665484586037e-05
3615,4.3443460748389695e-05,3.950158407068923e-05,3.6158695697417306e-05,3.691186426192912e-05
3616,4.3428584782828164e-05,3.948951925611099e-05,3.614210996284137e-05,3.6896751050742344e-05
3617,4.34149695018577e-05,3.9478648669080795e-05,3.6132039038852445e-05,3.688693335964577e-05
3618,4.340133027687478e-05,3.946650294342231e-05,3.611869240104343e-05,3.687449015112048e-05
3619,4.3387847405116994e-05,3.945199982561157e-05,3.610789106293645e-05,3.6862553057173145e-05
3620,4.337284991000768e-05,3.944108367212329e-05,3.609574427127997e-05,3.684328328750844e-05
3621,4.335871562391747e-05,3.9426280412470525e-05,3.608468760888935e-05,3.6836167592409166e-05
3622,4.334509913855392e-05,3.941736254734772e-05,3.6069954689056545e-05,3.682078442822896e-05
3623,4.333294755820691e-05,3.9401538716694075e-05,3.605869541529043e-05,3.681222702799473e-05
3624,4.3315527766148425e-05,3.938744159807334e-05,3.604541594128262e-05,3.680045229837541e-05
3625,4.330389391314909e-05,3.937386429808443e-05,3.603640218217192e-05,3.6788712953687624e-05
3626,4.3286563176485696e-05,3.936284333216397e-05,3.602006080067881e-05,3.677435318010896e-05
3627,4.327304696161502e-05,3.9351402616510806e-05,3.601289850738532e-05,3.676195236563765e-05
3628,4.325877910471196e-05,3.9335409861473694e-05,3.599952395474408e-05,3.6750505893310654e-05
3629,4.324632832269961e-05,3.9323770590446965e-05,3.5984918207413253e-05,3.674032280018901e-05
3630,4.323123037212574e-05,3.9309419528867015e-05,3.5972068316845976e-05,3.672593821642578e-05
3631,4.321897521230043e-05,3.930025712645579e-05,3.596214696090029e-05,3.671112069735693e-05
3632,4.3202563515503334e-05,3.928578410325568e-05,3.5950042696770185e-05,3.6702151946979726e-05
3633,4.319273200907662e-05,3.927127590153806e-05,3.5935939995924076e-05,3.668748927186954e-05
3634,4.3173236532367757e-05,3.925906747202287e-05,3.592668607871348e-05,3.667335803006057e-05
3635,4.3160314654731395e-05,3.9247971719317145e-05,3.591359511857224e-05,3.666159410465865e-05
3636,4.314844128723853e-05,3.9232743422366046e-05,3.5900412414565055e-05,3.6650221816273496e-05
3637,4.313491151748181e-05,3.921998698422066e-05,3.589126726342777e-05,3.6635658149947536e-05
3638,4.3119401569121825e-05,3.9209550279733384e-05,3.587873535923047e-05,3.663100727203489e-05
3639,4.3106810513555764e-05,3.919258534351457e-05,3.5869343971191325e-05,3.6611217015226345e-05
3640,4.309313930577985e-05,3.918292583600773e-05,3.585193700694651e-05,3.6597678622249184e-05
3641,4.307725986781143e-05,3.917161322275697e-05,3.58418368641205e-05,3.6587505040125396e-05
3642,4.306784149145351e-05,3.915782376105872e-05,3.583112275215862e-05,3.657360138409195e-05
3643,4.305036061506423e-05,3.914192613408731e-05,3.58160886102447e-05,3.656426916791288e-05
3644,4.303564491305965e-05,3.913174495938468e-05,3.5808364469338316e-05,3.6551187975731615e-05
3645,4.302197878686077e-05,3.9116854812876275e-05,3.5790045190730316e-05,3.653998160045514e-05
3646,4.300952748618728e-05,3.9105264195504665e-05,3.5781381154748255e-05,3.6527745596062976e-05
3647,4.299579551822208e-05,3.9092036069682076e-05,3.576962031869443e-05,3.651283401276109e-05
3648,4.2980521081618696e-05,3.9076965530582214e-05,3.575921439605472e-05,3.6503146792142385e-05
3649,4.2969845254069734e-05,3.9066533604454346e-05,3.5747465931009115e-05,3.6488279643019136e-05
3650,4.295405258578136e-05,3.905035113697343e-05,3.573440728265862e-05,3.647784728519629e-05
3651,4.2941724856807025e-05,3.9043287395113376e-05,3.572255428642872e-05,3.6468206001282415e-05
3652,4.292941416950604e-05,3.9029884583055183e-05,3.571183720352686e-05,3.645318085465853e-05
3653,4.29125074895063e-05,3.9016602804712024e-05,3.5696242317508634e-05,3.6441202168027543e-05
3654,4.289811195186696e-05,3.900236511991278e-05,3.568766238018102e-05,3.6428441053715256e-05
3655,4.288474938289143e-05,3.898883214038036e-05,3.567529715069487e-05,3.641447149138511e-05
3656,4.287249399770792e-05,3.897669262664647e-05,3.566432143442845e-05,3.640553026509514e-05
3657,4.285668948030875e-05,3.896639439350953e-05,3.565113836984316e-05,3.638917617365187e-05
3658,4.284469079777582e-05,3.8951995954281625e-05,3.5640513345762414e-05,3.6380347716118174e-05
3659,4.282976338568856e-05,3.894029276052515e-05,3.563048788724818e-05,3.636479377711118e-05
3660,4.281601659120602e-05,3.892677220883768e-05,3.561394773909746e-05,3.635429771419714e-05
3661,4.28024730216644e-05,3.891473886558078e-05,3.560249651096287e-05,3.634202290742578e-05
3662,4.278880467571809e-05,3.890076822550474e-05,3.559436855292003e-05,3.633076029798861e-05
3663,4.277700598358299e-05,3.889158830186793e-05,3.558326982630871e-05,3.631839665253564e-05
3664,4.276095015569849e-05,3.88792584886974e-05,3.556942456020166e-05,3.630322579998936e-05
3665,4.2747181910295586e-05,3.886573143558249e-05,3.5557557216623894e-05,3.629277448175087e-05
3666,4.273523498502774e-05,3.8853402637163725e-05,3.554407315706014e-05,3.6284148999626155e-05
3667,4.2719677054581645e-05,3.884040258575835e-05,3.553432836688499e-05,3.6270471355251315e-05
3668,4.270551482055173e-05,3.8826932979936e-05,3.5523453807853985e-05,3.625711993835495e-05
3669,4.269545471848066e-05,3.8816738283205135e-05,3.550929875855416e-05,3.624737906555228e-05
3670,4.267860756487574e-05,3.880203347038735e-05,3.5497060507319006e-05,3.6232530545826985e-05
3671,4.266490734881225e-05,3.878928052881546e-05,3.5489721521608416e-05,3.6221238960267736e-05
3672,4.2652756493313885e-05,3.8778654842640325e-05,3.54748860637493e-05,3.620823861218537e-05
3673,4.2639602147765165e-05,3.876334318043596e-05,3.546483505426981e-05,3.6198165844542284e-05
3674,4.262740538022843e-05,3.8749646857491444e-05,3.545188648173795e-05,3.6185926401045096e-05
3675,4.261368701421236e-05,3.874170392770977e-05,3.544040979160851e-05,3.617423331033541e-05
3676,4.259648681017122e-05,3.872842893977262e-05,3.543086590924714e-05,3.616098413068611e-05
3677,4.258557660421857e-05,3.8715734322554956e-05,3.541779433587749e-05,3.614866997662521e-05
3678,4.2573202930845116e-05,3.870464068182979e-05,3.540654696393849e-05,3.613972875414491e-05
3679,4.255932319247399e-05,3.86920098761509e-05,3.539254877258233e-05,3.6125612133107465e-05
3680,4.2543272874791714e-05,3.868056853510328e-05,3.538514791622943e-05,3.611389432319631e-05
3681,4.25314509536891e-05,3.8665197430484365e-05,3.5368528675260556e-05,3.6099864291202675e-05
3682,4.251669565619755e-05,3.8654999325639817e-05,3.53562612153571e-05,3.6086844377648943e-05
3683,4.250292258254054e-05,3.86434059588855e-05,3.5346803482238395e-05,3.6076192762748646e-05
3684,4.2491102753517606e-05,3.862622355460971e-05,3.533883246846235e-05,3.6063093757854674e-05
3685,4.2477106451700204e-05,3.8616638106997754e-05,3.532554150357435e-05,3.605216798015217e-05
3686,4.2464412778573e-05,3.860497592048703e-05,3.531117887042253e-05,3.604036169619682e-05
3687,4.244926041594925e-05,3.8589515300512255e-05,3.52991915260943e-05,3.6030909997482315e-05
3688,4.243740097839709e-05,3.8584513147014764e-05,3.5288312394969165e-05,3.601879086324372e-05
3689,4.2423226735929874e-05,3.8570491959835525e-05,3.52786128563426e-05,3.600405965413066e-05
3690,4.240896069998817e-05,3.8552098414902854e-05,3.5267557490287684e-05,3.599290327564204e-05
3691,4.2396679008257415e-05,3.8541302636491926e-05,3.5256257173747293e-05,3.598017928511192e-05
3692,4.238072481670453e-05,3.852643234934591e-05,3.5244084311970434e-05,3.596716614900926e-05
3693,4.236966816198844e-05,3.851755843995542e-05,3.523303759501165e-05,3.595658545432863e-05
3694,4.235638252573463e-05,3.850522644891944e-05,3.521947508272419e-05,3.5948182545406974e-05
3695,4.234352784797517e-05,3.849165073824887e-05,3.521061438664875e-05,3.5934568691735296e-05
3696,4.232944696254245e-05,3.848019381991125e-05,3.519754882113453e-05,3.592361501363936e-05
3697,4.231902431368178e-05,3.846751215577375e-05,3.518662438345175e-05,3.5908977307951576e-05
3698,4.230211353511339e-05,3.8454932386134624e-05,3.517587785805038e-05,3.5897590969161775e-05
3699,4.229054668888351e-05,3.844509450302073e-05,3.5164056857962224e-05,3.5887183172898694e-05
3700,4.22745295386163e-05,3.843211585673665e-05,3.5154270342975026e-05,3.587213096329335e-05
3701,4.2263570081123094e-05,3.8419215190348274e-05,3.513965236251603e-05,3.58618411555739e-05
3702,4.2249150863216154e-05,3.840582724212978e-05,3.5129280465787187e-05,3.58512505024304e-05
3703,4.223596922986915e-05,3.8395110572525603e-05,3.5117110079683795e-05,3.583950650929408e-05
3704,4.222324587833692e-05,3.83813534692303e-05,3.510488078906672e-05,3.582688574365324e-05
3705,4.2210360408652444e-05,3.837021401693518e-05,3.509452439442471e-05,3.581503649570961e-05
3706,4.21967392405207e-05,3.835832636414048e-05,3.508249823402966e-05,3.5804205651131274e-05
3707,4.218399615673844e-05,3.8343665358684e-05,3.507015570439123e-05,3.579273841526663e-05
3708,4.217116223883148e-05,3.833343272465069e-05,3.50600285600342e-05,3.577878075406322e-05
3709,4.215519128807695e-05,3.8320094331819976e-05,3.5049179470795466e-05,3.577004655240824e-05
3710,4.2143370091241615e-05,3.831056541725171e-05,3.5038078506362224e-05,3.5756024706906925e-05
3711,4.2129023873869606e-05,3.829772159244231e-05,3.502977055604316e-05,3.574551122687624e-05
3712,4.2116919128875604e-05,3.828585945074607e-05,3.501727237155605e-05,3.5732722045789034e-05
3713,4.210355612461554e-05,3.8271405656919026e-05,3.500666135071578e-05,3.572164390903416e-05
3714,4.209090135550482e-05,3.826355319570263e-05,3.499178400853342e-05,3.5711395818909994e-05
3715,4.2079819727182334e-05,3.8249907588344586e-05,3.498339362075255e-05,3.569852398199963e-05
3716,4.2065384464332384e-05,3.823482142678025e-05,3.497236900436627e-05,3.568753808081279e-05
3717,4.2050979721720234e-05,3.822624194903534e-05,3.495871912000794e-05,3.5673971805935415e-05
3718,4.203633890749913e-05,3.8210576883213835e-05,3.4947244093579126e-05,3.5662649106140384e-05
3719,4.2023388197295924e-05,3.8202720783197137e-05,3.4937553040998374e-05,3.564866154497025e-05
3720,4.2010064886312116e-05,3.819018753175512e-05,3.492612339661391e-05,3.563894606537592e-05
3721,4.1997412770359896e-05,3.817957455490233e-05,3.491620179763956e-05,3.562816750554913e-05
3722,4.198589999902744e-05,3.816575144811799e-05,3.4901588218526496e-05,3.561803142777034e-05
3723,4.19727118310308e-05,3.815510804324705e-05,3.4892109896908065e-05,3.560475435537795e-05
3724,4.195906006991354e-05,3.814185770068556e-05,3.4881033265115706e-05,3.559241182136586e-05
3725,4.194435296732265e-05,3.812866215324161e-05,3.486854744892706e-05,3.5581099082736994e-05
3726,4.193286111712364e-05,3.811911777811935e-05,3.485776308108033e-05,3.5570028569607644e-05
3727,4.1920375718818096e-05,3.810566469677943e-05,3.484635582304619e-05,3.555709870859029e-05
3728,4.1907907770873164e-05,3.80945372015971e-05,3.483784072969428e-05,3.554618273522025e-05
3729,4.189567479922647e-05,3.807911592796268e-05,3.482650218181939e-05,3.55352172211341e-05
3730,4.188159881292199e-05,3.806842090181286e-05,3.4811943266039864e-05,3.5523450123699366e-05
3731,4.186756033789061e-05,3.805488392219573e-05,3.480025410129039e-05,3.551282410091693e-05
3732,4.185671856659913e-05,3.80464749533721e-05,3.479176634981014e-05,3.549911854449919e-05
3733,4.184111978557366e-05,3.80337097713927e-05,3.478020552217954e-05,3.5490486967504075e-05
3734,4.1830164924465135e-05,3.802175430018824e-05,3.476944827176784e-05,3.547431315490376e-05
3735,4.181515899635442e-05,3.8012176113942055e-05,3.475901002337713e-05,3.546804321535665e-05
3736,4.180348918558536e-05,3.799887771879938e-05,3.47458195593007e-05,3.54538838965839e-05
3737,4.17921376744865e-05,3.798829470057287e-05,3.4736411588678146e-05,3.544322336656938e-05
3738,4.177833820735641e-05,3.797422716792915e-05,3.472419392486403e-05,3.543353016707015e-05
3739,4.176371557197927e-05,3.796363644119887e-05,3.471347632503522e-05,3.5422428873185664e-05
3740,4.1751758216616114e-05,3.795235612379814e-05,3.4703726976315385e-05,3.540944687013515e-05
3741,4.173854504832902e-05,3.7939006181951554e-05,3.468859138560458e-05,3.539735093349657e-05
3742,4.172565197206981e-05,3.792544422911985e-05,3.467901301690322e-05,3.5385941625080996e-05
3743,4.171365626516653e-05,3.791445766024127e-05,3.4668870276397524e-05,3.5375658519824905e-05
3744,4.169911406330234e-05,3.790092920701957e-05,3.465529773871146e-05,3.536375172273854e-05
3745,4.168670342201058e-05,3.788874627492939e-05,3.46440572925243e-05,3.53501578233105e-05
3746,4.167533999749858e-05,3.78800319427362e-05,3.4636608417479644e-05,3.534240414736105e-05
3747,4.166173968662216e-05,3.7868893952569045e-05,3.4624716265248555e-05,3.532971641395163e-05
3748,4.164877832569276e-05,3.7854832609858446e-05,3.461160496829921e-05,3.531635931456671e-05
3749,4.163568397523799e-05,3.784611330005491e-05,3.4603653586509994e-05,3.530539690127851e-05
3750,4.162347065919265e-05,3.783152751286393e-05,3.459228400220877e-05,3.529349321252131e-05
3751,4.1609509651556954e-05,3.781998775990228e-05,3.457903778038269e-05,3.5281886681128826e-05
3752,4.15980717580647e-05,3.780959874287722e-05,3.4569181266307845e-05,3.527287470227058e-05
3753,4.1584583783195945e-05,3.779586150904588e-05,3.455898225636079e-05,3.5260535699233004e-05
3754,4.1571687272305085e-05,3.7784947212172754e-05,3.4546434111357116e-05,3.524688471015207e-05
3755,4.155951125792507e-05,3.777563908598114e-05,3.4535770779129975e-05,3.523807722343272e-05
3756,4.15455499669913e-05,3.776211279143573e-05,3.452562278832176e-05,3.522586379933057e-05
3757,4.153316181336248e-05,3.774962425675067e-05,3.45151948283155e-05,3.521483989904367e-05
3758,4.152018859887217e-05,3.7738435822778023e-05,3.450263733269471e-05,3.5206601381104354e-05
3759,4.150935971572808e-05,3.772736138430619e-05,3.4494824344166115e-05,3.5193821020923766e-05
3760,4.1495498943722894e-05,3.7717235070952095e-05,3.4481835878067165e-05,3.518094317490628e-05
3761,4.148371443414265e-05,3.770345632611842e-05,3.447050532718554e-05,3.517171187632135e-05
3762,4.147124490748734e-05,3.7691522216411514e-05,3.4459864219022845e-05,3.5159808660345575e-05
3763,4.1458005769880615e-05,3.76785440062095e-05,3.444813653594697e-05,3.5147556861806843e-05
3764,4.1446074808248825e-05,3.7668076575025827e-05,3.443643757514967e-05,3.513668548645046e-05
3765,4.143345745299008e-05,3.765590122886967e-05,3.442635801060127e-05,3.5125075367098745e-05
3766,4.141977608579237e-05,3.764772638207817e-05,3.4417465785308956e-05,3.511396219579547e-05
3767,4.140792431514165e-05,3.7634483548678094e-05,3.4405924110323244e-05,3.51010939924179e-05
3768,4.139564440625218e-05,3.762372794575782e-05,3.439528530608522e-05,3.509118870240751e-05
3769,4.1381886918469964e-05,3.761024244233738e-05,3.4383432904376726e-05,3.50810275125837e-05
3770,4.136860561832665e-05,3.759730924968836e-05,3.437329860720787e-05,3.5068215063641494e-05
3771,4.1356103010766416e-05,3.758684243828887e-05,3.4361303350767085e-05,3.5059049888288736e-05
3772,4.1342842590803056e-05,3.757689659087883e-05,3.435025827796109e-05,3.5048765749161244e-05
3773,4.133283923570262e-05,3.756326434291264e-05,3.4340408479869e-05,3.5035675885490377e-05
3774,4.1317432362170986e-05,3.755072413494846e-05,3.4328734685956116e-05,3.502431398501774e-05
3775,4.1305590683247925e-05,3.754116201919697e-05,3.4317553623210206e-05,3.501065067216693e-05
3776,4.129487691149692e-05,3.7530889819029205e-05,3.4308444836061755e-05,3.5002814399630295e-05
3777,4.1280387526837874e-05,3.751746744967508e-05,3.429920749797113e-05,3.499011697111429e-05
3778,4.1269635694000986e-05,3.750751641469348e-05,3.4284765988382294e-05,3.4980325512677956e-05
3779,4.125613813947683e-05,3.74931807644085e-05,3.42758059529614e-05,3.4968806989693556e-05
3780,4.1242778510369644e-05,3.748438620792488e-05,3.42652932097508e-05,3.495678021289699e-05
3781,4.1231788688843894e-05,3.747439240045131e-05,3.4254125107165575e-05,3.494571253924003e-05
3782,4.1217333933379885e-05,3.745915655608668e-05,3.4242798088024326e-05,3.493416646610515e-05
3783,4.120751900882511e-05,3.744911363390186e-05,3.423308117389596e-05,3.492645353333264e-05
3784,4.1191488134006766e-05,3.74374543300753e-05,3.422290385998137e-05,3.491244009581909e-05
3785,4.118015419618304e-05,3.742589110225219e-05,3.42100600445036e-05,3.490258256021081e-05
3786,4.1169231354634884e-05,3.741533567457596e-05,3.419884439862033e-05,3.489061381661468e-05
3787,4.115577815516161e-05,3.740439469314282e-05,3.4188172231702965e-05,3.487886247091786e-05
3788,4.1142628866798486e-05,3.7390154097803006e-05,3.4177070614283316e-05,3.486935568612546e-05
3789,4.113112304261617e-05,3.7378489990219847e-05,3.416792327584623e-05,3.4858111222851984e-05
3790,4.111801174605176e-05,3.7368001192251164e-05,3.4157844859223886e-05,3.484668195543341e-05
3791,4.1104052799935395e-05,3.735602144665227e-05,3.414706662284203e-05,3.483466280598683e-05
3792,4.109201464457368e-05,3.7345407588328095e-05,3.41339761811944e-05,3.482397523139438e-05
3793,4.1081353410221533e-05,3.733528304277851e-05,3.4126169331399554e-05,3.481372890437389e-05
3794,4.106926766516519e-05,3.7322821558323074e-05,3.411310561271483e-05,3.480374856191835e-05
3795,4.105669483801177e-05,3.7312367487205886e-05,3.410474150465353e-05,3.479201107620822e-05
3796,4.104548568418313e-05,3.730020926529268e-05,3.4091762996819286e-05,3.47799364670636e-05
3797,4.103195188443193e-05,3.728949879396761e-05,3.40818076157605e-05,3.476873015755268e-05
3798,4.1018804314756046e-05,3.727712592261322e-05,3.4071542038435796e-05,3.475591628677757e-05
3799,4.1007274411955055e-05,3.726408739735103e-05,3.4061691279802374e-05,3.474735806364963e-05
3800,4.099381478362713e-05,3.725448740594196e-05,3.405057591934312e-05,3.4735997361153645e-05
3801,4.098152312898085e-05,3.724292787373245e-05,3.403993825467707e-05,3.4725097322921434e-05
3802,4.096897052299677e-05,3.723128748372272e-05,3.40293573616756e-05,3.471395719192881e-05
3803,4.095724933268593e-05,3.7219974019193755e-05,3.4017836573672806e-05,3.470176920177173e-05
3804,4.0944780604844435e-05,3.7209679947276945e-05,3.40078182268444e-05,3.469430172779089e-05
3805,4.093184991751876e-05,3.71988900083298e-05,3.39986272119223e-05,3.4680684794840814e-05
3806,4.091892895933235e-05,3.718761148806351e-05,3.3985635870432745e-05,3.466810069961734e-05
3807,4.0908479326585885e-05,3.717504943450615e-05,3.3976778401158025e-05,3.4661709051032365e-05
3808,4.089621834447871e-05,3.716361171605068e-05,3.3967252931151116e-05,3.464837728528287e-05
3809,4.0882842506117354e-05,3.715200561026036e-05,3.395539190181534e-05,3.463502710535893e-05
3810,4.087288224413037e-05,3.7141186318069164e-05,3.394409771523499e-05,3.462862780554425e-05
3811,4.085730950393081e-05,3.712974945075892e-05,3.3931984667139876e-05,3.461841160531308e-05
3812,4.0848221465671606e-05,3.711898583435359e-05,3.392332928943773e-05,3.4606080426445066e-05
3813,4.0832201835552853e-05,3.7108592928707575e-05,3.3912360096916115e-05,3.4595008117137364e-05
3814,4.0820937408379055e-05,3.709550248856299e-05,3.390369076840983e-05,3.458306649689252e-05
3815,4.080941644333673e-05,3.708531905456373e-05,3.3892485562128117e-05,3.4575224340283147e-05
3816,4.0798504964582516e-05,3.707534846352958e-05,3.388114585875299e-05,3.456236741181371e-05
3817,4.078547871728967e-05,3.706346180912337e-05,3.3870091844639464e-05,3.4548885202835507e-05
3818,4.077339146176121e-05,3.705145443491104e-05,3.386256081076885e-05,3.4537615595187826e-05
3819,4.0761414595805995e-05,3.703835603635331e-05,3.385121940758985e-05,3.4528516193623374e-05
3820,4.074951902323676e-05,3.70279822104806e-05,3.3840437513305574e-05,3.451888457501252e-05
3821,4.0737504334837754e-05,3.701695825856564e-05,3.382941588183176e-05,3.45082788547259e-05
3822,4.072546439687061e-05,3.7008710191709825e-05,3.381800552066172e-05,3.449678127966965e-05
3823,4.071335004704703e-05,3.699637051701713e-05,3.380791222437151e-05,3.448815855129697e-05
3824,4.0700414259443636e-05,3.6984798842446216e-05,3.37994335988743e-05,3.447618981220634e-05
3825,4.068851761684069e-05,3.697313778410218e-05,3.3787263128003144e-05,3.446495936648323e-05
3826,4.067598188565733e-05,3.69624923690874e-05,3.377771718183862e-05,3.445437924587497e-05
3827,4.066327355316967e-05,3.69539974540449e-05,3.376782728818914e-05,3.444400355826445e-05
3828,4.065204243817255e-05,3.694022822270284e-05,3.3755339297779744e-05,3.4433190853820155e-05
3829,4.0639369937179626e-05,3.69294773706951e-05,3.374738768276898e-05,3.442202542882229e-05
3830,4.062718177233581e-05,3.691803191340029e-05,3.373597882756777e-05,3.441092529065851e-05
3831,4.061451013965869e-05,3.690876937396725e-05,3.3725178316712124e-05,3.440031441875058e-05
3832,4.0604262563416606e-05,3.6893978247032235e-05,3.371528568144521e-05,3.4389741836489236e-05
3833,4.059065999076357e-05,3.688515956388791e-05,3.3706337396555666e-05,3.4380098713631303e-05
3834,4.0580297337980444e-05,3.6873758422917734e-05,3.3693729002096344e-05,3.436982118445535e-05
3835,4.056923292654208e-05,3.6861664923694214e-05,3.368326100810268e-05,3.43602316355291e-05
3836,4.055595229604455e-05,3.6852287864874914e-05,3.367426955371155e-05,3.434743497926629e-05
3837,4.054300999703518e-05,3.684082136693195e-05,3.366284409756697e-05,3.433443818404497e-05
3838,4.053297537819242e-05,3.68293104795568e-05,3.3654324169802594e-05,3.43263907244283e-05
3839,4.051905108200125e-05,3.6819360085783756e-05,3.3643963415085525e-05,3.431427426225075e-05
3840,4.050671391804265e-05,3.680971537984201e-05,3.363335187118658e-05,3.4302585970645525e-05
3841,4.049450965103902e-05,3.6795650444603177e-05,3.3623305762739326e-05,3.429484969225067e-05
3842,4.048346654213812e-05,3.678594893864644e-05,3.3612205682248254e-05,3.428183858514662e-05
3843,4.047067070130259e-05,3.6772210413379475e-05,3.360109086749772e-05,3.427178626345534e-05
3844,4.046026613257964e-05,3.6763793318361754e-05,3.359190828031399e-05,3.4261836584740857e-05
3845,4.0446196412115676e-05,3.675309129962951e-05,3.358189626119573e-05,3.4252144538493435e-05
3846,4.043514557288763e-05,3.674102407251787e-05,3.3571537745755044e-05,3.4240216989437585e-05
3847,4.042306164711735e-05,3.673030191497493e-05,3.3560084687350445e-05,3.4229234194993734e-05
3848,4.0412357911861944e-05,3.671988825674098e-05,3.354884540802256e-05,3.422067876379863e-05
3849,4.039938572787568e-05,3.670976916528398e-05,3.3540653292863986e-05,3.421031554851071e-05
3850,4.038827855167454e-05,3.669618871350895e-05,3.353028285472558e-05,3.419715071816033e-05
3851,4.03764545457957e-05,3.6686544911005214e-05,3.3519596557097445e-05,3.418782447605114e-05
3852,4.036388083635981e-05,3.667498507595727e-05,3.351094624661794e-05,3.4176992730375e-05
3853,4.035305540859193e-05,3.666663954212398e-05,3.349957482948551e-05,3.41651229089421e-05
3854,4.034027786118495e-05,3.6653504093528065e-05,3.3489480848546856e-05,3.415514392104537e-05
3855,4.032815960051245e-05,3.664278132266439e-05,3.348004382506575e-05,3.4146875622662276e-05
3856,4.031646661604913e-05,3.663214252793279e-05,3.347142004560734e-05,3.413641754451918e-05
3857,4.0305275644127336e-05,3.661983764283966e-05,3.3458679632964196e-05,3.412460555139169e-05
3858,4.029289347127007e-05,3.661146659155986e-05,3.34502967108262e-05,3.411405918754359e-05
3859,4.0280072197435124e-05,3.6599962260682776e-05,3.3436083765594094e-05,3.410460915748524e-05
3860,4.026895538123855e-05,3.658739105018435e-05,3.342970702789608e-05,3.4092619596350455e-05
3861,4.0257597648763836e-05,3.6577578840802254e-05,3.341757427239488e-05,3.4083157419009345e-05
3862,4.024518705897329e-05,3.656641297928187e-05,3.3405810448523683e-05,3.407104908312279e-05
3863,4.023338322044535e-05,3.6556354191087335e-05,3.339785356849213e-05,3.405997034880555e-05
3864,4.022136899799865e-05,3.6546268611584695e-05,3.3388665112328134e-05,3.405132631754202e-05
3865,4.0209951353394555e-05,3.653346019453138e-05,3.3378153329027275e-05,3.404013494734342e-05
3866,4.0199145157295864e-05,3.652338364929489e-05,3.336645961466852e-05,3.402900859262947e-05
3867,4.018605525162837e-05,3.651328835331966e-05,3.33576423994304e-05,3.402045339336572e-05
3868,4.017510495907395e-05,3.650248798557266e-05,3.3349190519965264e-05,3.4007525655584884e-05
3869,4.016344856782552e-05,3.6490752217682e-05,3.333587560960829e-05,3.3998648226602016e-05
3870,4.0151510319189124e-05,3.6480399726907786e-05,3.3326322462263386e-05,3.3989489665187734e-05
3871,4.014033504885445e-05,3.6470342561865696e-05,3.331826639700808e-05,3.397897761120918e-05
3872,4.012784700556099e-05,3.645878106610576e-05,3.330708930111783e-05,3.396763923169621e-05
3873,4.01161116171655e-05,3.644770841600866e-05,3.329755679535337e-05,3.395719318776153e-05
3874,4.010392864412362e-05,3.643781845610723e-05,3.328610332759626e-05,3.394894867789154e-05
3875,4.009368153893493e-05,3.642606538207933e-05,3.3277317295427495e-05,3.393618974723887e-05
3876,4.008112761840479e-05,3.641496316288546e-05,3.326731265300411e-05,3.3925719141855574e-05
3877,4.006909317787053e-05,3.6404605582036136e-05,3.3255910836186957e-05,3.391611365644512e-05
3878,4.0056994337931204e-05,3.6395510912102826e-05,3.324998044598941e-05,3.3905878012728184e-05
3879,4.004638688611634e-05,3.6383661461985934e-05,3.323716423224392e-05,3.3894711514964525e-05
3880,4.0034003589955945e-05,3.6372820536520955e-05,3.3227458858455076e-05,3.3883372089891505e-05
3881,4.002212368721325e-05,3.6362864755391143e-05,3.321681084014939e-05,3.387479440063955e-05
3882,4.001120700514102e-05,3.635239753984775e-05,3.320572071437245e-05,3.386413602826921e-05
3883,3.9998201452045176e-05,3.6342300735983336e-05,3.31956661637974e-05,3.385387218759892e-05
3884,3.998680315067925e-05,3.633142122477856e-05,3.3186338624379165e-05,3.384265531364433e-05
3885,3.997603335477102e-05,3.632163048055914e-05,3.3177619568823266e-05,3.3832953662631257e-05
3886,3.996463292203804e-05,3.631042302727111e-05,3.31665175206035e-05,3.382273897926276e-05
3887,3.995272287081059e-05,3.629969469350139e-05,3.3156475129188935e-05,3.3814267057934535e-05
3888,3.994112669500418e-05,3.628820624176227e-05,3.3147664833246676e-05,3.380244445487597e-05
3889,3.9929161144255664e-05,3.6278272711285934e-05,3.313680701934735e-05,3.3792942063410514e-05
3890,3.991854779730691e-05,3.626754853339874e-05,3.312849297364968e-05,3.378244112931823e-05
3891,3.990538918463012e-05,3.625544680270752e-05,3.31172711656516e-05,3.3771583198222014e-05
3892,3.989503547919669e-05,3.624596187041175e-05,3.310797249672574e-05,3.3761574396401e-05
3893,3.988316702241444e-05,3.623362194561446e-05,3.3096745597599634e-05,3.374983439644349e-05
3894,3.987231866314193e-05,3.622323887441498e-05,3.308834717094542e-05,3.3742210351304466e-05
3895,3.986024339522026e-05,3.621388881863014e-05,3.307779356860982e-05,3.3730590729005585e-05
3896,3.984936435296145e-05,3.620146484475911e-05,3.3067233040686344e-05,3.372030991868897e-05
3897,3.9836449914040136e-05,3.619305476953937e-05,3.305743469324426e-05,3.371191294123986e-05
3898,3.982593948149578e-05,3.618147516481755e-05,3.304666887213597e-05,3.3698923045742184e-05
3899,3.9814069730393655e-05,3.617267766115901e-05,3.3038682805775914e-05,3.369023542180322e-05
3900,3.9802378860660295e-05,3.616122846391874e-05,3.302788129449007e-05,3.367996395489186e-05
3901,3.979153531435683e-05,3.6150914507259875e-05,3.301856636535004e-05,3.366941531564855e-05
3902,3.9780015586367295e-05,3.6139420220554094e-05,3.300871450555274e-05,3.365983255487475e-05
3903,3.9767852504504754e-05,3.6129534220695735e-05,3.3000034725017244e-05,3.365002849914813e-05
3904,3.975729371693572e-05,3.611914966488437e-05,3.2988792129456636e-05,3.3640541978889336e-05
3905,3.974596509632263e-05,3.610899041801854e-05,3.297847809087845e-05,3.3628972976102834e-05
3906,3.973403621037887e-05,3.609772897818319e-05,3.296935660402385e-05,3.3618590477707415e-05
3907,3.972156249958096e-05,3.608755434215874e-05,3.2959880524019e-05,3.360932740100155e-05
3908,3.9711337664411236e-05,3.6075702893946426e-05,3.294865160693838e-05,3.359815403940886e-05
3909,3.969942475611932e-05,3.6065690673755846e-05,3.293955825902372e-05,3.358828113851585e-05
3910,3.9688595512443404e-05,3.605623163185605e-05,3.293116314247659e-05,3.357819235375992e-05
3911,3.967689452337395e-05,3.604376051690556e-05,3.291875461911097e-05,3.356774143302177e-05
3912,3.96667689615125e-05,3.6035124357874716e-05,3.291100735846758e-05,3.355961399735965e-05
3913,3.9653795302716615e-05,3.602519705603888e-05,3.290119756486042e-05,3.354888939519432e-05
3914,3.964278788475413e-05,3.601457079036387e-05,3.289081648150675e-05,3.353894706661796e-05
3915,3.963102480838737e-05,3.600219867271382e-05,3.2880824410565026e-05,3.352678519626425e-05
3916,3.9619725916152385e-05,3.5993001957536325e-05,3.28717870289402e-05,3.351892133414212e-05
3917,3.9608333040797554e-05,3.598305526865508e-05,3.286112462788754e-05,3.35086818893642e-05
3918,3.959764639038978e-05,3.597214899255458e-05,3.285240013557744e-05,3.3498670718453444e-05
3919,3.958570355372589e-05,3.5961865740580574e-05,3.284375427119016e-05,3.3487806876051806e-05
3920,3.95752516732002e-05,3.595291251227196e-05,3.283240514782374e-05,3.347873577931503e-05
3921,3.9563915664221746e-05,3.5941032854680457e-05,3.282254035080724e-05,3.34683424832173e-05
3922,3.9552764426331516e-05,3.592959384776586e-05,3.281328178597622e-05,3.3457398151813096e-05
3923,3.954178010054149e-05,3.5919994401017746e-05,3.2802143426813146e-05,3.3446286265384374e-05
3924,3.9528593296618084e-05,3.590959276980775e-05,3.2794575893090226e-05,3.343750525062405e-05
3925,3.951723577511348e-05,3.589960327909008e-05,3.2783569243915827e-05,3.3428025114600414e-05
3926,3.950710435238229e-05,3.588799252510265e-05,3.2775623835587406e-05,3.3417924275315086e-05
3927,3.949640175927894e-05,3.5878597838379554e-05,3.276480202667575e-05,3.3408586171163016e-05
3928,3.9484575304854086e-05,3.5867200644705997e-05,3.275479261428676e-05,3.339789742346179e-05
3929,3.947329237610771e-05,3.58571264441243e-05,3.274687435012493e-05,3.33875195068434e-05
3930,3.946091953453984e-05,3.584606602664239e-05,3.27365604270785e-05,3.337837161900302e-05
3931,3.945167916262351e-05,3.583754992860582e-05,3.272760426714797e-05,3.3366565854215215e-05
3932,3.9439344885091975e-05,3.582803029614372e-05,3.271602536742145e-05,3.335902054220927e-05
3933,3.942801781910371e-05,3.581822104889462e-05,3.270700589972957e-05,3.3347704452762634e-05
3934,3.9416225387378164e-05,3.580634688047257e-05,3.269773132800554e-05,3.3338905531771906e-05
3935,3.940582672566817e-05,3.5796812752529524e-05,3.2687215760719635e-05,3.3328610418513564e-05
3936,3.939480309370742e-05,3.5785122757822825e-05,3.2677409251987034e-05,3.331886167103588e-05
3937,3.938272652589157e-05,3.5775623483085394e-05,3.2668364204156775e-05,3.330890801806699e-05
3938,3.937283059144085e-05,3.576515244570191e-05,3.2658652507210764e-05,3.329841446254905e-05
3939,3.9361708361981016e-05,3.575481005260706e-05,3.2649791532461454e-05,3.328797201198237e-05
3940,3.9350241593110386e-05,3.574488871567903e-05,3.2639457699049414e-05,3.3278420052346797e-05
3941,3.9338837363914876e-05,3.573488328410767e-05,3.262911612544291e-05,3.326792491449677e-05
3942,3.9326819210404945e-05,3.572484425226957e-05,3.262069629282041e-05,3.325723468738629e-05
3943,3.93163931461375e-05,3.571354290321382e-05,3.2611450014951766e-05,3.3248760162638325e-05
3944,3.9304752496224114e-05,3.570437633334876e-05,3.2601992991859984e-05,3.3238890726391146e-05
3945,3.9293678300438994e-05,3.569444635841177e-05,3.2591928235068935e-05,3.323071729638293e-05
3946,3.928267415966029e-05,3.568431934949114e-05,3.258273473251306e-05,3.321898859266553e-05
3947,3.927157872916179e-05,3.5673578607480934e-05,3.257258758880934e-05,3.3211010088072824e-05
3948,3.926046130013574e-05,3.566129896143987e-05,3.2564766308857985e-05,3.319942011965749e-05
3949,3.9250039925130515e-05,3.565252876496425e-05,3.255374035935502e-05,3.319074206157075e-05
3950,3.923812223200251e-05,3.564281520436021e-05,3.254339717634553e-05,3.3180029736901395e-05
3951,3.922702135027634e-05,3.563228884108679e-05,3.253651036767761e-05,3.317040236418316e-05
3952,3.9216034830432604e-05,3.562218003945534e-05,3.252518625565223e-05,3.316015694129033e-05
3953,3.920584531639659e-05,3.561268551919151e-05,3.251613141868224e-05,3.315000370825966e-05
3954,3.919453091739643e-05,3.5602244596911175e-05,3.25059192834402e-05,3.314085929286314e-05
3955,3.918259176106501e-05,3.559101317136271e-05,3.2496950899085006e-05,3.313003072809561e-05
3956,3.917195906869613e-05,3.558073339180131e-05,3.248702526294185e-05,3.31209693193815e-05
3957,3.916090903670119e-05,3.557195742314808e-05,3.247773133068035e-05,3.311234441863951e-05
3958,3.9150696170409267e-05,3.556252793386397e-05,3.246727275651784e-05,3.310169703755247e-05
3959,3.9138848237519094e-05,3.555144834463742e-05,3.245966909130065e-05,3.3093294227369556e-05
3960,3.9127316962851134e-05,3.554232838670014e-05,3.244918868595137e-05,3.308281511455302e-05
3961,3.911663353360286e-05,3.553096987909061e-05,3.243957599131391e-05,3.30731481279743e-05
3962,3.9105399859924806e-05,3.5521719953687054e-05,3.24306076044484e-05,3.30629693270529e-05
3963,3.909399769972282e-05,3.5510206291075006e-05,3.242167683247069e-05,3.305290923391548e-05
3964,3.908381920256777e-05,3.550122386122863e-05,3.241135590388592e-05,3.304390210978033e-05
3965,3.9073665089350696e-05,3.549018649354527e-05,3.2401547750585154e-05,3.3033603146312477e-05
3966,3.9061558024735934e-05,3.548081765485582e-05,3.2393222445175716e-05,3.3024202151643e-05
3967,3.9050746680878254e-05,3.5470879478175884e-05,3.238455557075322e-05,3.301475354014394e-05
3968,3.904087904624384e-05,3.546177933343748e-05,3.2373583840270024e-05,3.300562261044135e-05
3969,3.902971008809323e-05,3.5450605734643184e-05,3.23653805115644e-05,3.299483699193409e-05
3970,3.901757333280877e-05,3.5440942108395826e-05,3.235566410467224e-05,3.298574689716315e-05
3971,3.900807490257883e-05,3.543051827383985e-05,3.234588245485964e-05,3.297508158896269e-05
3972,3.899545785709511e-05,3.541984858080584e-05,3.233701985130458e-05,3.296534539892454e-05
3973,3.8985767558916843e-05,3.5409611564544075e-05,3.232837261714573e-05,3.295516922540016e-05
3974,3.897430253656378e-05,3.53997923571725e-05,3.231803935390409e-05,3.2946542139709264e-05
3975,3.8963405348687077e-05,3.538919239418502e-05,3.230926064593696e-05,3.29365223875221e-05
3976,3.8952167022767906e-05,3.538018869967721e-05,3.230020740960084e-05,3.2927414368390286e-05
3977,3.8941912315259016e-05,3.537065909885866e-05,3.228914093848534e-05,3.2917940684137806e-05
3978,3.893075080943846e-05,3.5360815500652074e-05,3.2280912485386576e-05,3.290792915112219e-05
3979,3.892057678234524e-05,3.535053686169858e-05,3.227127082967348e-05,3.289820626370265e-05
3980,3.890916360158318e-05,3.533980420816442e-05,3.226263650184375e-05,3.2889767244060476e-05
3981,3.8898499034994425e-05,3.532980555677985e-05,3.225320890756498e-05,3.287892412436249e-05
3982,3.888694146656538e-05,3.5320061232235205e-05,3.2243168198074524e-05,3.28693309260615e-05
3983,3.8876476757871515e-05,3.531135244596056e-05,3.223474078401208e-05,3.285985838325013e-05
3984,3.8866205440734306e-05,3.5300624958473085e-05,3.2225232427615746e-05,3.2850034069907146e-05
3985,3.885535797409125e-05,3.529128198561207e-05,3.2216465494918976e-05,3.2840987960677234e-05
3986,3.8843450308230985e-05,3.528076675986248e-05,3.2206689581157526e-05,3.283262810350001e-05
3987,3.883373922424881e-05,3.527110036067042e-05,3.2197630571537765e-05,3.2821755380364856e-05
3988,3.882237909471619e-05,3.5261988528120085e-05,3.21888090682288e-05,3.281159661889215e-05
3989,3.881113364731755e-05,3.525169701039979e-05,3.217811214890308e-05,3.28035857109966e-05
3990,3.880092361876211e-05,3.5240910876942505e-05,3.2168393516363315e-05,3.2792590756042575e-05
3991,3.879102439470048e-05,3.523225381876874e-05,3.215987251575368e-05,3.2783116101612856e-05
3992,3.8778525348862733e-05,3.5220435710213784e-05,3.2151310456743556e-05,3.2774303812903744e-05
3993,3.8769430303828425e-05,3.5211572681733726e-05,3.214202520733061e-05,3.2763102376027216e-05
3994,3.875772395746047e-05,3.520242416288408e-05,3.213246782041612e-05,3.275427460835027e-05
3995,3.8747294262570515e-05,3.519158575893186e-05,3.212325834565428e-05,3.27448596441077e-05
3996,3.873668453882417e-05,3.518185824771443e-05,3.211513396666539e-05,3.273593244976168e-05
3997,3.8724975974922967e-05,3.517218745023889e-05,3.210520473054301e-05,3.27263197263124e-05
3998,3.871521942656148e-05,3.5162098307164445e-05,3.209614721565838e-05,3.271787152675047e-05
3999,3.8704834436982606e-05,3.515185671766342e-05,3.208674064945401e-05,3.2707711272942925e-05
4000,3.869292123573288e-05,3.514213406204118e-05,3.207699253593031e-05,3.2697414155440556e-05
4001,3.8683299400315936e-05,3.513333046768602e-05,3.2069829547025724e-05,3.2689209544302156e-05
4002,3.86724990152564e-05,3.5122876392116796e-05,3.2058943245197854e-05,3.2679160721066274e-05
4003,3.866180813153795e-05,3.511362046329267e-05,3.204970185623322e-05,3.266869019340173e-05
4004,3.865013795995639e-05,3.5102991449148796e-05,3.2040875126493486e-05,3.2660261454085936e-05
4005,3.8640185352375954e-05,3.509346888596709e-05,3.203215309243694e-05,3.265086105455731e-05
4006,3.862968703828203e-05,3.5083826698313134e-05,3.2022674244926105e-05,3.264033254252489e-05
4007,3.8619190730616865e-05,3.507445789107739e-05,3.201380083122883e-05,3.2632439457480295e-05
4008,3.8608166127004426e-05,3.506428430258993e-05,3.20051706391775e-05,3.2623325915681185e-05
4009,3.859702178359082e-05,3.505422584229632e-05,3.1995113505547336e-05,3.2614600996590185e-05
4010,3.85867284930495e-05,3.504434185873149e-05,3.198698046678543e-05,3.260367639991359e-05
4011,3.857621610244358e-05,3.503364741665314e-05,3.1977591079284214e-05,3.2594290440346415e-05
4012,3.856583404288061e-05,3.502499092567533e-05,3.1967804926295465e-05,3.258527666675797e-05
4013,3.855493742571013e-05,3.501613500333979e-05,3.195910134729995e-05,3.257603433303333e-05
4014,3.854435187918069e-05,3.500630957785784e-05,3.194980851331571e-05,3.256624395108612e-05
4015,3.853378440841384e-05,3.499605496483036e-05,3.1941606580897664e-05,3.2555703815049755e-05
4016,3.852319703576604e-05,3.498552490460691e-05,3.19314468640931e-05,3.254633514197055e-05
4017,3.851259335020064e-05,3.4976706228745825e-05,3.192288430386184e-05,3.25383315338836e-05
4018,3.850220405046079e-05,3.496760295004979e-05,3.1913670587926745e-05,3.252828364831723e-05
4019,3.849181927338596e-05,3.495682331162296e-05,3.190454913173274e-05,3.251866516782436e-05
4020,3.848109766055747e-05,3.4947367720992906e-05,3.189604585991444e-05,3.2509663611453756e-05
4021,3.847018249381656e-05,3.493755311158743e-05,3.1887282969310095e-05,3.25001598091399e-05
4022,3.845887957532649e-05,3.492856794507416e-05,3.1878289123464857e-05,3.2491024741679135e-05
4023,3.844960836814307e-05,3.491841217933923e-05,3.1867708570379845e-05,3.248172030496966e-05
4024,3.8438501587419826e-05,3.490862253809316e-05,3.1859455866342214e-05,3.247214984279525e-05
4025,3.842788795674985e-05,3.489941838625398e-05,3.185136522464144e-05,3.246331860593191e-05
4026,3.8417533749231365e-05,3.4889140704692605e-05,3.1841786528529856e-05,3.245488063627915e-05
4027,3.840722443437142e-05,3.4880155526004915e-05,3.1832054313700526e-05,3.244446342606585e-05
4028,3.839667557713578e-05,3.4870887070462275e-05,3.182378356678359e-05,3.243464422664022e-05
4029,3.838580402500299e-05,3.4859805879845135e-05,3.181496493881194e-05,3.2426607489482246e-05
4030,3.837604162013936e-05,3.4851953424935514e-05,3.180495004099057e-05,3.241718607824717e-05
4031,3.8364700158901994e-05,3.484112376788304e-05,3.1796798054181365e-05,3.240713345458417e-05
4032,3.835427941564139e-05,3.4832131400130754e-05,3.178756068917612e-05,3.239850670237271e-05
4033,3.834373941522471e-05,3.482222681178701e-05,3.177808826685939e-05,3.2389616126374784e-05
4034,3.833414738147413e-05,3.4812003648757144e-05,3.177001135218677e-05,3.237934528760365e-05
4035,3.832377920017408e-05,3.480273320022857e-05,3.176151523247232e-05,3.237082666453856e-05
4036,3.831299300216347e-05,3.4792776023360414e-05,3.1751786732333185e-05,3.236105104377732e-05
4037,3.8301550380677385e-05,3.478376393471711e-05,3.1742512885989527e-05,3.2352521998199824e-05
4038,3.829290789955435e-05,3.477422813509677e-05,3.173397395479541e-05,3.234335104678774e-05
4039,3.828159418460589e-05,3.476368006930826e-05,3.1724219162813795e-05,3.2333917102088055e-05
4040,3.827106752936604e-05,3.47552838550536e-05,3.171580500606298e-05,3.232449156396474e-05
4041,3.826031559231116e-05,3.4745577442849396e-05,3.170592286883655e-05,3.231469637578435e-05
4042,3.825001173716082e-05,3.4736385161882796e-05,3.169824177040774e-05,3.230707261760597e-05
4043,3.8239271296417925e-05,3.472630492476376e-05,3.1689495142164785e-05,3.229717093181708e-05
4044,3.822960468179116e-05,3.471688564463248e-05,3.168072245370004e-05,3.2287092784017324e-05
4045,3.822023554627768e-05,3.470722832893649e-05,3.167136624082818e-05,3.227796065287188e-05
4046,3.820888288901863e-05,3.469803525459723e-05,3.166255339136864e-05,3.2269406718185436e-05
4047,3.819890086166202e-05,3.4688311922496225e-05,3.165388978639957e-05,3.2260887775072124e-05
4048,3.818809827889184e-05,3.4678828698215656e-05,3.1644855391129325e-05,3.225164471509551e-05
4049,3.817834980789349e-05,3.4670015521172596e-05,3.1635537304066654e-05,3.224183000720309e-05
4050,3.816739150856673e-05,3.465985323905792e-05,3.162784022310847e-05,3.223247346945452e-05
4051,3.815661296867623e-05,3.465062563859665e-05,3.1619204569781345e-05,3.2223910196707555e-05
4052,3.814714076698222e-05,3.464129825924896e-05,3.160929363455817e-05,3.221510264743789e-05
4053,3.813651868101318e-05,3.463109241159925e-05,3.160057463207608e-05,3.2204781704782466e-05
4054,3.812674090679598e-05,3.4622040879668196e-05,3.159161524680977e-05,3.21957057884859e-05
4055,3.811552422071039e-05,3.461312727845694e-05,3.1583356507671677e-05,3.2187066529260354e-05
4056,3.810553060699804e-05,3.4602176093405555e-05,3.1574351853484993e-05,3.217784114876257e-05
4057,3.809472524627153e-05,3.459336901866345e-05,3.1565006132722626e-05,3.216842609142261e-05
4058,3.808481465193655e-05,3.4584397644307245e-05,3.155648622372974e-05,3.2159340390582415e-05
4059,3.8073891390742116e-05,3.45746067540453e-05,3.154805163641079e-05,3.2149488199728934e-05
4060,3.806448866838059e-05,3.456468553864751e-05,3.153859763524688e-05,3.213966577853154e-05
4061,3.80544038676197e-05,3.455519790384126e-05,3.153082932455516e-05,3.213303768789786e-05
4062,3.8043452405564645e-05,3.454648025192308e-05,3.152124882334458e-05,3.212361217475276e-05
4063,3.8033645402405334e-05,3.4537996435006776e-05,3.1512277609385653e-05,3.211444377897775e-05
4064,3.802341024520327e-05,3.452637454822199e-05,3.150364131819196e-05,3.2104371946738853e-05
4065,3.8013974115597996e-05,3.451894124097563e-05,3.1494771626995725e-05,3.2096340024624646e-05
4066,3.8002954563529986e-05,3.4508613093920185e-05,3.148632579326745e-05,3.2086922117172615e-05
4067,3.7992794434456626e-05,3.4499613869322565e-05,3.147737818242569e-05,3.2077829996004995e-05
4068,3.7982332704686714e-05,3.449112379130897e-05,3.1468182880447207e-05,3.206980209042716e-05
4069,3.797172309148792e-05,3.44811733568815e-05,3.146020888257887e-05,3.2060171828382314e-05
4070,3.796242865437865e-05,3.447124359966605e-05,3.145217139007838e-05,3.2051969220460795e-05
4071,3.795175050177428e-05,3.446256440416523e-05,3.1442198749195603e-05,3.204191879767091e-05
4072,3.794155492679719e-05,3.445245314239143e-05,3.14340003248849e-05,3.2032265489702076e-05
4073,3.793129544208032e-05,3.4443350534660714e-05,3.142542859903201e-05,3.202388350876684e-05
4074,3.79212233586427e-05,3.443442456406828e-05,3.1414926313690426e-05,3.2014459071749346e-05
4075,3.791115354263274e-05,3.4424616422290986e-05,3.140794500005907e-05,3.2005945281128413e-05
4076,3.790070946281791e-05,3.4415255818147564e-05,3.139956943697529e-05,3.199654510701278e-05
4077,3.789114743948892e-05,3.4406590125774285e-05,3.13900828375385e-05,3.198854023541975e-05
4078,3.788068238295184e-05,3.439625189229037e-05,3.1381732716738245e-05,3.197854655544953e-05
4079,3.787080899198874e-05,3.438793658009354e-05,3.137355578783284e-05,3.1970496244094225e-05
4080,3.7859470957073915e-05,3.437748199252047e-05,3.136476674783355e-05,3.1961860021573475e-05
4081,3.785046614667129e-05,3.436930912633491e-05,3.135668427781543e-05,3.195215618269395e-05
4082,3.783968996057731e-05,3.435972727765458e-05,3.134706262023287e-05,3.194268613444388e-05
4083,3.7830367866862455e-05,3.4349518894179224e-05,3.133861776851536e-05,3.193418655006165e-05
4084,3.7819469177470914e-05,3.434029512018465e-05,3.1330368695352636e-05,3.19247505533419e-05
4085,3.780952579492431e-05,3.433168667553743e-05,3.132101745096263e-05,3.191732329330143e-05
4086,3.779954748536695e-05,3.4321952938272155e-05,3.131146067017006e-05,3.1907015241211435e-05
4087,3.7789584796460755e-05,3.431354007693759e-05,3.130388518373379e-05,3.1898998022585505e-05
4088,3.777925957868726e-05,3.430471396839965e-05,3.129510778125315e-05,3.1889683650622264e-05
4089,3.776980636100311e-05,3.4295624007494185e-05,3.128613603649185e-05,3.188030127700098e-05
4090,3.775907941882972e-05,3.428520385537976e-05,3.1278378215790386e-05,3.187197600701706e-05
4091,3.7749849255185314e-05,3.4276323566316436e-05,3.1269153090608246e-05,3.1863455038861954e-05
4092,3.77397174839323e-05,3.4266851452659714e-05,3.1261118566691754e-05,3.185410282258301e-05
4093,3.7729051904294e-05,3.425781761405314e-05,3.125190033303359e-05,3.184617237023042e-05
4094,3.771936592889923e-05,3.424897693939569e-05,3.124323164573956e-05,3.183604834109738e-05
4095,3.7709672830412696e-05,3.423950125442938e-05,3.123568501337254e-05,3.18267073829717e-05
4096,3.7699260369467014e-05,3.4229841285340234e-05,3.122648628228677e-05,3.181872088993227e-05
4097,3.768930104668654e-05,3.422047365524688e-05,3.121836062509797e-05,3.18106403225303e-05
4098,3.7678900174802734e-05,3.421261485323288e-05,3.120972942348535e-05,3.180104696677164e-05
4099,3.766895921552435e-05,3.420290422710711e-05,3.1201055739015e-05,3.179254309004367e-05
4100,3.7659327529300305e-05,3.419352811606467e-05,3.11919158506697e-05,3.178276574019985e-05
4101,3.7649069981318705e-05,3.418374867451097e-05,3.118345456637648e-05,3.17751520374773e-05
4102,3.7639076500205256e-05,3.417550184798377e-05,3.117501092167932e-05,3.176510581150511e-05
4103,3.762909068220673e-05,3.4165474376789405e-05,3.1165740301622424e-05,3.1756804613344145e-05
4104,3.761921818978144e-05,3.4156914766838134e-05,3.115830192348622e-05,3.17481710263954e-05
4105,3.760980355195176e-05,3.414798438297869e-05,3.1150047950036e-05,3.173958383764281e-05
4106,3.759914635174672e-05,3.413796339186201e-05,3.114151352798845e-05,3.173034320773506e-05
4107,3.758949568946599e-05,3.4129476052238555e-05,3.1132701343329115e-05,3.17220764939513e-05
4108,3.757906102641139e-05,3.4120196288537845e-05,3.112441702013017e-05,3.171268773130898e-05
4109,3.756944642518926e-05,3.411125468525776e-05,3.111537423742073e-05,3.170412323833594e-05
4110,3.75597739936273e-05,3.410232326525574e-05,3.1107739070645564e-05,3.169616868818006e-05
4111,3.75501492209614e-05,3.409319891278528e-05,3.1098912657107304e-05,3.1685440929457956e-05
4112,3.753948348696071e-05,3.408404768121629e-05,3.108966756577485e-05,3.167765342058198e-05
4113,3.752963178498985e-05,3.407480214856747e-05,3.1081502772170735e-05,3.1669076642172986e-05
4114,3.752025546452406e-05,3.406614482059575e-05,3.107359030036142e-05,3.166018640795306e-05
4115,3.750952551416999e-05,3.405554082680589e-05,3.106411159130782e-05,3.1651867160888105e-05
4116,3.750023226556577e-05,3.4047324747089986e-05,3.1056504385751524e-05,3.1643915131110907e-05
4117,3.749034590384012e-05,3.403906582558473e-05,3.104739058928524e-05,3.163428105026287e-05
4118,3.7480146539511645e-05,3.4029973996106644e-05,3.104002919500636e-05,3.162500472695027e-05
4119,3.7470295128925434e-05,3.402059687430353e-05,3.103130786594555e-05,3.161684115003074e-05
4120,3.7460969172375184e-05,3.40114484288118e-05,3.10225724646778e-05,3.160826711351605e-05
4121,3.745078794881994e-05,3.400265140467872e-05,3.101426274957849e-05,3.1599984714151034e-05
4122,3.744092641812592e-05,3.399313859952614e-05,3.1004844132862524e-05,3.15913208216457e-05
4123,3.743087444267485e-05,3.39842889631642e-05,3.0997544758390986e-05,3.1582398295152844e-05
4124,3.742103629170312e-05,3.397508131092489e-05,3.098936904635631e-05,3.157318990657329e-05
4125,3.7411460403909765e-05,3.396687311578237e-05,3.097985787308612e-05,3.156522459056092e-05
4126,3.7401931173746234e-05,3.3957307386835956e-05,3.0971637462373034e-05,3.1555919153123403e-05
4127,3.7391166132069624e-05,3.3947524189901384e-05,3.096406097903928e-05,3.1547235636773726e-05
4128,3.738201010632153e-05,3.393941280387335e-05,3.095584389162494e-05,3.1538005585894095e-05
4129,3.7372021263940425e-05,3.392988320686802e-05,3.0946795371948043e-05,3.152974578327751e-05
4130,3.7362672050147987e-05,3.3919934363432645e-05,3.0938949283814425e-05,3.1521608071893306e-05
4131,3.735273575396534e-05,3.391280792791964e-05,3.0929648199241245e-05,3.1512872970703184e-05
4132,3.734263864725021e-05,3.390327017182853e-05,3.092173801247859e-05,3.150384490830222e-05
4133,3.7332903223281454e-05,3.38947852536175e-05,3.0913023110270134e-05,3.1495508057364126e-05
4134,3.732362283412447e-05,3.3886209473693295e-05,3.090516688765047e-05,3.148662415773724e-05
4135,3.731309258766069e-05,3.3876639269623855e-05,3.0896689132121705e-05,3.147829286068035e-05
4136,3.73041489135943e-05,3.386694289029921e-05,3.088787278676606e-05,3.1469177650511855e-05
4137,3.729423491343326e-05,3.385889238463321e-05,3.087977074040714e-05,3.146066405625075e-05
4138,3.728399959769523e-05,3.3849325865831146e-05,3.0871476321247354e-05,3.1451954205144404e-05
4139,3.7274618423271085e-05,3.38414205722912e-05,3.086374807524211e-05,3.1442938552030515e-05
4140,3.7264595543370174e-05,3.383238378308149e-05,3.085504280315122e-05,3.143478899099145e-05
4141,3.7255365730151786e-05,3.382239252557466e-05,3.0846662564248626e-05,3.142608718882265e-05
4142,3.724493415107004e-05,3.3814008935867385e-05,3.083811132880378e-05,3.1418014047890655e-05
4143,3.723536445193582e-05,3.380448675549484e-05,3.083031942371316e-05,3.140923947605405e-05
4144,3.722581492355388e-05,3.3796176288722e-05,3.0821672857499984e-05,3.140017120666777e-05
4145,3.721622391771986e-05,3.378737770031279e-05,3.0813255265046044e-05,3.1392732899015796e-05
4146,3.720651502483294e-05,3.377853015922838e-05,3.080507643182375e-05,3.138437373193781e-05
4147,3.719655806599089e-05,3.376982726340707e-05,3.0796089158621513e-05,3.137527699737085e-05
4148,3.7187124232801985e-05,3.3760435349712276e-05,3.078855351332551e-05,3.136660611642581e-05
4149,3.7177520540051947e-05,3.375227530297909e-05,3.0780155594732004e-05,3.135798848074686e-05
4150,3.716782294477725e-05,3.3742980754376824e-05,3.0772201738935374e-05,3.134900169365334e-05
4151,3.7158304927321585e-05,3.3733777380146526e-05,3.076367020999423e-05,3.1340472422429675e-05
4152,3.714889789594282e-05,3.372508515957953e-05,3.075505767741885e-05,3.133230760114365e-05
4153,3.713897435888409e-05,3.3716134319328176e-05,3.0747547607119124e-05,3.132409653545081e-05
4154,3.712886004721523e-05,3.370787603539528e-05,3.073903508076705e-05,3.131585327512234e-05
4155,3.7119337126381575e-05,3.369857730415867e-05,3.0730757077578965e-05,3.1307119098631934e-05
4156,3.711044500378413e-05,3.368999616464707e-05,3.0722306396409365e-05,3.12986585765886e-05
4157,3.710037134159326e-05,3.368080935292245e-05,3.0714497660115345e-05,3.128981683362399e-05
4158,3.709062414478713e-05,3.367205657441203e-05,3.070535234709349e-05,3.128176531569919e-05
4159,3.7081320257373483e-05,3.36632508736132e-05,3.069822066529457e-05,3.127269882084927e-05
4160,3.707182977119714e-05,3.365503451603774e-05,3.068967904662436e-05,3.126552627225065e-05
4161,3.706175611809388e-05,3.364640338863687e-05,3.068119734385289e-05,3.125661836287909e-05
4162,3.7052519402674804e-05,3.363672494247122e-05,3.0674056849615976e-05,3.124779898529022e-05
4163,3.704292814279247e-05,3.3627812621574464e-05,3.0665549246985104e-05,3.123897438462227e-05
4164,3.703359503131258e-05,3.3619569482029206e-05,3.065814314303456e-05,3.1231594644083803e-05
4165,3.702384666045563e-05,3.3611258138341005e-05,3.064943163633065e-05,3.122178768939582e-05
4166,3.701437800460119e-05,3.3601702260571423e-05,3.064011125259818e-05,3.121410809424439e-05
4167,3.700434083702791e-05,3.359302079666595e-05,3.063232139494561e-05,3.1205093555080455e-05
4168,3.6995311297265215e-05,3.358399960967983e-05,3.062368009033717e-05,3.119721169248213e-05
4169,3.6985840940779474e-05,3.357631839515478e-05,3.0616292472933784e-05,3.118841665716529e-05
4170,3.6975619392662754e-05,3.3567476686748856e-05,3.06081558047519e-05,3.118068417672085e-05
4171,3.69662132800366e-05,3.355829738575671e-05,3.059961465234545e-05,3.117240308369194e-05
4172,3.6956372154035944e-05,3.35494679372241e-05,3.0591912167733564e-05,3.1163182264386275e-05
4173,3.69473494936008e-05,3.3540887978042165e-05,3.058426947292974e-05,3.115548005751013e-05
4174,3.6938052607753106e-05,3.353221700598975e-05,3.057522773114847e-05,3.114554102337362e-05
4175,3.6928721411463895e-05,3.352329434267502e-05,3.056697718783152e-05,3.113809683678309e-05
4176,3.691900965833085e-05,3.351451745463558e-05,3.055906551571261e-05,3.112963269195331e-05
4177,3.690972838639976e-05,3.3505501956735155e-05,3.055111569387195e-05,3.112101827826638e-05
4178,3.6900054046598484e-05,3.349703543085643e-05,3.054390801295568e-05,3.1112797821032854e-05
4179,3.689053010168561e-05,3.3488827546330855e-05,3.053468023724578e-05,3.1105165780486996e-05
4180,3.688088370592419e-05,3.347991724699389e-05,3.052618542326978e-05,3.109702331629287e-05
4181,3.687135734434085e-05,3.3470765880114106e-05,3.0518437616900035e-05,3.1087851223484205e-05
4182,3.686118820277386e-05,3.3461356658974954e-05,3.0511013541724982e-05,3.107973808209077e-05
4183,3.6853108239649836e-05,3.345428255933219e-05,3.050277755556894e-05,3.107127185296834e-05
4184,3.684279592780312e-05,3.34453337828593e-05,3.0495473717567454e-05,3.106301212215685e-05
4185,3.6833858828457e-05,3.343627672917141e-05,3.0486245537854998e-05,3.1054446768280457e-05
4186,3.6823982241173756e-05,3.3427602052233287e-05,3.0478691883080842e-05,3.1046494597437246e-05
4187,3.681482278468945e-05,3.3419552345730724e-05,3.0470225687349646e-05,3.1037761946410176e-05
4188,3.68054612008579e-05,3.341140292700219e-05,3.046262246359945e-05,3.1029454849729005e-05
4189,3.679618159736303e-05,3.34020432775414e-05,3.0454078767562907e-05,3.102167504800314e-05
4190,3.678672049308574e-05,3.339353312515201e-05,3.0446090342840108e-05,3.101285317674607e-05
4191,3.677774816861541e-05,3.338451634192903e-05,3.043791912477962e-05,3.1005231946539726e-05
4192,3.676776037633737e-05,3.337597631750591e-05,3.0430392778998354e-05,3.0996283351043684e-05
4193,3.675848274888709e-05,3.3367764911760404e-05,3.0422302419284684e-05,3.0988290044152584e-05
4194,3.674858623061654e-05,3.335872778970315e-05,3.041426786915222e-05,3.097974534379307e-05
4195,3.674013543745294e-05,3.335061006474952e-05,3.04062159096474e-05,3.097161286910285e-05
4196,3.673042587696312e-05,3.334147870758571e-05,3.0398460854963084e-05,3.09627703849721e-05
4197,3.672088881395497e-05,3.333340912158405e-05,3.039029356647397e-05,3.095527523992226e-05
4198,3.671145394558734e-05,3.33242729330091e-05,3.0382275362389467e-05,3.0946832332863756e-05
4199,3.670241422744878e-05,3.331535930025167e-05,3.037427121471931e-05,3.0938423607432214e-05
4200,3.6692996422381936e-05,3.330747097973473e-05,3.036606770796492e-05,3.093071947776756e-05
4201,3.668367000149735e-05,3.3298829170903974e-05,3.0357898076409918e-05,3.092233307045828e-05
4202,3.667423231422157e-05,3.329045819853784e-05,3.035056851087152e-05,3.0914124114038744e-05
4203,3.6664256198165696e-05,3.3281746537210246e-05,3.0342181175103998e-05,3.090541087240076e-05
4204,3.665585426632971e-05,3.3273116874886727e-05,3.0334335734812203e-05,3.0897765449038835e-05
4205,3.664639966069101e-05,3.326385701488742e-05,3.0326779126477847e-05,3.088914728920984e-05
4206,3.6636839924012814e-05,3.3256303229880355e-05,3.031818361223152e-05,3.088115238796709e-05
4207,3.662780309134436e-05,3.3247633173231384e-05,3.0310454975452596e-05,3.08731023038106e-05
4208,3.661867169348073e-05,3.323882963888721e-05,3.030192876246538e-05,3.086423071366968e-05
4209,3.6609155938721755e-05,3.323048506936434e-05,3.029453759494831e-05,3.0856283384346626e-05
4210,3.660017263458965e-05,3.3222934066306826e-05,3.028657472403064e-05,3.0848525542586886e-05
4211,3.6590103239049044e-05,3.3213225372321854e-05,3.027887699933538e-05,3.0839891535224715e-05
4212,3.658135669353145e-05,3.320442480969501e-05,3.0270355745985062e-05,3.083198697245499e-05
4213,3.6572103596397955e-05,3.319684972277219e-05,3.0262869959438756e-05,3.082336789197842e-05
4214,3.6562794157277415e-05,3.318805743924052e-05,3.0254328143872123e-05,3.08154235752371e-05
4215,3.655343935854433e-05,3.317958262224028e-05,3.02466936450477e-05,3.0807888705899885e-05
4216,3.654405802965995e-05,3.3170847971402144e-05,3.02385513867603e-05,3.079971988952156e-05
4217,3.653519549994945e-05,3.3162231494571103e-05,3.0230998347804058e-05,3.079102295570351e-05
4218,3.6525952610678653e-05,3.3153991719702425e-05,3.0223240088612272e-05,3.07835198880894e-05
4219,3.6516648763468526e-05,3.314517351880276e-05,3.0215193894673356e-05,3.077442308345169e-05
4220,3.6507632709068075e-05,3.313698708347777e-05,3.0207712900303186e-05,3.076684503025405e-05
4221,3.6498298544545126e-05,3.312865196384739e-05,3.0199388048047834e-05,3.075869618311347e-05
4222,3.6488841557142095e-05,3.312029853121991e-05,3.0192079678385683e-05,3.075042028416871e-05
4223,3.6479654686450533e-05,3.3111581339566995e-05,3.0184099190745035e-05,3.0742410054347755e-05
4224,3.64707080902244e-05,3.310345692724451e-05,3.017588873018736e-05,3.073433970369247e-05
4225,3.6461605371691315e-05,3.3095505035363025e-05,3.016802734228764e-05,3.072635124830613e-05
4226,3.645215304967361e-05,3.308608259120611e-05,3.016053340681888e-05,3.0718405445989946e-05
4227,3.644280812302615e-05,3.30787573359825e-05,3.0152532350201893e-05,3.0709857480323366e-05
4228,3.643416283077063e-05,3.30691728626723e-05,3.014481942535531e-05,3.070177343328325e-05
4229,3.642435248150157e-05,3.306122511562177e-05,3.0136904861130927e-05,3.0693693731078536e-05
4230,3.641562539384008e-05,3.3052344960206885e-05,3.0129541382121054e-05,3.068558991309934e-05
4231,3.640580977854011e-05,3.304511165521811e-05,3.0121624203531465e-05,3.067751794954985e-05
4232,3.639736617971404e-05,3.3035874435901304e-05,3.011408764969908e-05,3.0669845645525224e-05
4233,3.6388163242198735e-05,3.302790287626193e-05,3.0105230360383882e-05,3.0661293878456573e-05
4234,3.637911957100005e-05,3.301941813663498e-05,3.0097961968272865e-05,3.065344567664293e-05
4235,3.636946839422339e-05,3.301115485577069e-05,3.0090416342551355e-05,3.0645596333420966e-05
4236,3.6360837588460535e-05,3.3002715120441e-05,3.0082069372811302e-05,3.0637413106232875e-05
4237,3.635153901464712e-05,3.299384589849442e-05,3.0073988347535746e-05,3.062985496521215e-05
4238,3.634229784534793e-05,3.298576437342961e-05,3.0066744704420316e-05,3.062033913359845e-05
4239,3.633333276548602e-05,3.2977380713169506e-05,3.005906244621275e-05,3.061369803743134e-05
4240,3.632440292358844e-05,3.2969469772597764e-05,3.0051610480331852e-05,3.0604989387306885e-05
4241,3.631502747172788e-05,3.2961035710592556e-05,3.0043148217214808e-05,3.059727210512332e-05
4242,3.630619983825095e-05,3.2952146071107926e-05,3.003571663634348e-05,3.058922706301918e-05
4243,3.629678816150426e-05,3.294460195735746e-05,3.0027595149316886e-05,3.058097879658949e-05
4244,3.62883611244608e-05,3.293620095724587e-05,3.0020281207084745e-05,3.057304197128122e-05
4245,3.627907649909697e-05,3.2927524138901286e-05,3.0012538717165407e-05,3.056497571937075e-05
4246,3.62694348879176e-05,3.291948659152225e-05,3.0004790044063596e-05,3.055738448467878e-05
4247,3.626083891733316e-05,3.2910884258710845e-05,2.9996819862542404e-05,3.0549076044693595e-05
4248,3.6251654718311645e-05,3.29024392351493e-05,2.9989125915925605e-05,3.054106365957265e-05
4249,3.624251108546661e-05,3.2894001665995596e-05,2.99812280651636e-05,3.053365658059697e-05
4250,3.6233803753271584e-05,3.288662885943523e-05,2.9973451647570735e-05,3.052501628232124e-05
4251,3.622481498260334e-05,3.287759026984621e-05,2.9966054808552903e-05,3.0517511170219786e-05
4252,3.62154838171077e-05,3.286992383034341e-05,2.9958476383851624e-05,3.05098565821295e-05
4253,3.6206632427544746e-05,3.286140878667666e-05,2.9950261759382652e-05,3.0501804285365397e-05
4254,3.6197517221776814e-05,3.285282928864635e-05,2.994318829670436e-05,3.0493209421995127e-05
4255,3.6188615883049055e-05,3.284441333172665e-05,2.993525384024322e-05,3.0485689969073775e-05
4256,3.617951509534134e-05,3.283628718386632e-05,2.992732004300394e-05,3.047723794429688e-05
4257,3.6170700809899534e-05,3.282787611248413e-05,2.991920819317126e-05,3.046937199588136e-05
4258,3.616179430738109e-05,3.28197446415005e-05,2.9911927305827532e-05,3.0461710508998484e-05
4259,3.6152946526015155e-05,3.2811418242847e-05,2.9904780234308735e-05,3.0453696612780526e-05
4260,3.614339036721508e-05,3.280339197964652e-05,2.98973642466749e-05,3.044572131692214e-05
4261,3.613470022910894e-05,3.2795376483025e-05,2.988912258986373e-05,3.0437571422313628e-05
4262,3.612585517128475e-05,3.2786663376708174e-05,2.9881238224676995e-05,3.0430262239422765e-05
4263,3.611677032505451e-05,3.2779232474619686e-05,2.9873416126571278e-05,3.042234463142668e-05
4264,3.6107711266845956e-05,3.27707812328623e-05,2.986598868754086e-05,3.0414660561128525e-05
4265,3.609885600999115e-05,3.276168635294309e-05,2.9858331277750665e-05,3.040594206609346e-05
4266,3.608974673370181e-05,3.275431758946243e-05,2.985069515043744e-05,3.039856166401064e-05
4267,3.608116656639859e-05,3.274572745035359e-05,2.984359788722365e-05,3.039081129072427e-05
4268,3.607183889590423e-05,3.2737429259993757e-05,2.9835914896788156e-05,3.038280218549503e-05
4269,3.6062890391028683e-05,3.272930299271632e-05,2.982809131133099e-05,3.0375022834411895e-05
4270,3.6054052886505285e-05,3.2721334367848446e-05,2.982047534613517e-05,3.0367041502723054e-05
4271,3.6045394065806805e-05,3.27131897653395e-05,2.981270837914646e-05,3.035947252954791e-05
4272,3.6036385012750514e-05,3.2705249697038714e-05,2.9805603626489298e-05,3.0351479609427115e-05
4273,3.6027455139395586e-05,3.2696800817446413e-05,2.979741958632582e-05,3.0343244983699448e-05
4274,3.601866219443802e-05,3.2688953957474276e-05,2.979044038745772e-05,3.033544557090523e-05
4275,3.600957221029981e-05,3.268057504879946e-05,2.9782160984736982e-05,3.032750470099871e-05
4276,3.6000652766014474e-05,3.2672263775717545e-05,2.9774534529465893e-05,3.031953929795258e-05
4277,3.599163435474025e-05,3.266421603242459e-05,2.9767625070709224e-05,3.0312329301277104e-05
4278,3.598287814720876e-05,3.265613111234375e-05,2.976005090674563e-05,3.0304251586636178e-05
4279,3.597439816586677e-05,3.264818245261261e-05,2.9752262599762714e-05,3.0296518717337017e-05
4280,3.596534307376919e-05,3.264017299834381e-05,2.974441577787652e-05,3.028926541454872e-05
4281,3.595614666856529e-05,3.263128679941049e-05,2.9736858834569462e-05,3.0280827728345163e-05
4282,3.5947230964777624e-05,3.2623684082174136e-05,2.9729750684393407e-05,3.027323913978481e-05
4283,3.593895629735653e-05,3.2615618828723784e-05,2.9721841968804226e-05,3.026513119699895e-05
4284,3.592966958552985e-05,3.260721170547476e-05,2.9714111324240035e-05,3.0257893338063143e-05
4285,3.592115223042042e-05,3.259942421548015e-05,2.9706570920386765e-05,3.0249767084230948e-05
4286,3.591220075414252e-05,3.259125835018393e-05,2.9699031254731376e-05,3.02420595104207e-05
4287,3.5903410305576216e-05,3.2583362014112904e-05,2.9691782963538487e-05,3.023460013968542e-05
4288,3.5894601740710203e-05,3.257571669252933e-05,2.9683723953276156e-05,3.0226371258613873e-05
4289,3.5885627849124415e-05,3.2567002275557965e-05,2.9676528519605883e-05,3.0218347347994227e-05
4290,3.587698862307309e-05,3.2558831978865774e-05,2.9668925243354028e-05,3.0210669371707958e-05
4291,3.586807252456543e-05,3.255096962538157e-05,2.966177358356028e-05,3.0203125246048093e-05
4292,3.5859605947182327e-05,3.254312082560195e-05,2.9654530898767843e-05,3.0195799164853086e-05
4293,3.5850608844526706e-05,3.25352775174758e-05,2.9646763823100595e-05,3.018775542028783e-05
4294,3.5841706860054055e-05,3.252652950121728e-05,2.9638731960202478e-05,3.0179960113387144e-05
4295,3.5832914300160225e-05,3.2518492624605526e-05,2.9631480755003967e-05,3.0172613578619453e-05
4296,3.582411456717964e-05,3.2510636938995055e-05,2.9624023911424767e-05,3.0164755613356828e-05
4297,3.581546397616166e-05,3.250285488884551e-05,2.9616737774029148e-05,3.0156544093950735e-05
4298,3.580676928475072e-05,3.2494374174635934e-05,2.9609187902413105e-05,3.0149289994472706e-05
4299,3.579809959496363e-05,3.248678968074079e-05,2.9601936793266257e-05,3.0140828094222923e-05
4300,3.578948408872244e-05,3.2478536328997317e-05,2.959442682930132e-05,3.0133766290728226e-05
4301,3.578050824854029e-05,3.247043141525006e-05,2.9586283480218267e-05,3.012593895914668e-05
4302,3.5771602366303586e-05,3.2462330115538395e-05,2.9579680609603974e-05,3.011848330444678e-05
4303,3.576331401190122e-05,3.2454526882468696e-05,2.9571545712290388e-05,3.011078541349326e-05
4304,3.575407651954556e-05,3.244634179599828e-05,2.9564652487007885e-05,3.010249948056307e-05
4305,3.574529155709743e-05,3.243799893975668e-05,2.955686992260569e-05,3.009513246213217e-05
4306,3.573716895505061e-05,3.243048796678183e-05,2.9549197738374436e-05,3.008782386881324e-05
4307,3.572815171680933e-05,3.242284678331178e-05,2.954230252425475e-05,3.0079898680117012e-05
4308,3.571932541324654e-05,3.2414587365678785e-05,2.953427753833565e-05,3.0072357368546816e-05
4309,3.57105270098637e-05,3.2406483976433245e-05,2.9527483360369973e-05,3.0064239069822646e-05
4310,3.5702020464059475e-05,3.239849633757454e-05,2.951976756300029e-05,3.0057427996508403e-05
4311,3.5693176001338515e-05,3.239067310749869e-05,2.951242476829243e-05,3.0048882018895652e-05
4312,3.5684581241376806e-05,3.238301359068559e-05,2.950515651202274e-05,3.004155239918202e-05
4313,3.567607867541242e-05,3.237469804483062e-05,2.9498091678842277e-05,3.0034272284949207e-05
4314,3.566772694060214e-05,3.2366890588065264e-05,2.9490347806470982e-05,3.0026633727007106e-05
4315,3.565888164072837e-05,3.235886353919904e-05,2.9483363276368492e-05,3.0018524216899808e-05
4316,3.5650244570647994e-05,3.2350999419073304e-05,2.947545939235982e-05,3.0010887592245984e-05
4317,3.564160428249786e-05,3.234278746638932e-05,2.946802429956171e-05,3.000342245615241e-05
4318,3.563280308708187e-05,3.233499085124849e-05,2.9460502382815198e-05,2.9995676656570612e-05
4319,3.562430371192417e-05,3.232723016795802e-05,2.945317008589454e-05,2.998840993567745e-05
4320,3.56156475144121e-05,3.2319584520484525e-05,2.9445993448279617e-05,2.9980703139026066e-05
4321,3.5606826447807234e-05,3.231170238521737e-05,2.9438827673780277e-05,2.9972726491980313e-05
4322,3.559811882032763e-05,3.23034325428857e-05,2.943134227079161e-05,2.9965402618959668e-05
4323,3.558941747599739e-05,3.229544895817143e-05,2.9423798543365255e-05,2.9958124571521105e-05
4324,3.55812733746906e-05,3.2287728898953386e-05,2.941632662051761e-05,2.9950570590784985e-05
4325,3.5572599965033456e-05,3.227980085396032e-05,2.94094655734049e-05,2.9942310991404333e-05
4326,3.556390978320921e-05,3.227186070459512e-05,2.94018820453387e-05,2.9934922421993353e-05
4327,3.555527035465554e-05,3.226417765861072e-05,2.9394770210799236e-05,2.992743142733194e-05
4328,3.5546757412074054e-05,3.2255787388568526e-05,2.9387082070913133e-05,2.9919396914280413e-05
4329,3.553820834110047e-05,3.224816738395201e-05,2.938010608285762e-05,2.99122209022574e-05
4330,3.552933432643013e-05,3.224026609274459e-05,2.9372786886378904e-05,2.990468211447075e-05
4331,3.5520854514731956e-05,3.223255083883856e-05,2.9365399490801216e-05,2.989754652180699e-05
4332,3.5512573580115744e-05,3.222501840017386e-05,2.9357806397886356e-05,2.988985037369923e-05
4333,3.550378357419015e-05,3.221693888999799e-05,2.9350777656836223e-05,2.9882240996872743e-05
4334,3.549536510114001e-05,3.220930301398389e-05,2.9343399082997087e-05,2.9874474565651684e-05
4335,3.548653851970504e-05,3.220147697388727e-05,2.93357738738981e-05,2.9866792633934e-05
4336,3.5478234949966656e-05,3.2193644611683796e-05,2.9328835336094097e-05,2.9859188208782374e-05
4337,3.546968323627896e-05,3.2185655060327566e-05,2.9321298841036328e-05,2.985207894105941e-05
4338,3.546107722724999e-05,3.217798805775667e-05,2.931415071906799e-05,2.9844576492946558e-05
4339,3.5452742538348515e-05,3.216964722872679e-05,2.930678792125469e-05,2.9836961621207213e-05
4340,3.54440278883615e-05,3.216215545135786e-05,2.9300186719622017e-05,2.9829483166594884e-05
4341,3.543563824032513e-05,3.215426334992322e-05,2.9292566989216306e-05,2.982182037575588e-05
4342,3.5427162806757216e-05,3.2146675358342343e-05,2.9285321454381165e-05,2.9815046623965703e-05
4343,3.5418604044741796e-05,3.213866121412181e-05,2.9277608562016787e-05,2.9807027796765907e-05
4344,3.541015031970197e-05,3.213089277320968e-05,2.92710702118223e-05,2.979917711447643e-05
4345,3.5401383275660635e-05,3.212305877412503e-05,2.9263434823148547e-05,2.9792214881695593e-05
4346,3.539312966397162e-05,3.2115243618993326e-05,2.9255951202321875e-05,2.9784618274595402e-05
4347,3.5384561606762104e-05,3.210761321372371e-05,2.9248828947672805e-05,2.9777516638455456e-05
4348,3.537616660613012e-05,3.210013212522741e-05,2.924173390053043e-05,2.9769706278769924e-05
4349,3.5367726018225237e-05,3.2092289489747776e-05,2.9234536040472272e-05,2.9762057078115482e-05
4350,3.5359077470335795e-05,3.2084045909231264e-05,2.9227084065546597e-05,2.9755004423088203e-05
4351,3.535067016958866e-05,3.2076538749998195e-05,2.921997840737294e-05,2.974720896286438e-05
4352,3.534237241999729e-05,3.206862602148465e-05,2.9212869396787354e-05,2.973979860654498e-05
4353,3.533360014770855e-05,3.206104920504713e-05,2.920558194644335e-05,2.9732881783066336e-05
4354,3.532540238251507e-05,3.2053619597292845e-05,2.9198578075769298e-05,2.9724984883949767e-05
4355,3.531666861142e-05,3.204577483748104e-05,2.9190960261767082e-05,2.9717826735634863e-05
4356,3.530854596783714e-05,3.2037752308909516e-05,2.9183783188612977e-05,2.971015048340669e-05
4357,3.530023512361509e-05,3.203031151132562e-05,2.9176631657410025e-05,2.9702940526607365e-05
4358,3.529165637665922e-05,3.2022557687647926e-05,2.9169452778017805e-05,2.9695093731078735e-05
4359,3.528326807117296e-05,3.201471927196459e-05,2.9162603730978465e-05,2.9687906951889918e-05
4360,3.527531629834574e-05,3.200690578062127e-05,2.915554929515565e-05,2.9680341346434202e-05
4361,3.5266565477133805e-05,3.199918748633966e-05,2.9148457261721393e-05,2.9672954416059297e-05
4362,3.525819689131078e-05,3.199157663002408e-05,2.914117408643021e-05,2.9665589396596075e-05
4363,3.5249730029303624e-05,3.198368479504459e-05,2.9133879564031293e-05,2.965849081708369e-05
4364,3.524127000559521e-05,3.197599854273312e-05,2.9126747074828316e-05,2.965117407701718e-05
4365,3.5232669418740035e-05,3.196850090137626e-05,2.91196752480736e-05,2.9643824497237683e-05
4366,3.5224332670858715e-05,3.196059203501909e-05,2.911223883293364e-05,2.963598730669902e-05
4367,3.5215912673141964e-05,3.195325871806867e-05,2.910529528795683e-05,2.9629025873131034e-05
4368,3.520768527430884e-05,3.194536081057716e-05,2.9098670905492452e-05,2.962135161711104e-05
4369,3.519969201156389e-05,3.19378453005197e-05,2.9090953094784082e-05,2.9614224900522096e-05
4370,3.5191012942087075e-05,3.193023208195571e-05,2.9083830527231423e-05,2.9606391017802112e-05
4371,3.5182692519438566e-05,3.192276309267902e-05,2.9076879888437217e-05,2.9599118763010225e-05
4372,3.5174507194564883e-05,3.191478111083846e-05,2.906947389787533e-05,2.9591849845528214e-05
4373,3.516608079263213e-05,3.190722509617059e-05,2.906280062149879e-05,2.9584638937901797e-05
4374,3.515767217435536e-05,3.1899874821381684e-05,2.9055105361890083e-05,2.957754983049997e-05
4375,3.514976387785866e-05,3.189203409181628e-05,2.904814543378139e-05,2.9569991392967656e-05
4376,3.5141255472640426e-05,3.1884320556812114e-05,2.9041498640141522e-05,2.9562880438079955e-05
4377,3.5132692510114643e-05,3.187673501590057e-05,2.9034129730231664e-05,2.955566742614099e-05
4378,3.512444699600754e-05,3.186897473596265e-05,2.902673840577652e-05,2.9548126652272456e-05
4379,3.5116150326301084e-05,3.186152750423248e-05,2.902035128108595e-05,2.9541250497925802e-05
4380,3.510811835422199e-05,3.185404837799539e-05,2.901303976943771e-05,2.953330792944291e-05
4381,3.5099554969719076e-05,3.1846260877698106e-05,2.9005654403706026e-05,2.9526251320391552e-05
4382,3.5091403597429396e-05,3.1838903638741e-05,2.899852087063961e-05,2.951885948709609e-05
4383,3.5082940569280976e-05,3.183096746987469e-05,2.8991351839994223e-05,2.951163923195174e-05
4384,3.507460706316165e-05,3.1823779587982524e-05,2.8984445282287034e-05,2.9504084827718242e-05
4385,3.506664966101889e-05,3.181586609085657e-05,2.8977763211422352e-05,2.949676959308527e-05
4386,3.505804234416015e-05,3.180820976400719e-05,2.8970291818232338e-05,2.948946907532408e-05
4387,3.504995085243994e-05,3.18004028621842e-05,2.896321562203632e-05,2.9482719434226328e-05
4388,3.504152073641075e-05,3.179310384031739e-05,2.895619568989913e-05,2.947530203632483e-05
4389,3.5033360617071145e-05,3.1785689134469455e-05,2.8949455992569252e-05,2.9467526047676784e-05
4390,3.502535827739437e-05,3.177800340264229e-05,2.8942266441727542e-05,2.9460521417245534e-05
4391,3.501681121170931e-05,3.1770185873325624e-05,2.893540150161628e-05,2.945328093599224e-05
4392,3.500846315136828e-05,3.1762800816995614e-05,2.8927865639344482e-05,2.9446049035391066e-05
4393,3.500020697864767e-05,3.175517752426487e-05,2.892075113907248e-05,2.943900297784916e-05
4394,3.4992080035511896e-05,3.174757677816095e-05,2.8914070103049764e-05,2.9431509389295667e-05
4395,3.498393096111879e-05,3.174018830103166e-05,2.8907511373155334e-05,2.9424423064053467e-05
4396,3.4975657401175445e-05,3.173280703316648e-05,2.8900421855320923e-05,2.941729320684025e-05
4397,3.4967745053056006e-05,3.172520936575518e-05,2.889303656659681e-05,2.94099642864177e-05
4398,3.4959326759573374e-05,3.171789775743662e-05,2.8886015169118448e-05,2.940309857997443e-05
4399,3.495113555767341e-05,3.171027283631518e-05,2.8879322387293133e-05,2.9395809778916318e-05
4400,3.494295179502359e-05,3.1702897183100865e-05,2.8872465974940173e-05,2.9388291172137068e-05
4401,3.4934486959938344e-05,3.1695113186742504e-05,2.8865766532389973e-05,2.9381240117489594e-05
4402,3.4926539445825124e-05,3.1687830557698345e-05,2.885817024017276e-05,2.9374090114196003e-05
4403,3.4918314484922316e-05,3.1680223994733916e-05,2.8851394287648723e-05,2.936700742413863e-05
4404,3.491018876715274e-05,3.167271085300605e-05,2.8844381218038653e-05,2.9359397344310325e-05
4405,3.490203485464822e-05,3.166520032258705e-05,2.883730378189704e-05,2.9352246848798322e-05
4406,3.489403760436891e-05,3.1657859547812204e-05,2.8830427315434942e-05,2.934535875893459e-05
4407,3.488589386416754e-05,3.165022926865339e-05,2.8823258091459112e-05,2.9337802288096977e-05
4408,3.487766539900412e-05,3.164285950216974e-05,2.8816373497822216e-05,2.933111325508267e-05
4409,3.486940816370542e-05,3.1635141221572235e-05,2.880962771287189e-05,2.9323775968850946e-05
4410,3.486134535527218e-05,3.162817488516826e-05,2.880248228420171e-05,2.9316575442594798e-05
4411,3.485322398421911e-05,3.16206303564054e-05,2.879568711861614e-05,2.930928728240071e-05
4412,3.484527017942639e-05,3.1612821125054895e-05,2.8788862508270927e-05,2.9302167268740727e-05
4413,3.4837108056353306e-05,3.160568873779313e-05,2.878174350179338e-05,2.9294982283681367e-05
4414,3.482880740218785e-05,3.159814838817637e-05,2.8775038157257252e-05,2.9287800078098492e-05
4415,3.482061551382157e-05,3.159027519994462e-05,2.876783572002632e-05,2.928080292854474e-05
4416,3.4812602802817805e-05,3.1583029826304437e-05,2.8760792561763762e-05,2.927375653384521e-05
4417,3.4804462392540524e-05,3.157570053355181e-05,2.87541120098428e-05,2.9266030338522317e-05
4418,3.479629372048653e-05,3.1568322168859997e-05,2.874700143624389e-05,2.925875910660407e-05
4419,3.478835971163947e-05,3.156095396348409e-05,2.8740199593473896e-05,2.9252321569924504e-05
4420,3.478015467809872e-05,3.155349798087007e-05,2.873369487982365e-05,2.924529498349756e-05
4421,3.477222017590528e-05,3.154594321741472e-05,2.8726644918280562e-05,2.9238102522733925e-05
4422,3.4764049402937844e-05,3.1538982613891684e-05,2.871951122176994e-05,2.92307029225771e-05
4423,3.475589300083931e-05,3.1531417430784715e-05,2.8712815199099382e-05,2.9223841165379878e-05
4424,3.474776521763077e-05,3.152362520360339e-05,2.8705866190246367e-05,2.9216747426815084e-05
4425,3.473960259580585e-05,3.151628295102781e-05,2.8698944309215694e-05,2.9209543508566787e-05
4426,3.473178833652241e-05,3.150896477670267e-05,2.869177106231428e-05,2.9202579963864696e-05
4427,3.4723675410193424e-05,3.150163174612933e-05,2.868525608497802e-05,2.9195377621802277e-05
4428,3.471556092101673e-05,3.1494237160027694e-05,2.8678381271157806e-05,2.9188328631332958e-05
4429,3.4707580847522225e-05,3.148720432764267e-05,2.867143232643918e-05,2.918092882809293e-05
4430,3.4699537478315944e-05,3.147979882037845e-05,2.8664705302180726e-05,2.917377086671231e-05
4431,3.4691505316406425e-05,3.147218806490567e-05,2.8657970964191655e-05,2.9167358317947474e-05
4432,3.468374818732487e-05,3.1464818538936185e-05,2.8650892078698246e-05,2.9159903702817775e-05
4433,3.467550086909232e-05,3.145766120319996e-05,2.8643952241160452e-05,2.9152906656800274e-05
4434,3.466740924091503e-05,3.145023672093386e-05,2.863721931711679e-05,2.9145944271728426e-05
4435,3.465965773008069e-05,3.1442869817435473e-05,2.8630778791156925e-05,2.913910598812405e-05
4436,3.465138823344942e-05,3.143565110454344e-05,2.8623649738796633e-05,2.9131648770021842e-05
4437,3.4643343598658965e-05,3.142842205876143e-05,2.861671680241048e-05,2.9124944887691067e-05
4438,3.463571981633298e-05,3.1420906091434556e-05,2.860996365184739e-05,2.9117503044528632e-05
4439,3.462755160384017e-05,3.141355557974261e-05,2.860333030212409e-05,2.9110793333637845e-05
4440,3.4619441857764605e-05,3.1406171722396005e-05,2.8596333357846673e-05,2.91036423196261e-05
4441,3.461148253588955e-05,3.139879973780203e-05,2.8589331798521824e-05,2.9096492415932306e-05
4442,3.460356037901867e-05,3.1391522736260736e-05,2.8583016098461052e-05,2.9089752878456077e-05
4443,3.4595588353770465e-05,3.138402019436924e-05,2.857615347247379e-05,2.908223061028961e-05
4444,3.458769984738725e-05,3.137705642555192e-05,2.856923595121721e-05,2.907572675871693e-05
4445,3.4579454338982014e-05,3.136959927042389e-05,2.8562477245672437e-05,2.9068674954655934e-05
4446,3.457149752568411e-05,3.1362378065170914e-05,2.855568105551881e-05,2.906139873488126e-05
4447,3.456369293103619e-05,3.135528409309019e-05,2.854877734078452e-05,2.9054482876292367e-05
4448,3.4555754100836e-05,3.134791539886826e-05,2.8541846885594882e-05,2.904757011907738e-05
4449,3.454772657536891e-05,3.134059706145356e-05,2.8535096728180116e-05,2.9040890080468863e-05
4450,3.4539865668952966e-05,3.133313207548751e-05,2.852858732951079e-05,2.903381380257427e-05
4451,3.453185109927753e-05,3.132593734740091e-05,2.8521921956778862e-05,2.902669377411135e-05
4452,3.452413163733725e-05,3.13185667172482e-05,2.851502894963684e-05,2.901943880359305e-05
4453,3.451613643292399e-05,3.131138410221877e-05,2.850821432129108e-05,2.9012830461890498e-05
4454,3.450819949660693e-05,3.130421653203966e-05,2.850145296025769e-05,2.9005926822342388e-05
4455,3.450028944862812e-05,3.1296772379309775e-05,2.8494894971051e-05,2.8998979097521577e-05
4456,3.4492378869574915e-05,3.128986518885579e-05,2.8488308920258127e-05,2.899190254109137e-05
4457,3.448458776729786e-05,3.128245850708407e-05,2.848151568819716e-05,2.8985109167364548e-05
4458,3.4476478647441425e-05,3.127542797981522e-05,2.8474633619792517e-05,2.897785936292945e-05
4459,3.446877854179305e-05,3.126814996858172e-05,2.846807286694363e-05,2.8970919296896835e-05
4460,3.446082681648479e-05,3.126090291842744e-05,2.8461009598197644e-05,2.8964132768992485e-05
4461,3.445281325911432e-05,3.125377564689666e-05,2.845431353154084e-05,2.8957089321356373e-05
4462,3.4445274165240837e-05,3.124660187557746e-05,2.844796284522117e-05,2.8950040286993687e-05
4463,3.443709547249682e-05,3.1239165460633364e-05,2.8441112960916717e-05,2.894335337550287e-05
4464,3.442920130673202e-05,3.1232066325391104e-05,2.8434288613146937e-05,2.8936378036198156e-05
4465,3.442116888257978e-05,3.122469004329225e-05,2.8427971605829392e-05,2.8929523064812533e-05
4466,3.44137764986645e-05,3.121748536377504e-05,2.842077700105237e-05,2.8922527593697194e-05
4467,3.440581206497649e-05,3.121027191926772e-05,2.8413953808378278e-05,2.8915635268207396e-05
4468,3.439795995086065e-05,3.1203103819766524e-05,2.8407550353448684e-05,2.890884858733056e-05
4469,3.439020633992529e-05,3.119573081908841e-05,2.8400972453497372e-05,2.8901943701535973e-05
4470,3.438234467301517e-05,3.1189009833250935e-05,2.8394061409820693e-05,2.889496371554248e-05
4471,3.437425686338251e-05,3.1181789561787565e-05,2.8387611603833412e-05,2.888821211601528e-05
4472,3.436669321409874e-05,3.117450594896267e-05,2.8380793407084653e-05,2.8881149348959933e-05
4473,3.435868709668175e-05,3.11672231587463e-05,2.8374334710282354e-05,2.88745397716106e-05
4474,3.4350869113678136e-05,3.115986951954494e-05,2.8367439959720786e-05,2.886738535352857e-05
4475,3.4343258454846805e-05,3.115292734486806e-05,2.8360849456291812e-05,2.8860298138667195e-05
4476,3.433520676337311e-05,3.114592805492352e-05,2.8354100221989538e-05,2.8853808654333656e-05
4477,3.4327627438651774e-05,3.113871457198629e-05,2.8347438504212398e-05,2.884687578405399e-05
4478,3.431972460194339e-05,3.113146341360249e-05,2.8340830966548087e-05,2.884009064510856e-05
4479,3.431185733724e-05,3.112433361059099e-05,2.833442187350317e-05,2.8833210684896775e-05
4480,3.430422278674877e-05,3.111737151421002e-05,2.8327689559218775e-05,2.882640935160689e-05
4481,3.42963993647996e-05,3.110976957736791e-05,2.8321239823468378e-05,2.881967517348007e-05
4482,3.4288614364876634e-05,3.11029169825948e-05,2.831455336082557e-05,2.8812467012619133e-05
4483,3.4280828318733276e-05,3.1095861892851956e-05,2.8307852948543126e-05,2.880591181841876e-05
4484,3.427317767147714e-05,3.1088652463761944e-05,2.8300896977749638e-05,2.879912222564428e-05
4485,3.426537067472098e-05,3.108148503968341e-05,2.829443645557206e-05,2.8792381355220773e-05
4486,3.42576959472259e-05,3.1074392200951296e-05,2.8287880208831632e-05,2.878533177824884e-05
4487,3.424980629980967e-05,3.106743912422676e-05,2.828138177742366e-05,2.8778377956025148e-05
4488,3.424201766255367e-05,3.1060241843360826e-05,2.8274697710729002e-05,2.8771582552183653e-05
4489,3.423440577290636e-05,3.105303022234897e-05,2.8268140994171363e-05,2.8764661072834628e-05
4490,3.4226429018404536e-05,3.1046069062501744e-05,2.8261585558781685e-05,2.875804202941393e-05
4491,3.421890191374389e-05,3.103895267205018e-05,2.825496926913858e-05,2.875128797004558e-05
4492,3.421116396416698e-05,3.1031939698597745e-05,2.824839949005158e-05,2.8744485864944538e-05
4493,3.420334190290414e-05,3.102498914499283e-05,2.824210037681306e-05,2.873786431516027e-05
4494,3.4195699170618e-05,3.101769637974514e-05,2.8235448232886263e-05,2.8731160567432932e-05
4495,3.4188124483831275e-05,3.101064472119854e-05,2.822864848440208e-05,2.8724045393286462e-05
4496,3.418035503801381e-05,3.100361211387854e-05,2.8222318818705264e-05,2.8717477389229177e-05
4497,3.4172723680567976e-05,3.09966365915475e-05,2.8215385238787715e-05,2.8710642988881273e-05
4498,3.4164821165289324e-05,3.0989649095285426e-05,2.8209060037661742e-05,2.870407874150259e-05
4499,3.415699473933515e-05,3.098265626537121e-05,2.8202373589805584e-05,2.8696969855847635e-05
4500,3.41493363030138e-05,3.097554515492628e-05,2.8195863330778473e-05,2.869032030705113e-05
4501,3.4141879013466714e-05,3.0968486150546955e-05,2.818921069000002e-05,2.8683568196214322e-05
4502,3.413415287816203e-05,3.0961623248713215e-05,2.8182799918150895e-05,2.8676923051539132e-05
4503,3.412650015588797e-05,3.095442917214116e-05,2.8176356801829973e-05,2.867014869372037e-05
4504,3.4118832621321174e-05,3.0947469261887615e-05,2.816996005888551e-05,2.8663107659437216e-05
4505,3.411103864942394e-05,3.094042083589277e-05,2.816310409988878e-05,2.8656685128277426e-05
4506,3.410353844651287e-05,3.093322095022929e-05,2.8156730974817503e-05,2.864991944197338e-05
4507,3.409591456215901e-05,3.0926298728902226e-05,2.8150126275149147e-05,2.86431829702445e-05
4508,3.4088257003908934e-05,3.091931523844991e-05,2.8143464032288592e-05,2.8636204131458744e-05
4509,3.408058521975236e-05,3.0912345894106615e-05,2.8137341025135206e-05,2.8629734352152915e-05
4510,3.407279043005702e-05,3.090535133913947e-05,2.813072828640236e-05,2.862297172925149e-05
4511,3.4065334590886125e-05,3.089852903750827e-05,2.8124222931469993e-05,2.861618384627864e-05
4512,3.405761806739459e-05,3.089144970190352e-05,2.8117766851202596e-05,2.8609507794864527e-05
4513,3.405018461508e-05,3.0884229086876514e-05,2.811117463821186e-05,2.8602950122400212e-05
4514,3.40424456167341e-05,3.0877369000281085e-05,2.810476680003994e-05,2.859619202156311e-05
4515,3.403475637946318e-05,3.087057703166118e-05,2.8097985100969522e-05,2.858940547277217e-05
4516,3.4027230283083683e-05,3.086337297312682e-05,2.8091671559327288e-05,2.8582686279181295e-05
4517,3.401955938550738e-05,3.085621437785375e-05,2.808525786122495e-05,2.8576178386148208e-05
4518,3.4011981890535896e-05,3.084943871478648e-05,2.80786698013948e-05,2.8569715802692297e-05
4519,3.400419646384988e-05,3.0842383131361395e-05,2.8072419540424403e-05,2.8562652599843507e-05
4520,3.399675542408435e-05,3.083549620886016e-05,2.806575346115342e-05,2.855591514665509e-05
4521,3.3989192320329024e-05,3.0828674174327154e-05,2.805925313409271e-05,2.854952642505955e-05
4522,3.398167237343008e-05,3.082153384201391e-05,2.8052941213349133e-05,2.854270312022506e-05
4523,3.3974052205705305e-05,3.08146428633114e-05,2.804649968357015e-05,2.853618946998057e-05
4524,3.3966618993556e-05,3.080766931950932e-05,2.8039993620789712e-05,2.8529455664747332e-05
4525,3.395906127566684e-05,3.080065968642295e-05,2.8033509591498885e-05,2.8522954561428093e-05
4526,3.3951459521261334e-05,3.079394934618622e-05,2.8027313480742566e-05,2.851605974362118e-05
4527,3.394373207222288e-05,3.0787006044813936e-05,2.8020659485852415e-05,2.850969997093272e-05
4528,3.393632774887879e-05,3.0780066917150816e-05,2.8013975058150507e-05,2.8503120412025336e-05
4529,3.3928732961964924e-05,3.077314296927859e-05,2.8007721121777e-05,2.8496280837833467e-05
4530,3.39212108984967e-05,3.076614757052988e-05,2.8001447554309458e-05,2.848955575237198e-05
4531,3.3913787305829524e-05,3.075943041448654e-05,2.799493840691115e-05,2.8482960394812525e-05
4532,3.3906061889157865e-05,3.075239143710302e-05,2.7988493828453438e-05,2.847637949519695e-05
4533,3.3898677678100945e-05,3.074568389638679e-05,2.7982167750358825e-05,2.8469809321333686e-05
4534,3.389112641019064e-05,3.073860433362645e-05,2.797587780137366e-05,2.8463201689345084e-05
4535,3.388349901246552e-05,3.0731964095585816e-05,2.7969227861309878e-05,2.845651579515349e-05
4536,3.3876125025135785e-05,3.072504112698643e-05,2.796296056443283e-05,2.8450111361850138e-05
4537,3.386855851757534e-05,3.071813946935733e-05,2.795648923399648e-05,2.8443423611509286e-05
4538,3.3860908093601344e-05,3.071111486532443e-05,2.7950212231798465e-05,2.8436832839798787e-05
4539,3.3853473532580066e-05,3.0704135701430097e-05,2.794378767097504e-05,2.8430316196251037e-05
4540,3.3845958096536195e-05,3.0697208893637605e-05,2.7937412725402107e-05,2.8423452087316227e-05
4541,3.3838629765064896e-05,3.069035274655896e-05,2.7930986865472335e-05,2.8417181842845997e-05
4542,3.383103396269558e-05,3.0683729579056915e-05,2.7924729930294903e-05,2.84102600572395e-05
4543,3.382368619536547e-05,3.0676732273373776e-05,2.7918263868821673e-05,2.8403825400275013e-05
4544,3.381597789197081e-05,3.0669916349296485e-05,2.7911847677182083e-05,2.8397144484065245e-05
4545,3.380864315522571e-05,3.0663088273515146e-05,2.790557386111098e-05,2.8390709342914828e-05
4546,3.380112051142351e-05,3.065627360247548e-05,2.7899156857655135e-05,2.8384150498858186e-05
4547,3.3793665738620366e-05,3.064930514369428e-05,2.7892906516903433e-05,2.8377612914528222e-05
4548,3.3786223939214345e-05,3.0642678386642856e-05,2.7886446681762217e-05,2.8371209089813626e-05
4549,3.377884506652305e-05,3.0635793923424216e-05,2.7880000941195856e-05,2.836440632811123e-05
4550,3.377125116030135e-05,3.0628852470028506e-05,2.7873769835448087e-05,2.835787541890085e-05
4551,3.3764003626705175e-05,3.062210863448696e-05,2.786759661076624e-05,2.8351522320385728e-05
4552,3.375652240945667e-05,3.0615334822070084e-05,2.7861162482916315e-05,2.8344834313539244e-05
4553,3.374899735629797e-05,3.060855496218504e-05,2.7854642568614672e-05,2.8338278540829174e-05
4554,3.374146799957798e-05,3.0601480170929535e-05,2.7848516057767986e-05,2.833195399077355e-05
4555,3.3734224699598554e-05,3.059478966728345e-05,2.7842269990245508e-05,2.832536888734852e-05
4556,3.3726783473572466e-05,3.058819739205274e-05,2.783593468911217e-05,2.8318590813818993e-05
4557,3.3719373464189655e-05,3.0581131146568876e-05,2.7829446383608253e-05,2.8312357066441013e-05
4558,3.371191723083684e-05,3.057444305141688e-05,2.782337333515562e-05,2.830560402643883e-05
4559,3.37045938654419e-05,3.056772075632568e-05,2.7816845263700903e-05,2.829919118817211e-05
4560,3.369703776907511e-05,3.0560973493725144e-05,2.7810542996966214e-05,2.829271518138089e-05
4561,3.3689682223563024e-05,3.0554300303439606e-05,2.7804075967655618e-05,2.828642124106915e-05
4562,3.3682235490137814e-05,3.0547425512343626e-05,2.7798120371231473e-05,2.827992182801187e-05
4563,3.3675072142192724e-05,3.0540921936277635e-05,2.77916175292491e-05,2.827335686406249e-05
4564,3.366762206261134e-05,3.053378714209023e-05,2.778554625744202e-05,2.8266698853693536e-05
4565,3.366032012867851e-05,3.052710128813538e-05,2.7779269343255987e-05,2.8260111369275544e-05
4566,3.365287447841946e-05,3.052043643564887e-05,2.7772915082754303e-05,2.825401081917109e-05
4567,3.36453480933232e-05,3.0513658478559325e-05,2.776653935649824e-05,2.8247241420503288e-05
4568,3.363797256308011e-05,3.0506859883116512e-05,2.7760380152217565e-05,2.8240938937461236e-05
4569,3.363067391721398e-05,3.0500226243184664e-05,2.7753933821897606e-05,2.8234365951273246e-05
4570,3.362346811342193e-05,3.049346671006203e-05,2.774777505549795e-05,2.8227990204857918e-05
4571,3.3615926794071015e-05,3.048679156113751e-05,2.7741359373894766e-05,2.8221458734207284e-05
4572,3.3608826717797173e-05,3.0480091188757032e-05,2.773528306698848e-05,2.8214843416864735e-05
4573,3.3601328653759114e-05,3.0473209386185034e-05,2.772907311703345e-05,2.8208670016496056e-05
4574,3.359404298477144e-05,3.0466421146878065e-05,2.7722938533870768e-05,2.820216850623359e-05
4575,3.3586646819590774e-05,3.045977751643733e-05,2.771643583444545e-05,2.819574088390804e-05
4576,3.357935993466807e-05,3.0452956167624006e-05,2.771030634978653e-05,2.8189252449861336e-05
4577,3.357191835320293e-05,3.0446184970212097e-05,2.77041488959907e-05,2.818284745694833e-05
4578,3.356463954659376e-05,3.0439784535103773e-05,2.76977986296655e-05,2.817645990063401e-05
4579,3.355729718246467e-05,3.0433078838877302e-05,2.7691616923255787e-05,2.8170220736258583e-05
4580,3.355004130192826e-05,3.04260992836466e-05,2.7685322861128362e-05,2.8163646952648013e-05
4581,3.354282835605512e-05,3.0419563151566193e-05,2.7679215439141384e-05,2.815713985891692e-05
4582,3.3535479050882726e-05,3.041280098681091e-05,2.7672931525559728e-05,2.8150701567840016e-05
4583,3.352814679595055e-05,3.040621389517037e-05,2.766678874252373e-05,2.8144478679692306e-05
4584,3.352084816807102e-05,3.0399504489311384e-05,2.766060439228137e-05,2.813794148876546e-05
4585,3.351362733218196e-05,3.039288063904894e-05,2.7654270137213857e-05,2.8131557387999995e-05
4586,3.3506271296221674e-05,3.038616736098208e-05,2.7648336693850477e-05,2.8125206681503495e-05
4587,3.34991251531524e-05,3.0379484634464543e-05,2.764183600983082e-05,2.8118865750229008e-05
4588,3.349165418711984e-05,3.037274364507696e-05,2.76357082210788e-05,2.8112458709884456e-05
4589,3.348459893978555e-05,3.0366158541472082e-05,2.7629584654553296e-05,2.8105880027059582e-05
4590,3.347727003920252e-05,3.0359554672718877e-05,2.762330834975274e-05,2.8099408819281386e-05
4591,3.346987989707589e-05,3.0352811171988937e-05,2.7617286889706568e-05,2.8093261096542943e-05
4592,3.346268847968388e-05,3.0346146874133827e-05,2.7610970921491495e-05,2.808697704614305e-05
4593,3.3455490664393526e-05,3.0339756215680474e-05,2.7604910007258172e-05,2.8080268028687483e-05
4594,3.3448285655465715e-05,3.0333030643596224e-05,2.7598578027413347e-05,2.8074158684441027e-05
4595,3.344101976243974e-05,3.0326329792706518e-05,2.7592457654457143e-05,2.8067681635701917e-05
4596,3.343368465395817e-05,3.0319647521336455e-05,2.7586363810726502e-05,2.806147569484743e-05
4597,3.342654878883735e-05,3.0312909739454285e-05,2.758011758994387e-05,2.805506036597744e-05
4598,3.341940037499132e-05,3.0306325651727434e-05,2.7573995833631423e-05,2.8048873322766348e-05
4599,3.3412172213175345e-05,3.0299806814405764e-05,2.756777475012785e-05,2.804234993532934e-05
4600,3.3404902321388046e-05,3.0293256937114027e-05,2.7561755868194942e-05,2.8036095390026828e-05
4601,3.3397541450731987e-05,3.0286528304272865e-05,2.7555717466498026e-05,2.8029769539366104e-05
4602,3.339052166686068e-05,3.0280076853616256e-05,2.7549522157202774e-05,2.8023293225877365e-05
4603,3.338332738376258e-05,3.0273425636381432e-05,2.7543461038274205e-05,2.8017004193612572e-05
4604,3.3376124585012886e-05,3.0266766708557843e-05,2.7537125018790182e-05,2.8010787282954135e-05
4605,3.336890030667735e-05,3.0260058830169836e-05,2.7531083057538743e-05,2.8004440876063933e-05
4606,3.336167747032142e-05,3.0253553649277984e-05,2.752497065262952e-05,2.7998131267866093e-05
4607,3.335469426125178e-05,3.0247030994635444e-05,2.751887830774104e-05,2.7991898284380473e-05
4608,3.3347255038021136e-05,3.024042699705487e-05,2.7512920158926163e-05,2.7985543633083957e-05
4609,3.3340094031141505e-05,3.0234012841844618e-05,2.7506776850629663e-05,2.797924629754898e-05
4610,3.3332944282750495e-05,3.022724410306111e-05,2.7500431769852362e-05,2.7972716196643155e-05
4611,3.3325796718599355e-05,3.0220519341056314e-05,2.7494517684453026e-05,2.7966629775509502e-05
4612,3.3318570984553904e-05,3.0213978571723765e-05,2.74883089940387e-05,2.7960282540236826e-05
4613,3.3311486560793175e-05,3.0207625851332568e-05,2.7482222359411014e-05,2.7953956961987712e-05
4614,3.33042609253991e-05,3.0201054680081014e-05,2.7476109241716373e-05,2.79477730122405e-05
4615,3.329714726377652e-05,3.0194446254320703e-05,2.7470037233888017e-05,2.794134197275079e-05
4616,3.328999516233549e-05,3.0187962016116166e-05,2.746403615794237e-05,2.7935051342250278e-05
4617,3.328289988019015e-05,3.018134838879882e-05,2.7457909806194634e-05,2.7928950352625674e-05
4618,3.327567797200427e-05,3.017482355263881e-05,2.7451962996921912e-05,2.7922685970727783e-05
4619,3.326857849316499e-05,3.0168349405807316e-05,2.744563718301467e-05,2.791624031226248e-05
4620,3.326154440378237e-05,3.0161782082341127e-05,2.7439704559191706e-05,2.791017447374886e-05
4621,3.3254390107787176e-05,3.015519346434353e-05,2.7433577813508818e-05,2.7903766409034374e-05
4622,3.324723449209496e-05,3.0148667806203216e-05,2.7427679824582086e-05,2.7897520446902287e-05
4623,3.3240201242484835e-05,3.0142210127777283e-05,2.742150630242878e-05,2.789136211332815e-05
4624,3.3233023125789856e-05,3.0135778604538782e-05,2.7415625892360493e-05,2.788498757436602e-05
4625,3.322588263639784e-05,3.0129061036536847e-05,2.740961566715392e-05,2.7878871486651483e-05
4626,3.3218821951863695e-05,3.012261174020537e-05,2.7403433977456214e-05,2.7872612248371413e-05
4627,3.321181515515767e-05,3.011614325766917e-05,2.739743819745368e-05,2.7866456083698583e-05
4628,3.320469027254177e-05,3.010980956867468e-05,2.7391432787390855e-05,2.786017486214001e-05
4629,3.3197521964509715e-05,3.0103272719273637e-05,2.738527585432015e-05,2.7853965908546756e-05
4630,3.319030437892193e-05,3.0096813955404885e-05,2.7379260073322585e-05,2.784761016145526e-05
4631,3.3183367727697356e-05,3.00902934406067e-05,2.7373302056181093e-05,2.784148885394253e-05
4632,3.317631509045197e-05,3.008362086987634e-05,2.736743047433164e-05,2.7835282504667412e-05
4633,3.316919983375946e-05,3.0077219697590012e-05,2.7361308829319358e-05,2.7829093321764484e-05
4634,3.316214155414408e-05,3.0070836672250984e-05,2.735505343959956e-05,2.7822883390854254e-05
4635,3.3155119947077915e-05,3.0064216900569864e-05,2.7349175682260476e-05,2.7816657596471277e-05
4636,3.314808235689672e-05,3.0057837937113075e-05,2.7343198997099776e-05,2.7810369519179144e-05
4637,3.314096332909079e-05,3.0051310795627194e-05,2.7337338227320242e-05,2.780433975350964e-05
4638,3.313396505748804e-05,3.004486783248629e-05,2.7331315039742638e-05,2.779809396438695e-05
4639,3.3126874721592896e-05,3.0038493064965074e-05,2.732514209810452e-05,2.7791885603824936e-05
4640,3.3119783767224386e-05,3.0031911141204078e-05,2.7319146355282613e-05,2.7785696854102636e-05
4641,3.3112744995256665e-05,3.0025553058151357e-05,2.731314854346713e-05,2.7779617306205542e-05
4642,3.310582322116731e-05,3.001914936770002e-05,2.7307328291845722e-05,2.7773383810050778e-05
4643,3.3098816658272935e-05,3.0012689539111824e-05,2.7301348101090957e-05,2.7767204399872303e-05
4644,3.3091791379110564e-05,3.000633169210704e-05,2.729526359729049e-05,2.776093234088062e-05
4645,3.30847180474431e-05,2.9999952808437152e-05,2.728945396378906e-05,2.775495609970852e-05
4646,3.307770713876451e-05,2.9993469181824606e-05,2.728348433021823e-05,2.774880553633222e-05
4647,3.3070684754799406e-05,2.9986936927174005e-05,2.7277410404034833e-05,2.7742593747919615e-05
4648,3.3063721380442555e-05,2.9980698868057864e-05,2.727140091093599e-05,2.7736377404591516e-05
4649,3.305667392117295e-05,2.997417574691193e-05,2.7265526342849992e-05,2.77302615988034e-05
4650,3.3049755547755865e-05,2.996768256633757e-05,2.7259480370748277e-05,2.772418603480168e-05
4651,3.304275021932519e-05,2.99613424136922e-05,2.7253696970129937e-05,2.7717895899868962e-05
4652,3.303571785541997e-05,2.9955027310022164e-05,2.724776468160608e-05,2.771187230296387e-05
4653,3.3028790614843155e-05,2.994864749939696e-05,2.724172326778778e-05,2.770574280526023e-05
4654,3.302169699559175e-05,2.9942082538618026e-05,2.723576400202698e-05,2.769953293330172e-05
4655,3.301483748350215e-05,2.993574941407659e-05,2.7229767766138087e-05,2.7693666508915144e-05
4656,3.3007778886606475e-05,2.9929455405838044e-05,2.722402552594779e-05,2.768731155916443e-05
4657,3.3000741010686394e-05,2.9923006491611605e-05,2.7217973087878427e-05,2.768115664358273e-05
4658,3.2993881229852233e-05,2.9916721538206654e-05,2.721196024095204e-05,2.7675122127405995e-05
4659,3.298680369080454e-05,2.9910203807132612e-05,2.7206085339303905e-05,2.7669073521173293e-05
4660,3.29800477717934e-05,2.990397082474635e-05,2.720017815969467e-05,2.7662961205163007e-05
4661,3.297296451201881e-05,2.9897560149524375e-05,2.719441167268981e-05,2.765689638614271e-05
4662,3.2966140044650026e-05,2.989120129592221e-05,2.7188411075733398e-05,2.765077207243714e-05
4663,3.2959140190773873e-05,2.9884809204011623e-05,2.7182529908252618e-05,2.764462927358063e-05
4664,3.2952126308805536e-05,2.987856691694619e-05,2.7176692903245403e-05,2.7638558718889637e-05
4665,3.294530448196139e-05,2.987213849488189e-05,2.717060169635649e-05,2.7632461260173278e-05
4666,3.293834112383974e-05,2.986580965189524e-05,2.716480306564568e-05,2.762639139754498e-05
4667,3.2931473761273254e-05,2.9859559257820328e-05,2.715894876829942e-05,2.7620281784307056e-05
4668,3.292453263729697e-05,2.985316847327221e-05,2.7153072225150085e-05,2.7614265954262048e-05
4669,3.291769652985539e-05,2.9846757696870068e-05,2.7147085979894072e-05,2.760824579742515e-05
4670,3.291072139839519e-05,2.9840410720072748e-05,2.714117380185358e-05,2.760214693957576e-05
4671,3.290373775290138e-05,2.98340298817042e-05,2.7135435883637415e-05,2.7596081537736417e-05
4672,3.289682142366908e-05,2.9827780637546393e-05,2.71297469962788e-05,2.7589968784695863e-05
4673,3.289000948358527e-05,2.982150032959073e-05,2.7123738423318075e-05,2.7584096847294265e-05
4674,3.2883157528800175e-05,2.9815243796805628e-05,2.7117876644525914e-05,2.7577947644612708e-05
4675,3.2876207703453654e-05,2.9809063592604285e-05,2.7111896383994187e-05,2.7571861396560744e-05
4676,3.286921620195e-05,2.980261594284296e-05,2.710600478493909e-05,2.756578653387011e-05
4677,3.2862517187191265e-05,2.9796238881503212e-05,2.710041467367547e-05,2.75598329330531e-05
4678,3.2855625378503746e-05,2.9790047523659037e-05,2.709451177298399e-05,2.7553800652479234e-05
4679,3.284875013933058e-05,2.9783663729199002e-05,2.7088621109648623e-05,2.7547630871084132e-05
4680,3.284182732948731e-05,2.9777517783746593e-05,2.7082715642621093e-05,2.754160192921478e-05
4681,3.283506065363378e-05,2.977110297608708e-05,2.707688287689617e-05,2.7535717123325413e-05
4682,3.282817892773423e-05,2.976474463585208e-05,2.707107787494666e-05,2.752968812650873e-05
4683,3.282131311697045e-05,2.9758528719155177e-05,2.7065127924558048e-05,2.7523741189172192e-05
4684,3.281439775924654e-05,2.975225918665096e-05,2.7059447134490576e-05,2.7517698326062816e-05
4685,3.280756774963874e-05,2.9745914702233913e-05,2.705352857077342e-05,2.7511647317977427e-05
4686,3.2800738925076086e-05,2.9739697528865716e-05,2.7047676741864313e-05,2.7505748785140813e-05
4687,3.279396205852527e-05,2.97334069472751e-05,2.704182243951335e-05,2.7499584246129864e-05
4688,3.278704583551317e-05,2.9727243328400776e-05,2.7036081147175676e-05,2.7493441520427802e-05
4689,3.27802675136587e-05,2.9720951333573336e-05,2.703034124352994e-05,2.7487743209742995e-05
4690,3.277334940863911e-05,2.97146084782791e-05,2.702460998802154e-05,2.748156359033059e-05
4691,3.276668723224457e-05,2.9708366759380252e-05,2.701875902728619e-05,2.7475583239371296e-05
4692,3.275994497759833e-05,2.970217209665088e-05,2.7012890037087398e-05,2.746975183460198e-05
4693,3.2752957277662596e-05,2.969578736234403e-05,2.7007317744419742e-05,2.746368782586816e-05
4694,3.2746136358847155e-05,2.9689800782352036e-05,2.7001351835500348e-05,2.745772334837118e-05
4695,3.273940827811205e-05,2.9683397673028978e-05,2.6995472431571096e-05,2.7451730578032585e-05
4696,3.273251046934304e-05,2.9677203297714408e-05,2.698979808766189e-05,2.7445837841168845e-05
4697,3.2725738382870996e-05,2.967103393442764e-05,2.6984015548412965e-05,2.743984459124128e-05
4698,3.271899837061375e-05,2.966480923889904e-05,2.6978230429648915e-05,2.74338224522536e-05
4699,3.271218487923259e-05,2.965846939957846e-05,2.6972373546020483e-05,2.74280420786112e-05
4700,3.2705400540876575e-05,2.9652384861195894e-05,2.696661622456889e-05,2.7422074350413063e-05
4701,3.26986072592565e-05,2.964612476418096e-05,2.696085348777263e-05,2.7416051905391402e-05
4702,3.269183716029939e-05,2.964003046823342e-05,2.695517225777504e-05,2.7410011724614037e-05
4703,3.2684974653482726e-05,2.9633770050939066e-05,2.6949402880968183e-05,2.7404097351378665e-05
4704,3.267827830423086e-05,2.962756477482007e-05,2.6943520248724986e-05,2.7398123701132844e-05
4705,3.2671482117492175e-05,2.962141683498801e-05,2.6938050850874596e-05,2.7392298597257432e-05
4706,3.266482761909422e-05,2.9615154745826715e-05,2.6932242837361228e-05,2.738632809206597e-05
4707,3.265797659279032e-05,2.9609014511505913e-05,2.6926518983524768e-05,2.738036761626202e-05
4708,3.26513126177689e-05,2.9602703595256712e-05,2.6920678368967743e-05,2.7374610289072946e-05
4709,3.2644550378242e-05,2.9596633632503104e-05,2.6914973921421575e-05,2.736862240299022e-05
4710,3.263775804656127e-05,2.9590413439776107e-05,2.69091626573883e-05,2.736267159331762e-05
4711,3.263100900357245e-05,2.9584327375753476e-05,2.6903407484769275e-05,2.7356716363088444e-05
4712,3.262428759035655e-05,2.9578091684047585e-05,2.6897805111865946e-05,2.735081448883342e-05
4713,3.261753729745478e-05,2.957194282515824e-05,2.689203146859829e-05,2.734482949666037e-05
4714,3.261087501889715e-05,2.9565724956727288e-05,2.6886325047295794e-05,2.733901442439378e-05
4715,3.2604224694080665e-05,2.9559555040730465e-05,2.688068961632341e-05,2.7332997031349908e-05
4716,3.259745940540174e-05,2.9553467557614716e-05,2.6874843965039412e-05,2.7327314286008162e-05
4717,3.2590825691811884e-05,2.9547301863810607e-05,2.686925975118215e-05,2.732135719764604e-05
4718,3.258401870361383e-05,2.9541177700230697e-05,2.6863561644704564e-05,2.731555087328371e-05
4719,3.257732630706666e-05,2.9535031795725654e-05,2.6857748123618546e-05,2.7309623051317904e-05
4720,3.2570676458581934e-05,2.952884150884905e-05,2.6852021730371174e-05,2.730373352156842e-05
4721,3.256394137427565e-05,2.9522892754525338e-05,2.684643733672697e-05,2.72978357689823e-05
4722,3.255722966654523e-05,2.9516634025307953e-05,2.684055288452297e-05,2.7292147926572293e-05
4723,3.2550553202930735e-05,2.9510662217152452e-05,2.6835098252060164e-05,2.7286036928894427e-05
4724,3.254386220587162e-05,2.9504536528260328e-05,2.6829315723369283e-05,2.7280229140974844e-05
4725,3.2537142375028525e-05,2.9498380441439464e-05,2.6823664185331575e-05,2.7274327304720727e-05
4726,3.253053429090337e-05,2.949220901162972e-05,2.6817979369441208e-05,2.726853911446892e-05
4727,3.252380312596424e-05,2.9486026927687702e-05,2.6812328140905263e-05,2.7262756538880564e-05
4728,3.251715904832791e-05,2.947979914157505e-05,2.680653429002294e-05,2.72567722354221e-05
4729,3.251052629852479e-05,2.9473954010912424e-05,2.6801018148988663e-05,2.725108308328774e-05
4730,3.2503865255350716e-05,2.946781135461329e-05,2.6795353882504033e-05,2.7245089322497743e-05
4731,3.249720643458337e-05,2.946182532451945e-05,2.6789612719851477e-05,2.7239219482529778e-05
4732,3.2490594129972565e-05,2.945549249805681e-05,2.6784003157062373e-05,2.7233488757020145e-05
4733,3.248392150237584e-05,2.9449495608079033e-05,2.6778468596009923e-05,2.7227824483003987e-05
4734,3.247725755097734e-05,2.9443308144650413e-05,2.677273541155791e-05,2.722177576767045e-05
4735,3.247056903442446e-05,2.9437351134256863e-05,2.6767055680158163e-05,2.721599130836158e-05
4736,3.246399569430159e-05,2.9431274399411094e-05,2.6761401590979055e-05,2.7210124620741876e-05
4737,3.245735694352815e-05,2.942520221641257e-05,2.6755802828802136e-05,2.72045242127776e-05
4738,3.245067746242554e-05,2.9419106683295364e-05,2.675015143264798e-05,2.7198563293238984e-05
4739,3.244412842530004e-05,2.941305299026234e-05,2.6744464459826983e-05,2.7192758822837797e-05
4740,3.243755063204761e-05,2.9406902959880528e-05,2.6738879978905967e-05,2.7186932221149975e-05
4741,3.24308560258218e-05,2.9400920464122897e-05,2.6733302270638674e-05,2.718114169390312e-05
4742,3.242420266739224e-05,2.939495054610995e-05,2.6727571734619605e-05,2.7175277708823917e-05
4743,3.2417653806187695e-05,2.9388954558188895e-05,2.6722112826358895e-05,2.7169496689961225e-05
4744,3.241102987122186e-05,2.938279950086811e-05,2.6716360495490857e-05,2.7163810962294826e-05
4745,3.2404462955915306e-05,2.9376716461791914e-05,2.6710931636742046e-05,2.715804517742978e-05
4746,3.239786498758946e-05,2.937081796314726e-05,2.6705157351649864e-05,2.7152145683024665e-05
4747,3.239134516676766e-05,2.9364680468884936e-05,2.6699580899746616e-05,2.7146406426595724e-05
4748,3.238466182483489e-05,2.9358682639160682e-05,2.669401593894643e-05,2.7140601643977274e-05
4749,3.2378116006964405e-05,2.9352685926135867e-05,2.668845115913483e-05,2.7134941058743926e-05
4750,3.237150196112806e-05,2.9346589262846478e-05,2.6682810766787874e-05,2.7129154142699626e-05
4751,3.236485183489239e-05,2.9340662478452094e-05,2.6677209534145984e-05,2.7123365838212827e-05
4752,3.2358407895404794e-05,2.9334510599610164e-05,2.6671643988778942e-05,2.711758255866154e-05
4753,3.235179841493327e-05,2.932847425580264e-05,2.6665971164442027e-05,2.711180471365239e-05
4754,3.2345226322217656e-05,2.9322550280675005e-05,2.6660476749240806e-05,2.7106001653990083e-05
4755,3.233873356262304e-05,2.9316521557024083e-05,2.6654974545317887e-05,2.7100285985673116e-05
4756,3.2332063043023304e-05,2.9310509753981375e-05,2.6649440418932628e-05,2.7094605930872187e-05
4757,3.2325547648314873e-05,2.9304492178589052e-05,2.6643764155472706e-05,2.708886900282316e-05
4758,3.231903952487102e-05,2.929852848957617e-05,2.663824367957378e-05,2.708308507676833e-05
4759,3.231253107360483e-05,2.929252345068137e-05,2.6632718367044752e-05,2.707746690252278e-05
4760,3.230602348837355e-05,2.9286606183312145e-05,2.6627195898826333e-05,2.7071576477508306e-05
4761,3.229946929092124e-05,2.928061379263453e-05,2.6621570219413118e-05,2.7065893585921748e-05
4762,3.2292906686477954e-05,2.9274497209446285e-05,2.6616002211522646e-05,2.7060171939976195e-05
4763,3.2286396660897835e-05,2.9268564714024784e-05,2.661035090091042e-05,2.7054502530655915e-05
4764,3.2279915599346016e-05,2.9262603623430145e-05,2.660494531268515e-05,2.704882509364549e-05
4765,3.227337723863102e-05,2.9256669532653246e-05,2.659940881082285e-05,2.7042983830762032e-05
4766,3.2266802987886496e-05,2.9250788483246555e-05,2.659386453007239e-05,2.7037287108123712e-05
4767,3.22603055635072e-05,2.9244750513765003e-05,2.6588300142761793e-05,2.703155158113464e-05
4768,3.2253760305051865e-05,2.9238754586726393e-05,2.658278340063162e-05,2.7025924351475766e-05
4769,3.2247297093825484e-05,2.923284895281057e-05,2.6577265026062646e-05,2.7020225433930084e-05
4770,3.224086892590102e-05,2.9226903486753373e-05,2.6571758912494076e-05,2.7014523600314926e-05
4771,3.2234339341182775e-05,2.9220968351716245e-05,2.656628474938013e-05,2.700884134498342e-05
4772,3.222787291646389e-05,2.921500279074054e-05,2.6560785951374745e-05,2.7003113337206697e-05
4773,3.222131015229977e-05,2.9209087363038876e-05,2.6555172583100343e-05,2.6997511313668488e-05
4774,3.221490700186181e-05,2.920316926129651e-05,2.654963784706257e-05,2.699171467969405e-05
4775,3.220846964083125e-05,2.9197173746275713e-05,2.6544259052151043e-05,2.6986081923769745e-05
4776,3.2201948201849976e-05,2.9191286858668725e-05,2.6538688217840473e-05,2.6980275653444317e-05
4777,3.219556302176437e-05,2.9185368392996443e-05,2.653322649441354e-05,2.6974727104226752e-05
4778,3.218901808865637e-05,2.917937487758459e-05,2.652770009524448e-05,2.696909507175626e-05
4779,3.218252723497298e-05,2.917352690989145e-05,2.6522232802483276e-05,2.696340472402734e-05
4780,3.2176116918968476e-05,2.916770680639914e-05,2.6516748446033856e-05,2.6957799425071537e-05
4781,3.2169647504248003e-05,2.9161666599172458e-05,2.651123548787431e-05,2.6952069428883523e-05
4782,3.2163152279035054e-05,2.9155704137710322e-05,2.65057202234218e-05,2.6946366935953406e-05
4783,3.215680011516826e-05,2.9149885634655193e-05,2.650023376832275e-05,2.6940837521626988e-05
4784,3.2150298613064555e-05,2.914402928867726e-05,2.649482648035416e-05,2.693518844612182e-05
4785,3.2143858978725484e-05,2.9138063871079403e-05,2.648928583814604e-05,2.6929508880932228e-05
4786,3.2137434632058216e-05,2.9132168766441995e-05,2.6483829681383862e-05,2.692379260412277e-05
4787,3.2131005443560886e-05,2.912633570587776e-05,2.6478403770917285e-05,2.6918124652900573e-05
4788,3.2124592645199774e-05,2.9120415161760925e-05,2.6472850433184987e-05,2.6912477456637224e-05
4789,3.211821456084947e-05,2.9114569018185783e-05,2.6467354995876373e-05,2.690698316934791e-05
4790,3.2111799739753145e-05,2.9108619594541777e-05,2.6461939964616165e-05,2.690125452719338e-05
4791,3.2105310154169815e-05,2.9102770668935078e-05,2.6456679370622616e-05,2.6895777408550392e-05
4792,3.209889390679841e-05,2.9096968812188497e-05,2.6451175098633727e-05,2.689008202917104e-05
4793,3.209251513574127e-05,2.9091053426721665e-05,2.6445645935103228e-05,2.6884382621004574e-05
4794,3.2086129029681895e-05,2.9085175752881134e-05,2.6440199558422522e-05,2.687883230011832e-05
4795,3.207965629794241e-05,2.9079340258055903e-05,2.643486506269651e-05,2.6873083672588215e-05
4796,3.2073311640588345e-05,2.9073416438357276e-05,2.6429343326602317e-05,2.6867600400699815e-05
4797,3.206690882954677e-05,2.9067582428609734e-05,2.642388329522314e-05,2.686192349232181e-05
4798,3.206064118669682e-05,2.906173588566637e-05,2.6418476596905513e-05,2.68563834547885e-05
4799,3.205411292333081e-05,2.905585934477883e-05,2.641314167414457e-05,2.685086512085612e-05
4800,3.2047786477567404e-05,2.905000803357217e-05,2.6407640253549362e-05,2.6845185824024077e-05
4801,3.204136791518921e-05,2.904423111489198e-05,2.64022851804931e-05,2.6839616418252818e-05
4802,3.20350133540341e-05,2.9038413574983185e-05,2.639688291658453e-05,2.6833974904071387e-05
4803,3.202864359227027e-05,2.9032647700791807e-05,2.6391471995275003e-05,2.6828417196081468e-05
4804,3.2022265875039466e-05,2.9026738893710024e-05,2.6386012639939803e-05,2.6822937030909762e-05
4805,3.201590870486723e-05,2.902082289838568e-05,2.638070796084033e-05,2.6817305947777794e-05
4806,3.200955568500573e-05,2.9015019451600123e-05,2.6375264522354322e-05,2.6811736727901207e-05
4807,3.200325472007349e-05,2.900917019833778e-05,2.636980382486121e-05,2.6806185111583655e-05
4808,3.1996828482473445e-05,2.900346025873932e-05,2.63644061772592e-05,2.680064074865937e-05
4809,3.199053714796877e-05,2.8997575705299043e-05,2.6359000483490722e-05,2.6795014613503567e-05
4810,3.198423339115462e-05,2.8991807868768224e-05,2.635363247619636e-05,2.6789472819228876e-05
4811,3.197782778003954e-05,2.898602552041318e-05,2.634828231561486e-05,2.678398663037974e-05
4812,3.197149905941949e-05,2.898017799119185e-05,2.6342853538095352e-05,2.6778360131194736e-05
4813,3.1965239397574426e-05,2.8974399002345647e-05,2.633748122081489e-05,2.6772890311937317e-05
4814,3.195892826227318e-05,2.8968607278332216e-05,2.633208298843622e-05,2.676733071371593e-05
4815,3.19525857536139e-05,2.8962897624341594e-05,2.6326704853611782e-05,2.6761779839025492e-05
4816,3.1946275145005353e-05,2.8957129352230984e-05,2.6321376933211204e-05,2.6756272581829574e-05
4817,3.193992365192805e-05,2.8951362899311297e-05,2.6316057700097667e-05,2.6750732875166004e-05
4818,3.1933656197748815e-05,2.8945418977229272e-05,2.6310669741373855e-05,2.67451595850793e-05
4819,3.1927358005352266e-05,2.8939722378060122e-05,2.6305337868405393e-05,2.6739671850035518e-05
4820,3.192100769562488e-05,2.8934006769931564e-05,2.629997087789294e-05,2.6734124811908325e-05
4821,3.1914740469553694e-05,2.8928224279709667e-05,2.629466222961519e-05,2.672854499980246e-05
4822,3.190842254962755e-05,2.892249183645963e-05,2.6289186579862368e-05,2.672304407587203e-05
4823,3.1902137020422414e-05,2.8916719507372274e-05,2.628395998109613e-05,2.6717622076612402e-05
4824,3.189590256765005e-05,2.891093524186942e-05,2.627863894481863e-05,2.6711974063601993e-05
4825,3.1889530887627105e-05,2.8905155086222847e-05,2.6273304719101335e-05,2.6706535448210305e-05
4826,3.188329438381212e-05,2.8899394189105117e-05,2.6267992479173316e-05,2.670103439091481e-05
4827,3.1877076716584074e-05,2.8893661240615773e-05,2.626260316263128e-05,2.6695636590349317e-05
4828,3.187073118968053e-05,2.888794181545201e-05,2.6257258518498956e-05,2.6690096493839774e-05
4829,3.1864471246490505e-05,2.8882222775724743e-05,2.6251940245339666e-05,2.668452741666141e-05
4830,3.185817693851618e-05,2.8876448458766622e-05,2.624660847918857e-05,2.667906467818868e-05
4831,3.185189111968045e-05,2.8870702659764296e-05,2.624127509918839e-05,2.667366780462566e-05
4832,3.1845684005450456e-05,2.8865018390915055e-05,2.6235923656258617e-05,2.666812589377134e-05
4833,3.183947839085199e-05,2.885932551248407e-05,2.6230584346689703e-05,2.666266037395937e-05
4834,3.183321395104163e-05,2.8853517864158534e-05,2.6225403756851405e-05,2.6657166118744265e-05
4835,3.1826935673796326e-05,2.8847877532752376e-05,2.6220016791745948e-05,2.6651714618333668e-05
4836,3.182073804746881e-05,2.8842079277047708e-05,2.6214790441676837e-05,2.6646182768820313e-05
4837,3.1814424220148644e-05,2.883641752971425e-05,2.6209424841287004e-05,2.6640771435672818e-05
4838,3.180817550251326e-05,2.883072689178999e-05,2.620419487902823e-05,2.663526533965255e-05
4839,3.180199339876804e-05,2.882510367538962e-05,2.6198887806243464e-05,2.662984859214945e-05
4840,3.179577344315072e-05,2.8819262847403822e-05,2.6193627052861734e-05,2.6624320921673917e-05
4841,3.178954163701774e-05,2.881361868160683e-05,2.6188304844522503e-05,2.6618874432176043e-05
4842,3.178331022137746e-05,2.8807920118868674e-05,2.61829806004862e-05,2.6613441975522814e-05
4843,3.177711563432357e-05,2.8802237265315376e-05,2.6177721926361055e-05,2.6608011776672617e-05
4844,3.177088552697545e-05,2.8796489296463064e-05,2.6172445913790182e-05,2.6602558648283717e-05
4845,3.176465902200387e-05,2.879085293870325e-05,2.6167198385302677e-05,2.6597123216481783e-05
4846,3.175852364270707e-05,2.8785160253221994e-05,2.616198676837168e-05,2.659164561885287e-05
4847,3.175230569209763e-05,2.877948883694391e-05,2.6156643256739343e-05,2.6586301867048172e-05
4848,3.174607259386433e-05,2.8773751736309293e-05,2.6151409741848633e-05,2.6580739105975478e-05
4849,3.17400065833841e-05,2.8768122899756716e-05,2.614621849902471e-05,2.657537715520997e-05
4850,3.173379039248546e-05,2.8762468359271698e-05,2.6140869949250116e-05,2.6570057598597924e-05
4851,3.1727593854893364e-05,2.875682711302242e-05,2.6135556065941244e-05,2.656456456903579e-05
4852,3.172139657891179e-05,2.8751138281976168e-05,2.6130347022637502e-05,2.6559107333270436e-05
4853,3.1715206872695105e-05,2.8745455771434428e-05,2.6125080632779016e-05,2.6553680499611255e-05
4854,3.170897930495755e-05,2.873983051181173e-05,2.6119896820685777e-05,2.654829366542441e-05
4855,3.170285665647514e-05,2.873417663939627e-05,2.6114705866742296e-05,2.6542977238182795e-05
4856,3.1696711725582715e-05,2.8728553357377023e-05,2.610943460281928e-05,2.6537492149956144e-05
4857,3.1690518370206944e-05,2.8722900492240535e-05,2.6104169060926597e-05,2.653209530567578e-05
4858,3.1684366355461894e-05,2.8717218743560398e-05,2.6098905717416688e-05,2.6526799582482798e-05
4859,3.167819286473112e-05,2.8711697123566417e-05,2.6093642569255436e-05,2.6521357485135026e-05
4860,3.167201752405333e-05,2.870594010540621e-05,2.6088460496776184e-05,2.651592901879987e-05
4861,3.16659331015881e-05,2.8700344942007046e-05,2.6083354289676184e-05,2.651058610060047e-05
4862,3.165979237102754e-05,2.86947154439226e-05,2.6078044432592337e-05,2.6505098959054277e-05
4863,3.16536484278131e-05,2.8689193451404837e-05,2.6072864251362682e-05,2.6499836601343765e-05
4864,3.164749589828646e-05,2.868355300775847e-05,2.606758750236753e-05,2.6494452037731405e-05
4865,3.164135689353411e-05,2.8677914687302652e-05,2.6062431042573053e-05,2.6489093012762965e-05
4866,3.163519861747206e-05,2.8672285617667307e-05,2.6057190201433127e-05,2.6483664378329773e-05
4867,3.162906677044981e-05,2.8666644037605005e-05,2.6052060708289582e-05,2.6478314870010954e-05
4868,3.1622993110008234e-05,2.8661077059443735e-05,2.6046768575278356e-05,2.647298003406851e-05
4869,3.1616868259248235e-05,2.8655482827401672e-05,2.6041601178563552e-05,2.6467579799579397e-05
4870,3.161070741060608e-05,2.864984676609472e-05,2.6036495712042635e-05,2.64621903478368e-05
4871,3.16046464999134e-05,2.86443706515739e-05,2.6031270573026368e-05,2.64569163277087e-05
4872,3.1598543818051915e-05,2.8638718249071027e-05,2.6026081565846472e-05,2.6451495458895632e-05
4873,3.15924390586671e-05,2.8633177039141707e-05,2.602084383036436e-05,2.6446215649607794e-05
4874,3.158631513170705e-05,2.8627557111154415e-05,2.6015732887923378e-05,2.6440876352275565e-05
4875,3.1580255801181085e-05,2.8621861034827607e-05,2.60104711661817e-05,2.6435467429895222e-05
4876,3.157418281255964e-05,2.8616391487463695e-05,2.600537205467746e-05,2.643016388349931e-05
4877,3.1568099077776406e-05,2.8610728489930708e-05,2.6000153187636406e-05,2.642486201845573e-05
4878,3.1561981828951784e-05,2.8605269900789897e-05,2.5995119219712794e-05,2.641951587559783e-05
4879,3.155587429092835e-05,2.8599569168452354e-05,2.59898189499213e-05,2.6414178839568434e-05
4880,3.15498171680885e-05,2.8594000874276977e-05,2.5984717644386368e-05,2.6408837224899938e-05
4881,3.154373192458762e-05,2.8588548066717706e-05,2.5979613423180703e-05,2.6403624316364463e-05
4882,3.153768208408419e-05,2.8583019194774294e-05,2.5974442584418308e-05,2.639824624065696e-05
4883,3.1531658691951176e-05,2.8577369955380344e-05,2.5969236014985853e-05,2.639293669639319e-05
4884,3.15255071657246e-05,2.8571841105671567e-05,2.5964066507934035e-05,2.638760418432651e-05
4885,3.151952579224115e-05,2.8566324276028017e-05,2.5959019579317907e-05,2.638229335788306e-05
4886,3.1513437407948235e-05,2.8560783559407202e-05,2.5953854330920543e-05,2.6377037679687822e-05
4887,3.150744947659539e-05,2.8555194446188904e-05,2.5948676318574034e-05,2.637170765834598e-05
4888,3.1501357340827476e-05,2.854968474745698e-05,2.594352954106902e-05,2.6366372336927784e-05
4889,3.1495320697926456e-05,2.854418188600116e-05,2.593839128327678e-05,2.6360998207654886e-05
4890,3.1489318196377615e-05,2.8538604150248414e-05,2.593329243196954e-05,2.635579286986718e-05
4891,3.148320325057453e-05,2.853308043045034e-05,2.5928110655108594e-05,2.635050167394485e-05
4892,3.1477209985245125e-05,2.85275432626448e-05,2.5923064690111655e-05,2.6345252770410376e-05
4893,3.147118104668872e-05,2.8522097605834916e-05,2.5917953899081427e-05,2.6339940255726912e-05
4894,3.1465136121752675e-05,2.8516502744153805e-05,2.5912826384590263e-05,2.6334650330347464e-05
4895,3.145915132417025e-05,2.851102674087913e-05,2.590769802162184e-05,2.6329334126077742e-05
4896,3.145309107214664e-05,2.8505502010710517e-05,2.5902633821000804e-05,2.6324163798723392e-05
4897,3.144714893504993e-05,2.850004637595297e-05,2.5897502940950252e-05,2.6318902904938398e-05
4898,3.144114783176062e-05,2.8494498539489762e-05,2.589244181114835e-05,2.631368444453625e-05
4899,3.143508275897902e-05,2.8488952626730597e-05,2.5887245324704857e-05,2.630833593042957e-05
4900,3.142910994179418e-05,2.8483533849686914e-05,2.5882179430626712e-05,2.6303056757621666e-05
4901,3.1423090619602046e-05,2.8478001184523363e-05,2.5877056718749736e-05,2.6297790562418025e-05
4902,3.141709145012722e-05,2.847244911148558e-05,2.5872021225940428e-05,2.6292576653344373e-05
4903,3.141106641749657e-05,2.846699089961511e-05,2.5866842281170336e-05,2.628731616123236e-05
4904,3.140511564831348e-05,2.846150053635074e-05,2.58618321065179e-05,2.628212599339956e-05
4905,3.139915652476183e-05,2.845608706802491e-05,2.5856755800337986e-05,2.627683163002201e-05
4906,3.1393130282838604e-05,2.845061481404921e-05,2.5851678874942624e-05,2.6271621607375575e-05
4907,3.138716661393111e-05,2.8445092739017657e-05,2.5846591983882578e-05,2.626637604987312e-05
4908,3.138117378204291e-05,2.843965854296966e-05,2.584152257620994e-05,2.6261103340354254e-05
4909,3.1375222721431416e-05,2.8434153285223767e-05,2.583650208439034e-05,2.6255893303322723e-05
4910,3.136922804291445e-05,2.8428707866299952e-05,2.583137162616246e-05,2.625062747676861e-05
4911,3.136327518453456e-05,2.8423154915801618e-05,2.5826348008403968e-05,2.624540531784799e-05
4912,3.135726725025257e-05,2.8417805537309514e-05,2.5821303636564065e-05,2.62402256344272e-05
4913,3.1351366054521633e-05,2.84123710252712e-05,2.5816240012778794e-05,2.6235042662422615e-05
4914,3.134541391241153e-05,2.8406934698330076e-05,2.5811116986030947e-05,2.622979779082374e-05
4915,3.133949814449244e-05,2.840146378580328e-05,2.580606229354451e-05,2.6224635639858174e-05
4916,3.1333534759220846e-05,2.83960433283515e-05,2.5801029650875416e-05,2.6219412289218022e-05
4917,3.1327546924577404e-05,2.839055340824432e-05,2.579594150260549e-05,2.6214115914135187e-05
4918,3.132168423249637e-05,2.8385143722153174e-05,2.579096852931655e-05,2.62090277954614e-05
4919,3.1315730194658164e-05,2.8379671177535107e-05,2.5785924286978505e-05,2.6203798432650947e-05
4920,3.130975779866512e-05,2.837426557933486e-05,2.5780875271840426e-05,2.619861369216675e-05
4921,3.1303837471307636e-05,2.8368790528219573e-05,2.5775812311438464e-05,2.6193399348020904e-05
4922,3.129788983646872e-05,2.836338963909294e-05,2.5770827456440144e-05,2.618822853565411e-05
4923,3.1292033217671037e-05,2.8357951179315822e-05,2.576580949894052e-05,2.6183005213629997e-05
4924,3.128614092806788e-05,2.835257667025083e-05,2.5760812562025624e-05,2.6177799889701855e-05
4925,3.128013091928853e-05,2.8347147697561817e-05,2.575575888027502e-05,2.6172697949472976e-05
4926,3.12742949407018e-05,2.8341769640755964e-05,2.575072180898719e-05,2.6167492518357117e-05
4927,3.126834719244598e-05,2.833631833997776e-05,2.574570029804726e-05,2.6162281292370708e-05
4928,3.1262448491487675e-05,2.8330982591820156e-05,2.5740763646232777e-05,2.6157079616448336e-05
4929,3.125663084118423e-05,2.832552221680604e-05,2.5735707498730198e-05,2.6152025982371758e-05
4930,3.125063948247957e-05,2.8320187159389078e-05,2.5730652688080933e-05,2.6146792968343895e-05
4931,3.124475352360657e-05,2.831470901057156e-05,2.5725675114890368e-05,2.6141682511610395e-05
4932,3.123889320177655e-05,2.830934509277603e-05,2.5720652750674853e-05,2.6136566726910055e-05
4933,3.12330411132648e-05,2.8303966970133867e-05,2.571560414491189e-05,2.6131383358076594e-05
4934,3.122711762316549e-05,2.8298587628344363e-05,2.5710731973725602e-05,2.612616210884932e-05
4935,3.1221213523037824e-05,2.829316836719396e-05,2.5705708474034164e-05,2.6121093463263085e-05
4936,3.121536079101296e-05,2.8287789810932532e-05,2.5700705725216744e-05,2.6115969203088364e-05
4937,3.12094864054512e-05,2.828243562837708e-05,2.5695737423827003e-05,2.6110719393062084e-05
4938,3.120365976149868e-05,2.8277080389171767e-05,2.5690698591853788e-05,2.6105572765341444e-05
4939,3.119771656132862e-05,2.827170428887207e-05,2.5685787552450316e-05,2.6100526014500712e-05
4940,3.1191912468875815e-05,2.8266295913346764e-05,2.5680787267101094e-05,2.6095404275956048e-05
4941,3.11860640990252e-05,2.8260929733383218e-05,2.5675893661416322e-05,2.609025358952532e-05
4942,3.118016060486977e-05,2.8255644345128597e-05,2.567090024626105e-05,2.608513334216198e-05
4943,3.11743201185069e-05,2.8250319164786277e-05,2.566590175432656e-05,2.6080030322047845e-05
4944,3.1168503399568744e-05,2.8244854312891323e-05,2.5660988345839582e-05,2.6074833602129688e-05
4945,3.1162685897920753e-05,2.8239531352909397e-05,2.5655995830347258e-05,2.6069730685455867e-05
4946,3.11568148406727e-05,2.8234215054837617e-05,2.5651036110697578e-05,2.6064627129296803e-05
4947,3.115096774552943e-05,2.822887523096706e-05,2.5646108844822042e-05,2.605954545146446e-05
4948,3.114518223033385e-05,2.8223509249741945e-05,2.56411170076674e-05,2.605439474751003e-05
4949,3.113930101665596e-05,2.821816099325721e-05,2.5636179368437732e-05,2.6049311139310907e-05
4950,3.11334867978253e-05,2.8212870402421626e-05,2.563127843837217e-05,2.604422557498795e-05
4951,3.112764411791997e-05,2.8207490021284484e-05,2.562634625205635e-05,2.6039145779933653e-05
4952,3.112185537324692e-05,2.8202162038802022e-05,2.5621378062558104e-05,2.6034037014654635e-05
4953,3.1116005636342757e-05,2.8196869524613508e-05,2.561645052678593e-05,2.6028918313416156e-05
4954,3.111019985210905e-05,2.819153868665431e-05,2.5611483916990764e-05,2.6023818137316633e-05
4955,3.110445540193392e-05,2.8186199275240085e-05,2.5606560405366266e-05,2.6018761177302694e-05
4956,3.1098655938900106e-05,2.8180928694160817e-05,2.5601635156103854e-05,2.6013690876580872e-05
4957,3.1092831296255966e-05,2.817557483066311e-05,2.559673618141046e-05,2.600860449737827e-05
4958,3.108704443278707e-05,2.817030093653251e-05,2.5591848634729878e-05,2.6003541025782875e-05
4959,3.1081236591878294e-05,2.8164990167697438e-05,2.5586817831999858e-05,2.5998453500542245e-05
4960,3.10754078637527e-05,2.815964677382455e-05,2.5581957423725724e-05,2.5993383561513737e-05
4961,3.106964524679205e-05,2.8154390235124568e-05,2.5577088050786957e-05,2.59883115110794e-05
4962,3.106387334500628e-05,2.8149101701288783e-05,2.557219931722956e-05,2.5983242476430338e-05
4963,3.1058058752193845e-05,2.814378720028949e-05,2.556728420576242e-05,2.597820935699969e-05
4964,3.105230549541892e-05,2.81385237695996e-05,2.556236496655622e-05,2.5973121213035672e-05
4965,3.104648981621238e-05,2.8133250982285644e-05,2.5557468868311793e-05,2.5968111551142322e-05
4966,3.104076076165071e-05,2.8127901048436117e-05,2.5552493827413798e-05,2.5963015279779495e-05
4967,3.103497429953289e-05,2.8122688928676323e-05,2.5547701688308638e-05,2.5957929624278607e-05
4968,3.102924585541213e-05,2.8117442676994215e-05,2.5542781335764413e-05,2.5952969744489003e-05
4969,3.102349021294045e-05,2.8112094067999854e-05,2.5537909711733955e-05,2.5947911165496204e-05
4970,3.101772617994355e-05,2.810681711920662e-05,2.5533000720835156e-05,2.594284760629657e-05
4971,3.10119672022577e-05,2.8101589166862955e-05,2.5528196800919745e-05,2.593784421189493e-05
4972,3.100618785677421e-05,2.809630770868309e-05,2.5523297708226943e-05,2.593282213862429e-05
4973,3.100048002840712e-05,2.8091081824077298e-05,2.55184173145955e-05,2.592775658042507e-05
4974,3.099474885844299e-05,2.808579354791304e-05,2.5513545144243618e-05,2.5922682653157784e-05
4975,3.0988993499423546e-05,2.8080530903901237e-05,2.5508558581029606e-05,2.5917692217856937e-05
4976,3.0983254520615824e-05,2.807536856017722e-05,2.5503786089027228e-05,2.5912697807789676e-05
4977,3.0977506464672675e-05,2.807006253900488e-05,2.549890772095592e-05,2.590769950237142e-05
4978,3.09718063428875e-05,2.8064785577784025e-05,2.5494097496718103e-05,2.5902659395037562e-05
4979,3.096609688767448e-05,2.805953746628386e-05,2.548916276187741e-05,2.5897668871902994e-05
4980,3.096037192408081e-05,2.8054332840961538e-05,2.5484402935411055e-05,2.5892673243638066e-05
4981,3.0954608771758585e-05,2.8049083644289684e-05,2.5479491294361033e-05,2.5887660375401845e-05
4982,3.094892159611354e-05,2.8043863918277905e-05,2.547466201037713e-05,2.5882680713393338e-05
4983,3.094319231009372e-05,2.8038643241529443e-05,2.5469820378702877e-05,2.5877707034665742e-05
4984,3.093750617369596e-05,2.8033402387237274e-05,2.546496744383163e-05,2.5872609670946383e-05
4985,3.093181227957305e-05,2.80282046660761e-05,2.5460072416363782e-05,2.586768935147238e-05
4986,3.0926100987857564e-05,2.802298919316008e-05,2.5455251654536334e-05,2.5862646620791543e-05
4987,3.092037650730878e-05,2.80177678634455e-05,2.5450405494480463e-05,2.5857633132023625e-05
4988,3.0914737811961025e-05,2.801254867652209e-05,2.5445603325408734e-05,2.5852704641480316e-05
4989,3.090903043320557e-05,2.8007311369493446e-05,2.5440801246066325e-05,2.5847686508766462e-05
4990,3.0903350236497355e-05,2.8002089612040486e-05,2.543599344730169e-05,2.5842719836513057e-05
4991,3.08976335277223e-05,2.7996924144670847e-05,2.543112593350465e-05,2.5837715279647656e-05
4992,3.089195007901449e-05,2.799173183440963e-05,2.542632769419157e-05,2.5832817677635425e-05
4993,3.088627803471929e-05,2.7986504077085912e-05,2.5421524917343796e-05,2.5827830106567267e-05
4994,3.088058392049182e-05,2.7981311324248298e-05,2.5416691262984833e-05,2.5822887518269788e-05
4995,3.087492610586428e-05,2.7976154660831072e-05,2.541189455950207e-05,2.5817909536513407e-05
4996,3.086927870471709e-05,2.797095592018162e-05,2.540703686281638e-05,2.5812982835098808e-05
4997,3.0863600003027445e-05,2.7965771720039005e-05,2.5402301517752523e-05,2.5808031893265007e-05
4998,3.0857979598069484e-05,2.796058417199437e-05,2.5397503035032e-05,2.5803010337407708e-05
4999,3.085228067126636e-05,2.7955455051510632e-05,2.539267199197402e-05,2.5798056168769298e-05
5000,3.084665383989174e-05,2.7950216399508815e-05,2.5387878025478674e-05,2.579313228577802e-05
5001,3.0841001963466145e-05,2.7945041633862327e-05,2.538310276998402e-05,2.5788183353760222e-05
5002,3.083537648006712e-05,2.7939890796080333e-05,2.5378287414765632e-05,2.5783196709164623e-05
5003,3.0829697746040497e-05,2.7934735329042536e-05,2.5373524245610558e-05,2.5778308056358837e-05
5004,3.082410279605053e-05,2.7929561041522278e-05,2.5368706535494222e-05,2.577335724456103e-05
5005,3.081845614308653e-05,2.7924417816336568e-05,2.5363898383693583e-05,2.5768478169577106e-05
5006,3.0812800608593014e-05,2.791927229034656e-05,2.535915682966538e-05,2.5763499424518275e-05
5007,3.0807152180197444e-05,2.7914079921911392e-05,2.53543044803937e-05,2.575856808578802e-05
5008,3.080154858911776e-05,2.7908943203541967e-05,2.5349614628085468e-05,2.575363366196094e-05
5009,3.079593187571326e-05,2.790376514526133e-05,2.5344829491221197e-05,2.5748677856891e-05
5010,3.079030567843665e-05,2.7898678195707417e-05,2.5340039635958833e-05,2.5743817106301275e-05
5011,3.078467974194396e-05,2.7893519981991298e-05,2.5335284026119434e-05,2.5738914895276905e-05
5012,3.0779071414933176e-05,2.788836647689924e-05,2.533054016555618e-05,2.573400505583881e-05
5013,3.0773479395544364e-05,2.7883243051749886e-05,2.5325797064480972e-05,2.5729150364681413e-05
5014,3.0767818750113394e-05,2.7878101530785667e-05,2.53210449424334e-05,2.5724209178597386e-05
5015,3.0762243105863193e-05,2.7872992054415057e-05,2.5316252995540126e-05,2.5719248542567697e-05
5016,3.075666876431897e-05,2.786787059870939e-05,2.5311494156618567e-05,2.571439693652005e-05
5017,3.075105999319056e-05,2.7862739997296975e-05,2.5306771808797155e-05,2.5709529507864002e-05
5018,3.074547849153826e-05,2.785759209379047e-05,2.5301978886001094e-05,2.5704526102824347e-05
5019,3.073986360508877e-05,2.7852490332332612e-05,2.52973154343313e-05,2.569966045680506e-05
5020,3.073434242463705e-05,2.784740483274558e-05,2.5292529023796383e-05,2.569481677505253e-05
5021,3.07287189494572e-05,2.7842261764552277e-05,2.5287840067531797e-05,2.5689924283805086e-05
5022,3.072312710039264e-05,2.7837151023650764e-05,2.528309204389179e-05,2.5685014809688292e-05
5023,3.0717550396983006e-05,2.783204792248262e-05,2.5278387829410152e-05,2.56801189179907e-05
5024,3.071199041276524e-05,2.7826948231309178e-05,2.5273651241693493e-05,2.5675256728930894e-05
5025,3.070645091493995e-05,2.7821867175957683e-05,2.5268968179886068e-05,2.5670415967293803e-05
5026,3.070086465551745e-05,2.7816747953016592e-05,2.526416538337341e-05,2.5665567697452387e-05
5027,3.069532902752632e-05,2.7811651603664443e-05,2.5259481536811405e-05,2.5660647253029726e-05
5028,3.0689755779230605e-05,2.7806575337080008e-05,2.5254761819089572e-05,2.565582750565206e-05
5029,3.068415902056914e-05,2.7801505620854335e-05,2.5250062131839472e-05,2.5650926589528985e-05
5030,3.067861016123097e-05,2.7796377785880727e-05,2.5245306920084264e-05,2.564608434136965e-05
5031,3.067308132651348e-05,2.779132590331468e-05,2.5240600191554885e-05,2.5641258488242255e-05
5032,3.066752812074062e-05,2.778624801169856e-05,2.5235928501038508e-05,2.563636371358126e-05
5033,3.066197424187404e-05,2.7781211494724847e-05,2.5231196972291447e-05,2.563147075657205e-05
5034,3.0656465992070126e-05,2.7776083390879735e-05,2.5226550567536845e-05,2.5626639406371534e-05
5035,3.065090813362904e-05,2.7771051431238678e-05,2.522182178279036e-05,2.5621870683770705e-05
5036,3.0645376097313526e-05,2.7766030966673468e-05,2.5217112502454156e-05,2.561701958082115e-05
5037,3.0639847764619196e-05,2.7760875462743083e-05,2.5212467916046474e-05,2.5612182573862368e-05
5038,3.063434032685764e-05,2.7755917278962372e-05,2.520774532254462e-05,2.5607333234089713e-05
5039,3.062881232380683e-05,2.775078204048891e-05,2.52030632818792e-05,2.5602493080855046e-05
5040,3.0623297547389364e-05,2.7745740173341e-05,2.519842658068348e-05,2.55976663168662e-05
5041,3.061775659361797e-05,2.774070090065945e-05,2.51937276892966e-05,2.559278852950362e-05
5042,3.061226867566271e-05,2.7735673139125736e-05,2.5189046366258803e-05,2.5588012288436303e-05
5043,3.060676622959611e-05,2.7730608825652135e-05,2.518437362566619e-05,2.5583228195127943e-05
5044,3.060124614048862e-05,2.7725559666995914e-05,2.5179740562300737e-05,2.5578371835651074e-05
5045,3.05957350536121e-05,2.772053171218565e-05,2.517506255149678e-05,2.557356778579428e-05
5046,3.059025622808309e-05,2.7715497236652495e-05,2.5170378291677823e-05,2.5568738114102435e-05
5047,3.0584764410755184e-05,2.77104742132196e-05,2.5165678167790147e-05,2.5563918664639012e-05
5048,3.057925231990361e-05,2.7705460641839905e-05,2.5161063961972778e-05,2.5559128070569493e-05
5049,3.0573767230009566e-05,2.7700461278895176e-05,2.5156345016435375e-05,2.5554304785326134e-05
5050,3.0568260995443806e-05,2.7695376444771454e-05,2.5151743860897483e-05,2.5549472616832472e-05
5051,3.05627963119141e-05,2.7690340427483628e-05,2.5147076121027974e-05,2.5544734644412796e-05
5052,3.0557282727641604e-05,2.768536185544274e-05,2.5142437410377054e-05,2.5539941011159342e-05
5053,3.0551810125460564e-05,2.7680358098349072e-05,2.5137799551514864e-05,2.553515534880544e-05
5054,3.0546393326340514e-05,2.7675311157952443e-05,2.513314150858219e-05,2.5530368117775494e-05
5055,3.0540904483725265e-05,2.7670353757974202e-05,2.512852418882413e-05,2.5525621354443186e-05
5056,3.053544153628315e-05,2.7665280129342737e-05,2.5123875226478477e-05,2.5520775711843944e-05
5057,3.05299445912608e-05,2.766031188329944e-05,2.5119245861282337e-05,2.551599093952834e-05
5058,3.052447646370833e-05,2.7655326337770597e-05,2.5114609656087695e-05,2.5511227928136702e-05
5059,3.051904973181851e-05,2.765028574149093e-05,2.5109972823127054e-05,2.5506449670846297e-05
5060,3.0513596570948963e-05,2.764531199148932e-05,2.510535832098725e-05,2.5501663072197462e-05
5061,3.0508128120234494e-05,2.764030023312316e-05,2.510076064210461e-05,2.549692808403338e-05
5062,3.0502693140188885e-05,2.763535008406342e-05,2.509608877680713e-05,2.5492120265691807e-05
5063,3.0497242115448878e-05,2.763036919502884e-05,2.5091480520686007e-05,2.5487412302931558e-05
5064,3.049180138383743e-05,2.762536324386839e-05,2.5086854591360876e-05,2.548263231752338e-05
5065,3.0486369922223373e-05,2.7620400540109045e-05,2.50822487193337e-05,2.5477841383445287e-05
5066,3.048091787115491e-05,2.761543481163583e-05,2.5077639231268572e-05,2.547311819372743e-05
5067,3.047551303185206e-05,2.7610467939891935e-05,2.507306448742841e-05,2.5468351100124655e-05
5068,3.0470064268419496e-05,2.7605479042326722e-05,2.506848687320481e-05,2.5463651996648013e-05
5069,3.046467428849643e-05,2.7600536974688842e-05,2.506386377179464e-05,2.545888571278048e-05
5070,3.045924599900738e-05,2.7595553385633496e-05,2.505922461433752e-05,2.5454119109933045e-05
5071,3.0453802652575516e-05,2.7590587847821675e-05,2.5054654500167345e-05,2.5449378013742802e-05
5072,3.04483914124806e-05,2.758566034687423e-05,2.505008869275696e-05,2.544466409623838e-05
5073,3.044298884238375e-05,2.7580694906667037e-05,2.504547023960092e-05,2.5439911866480943e-05
5074,3.0437597539509657e-05,2.7575711594173854e-05,2.5040931203259878e-05,2.5435178628010444e-05
5075,3.0432198080298934e-05,2.7570751418480293e-05,2.5036318178237754e-05,2.5430432680985508e-05
5076,3.0426775866038208e-05,2.756582698773804e-05,2.5031756455649e-05,2.5425711889271522e-05
5077,3.0421357603383387e-05,2.7560953064173192e-05,2.5027160601572154e-05,2.5420979822818395e-05
5078,3.0415983376921965e-05,2.755601309162658e-05,2.502259239382733e-05,2.541630085914971e-05
5079,3.0410568192999224e-05,2.755104130338966e-05,2.5018045452905088e-05,2.541159736481468e-05
5080,3.0405186556322766e-05,2.7546090711805496e-05,2.5013425024167048e-05,2.5406893087788673e-05
5081,3.039980046901932e-05,2.7541165236577716e-05,2.500887256502006e-05,2.5402110862795962e-05
5082,3.0394399855373862e-05,2.7536222344581696e-05,2.5004300517909514e-05,2.539743830321122e-05
5083,3.0389046380912088e-05,2.7531318420481637e-05,2.4999777986129806e-05,2.539273735804912e-05
5084,3.038366822068561e-05,2.752642795669171e-05,2.4995248348824653e-05,2.538801475805489e-05
5085,3.037829493652041e-05,2.7521477561497203e-05,2.4990604541923147e-05,2.53833307909998e-05
5086,3.0372910217469356e-05,2.7516548694661974e-05,2.4986078375129037e-05,2.5378640671509845e-05
5087,3.0367545289663337e-05,2.751166053285731e-05,2.498152253796108e-05,2.537391606859198e-05
5088,3.0362202743967202e-05,2.75067394951068e-05,2.497696368476427e-05,2.5369224946907496e-05
5089,3.0356827748372736e-05,2.7501832365567452e-05,2.4972467765002738e-05,2.5364601041241825e-05
5090,3.0351475950504992e-05,2.749692089011721e-05,2.4967897756754025e-05,2.5359913836340305e-05
5091,3.0346123911896332e-05,2.7492030585077728e-05,2.4963346883741452e-05,2.5355207327777224e-05
5092,3.034080214408232e-05,2.7487114347319394e-05,2.495879315637809e-05,2.535052176470941e-05
5093,3.033544145004342e-05,2.748222657545782e-05,2.495428512300229e-05,2.5345843941792693e-05
5094,3.0330057270263967e-05,2.7477316619024613e-05,2.494979712978893e-05,2.53411663071276e-05
5095,3.032473293673973e-05,2.7472436806506846e-05,2.494522450545749e-05,2.533654044397449e-05
5096,3.0319401136273916e-05,2.7467558347367696e-05,2.4940683769259348e-05,2.5331810442991412e-05
5097,3.031406273147768e-05,2.7462674639227494e-05,2.493617277673674e-05,2.5327157931908247e-05
5098,3.030873562461545e-05,2.745779575945729e-05,2.4931647026395477e-05,2.532251861663305e-05
5099,3.030339186981776e-05,2.745289736875674e-05,2.492719040338829e-05,2.5317851139144223e-05
5100,3.029807684021413e-05,2.7448071942826976e-05,2.492265801344993e-05,2.5313184786510386e-05
5101,3.0292730059010967e-05,2.7443147532984976e-05,2.49181158922293e-05,2.530852561783089e-05
5102,3.0287442988248937e-05,2.743828427203933e-05,2.4913597840395804e-05,2.530385588265618e-05
5103,3.0282117080293024e-05,2.743347148709418e-05,2.490912688754805e-05,2.5299231302163766e-05
5104,3.0276821234859816e-05,2.7428603804865277e-05,2.4904570615022027e-05,2.5294580658990978e-05
5105,3.0271505719970382e-05,2.7423728997891412e-05,2.490011014287349e-05,2.5289913601966413e-05
5106,3.026619078378397e-05,2.7418866578785636e-05,2.4895627395168165e-05,2.5285249930488742e-05
5107,3.026089474424835e-05,2.7414010756781925e-05,2.4891095632732073e-05,2.5280635366749175e-05
5108,3.0255572767115716e-05,2.740911986052882e-05,2.48866168964568e-05,2.5276000812669146e-05
5109,3.0250273676778664e-05,2.740428923083049e-05,2.488210624148153e-05,2.5271384022657037e-05
5110,3.024501244018148e-05,2.739944524677591e-05,2.4877636738944044e-05,2.5266737790234087e-05
5111,3.023970488810492e-05,2.7394611869314203e-05,2.4873153064310437e-05,2.5262110892254733e-05
5112,3.023441553613774e-05,2.73897272850217e-05,2.4868649494834203e-05,2.525748836817431e-05
5113,3.022913751665258e-05,2.738495570019317e-05,2.486420253713703e-05,2.5252837868279672e-05
5114,3.0223863040243033e-05,2.738009862495056e-05,2.4859701843140612e-05,2.5248257769548853e-05
5115,3.02185970686766e-05,2.7375296644323795e-05,2.4855221240418873e-05,2.5243620173896218e-05
5116,3.0213310653994845e-05,2.7370470701290442e-05,2.4850758670466915e-05,2.523902700334079e-05
5117,3.0208041650642285e-05,2.736557784525361e-05,2.484631358174176e-05,2.5234408521865065e-05
5118,3.0202757295472594e-05,2.7360792073286472e-05,2.4841854899905693e-05,2.5229826493078653e-05
5119,3.0197482795347628e-05,2.7355995911437992e-05,2.4837349563640207e-05,2.5225242964906545e-05
5120,3.0192244964609617e-05,2.7351148383743074e-05,2.4832886083977668e-05,2.5220594834965473e-05
5121,3.018697702779281e-05,2.734633059326043e-05,2.482847628187691e-05,2.5215994596296606e-05
5122,3.0181728737725794e-05,2.7341547858796054e-05,2.4823982035484686e-05,2.5211439018593224e-05
5123,3.0176458640295437e-05,2.733671120590614e-05,2.4819523545837008e-05,2.5206847058511314e-05
5124,3.01712537689926e-05,2.7331897874795452e-05,2.481509438200919e-05,2.5202209224054342e-05
5125,3.0165954743396948e-05,2.732708173159068e-05,2.4810666240852477e-05,2.519763186384401e-05
5126,3.0160721696844073e-05,2.7322331937572844e-05,2.4806169137971054e-05,2.5193042377208446e-05
5127,3.0155473730637687e-05,2.7317527460631233e-05,2.4801743589549698e-05,2.5188479300924254e-05
5128,3.0150245836501076e-05,2.7312717239856275e-05,2.479732592752401e-05,2.518389944480475e-05
5129,3.0145003494471697e-05,2.730795065594116e-05,2.4792883134972343e-05,2.517929408759106e-05
5130,3.0139765583883012e-05,2.7303118710195695e-05,2.4788464486198812e-05,2.517473908552025e-05
5131,3.0134555229459075e-05,2.729835583813699e-05,2.478399154523505e-05,2.517016655663416e-05
5132,3.0129341611709324e-05,2.7293565061688054e-05,2.4779581245817642e-05,2.516559816334529e-05
5133,3.0124121665720896e-05,2.7288815246010186e-05,2.4775148972034333e-05,2.516102705705157e-05
5134,3.011889109354803e-05,2.728398989108681e-05,2.4770718639758587e-05,2.5156470236398e-05
5135,3.0113672736355776e-05,2.7279235096149797e-05,2.4766322734468276e-05,2.5151908103489405e-05
5136,3.0108471521378414e-05,2.727447146226534e-05,2.476189930846291e-05,2.5147345803283647e-05
5137,3.010324786395341e-05,2.7269701152881438e-05,2.4757497389788936e-05,2.514276089867836e-05
5138,3.0098088029995313e-05,2.726493800961366e-05,2.4753084176930754e-05,2.5138249765136727e-05
5139,3.0092856390999124e-05,2.7260162483901774e-05,2.474863831358582e-05,2.51336980343143e-05
5140,3.0087634921127445e-05,2.7255422870332344e-05,2.4744264151346788e-05,2.5129141246524594e-05
5141,3.0082440808417326e-05,2.725063672245905e-05,2.4739841309215807e-05,2.512462118317359e-05
5142,3.0077245627901882e-05,2.7245933859610387e-05,2.4735424602293144e-05,2.5120063810907072e-05
5143,3.0072069596587766e-05,2.724115745797677e-05,2.4731039496954627e-05,2.5115520052539e-05
5144,3.0066876600787635e-05,2.7236417619563898e-05,2.4726615348817704e-05,2.5111024402127353e-05
5145,3.00616942199832e-05,2.7231679099104178e-05,2.4722245016351895e-05,2.5106455137920157e-05
5146,3.0056500954133663e-05,2.722687582666883e-05,2.4717870576831972e-05,2.5101919722050325e-05
5147,3.0051338179004945e-05,2.7222178200627375e-05,2.471343511580892e-05,2.509736403577266e-05
5148,3.0046146564017863e-05,2.7217425676123948e-05,2.470909786654402e-05,2.5092903250373445e-05
5149,3.0040976147945668e-05,2.7212718470122056e-05,2.470467769857212e-05,2.508836761638582e-05
5150,3.003583362159745e-05,2.7207985083297108e-05,2.470033955016202e-05,2.508383002085594e-05
5151,3.0030647924939045e-05,2.720324601252438e-05,2.469594660123124e-05,2.5079319476110946e-05
5152,3.0025486231472896e-05,2.719851281290566e-05,2.4691574861703424e-05,2.5074797427505932e-05
5153,3.002030538252235e-05,2.7193800826305824e-05,2.4687180157515553e-05,2.5070296851829456e-05
5154,3.0015152926107656e-05,2.7189080337462333e-05,2.4682803838320212e-05,2.5065728568430776e-05
5155,3.0010015241714624e-05,2.7184352792890932e-05,2.46784405061073e-05,2.5061263876203422e-05
5156,3.0004855397283323e-05,2.7179646902309886e-05,2.4674040672788465e-05,2.505675105298811e-05
5157,2.9999716508451124e-05,2.7174969782625584e-05,2.4669703792121316e-05,2.505227286673751e-05
5158,2.9994584430378977e-05,2.717022759577592e-05,2.466535467577391e-05,2.5047778644346353e-05
5159,2.9989426591125838e-05,2.7165497634350084e-05,2.4660988080912745e-05,2.5043280052620384e-05
5160,2.998427882497487e-05,2.7160792544585797e-05,2.465665239802289e-05,2.503877727111197e-05
5161,2.9979156093662954e-05,2.7156118945908325e-05,2.4652278579382023e-05,2.5034267650555346e-05
5162,2.9974005489092543e-05,2.7151413251586733e-05,2.4647958618238974e-05,2.5029797519979314e-05
5163,2.9968894440609836e-05,2.714670964937953e-05,2.464358639127531e-05,2.5025309883736884e-05
5164,2.9963753257377084e-05,2.7142019997078265e-05,2.4639256252991746e-05,2.5020811205396406e-05
5165,2.995862045269122e-05,2.7137326753495444e-05,2.4634898228888877e-05,2.5016337259588847e-05
5166,2.9953517913015086e-05,2.713263728664783e-05,2.463060410006154e-05,2.5011888167089206e-05
5167,2.99484080372666e-05,2.7127958027382353e-05,2.462623840528998e-05,2.500739736093317e-05
5168,2.9943287973549355e-05,2.71232712112741e-05,2.4621898678549844e-05,2.5002950050844038e-05
5169,2.9938176870159168e-05,2.711858455589556e-05,2.4617596044483164e-05,2.4998480689476565e-05
5170,2.9933064765071547e-05,2.7113931867715685e-05,2.461322707229549e-05,2.499398388903592e-05
5171,2.9927956046415337e-05,2.710923496701437e-05,2.4608910443152942e-05,2.498952800339196e-05
5172,2.99228563190111e-05,2.7104595459906897e-05,2.4604590855083634e-05,2.4985046704803862e-05
5173,2.991775322857472e-05,2.709993536405481e-05,2.4600252254078023e-05,2.4980592314270027e-05
5174,2.9912659835148364e-05,2.7095244029889687e-05,2.4595950588625153e-05,2.4976193237487565e-05
5175,2.9907563390305237e-05,2.7090578726521908e-05,2.459162346044362e-05,2.4971672511407574e-05
5176,2.9902470901454535e-05,2.708593825975267e-05,2.45873169059513e-05,2.4967247291921312e-05
5177,2.9897398977731626e-05,2.7081267217832155e-05,2.4582997768443096e-05,2.49628211325611e-05
5178,2.9892297681443773e-05,2.707659082323936e-05,2.45787042229623e-05,2.495840954713432e-05
5179,2.9887206637947096e-05,2.7071968836221144e-05,2.4574374107683887e-05,2.4953936341861586e-05
5180,2.9882141837653133e-05,2.7067308035326267e-05,2.4570111120521595e-05,2.4949484259774646e-05
5181,2.98770559054914e-05,2.7062662783261097e-05,2.456579284083567e-05,2.4945031983569733e-05
5182,2.9871990320192597e-05,2.705803341200835e-05,2.456150672393712e-05,2.494062376874107e-05
5183,2.9866917165823982e-05,2.705339112207444e-05,2.4557217787521492e-05,2.4936184936346795e-05
5184,2.9861855836128374e-05,2.704875972897996e-05,2.4552922027198265e-05,2.4931766265135113e-05
5185,2.9856792082734346e-05,2.704410923684613e-05,2.454862690324089e-05,2.4927291056584457e-05
5186,2.9851717730726288e-05,2.7039481119342388e-05,2.4544350229936236e-05,2.4922908524252564e-05
5187,2.9846660014023075e-05,2.7034880099056735e-05,2.4540048228551075e-05,2.4918509689519612e-05
5188,2.984160343944428e-05,2.7030220934809107e-05,2.4535751439895437e-05,2.4914056182925752e-05
5189,2.983657308515275e-05,2.7025597421150646e-05,2.453148118191496e-05,2.4909635502420237e-05
5190,2.983152381753622e-05,2.7021004932364583e-05,2.4527204612429204e-05,2.4905239172279823e-05
5191,2.982648033198217e-05,2.7016361913879328e-05,2.4522924307575855e-05,2.4900832384767665e-05
5192,2.9821436472107136e-05,2.701173561370297e-05,2.4518655494065455e-05,2.489642524580756e-05
5193,2.981639680251094e-05,2.7007130518322594e-05,2.45143819565742e-05,2.4892016049160015e-05
5194,2.9811359855985928e-05,2.7002528939812116e-05,2.4510125336383976e-05,2.4887612770845093e-05
5195,2.980633552327923e-05,2.6997911480476855e-05,2.450585145360706e-05,2.4883221000495507e-05
5196,2.9801315247224634e-05,2.6993295193307963e-05,2.4501583877066113e-05,2.4878804350212356e-05
5197,2.979627209687708e-05,2.6988713559333833e-05,2.4497347980529343e-05,2.4874428614428576e-05
5198,2.979124510913974e-05,2.6984096074366437e-05,2.44930927791697e-05,2.4870010504000577e-05
5199,2.9786230410449335e-05,2.6979528122918743e-05,2.4488818187451486e-05,2.4865671514000096e-05
5200,2.9781189477503042e-05,2.6974924574283277e-05,2.4484563320351033e-05,2.4861256112598524e-05
5201,2.9776194643932703e-05,2.697033125785624e-05,2.448029752394172e-05,2.4856851403295996e-05
5202,2.977117516952624e-05,2.6965725682235735e-05,2.4476058693369257e-05,2.4852495324416386e-05
5203,2.976617549586163e-05,2.6961181428410762e-05,2.4471843923554516e-05,2.4848120670932776e-05
5204,2.9761171216595743e-05,2.6956577659859173e-05,2.446759993683153e-05,2.4843716421377334e-05
5205,2.97561670335538e-05,2.6952006770782664e-05,2.446333453136663e-05,2.483935753892283e-05
5206,2.975115308938236e-05,2.6947418983791104e-05,2.445910832091096e-05,2.4835012793029858e-05
5207,2.974615283039064e-05,2.694284747276779e-05,2.445485278381729e-05,2.4830610483611892e-05
5208,2.9741168807032577e-05,2.6938274544603213e-05,2.445064996638213e-05,2.482628086664166e-05
5209,2.9736178884578433e-05,2.693367001280197e-05,2.4446406125228146e-05,2.482188424343222e-05
5210,2.973117495588871e-05,2.6929124938731343e-05,2.4442192694056262e-05,2.481752048407308e-05
5211,2.9726205573166433e-05,2.6924572503302783e-05,2.4437938258297902e-05,2.4813169318925774e-05
5212,2.9721210612551137e-05,2.692003645532736e-05,2.4433744420266303e-05,2.480881124015042e-05
5213,2.9716225851611052e-05,2.6915451792383465e-05,2.4429525775826064e-05,2.4804459390092388e-05
5214,2.9711256595141575e-05,2.6910882785300065e-05,2.4425308072280262e-05,2.4800108453614243e-05
5215,2.9706288461028965e-05,2.690634985369931e-05,2.44210923252368e-05,2.4795785355191103e-05
5216,2.9701316812525384e-05,2.690177205952647e-05,2.4416897792056838e-05,2.4791426993357027e-05
5217,2.9696344354884368e-05,2.689726734906993e-05,2.441268105319419e-05,2.478709621466332e-05
5218,2.9691382945405354e-05,2.6892698765181225e-05,2.440847189194813e-05,2.4782742205041852e-05
5219,2.968639653195398e-05,2.6888170962636525e-05,2.4404268598254897e-05,2.477841316272592e-05
5220,2.9681455194333042e-05,2.688361659423809e-05,2.4400079969785538e-05,2.477406876511488e-05
5221,2.967649156998948e-05,2.687908692981557e-05,2.4395862187629162e-05,2.4769748971170233e-05
5222,2.9671539555293755e-05,2.6874569054510426e-05,2.4391671535155297e-05,2.4765436749516572e-05
5223,2.966658949159407e-05,2.6870012381189114e-05,2.4387448227198845e-05,2.4761074797498374e-05
5224,2.9661648316485477e-05,2.6865485149026144e-05,2.4383280463126346e-05,2.475676064240687e-05
5225,2.9656708786218586e-05,2.6860950146759445e-05,2.4379065057603715e-05,2.475244876887525e-05
5226,2.9651755314652665e-05,2.685646556199122e-05,2.437490355443299e-05,2.4748137084212662e-05
5227,2.964683285500049e-05,2.685190343062114e-05,2.4370729697534146e-05,2.4743820184159186e-05
5228,2.9641879527483497e-05,2.684741685130982e-05,2.436655237728323e-05,2.4739480711590178e-05
5229,2.9636945833812722e-05,2.6842884400308533e-05,2.4362319275811997e-05,2.473520028006982e-05
5230,2.9632022411226053e-05,2.6838361066909945e-05,2.4358174587031328e-05,2.4730849778484056e-05
5231,2.962709282118386e-05,2.683386778429087e-05,2.4354008964346387e-05,2.4726546138752203e-05
5232,2.9622158002881292e-05,2.682935960451947e-05,2.4349867435974558e-05,2.4722276516802055e-05
5233,2.9617242544504135e-05,2.6824856942873862e-05,2.4345687884879752e-05,2.4717973710882547e-05
5234,2.9612322659634214e-05,2.6820348943051812e-05,2.43414963591279e-05,2.4713647685557807e-05
5235,2.9607419910619452e-05,2.681585599410251e-05,2.4337348761132778e-05,2.470937557451964e-05
5236,2.9602496963308696e-05,2.6811360654620783e-05,2.4333175028329408e-05,2.470508040792736e-05
5237,2.9597604307066723e-05,2.6806878797602787e-05,2.432900437566684e-05,2.470076864195465e-05
5238,2.9592679601167558e-05,2.680237691923008e-05,2.432488079869054e-05,2.4696496457034762e-05
5239,2.9587790827389688e-05,2.6797886719568653e-05,2.4320716799385297e-05,2.4692197669677183e-05
5240,2.958288300296908e-05,2.679336971310424e-05,2.4316555794130024e-05,2.4687927180365663e-05
5241,2.9577977580067076e-05,2.6788922283423323e-05,2.4312430107545967e-05,2.4683658087855417e-05
5242,2.9573079903231268e-05,2.6784442704262432e-05,2.430825798468233e-05,2.4679373762770925e-05
5243,2.9568196715390697e-05,2.677997124914467e-05,2.4304130476239245e-05,2.467510576894804e-05
5244,2.9563306831871225e-05,2.677548803000016e-05,2.429997518451087e-05,2.467083037566104e-05
5245,2.955841478413473e-05,2.6771010485827313e-05,2.42958522427892e-05,2.4666542887057084e-05
5246,2.9553538818475877e-05,2.676652535670293e-05,2.429169630520839e-05,2.4662277420027728e-05
5247,2.9548645266197946e-05,2.6762071343144417e-05,2.4287577519707017e-05,2.4658004111753273e-05
5248,2.9543774964066977e-05,2.6757616040959884e-05,2.428343428102425e-05,2.465375848793017e-05
5249,2.9538905125767076e-05,2.6753145732723746e-05,2.4279295862862065e-05,2.4649502572029197e-05
5250,2.9534013232412343e-05,2.6748688969699765e-05,2.427516943667652e-05,2.4645249756880927e-05
5251,2.9529154884207095e-05,2.6744226295488848e-05,2.4271043582483588e-05,2.46409910697117e-05
5252,2.9524298681173148e-05,2.6739778373938904e-05,2.4266940222495632e-05,2.4636748638337777e-05
5253,2.9519432701304518e-05,2.6735340441940498e-05,2.426280953188744e-05,2.4632497586429106e-05
5254,2.9514554527039286e-05,2.6730870130700883e-05,2.425870931301702e-05,2.4628242828455567e-05
5255,2.9509705970977473e-05,2.672643251915493e-05,2.4254589041596666e-05,2.462398593924434e-05
5256,2.9504850790434124e-05,2.6721997715086564e-05,2.4250471640008136e-05,2.4619736934278455e-05
5257,2.95000137636337e-05,2.6717541590381017e-05,2.424636615540391e-05,2.4615496674048254e-05
5258,2.9495163767676298e-05,2.6713103271407325e-05,2.4242250515312422e-05,2.4611263652411988e-05
5259,2.9490297334963648e-05,2.670867342223567e-05,2.4238167032445286e-05,2.460703018345255e-05
5260,2.9485461754994938e-05,2.6704243434711015e-05,2.4234048196266973e-05,2.4602800317012774e-05
5261,2.948061621006316e-05,2.6699813928530124e-05,2.4229954124406986e-05,2.4598580743753973e-05
5262,2.9475787306774623e-05,2.66953786243685e-05,2.422584456537261e-05,2.4594366491332354e-05
5263,2.9470939330415622e-05,2.669094286681422e-05,2.4221769567655617e-05,2.4590124381058696e-05
5264,2.94661295650165e-05,2.668653538699595e-05,2.4217649054596583e-05,2.458591064081949e-05
5265,2.9461290037716732e-05,2.668209941102088e-05,2.4213580874403645e-05,2.4581674646267922e-05
5266,2.9456454966437385e-05,2.66776869010827e-05,2.4209493645659555e-05,2.4577458956925235e-05
5267,2.945164575842289e-05,2.6673272330494398e-05,2.4205396686336617e-05,2.4573261339839587e-05
5268,2.9446812824979147e-05,2.666886495960625e-05,2.4201316092455407e-05,2.456903865191864e-05
5269,2.944200176568542e-05,2.666443783789968e-05,2.4197244849582126e-05,2.45648486240656e-05
5270,2.94371785586022e-05,2.6660045731786565e-05,2.419316398501664e-05,2.4560636112599842e-05
5271,2.9432366538050724e-05,2.665563330620222e-05,2.418908622920026e-05,2.4556420729726418e-05
5272,2.942756400124513e-05,2.6651249501436634e-05,2.418499717030752e-05,2.4552210987797337e-05
5273,2.942274659698997e-05,2.6646842001163293e-05,2.4180942069462003e-05,2.4548017208887238e-05
5274,2.9417948596843887e-05,2.6642446118498578e-05,2.4176884572120288e-05,2.4543819753321175e-05
5275,2.9413155652441627e-05,2.6638051429825247e-05,2.4172815374462818e-05,2.4539622397988556e-05
5276,2.9408359654742772e-05,2.663365570894124e-05,2.416875179559135e-05,2.4535436388975528e-05
5277,2.940356230511254e-05,2.662926067952418e-05,2.4164681452640896e-05,2.453125305659628e-05
5278,2.9398746537100264e-05,2.662489133729975e-05,2.4160632444484454e-05,2.4527040942778218e-05
5279,2.9393971916585293e-05,2.6620500848040595e-05,2.4156569507088258e-05,2.4522862327305784e-05
5280,2.938917847651873e-05,2.6616122027545384e-05,2.415251060955377e-05,2.451870830749256e-05
5281,2.9384400097819115e-05,2.661172042579952e-05,2.4148478413517894e-05,2.4514492486362048e-05
5282,2.9379623700231077e-05,2.6607366439677492e-05,2.414442615939708e-05,2.4510341050491943e-05
5283,2.9374849091811788e-05,2.6602996012502804e-05,2.414038868895099e-05,2.4506180685327562e-05
5284,2.9370063699723795e-05,2.6598613045045404e-05,2.4136341140847376e-05,2.4501978478059192e-05
5285,2.936528755738711e-05,2.659425656088248e-05,2.4132269334107604e-05,2.449782038341676e-05
5286,2.936051274472904e-05,2.6589887406097643e-05,2.412825382616395e-05,2.449363717133006e-05
5287,2.9355781851751824e-05,2.6585541838890915e-05,2.4124197110630143e-05,2.448947205351872e-05
5288,2.9350998019829257e-05,2.6581172758951413e-05,2.4120192242095675e-05,2.4485319900166338e-05
5289,2.9346237183586793e-05,2.6576809299052182e-05,2.411614826823354e-05,2.448116931228978e-05
5290,2.9341470543436134e-05,2.6572459637811762e-05,2.411211912230852e-05,2.447700277979963e-05
5291,2.9336716554977847e-05,2.656811137864778e-05,2.4108082724811315e-05,2.447284857682376e-05
5292,2.9331966808285737e-05,2.6563748913981197e-05,2.410406578288853e-05,2.4468701861024147e-05
5293,2.9327230454386764e-05,2.6559404256693856e-05,2.4100049875275537e-05,2.4464553012237957e-05
5294,2.932247409772198e-05,2.65550644358713e-05,2.4096018857033486e-05,2.4460401932344896e-05
5295,2.9317718562824508e-05,2.6550707137748867e-05,2.409200987583272e-05,2.4456259495519356e-05
5296,2.9312984881608607e-05,2.654637686008543e-05,2.4087996765688666e-05,2.4452107034473497e-05
5297,2.9308256500383922e-05,2.6542046008270948e-05,2.408398490424492e-05,2.4447979679832028e-05
5298,2.9303505639068448e-05,2.653769989958021e-05,2.407995803256055e-05,2.4443846466842806e-05
5299,2.9298780175452036e-05,2.653338281185657e-05,2.407597181623994e-05,2.443969873720894e-05
5300,2.9294040480942696e-05,2.65290514546175e-05,2.407194418866936e-05,2.44355768742516e-05
5301,2.9289313916069568e-05,2.6524703759125417e-05,2.406793361212291e-05,2.4431457085624962e-05
5302,2.9284589939770753e-05,2.6520389502039285e-05,2.406393337625365e-05,2.442730285901784e-05
5303,2.927986971031636e-05,2.6516086917642762e-05,2.405994331172435e-05,2.442320712191666e-05
5304,2.9275152411776705e-05,2.6511735083001854e-05,2.405595888769701e-05,2.441906898701369e-05
5305,2.9270428212424174e-05,2.650742606204968e-05,2.4051947661179768e-05,2.441495936924461e-05
5306,2.926572454412428e-05,2.650312648073034e-05,2.404798449513969e-05,2.4410824308761862e-05
5307,2.9261000999854313e-05,2.6498808731174927e-05,2.4043977117640668e-05,2.440672317256502e-05
5308,2.925630239006973e-05,2.6494511618507197e-05,2.4039984280078542e-05,2.4402600026338302e-05
5309,2.9251601402069612e-05,2.649019204014975e-05,2.4036012916554218e-05,2.4398483331015838e-05
5310,2.924688278781746e-05,2.6485887291295787e-05,2.403203238078945e-05,2.4394368164112048e-05
5311,2.9242195702218678e-05,2.6481583056555862e-05,2.4028048602331647e-05,2.4390268052025243e-05
5312,2.9237494224427444e-05,2.6477290315455223e-05,2.4024066661455296e-05,2.4386165656858602e-05
5313,2.9232793950051293e-05,2.6472991008371807e-05,2.40201059603537e-05,2.4382074178538046e-05
5314,2.9228111938811456e-05,2.646869717890068e-05,2.4016121614022253e-05,2.437799345194625e-05
5315,2.9223424945304427e-05,2.646440407281937e-05,2.401216762529716e-05,2.4373893381509553e-05
5316,2.9218741669648582e-05,2.6460123135989026e-05,2.4008189803542923e-05,2.4369788503646165e-05
5317,2.9214044917457552e-05,2.645582837602927e-05,2.4004242099431773e-05,2.4365707640851967e-05
5318,2.9209354427694263e-05,2.6451541615467232e-05,2.400026395550187e-05,2.4361595596070858e-05
5319,2.920468612852592e-05,2.6447276309206556e-05,2.3996318222240932e-05,2.4357527121485696e-05
5320,2.920002707252391e-05,2.6442979721337303e-05,2.3992342684139928e-05,2.4353456005982993e-05
5321,2.919533746712153e-05,2.6438710225211958e-05,2.3988409332933856e-05,2.4349360676556696e-05
5322,2.919066567239811e-05,2.643444336142585e-05,2.3984431790087554e-05,2.434526765222445e-05
5323,2.9186018990580777e-05,2.6430167094099722e-05,2.3980475046273525e-05,2.434120094885741e-05
5324,2.9181341022578273e-05,2.6425907338849496e-05,2.3976519962763718e-05,2.433712300612889e-05
5325,2.9176678418512726e-05,2.6421625857364933e-05,2.3972589122838156e-05,2.433305610388166e-05
5326,2.9172017231675686e-05,2.641737184917048e-05,2.3968656805325176e-05,2.4328982014674678e-05
5327,2.916736793554701e-05,2.6413095549164137e-05,2.396469561905589e-05,2.4324921509673364e-05
5328,2.916271528176924e-05,2.6408836898221766e-05,2.3960762715078223e-05,2.4320852552563195e-05
5329,2.9158057088519975e-05,2.6404588875546646e-05,2.395682996957262e-05,2.4316784574074483e-05
5330,2.915341370521286e-05,2.640033235841509e-05,2.3952885520402285e-05,2.4312741071296187e-05
5331,2.914877849388641e-05,2.6396098681444204e-05,2.3948966047267706e-05,2.4308688382490924e-05
5332,2.914412977059911e-05,2.639183424125387e-05,2.3945030311993413e-05,2.4304634936126587e-05
5333,2.9139492951271487e-05,2.6387589708963617e-05,2.3941086975216227e-05,2.4300588930787714e-05
5334,2.91348603229697e-05,2.6383349330337814e-05,2.3937175458748592e-05,2.4296520234691954e-05
5335,2.9130218341906777e-05,2.6379118504275717e-05,2.3933236878267123e-05,2.429247382616326e-05
5336,2.912558794538741e-05,2.6374877780877188e-05,2.39293390235435e-05,2.4288429578231465e-05
5337,2.9120951120657184e-05,2.637063879543436e-05,2.3925413875700258e-05,2.428438545878144e-05
5338,2.91163373184154e-05,2.6366403320738255e-05,2.3921493657325155e-05,2.4280366798261758e-05
5339,2.9111719745707396e-05,2.6362159738166778e-05,2.391759287447986e-05,2.4276303170601355e-05
5340,2.9107103164359977e-05,2.6357946519297228e-05,2.3913667319161422e-05,2.4272279094827785e-05
5341,2.9102479850966305e-05,2.6353725413716966e-05,2.3909750746353465e-05,2.4268252670137057e-05
5342,2.9097869773293715e-05,2.6349490604541985e-05,2.390587007205775e-05,2.4264221328492277e-05
5343,2.9093248594220978e-05,2.634527995886118e-05,2.390196392576332e-05,2.42601973222986e-05
5344,2.908863272627924e-05,2.634106396802976e-05,2.3898044311010794e-05,2.425616446529807e-05
5345,2.9084036857063437e-05,2.6336823547723387e-05,2.3894149663082107e-05,2.425214044375705e-05
5346,2.9079431041750596e-05,2.6332611107033857e-05,2.389027017079583e-05,2.4248108276449952e-05
5347,2.907482165516589e-05,2.6328416638542012e-05,2.388635162556618e-05,2.4244112851100105e-05
5348,2.9070232145870518e-05,2.6324214411919897e-05,2.3882467813011063e-05,2.424006818994796e-05
5349,2.9065631549691907e-05,2.63199818039926e-05,2.3878569271606136e-05,2.4236073585105883e-05
5350,2.906103469735894e-05,2.6315790946097617e-05,2.3874684981361307e-05,2.4232056216866223e-05
5351,2.905644879861399e-05,2.6311598812894187e-05,2.3870797002085358e-05,2.422805598849451e-05
5352,2.9051860497453054e-05,2.6307392269732844e-05,2.386691580618443e-05,2.4224048036943825e-05
5353,2.9047269095719186e-05,2.6303192921879876e-05,2.3863025679679522e-05,2.4220044000349488e-05
5354,2.9042686421039946e-05,2.6299011829346046e-05,2.3859172805169628e-05,2.4216040551770366e-05
5355,2.9038124738117922e-05,2.6294809475786652e-05,2.3855291452899688e-05,2.4212038868772988e-05
5356,2.9033546004407595e-05,2.629061001315325e-05,2.3851410148870334e-05,2.4208030087443326e-05
5357,2.9028959259822597e-05,2.6286443456176157e-05,2.3847548774328016e-05,2.4204051780080082e-05
5358,2.902438422468145e-05,2.6282249226568562e-05,2.3843664456249233e-05,2.420005377108776e-05
5359,2.90198176750772e-05,2.627808145881191e-05,2.3839805536218502e-05,2.4196073200456432e-05
5360,2.9015256650358683e-05,2.627389925262368e-05,2.383594593616408e-05,2.4192071522494102e-05
5361,2.9010694798788715e-05,2.6269709253351967e-05,2.3832082187296216e-05,2.4188080124945252e-05
5362,2.900613151271698e-05,2.6265547209511177e-05,2.3828199391779078e-05,2.4184103167298452e-05
5363,2.9001574581581444e-05,2.6261368255705923e-05,2.3824354186371585e-05,2.4180141175899112e-05
5364,2.8997017455982003e-05,2.625720915366211e-05,2.382048783203682e-05,2.417616350727286e-05
5365,2.8992460348369145e-05,2.6253033439831932e-05,2.381665145992272e-05,2.417218260781873e-05
5366,2.8987908953310645e-05,2.6248862985350763e-05,2.3812801660535906e-05,2.4168188152698472e-05
5367,2.898336697309252e-05,2.6244713115628564e-05,2.3808962672054434e-05,2.4164238364048163e-05
5368,2.8978807830061314e-05,2.624054131862281e-05,2.3805086642780915e-05,2.4160269525796337e-05
5369,2.8974279633967726e-05,2.6236397253989894e-05,2.3801252579095552e-05,2.415629674662064e-05
5370,2.8969741627064922e-05,2.623224454528174e-05,2.3797412968218686e-05,2.415233302606634e-05
5371,2.896520771175273e-05,2.6228081066309102e-05,2.3793585207716447e-05,2.4148361886582048e-05
5372,2.8960670857763906e-05,2.6223950111114004e-05,2.3789740428512308e-05,2.4144419129109984e-05
5373,2.8956143337831264e-05,2.621979810618578e-05,2.3785901162544682e-05,2.4140451665674184e-05
5374,2.8951620412547635e-05,2.6215651385032636e-05,2.3782087293962708e-05,2.41364899668569e-05
5375,2.894709238314958e-05,2.6211491916808974e-05,2.377824678164285e-05,2.4132560008581996e-05
5376,2.894257470585588e-05,2.6207361306995117e-05,2.377440633000652e-05,2.4128607232276086e-05
5377,2.8938043041912604e-05,2.620322489865986e-05,2.377058957876177e-05,2.4124642756935084e-05
5378,2.8933521044604156e-05,2.619909789634794e-05,2.3766755556904133e-05,2.412071401453928e-05
5379,2.8929007010278748e-05,2.6194959595214318e-05,2.376293366231507e-05,2.411677146507625e-05
5380,2.8924502215018737e-05,2.6190819108559356e-05,2.3759116187209024e-05,2.4112826550308986e-05
5381,2.891998438454748e-05,2.6186702033857137e-05,2.375530777785548e-05,2.4108874365515897e-05
5382,2.891548361096605e-05,2.618258068429664e-05,2.3751495759335006e-05,2.4104943559743032e-05
5383,2.8910978590658583e-05,2.6178457897319822e-05,2.3747665262394802e-05,2.4101015071169093e-05
5384,2.8906470653932545e-05,2.6174340159399824e-05,2.3743856812205884e-05,2.4097087854948275e-05
5385,2.8901973429960915e-05,2.6170230389631928e-05,2.3740054328592538e-05,2.409315029670804e-05
5386,2.8897473642334634e-05,2.6166107387189337e-05,2.3736250888295525e-05,2.4089226445373855e-05
5387,2.8892979523310326e-05,2.6161991835403063e-05,2.373246126842484e-05,2.4085324666936314e-05
5388,2.8888498870281732e-05,2.6157884980286997e-05,2.3728638623046054e-05,2.4081379112070372e-05
5389,2.8884009286993304e-05,2.615376791386377e-05,2.3724856410518123e-05,2.407744878173928e-05
5390,2.8879511479533236e-05,2.614966518993583e-05,2.3721061684092813e-05,2.407354691302316e-05
5391,2.8875036260461123e-05,2.6145564539573585e-05,2.3717258383347084e-05,2.4069633126372902e-05
5392,2.8870555268480718e-05,2.614145841585751e-05,2.3713463349831483e-05,2.4065723643384538e-05
5393,2.886607547992955e-05,2.6137362468384406e-05,2.370967957370582e-05,2.4061821534972228e-05
5394,2.8861595342944217e-05,2.6133267061214586e-05,2.370588768916679e-05,2.4057911765726376e-05
5395,2.8857134757347254e-05,2.6129177600076637e-05,2.3702102669815786e-05,2.4054008468326704e-05
5396,2.885266979567017e-05,2.6125089846319385e-05,2.3698313409161957e-05,2.4050087366915872e-05
5397,2.8848193014208016e-05,2.612100156211376e-05,2.3694539246315085e-05,2.4046185009144716e-05
5398,2.884373579104895e-05,2.611691794221386e-05,2.369076619173683e-05,2.4042307797310525e-05
5399,2.8839266476148557e-05,2.6112824552035726e-05,2.3686987064317614e-05,2.403839596724734e-05
5400,2.8834808407117034e-05,2.6108745777863904e-05,2.3683206362797964e-05,2.403450825801392e-05
5401,2.88303464202735e-05,2.6104669431415784e-05,2.3679458709697957e-05,2.4030616193469678e-05
5402,2.8825896988068633e-05,2.610058969616861e-05,2.3675681306656795e-05,2.4026724906560204e-05
5403,2.8821451446274183e-05,2.6096521075221853e-05,2.3671907476332222e-05,2.402283903710276e-05
5404,2.8816988637730506e-05,2.6092446504848357e-05,2.3668130686751058e-05,2.401894779534159e-05
5405,2.881254804252995e-05,2.6088386400758092e-05,2.3664374405285237e-05,2.4015075785876648e-05
5406,2.8808106312181426e-05,2.608430607538514e-05,2.3660619456068563e-05,2.4011190886636563e-05
5407,2.8803662753304038e-05,2.608022665967531e-05,2.365685153705946e-05,2.4007315460411403e-05
5408,2.8799224884112034e-05,2.6076177963467855e-05,2.3653107398953367e-05,2.4003455503351513e-05
5409,2.8794788664132816e-05,2.607212200429703e-05,2.3649356376679726e-05,2.3999571749354565e-05
5410,2.8790357397484638e-05,2.6068061940865243e-05,2.3645588726698436e-05,2.3995705460742052e-05
5411,2.8785916431591468e-05,2.606399604319754e-05,2.3641843018386394e-05,2.3991835480422375e-05
5412,2.878148830437125e-05,2.6059949749055062e-05,2.3638104921857914e-05,2.3987959136145516e-05
5413,2.8777065748464103e-05,2.6055904178445356e-05,2.3634353940490775e-05,2.398409652779543e-05
5414,2.87726437657939e-05,2.6051856426071972e-05,2.363059939409713e-05,2.3980236524828377e-05
5415,2.8768217563334257e-05,2.6047798951472045e-05,2.3626868333821334e-05,2.3976390870210363e-05
5416,2.8763811713656697e-05,2.6043780303454566e-05,2.3623127576665033e-05,2.3972528257334116e-05
5417,2.8759395149416535e-05,2.6039728815260678e-05,2.3619393395353127e-05,2.3968669391327746e-05
5418,2.875498159094362e-05,2.603570109099948e-05,2.36156694256478e-05,2.396480564146088e-05
5419,2.8750570544785696e-05,2.6031645927188224e-05,2.3611932651863804e-05,2.396096777149553e-05
5420,2.8746155584105778e-05,2.6027624001382084e-05,2.360819927821225e-05,2.3957118648030902e-05
5421,2.8741757033102334e-05,2.6023582600352755e-05,2.3604485002005076e-05,2.3953270693067217e-05
5422,2.873735859938029e-05,2.601956183667613e-05,2.3600749297641848e-05,2.3949429662945055e-05
5423,2.8732953046776648e-05,2.6015531792212077e-05,2.3597029556504296e-05,2.3945599868847736e-05
5424,2.8728558570453678e-05,2.6011514143985387e-05,2.3593313524666037e-05,2.3941749396143996e-05
5425,2.872416327900053e-05,2.6007483410088702e-05,2.3589589410229747e-05,2.3937909191499727e-05
5426,2.8719771656245765e-05,2.6003451575221493e-05,2.3585868212052614e-05,2.3934075395023668e-05
5427,2.871538826102977e-05,2.5999444936629095e-05,2.3582157341447765e-05,2.3930258142587424e-05
5428,2.8710996902218668e-05,2.5995437088984497e-05,2.3578451797427588e-05,2.3926426797583048e-05
5429,2.87066171927954e-05,2.5991424647250878e-05,2.357473492583737e-05,2.3922582017998838e-05
5430,2.870222207795339e-05,2.5987407045624522e-05,2.357103472688734e-05,2.3918752573898907e-05
5431,2.8697852296657864e-05,2.5983403835402373e-05,2.356733349699395e-05,2.3914937104296368e-05
5432,2.869345956304633e-05,2.5979401422827954e-05,2.3563626439298195e-05,2.3911113292112527e-05
5433,2.868910649989003e-05,2.597540436615523e-05,2.3559923595503407e-05,2.3907314175624664e-05
5434,2.868472720605588e-05,2.597140050664446e-05,2.355622258713254e-05,2.390348042314568e-05
5435,2.8680361555546417e-05,2.596739723030697e-05,2.355252442721732e-05,2.389967690321513e-05
5436,2.867599620333526e-05,2.5963397747582295e-05,2.3548825376442572e-05,2.389585683785165e-05
5437,2.867163799384183e-05,2.595940668366796e-05,2.3545138708981427e-05,2.389206536772922e-05
5438,2.8667267956741687e-05,2.5955419838081633e-05,2.3541449279893444e-05,2.3888242531787607e-05
5439,2.8662906227183902e-05,2.5951425817992123e-05,2.353776446407582e-05,2.388443464064691e-05
5440,2.8658559306175426e-05,2.594744941312136e-05,2.3534079062775145e-05,2.3880644156280133e-05
5441,2.865419846180115e-05,2.59434553948771e-05,2.3530383800147645e-05,2.3876839911670978e-05
5442,2.864985453678878e-05,2.5939472888847882e-05,2.3526714246061185e-05,2.387304347651383e-05
5443,2.864550445856844e-05,2.5935490469848548e-05,2.3523030578320856e-05,2.3869247650633007e-05
5444,2.864116000457096e-05,2.5931528650563734e-05,2.3519375531217986e-05,2.3865446761016832e-05
5445,2.8636814270875758e-05,2.59275475030983e-05,2.3515686010953607e-05,2.386166484687964e-05
5446,2.8632476565093902e-05,2.5923569508261326e-05,2.351200994614484e-05,2.385787741591506e-05
5447,2.862814340759688e-05,2.591960589954827e-05,2.3508342133202905e-05,2.3854094901494844e-05
5448,2.8623799479523748e-05,2.591563469796102e-05,2.350467601379248e-05,2.3850307439692306e-05
5449,2.8619467545208964e-05,2.5911677581467178e-05,2.3501005034399605e-05,2.3846523609857605e-05
5450,2.8615129503596347e-05,2.5907710953257513e-05,2.3497343137183878e-05,2.3842743127680695e-05
5451,2.8610808961215248e-05,2.5903759274845795e-05,2.349369114397086e-05,2.3838966280829708e-05
5452,2.8606485501428513e-05,2.5899790031503136e-05,2.3490032357264844e-05,2.383518759082605e-05
5453,2.8602173422968218e-05,2.589584061356865e-05,2.348636715069359e-05,2.3831428059929336e-05
5454,2.8597842353470336e-05,2.589187868236156e-05,2.34827095910575e-05,2.38276534690104e-05
5455,2.8593522052220716e-05,2.5887936271000116e-05,2.347905682671705e-05,2.3823877279844268e-05
5456,2.8589210368883517e-05,2.5883976622311406e-05,2.3475412129892897e-05,2.3820113712826616e-05
5457,2.8584898058780623e-05,2.5880027537521017e-05,2.347175910356492e-05,2.3816349048202563e-05
5458,2.8580585819600563e-05,2.5876083013898196e-05,2.3468113293178176e-05,2.381258300404423e-05
5459,2.8576284140221113e-05,2.5872154407585048e-05,2.3464469528078683e-05,2.380882895545339e-05
5460,2.857197901939466e-05,2.5868218070289393e-05,2.3460830705989835e-05,2.3805065266417288e-05
5461,2.8567677619822608e-05,2.586427391524246e-05,2.345718155098604e-05,2.3801310654489e-05
5462,2.8563378115324798e-05,2.5860332894949873e-05,2.345355725375997e-05,2.3797564161243833e-05
5463,2.8559081660261736e-05,2.5856397980072178e-05,2.3449922897732417e-05,2.3793825466349508e-05
5464,2.855478869566628e-05,2.5852472196344738e-05,2.3446283893775887e-05,2.3790055273401877e-05
5465,2.8550499761767173e-05,2.5848545718531244e-05,2.3442655800023014e-05,2.3786316001496426e-05
5466,2.8546204418147903e-05,2.5844620826091722e-05,2.343902214717199e-05,2.3782574773510437e-05
5467,2.8541918221811157e-05,2.5840698341559903e-05,2.3435388356452135e-05,2.3778832436439663e-05
5468,2.8537633333505816e-05,2.583677707801017e-05,2.343177838329388e-05,2.3775084172290518e-05
5469,2.8533343965789332e-05,2.5832863104604202e-05,2.3428143328504965e-05,2.3771349509509164e-05
5470,2.8529067917654e-05,2.5828939612415462e-05,2.342454197701654e-05,2.376761189087599e-05
5471,2.852479426054328e-05,2.582502626869481e-05,2.342092100406644e-05,2.3763886747423678e-05
5472,2.8520518070100726e-05,2.582111417161515e-05,2.341730562519388e-05,2.37601460870143e-05
5473,2.851624888525503e-05,2.5817197164026483e-05,2.3413685436519054e-05,2.3756419526326694e-05
5474,2.851198582300849e-05,2.5813306036964086e-05,2.341007762901764e-05,2.3752706849618888e-05
5475,2.8507719387831874e-05,2.5809390650110008e-05,2.3406466573167782e-05,2.3748974234316813e-05
5476,2.8503446459414544e-05,2.580549448181109e-05,2.3402855450764137e-05,2.3745244691141464e-05
5477,2.849918789179407e-05,2.5801591930061535e-05,2.339924208923863e-05,2.374153166385397e-05
5478,2.8494927183815712e-05,2.5797700398546825e-05,2.339564132987603e-05,2.3737822982869505e-05
5479,2.8490668853785366e-05,2.5793794811314266e-05,2.3392054977650134e-05,2.373410124832624e-05
5480,2.84864182621102e-05,2.5789911118790637e-05,2.338844698970397e-05,2.3730398117317824e-05
5481,2.8482167864418298e-05,2.5786017004099192e-05,2.3384855846314708e-05,2.372667694885264e-05
5482,2.8477915593921835e-05,2.5782125149789408e-05,2.3381256373224975e-05,2.3722969707895336e-05
5483,2.8473664886682783e-05,2.5778233148538574e-05,2.3377666522308378e-05,2.3719252636086135e-05
5484,2.846942646941975e-05,2.577434459994748e-05,2.3374067550921257e-05,2.3715557793233778e-05
5485,2.8465194502474442e-05,2.5770475346544247e-05,2.337048864197094e-05,2.3711864106192142e-05
5486,2.8460943945923845e-05,2.5766590958619144e-05,2.3366903483728125e-05,2.3708153681926537e-05
5487,2.8456703962623362e-05,2.5762713159515185e-05,2.336332469335882e-05,2.3704453316590237e-05
5488,2.8452471134591055e-05,2.5758843199987354e-05,2.335974328451956e-05,2.3700766207804784e-05
5489,2.8448239765559033e-05,2.5754956733322914e-05,2.3356154454504933e-05,2.3697072663317963e-05
5490,2.8444011282889462e-05,2.575109118289957e-05,2.3352577965276627e-05,2.3693383005397734e-05
5491,2.843979560520099e-05,2.5747230327233837e-05,2.3349005845493516e-05,2.3689695190285607e-05
5492,2.843556529006904e-05,2.574337456077618e-05,2.334543682336256e-05,2.3685999311691886e-05
5493,2.8431338735241445e-05,2.57394940683107e-05,2.33418660156025e-05,2.3682323150863918e-05
5494,2.842711916651655e-05,2.573563835314281e-05,2.3338301688874656e-05,2.3678627383631326e-05
5495,2.8422904218849376e-05,2.5731782241879532e-05,2.3334722013099557e-05,2.3674948598635366e-05
5496,2.8418688172977972e-05,2.572792617702349e-05,2.3331163156066874e-05,2.3671286080427008e-05
5497,2.841448536089212e-05,2.57240753583762e-05,2.3327599533185618e-05,2.3667601407316063e-05
5498,2.8410269271583906e-05,2.5720212401042302e-05,2.332403144306157e-05,2.3663924001149435e-05
5499,2.8406060919622864e-05,2.571636134847959e-05,2.332047521460249e-05,2.3660263181521993e-05
5500,2.8401860555053525e-05,2.5712517238796963e-05,2.331692590930948e-05,2.3656594377835546e-05
5501,2.839766224209148e-05,2.570867496563118e-05,2.3313366031042887e-05,2.3652914744087196e-05
5502,2.8393456127303236e-05,2.5704831068100585e-05,2.3309813868445355e-05,2.3649255898874007e-05
5503,2.8389263434601568e-05,2.5700994615901773e-05,2.3306260957322466e-05,2.36455935750538e-05
5504,2.8385066468351334e-05,2.5697147277051677e-05,2.3302727896791918e-05,2.3641928537864927e-05
5505,2.838087808557089e-05,2.5693307480051138e-05,2.329918110405694e-05,2.363827325774732e-05
5506,2.8376687033844563e-05,2.568948662282849e-05,2.3295630639187745e-05,2.3634612770521974e-05
5507,2.8372500476308723e-05,2.5685651643332887e-05,2.3292091318114105e-05,2.3630960273536183e-05
5508,2.836830909466953e-05,2.568181955286314e-05,2.3288552729020615e-05,2.362731696794094e-05
5509,2.8364133975895263e-05,2.5677992857317806e-05,2.3285003955790463e-05,2.3623663524975026e-05
5510,2.835994772515873e-05,2.567416852641919e-05,2.328148205843462e-05,2.36200150629725e-05
5511,2.8355773302786713e-05,2.5670337264230974e-05,2.3277946268255096e-05,2.3616363676235853e-05
5512,2.835160144029362e-05,2.566651048064753e-05,2.3274414640826815e-05,2.3612720703306824e-05
5513,2.8347425494325752e-05,2.5662709404992e-05,2.327089189048922e-05,2.3609086860337764e-05
5514,2.8343254428820785e-05,2.5658882197799114e-05,2.3267354454201788e-05,2.3605441165234347e-05
5515,2.8339095485629424e-05,2.565507367096341e-05,2.3263839736085762e-05,2.360180703816886e-05
5516,2.833492297340859e-05,2.5651263956155563e-05,2.3260310255533756e-05,2.3598177664328328e-05
5517,2.8330764363886816e-05,2.564744760339641e-05,2.3256796148862635e-05,2.3594545150639506e-05
5518,2.83266052359221e-05,2.5643644942308545e-05,2.3253272801361147e-05,2.3590911278172984e-05
5519,2.8322447738542562e-05,2.5639840627326215e-05,2.3249764133127654e-05,2.3587285856789065e-05
5520,2.8318288355131167e-05,2.5636039867493133e-05,2.324624546497817e-05,2.3583664713851718e-05
5521,2.8314137290676603e-05,2.5632238504049763e-05,2.3242738789008596e-05,2.3580026733911594e-05
5522,2.8309992460682172e-05,2.562843046383587e-05,2.3239221164554666e-05,2.3576410637123476e-05
5523,2.8305842866331367e-05,2.562464773965824e-05,2.323571433219308e-05,2.357280206205706e-05
5524,2.830169327404767e-05,2.56208486731323e-05,2.3232212869899347e-05,2.356916899972461e-05
5525,2.829755107870294e-05,2.561705032493388e-05,2.3228703955038313e-05,2.3565562847693795e-05
5526,2.8293412034231436e-05,2.5613269155679292e-05,2.322520177565157e-05,2.3561954779400382e-05
5527,2.8289268761726395e-05,2.5609476886420854e-05,2.3221708386119197e-05,2.3558334698983515e-05
5528,2.8285137501522468e-05,2.5605693389599837e-05,2.32182013575135e-05,2.3554724163706372e-05
5529,2.828100193154005e-05,2.5601914513863594e-05,2.3214708563647668e-05,2.3551119004093972e-05
5530,2.827687786105779e-05,2.5598126739975632e-05,2.3211215507752772e-05,2.354752664185817e-05
5531,2.8272748217116007e-05,2.5594361965059e-05,2.3207728085304486e-05,2.354392315040757e-05
5532,2.8268623544800355e-05,2.5590579264256652e-05,2.3204242951261716e-05,2.3540313782409373e-05
5533,2.8264499372625403e-05,2.5586805767909703e-05,2.320074951420939e-05,2.353671677756463e-05
5534,2.8260376608399204e-05,2.558303958718388e-05,2.3197264228257294e-05,2.353312295103888e-05
5535,2.8256259414714016e-05,2.5579269235118375e-05,2.3193778409344174e-05,2.3529524872897872e-05
5536,2.825214575722367e-05,2.557549296060474e-05,2.3190295450400832e-05,2.3525932269775158e-05
5537,2.8248031754947638e-05,2.557173667521149e-05,2.3186819532930618e-05,2.3522346836152774e-05
5538,2.8243914855407315e-05,2.5567970122988406e-05,2.3183339112010904e-05,2.3518763663145487e-05
5539,2.823981045297709e-05,2.5564211344206067e-05,2.317987415730755e-05,2.351517983562041e-05
5540,2.8235708800478224e-05,2.556045373517433e-05,2.3176393663011473e-05,2.351160084883942e-05
5541,2.8231602946819057e-05,2.5556693629970895e-05,2.3172921662215146e-05,2.3508010364687535e-05
5542,2.8227498938467943e-05,2.555294292949433e-05,2.3169458330743876e-05,2.3504437663466e-05
5543,2.822339958187096e-05,2.5549191213563465e-05,2.316598508340503e-05,2.350086116130121e-05
5544,2.8219304146373236e-05,2.5545450201884304e-05,2.3162528942471525e-05,2.3497282924885477e-05
5545,2.8215202166571065e-05,2.5541696550050137e-05,2.3159066706141444e-05,2.349370555683974e-05
5546,2.8211117799477402e-05,2.5537950761386165e-05,2.3155606779760905e-05,2.3490140271987338e-05
5547,2.8207030903580198e-05,2.5534209667728217e-05,2.3152146333603856e-05,2.348657381583873e-05
5548,2.8202943525997846e-05,2.5530468939773668e-05,2.314869805683333e-05,2.3483010016212003e-05
5549,2.8198859270277754e-05,2.5526733487475987e-05,2.3145235939127078e-05,2.3479442526490404e-05
5550,2.8194775767745437e-05,2.5522999670722006e-05,2.3141787263687357e-05,2.3475885288989094e-05
5551,2.8190697356538417e-05,2.5519260109036907e-05,2.313833646524876e-05,2.347232936496862e-05
5552,2.818661693736797e-05,2.551552528741026e-05,2.3134891799432958e-05,2.346877116683993e-05
5553,2.8182549951318614e-05,2.5511800842241023e-05,2.3131437915365573e-05,2.346520506621963e-05
5554,2.817847460964775e-05,2.5508081462798787e-05,2.3128006693907055e-05,2.3461656225846145e-05
5555,2.8174403247706258e-05,2.5504358993017495e-05,2.3124555246684816e-05,2.3458100692403032e-05
5556,2.817033497354405e-05,2.5500628652616207e-05,2.312111552851531e-05,2.3454552186059592e-05
5557,2.816626916873812e-05,2.549690459484472e-05,2.3117688131889235e-05,2.345100748069978e-05
5558,2.8162205513687698e-05,2.5493187352834823e-05,2.311424988107942e-05,2.3447465648814017e-05
5559,2.815814480344073e-05,2.5489470471145358e-05,2.3110816984594296e-05,2.3443924245310537e-05
5560,2.815408916861045e-05,2.548576314102646e-05,2.3107378257108792e-05,2.3440382205308295e-05
5561,2.81500297418791e-05,2.5482046921450345e-05,2.310394739372245e-05,2.3436837483859524e-05
5562,2.814598243919256e-05,2.5478329109458777e-05,2.31005262033373e-05,2.3433306939078264e-05
5563,2.8141930474948993e-05,2.5474635193040016e-05,2.309710201762309e-05,2.3429769564849158e-05
5564,2.813788039260595e-05,2.5470924441768783e-05,2.309367915291756e-05,2.342624028505858e-05
5565,2.813383504478522e-05,2.546722415076485e-05,2.3090257264784617e-05,2.3422708546358068e-05
5566,2.812979269537241e-05,2.546352631343805e-05,2.308683854634864e-05,2.3419173682039542e-05
5567,2.812575201833445e-05,2.5459822454295967e-05,2.3083415518383355e-05,2.3415654288318327e-05
5568,2.8121708588205897e-05,2.5456129109300208e-05,2.3080008406532668e-05,2.3412137448039233e-05
5569,2.8117677658511295e-05,2.545243432529067e-05,2.3076589049047875e-05,2.340861338829692e-05
5570,2.8113639895326722e-05,2.5448737475092873e-05,2.3073177531492166e-05,2.340509304656448e-05
5571,2.810960937667133e-05,2.544505961484763e-05,2.3069773701292956e-05,2.340157036953394e-05
5572,2.8105581655588375e-05,2.544136611626205e-05,2.306636894756763e-05,2.3398051508350155e-05
5573,2.8101548310875403e-05,2.5437674020234486e-05,2.3062953616321265e-05,2.3394550451098273e-05
5574,2.8097530700594295e-05,2.5433992010152383e-05,2.3059556599311397e-05,2.3391030177193945e-05
5575,2.809350199834548e-05,2.5430313789681466e-05,2.3056150721349512e-05,2.3387521327526445e-05
5576,2.8089484785908677e-05,2.542663010003878e-05,2.305275927943829e-05,2.338402042531291e-05
5577,2.808547093553632e-05,2.5422958109776173e-05,2.3049352607731596e-05,2.338051417540383e-05
5578,2.8081455762807517e-05,2.5419281221508288e-05,2.3045966370852156e-05,2.3377010101462337e-05
5579,2.8077443845761586e-05,2.5415606653512842e-05,2.3042569021535884e-05,2.3373508693637504e-05
5580,2.8073432278929974e-05,2.541193785931879e-05,2.3039181941167997e-05,2.3370003724049482e-05
5581,2.8069422567150032e-05,2.5408266185595194e-05,2.303579065813551e-05,2.3366511379373447e-05
5582,2.806541919041427e-05,2.540460335132328e-05,2.3032403154641272e-05,2.3363021972295436e-05
5583,2.8061410970782834e-05,2.5400941950872137e-05,2.302901841383579e-05,2.33595247613475e-05
5584,2.8057417140684688e-05,2.5397284050296763e-05,2.30256415757399e-05,2.3356035678699654e-05
5585,2.805341376838598e-05,2.5393621296109658e-05,2.3022251571401813e-05,2.335254598544364e-05
5586,2.804942389753761e-05,2.5389969618052384e-05,2.3018879305341174e-05,2.334905688087147e-05
5587,2.8045426341538398e-05,2.538631138207134e-05,2.301550414055861e-05,2.3345576202388412e-05
5588,2.8041433337446274e-05,2.538266100650053e-05,2.3012123105916878e-05,2.3342090113804034e-05
5589,2.80374487157838e-05,2.537900855120955e-05,2.3008752660185005e-05,2.3338616959096383e-05
5590,2.8033457792195147e-05,2.5375358400266e-05,2.300538042582618e-05,2.33351371976954e-05
5591,2.802947359279025e-05,2.5371712867262323e-05,2.3002015189549367e-05,2.3331663627543998e-05
5592,2.802549379181996e-05,2.5368071784263245e-05,2.2998652392703417e-05,2.3328194066595917e-05
5593,2.802151201777029e-05,2.5364423425820935e-05,2.299528546362676e-05,2.3324720413750955e-05
5594,2.80175342517037e-05,2.5360778580748583e-05,2.299191970713989e-05,2.3321247101074397e-05
5595,2.8013557079290925e-05,2.535714844341579e-05,2.2988557513540922e-05,2.331777828457503e-05
5596,2.800959036134944e-05,2.5353514203543774e-05,2.2985200222079982e-05,2.3314303029874045e-05
5597,2.800561768538729e-05,2.534987128683896e-05,2.298184349264114e-05,2.331085371531495e-05
5598,2.800165146655838e-05,2.5346237686225954e-05,2.297849330117007e-05,2.3307390966201575e-05
5599,2.7997684328354115e-05,2.534261318070404e-05,2.2975134922185284e-05,2.3303931939266423e-05
5600,2.7993720199035853e-05,2.533898584608364e-05,2.2971787168888944e-05,2.33004706215221e-05
5601,2.798976060269566e-05,2.533536318765526e-05,2.2968439294289805e-05,2.3297010555287693e-05
5602,2.7985805543212982e-05,2.5331734888156187e-05,2.2965094414744202e-05,2.3293563251480076e-05
5603,2.798184803698681e-05,2.532812016642811e-05,2.296174404995689e-05,2.329011611195091e-05
5604,2.7977892480519216e-05,2.5324505854205295e-05,2.295840023082649e-05,2.3286661572531316e-05
5605,2.7973941158474913e-05,2.5320886848571093e-05,2.2955063570209382e-05,2.328321988592675e-05
5606,2.7969992071467134e-05,2.5317270779817014e-05,2.2951722548407446e-05,2.3279771017274465e-05
5607,2.796604440463256e-05,2.5313665737515516e-05,2.2948383838949873e-05,2.3276329413217622e-05
5608,2.7962103367909902e-05,2.5310051595069566e-05,2.2945054313349504e-05,2.3272889211604892e-05
5609,2.795815967687586e-05,2.5306440165419478e-05,2.294172179840473e-05,2.3269443459746525e-05
5610,2.795422037126745e-05,2.530284037043131e-05,2.2938388863400152e-05,2.326600624391667e-05
5611,2.7950281262017625e-05,2.529923121921027e-05,2.2935063319719297e-05,2.326257616735213e-05
5612,2.7946346795874484e-05,2.5295625919910805e-05,2.293173683995837e-05,2.3259142555135213e-05
5613,2.794241293406499e-05,2.5292037393959685e-05,2.292840917701689e-05,2.325570380194008e-05
5614,2.793848494095235e-05,2.52884348822446e-05,2.2925093077359166e-05,2.3252290473840653e-05
5615,2.793455387516248e-05,2.5284846565432397e-05,2.2921766801850128e-05,2.324885948459053e-05
5616,2.7930629961028185e-05,2.5281243495502276e-05,2.2918448695030363e-05,2.3245428272751093e-05
5617,2.792670680221829e-05,2.5277656899294914e-05,2.291512743921982e-05,2.3242010163242303e-05
5618,2.7922784557830206e-05,2.5274068119325395e-05,2.2911815770625514e-05,2.323858853671337e-05
5619,2.791886942069027e-05,2.527048042604341e-05,2.2908505975017098e-05,2.3235172790158206e-05
5620,2.7914951070414048e-05,2.52668945539052e-05,2.2905192317276726e-05,2.323175130744202e-05
5621,2.7911035581711918e-05,2.5263313091503907e-05,2.2901883485092745e-05,2.322834165726077e-05
5622,2.79071263438597e-05,2.5259732255168895e-05,2.2898579753846432e-05,2.3224927804842025e-05
5623,2.7903213480014086e-05,2.52561528019816e-05,2.2895268554371538e-05,2.3221517153448022e-05
5624,2.7899309782205925e-05,2.5252576202233545e-05,2.28919670601987e-05,2.3218109757371317e-05
5625,2.7895402057777333e-05,2.5249003784765424e-05,2.2888665334429185e-05,2.3214706227928065e-05
5626,2.7891498936573085e-05,2.5245429954575286e-05,2.2885370572585427e-05,2.321129870489124e-05
5627,2.788759905632839e-05,2.524186430064838e-05,2.288206994633385e-05,2.3207896658366598e-05
5628,2.7883704514067714e-05,2.5238298338083914e-05,2.287877915588143e-05,2.320449055226665e-05
5629,2.7879804314570633e-05,2.5234728569334192e-05,2.2875482105647288e-05,2.3201093870284498e-05
5630,2.7875914524577496e-05,2.523116200107107e-05,2.2872193433572952e-05,2.3197702586963087e-05
5631,2.7872021519914648e-05,2.5227602961946158e-05,2.2868906041162708e-05,2.3194310601078703e-05
5632,2.7868134376439654e-05,2.5224043946461065e-05,2.2865615341771846e-05,2.319091504522435e-05
5633,2.786424572535579e-05,2.522048929582842e-05,2.2862335965675855e-05,2.3187526743880437e-05
5634,2.7860359992048718e-05,2.5216939029591468e-05,2.2859043431626828e-05,2.3184135213922565e-05
5635,2.78564790552195e-05,2.521337640432887e-05,2.2855760338217176e-05,2.318074561841661e-05
5636,2.7852600209972144e-05,2.5209832966076507e-05,2.2852483261232268e-05,2.3177367223271965e-05
5637,2.7848726289604516e-05,2.520628196301771e-05,2.284920695488843e-05,2.3173987018744222e-05
5638,2.784484715806883e-05,2.520273545625215e-05,2.284593143390039e-05,2.317060881342469e-05
5639,2.7840978937103632e-05,2.5199194177056118e-05,2.284265830793643e-05,2.3167230270384144e-05
5640,2.7837108928589457e-05,2.5195645790213784e-05,2.283938728985468e-05,2.316384371213657e-05
5641,2.7833240582896787e-05,2.5192104433932583e-05,2.2836121352845995e-05,2.3160474729001252e-05
5642,2.7829374751249086e-05,2.518856857145702e-05,2.2832849627542624e-05,2.3157105693973707e-05
5643,2.7825508887809478e-05,2.518503675994256e-05,2.2829589844810257e-05,2.3153733525742653e-05
5644,2.7821646138455383e-05,2.5181499490232495e-05,2.2826323611548333e-05,2.315036537625105e-05
5645,2.7817790318127092e-05,2.5177967031036695e-05,2.2823058497919573e-05,2.3146998543830787e-05
5646,2.7813933944909656e-05,2.5174436279016992e-05,2.2819799956425272e-05,2.3143634650531596e-05
5647,2.7810080131126188e-05,2.517090851202196e-05,2.2816540857481543e-05,2.3140275341210388e-05
5648,2.780622760135479e-05,2.5167384329296376e-05,2.2813284381708198e-05,2.313691114777265e-05
5649,2.7802381343425444e-05,2.5163861687952047e-05,2.2810027437805137e-05,2.3133553549307093e-05
5650,2.7798530396715765e-05,2.5160342179874418e-05,2.2806775542504967e-05,2.3130199135613483e-05
5651,2.7794686938774806e-05,2.5156820549262097e-05,2.2803526193577438e-05,2.3126841037424994e-05
5652,2.779084250430599e-05,2.5153300283653718e-05,2.2800278911952076e-05,2.3123491615085336e-05
5653,2.7787003713962924e-05,2.5149790967479555e-05,2.2797033859612185e-05,2.312014968134651e-05
5654,2.7783164662045427e-05,2.5146270623804412e-05,2.2793786407511102e-05,2.3116792765419093e-05
5655,2.7779327445761392e-05,2.5142769067433975e-05,2.279054431261125e-05,2.3113445198829307e-05
5656,2.777549190186994e-05,2.5139252973295606e-05,2.278730318263691e-05,2.311010603763553e-05
5657,2.7771663399707576e-05,2.513575270176673e-05,2.2784066658452806e-05,2.310676132655414e-05
5658,2.7767832239919815e-05,2.513225037745916e-05,2.2780831425702464e-05,2.3103423809181087e-05
5659,2.7764007377256128e-05,2.5128740576974312e-05,2.2777594673647336e-05,2.3100089805847352e-05
5660,2.7760183036169854e-05,2.5125242185550868e-05,2.2774363518286144e-05,2.3096752631156325e-05
5661,2.7756361145558096e-05,2.5121741789858385e-05,2.2771134911092103e-05,2.309342137227502e-05
5662,2.7752535520788583e-05,2.5118248026530367e-05,2.276790075959424e-05,2.3090089791231763e-05
5663,2.7748721343231785e-05,2.511474879650175e-05,2.2764677093820344e-05,2.3086757580228478e-05
5664,2.7744904410955046e-05,2.5111260317316653e-05,2.276145097876325e-05,2.3083426824665644e-05
5665,2.7741088655490634e-05,2.5107765133862798e-05,2.2758230750543352e-05,2.3080104088931572e-05
5666,2.773728080176107e-05,2.51042811292951e-05,2.2755007935768672e-05,2.3076778235232666e-05
5667,2.7733469789742783e-05,2.510079752312162e-05,2.27517922047451e-05,2.3073455662906947e-05
5668,2.772966634710179e-05,2.5097308454098628e-05,2.274857380742518e-05,2.30701315628888e-05
5669,2.772586138873939e-05,2.5093827881016652e-05,2.274535297619236e-05,2.3066810396471035e-05
5670,2.772205708948118e-05,2.509034897158781e-05,2.274214590576004e-05,2.3063507378315146e-05
5671,2.771825853827286e-05,2.5086869834181103e-05,2.2738931200877656e-05,2.3060188535595243e-05
5672,2.7714459784842133e-05,2.508339330958362e-05,2.2735715874001308e-05,2.305687392062574e-05
5673,2.7710666775713504e-05,2.5079922946490482e-05,2.2732514636865812e-05,2.3053563902111107e-05
5674,2.770687556878218e-05,2.507645440866217e-05,2.2729304256312384e-05,2.305025614929362e-05
5675,2.7703082429474198e-05,2.5072979481516744e-05,2.2726102485860787e-05,2.304695007799753e-05
5676,2.7699293555408633e-05,2.5069510529351192e-05,2.272289604449841e-05,2.3043645299591132e-05
5677,2.769551038700808e-05,2.5066048719998942e-05,2.271969723315351e-05,2.3040345523698116e-05
5678,2.7691722899523672e-05,2.5062580735687188e-05,2.271650285413786e-05,2.3037044933332862e-05
5679,2.768794185172304e-05,2.5059123290942907e-05,2.2713305791126247e-05,2.3033742221850385e-05
5680,2.7684162309731852e-05,2.5055665637957212e-05,2.271011290223286e-05,2.303044730563105e-05
5681,2.768038652634101e-05,2.5052208996393935e-05,2.2706920933050816e-05,2.302715472945896e-05
5682,2.7676612052411314e-05,2.5048750207094165e-05,2.2703730291233278e-05,2.3023864618380404e-05
5683,2.7672838299077055e-05,2.5045298257202324e-05,2.2700542926168487e-05,2.3020575414224068e-05
5684,2.766906803374191e-05,2.5041849146830426e-05,2.269735325196022e-05,2.3017283680231785e-05
5685,2.7665301057969753e-05,2.5038401938565205e-05,2.2694171864561848e-05,2.301400115052301e-05
5686,2.7661528288472106e-05,2.5034949197286063e-05,2.2690986813385273e-05,2.3010716031065526e-05
5687,2.7657771630576448e-05,2.5031503990158944e-05,2.268780611039511e-05,2.3007431744565194e-05
5688,2.7654010457556526e-05,2.5028061493357974e-05,2.2684627797119596e-05,2.300415340977054e-05
5689,2.7650248743285587e-05,2.5024622273952527e-05,2.268144614450079e-05,2.3000867402680105e-05
5690,2.7646491707919616e-05,2.5021180765913807e-05,2.2678277332517593e-05,2.299759241285613e-05
5691,2.7642738700357757e-05,2.5017746371311416e-05,2.2675098551128442e-05,2.299431750029199e-05
5692,2.763898517309238e-05,2.5014309135371572e-05,2.2671930726551978e-05,2.2991046082176206e-05
5693,2.7635234825335072e-05,2.5010878173923207e-05,2.266875722092269e-05,2.298777476977469e-05
5694,2.7631486606235673e-05,2.5007447783877597e-05,2.2665592651347757e-05,2.2984507744339122e-05
5695,2.7627740491663726e-05,2.500402303561506e-05,2.2662426044373118e-05,2.298124043415994e-05
5696,2.7623997209090856e-05,2.500058952536104e-05,2.2659263284887064e-05,2.297797653209707e-05
5697,2.7620254006963974e-05,2.4997167916013703e-05,2.265610135400587e-05,2.297471322282855e-05
5698,2.76165148126609e-05,2.499374757314738e-05,2.2652934961651156e-05,2.297145243063769e-05
5699,2.7612776955747822e-05,2.499032390462655e-05,2.2649778695491507e-05,2.2968192527939762e-05
5700,2.7609045618909467e-05,2.4986908896340627e-05,2.2646628881367283e-05,2.2964933187854965e-05
5701,2.7605309749671212e-05,2.4983488600941886e-05,2.264347055751824e-05,2.296167245377941e-05
5702,2.7601580926665132e-05,2.4980072474825686e-05,2.2640315348391866e-05,2.29584226499261e-05
5703,2.759785290799657e-05,2.497666188147311e-05,2.2637169539897702e-05,2.295517385029478e-05
5704,2.7594129851813994e-05,2.4973248081729136e-05,2.2634019011143365e-05,2.2951926476496376e-05
5705,2.759040439939579e-05,2.4969842914789726e-05,2.2630874050951637e-05,2.2948681006926023e-05
5706,2.7586682174302476e-05,2.4966439874251645e-05,2.262772464056023e-05,2.2945428438335975e-05
5707,2.758296275949455e-05,2.496303706512057e-05,2.2624583881923075e-05,2.294218548927637e-05
5708,2.7579243820416824e-05,2.4959633763548192e-05,2.2621441522865604e-05,2.2938949296146478e-05
5709,2.757553025525399e-05,2.4956228066745e-05,2.2618303465717784e-05,2.2935708260793238e-05
5710,2.7571819352864203e-05,2.495283194929811e-05,2.2615167574003914e-05,2.2932466883353464e-05
5711,2.7568106728904104e-05,2.4949440860780263e-05,2.261202957483813e-05,2.2929232694812864e-05
5712,2.7564400169654418e-05,2.494604286006588e-05,2.2608895005605433e-05,2.292599673606806e-05
5713,2.756069357113711e-05,2.494264902484638e-05,2.260576123554901e-05,2.292276390019405e-05
5714,2.7556989475137122e-05,2.493926009272615e-05,2.260263887622052e-05,2.2919537607988727e-05
5715,2.7553285671035684e-05,2.4935874962035846e-05,2.259950820114545e-05,2.2916310840474893e-05
5716,2.7549589240097694e-05,2.4932485830876977e-05,2.2596382965757998e-05,2.2913080685226725e-05
5717,2.7545890846540183e-05,2.492909899842595e-05,2.2593251970652112e-05,2.2909857417614085e-05
5718,2.7542195941644798e-05,2.4925720386812753e-05,2.2590133510809622e-05,2.2906637846763228e-05
5719,2.7538503179530475e-05,2.4922336361571682e-05,2.258701425096543e-05,2.2903414272693347e-05
5720,2.7534812421427483e-05,2.4918963029416707e-05,2.2583892626960354e-05,2.2900196111614074e-05
5721,2.753112672970804e-05,2.4915582029594098e-05,2.2580771593121333e-05,2.2896979849787536e-05
5722,2.7527438755962557e-05,2.4912208526747706e-05,2.257765965737947e-05,2.2893765759638065e-05
5723,2.7523754061217016e-05,2.490883674385548e-05,2.257454809153341e-05,2.289055676994795e-05
5724,2.7520071247263315e-05,2.4905469579945318e-05,2.2571436493477906e-05,2.288734357916672e-05
5725,2.7516394274051662e-05,2.4902098606355943e-05,2.2568331475419952e-05,2.2884137564299493e-05
5726,2.7512714081344958e-05,2.4898735649545347e-05,2.256521848383795e-05,2.2880927030507295e-05
5727,2.75090383967577e-05,2.4895367624356302e-05,2.25621137545663e-05,2.287772296962846e-05
5728,2.7505368668684328e-05,2.489200587583782e-05,2.2559012180901804e-05,2.2874520079368126e-05
5729,2.7501696028707096e-05,2.488864731698779e-05,2.2555906634775993e-05,2.2871314458129046e-05
5730,2.7498030322029847e-05,2.488528990249396e-05,2.255281019660304e-05,2.2868122956345584e-05
5731,2.7494361163467417e-05,2.488193311525663e-05,2.254971166310533e-05,2.2864925303191893e-05
5732,2.749069870508895e-05,2.487857754451827e-05,2.2546619047613532e-05,2.2861724134952468e-05
5733,2.7487034775215666e-05,2.4875225459638953e-05,2.2543519880440358e-05,2.285852937416159e-05
5734,2.7483375790477198e-05,2.487187910246819e-05,2.2540428678392254e-05,2.285534443545154e-05
5735,2.7479714898817925e-05,2.4868527921239713e-05,2.2537336656928905e-05,2.2852147764133985e-05
5736,2.747606305990513e-05,2.4865184449653562e-05,2.2534246247566488e-05,2.2848963410805077e-05
5737,2.7472409376049333e-05,2.4861840817767192e-05,2.2531160497750213e-05,2.2845777568329547e-05
5738,2.7468756790243108e-05,2.485849450606051e-05,2.2528072179081754e-05,2.284259167358562e-05
5739,2.746510755101828e-05,2.485515396291345e-05,2.2524988159722807e-05,2.283941222720547e-05
5740,2.746146073671894e-05,2.4851813270525803e-05,2.252191092898448e-05,2.283623047120013e-05
5741,2.7457817598224225e-05,2.4848481890405123e-05,2.251883134643965e-05,2.2833055301434947e-05
5742,2.7454173887169673e-05,2.484514842470628e-05,2.251574954348776e-05,2.2829877114059383e-05
5743,2.7450534716716997e-05,2.4841816694650704e-05,2.2512675048105383e-05,2.282670462249536e-05
5744,2.744689633042844e-05,2.4838483791441114e-05,2.250959924792495e-05,2.2823530561068795e-05
5745,2.7443257649910197e-05,2.483515824859544e-05,2.2506531405333106e-05,2.282035682619326e-05
5746,2.743962698936053e-05,2.4831829046815593e-05,2.250346066749691e-05,2.2817190861589376e-05
5747,2.7435996356477633e-05,2.4828507029066773e-05,2.2500387057325923e-05,2.2814024719559572e-05
5748,2.7432364842560688e-05,2.4825184501252882e-05,2.2497323719071607e-05,2.2810861238557992e-05
5749,2.742873824476882e-05,2.4821861108505253e-05,2.2494258972694755e-05,2.2807694445884864e-05
5750,2.742511331975615e-05,2.4818547970430043e-05,2.2491192941284862e-05,2.280453121741652e-05
5751,2.7421490526842005e-05,2.48152281293579e-05,2.2488130344918495e-05,2.2801378683335856e-05
5752,2.7417868863256643e-05,2.4811913684186554e-05,2.2485073261155567e-05,2.2798216168532236e-05
5753,2.7414250895077184e-05,2.480859900276855e-05,2.248201709312981e-05,2.279506040972159e-05
5754,2.741063289957426e-05,2.4805288976861585e-05,2.247896074109569e-05,2.279190761171605e-05
5755,2.740701952518498e-05,2.4801980973096074e-05,2.2475906731201804e-05,2.2788754944281554e-05
5756,2.7403405836944954e-05,2.4798675370991092e-05,2.2472855962243692e-05,2.278560786881576e-05
5757,2.739979728742591e-05,2.4795371311620413e-05,2.2469803373574887e-05,2.2782455887459256e-05
5758,2.7396189501022645e-05,2.479206632980798e-05,2.246675702693725e-05,2.2779313565473815e-05
5759,2.7392583114225496e-05,2.4788767293853868e-05,2.2463705175466216e-05,2.2776171715706345e-05
5760,2.7388979979282682e-05,2.4785471443638903e-05,2.2460666942546236e-05,2.2773027205660244e-05
5761,2.7385377744134156e-05,2.4782175426174093e-05,2.2457621075458114e-05,2.276988455435115e-05
5762,2.738177859284913e-05,2.4778878983017162e-05,2.245458015760208e-05,2.2766747929286706e-05
5763,2.7378181954102587e-05,2.477558583054739e-05,2.2451541806720507e-05,2.2763612898993702e-05
5764,2.7374588717091386e-05,2.4772292922972075e-05,2.2448502487956456e-05,2.2760475738587422e-05
5765,2.7370995247464706e-05,2.476900661878333e-05,2.2445466515406925e-05,2.2757342918507334e-05
5766,2.7367405276743636e-05,2.476571831235011e-05,2.2442433760336568e-05,2.2754213659978008e-05
5767,2.7363813399814655e-05,2.476243238550735e-05,2.2439399426744897e-05,2.2751085958741447e-05
5768,2.736022873958604e-05,2.475915038710632e-05,2.243636821105163e-05,2.2747957220753563e-05
5769,2.735664526932565e-05,2.475587125728785e-05,2.2433340901279824e-05,2.274483347460391e-05
5770,2.7353062446782548e-05,2.4752591235363035e-05,2.24303138008802e-05,2.274170877784594e-05
5771,2.734948082480761e-05,2.4749311983857957e-05,2.242729050273491e-05,2.2738588517195987e-05
5772,2.7345906580639366e-05,2.474604079374255e-05,2.242426938243113e-05,2.27354679931424e-05
5773,2.7342329049930868e-05,2.4742765264861836e-05,2.24212494756853e-05,2.273234907615093e-05
5774,2.7338755217779767e-05,2.4739494493704246e-05,2.241822747299847e-05,2.2729234744037744e-05
5775,2.733518321308973e-05,2.4736224785123395e-05,2.241520988860523e-05,2.2726121113699492e-05
5776,2.733161767991616e-05,2.4732959553456718e-05,2.2412193921468444e-05,2.2723006868211297e-05
5777,2.7328044587318978e-05,2.472969440868664e-05,2.240917851152939e-05,2.271989515202319e-05
5778,2.73244848543959e-05,2.4726429727895205e-05,2.2406166297163765e-05,2.271678504264436e-05
5779,2.7320920265574413e-05,2.4723169677996487e-05,2.240315965207732e-05,2.271368106434092e-05
5780,2.7317359531007497e-05,2.4719908218583776e-05,2.2400149631605848e-05,2.271057527508114e-05
5781,2.7313797960120463e-05,2.4716653198161655e-05,2.239714370561233e-05,2.2707473790127107e-05
5782,2.7310244683822202e-05,2.471339705334365e-05,2.23941389746252e-05,2.2704369344909303e-05
5783,2.730668911012407e-05,2.4710144502219332e-05,2.239113945170714e-05,2.2701274095081252e-05
5784,2.730313742248419e-05,2.4706890330722996e-05,2.238813185284021e-05,2.2698174788175993e-05
5785,2.729958941959369e-05,2.470364017513959e-05,2.238513442763358e-05,2.269508167425852e-05
5786,2.7296039430208296e-05,2.4700395086304527e-05,2.2382138192055096e-05,2.2691985937913993e-05
5787,2.729249559097567e-05,2.469714509095417e-05,2.237914154060844e-05,2.2688893343910267e-05
5788,2.7288949782415195e-05,2.4693903556187365e-05,2.2376149570239177e-05,2.2685806655359215e-05
5789,2.7285409769138015e-05,2.4690662506198063e-05,2.2373151609524374e-05,2.2682717450437805e-05
5790,2.7281869085344826e-05,2.468741786523708e-05,2.2370167379804598e-05,2.2679628705373753e-05
5791,2.727833263654644e-05,2.4684182990980065e-05,2.236718109294408e-05,2.2676545943610965e-05
5792,2.7274796310794085e-05,2.468094497030524e-05,2.2364190755640038e-05,2.267346401333357e-05
5793,2.7271264865436004e-05,2.467771365571867e-05,2.2361205638154235e-05,2.267038436169476e-05
5794,2.72677324823181e-05,2.467448039649936e-05,2.2358218541167532e-05,2.266730482617618e-05
5795,2.7264203866502925e-05,2.4671249693966876e-05,2.2355242839223365e-05,2.2664226809939386e-05
5796,2.7260678383618784e-05,2.466802189138782e-05,2.2352262281127283e-05,2.2661151530417217e-05
5797,2.725715486875522e-05,2.4664795477838483e-05,2.2349283975529448e-05,2.265808083215491e-05
5798,2.7253629876121453e-05,2.4661570810688728e-05,2.2346307177771293e-05,2.265500710092713e-05
5799,2.7250109466529074e-05,2.4658345462816174e-05,2.23433336760037e-05,2.2651939146416136e-05
5800,2.7246592216268595e-05,2.4655126034865294e-05,2.2340361514034643e-05,2.2648868788706223e-05
5801,2.7243077024742155e-05,2.4651909087323366e-05,2.2337389145456544e-05,2.264580562325107e-05
5802,2.7239562211054727e-05,2.4648690488729224e-05,2.233442358547857e-05,2.2642741594196006e-05
5803,2.7236050685722243e-05,2.4645472681929305e-05,2.233145458723157e-05,2.2639679050670695e-05
5804,2.7232539260567542e-05,2.4642262723907996e-05,2.232848877463686e-05,2.263662272867536e-05
5805,2.7229033053200703e-05,2.4639050416823757e-05,2.2325525625881176e-05,2.2633561175723896e-05
5806,2.722552609713938e-05,2.4635841332638154e-05,2.2322564547669152e-05,2.2630502427317763e-05
5807,2.722202462959655e-05,2.463263525005285e-05,2.231960377985871e-05,2.2627450178129433e-05
5808,2.7218521305965242e-05,2.4629430502845463e-05,2.2316646176454908e-05,2.2624395116462354e-05
5809,2.7215020417364928e-05,2.462622672426694e-05,2.231369305987189e-05,2.2621345046006408e-05
5810,2.7211525605179654e-05,2.4623023791695188e-05,2.2310738558883428e-05,2.2618299207554196e-05
5811,2.7208029862479684e-05,2.4619822866373645e-05,2.2307782690260655e-05,2.2615248942940917e-05
5812,2.720453543740025e-05,2.4616624752802483e-05,2.2304831881853698e-05,2.2612200712055134e-05
5813,2.7201045739138896e-05,2.4613429363628554e-05,2.230188465684832e-05,2.260915910660675e-05
5814,2.7197556330497567e-05,2.4610236071571084e-05,2.2298937414331074e-05,2.260611800379393e-05
5815,2.7194070802670077e-05,2.4607044419349597e-05,2.2295991639983834e-05,2.2603077457548022e-05
5816,2.719058675137133e-05,2.4603855450053562e-05,2.2293044781505393e-05,2.2600038869844088e-05
5817,2.7187103032936352e-05,2.460066450563256e-05,2.229010375271278e-05,2.2597002852912294e-05
5818,2.718362456280262e-05,2.4597475760669185e-05,2.2287165934211005e-05,2.2593969915771822e-05
5819,2.7180145159785045e-05,2.4594293754945104e-05,2.228422441515295e-05,2.2590934179829337e-05
5820,2.7176667882201986e-05,2.4591111350837305e-05,2.2281289415758478e-05,2.2587908004958036e-05
5821,2.7173193949326284e-05,2.4587931023208805e-05,2.2278350962572232e-05,2.2584875239593857e-05
5822,2.7169722523035444e-05,2.4584753735181064e-05,2.2275422394382715e-05,2.258184849422913e-05
5823,2.7166253177155853e-05,2.4581578356710604e-05,2.2272491454947914e-05,2.2578822244576066e-05
5824,2.7162783794886896e-05,2.457839975935819e-05,2.2269558621637385e-05,2.2575800508848987e-05
5825,2.715931777221956e-05,2.457522781198462e-05,2.2266632291577738e-05,2.2572778650696146e-05
5826,2.7155854123426927e-05,2.457205609827388e-05,2.2263706192747454e-05,2.2569757347521756e-05
5827,2.715239030520264e-05,2.456888837897184e-05,2.2260781798675477e-05,2.2566740741514053e-05
5828,2.714893287177062e-05,2.4565719461561354e-05,2.2257858527468203e-05,2.2563722297235868e-05
5829,2.7145475487165373e-05,2.4562555802459517e-05,2.225493469774167e-05,2.2560707751354604e-05
5830,2.7142020507249346e-05,2.455939170649527e-05,2.2252020023501577e-05,2.255769537265709e-05
5831,2.7138565967845564e-05,2.4556228793728856e-05,2.2249102013548616e-05,2.2554684750347537e-05
5832,2.713511666835651e-05,2.4553068967277016e-05,2.2246185411112994e-05,2.25516771518666e-05
5833,2.7131664862373698e-05,2.454991217665602e-05,2.2243271048351604e-05,2.254867067953829e-05
5834,2.7128218825923282e-05,2.4546756575305188e-05,2.2240361947582573e-05,2.254566140389492e-05
5835,2.7124773374414307e-05,2.4543603996136833e-05,2.2237449952089843e-05,2.254265737286662e-05
5836,2.7121331146320136e-05,2.454045128224086e-05,2.2234542563933367e-05,2.253966024653863e-05
5837,2.7117888889309524e-05,2.4537301643205218e-05,2.2231634473525497e-05,2.2536658463615605e-05
5838,2.7114450640342813e-05,2.453415304752709e-05,2.2228727081680322e-05,2.253366056713116e-05
5839,2.7111013248444268e-05,2.453100578725602e-05,2.2225825347367437e-05,2.2530661646978938e-05
5840,2.710757815444868e-05,2.452785675683107e-05,2.2222922796864843e-05,2.25276711425361e-05
5841,2.7104147229561533e-05,2.4524719418817166e-05,2.2220023371437e-05,2.2524676709893108e-05
5842,2.7100714181613118e-05,2.45215782825694e-05,2.2217124206914374e-05,2.2521683846466464e-05
5843,2.7097286836066473e-05,2.451843906472428e-05,2.2214229566776363e-05,2.2518696987293506e-05
5844,2.7093861261713755e-05,2.451530393595705e-05,2.2211338991234766e-05,2.251570825447377e-05
5845,2.7090436922968823e-05,2.4512168111374974e-05,2.2208445485593118e-05,2.2512722849874667e-05
5846,2.7087013236468796e-05,2.4509032328821568e-05,2.2205553388789384e-05,2.2509741099837447e-05
5847,2.7083593722382888e-05,2.4505902492841398e-05,2.220266337217937e-05,2.250675800977121e-05
5848,2.708017537238244e-05,2.4502768698071346e-05,2.2199776218190627e-05,2.250377391029688e-05
5849,2.707676020540114e-05,2.4499643845439403e-05,2.2196892590223968e-05,2.250080037884948e-05
5850,2.7073344410431513e-05,2.449651781963498e-05,2.2194006161498745e-05,2.2497820602998315e-05
5851,2.7069932853300534e-05,2.4493392705426013e-05,2.2191121281550356e-05,2.2494844845232298e-05
5852,2.706652229821773e-05,2.4490273773352076e-05,2.21882449028274e-05,2.2491875313506605e-05
5853,2.7063115294899318e-05,2.4487151083300548e-05,2.2185364729852e-05,2.2488902975145816e-05
5854,2.7059710149919785e-05,2.44840333348545e-05,2.218248747001523e-05,2.2485935373152992e-05
5855,2.7056305162569984e-05,2.4480914754625098e-05,2.217961411563578e-05,2.248296873880361e-05
5856,2.705290258715635e-05,2.4477803976874858e-05,2.2176739311986406e-05,2.2479997777144296e-05
5857,2.704950387255656e-05,2.447469214561878e-05,2.2173866358905656e-05,2.2477035174005972e-05
5858,2.7046108010550036e-05,2.4471580564448716e-05,2.217099625246508e-05,2.2474074571195138e-05
5859,2.704270976092994e-05,2.446847099894173e-05,2.2168130568056213e-05,2.2471113456419294e-05
5860,2.7039315940741725e-05,2.446536497487656e-05,2.21652632656498e-05,2.2468156182391976e-05
5861,2.7035923427973994e-05,2.4462258776536363e-05,2.2162398711165465e-05,2.2465198577219524e-05
5862,2.7032535512276326e-05,2.445915790468574e-05,2.2159536115580074e-05,2.2462243292343553e-05
5863,2.702914782712609e-05,2.4456054619942088e-05,2.215667191831001e-05,2.2459289648513415e-05
5864,2.7025762456492805e-05,2.445295535734163e-05,2.2153814394275646e-05,2.24563392626697e-05
5865,2.702237793288449e-05,2.4449857753122235e-05,2.2150957377837417e-05,2.2453389327069407e-05
5866,2.7019000165706777e-05,2.4446760168563346e-05,2.2148100312219935e-05,2.245044199499523e-05
5867,2.7015619253108645e-05,2.4443667737623037e-05,2.2145245138836207e-05,2.2447494820984036e-05
5868,2.7012242679537867e-05,2.4440575677938387e-05,2.2142392293308812e-05,2.244454993074875e-05
5869,2.7008866235427057e-05,2.4437485669816223e-05,2.2139542201884335e-05,2.2441608380873583e-05
5870,2.7005493476109164e-05,2.4434394331629507e-05,2.2136691388864633e-05,2.2438667676615196e-05
5871,2.7002122121796877e-05,2.4431308967535777e-05,2.213384628895745e-05,2.243572811339564e-05
5872,2.6998753128791385e-05,2.4428225153635723e-05,2.213100012759916e-05,2.2432792673711315e-05
5873,2.6995385310402164e-05,2.442514338345555e-05,2.2128157483916403e-05,2.2429857153842372e-05
5874,2.69920202855748e-05,2.4422058559665852e-05,2.2125311964595347e-05,2.2426921571361668e-05
5875,2.698865901548608e-05,2.4418981727987155e-05,2.2122474934257052e-05,2.242399104173094e-05
5876,2.698529745815544e-05,2.4415905562659777e-05,2.211963163170368e-05,2.242105984254961e-05
5877,2.698193808430121e-05,2.4412828433296714e-05,2.2116796516154306e-05,2.241813165934495e-05
5878,2.697858072351582e-05,2.4409754283937643e-05,2.2113961886405958e-05,2.2415203290728098e-05
5879,2.6975225509754084e-05,2.440668492458446e-05,2.21111278928035e-05,2.2412280049130788e-05
5880,2.697187258492924e-05,2.4403614304575565e-05,2.2108296137903922e-05,2.2409358269067918e-05
5881,2.696852306436605e-05,2.4400544456458505e-05,2.210546498852883e-05,2.24064356064438e-05
5882,2.696517371442706e-05,2.4397481600018817e-05,2.2102637480209316e-05,2.2403516480344335e-05
5883,2.696182637119586e-05,2.4394412910776233e-05,2.2099808887781375e-05,2.2400600400671748e-05
5884,2.6958481590552554e-05,2.4391352666486753e-05,2.2096983960250023e-05,2.2397684588869574e-05
5885,2.6955138211560657e-05,2.4388291966688586e-05,2.2094161248398296e-05,2.2394768417621626e-05
5886,2.6951797851118265e-05,2.4385233521351186e-05,2.2091337940605162e-05,2.2391856165265325e-05
5887,2.694846065214723e-05,2.438217659439347e-05,2.208851910231488e-05,2.2388945039452777e-05
5888,2.694512179287001e-05,2.4379120963484714e-05,2.2085702081455716e-05,2.2386039012420243e-05
5889,2.694178825496062e-05,2.4376067418898336e-05,2.2082887486505817e-05,2.238312920877897e-05
5890,2.693845628861666e-05,2.437301711103331e-05,2.2080071210825477e-05,2.2380223931259423e-05
5891,2.6935126156056154e-05,2.436996514437682e-05,2.2077256307095145e-05,2.237732295958132e-05
5892,2.6931795225706e-05,2.4366919163722e-05,2.207444572277455e-05,2.2374420316104587e-05
5893,2.692846932557968e-05,2.4363873002865694e-05,2.2071637149981425e-05,2.237152082333012e-05
5894,2.6925145003562452e-05,2.436082841930783e-05,2.2068828681151503e-05,2.236862049160952e-05
5895,2.6921823864922076e-05,2.4357787146739636e-05,2.2066020809878274e-05,2.236572600652972e-05
5896,2.6918502544856232e-05,2.435474791715014e-05,2.206321761245255e-05,2.2362831724581745e-05
5897,2.6915183856320822e-05,2.4351706705121558e-05,2.2060414374058126e-05,2.2359937609453457e-05
5898,2.6911867066918068e-05,2.434866976522222e-05,2.2057613094541866e-05,2.2357046222763657e-05
5899,2.690855268877483e-05,2.4345635864645248e-05,2.2054813717785775e-05,2.2354155332114846e-05
5900,2.6905240508391615e-05,2.4342602761429143e-05,2.2052014656231434e-05,2.235126977463038e-05
5901,2.690193033974344e-05,2.433957210951315e-05,2.2049220428563056e-05,2.2348381736781176e-05
5902,2.689862075629041e-05,2.4336541617713477e-05,2.204642552222996e-05,2.234549809388527e-05
5903,2.689531497874433e-05,2.4333515038976442e-05,2.2043631321500135e-05,2.2342614985723012e-05
5904,2.6892010450210605e-05,2.4330486888125492e-05,2.2040841854669935e-05,2.2339735482495986e-05
5905,2.6888708737275744e-05,2.4327465302563226e-05,2.2038052035695263e-05,2.2336856920860562e-05
5906,2.6885407298182853e-05,2.4324442099296577e-05,2.2035265004241128e-05,2.2333979504843372e-05
5907,2.6882111095394942e-05,2.4321424423836472e-05,2.203247941945631e-05,2.2331103800225146e-05
5908,2.687881176038638e-05,2.4318404233750206e-05,2.202969519472882e-05,2.2328229353496658e-05
5909,2.6875517575302467e-05,2.4315388253388857e-05,2.2026911357234778e-05,2.232535789804349e-05
5910,2.6872225154577003e-05,2.4312373058122348e-05,2.202413016457411e-05,2.2322487612252832e-05
5911,2.686893495902353e-05,2.4309358649166257e-05,2.202135298355933e-05,2.231962071069141e-05
5912,2.6865645123999178e-05,2.430634633315737e-05,2.2018574333604887e-05,2.2316752331857685e-05
5913,2.686236028127144e-05,2.4303338653803806e-05,2.2015800751297347e-05,2.2313887098287715e-05
5914,2.685907460386244e-05,2.4300329877819963e-05,2.201302581338866e-05,2.2311024381857695e-05
5915,2.6855793919249217e-05,2.4297325216448296e-05,2.2010253081274573e-05,2.2308163263205856e-05
5916,2.6852513025836605e-05,2.429432175115413e-05,2.200748363576028e-05,2.230530258214763e-05
5917,2.6849234854585913e-05,2.4291318519846127e-05,2.200471319348527e-05,2.2302442948613336e-05
5918,2.6845957487054162e-05,2.4288319654794982e-05,2.2001945656555163e-05,2.229958706829987e-05
5919,2.6842682534440294e-05,2.4285321598337254e-05,2.1999181052037238e-05,2.2296733167258768e-05
5920,2.6839410701601354e-05,2.42823246890031e-05,2.1996416883813522e-05,2.2293881673483724e-05
5921,2.683613992462225e-05,2.4279328755379364e-05,2.1993654288741548e-05,2.229102834736744e-05
5922,2.6832871149860348e-05,2.4276335880673178e-05,2.1990893516622817e-05,2.2288182988334206e-05
5923,2.6829604036460387e-05,2.4273344194104224e-05,2.198813449770561e-05,2.2285331931764563e-05
5924,2.6826339465142638e-05,2.4270355716458188e-05,2.198537804565073e-05,2.2282485920722182e-05
5925,2.682307808088905e-05,2.426736823830659e-05,2.198262158815687e-05,2.2279643122585112e-05
5926,2.6819816031526587e-05,2.426438265001615e-05,2.1979867415482e-05,2.2276801660943623e-05
5927,2.6816557315738642e-05,2.4261398163507322e-05,2.1977116728819973e-05,2.2273959694751746e-05
5928,2.681330067081898e-05,2.425841578081144e-05,2.197436578980592e-05,2.2271120513088882e-05
5929,2.681004619210029e-05,2.4255434838464075e-05,2.197161744407318e-05,2.2268284481741198e-05
5930,2.680679417978017e-05,2.4252457556106625e-05,2.196886949256353e-05,2.2265448181981203e-05
5931,2.6803542882976855e-05,2.4249479481291013e-05,2.196612502468939e-05,2.2262614996990377e-05
5932,2.6800294107077455e-05,2.4246504256423046e-05,2.1963379653991746e-05,2.2259781055670036e-05
5933,2.67970470412613e-05,2.4243530660649796e-05,2.1960637234984503e-05,2.2256952627874037e-05
5934,2.6793802983028034e-05,2.424056103271064e-05,2.195789909582063e-05,2.2254123816892927e-05
5935,2.6790559257976117e-05,2.423759012616917e-05,2.1955159771380644e-05,2.2251295531401235e-05
5936,2.6787318785065158e-05,2.4234622104179676e-05,2.1952422470600074e-05,2.2248469245465138e-05
5937,2.678408116142022e-05,2.4231655063705823e-05,2.1949687073660288e-05,2.224564746123785e-05
5938,2.6780843104667364e-05,2.422869306869297e-05,2.1946954503284784e-05,2.2242824890925905e-05
5939,2.6777607526210845e-05,2.4225731113728345e-05,2.1944220492696582e-05,2.2240005804164546e-05
5940,2.6774375062747988e-05,2.422277107132076e-05,2.1941492881916462e-05,2.2237187591694193e-05
5941,2.6771142476994536e-05,2.42198104199229e-05,2.193876190737727e-05,2.22343700785041e-05
5942,2.6767914666123064e-05,2.4216853338630433e-05,2.1936035346081718e-05,2.2231555937268535e-05
5943,2.67646879993646e-05,2.4213898265242553e-05,2.1933310245983504e-05,2.2228742016462354e-05
5944,2.6761463283056046e-05,2.421094566060297e-05,2.1930586011120345e-05,2.2225931282030958e-05
5945,2.6758239948838532e-05,2.4207992136360616e-05,2.1927865210758014e-05,2.2223120469524276e-05
5946,2.6755018048427923e-05,2.4205043043524253e-05,2.192514473467234e-05,2.222031217886275e-05
5947,2.6751798913116786e-05,2.4202094477481763e-05,2.192242398147661e-05,2.2217507143445952e-05
5948,2.6748582120584797e-05,2.419914876116632e-05,2.1919708255847872e-05,2.22147020154682e-05
5949,2.6745366877939004e-05,2.4196202952278447e-05,2.1916994054095523e-05,2.2211901641479904e-05
5950,2.674215373955244e-05,2.4193263041204626e-05,2.191427973674428e-05,2.2209098301895602e-05
5951,2.6738942038309183e-05,2.419032072370866e-05,2.1911568172458057e-05,2.2206297621578445e-05
5952,2.6735732101689683e-05,2.4187382414954884e-05,2.1908856088887962e-05,2.2203500359661626e-05
5953,2.6732525114010344e-05,2.4184444098182817e-05,2.190614760246489e-05,2.220070594071809e-05
5954,2.6729318233577427e-05,2.418150850241179e-05,2.190344068749412e-05,2.21979100263837e-05
5955,2.6726116084610946e-05,2.4178574058248997e-05,2.1900735451828585e-05,2.2195119996059815e-05
5956,2.6722913434677973e-05,2.4175643335461256e-05,2.189803205805147e-05,2.2192326410428458e-05
5957,2.6719714674169656e-05,2.417271317045738e-05,2.1895329291806712e-05,2.2189536922373533e-05
5958,2.6716516642559178e-05,2.4169785144273295e-05,2.1892628836236975e-05,2.2186750649737116e-05
5959,2.671332154522395e-05,2.416685758330056e-05,2.1889929725875914e-05,2.2183963087912244e-05
5960,2.671012791810841e-05,2.416393277493743e-05,2.1887233265768727e-05,2.2181179524661657e-05
5961,2.6706935005183634e-05,2.416100824127164e-05,2.188453791360628e-05,2.2178400639411305e-05
5962,2.6703744841159506e-05,2.4158087028710666e-05,2.1881844768692355e-05,2.2175618131541348e-05
5963,2.6700556437339014e-05,2.4155167256544774e-05,2.1879152476326973e-05,2.217283933461403e-05
5964,2.6697371066524863e-05,2.4152251475768484e-05,2.1876461226387946e-05,2.2170061946599125e-05
5965,2.6694186443359028e-05,2.4149333824402056e-05,2.187377176765508e-05,2.2167284566654145e-05
5966,2.669100558951508e-05,2.4146420502564568e-05,2.1871085503091204e-05,2.2164511111110354e-05
5967,2.6687825690363034e-05,2.4143506709145917e-05,2.1868400046551e-05,2.2161738335152793e-05
5968,2.668464651239126e-05,2.414059782831324e-05,2.1865715824543868e-05,2.2158969826609998e-05
5969,2.6681469393910718e-05,2.413768811496739e-05,2.1863033236551783e-05,2.2156199921610648e-05
5970,2.667829542722678e-05,2.413478198708376e-05,2.1860352479484633e-05,2.2153431976321588e-05
5971,2.6675124560515654e-05,2.4131876012674753e-05,2.1857673810660975e-05,2.215066744765424e-05
5972,2.667195360164273e-05,2.4128972543207354e-05,2.1854996921053458e-05,2.214790439737698e-05
5973,2.6668783979565402e-05,2.4126069798687276e-05,2.185232033157965e-05,2.214514173412176e-05
5974,2.6665618182087906e-05,2.4123171606648338e-05,2.1849647001984277e-05,2.2142381035157967e-05
5975,2.6662454056048433e-05,2.4120272342240783e-05,2.1846972824210342e-05,2.213962153036157e-05
5976,2.6659289864322188e-05,2.4117375491883334e-05,2.1844304068924278e-05,2.2136864551833135e-05
5977,2.665612955769512e-05,2.4114480292359076e-05,2.1841634781723628e-05,2.2134111220904582e-05
5978,2.665297009275351e-05,2.4111586819289298e-05,2.1838967229610424e-05,2.2131355871766668e-05
5979,2.6649813898758765e-05,2.4108695631251536e-05,2.1836301233997364e-05,2.2128605421512235e-05
5980,2.6646658868517384e-05,2.410580681334058e-05,2.1833637246267018e-05,2.212585397009637e-05
5981,2.6643506642323427e-05,2.4102918741200987e-05,2.183097264469807e-05,2.212310631501131e-05
5982,2.664035468505752e-05,2.4100032046012097e-05,2.182831330960741e-05,2.2120359966617754e-05
5983,2.6637205580622576e-05,2.409714860508819e-05,2.1825655415724106e-05,2.211761566515768e-05
5984,2.6634058267891423e-05,2.4094266146971012e-05,2.182299730225945e-05,2.2114871096347546e-05
5985,2.663091293216705e-05,2.409138506521229e-05,2.1820339819887386e-05,2.2112130886542755e-05
5986,2.6627769274021092e-05,2.4088505885063255e-05,2.1817685789466642e-05,2.2109390264866625e-05
5987,2.6624627525145045e-05,2.4085628212326913e-05,2.1815032225471847e-05,2.2106650970379335e-05
5988,2.6621488749702627e-05,2.40827523254062e-05,2.1812379965694126e-05,2.2103914542550988e-05
5989,2.661835164457771e-05,2.4079879422474913e-05,2.180973166901767e-05,2.2101179337218433e-05
5990,2.6615214603821864e-05,2.4077007261142398e-05,2.1807083799500003e-05,2.2098445762480978e-05
5991,2.6612081347586377e-05,2.4074137076660888e-05,2.180443764717124e-05,2.209571381421188e-05
5992,2.66089486986195e-05,2.4071268417413686e-05,2.1801793714989153e-05,2.209298376425465e-05
5993,2.6605820707863113e-05,2.4068402668445747e-05,2.179914982506974e-05,2.2090255572331314e-05
5994,2.660269195776347e-05,2.406553736984579e-05,2.1796508876760936e-05,2.208752863336213e-05
5995,2.6599565629673437e-05,2.40626738765e-05,2.1793867787176813e-05,2.2084802737571894e-05
5996,2.6596440964969533e-05,2.4059812466140356e-05,2.1791230171540436e-05,2.2082080205573455e-05
5997,2.659331898469698e-05,2.405695366157793e-05,2.1788595257018778e-05,2.2079357708898573e-05
5998,2.659019854976489e-05,2.405409472829518e-05,2.1785959176450447e-05,2.207663871002694e-05
5999,2.6587079466805123e-05,2.4051239671859186e-05,2.17833250306116e-05,2.2073919632095868e-05
6000,2.658396218237986e-05,2.4048384697292767e-05,2.178069503254702e-05,2.2071203309742894e-05
6001,2.6580849106847496e-05,2.404553085314169e-05,2.1778065111664216e-05,2.206848880930008e-05
6002,2.657773557499962e-05,2.4042680306576953e-05,2.177543450176917e-05,2.206577653660343e-05
6003,2.6574624513822648e-05,2.40398309786631e-05,2.1772808721226635e-05,2.20630635084032e-05
6004,2.6571516183723816e-05,2.403698291142478e-05,2.177018344857486e-05,2.206035398477529e-05
6005,2.656840866718259e-05,2.4034136379306937e-05,2.1767560185015017e-05,2.2057645735159275e-05
6006,2.6565304112794545e-05,2.4031294003152855e-05,2.176493712228527e-05,2.2054938160351992e-05
6007,2.656220080831545e-05,2.4028450197650583e-05,2.1762317415010484e-05,2.2052233596746108e-05
6008,2.6559098924973405e-05,2.4025611782106543e-05,2.1759698708817962e-05,2.2049529808466655e-05
6009,2.655600019553884e-05,2.4022771201259657e-05,2.1757081873788716e-05,2.204682950673069e-05
6010,2.6552902471710104e-05,2.4019934614310103e-05,2.1754465284289987e-05,2.2044128744058936e-05
6011,2.6549807854564646e-05,2.40170986990712e-05,2.175185269887331e-05,2.204143139565031e-05
6012,2.6546713372044718e-05,2.401426643694682e-05,2.1749239306996648e-05,2.2038732814841017e-05
6013,2.6543622770064433e-05,2.4011433115828932e-05,2.174663010139244e-05,2.203603774419821e-05
6014,2.6540531819222774e-05,2.4008604632738277e-05,2.1744019767288223e-05,2.2033345627417068e-05
6015,2.6537444751059525e-05,2.4005775292719914e-05,2.1741413177012065e-05,2.203065241973438e-05
6016,2.653435813572977e-05,2.4002948135873654e-05,2.1738806415575827e-05,2.2027963663570282e-05
6017,2.6531272946721974e-05,2.4000121720391996e-05,2.1736201192084744e-05,2.202527456846735e-05
6018,2.6528191214244858e-05,2.3997300101274107e-05,2.1733599229931958e-05,2.202258799642149e-05
6019,2.6525111713560932e-05,2.399447853275791e-05,2.1730999917860026e-05,2.2019901951610205e-05
6020,2.6522032347281755e-05,2.3991658823888563e-05,2.17283990405397e-05,2.2017219496066592e-05
6021,2.6518956076612e-05,2.398883979535614e-05,2.1725802517794314e-05,2.2014539095988986e-05
6022,2.6515881454937353e-05,2.3986023566201152e-05,2.1723206316018125e-05,2.2011857482328757e-05
6023,2.6512809137619062e-05,2.398320926479989e-05,2.1720611055890636e-05,2.2009178461705743e-05
6024,2.6509738458186622e-05,2.3980396479488733e-05,2.1718017898523244e-05,2.2006501060715934e-05
6025,2.6506668988349736e-05,2.3977585474090996e-05,2.171542753805695e-05,2.2003826529557862e-05
6026,2.6503602748877082e-05,2.3974775803865893e-05,2.171283704011586e-05,2.2001154116460708e-05
6027,2.650053624852611e-05,2.397196928443002e-05,2.171024764134823e-05,2.199848193613577e-05
6028,2.649747344926059e-05,2.3969161760685285e-05,2.1707661469540482e-05,2.1995810888031247e-05
6029,2.6494411509797877e-05,2.3966358050319073e-05,2.170507784335556e-05,2.199314263861517e-05
6030,2.6491351837585553e-05,2.3963555239303e-05,2.1702492572890994e-05,2.1990475753792198e-05
6031,2.648829448272614e-05,2.39607531222095e-05,2.1699911619659975e-05,2.1987809784020043e-05
6032,2.6485237752481573e-05,2.3957955531151163e-05,2.1697331925010615e-05,2.1985147098975528e-05
6033,2.648218499327058e-05,2.3955157026997088e-05,2.1694753174877703e-05,2.1982486727753798e-05
6034,2.6479133050093033e-05,2.3952361860837868e-05,2.16921756287869e-05,2.197982482042855e-05
6035,2.6476082766942245e-05,2.394956684599549e-05,2.168960102620431e-05,2.1977165341493985e-05
6036,2.6473034940241014e-05,2.3946775046243693e-05,2.168702661030829e-05,2.1974508257022274e-05
6037,2.646998782937876e-05,2.3943985662164085e-05,2.1684454685426308e-05,2.1971852656543848e-05
6038,2.646694393120083e-05,2.3941196137780683e-05,2.1681884422949052e-05,2.196920001772878e-05
6039,2.6463900375003647e-05,2.3938408004724248e-05,2.167931508180022e-05,2.1966546618205034e-05
6040,2.646085941883191e-05,2.3935623525458306e-05,2.1676747179929934e-05,2.196389620214882e-05
6041,2.6457820741858666e-05,2.3932839887272866e-05,2.1674181094526977e-05,2.196124605563952e-05
6042,2.6454785008206023e-05,2.3930057003687177e-05,2.16716162743557e-05,2.1958601648599968e-05
6043,2.6451749424398804e-05,2.3927277629187025e-05,2.1669053235396115e-05,2.1955954581266208e-05
6044,2.644871630339518e-05,2.3924499051866736e-05,2.1666493536157565e-05,2.195331128427819e-05
6045,2.6445684918306964e-05,2.3921722596848575e-05,2.1663934200543603e-05,2.1950667515228444e-05
6046,2.6442654922300838e-05,2.3918946562353632e-05,2.1661375068022428e-05,2.1948027576188034e-05
6047,2.643962812314726e-05,2.391617322121933e-05,2.1658819725787752e-05,2.194538809923311e-05
6048,2.6436602455148996e-05,2.3913401300967164e-05,2.1656264692500273e-05,2.1942751078069806e-05
6049,2.6433578250287882e-05,2.3910631348598316e-05,2.1653711096969527e-05,2.1940115583930437e-05
6050,2.6430555997997127e-05,2.3907863022474112e-05,2.165115947211396e-05,2.193748209515186e-05
6051,2.642753619380266e-05,2.3905096719612336e-05,2.1648609536283843e-05,2.193484877112484e-05
6052,2.6424517966369628e-05,2.39023310863997e-05,2.1646060899618928e-05,2.193221799191004e-05
6053,2.642150150095351e-05,2.3899567598482114e-05,2.1643514392730318e-05,2.192958885083933e-05
6054,2.6418486965875142e-05,2.3896805247561752e-05,2.1640968790542593e-05,2.192696087901083e-05
6055,2.6415474330522438e-05,2.3894046702206293e-05,2.1638424708225865e-05,2.1924335082457616e-05
6056,2.6412463810122047e-05,2.3891288996570346e-05,2.163588316292978e-05,2.192170997655863e-05
6057,2.6409454585856145e-05,2.3888531331486186e-05,2.1633342487529616e-05,2.1919087828685884e-05
6058,2.6406447498220867e-05,2.3885777703178748e-05,2.1630803267668996e-05,2.1916465608135053e-05
6059,2.6403442727279473e-05,2.38830233478594e-05,2.1628265464054642e-05,2.1913847453550055e-05
6060,2.640043885110204e-05,2.3880272262913117e-05,2.1625730981078392e-05,2.1911229473629454e-05
6061,2.6397438829097e-05,2.387752176168641e-05,2.162319574849032e-05,2.1908612360607864e-05
6062,2.6394438331312126e-05,2.387477391695241e-05,2.162066384922265e-05,2.190599784308163e-05
6063,2.6391440197065992e-05,2.3872027599645098e-05,2.161813182720688e-05,2.1903385351393993e-05
6064,2.6388443979754933e-05,2.3869283651266312e-05,2.1615602564221578e-05,2.1900773720079153e-05
6065,2.6385450426130854e-05,2.3866541034649612e-05,2.1613074765731866e-05,2.1898164209723872e-05
6066,2.6382458761675718e-05,2.3863799061722966e-05,2.1610547923042975e-05,2.1895555575514237e-05
6067,2.6379467458348115e-05,2.3861059303857283e-05,2.1608023595450454e-05,2.1892949802486667e-05
6068,2.637647979374879e-05,2.3858322628595027e-05,2.1605500013005956e-05,2.1890344553836155e-05
6069,2.6373492999330934e-05,2.3855585896448854e-05,2.160297936059189e-05,2.1887740891353787e-05
6070,2.6370508094289637e-05,2.385285085574519e-05,2.160045885418081e-05,2.188513863219717e-05
6071,2.636752599401477e-05,2.3850118079670916e-05,2.1597939921359165e-05,2.188253848976756e-05
6072,2.636454434351331e-05,2.3847387478078188e-05,2.1595423417911002e-05,2.187994037336426e-05
6073,2.6361564450302546e-05,2.3844658043889897e-05,2.1592907737483978e-05,2.187734325442966e-05
6074,2.6358587166131723e-05,2.384192944739303e-05,2.1590394638515888e-05,2.1874747586520454e-05
6075,2.6355612140059403e-05,2.3839203726887e-05,2.1587881498344288e-05,2.187215445107549e-05
6076,2.6352638368923374e-05,2.3836480157755912e-05,2.1585371689194923e-05,2.186956232170965e-05
6077,2.6349666712779346e-05,2.383375636778782e-05,2.1582863072626138e-05,2.1866971965143818e-05
6078,2.6346696389268714e-05,2.3831036015962097e-05,2.1580354739239916e-05,2.1864383463634204e-05
6079,2.6343728699953506e-05,2.3828316561631007e-05,2.1577847727682438e-05,2.1861796027628745e-05
6080,2.6340761568387927e-05,2.3825598396890835e-05,2.1575344313366195e-05,2.1859210492445338e-05
6081,2.6337798142369777e-05,2.382288260225049e-05,2.1572840392810832e-05,2.1856625746738095e-05
6082,2.633483594157297e-05,2.382016854792358e-05,2.157034011098409e-05,2.185404471416114e-05
6083,2.6331874399662305e-05,2.381745578024147e-05,2.1567840367616907e-05,2.1851462614415726e-05
6084,2.63289158280711e-05,2.3814745401417253e-05,2.1565340971453618e-05,2.1848883869646413e-05
6085,2.6325958786759086e-05,2.3812036455328785e-05,2.1562845525361634e-05,2.184630676385072e-05
6086,2.6323003493887612e-05,2.380932828866953e-05,2.1560349555945082e-05,2.1843730579362463e-05
6087,2.6320050168922113e-05,2.3806621819553526e-05,2.1557856756971748e-05,2.184115575270773e-05
6088,2.6317098576172028e-05,2.380391762764912e-05,2.155536396991909e-05,2.1838583303484253e-05
6089,2.6314148919408745e-05,2.3801214903480392e-05,2.155287335851109e-05,2.1836011732896646e-05
6090,2.6311201356485826e-05,2.3798514862029524e-05,2.1550384425132632e-05,2.183344227898425e-05
6091,2.6308255141233464e-05,2.3795816213473283e-05,2.1547897806968464e-05,2.1830874593269097e-05
6092,2.6305310552686173e-05,2.37931164551439e-05,2.1545411426293148e-05,2.1828308700091756e-05
6093,2.6302368408307933e-05,2.3790420457964165e-05,2.154292784672409e-05,2.182574374813913e-05
6094,2.6299427598237197e-05,2.378772729784153e-05,2.1540444076675467e-05,2.1823178961996495e-05
6095,2.6296489147645335e-05,2.3785034746579454e-05,2.153796453120705e-05,2.1820618200234186e-05
6096,2.6293552859304117e-05,2.3782342884368536e-05,2.15354839564779e-05,2.1818059238042538e-05
6097,2.6290617574328476e-05,2.3779654337545367e-05,2.15330060677071e-05,2.1815499677987277e-05
6098,2.6287684144025395e-05,2.3776966724356935e-05,2.153052988881455e-05,2.181294321982615e-05
6099,2.628475241992798e-05,2.3774280373526536e-05,2.1528055562123842e-05,2.181038855150895e-05
6100,2.6281823709640343e-05,2.377159573331393e-05,2.1525581465810303e-05,2.180783473487641e-05
6101,2.6278895783619497e-05,2.3768914338409114e-05,2.1523109742620248e-05,2.1805281120230514e-05
6102,2.6275970183737904e-05,2.3766232362626935e-05,2.1520639762844427e-05,2.180273260566018e-05
6103,2.6273046167571523e-05,2.3763553665274912e-05,2.1518171495382246e-05,2.1800183538161152e-05
6104,2.627012339712851e-05,2.376087620805689e-05,2.1515703407692624e-05,2.1797635703259484e-05
6105,2.6267202828244642e-05,2.3758199937646197e-05,2.151323754240442e-05,2.179508979052918e-05
6106,2.6264283992204974e-05,2.375552591501286e-05,2.1510773205663886e-05,2.1792545992953903e-05
6107,2.626136729320025e-05,2.3752852740444672e-05,2.1508311744795663e-05,2.1790004300845944e-05
6108,2.6258452406036947e-05,2.375018148793673e-05,2.1505849842970612e-05,2.1787463784925754e-05
6109,2.6255539433117717e-05,2.3747513663554286e-05,2.1503390918399956e-05,2.1784923427963622e-05
6110,2.6252628576821485e-05,2.3744845437277086e-05,2.1500932530603797e-05,2.1782386136805103e-05
6111,2.624971808660527e-05,2.3742178996391366e-05,2.149847671339927e-05,2.177985037645163e-05
6112,2.6246811215148633e-05,2.3739515085055172e-05,2.1496021399648237e-05,2.1777315594734507e-05
6113,2.6243905121233435e-05,2.3736852074881594e-05,2.149356820609747e-05,2.1774781672917998e-05
6114,2.6241001166609234e-05,2.3734190066900817e-05,2.149111678330117e-05,2.177225057793246e-05
6115,2.6238098938256546e-05,2.3731531041608257e-05,2.1488666935148792e-05,2.1769720524071032e-05
6116,2.6235198669296118e-05,2.37288747153483e-05,2.1486216811968336e-05,2.176719342719615e-05
6117,2.623229996403476e-05,2.3726218179158008e-05,2.14837697756953e-05,2.1764666527801106e-05
6118,2.622940343064152e-05,2.37235627082887e-05,2.1481324897666723e-05,2.1762141127974842e-05
6119,2.622650810689757e-05,2.3720910824362628e-05,2.1478880693513335e-05,2.1759617566531777e-05
6120,2.6223615665626095e-05,2.371825959241101e-05,2.147643796926068e-05,2.1757095988750624e-05
6121,2.6220724009059627e-05,2.3715609754612676e-05,2.1473996408984465e-05,2.1754575138037597e-05
6122,2.621783416645299e-05,2.3712961842173633e-05,2.147155763099008e-05,2.1752056372550438e-05
6123,2.6214946622292065e-05,2.3710315843204006e-05,2.146911929174803e-05,2.174953932852851e-05
6124,2.6212061300079923e-05,2.3707670948675845e-05,2.1466682449045887e-05,2.1747023696885915e-05
6125,2.6209176883413365e-05,2.370502826667138e-05,2.1464247635002622e-05,2.174450969780918e-05
6126,2.6206294516194377e-05,2.3702386520683042e-05,2.1461813967395893e-05,2.174199789668703e-05
6127,2.6203413534411744e-05,2.3699746601798144e-05,2.1459381605978854e-05,2.173948565087895e-05
6128,2.6200535332938948e-05,2.3697109512588814e-05,2.145695249869135e-05,2.1736977134992626e-05
6129,2.6197658639521242e-05,2.3694472895259393e-05,2.145452317350764e-05,2.173446923259055e-05
6130,2.6194783549139766e-05,2.36918382815142e-05,2.1452096154371778e-05,2.173196367506721e-05
6131,2.6191909911817046e-05,2.3689205480423593e-05,2.1449669388297583e-05,2.1729459601737238e-05
6132,2.618903783424558e-05,2.368657404301003e-05,2.1447245681162412e-05,2.172695602459685e-05
6133,2.6186168685761685e-05,2.368394388610306e-05,2.1444822822585166e-05,2.17244540747256e-05
6134,2.6183301612989196e-05,2.3681315819202596e-05,2.1442402075312768e-05,2.172195458178217e-05
6135,2.6180435037260105e-05,2.36786891300799e-05,2.143998270388463e-05,2.17194560776934e-05
6136,2.617757104796953e-05,2.36760641247104e-05,2.1437564392922526e-05,2.1716959543621937e-05
6137,2.6174708462891434e-05,2.3673441169745933e-05,2.1435148192330515e-05,2.1714463922861277e-05
6138,2.6171847652485364e-05,2.367081952106315e-05,2.1432732892797788e-05,2.171197075889462e-05
6139,2.6168988670601643e-05,2.3668199636185497e-05,2.1430318500163956e-05,2.17094783462593e-05
6140,2.616613202707572e-05,2.3665580928660968e-05,2.1427907111100146e-05,2.170698872055048e-05
6141,2.616327580421812e-05,2.3662964223071106e-05,2.1425496391086407e-05,2.170449963384998e-05
6142,2.6160422659060064e-05,2.3660349924336483e-05,2.1423087403536612e-05,2.1702012192945167e-05
6143,2.61575718535213e-05,2.365773571613849e-05,2.14206797206358e-05,2.169952673836993e-05
6144,2.6154721680683516e-05,2.3655124643801593e-05,2.141827339402341e-05,2.1697041135648198e-05
6145,2.6151873252758977e-05,2.3652514403486705e-05,2.1415868964471408e-05,2.1694558855298494e-05
6146,2.6149026814503908e-05,2.3649905467421802e-05,2.1413466374765622e-05,2.169207829878753e-05
6147,2.6146182489533715e-05,2.36472991611816e-05,2.1411064399457706e-05,2.168959858141285e-05
6148,2.614333990669959e-05,2.3644692620663405e-05,2.140866495919314e-05,2.168712028403717e-05
6149,2.6140498449606145e-05,2.3642089852496708e-05,2.1406265931452692e-05,2.168464473762745e-05
6150,2.613765967713267e-05,2.363948720386391e-05,2.1403869296916475e-05,2.1682168879943955e-05
6151,2.6134822026421176e-05,2.363688708757036e-05,2.140147403496484e-05,2.167969609144718e-05
6152,2.6131986667343735e-05,2.3634288018807573e-05,2.139908017758122e-05,2.1677224610846733e-05
6153,2.61291529085635e-05,2.3631691113775883e-05,2.1396687856362326e-05,2.1674753741557202e-05
6154,2.612632096697028e-05,2.362909562041515e-05,2.139429701223979e-05,2.167228616509646e-05
6155,2.6123490596860168e-05,2.362650221583071e-05,2.1391907259287837e-05,2.1669817937805437e-05
6156,2.6120662247740605e-05,2.3623909143864857e-05,2.1389518908820774e-05,2.166735260541878e-05
6157,2.6117835418778027e-05,2.3621318470423328e-05,2.138713297691461e-05,2.166488888187145e-05
6158,2.6115011083096876e-05,2.3618729621666016e-05,2.1384747726243685e-05,2.1662426323927282e-05
6159,2.6112187771053246e-05,2.3616142391407888e-05,2.1382365483212667e-05,2.1659965539059415e-05
6160,2.610936599496276e-05,2.361355639206666e-05,2.1379983640865116e-05,2.1657506046108144e-05
6161,2.6106546909742856e-05,2.3610972649752802e-05,2.1377602446929165e-05,2.1655048113127017e-05
6162,2.6103729144277725e-05,2.3608390248632673e-05,2.1375224541685187e-05,2.1652592138098363e-05
6163,2.6100912449575783e-05,2.3605808680965482e-05,2.1372846717932677e-05,2.165013706695843e-05
6164,2.609809885807463e-05,2.3603228940721538e-05,2.137047106378447e-05,2.16476844711179e-05
6165,2.6095286604272646e-05,2.3600652094750286e-05,2.136809664503246e-05,2.1645232560688613e-05
6166,2.609247607671063e-05,2.3598075459275096e-05,2.1365723940223618e-05,2.1642782646635316e-05
6167,2.6089666977343727e-05,2.3595500486507893e-05,2.1363352826884166e-05,2.1640334271926172e-05
6168,2.6086860352556675e-05,2.3592928536464667e-05,2.1360982317215064e-05,2.163788729401845e-05
6169,2.608405450705788e-05,2.3590356894685093e-05,2.1358614214504054e-05,2.163544173488089e-05
6170,2.6081251361983748e-05,2.35877873496915e-05,2.1356247489447942e-05,2.1632997790713557e-05
6171,2.6078449675424714e-05,2.3585219504053977e-05,2.135388193976066e-05,2.1630554892068815e-05
6172,2.6075649424500217e-05,2.3582652644906548e-05,2.1351518007983414e-05,2.1628114177429112e-05
6173,2.607285081826795e-05,2.358008722505975e-05,2.134915586908396e-05,2.1625675566726554e-05
6174,2.6070055304410604e-05,2.357752417999922e-05,2.13467952246649e-05,2.1623237599329378e-05
6175,2.6067259977631067e-05,2.3574962666019513e-05,2.134443542948992e-05,2.1620801581762703e-05
6176,2.6064467073048115e-05,2.3572402916936615e-05,2.1342078340764224e-05,2.1618366980646872e-05
6177,2.6061675834020048e-05,2.3569844625583237e-05,2.1339721680774585e-05,2.161593433625946e-05
6178,2.605888684847307e-05,2.3567287565622766e-05,2.1337366843955714e-05,2.1613502709316396e-05
6179,2.60560988410684e-05,2.3564732636983886e-05,2.1335013663179988e-05,2.1611073186708928e-05
6180,2.6053313569433846e-05,2.35621795219535e-05,2.133266135792697e-05,2.1608643473928628e-05
6181,2.605052937868226e-05,2.355962665806495e-05,2.133031090289107e-05,2.1606217163356538e-05
6182,2.6047746641948775e-05,2.3557075996133897e-05,2.1327962319956154e-05,2.1603792152528624e-05
6183,2.6044966395010785e-05,2.3554527778892704e-05,2.1325615208890724e-05,2.160136768880085e-05
6184,2.6042187752438195e-05,2.3551980686808787e-05,2.1323268802874367e-05,2.159894556075053e-05
6185,2.6039410275894837e-05,2.3549435227387517e-05,2.132092461259952e-05,2.159652423147068e-05
6186,2.603663528063351e-05,2.3546890637995867e-05,2.131858237390266e-05,2.159410500535716e-05
6187,2.603386187497417e-05,2.3544348878941304e-05,2.1316239969307243e-05,2.1591687758468056e-05
6188,2.6031090175730146e-05,2.354180792415031e-05,2.1313900508053983e-05,2.1589271476494655e-05
6189,2.6028320198695573e-05,2.353926924782121e-05,2.131156183016288e-05,2.1586856799009352e-05
6190,2.6025551384377974e-05,2.353673103413106e-05,2.1309224871122044e-05,2.158444369789557e-05
6191,2.602278541635125e-05,2.3534195100140147e-05,2.1306889234628588e-05,2.158203228349024e-05
6192,2.602002059514981e-05,2.3531660957103704e-05,2.1304555423335327e-05,2.1579622191811362e-05
6193,2.6017257711170653e-05,2.352912773552197e-05,2.130222278411036e-05,2.1577213889059835e-05
6194,2.6014496311595915e-05,2.3526596807304515e-05,2.129989174627934e-05,2.1574806505952185e-05
6195,2.601173697940203e-05,2.352406725206071e-05,2.1297562187963604e-05,2.157240092869856e-05
6196,2.600897929654479e-05,2.3521539336978148e-05,2.129523415315608e-05,2.1569996703225897e-05
6197,2.600622322612739e-05,2.351901261254314e-05,2.1292907546002093e-05,2.156759476894543e-05
6198,2.600346917881415e-05,2.3516488445132258e-05,2.1290582076939546e-05,2.1565193479189326e-05
6199,2.600071695661521e-05,2.351396481685714e-05,2.128825897641882e-05,2.1562794061600735e-05
6200,2.5997966018525242e-05,2.3511442959648493e-05,2.1285936918065927e-05,2.156039635479468e-05
6201,2.5995217432607544e-05,2.350892300111934e-05,2.1283615387272518e-05,2.155800064260101e-05
6202,2.5992469741013015e-05,2.3506404562427197e-05,2.1281297161446646e-05,2.155560528880147e-05
6203,2.5989724468777935e-05,2.3503887753675627e-05,2.127897917536442e-05,2.155321252465327e-05
6204,2.5986980187302948e-05,2.3501373016538807e-05,2.1276663485683946e-05,2.1550820628336062e-05
6205,2.5984238780644157e-05,2.349885898786745e-05,2.1274348457163114e-05,2.154842990860045e-05
6206,2.598149888814938e-05,2.3496346415919452e-05,2.1272035206341662e-05,2.1546041419756727e-05
6207,2.597876018056354e-05,2.349383653239274e-05,2.1269722868001022e-05,2.1543653644746422e-05
6208,2.5976023182702238e-05,2.3491327267004403e-05,2.126741298295047e-05,2.1541268398601846e-05
6209,2.5973288348833214e-05,2.3488819444431736e-05,2.1265103424623738e-05,2.1538883827740957e-05
6210,2.5970555203074603e-05,2.3486314703152272e-05,2.1262796526529227e-05,2.1536501534599e-05
6211,2.5967823624136283e-05,2.3483810026589687e-05,2.126049032632696e-05,2.1534120032300194e-05
6212,2.5965093841149735e-05,2.3481307361942678e-05,2.1258186066603757e-05,2.1531740627728774e-05
6213,2.5962366068106447e-05,2.3478806209802088e-05,2.1255882792736758e-05,2.1529362772595872e-05
6214,2.595963964366693e-05,2.3476306872828286e-05,2.1253581603189703e-05,2.1526985851801002e-05
6215,2.5956914973889776e-05,2.3473808984839167e-05,2.125128142570728e-05,2.1524610626261126e-05
6216,2.5954192450896442e-05,2.347131246772207e-05,2.1248983051293862e-05,2.1522237471025433e-05
6217,2.595147123186442e-05,2.346881878752586e-05,2.124668585472712e-05,2.1519865658877773e-05
6218,2.594875214316845e-05,2.346632536049321e-05,2.124439019376043e-05,2.151749421241395e-05
6219,2.5946034393170344e-05,2.3463833431194188e-05,2.1242095355541667e-05,2.1515125487309288e-05
6220,2.594331923103428e-05,2.3461343668138643e-05,2.1239803451326708e-05,2.1512758423034258e-05
6221,2.5940604537291966e-05,2.3458854919736778e-05,2.1237512273473404e-05,2.151039162732885e-05
6222,2.5937892173781358e-05,2.3456368050646502e-05,2.123522258952762e-05,2.150802780635921e-05
6223,2.593518139587626e-05,2.345388319128954e-05,2.1232934132626668e-05,2.150566440166854e-05
6224,2.5932472997028834e-05,2.345139953109666e-05,2.1230647379846648e-05,2.150330325104631e-05
6225,2.5929765224664056e-05,2.3448917029630627e-05,2.12283615769235e-05,2.1500943354282366e-05
6226,2.5927060178900367e-05,2.344643657755964e-05,2.1226078018421272e-05,2.149858471350153e-05
6227,2.5924356770796626e-05,2.3443957697897994e-05,2.1223795729324097e-05,2.149622778496563e-05
6228,2.5921654545337376e-05,2.344148048772548e-05,2.122151458038324e-05,2.1493872281791176e-05
6229,2.591895391724648e-05,2.3439004612590746e-05,2.1219234685325916e-05,2.1491517859867332e-05
6230,2.5916255634281833e-05,2.343653064634918e-05,2.1216956882507314e-05,2.1489165220060906e-05
6231,2.591355875318262e-05,2.3434057881344408e-05,2.1214679953813876e-05,2.1486814226883918e-05
6232,2.591086365669911e-05,2.3431586287728266e-05,2.1212405171987713e-05,2.148446538422145e-05
6233,2.5908170259830516e-05,2.342911682880079e-05,2.1210131581730346e-05,2.1482117208284875e-05
6234,2.5905478479652607e-05,2.342664950247989e-05,2.1207859301302618e-05,2.1479770700264328e-05
6235,2.5902788931256495e-05,2.342418273868375e-05,2.1205588731133856e-05,2.147742554492603e-05
6236,2.5900100292772018e-05,2.3421717583044338e-05,2.1203319098922108e-05,2.147508220166974e-05
6237,2.58974143777951e-05,2.3419254847147258e-05,2.1201051975935745e-05,2.147274040892952e-05
6238,2.5894729787073678e-05,2.341679275343012e-05,2.1198784696870144e-05,2.1470400086179545e-05
6239,2.5892046568786816e-05,2.3414333079647485e-05,2.119651994645006e-05,2.146806118693218e-05
6240,2.5889365358311102e-05,2.3411874468731927e-05,2.1194256664801043e-05,2.1465723407119013e-05
6241,2.5886685448941028e-05,2.3409417642861113e-05,2.119199411533809e-05,2.1463387247362596e-05
6242,2.5884007832614665e-05,2.340696164781729e-05,2.1189733942427283e-05,2.1461053199230848e-05
6243,2.5881331542744984e-05,2.3404508255497674e-05,2.1187474062523556e-05,2.1458720136956774e-05
6244,2.5878657641383772e-05,2.3402055564944953e-05,2.118521700582829e-05,2.1456388652850912e-05
6245,2.587598461442632e-05,2.339960454066926e-05,2.118296112593032e-05,2.1454058752948492e-05
6246,2.587331411854963e-05,2.339715574965498e-05,2.1180705774132168e-05,2.1451730027105497e-05
6247,2.587064460744493e-05,2.339470823675413e-05,2.1178452781714133e-05,2.1449402822868992e-05
6248,2.5867977058766394e-05,2.3392261594827914e-05,2.1176200561986546e-05,2.1447077577164774e-05
6249,2.586531120657895e-05,2.3389817162323653e-05,2.117395025244028e-05,2.1444753635564738e-05
6250,2.58626472473567e-05,2.3387374610046378e-05,2.1171701085559166e-05,2.1442431314957822e-05
6251,2.5859984626203858e-05,2.3384933333147424e-05,2.116945348740186e-05,2.144010992022029e-05
6252,2.585732428319044e-05,2.3382493225659134e-05,2.1167207824046284e-05,2.1437790231506447e-05
6253,2.585466515839666e-05,2.3380054787447413e-05,2.1164962745788374e-05,2.1435473091163992e-05
6254,2.585200802308484e-05,2.3377618121579877e-05,2.116271963487236e-05,2.1433156186439307e-05
6255,2.584935237769169e-05,2.337518256405852e-05,2.116047812348911e-05,2.1430840132050408e-05
6256,2.5846698393071147e-05,2.3372748787871466e-05,2.115823756715611e-05,2.1428527644865787e-05
6257,2.584404667279427e-05,2.3370317191946467e-05,2.1155999109082657e-05,2.1426215419573528e-05
6258,2.584139615608891e-05,2.3367886711993444e-05,2.115376168066568e-05,2.1423904305436006e-05
6259,2.5838747272060595e-05,2.336545759806914e-05,2.1151525253372777e-05,2.1421595624556946e-05
6260,2.5836100210847505e-05,2.3363030526783317e-05,2.114929053461953e-05,2.1419288013872337e-05
6261,2.5833455133645346e-05,2.336060435459328e-05,2.1147057875936624e-05,2.1416981195679237e-05
6262,2.5830811288373343e-05,2.3358180244935743e-05,2.1144826338796403e-05,2.1414676735114726e-05
6263,2.5828169529297448e-05,2.335575727111468e-05,2.1142595728510445e-05,2.1412374041717976e-05
6264,2.5825529444779445e-05,2.3353336123637138e-05,2.114036687099291e-05,2.141007232972993e-05
6265,2.582289076799906e-05,2.3350916458402082e-05,2.1138139778303844e-05,2.1407771648496437e-05
6266,2.582025416988756e-05,2.3348498142086988e-05,2.113591384395173e-05,2.1405473149012916e-05
6267,2.5817619206452775e-05,2.3346081430873624e-05,2.1133689443258234e-05,2.1403175053182787e-05
6268,2.581498583881952e-05,2.334366649455643e-05,2.1131466381044876e-05,2.1400879614798336e-05
6269,2.581235419668565e-05,2.3341253202444602e-05,2.1129244777682177e-05,2.1398585435019358e-05
6270,2.5809724443993946e-05,2.333884083755992e-05,2.112702458686185e-05,2.1396292698086146e-05
6271,2.5807095856833253e-05,2.3336430208100973e-05,2.1124805992567426e-05,2.139400164033297e-05
6272,2.580446943097552e-05,2.3334021614829295e-05,2.1122588501693414e-05,2.1391711655517304e-05
6273,2.5801844537531477e-05,2.3331614651326866e-05,2.1120372442931162e-05,2.1389422959242027e-05
6274,2.5799221135501798e-05,2.3329208554328758e-05,2.111815827526774e-05,2.138713605047167e-05
6275,2.579659974546541e-05,2.3326804322732698e-05,2.1115944665405698e-05,2.138485072556043e-05
6276,2.579398005940692e-05,2.33244017767371e-05,2.1113733907012188e-05,2.1382566693717173e-05
6277,2.5791361854363267e-05,2.33220000563575e-05,2.1111523325267552e-05,2.1380284211808858e-05
6278,2.578874554857671e-05,2.3319600923104935e-05,2.1109314553609933e-05,2.137800269623236e-05
6279,2.5786130696008144e-05,2.3317202717129965e-05,2.1107107334084637e-05,2.137572384866525e-05
6280,2.5783518054767613e-05,2.331480585850353e-05,2.110490170709492e-05,2.137344556168017e-05
6281,2.5780906615971997e-05,2.3312410656350064e-05,2.1102697335073456e-05,2.137116903364089e-05
6282,2.5778296646722617e-05,2.3310017249052588e-05,2.110049465291908e-05,2.1368893790418375e-05
6283,2.5775689058496032e-05,2.330762513639448e-05,2.1098292523345292e-05,2.1366620566214096e-05
6284,2.5773082935761075e-05,2.3305235063067028e-05,2.109609284928073e-05,2.1364347634072208e-05
6285,2.5770478417877738e-05,2.330284650756152e-05,2.1093894056103605e-05,2.1362077266920323e-05
6286,2.5767875419414235e-05,2.330045876905798e-05,2.1091696310645328e-05,2.1359808165600908e-05
6287,2.5765274101490452e-05,2.329807310857183e-05,2.108950080201564e-05,2.135753984043986e-05
6288,2.576267455904677e-05,2.3295688720999952e-05,2.108730629591313e-05,2.1355273803602632e-05
6289,2.5760077121794323e-05,2.3293305615625165e-05,2.108511339936445e-05,2.1353009119371386e-05
6290,2.5757480880871375e-05,2.329092431929521e-05,2.1082921666615914e-05,2.135074554250196e-05
6291,2.575488642962329e-05,2.3288544997005256e-05,2.1080731591240365e-05,2.134848338130509e-05
6292,2.575229365845169e-05,2.32861669034615e-05,2.107854297272728e-05,2.1346222924469854e-05
6293,2.5749702652826518e-05,2.328379012365882e-05,2.107635567033313e-05,2.1343964025346884e-05
6294,2.5747113236806717e-05,2.3281415048811556e-05,2.107416991876552e-05,2.134170643707317e-05
6295,2.574452565314247e-05,2.327904144878926e-05,2.1071985641502405e-05,2.1339450499696934e-05
6296,2.574193957792007e-05,2.3276669137934354e-05,2.1069801994512268e-05,2.133719582488003e-05
6297,2.5739355252549192e-05,2.327429881076832e-05,2.1067620534596367e-05,2.1334942961102156e-05
6298,2.573677268335443e-05,2.327192983117424e-05,2.106544019661135e-05,2.1332690766693762e-05
6299,2.5734191458276805e-05,2.3269562441678416e-05,2.106326191297825e-05,2.133044129717636e-05
6300,2.5731612390384518e-05,2.3267196307490977e-05,2.1061084398762732e-05,2.1328191911814267e-05
6301,2.5729034825471842e-05,2.32648315482125e-05,2.10589085420975e-05,2.132594494317336e-05
6302,2.572645866221637e-05,2.3262469027634834e-05,2.1056733758146013e-05,2.1323698675327258e-05
6303,2.5723884563396496e-05,2.3260107241949344e-05,2.1054560545903746e-05,2.1321454477880268e-05
6304,2.5721312023958727e-05,2.3257747748689428e-05,2.1052389225766473e-05,2.1319212027515408e-05
6305,2.571874116963593e-05,2.3255389323391254e-05,2.105021869902004e-05,2.1316970104438604e-05
6306,2.571617190693549e-05,2.3253032484629745e-05,2.1048049924831477e-05,2.1314730011563202e-05
6307,2.571360429577243e-05,2.3250677090240062e-05,2.104588241243152e-05,2.1312491772592563e-05
6308,2.5711038515586182e-05,2.3248323646597344e-05,2.104371653943452e-05,2.131025436625412e-05
6309,2.5708474124232776e-05,2.3245971090275404e-05,2.104155177040536e-05,2.1308018881013526e-05
6310,2.5705911946382283e-05,2.324362065937114e-05,2.1039388602357395e-05,2.1305784818915206e-05
6311,2.5703351054190266e-05,2.3241271228804315e-05,2.1037226933289917e-05,2.130355223624616e-05
6312,2.5700791873274883e-05,2.3238923463862084e-05,2.1035066310021707e-05,2.1301320603380915e-05
6313,2.5698234290581216e-05,2.323657711741786e-05,2.103290750258639e-05,2.1299090478598572e-05
6314,2.569567858194953e-05,2.323423277596561e-05,2.103074997098175e-05,2.1296862547534818e-05
6315,2.5693124342920173e-05,2.323188935303025e-05,2.102859367795905e-05,2.1294635285910266e-05
6316,2.56905718738353e-05,2.3229547981679e-05,2.102643862309844e-05,2.129240995613802e-05
6317,2.5688020957814205e-05,2.3227207419690286e-05,2.102428536234764e-05,2.129018581021481e-05
6318,2.5685471937903324e-05,2.3224868919676818e-05,2.102213374940928e-05,2.128796312646789e-05
6319,2.5682924420738555e-05,2.3222531814096974e-05,2.1019983035926647e-05,2.128574209179947e-05
6320,2.5680378418896802e-05,2.322019606601014e-05,2.101783408427586e-05,2.1283522533192767e-05
6321,2.5677834326492708e-05,2.3217862186484467e-05,2.1015686356520732e-05,2.1281304543903213e-05
6322,2.5675291646605738e-05,2.3215529551607517e-05,2.101353999007373e-05,2.1279087287285358e-05
6323,2.5672751113633117e-05,2.3213198333345494e-05,2.101139515112307e-05,2.1276871976537167e-05
6324,2.5670211727180998e-05,2.3210868883753043e-05,2.100925136723317e-05,2.127465832837128e-05
6325,2.5667674333087786e-05,2.320854112282482e-05,2.100710927737863e-05,2.127244556413628e-05
6326,2.566513822127079e-05,2.3206214193016843e-05,2.1004968815518092e-05,2.12702348384876e-05
6327,2.5662604259949148e-05,2.3203889309908213e-05,2.1002828837953508e-05,2.1268025460281965e-05
6328,2.5660071831876176e-05,2.3201565552841253e-05,2.100069167983446e-05,2.1265817001018122e-05
6329,2.5657540896443173e-05,2.319924368848624e-05,2.0998555005711824e-05,2.1263610162082565e-05
6330,2.565501172930738e-05,2.3196923003146915e-05,2.0996419391653144e-05,2.1261404734458278e-05
6331,2.565248415243849e-05,2.319460403976562e-05,2.0994286085855607e-05,2.125920128172519e-05
6332,2.56499581108833e-05,2.3192286645868274e-05,2.0992154060739472e-05,2.1256998943623138e-05
6333,2.5647434033517813e-05,2.3189970404521683e-05,2.099002295808327e-05,2.125479808941149e-05
6334,2.564491151258103e-05,2.318765625516165e-05,2.098789352671349e-05,2.1252598268912197e-05
6335,2.564239043696375e-05,2.318534288899696e-05,2.0985765637636505e-05,2.1250400837247073e-05
6336,2.563987120662792e-05,2.3183031893920307e-05,2.09836388701419e-05,2.1248203999726322e-05
6337,2.5637353729645142e-05,2.3180721553768078e-05,2.0981513758376192e-05,2.1246008769290744e-05
6338,2.5634837725798424e-05,2.3178413099295718e-05,2.09793897480046e-05,2.1243814831973237e-05
6339,2.5632323521244382e-05,2.3176105884253842e-05,2.097726735551876e-05,2.124162280237342e-05
6340,2.5629810747284078e-05,2.3173800368513693e-05,2.0975146003882377e-05,2.1239431792670857e-05
6341,2.562729983593627e-05,2.3171496443133424e-05,2.097302629225989e-05,2.1237242711757973e-05
6342,2.5624790321948856e-05,2.316919400037004e-05,2.0970907895069333e-05,2.123505466887265e-05
6343,2.562228272096707e-05,2.3166893228350875e-05,2.0968791003687155e-05,2.1232868185451898e-05
6344,2.561977676952099e-05,2.3164593731957507e-05,2.0966675376642238e-05,2.1230682693571242e-05
6345,2.561727224621399e-05,2.3162295450516567e-05,2.0964561275478393e-05,2.1228499142105036e-05
6346,2.5614769539464953e-05,2.3159999093068334e-05,2.0962448550866467e-05,2.1226317219247574e-05
6347,2.5612268415828933e-05,2.3157704081253968e-05,2.09603372701293e-05,2.1224136417224355e-05
6348,2.5609769013107783e-05,2.315541047683661e-05,2.0958227076416062e-05,2.1221956940896518e-05
6349,2.5607271370597205e-05,2.3153118561182112e-05,2.095611858507965e-05,2.1219778835753473e-05
6350,2.5604775058386426e-05,2.3150827808378323e-05,2.0954011441929916e-05,2.121760232625471e-05
6351,2.5602280446485682e-05,2.314853877575028e-05,2.095190581379764e-05,2.1215427289958586e-05
6352,2.559978757141713e-05,2.3146251235006823e-05,2.094980119553528e-05,2.12132535631424e-05
6353,2.5597296559934733e-05,2.3143965188655106e-05,2.09476979359062e-05,2.1211081211876834e-05
6354,2.559480704674313e-05,2.3141680541539592e-05,2.094559650591019e-05,2.1208910652332094e-05
6355,2.5592319071913132e-05,2.313939736037039e-05,2.0943495997086677e-05,2.120674094283785e-05
6356,2.5589832838015107e-05,2.3137115708151365e-05,2.0941397391560103e-05,2.1204573121785953e-05
6357,2.558734816356384e-05,2.313483560131486e-05,2.093929981552439e-05,2.120240674772325e-05
6358,2.5584865040344583e-05,2.3132557225503503e-05,2.0937203807173425e-05,2.1200241613099093e-05
6359,2.558238360250327e-05,2.3130280065410093e-05,2.0935109308902115e-05,2.1198077851177757e-05
6360,2.557990385846676e-05,2.3128004395807248e-05,2.0933015753332667e-05,2.119591582529137e-05
6361,2.557742576332109e-05,2.3125730202648953e-05,2.093092385810264e-05,2.1193754918816937e-05
6362,2.5574949378309236e-05,2.3123457761915605e-05,2.0928833256234953e-05,2.119159530223087e-05
6363,2.557247453032047e-05,2.3121186275569328e-05,2.0926743875056102e-05,2.1189437124893414e-05
6364,2.557000161077901e-05,2.3118916895324823e-05,2.0924656401065282e-05,2.1187280626472735e-05
6365,2.5567530191786807e-05,2.31166484861368e-05,2.092256970782623e-05,2.1185125684236627e-05
6366,2.556506021757076e-05,2.311438169167311e-05,2.0920484980916696e-05,2.1182972017983523e-05
6367,2.556259184560444e-05,2.3112116717431044e-05,2.0918401159330657e-05,2.1180819874726612e-05
6368,2.5560125240365383e-05,2.310985274658041e-05,2.091631876182128e-05,2.1178668841823888e-05
6369,2.5557660109517807e-05,2.3107590545005025e-05,2.091423794000129e-05,2.117651961163009e-05
6370,2.5555196992124895e-05,2.3105329923603238e-05,2.0912158550207416e-05,2.1174371488281516e-05
6371,2.5552735182794202e-05,2.310307017463707e-05,2.0910080210933966e-05,2.1172224986210428e-05
6372,2.5550275064435338e-05,2.3100812341368095e-05,2.090800359826387e-05,2.117007985166601e-05
6373,2.5547816592089593e-05,2.309855610448119e-05,2.0905928015758132e-05,2.116793597966783e-05
6374,2.5545359748192794e-05,2.309630133297886e-05,2.0903854460607774e-05,2.1165793459672374e-05
6375,2.5542904456145582e-05,2.309404779054571e-05,2.0901781666753692e-05,2.1163652623654507e-05
6376,2.5540451169184748e-05,2.309179590993359e-05,2.089971032710451e-05,2.1161513018364954e-05
6377,2.553799916668819e-05,2.3089545445649966e-05,2.0897640354841696e-05,2.1159374938373197e-05
6378,2.5535548833155686e-05,2.308729649467293e-05,2.0895571713238883e-05,2.1157238145748927e-05
6379,2.553310016436107e-05,2.3085048861735462e-05,2.089350472902444e-05,2.1155102949097716e-05
6380,2.5530653024070373e-05,2.30828030331745e-05,2.089143886380498e-05,2.1152968980290225e-05
6381,2.5528207481781112e-05,2.308055820579041e-05,2.0889374493335152e-05,2.115083668199496e-05
6382,2.5525763819765697e-05,2.3078315299198603e-05,2.0887311573737715e-05,2.114870573953804e-05
6383,2.5523321521962526e-05,2.3076073766898925e-05,2.0885249871107757e-05,2.114657608392693e-05
6384,2.5520881184024968e-05,2.3073833642409184e-05,2.0883189688397256e-05,2.114444770025784e-05
6385,2.551844224310839e-05,2.3071595106895505e-05,2.088113084876424e-05,2.114232110733373e-05
6386,2.5516004924043128e-05,2.3069357824673384e-05,2.0879073071664104e-05,2.1140195707253586e-05
6387,2.5513569340930803e-05,2.306712199783334e-05,2.087701696557392e-05,2.1138071685226e-05
6388,2.551113519155384e-05,2.30648879389845e-05,2.087496232088002e-05,2.1135948997052687e-05
6389,2.5508702857659047e-05,2.306265500643174e-05,2.0872908682197554e-05,2.1133827789300406e-05
6390,2.55062718524216e-05,2.3060423981354473e-05,2.0870856869988614e-05,2.1131708187670675e-05
6391,2.55038427113874e-05,2.305819377544626e-05,2.086880629747981e-05,2.112958983025235e-05
6392,2.55014151973337e-05,2.3055965483519104e-05,2.0866756802254684e-05,2.1127472788696864e-05
6393,2.549898922091133e-05,2.305373879906212e-05,2.0864708535836314e-05,2.1125357644663036e-05
6394,2.5496564837379927e-05,2.3051513139477348e-05,2.086266210318698e-05,2.1123243403476232e-05
6395,2.5494142061610966e-05,2.3049289290426564e-05,2.0860617211982336e-05,2.11211305584918e-05
6396,2.5491721061706373e-05,2.3047066599035875e-05,2.0858573030369045e-05,2.111901937469508e-05
6397,2.5489301590946382e-05,2.3044845693847116e-05,2.085653054618043e-05,2.1116909512823324e-05
6398,2.5486883592825927e-05,2.304262617391687e-05,2.085448937723847e-05,2.1114800555203696e-05
6399,2.54844675527546e-05,2.3040408092600605e-05,2.0852449592249338e-05,2.1112693633561986e-05
6400,2.548205287726562e-05,2.3038191426376742e-05,2.0850411282935018e-05,2.1110587736475305e-05
6401,2.5479639848830394e-05,2.3035976195072594e-05,2.0848374301710507e-05,2.1108483599272845e-05
6402,2.547722835368113e-05,2.3033762605399705e-05,2.0846338778317397e-05,2.1106380778364945e-05
6403,2.5474818507324927e-05,2.303155027847999e-05,2.0844304107860485e-05,2.1104279240753597e-05
6404,2.5472410356064253e-05,2.302933942593654e-05,2.0842271323155086e-05,2.1102179236966952e-05
6405,2.5470003781481237e-05,2.3027130205803555e-05,2.084023954944384e-05,2.110008033392874e-05
6406,2.5467598947121323e-05,2.302492249362132e-05,2.0838209383753892e-05,2.109798311687344e-05
6407,2.5465195577138124e-05,2.3022715925463743e-05,2.0836180402334356e-05,2.109588741301559e-05
6408,2.5462793824763577e-05,2.3020511089292747e-05,2.083415297287783e-05,2.1093792764975417e-05
6409,2.5460393755955782e-05,2.301830735020396e-05,2.083212675017385e-05,2.10916996402526e-05
6410,2.5457995232662277e-05,2.301610546866798e-05,2.083010195951593e-05,2.1089607989675082e-05
6411,2.545559823801475e-05,2.3013904768996633e-05,2.0828078427408703e-05,2.108751754243191e-05
6412,2.5453203018412196e-05,2.301170544189069e-05,2.082605633225228e-05,2.1085428610701874e-05
6413,2.545080941344343e-05,2.3009508024206103e-05,2.0824035752748217e-05,2.1083340998500878e-05
6414,2.544841708926186e-05,2.30073118586551e-05,2.0822016391284165e-05,2.1081254957008793e-05
6415,2.544602667900266e-05,2.3005117220044954e-05,2.081999801999037e-05,2.1079170434680857e-05
6416,2.5443637874120406e-05,2.300292360360643e-05,2.081798142136368e-05,2.1077086954530285e-05
6417,2.5441250541882833e-05,2.300073191010246e-05,2.0815966096173363e-05,2.107500505292532e-05
6418,2.5438864877033973e-05,2.299854144126713e-05,2.08139522200618e-05,2.1072924447149884e-05
6419,2.5436480825278524e-05,2.299635272571029e-05,2.0811939498452025e-05,2.1070845467320862e-05
6420,2.543409834565594e-05,2.2994165124254345e-05,2.0809928344999947e-05,2.1068767476182848e-05
6421,2.543171744418303e-05,2.299197902148522e-05,2.0807918471621918e-05,2.1066690999486473e-05
6422,2.5429338179375606e-05,2.2989794473439926e-05,2.08059097530877e-05,2.10646164091399e-05
6423,2.5426960621494815e-05,2.2987611339857374e-05,2.080390262055796e-05,2.1062542691299545e-05
6424,2.542458462632665e-05,2.298542945225373e-05,2.0801896623905235e-05,2.1060470499924396e-05
6425,2.542221014559443e-05,2.2983249416757104e-05,2.079989228029227e-05,2.105839957996848e-05
6426,2.541983727171049e-05,2.2981070696042034e-05,2.079788906392713e-05,2.1056330237255913e-05
6427,2.5417465974447976e-05,2.2978893473919273e-05,2.079588730338781e-05,2.1054262185799522e-05
6428,2.5415096281622255e-05,2.2976717570183626e-05,2.0793886542598643e-05,2.1052195383389e-05
6429,2.541272830766878e-05,2.2974542823481016e-05,2.0791887571014154e-05,2.1050130265964645e-05
6430,2.5410361819392693e-05,2.2972369969643337e-05,2.0789889862186047e-05,2.1048066271112668e-05
6431,2.5407997025524396e-05,2.2970198237642304e-05,2.0787893487959915e-05,2.104600394698246e-05
6432,2.5405633613508535e-05,2.2968028533029232e-05,2.0785898431728886e-05,2.1043942684900546e-05
6433,2.5403272007587072e-05,2.2965859604186586e-05,2.078390445199105e-05,2.10418827770911e-05
6434,2.5400911795174388e-05,2.2963692290308067e-05,2.0781911952976107e-05,2.1039824672963584e-05
6435,2.539855343994687e-05,2.2961526758834454e-05,2.0779920976591856e-05,2.1037767867330764e-05
6436,2.5396196384253635e-05,2.2959362478018624e-05,2.0777931451269123e-05,2.1035712305516587e-05
6437,2.53938411767731e-05,2.2957199547705803e-05,2.0775943050231798e-05,2.1033657918339983e-05
6438,2.53914874733392e-05,2.295503803648913e-05,2.0773955935303553e-05,2.1031605166986532e-05
6439,2.538913537742071e-05,2.2952878002982774e-05,2.0771970280627438e-05,2.1029553774604387e-05
6440,2.5386784706089143e-05,2.2950719438256662e-05,2.0769985900467985e-05,2.102750382317713e-05
6441,2.53844358955396e-05,2.2948562345242988e-05,2.0768002947622952e-05,2.1025455127062786e-05
6442,2.5382088549736478e-05,2.2946406646841776e-05,2.0766021271391126e-05,2.102340761143117e-05
6443,2.5379742709107203e-05,2.2944252499154885e-05,2.0764040870280453e-05,2.1021361724171288e-05
6444,2.537739861751775e-05,2.2942099629064098e-05,2.076206182955124e-05,2.1019317264556454e-05
6445,2.537505608381498e-05,2.2939948331459427e-05,2.076008413881165e-05,2.1017274100428727e-05
6446,2.5372715163325933e-05,2.2937798503181464e-05,2.0758107928651663e-05,2.1015232422966603e-05
6447,2.5370375661683218e-05,2.2935649918739956e-05,2.0756132967188223e-05,2.1013192198669578e-05
6448,2.5368037731958798e-05,2.2933502809168405e-05,2.075415933891154e-05,2.1011153017735624e-05
6449,2.5365701603216956e-05,2.293135719761226e-05,2.0752187204469134e-05,2.100911545470493e-05
6450,2.5363366795284434e-05,2.2929213158495846e-05,2.0750216150956644e-05,2.1007079043302835e-05
6451,2.5361033853456923e-05,2.2927070214030712e-05,2.0748246549988337e-05,2.100504431540152e-05
6452,2.5358702365840568e-05,2.2924929120659868e-05,2.0746278379752268e-05,2.1003010739599496e-05
6453,2.535637249429523e-05,2.292278908381997e-05,2.074431123656705e-05,2.1000978657511146e-05
6454,2.5354044092082922e-05,2.292065046412323e-05,2.0742345669132765e-05,2.0998947860251423e-05
6455,2.535171734372503e-05,2.291851358449187e-05,2.0740381718678857e-05,2.0996918551184472e-05
6456,2.5349392292529614e-05,2.291637807519121e-05,2.0738418504253554e-05,2.0994890401678447e-05
6457,2.53470686165018e-05,2.2914244011517258e-05,2.073645692224854e-05,2.0992863904876596e-05
6458,2.5344746610345688e-05,2.2912111277254338e-05,2.073449671188249e-05,2.099083845335439e-05
6459,2.5342426241081844e-05,2.2909980048321808e-05,2.073253774898741e-05,2.098881472800203e-05
6460,2.534010731143508e-05,2.2907849904142357e-05,2.0730580015346726e-05,2.0986791968320668e-05
6461,2.5337790168685465e-05,2.2905721622560144e-05,2.0728623781018167e-05,2.0984770971718925e-05
6462,2.533547444147275e-05,2.2903594672124115e-05,2.0726668790992473e-05,2.0982751093169986e-05
6463,2.5333160268398046e-05,2.290146904545469e-05,2.0724715196872825e-05,2.098073280177969e-05
6464,2.5330847850409566e-05,2.289934502739533e-05,2.0722762903507348e-05,2.097871565820238e-05
6465,2.532853690361833e-05,2.2897222235147796e-05,2.0720812082430373e-05,2.0976699931477517e-05
6466,2.532622744434005e-05,2.2895100836871486e-05,2.0718862422362258e-05,2.097468573884617e-05
6467,2.5323919751737592e-05,2.289298123334577e-05,2.071691398295486e-05,2.097267280950807e-05
6468,2.5321613487759607e-05,2.289086272280296e-05,2.0714967072598588e-05,2.0970661436125178e-05
6469,2.531930886663839e-05,2.2888745554847112e-05,2.0713021370145555e-05,2.096865071349433e-05
6470,2.5317005772104273e-05,2.2886630173252343e-05,2.07110770300209e-05,2.0966642043795197e-05
6471,2.5314704259850356e-05,2.288451588189524e-05,2.070913406577924e-05,2.0964634586744824e-05
6472,2.5312404261500036e-05,2.2882403197890628e-05,2.0707192404263068e-05,2.096262860792648e-05
6473,2.531010599181793e-05,2.288029170421783e-05,2.070525196667839e-05,2.096062373370223e-05
6474,2.5307809187963753e-05,2.2878181989891385e-05,2.0703313030178467e-05,2.095862030189428e-05
6475,2.530551390025086e-05,2.2876073508989324e-05,2.0701375388284358e-05,2.0956618287659424e-05
6476,2.5303220279919744e-05,2.287396658839596e-05,2.069943908902817e-05,2.0954617514943818e-05
6477,2.5300928147343214e-05,2.2871860686629665e-05,2.069750403035225e-05,2.0952618476870902e-05
6478,2.5298637670584265e-05,2.286975671424617e-05,2.0695570279843033e-05,2.0950620307688977e-05
6479,2.5296348717321783e-05,2.2867653876475527e-05,2.0693637884202748e-05,2.0948623933019234e-05
6480,2.5294061431949495e-05,2.286555241429108e-05,2.069170656163967e-05,2.0946628503851233e-05
6481,2.5291775673962932e-05,2.2863452664403056e-05,2.0689776886959628e-05,2.094463492247546e-05
6482,2.5289491281526177e-05,2.286135397349314e-05,2.0687848607888387e-05,2.0942642153610103e-05
6483,2.5287208696941375e-05,2.2859256841018908e-05,2.0685921493436647e-05,2.094065108726263e-05
6484,2.5284927533706505e-05,2.2857161061921126e-05,2.0683995463973397e-05,2.0938661273288797e-05
6485,2.5282648056354754e-05,2.285506691254751e-05,2.0682071119287647e-05,2.093667294999183e-05
6486,2.5280370076580775e-05,2.2852973963715367e-05,2.06801478491179e-05,2.093468576121088e-05
6487,2.5278093622903942e-05,2.2850882659389226e-05,2.0678226111337056e-05,2.0932700054630945e-05
6488,2.527581879487457e-05,2.2848792554090897e-05,2.0676305536639137e-05,2.093071588398778e-05
6489,2.5273545502721997e-05,2.2846703914230674e-05,2.0674386397726436e-05,2.0928732735355135e-05
6490,2.5271273841973676e-05,2.284461663544875e-05,2.0672468588559822e-05,2.0926751069706536e-05
6491,2.5269003643060183e-05,2.2842531110068975e-05,2.0670551884329727e-05,2.0924770899739723e-05
6492,2.5266735054902245e-05,2.2840446641856612e-05,2.066863673340389e-05,2.092279204747059e-05
6493,2.5264467957613347e-05,2.283836356422023e-05,2.066672264841088e-05,2.0920814256670552e-05
6494,2.5262202502806725e-05,2.2836282022571213e-05,2.066481000872791e-05,2.0918838038039048e-05
6495,2.5259938578662676e-05,2.2834201979689334e-05,2.0662898755768897e-05,2.0916863123424344e-05
6496,2.5257676267068036e-05,2.2832123098753377e-05,2.0660988595659503e-05,2.0914889705131668e-05
6497,2.5255415368282095e-05,2.2830045734256402e-05,2.0659080046330045e-05,2.0912917568081688e-05
6498,2.5253156112580803e-05,2.2827969957207164e-05,2.065717259607666e-05,2.0910946786769686e-05
6499,2.5250898411983954e-05,2.2825895378457374e-05,2.0655266649637444e-05,2.09089772458323e-05
6500,2.5248642422635697e-05,2.282382225046423e-05,2.065336183939088e-05,2.0907009197993643e-05
6501,2.524638779074118e-05,2.2821750691710963e-05,2.0651458358559247e-05,2.0905042426527563e-05
6502,2.5244134812039608e-05,2.281968034439222e-05,2.0649556256261184e-05,2.0903076837991214e-05
6503,2.5241883382454546e-05,2.281761148442477e-05,2.0647655477353917e-05,2.0901112813759452e-05
6504,2.5239633367074967e-05,2.2815543994888616e-05,2.0645756030535427e-05,2.089915020561752e-05
6505,2.5237384934674382e-05,2.2813477874388518e-05,2.064385796779316e-05,2.089718882425479e-05
6506,2.523513816436833e-05,2.2811413121870144e-05,2.0641960913764744e-05,2.089522880394026e-05
6507,2.523289289473065e-05,2.2809350011254458e-05,2.0640065470649134e-05,2.0893270108237827e-05
6508,2.523064924069356e-05,2.280728817750841e-05,2.063817112278112e-05,2.0891312825706217e-05
6509,2.5228407069187633e-05,2.2805227819263545e-05,2.0636278157972343e-05,2.0889356871215036e-05
6510,2.5226166473064584e-05,2.280316869480042e-05,2.063438643910207e-05,2.0887402191577648e-05
6511,2.5223927401634812e-05,2.2801111018583687e-05,2.0632496151955893e-05,2.088544884365115e-05
6512,2.5221689881080503e-05,2.2799054866414465e-05,2.0630607094445113e-05,2.0883497000160268e-05
6513,2.521945397775149e-05,2.2797000164951442e-05,2.0628719394591298e-05,2.0881546446853867e-05
6514,2.5217219504250103e-05,2.2794946549538147e-05,2.0626832908886808e-05,2.087959712386474e-05
6515,2.521498657986052e-05,2.2792894387711873e-05,2.062494777235949e-05,2.087764923769165e-05
6516,2.521275541073905e-05,2.2790843933330747e-05,2.062306394466233e-05,2.0875702494867086e-05
6517,2.5210525611898428e-05,2.2788794666007642e-05,2.062118141696225e-05,2.087375734072111e-05
6518,2.5208297484231764e-05,2.2786746871284594e-05,2.0619300274766298e-05,2.0871813546300226e-05
6519,2.520607079756434e-05,2.2784700356426032e-05,2.0617420394670555e-05,2.0869870893922183e-05
6520,2.5203845610030114e-05,2.2782655355744935e-05,2.0615541726063322e-05,2.0867929601859467e-05
6521,2.5201622057596665e-05,2.278061175361351e-05,2.061366460383319e-05,2.086598979482155e-05
6522,2.5199399969190675e-05,2.2778569489667332e-05,2.0611788538397345e-05,2.0864051380072288e-05
6523,2.5197179573065513e-05,2.2776528729782386e-05,2.0609913836548126e-05,2.086211420995941e-05
6524,2.5194960535099575e-05,2.2774489187168586e-05,2.0608040470540215e-05,2.086017833509292e-05
6525,2.5192743182157408e-05,2.277245117539423e-05,2.0606168314145413e-05,2.0858243802042132e-05
6526,2.5190527282378063e-05,2.2770414444270732e-05,2.0604297559506272e-05,2.0856310647474583e-05
6527,2.5188312934525447e-05,2.2768379200747137e-05,2.0602427973823007e-05,2.0854378727644783e-05
6528,2.518610008246049e-05,2.276634540656453e-05,2.060055976924438e-05,2.085244828402818e-05
6529,2.5183888947832123e-05,2.276431285510638e-05,2.05986928906628e-05,2.0850519161546613e-05
6530,2.5181679264969618e-05,2.276228182736514e-05,2.0596827321212034e-05,2.084859115215718e-05
6531,2.5179471054483076e-05,2.2760252115041306e-05,2.0594963060334794e-05,2.0846664843844478e-05
6532,2.51772644923992e-05,2.2758223767831465e-05,2.0593099997959116e-05,2.084473964317836e-05
6533,2.5175059436303978e-05,2.275619691247921e-05,2.0591238275953167e-05,2.0842815769497612e-05
6534,2.517285583980733e-05,2.275417139384889e-05,2.0589377969908836e-05,2.0840893306876665e-05
6535,2.5170653798233323e-05,2.2752147274039215e-05,2.0587518850119788e-05,2.0838972188398442e-05
6536,2.5168453393262513e-05,2.275012446123694e-05,2.058566087898689e-05,2.0837052478223692e-05
6537,2.516625444684264e-05,2.274810323432174e-05,2.0583804377321355e-05,2.0835134008130892e-05
6538,2.5164057016365138e-05,2.274608306302871e-05,2.0581949172005233e-05,2.083321681810725e-05
6539,2.5161861054495037e-05,2.2744064700719183e-05,2.05800954089987e-05,2.0831301014984935e-05
6540,2.515966684588412e-05,2.274204741196656e-05,2.0578242620537175e-05,2.082938638896284e-05
6541,2.515747397200062e-05,2.274003158996692e-05,2.0576391340483708e-05,2.0827473242853954e-05
6542,2.515528274360032e-05,2.2738017264883782e-05,2.057454128675527e-05,2.082556149212749e-05
6543,2.5153092986785228e-05,2.2736004280843906e-05,2.0572692413972467e-05,2.0823650990080537e-05
6544,2.5150904900297717e-05,2.273399269841879e-05,2.057084501084151e-05,2.082174188378411e-05
6545,2.514871816707004e-05,2.273198236601577e-05,2.0568998754171096e-05,2.081983394501238e-05
6546,2.5146533021569414e-05,2.272997359337159e-05,2.0567153938686947e-05,2.0817927483153604e-05
6547,2.5144349493365687e-05,2.2727966126405668e-05,2.056531036094447e-05,2.08160223140606e-05
6548,2.5142167388063104e-05,2.272595994085603e-05,2.056346801752836e-05,2.0814118470516384e-05
6549,2.5139986882244986e-05,2.2723955286049218e-05,2.056162694693186e-05,2.08122158865286e-05
6550,2.513780785921122e-05,2.2721951928851637e-05,2.055978718992077e-05,2.0810314675352848e-05
6551,2.5135630339990046e-05,2.271994996793192e-05,2.0557948779748255e-05,2.080841489338295e-05
6552,2.5133454426950064e-05,2.2717949337805347e-05,2.0556111585056896e-05,2.0806516238896446e-05
6553,2.5131279959938865e-05,2.2715950229175644e-05,2.055427581873035e-05,2.0804619022690406e-05
6554,2.5129107127930465e-05,2.271395235005347e-05,2.0552441361156264e-05,2.0802723100636184e-05
6555,2.512693577630806e-05,2.2711955924156645e-05,2.055060785624705e-05,2.0800828629568957e-05
6556,2.512476589755689e-05,2.270996090035216e-05,2.054877600858671e-05,2.0798935323866243e-05
6557,2.5122597644777794e-05,2.2707967255048153e-05,2.0546945256039498e-05,2.0797043410398415e-05
6558,2.5120430725232726e-05,2.2705974991758838e-05,2.0545115767489105e-05,2.079515283673342e-05
6559,2.5118265461966976e-05,2.2703984174714387e-05,2.0543287646093023e-05,2.0793263489743894e-05
6560,2.511610177701311e-05,2.2701994570364588e-05,2.054146069587016e-05,2.079137558501825e-05
6561,2.511393947463303e-05,2.2700006445872905e-05,2.053963513726129e-05,2.0789488936838476e-05
6562,2.5111778865661393e-05,2.2698019487028295e-05,2.053781090834327e-05,2.0787603510408117e-05
6563,2.510961961713864e-05,2.2696034197062324e-05,2.0535987916099284e-05,2.0785719532500014e-05
6564,2.5107461995477382e-05,2.26940503313658e-05,2.0534166117017342e-05,2.078383689927228e-05
6565,2.5105305852891293e-05,2.269206751301324e-05,2.0532345611084256e-05,2.0781955471997962e-05
6566,2.5103151263653025e-05,2.2690086403897476e-05,2.053052652930114e-05,2.078007545121753e-05
6567,2.5100998160253267e-05,2.2688106464882527e-05,2.0528708548005676e-05,2.077819674323683e-05
6568,2.5098846582259684e-05,2.2686127963279376e-05,2.052689209361255e-05,2.0776319295116082e-05
6569,2.509669650528106e-05,2.2684150769074846e-05,2.052507664336088e-05,2.077444326718352e-05
6570,2.5094547991577914e-05,2.2682174999958427e-05,2.052326262818414e-05,2.077256840188e-05
6571,2.509240093600002e-05,2.2680200581688994e-05,2.0521449869358578e-05,2.077069501253079e-05
6572,2.509025555475957e-05,2.2678227566694267e-05,2.0519638392259494e-05,2.0768822950731966e-05
6573,2.5088111516639345e-05,2.2676255844083113e-05,2.0517828165454258e-05,2.076695208048353e-05
6574,2.5085969001349773e-05,2.2674285658259244e-05,2.0516019141879933e-05,2.0765082539936856e-05
6575,2.5083828088331085e-05,2.2672316676040604e-05,2.0514211551860137e-05,2.076321429612834e-05
6576,2.5081688663594916e-05,2.267034906412292e-05,2.0512405284746375e-05,2.0761347430064017e-05
6577,2.50795507866295e-05,2.2668382910531062e-05,2.0510600130116495e-05,2.0759481859786934e-05
6578,2.507741435954998e-05,2.2666418200901493e-05,2.050879628402419e-05,2.0757617553004436e-05
6579,2.5075279440931318e-05,2.2664454656545643e-05,2.0506993792586553e-05,2.0755754776845757e-05
6580,2.5073146115709046e-05,2.266249261687082e-05,2.050519250709149e-05,2.0753893079793277e-05
6581,2.5071014246888528e-05,2.2660531890192284e-05,2.0503392599311357e-05,2.0752032748259363e-05
6582,2.5068883949599594e-05,2.265857262354429e-05,2.0501593672816242e-05,2.0750173727409567e-05
6583,2.506675500556135e-05,2.2656614630981006e-05,2.0499796317234678e-05,2.0748316091241362e-05
6584,2.506462771611238e-05,2.2654657973592257e-05,2.0498000190879823e-05,2.07464597086635e-05
6585,2.5062501877179547e-05,2.2652702813082714e-05,2.049620526277022e-05,2.074460461459894e-05
6586,2.506037758304333e-05,2.265074892385122e-05,2.0494411633205912e-05,2.0742750845655516e-05
6587,2.505825475599568e-05,2.264879645277416e-05,2.049261933996057e-05,2.0740898445143045e-05
6588,2.5056133553041563e-05,2.2646845254583685e-05,2.049082828398266e-05,2.0739047298178607e-05
6589,2.505401384063609e-05,2.2644895458925602e-05,2.0489038489030698e-05,2.073719741668264e-05
6590,2.505189553066546e-05,2.264294706394113e-05,2.0487249911824713e-05,2.073534896541872e-05
6591,2.504977876027624e-05,2.264100005623554e-05,2.0485462612582266e-05,2.073350170078244e-05
6592,2.5047663503604333e-05,2.263905427554205e-05,2.048367664372365e-05,2.0731655764493998e-05
6593,2.5045549777842258e-05,2.263711005933539e-05,2.0481891924609124e-05,2.0729811175939906e-05
6594,2.504343751792558e-05,2.2635167069651458e-05,2.048010853642375e-05,2.0727967910621152e-05
6595,2.50413268221124e-05,2.2633225420474013e-05,2.0478326264887668e-05,2.0726125961868964e-05
6596,2.503921757352615e-05,2.263128510775977e-05,2.0476545437191264e-05,2.0724285216152027e-05
6597,2.5037109846257085e-05,2.2629346344138563e-05,2.0474765704327655e-05,2.0722445834223535e-05
6598,2.5035003627969127e-05,2.2627408753425617e-05,2.0472987305716325e-05,2.0720607817816306e-05
6599,2.5032898914972613e-05,2.2625472491270065e-05,2.0471210289333914e-05,2.0718770962194785e-05
6600,2.5030795716276943e-05,2.2623537768656507e-05,2.046943437262198e-05,2.0716935608754126e-05
6601,2.5028693979027068e-05,2.262160436073338e-05,2.0467659844464765e-05,2.0715101345121454e-05
6602,2.5026593781117175e-05,2.2619672256798014e-05,2.04658865067674e-05,2.071326857336476e-05
6603,2.5024495118907366e-05,2.2617741391136834e-05,2.046411448752454e-05,2.0711436949821058e-05
6604,2.5022397890704453e-05,2.2615812159008315e-05,2.046234368974954e-05,2.070960672024585e-05
6605,2.5020302206332127e-05,2.261388398659407e-05,2.0460574152215708e-05,2.070777776162472e-05
6606,2.5018207999200268e-05,2.261195736456988e-05,2.0458805964227994e-05,2.0705950125122834e-05
6607,2.5016115308259264e-05,2.2610032107630796e-05,2.045703904423439e-05,2.07041238336507e-05
6608,2.5014024101179763e-05,2.2608108115672276e-05,2.0455273275541945e-05,2.070229868544831e-05
6609,2.501193438386224e-05,2.2606185540516873e-05,2.0453508781149754e-05,2.070047499810939e-05
6610,2.50098462588058e-05,2.260426425578046e-05,2.045174557922151e-05,2.0698652517138904e-05
6611,2.5007759549172188e-05,2.260234440045627e-05,2.0449983625760192e-05,2.0696831406526402e-05
6612,2.5005674283351104e-05,2.2600425909011398e-05,2.044822300564602e-05,2.06950114192189e-05
6613,2.500359063383711e-05,2.259850865309034e-05,2.0446463581003036e-05,2.0693192917188622e-05
6614,2.5001508346115504e-05,2.2596592743166174e-05,2.044470535999053e-05,2.0691375647912155e-05
6615,2.4999427695675797e-05,2.2594678261548154e-05,2.044294859089205e-05,2.0689559697263286e-05
6616,2.499734848645584e-05,2.2592765126205486e-05,2.0441192785589884e-05,2.0687745067395777e-05
6617,2.4995270764929304e-05,2.259085337532083e-05,2.0439438566412616e-05,2.0685931701947075e-05
6618,2.4993194528069945e-05,2.25889429728607e-05,2.043768545195606e-05,2.0684119687220144e-05
6619,2.4991119791350784e-05,2.2587033830062357e-05,2.043593357463195e-05,2.0682308807130047e-05
6620,2.498904654679989e-05,2.2585126053396394e-05,2.0434182944336662e-05,2.0680499291431176e-05
6621,2.4986974822285052e-05,2.2583219616411273e-05,2.0432433575482788e-05,2.067869122547301e-05
6622,2.4984904537608877e-05,2.258131464274477e-05,2.0430685540064304e-05,2.0676884246562527e-05
6623,2.498283574133901e-05,2.2579410882397633e-05,2.0428938749852275e-05,2.06750786350175e-05
6624,2.4980768508192523e-05,2.2577508635640995e-05,2.0427193210486167e-05,2.0673274354956712e-05
6625,2.4978702756574156e-05,2.2575607637239885e-05,2.0425448836547002e-05,2.0671471324459427e-05
6626,2.4976638405724182e-05,2.2573707987868447e-05,2.0423705817768297e-05,2.066966958661992e-05
6627,2.4974575643225583e-05,2.2571809628915157e-05,2.042196402146573e-05,2.0667869182721e-05
6628,2.4972514323733275e-05,2.2569912634648528e-05,2.0420223564753022e-05,2.0666070001674696e-05
6629,2.4970454522768882e-05,2.2568017023472802e-05,2.0418484230633543e-05,2.0664272199269432e-05
6630,2.4968396142107912e-05,2.2566122766465502e-05,2.041674616591786e-05,2.066247558385842e-05
6631,2.4966339370094443e-05,2.256422987066265e-05,2.0415009476732123e-05,2.066068034315375e-05
6632,2.4964284000116688e-05,2.2562338283932735e-05,2.0413273839030484e-05,2.0658886382773828e-05
6633,2.4962230102509982e-05,2.2560447939918177e-05,2.0411539690478178e-05,2.0657093693072512e-05
6634,2.4960177729685093e-05,2.2558559120394524e-05,2.0409806602402004e-05,2.0655302189460027e-05
6635,2.4958126828956087e-05,2.2556671532558028e-05,2.040807485936607e-05,2.065351208701001e-05
6636,2.4956077394593524e-05,2.2554785380399703e-05,2.040634439936371e-05,2.0651723259573752e-05
6637,2.4954029501147028e-05,2.255290048662437e-05,2.0404615104266346e-05,2.064993584063227e-05
6638,2.495198307043479e-05,2.2551016972207458e-05,2.040288702428483e-05,2.0648149550383615e-05
6639,2.4949938107820586e-05,2.2549134703202653e-05,2.0401160387031425e-05,2.0646364603209066e-05
6640,2.4947894674736284e-05,2.2547253875389704e-05,2.0399434816337123e-05,2.0644580868660115e-05
6641,2.4945852603513424e-05,2.2545374430722188e-05,2.0397710529050677e-05,2.0642798526926717e-05
6642,2.4943812126342258e-05,2.2543496173125014e-05,2.0395987494546607e-05,2.064101738734172e-05
6643,2.4941773132296414e-05,2.2541619334639637e-05,2.03942658467928e-05,2.0639237579189307e-05
6644,2.493973556440771e-05,2.2539743828309207e-05,2.039254533885291e-05,2.0637459014571028e-05
6645,2.4937699502778416e-05,2.2537869643933584e-05,2.0390826071874177e-05,2.063568179211718e-05
6646,2.4935664926420945e-05,2.253599683503965e-05,2.0389108030757873e-05,2.0633905828852503e-05
6647,2.4933631832818694e-05,2.2534125391374795e-05,2.03873912668551e-05,2.0632131144434052e-05
6648,2.4931600222993282e-05,2.2532255157015637e-05,2.0385675792401072e-05,2.063035772119141e-05
6649,2.492957009242986e-05,2.2530386410694823e-05,2.0383961456794785e-05,2.062858554600887e-05
6650,2.4927541401186653e-05,2.252851893096602e-05,2.038224850079487e-05,2.0626814698182752e-05
6651,2.4925514221905355e-05,2.252665275009482e-05,2.038053667023756e-05,2.0625045233124334e-05
6652,2.4923488549945438e-05,2.2524787962238928e-05,2.0378826154250354e-05,2.0623276993825306e-05
6653,2.4921464318611484e-05,2.2522924449775786e-05,2.0377116812075093e-05,2.062150994875359e-05
6654,2.491944154088393e-05,2.25210623177647e-05,2.037540880743371e-05,2.0619744206534194e-05
6655,2.491742027668859e-05,2.2519201552765816e-05,2.03737020019685e-05,2.0617979769434403e-05
6656,2.4915400503809897e-05,2.251734192936003e-05,2.0371996456298996e-05,2.061621666852445e-05
6657,2.4913382184363814e-05,2.251548384858604e-05,2.037029216950848e-05,2.0614454666194887e-05
6658,2.491136530897286e-05,2.2513627052867773e-05,2.0368589129474295e-05,2.0612694141147504e-05
6659,2.4909349955963322e-05,2.2511771544549676e-05,2.0366887264153744e-05,2.061093478182459e-05
6660,2.4907336059499077e-05,2.2509917439663e-05,2.0365186721461354e-05,2.0609176828340672e-05
6661,2.490532362462042e-05,2.2508064611430242e-05,2.0363487356998885e-05,2.0607420091404142e-05
6662,2.4903312722549467e-05,2.2506213123244666e-05,2.0361789208778966e-05,2.060566448682763e-05
6663,2.4901303221858962e-05,2.250436296496261e-05,2.0360092393822527e-05,2.0603910305103705e-05
6664,2.4899295245821704e-05,2.250251411077237e-05,2.0358396817236877e-05,2.0602157391188184e-05
6665,2.489728871051374e-05,2.2500666645764797e-05,2.0356702439041917e-05,2.0600405710021005e-05
6666,2.48952836453771e-05,2.24988203856295e-05,2.0355009202866077e-05,2.059865532669813e-05
6667,2.4893280053041975e-05,2.2496975554234948e-05,2.035331741363291e-05,2.0596906172254232e-05
6668,2.4891277931735057e-05,2.24951319817339e-05,2.035162673292181e-05,2.059515835680954e-05
6669,2.4889277287377492e-05,2.2493289860161386e-05,2.0349937286116685e-05,2.059341182411168e-05
6670,2.4887278135270973e-05,2.2491448924038692e-05,2.0348249076814935e-05,2.0591666545160788e-05
6671,2.4885280456596098e-05,2.248960938731756e-05,2.034656216754396e-05,2.0589922545988264e-05
6672,2.4883284158288522e-05,2.2487771199486643e-05,2.034487650492768e-05,2.0588179818886923e-05
6673,2.4881289363012583e-05,2.2485934326188692e-05,2.034319197447538e-05,2.0586438280431074e-05
6674,2.487929610761112e-05,2.24840987276501e-05,2.0341508784553612e-05,2.058469813189616e-05
6675,2.4877304283530507e-05,2.2482264439178456e-05,2.0339826737185905e-05,2.0582959193290703e-05
6676,2.4875313869405613e-05,2.2480431567346243e-05,2.0338145960603864e-05,2.05812215428771e-05
6677,2.4873324972069474e-05,2.2478599913815304e-05,2.0336466463672362e-05,2.057948510334875e-05
6678,2.4871337567959926e-05,2.2476769649348522e-05,2.033478817790673e-05,2.057775010065726e-05
6679,2.486935157252941e-05,2.2474940703270277e-05,2.033311112385844e-05,2.057601625032078e-05
6680,2.4867367088323817e-05,2.2473113069156983e-05,2.0331435251315125e-05,2.0574283608318487e-05
6681,2.4865384004262646e-05,2.247128675687628e-05,2.0329760749530057e-05,2.0572552302154564e-05
6682,2.486340244299533e-05,2.246946179774327e-05,2.0328087383362352e-05,2.057082223884549e-05
6683,2.4861422355605118e-05,2.2467638083362335e-05,2.0326415316970432e-05,2.056909347740649e-05
6684,2.4859443662149025e-05,2.2465815714818174e-05,2.0324744412728393e-05,2.0567366054678646e-05
6685,2.4857466478578007e-05,2.2463994707904168e-05,2.0323074703743315e-05,2.056563976742614e-05
6686,2.485549076630514e-05,2.2462174974425217e-05,2.0321406291497605e-05,2.056391483074343e-05
6687,2.485351649295918e-05,2.2460356615239514e-05,2.0319739092516765e-05,2.0562191113401282e-05
6688,2.485154368647804e-05,2.2458539568890904e-05,2.0318073157725996e-05,2.0560468784148543e-05
6689,2.4849572327082857e-05,2.245672373286486e-05,2.0316408452493297e-05,2.0558747550461768e-05
6690,2.4847602487518752e-05,2.2454909347920808e-05,2.0314744945890424e-05,2.0557027602958425e-05
6691,2.484563403159349e-05,2.2453096262453277e-05,2.0313082671543815e-05,2.0555309010136888e-05
6692,2.484366709137148e-05,2.2451284395423148e-05,2.0311421675583942e-05,2.055359165551914e-05
6693,2.484170158129412e-05,2.2449473917631783e-05,2.030976182815379e-05,2.055187553081874e-05
6694,2.4839737527542026e-05,2.244766479919391e-05,2.030810327373916e-05,2.0550160682220504e-05
6695,2.483777495001513e-05,2.244585688656335e-05,2.0306445891255117e-05,2.0548447116522572e-05
6696,2.483581381176806e-05,2.2444050355080857e-05,2.030478983874042e-05,2.0546734724157426e-05
6697,2.4833854150547666e-05,2.244224513985498e-05,2.030313488440959e-05,2.0545023733855627e-05
6698,2.4831895923818186e-05,2.244044126892496e-05,2.0301481221607248e-05,2.054331396058493e-05
6699,2.4829939174481842e-05,2.2438638660193247e-05,2.0299828784945207e-05,2.054160544326738e-05
6700,2.4827983886080733e-05,2.243683731133605e-05,2.029817755739384e-05,2.0539898184132502e-05
6701,2.4826029996478343e-05,2.24350373553853e-05,2.0296527571975937e-05,2.0538192160536133e-05
6702,2.4824077628019835e-05,2.2433238678817447e-05,2.0294878778404713e-05,2.0536487442214536e-05
6703,2.4822126695420597e-05,2.2431441363697424e-05,2.029323127237636e-05,2.0534783926157373e-05
6704,2.4820177171944683e-05,2.2429645302295524e-05,2.0291585001019594e-05,2.053308166475727e-05
6705,2.481822919089892e-05,2.242785057387156e-05,2.028993992314892e-05,2.0531380800419382e-05
6706,2.4816282624092448e-05,2.2426057203710124e-05,2.028829603740714e-05,2.0529681046717217e-05
6707,2.481433745905172e-05,2.2424265061649022e-05,2.0286653447414063e-05,2.052798261083959e-05
6708,2.4812393814625654e-05,2.2422474262800618e-05,2.028501203208953e-05,2.05262854230971e-05
6709,2.4810451605273324e-05,2.2420684781260927e-05,2.0283371844174557e-05,2.052458949989932e-05
6710,2.4808510819549048e-05,2.2418896614061697e-05,2.0281732868064098e-05,2.052289483182524e-05
6711,2.4806571499867256e-05,2.2417109739065747e-05,2.028009513181833e-05,2.052120135424875e-05
6712,2.4804633644842862e-05,2.241532415558562e-05,2.02784585724915e-05,2.051950920491023e-05
6713,2.480269720364103e-05,2.2413539935201618e-05,2.027682328557343e-05,2.051781837383083e-05
6714,2.480076227090744e-05,2.2411756965905853e-05,2.02751892271286e-05,2.051612868099973e-05
6715,2.4798828746357976e-05,2.240997531950951e-05,2.0273556378076607e-05,2.051444028457978e-05
6716,2.479689666893008e-05,2.2408195011905607e-05,2.0271924725574024e-05,2.0512753128601315e-05
6717,2.479496603152055e-05,2.2406415983712512e-05,2.0270294313426512e-05,2.051106724840097e-05
6718,2.4793036890100578e-05,2.2404638228516438e-05,2.026866513167984e-05,2.050938266639699e-05
6719,2.4791109118034155e-05,2.240286183602956e-05,2.026703715893837e-05,2.0507699275366072e-05
6720,2.4789182874784038e-05,2.2401086750505008e-05,2.0265410404018387e-05,2.0506017166913314e-05
6721,2.4787258032673456e-05,2.2399312931237414e-05,2.0263784877312925e-05,2.0504336322296492e-05
6722,2.4785334620208218e-05,2.239754044326283e-05,2.0262160515505564e-05,2.050265670009086e-05
6723,2.478341269663907e-05,2.239576921566014e-05,2.0260537424662565e-05,2.0500978341175963e-05
6724,2.4781492195125133e-05,2.2393999356027917e-05,2.0258915537107195e-05,2.049930124708673e-05
6725,2.477957314158241e-05,2.239223077392325e-05,2.0257294886361063e-05,2.0497625362022617e-05
6726,2.4777655538192814e-05,2.239046342673868e-05,2.02556754555106e-05,2.049595079840804e-05
6727,2.4775739377304434e-05,2.2388697445621712e-05,2.0254057239330303e-05,2.0494277416490855e-05
6728,2.4773824667011963e-05,2.2386932742287035e-05,2.025244019691941e-05,2.0492605318230158e-05
6729,2.4771911383967132e-05,2.238516936771647e-05,2.025082438904755e-05,2.0490934417255776e-05
6730,2.476999955135822e-05,2.2383407230487042e-05,2.024920981244331e-05,2.048926481962242e-05
6731,2.476808916084689e-05,2.238164648378879e-05,2.0247596427367944e-05,2.0487596505734197e-05
6732,2.476618021224038e-05,2.2379886967587092e-05,2.024598427610866e-05,2.0485929369636358e-05
6733,2.476427268845362e-05,2.237812877963423e-05,2.024437337334624e-05,2.048426351708569e-05
6734,2.4762366652344968e-05,2.237637191322867e-05,2.024276361151539e-05,2.0482598950401017e-05
6735,2.4760461984296115e-05,2.2374616341641857e-05,2.0241155087347195e-05,2.048093555186678e-05
6736,2.475855882164491e-05,2.2372862028280624e-05,2.0239547814229154e-05,2.0479273454793987e-05
6737,2.475665704816574e-05,2.2371109033665282e-05,2.0237941724165526e-05,2.0477612550629923e-05
6738,2.4754756747380814e-05,2.2369357319748814e-05,2.023633683214291e-05,2.04759529963263e-05
6739,2.4752857912562693e-05,2.2367606939968232e-05,2.0234733184342143e-05,2.047429458652106e-05
6740,2.4750960440933302e-05,2.2365857831112402e-05,2.0233130742798455e-05,2.047263745963051e-05
6741,2.4749064445095026e-05,2.236411003938066e-05,2.023152946812631e-05,2.0470981590517458e-05
6742,2.47471698929627e-05,2.2362363515652852e-05,2.02299294798307e-05,2.0469326905293962e-05
6743,2.4745276788726085e-05,2.236061829742896e-05,2.0228330647346827e-05,2.0467673550952814e-05
6744,2.4743385088984192e-05,2.235887436378032e-05,2.0226733032388247e-05,2.0466021407427385e-05
6745,2.4741494831258297e-05,2.235713173586237e-05,2.022513668384607e-05,2.0464370493620764e-05
6746,2.4739606031646766e-05,2.2355390439472205e-05,2.0223541479938632e-05,2.0462720842620086e-05
6747,2.473771863832064e-05,2.235365032753921e-05,2.0221947517013165e-05,2.0461072423510957e-05
6748,2.4735832713368345e-05,2.2351911623469255e-05,2.0220354717221056e-05,2.0459425246428547e-05
6749,2.4733948185190423e-05,2.2350174151073856e-05,2.0218763165115093e-05,2.0457779313028888e-05
6750,2.4732065125737536e-05,2.2348438002492803e-05,2.0217172799775804e-05,2.045613464971433e-05
6751,2.4730183459638576e-05,2.2346703136128873e-05,2.021558367995795e-05,2.0454491178451154e-05
6752,2.4728303265064205e-05,2.2344969530464892e-05,2.0213995749895222e-05,2.0452849012677538e-05
6753,2.4726424486107367e-05,2.2343237272558063e-05,2.0212409035703422e-05,2.0451208050352446e-05
6754,2.4724547138856173e-05,2.2341506290968854e-05,2.0210823522576302e-05,2.044956830017485e-05
6755,2.4722671249702433e-05,2.233977651858338e-05,2.0209239197744767e-05,2.044792980089911e-05
6756,2.4720796750249592e-05,2.2338048143898036e-05,2.020765608794223e-05,2.044629255786375e-05
6757,2.471892372166683e-05,2.2336320991787977e-05,2.020607418611334e-05,2.0444656586180268e-05
6758,2.4717052096767324e-05,2.2334595179789124e-05,2.0204493500926114e-05,2.0443021778901654e-05
6759,2.471518189372417e-05,2.233287061274864e-05,2.020291399216467e-05,2.044138827861715e-05
6760,2.4713313133485682e-05,2.233114734877467e-05,2.0201335702307185e-05,2.0439756000102647e-05
6761,2.4711445821194775e-05,2.232942538871336e-05,2.0199758604053843e-05,2.04381249335434e-05
6762,2.4709579903427426e-05,2.2327704669643876e-05,2.0198182721389213e-05,2.0436495105823912e-05
6763,2.4707715414202982e-05,2.2325985283696306e-05,2.019660805436271e-05,2.0434866584485277e-05
6764,2.470585238819516e-05,2.2324267170486582e-05,2.019503460130472e-05,2.0433239230227193e-05
6765,2.4703990772281082e-05,2.2322550356662106e-05,2.0193462307302488e-05,2.0431613102194933e-05
6766,2.470213057572639e-05,2.2320834793521107e-05,2.019189123865713e-05,2.0429988269336456e-05
6767,2.4700271809520225e-05,2.2319120529712913e-05,2.0190321381094522e-05,2.042836463881538e-05
6768,2.469841448003951e-05,2.2317407614721636e-05,2.0188752728426726e-05,2.0426742256024636e-05
6769,2.4696558577622367e-05,2.2315695930956392e-05,2.018718526634773e-05,2.0425121078530077e-05
6770,2.4694704092494975e-05,2.2313985507712747e-05,2.0185619033912628e-05,2.04235011476494e-05
6771,2.469285104425522e-05,2.231227638888538e-05,2.018405396536826e-05,2.042188246004441e-05
6772,2.4690999414208193e-05,2.2310568550112346e-05,2.0182490089031895e-05,2.042026502993227e-05
6773,2.4689149167454884e-05,2.2308861997056844e-05,2.0180927409186362e-05,2.041864880692086e-05
6774,2.4687300375832788e-05,2.2307156725890815e-05,2.0179365964502288e-05,2.0417033814746858e-05
6775,2.4685453050423483e-05,2.2305452765164113e-05,2.0177805756037745e-05,2.0415420074706404e-05
6776,2.4683607072851885e-05,2.2303750040718163e-05,2.017624667024568e-05,2.0413807551155926e-05
6777,2.4681762557685592e-05,2.230204861735943e-05,2.0174688780999484e-05,2.041219626601451e-05
6778,2.4679919487397458e-05,2.2300348471670688e-05,2.0173132138488907e-05,2.0410586167420943e-05
6779,2.46780777699658e-05,2.2298649619893508e-05,2.0171576697214302e-05,2.0408977373060348e-05
6780,2.4676237548747107e-05,2.2296952039342785e-05,2.0170022384818268e-05,2.040736977476504e-05
6781,2.4674398703865128e-05,2.22952557241225e-05,2.0168469334988493e-05,2.0405763427001417e-05
6782,2.4672561280695272e-05,2.229356069268249e-05,2.0166917455460995e-05,2.0404158246703146e-05
6783,2.467072529779224e-05,2.2291866970732354e-05,2.0165366784028504e-05,2.040255439246403e-05
6784,2.466889072533604e-05,2.2290174508531633e-05,2.0163817270504974e-05,2.0400951696815773e-05
6785,2.466705760093129e-05,2.2288483325891385e-05,2.0162269044193135e-05,2.0399350233712212e-05
6786,2.466522584577315e-05,2.2286793429107114e-05,2.0160721925225048e-05,2.0397750021811938e-05
6787,2.466339550918345e-05,2.228510477201612e-05,2.015917604548971e-05,2.039615103921163e-05
6788,2.4661566607743854e-05,2.2283417422434515e-05,2.0157631333850314e-05,2.0394553288473168e-05
6789,2.465973912076265e-05,2.228173135319158e-05,2.0156087832798446e-05,2.039295676420023e-05
6790,2.465791307537322e-05,2.2280046545956017e-05,2.0154545529862278e-05,2.03913614317636e-05
6791,2.4656088446710838e-05,2.227836303002802e-05,2.0153004406475786e-05,2.038976737648431e-05
6792,2.4654265206441827e-05,2.2276680821824794e-05,2.0151464478329914e-05,2.0388174513296035e-05
6793,2.465244338205381e-05,2.227499983088909e-05,2.0149925773193314e-05,2.0386582895562853e-05
6794,2.4650623009228922e-05,2.227332015235372e-05,2.014838823279863e-05,2.038499249457534e-05
6795,2.4648804002706986e-05,2.2271641698807143e-05,2.0146851895194517e-05,2.0383403323011244e-05
6796,2.4646986422530512e-05,2.2269964556646143e-05,2.0145316722279426e-05,2.038181538685357e-05
6797,2.4645170269053477e-05,2.2268288647476002e-05,2.0143782809568866e-05,2.038022867762933e-05
6798,2.4643355529414375e-05,2.2266614064090666e-05,2.014225000730499e-05,2.0378643184221754e-05
6799,2.4641542199781258e-05,2.226494076025442e-05,2.014071844898904e-05,2.0377058905098882e-05
6800,2.4639730294260045e-05,2.226326867816334e-05,2.01391880661041e-05,2.03754758599342e-05
6801,2.4637919797035366e-05,2.22615978745265e-05,2.0137658895857773e-05,2.0373893996248198e-05
6802,2.4636110718079174e-05,2.2259928399686696e-05,2.0136130884844905e-05,2.037231340994144e-05
6803,2.4634303050046563e-05,2.2258260149765228e-05,2.0134604049603628e-05,2.03707340316371e-05
6804,2.46324967560941e-05,2.225659319067843e-05,2.013307841793938e-05,2.0369155855789477e-05
6805,2.463069192049406e-05,2.2254927471389332e-05,2.0131554005552446e-05,2.0367578944494484e-05
6806,2.4628888476411954e-05,2.2253263057385606e-05,2.0130030745485875e-05,2.036600321294213e-05
6807,2.4627086436850004e-05,2.2251599896451322e-05,2.012850868188951e-05,2.036442871709127e-05
6808,2.4625285811365208e-05,2.2249937995304052e-05,2.0126987822274706e-05,2.0362855461436514e-05
6809,2.462348658724766e-05,2.2248277387460326e-05,2.0125468159973795e-05,2.036128342032168e-05
6810,2.4621688784565835e-05,2.2246618044169147e-05,2.012394968490302e-05,2.0359712591637532e-05
6811,2.461989238983219e-05,2.2244959955012327e-05,2.0122432354647064e-05,2.0358142966546547e-05
6812,2.4618097409891497e-05,2.2243303121758038e-05,2.012091625281973e-05,2.0356574609107525e-05
6813,2.461630383720741e-05,2.2241647600169788e-05,2.011940129819322e-05,2.0355007423243773e-05
6814,2.4614511660109377e-05,2.223999330230319e-05,2.0117887554129483e-05,2.035344147618386e-05
6815,2.4612720903745967e-05,2.223834028188584e-05,2.01163750158266e-05,2.0351876718184445e-05
6816,2.4610931531735958e-05,2.223668853460201e-05,2.0114863637347185e-05,2.035031323587135e-05
6817,2.460914357606264e-05,2.2235038048083442e-05,2.0113353444320593e-05,2.03487509255228e-05
6818,2.4607357042442195e-05,2.2233388807705807e-05,2.0111844445898567e-05,2.0347189854871774e-05
6819,2.4605571904551127e-05,2.223174089234043e-05,2.0110336608828537e-05,2.0345630009522472e-05
6820,2.4603788167680374e-05,2.2230094200263725e-05,2.010882997802268e-05,2.0344071359359784e-05
6821,2.4602005846494525e-05,2.2228448777238994e-05,2.010732452624315e-05,2.034251391888799e-05
6822,2.4600224905103586e-05,2.2226804605466736e-05,2.0105820251928396e-05,2.0340957729433857e-05
6823,2.4598445374071184e-05,2.2225161716375752e-05,2.010431718983464e-05,2.0339402711600225e-05
6824,2.459666726191104e-05,2.2223520091437294e-05,2.01028152822376e-05,2.033784893642978e-05
6825,2.4594890553529407e-05,2.2221879740021275e-05,2.010131458106292e-05,2.0336296370076968e-05
6826,2.4593115237457373e-05,2.2220240625440902e-05,2.009981505163977e-05,2.0334745042287883e-05
6827,2.4591341328525566e-05,2.2218602796429776e-05,2.0098316643093317e-05,2.0333194898937694e-05
6828,2.458956881166414e-05,2.2216966195345318e-05,2.0096819499576152e-05,2.033164593213555e-05
6829,2.4587797715571296e-05,2.2215330884207007e-05,2.0095323507953068e-05,2.0330098258756085e-05
6830,2.4586028000784093e-05,2.22136968157907e-05,2.0093828681432128e-05,2.0328551766921994e-05
6831,2.458425971802604e-05,2.2212064035738907e-05,2.0092335068150157e-05,2.0327006471069818e-05
6832,2.4582492809584396e-05,2.2210432477351026e-05,2.009084263102645e-05,2.03254623968018e-05
6833,2.458072729117506e-05,2.22088022220065e-05,2.008935134311709e-05,2.0323919560610324e-05
6834,2.4578963211413435e-05,2.220717320821914e-05,2.0087861247778013e-05,2.032237790505335e-05
6835,2.4577200501141608e-05,2.2205545447698027e-05,2.0086372350865927e-05,2.0320837475678424e-05
6836,2.4575439191100044e-05,2.2203918945013563e-05,2.0084884634894787e-05,2.0319298260622153e-05
6837,2.457367927186767e-05,2.2202293702728884e-05,2.0083398061807482e-05,2.0317760253973195e-05
6838,2.4571920780394056e-05,2.2200669710096262e-05,2.0081912700420063e-05,2.0316223453581607e-05
6839,2.4570163667560384e-05,2.2199046999703603e-05,2.0080428511729038e-05,2.031468785253284e-05
6840,2.4568407966337314e-05,2.2197425536058757e-05,2.0078945491741662e-05,2.0313153487673218e-05
6841,2.4566653627454822e-05,2.2195805340826477e-05,2.007746363299437e-05,2.0311620326230523e-05
6842,2.4564900710316154e-05,2.2194186379004825e-05,2.0075982973435813e-05,2.0310088346783672e-05
6843,2.456314919305946e-05,2.2192568693506854e-05,2.0074503518501428e-05,2.0308557608294512e-05
6844,2.4561399051322813e-05,2.2190952252588376e-05,2.0073025188891655e-05,2.030702808470621e-05
6845,2.4559650321430638e-05,2.2189337058372143e-05,2.007154807352908e-05,2.030549974694237e-05
6846,2.4557902990598265e-05,2.2187723130746556e-05,2.007007211154088e-05,2.030397261817505e-05
6847,2.455615704085669e-05,2.2186110457063452e-05,2.0068597326433885e-05,2.0302446718780287e-05
6848,2.4554412495265036e-05,2.2184499026958763e-05,2.006712371045576e-05,2.0300921987955904e-05
6849,2.455266934794129e-05,2.2182888868871284e-05,2.0065651291796592e-05,2.0299398492559178e-05
6850,2.455092758392838e-05,2.218127997077842e-05,2.0064180035371048e-05,2.029787617906684e-05
6851,2.4549187211162484e-05,2.2179672312653858e-05,2.0062709953373334e-05,2.0296355105083654e-05
6852,2.454744824582129e-05,2.2178065915936223e-05,2.006124104923e-05,2.0294835214809117e-05
6853,2.454571066365409e-05,2.2176460769203224e-05,2.0059773305700252e-05,2.0293316552477448e-05
6854,2.4543974470748108e-05,2.2174856841115294e-05,2.0058306756223762e-05,2.029179908766344e-05
6855,2.4542239663323888e-05,2.2173254215898833e-05,2.0056841342112074e-05,2.029028279559786e-05
6856,2.4540506270273536e-05,2.2171652798399905e-05,2.0055377135168926e-05,2.0288767739711705e-05
6857,2.453877424634942e-05,2.2170052666027792e-05,2.0053914105642077e-05,2.0287253889204074e-05
6858,2.4537043634840877e-05,2.2168453766697426e-05,2.0052452241297193e-05,2.028574123190053e-05
6859,2.4535314375524953e-05,2.216685613246521e-05,2.005099153288937e-05,2.0284229776492207e-05
6860,2.4533586549878638e-05,2.2165259731770138e-05,2.0049532009516184e-05,2.0282719542241294e-05
6861,2.453186009007868e-05,2.2163664583922448e-05,2.0048073656891443e-05,2.028121050496825e-05
6862,2.453013501115108e-05,2.2162070678449698e-05,2.004661647801105e-05,2.0279702657303348e-05
6863,2.4528411332891254e-05,2.2160478046428497e-05,2.0045160474079258e-05,2.0278195997305816e-05
6864,2.4526689045563146e-05,2.2158886666455363e-05,2.0043705636408352e-05,2.0276690582881387e-05
6865,2.4524968147249653e-05,2.2157296502669424e-05,2.0042251949934723e-05,2.02751863530189e-05
6866,2.4523248638604076e-05,2.2155707606420555e-05,2.0040799438195114e-05,2.0273683320067834e-05
6867,2.4521530501280645e-05,2.215411995685861e-05,2.0039348112121224e-05,2.0272181476164047e-05
6868,2.4519813755626712e-05,2.2152533553444587e-05,2.0037897947756852e-05,2.0270680850383885e-05
6869,2.451809840467138e-05,2.2150948397169835e-05,2.003644894273261e-05,2.0269181422145382e-05
6870,2.4516384436602364e-05,2.2149364478547604e-05,2.0035001100871775e-05,2.026768318860551e-05
6871,2.4514671859722624e-05,2.214778182743724e-05,2.003355446293227e-05,2.026618616098239e-05
6872,2.4512960665485863e-05,2.214620040719625e-05,2.00321089659698e-05,2.0264690345747338e-05
6873,2.4511250845067384e-05,2.2144620231791816e-05,2.003066463278962e-05,2.0263195711904716e-05
6874,2.4509542416933996e-05,2.214304131459492e-05,2.0029221492985087e-05,2.0261702266090703e-05
6875,2.4507835379360113e-05,2.214146362769827e-05,2.002777950067902e-05,2.0260210040765243e-05
6876,2.4506129725190048e-05,2.2139887197489922e-05,2.0026338674605465e-05,2.02587190032679e-05
6877,2.450442543510922e-05,2.2138311996676647e-05,2.0024899006031667e-05,2.0257229159957546e-05
6878,2.450272255109286e-05,2.213673805459371e-05,2.00234604967055e-05,2.025574052640695e-05
6879,2.4501021033731314e-05,2.2135165348409302e-05,2.002202319573476e-05,2.0254253070303533e-05
6880,2.449932091680568e-05,2.2133593875013012e-05,2.0020587047579657e-05,2.0252766829613434e-05
6881,2.4497622165130483e-05,2.213202367098812e-05,2.001915204842971e-05,2.0251281781618492e-05
6882,2.4495924800825358e-05,2.2130454682967363e-05,2.0017718219654694e-05,2.0249797931356282e-05
6883,2.4494228803805383e-05,2.212888694911257e-05,2.0016285551720005e-05,2.0248315275617875e-05
6884,2.4492534211314e-05,2.212732045240799e-05,2.0014854061943585e-05,2.0246833811998473e-05
6885,2.4490840985302598e-05,2.212575521466799e-05,2.0013423718528166e-05,2.0245353550864512e-05
6886,2.4489149159388985e-05,2.2124191200521412e-05,2.0011994540459517e-05,2.0243874480962668e-05
6887,2.4487458687467987e-05,2.2122628431523548e-05,2.001056652474605e-05,2.0242396605867455e-05
6888,2.4485769598568443e-05,2.2121066891830088e-05,2.0009139684425025e-05,2.024091992636555e-05
6889,2.4484081904759482e-05,2.2119506599348123e-05,2.000771398891917e-05,2.0239444446122125e-05
6890,2.4482395581988536e-05,2.2117947549699787e-05,2.000628947006524e-05,2.0237970133410145e-05
6891,2.448071063094727e-05,2.211638975302045e-05,2.0004866125161772e-05,2.023649702387774e-05
6892,2.447902707265729e-05,2.211483317009932e-05,2.0003443908901674e-05,2.023502512828707e-05
6893,2.4477344871868554e-05,2.2113277840595955e-05,2.0002022887332755e-05,2.0233554406781806e-05
6894,2.4475664047354778e-05,2.2111723732272597e-05,2.0000603006136165e-05,2.0232084877409746e-05
6895,2.4473984627548363e-05,2.211017087973032e-05,1.9999184290657007e-05,2.023061655236218e-05
6896,2.447230656075434e-05,2.210861926681345e-05,1.9997766746000406e-05,2.022914942374064e-05
6897,2.44706298825109e-05,2.2107068893067775e-05,1.9996350342168243e-05,2.0227683490396535e-05
6898,2.446895457554989e-05,2.210551973642338e-05,1.9994935110110786e-05,2.022621873114138e-05
6899,2.4467280644426438e-05,2.2103971827271402e-05,1.9993521029944578e-05,2.022475515198236e-05
6900,2.4465608078861766e-05,2.2102425150303407e-05,1.9992108128010273e-05,2.022329278421638e-05
6901,2.446393691306751e-05,2.2100879721336612e-05,1.9990696361833546e-05,2.022183160188797e-05
6902,2.446226709225643e-05,2.209933552266035e-05,1.998928578641476e-05,2.0220371616335566e-05
6903,2.4460598657697264e-05,2.2097792553029653e-05,1.9987876325204022e-05,2.021891279743764e-05
6904,2.4458931609233006e-05,2.2096250822810875e-05,1.998646806228239e-05,2.021745520242196e-05
6905,2.4457265919270094e-05,2.209471032706998e-05,1.998506094567175e-05,2.0215998767219986e-05
6906,2.4455601607585223e-05,2.2093171060905665e-05,1.99836549909606e-05,2.0214543518509242e-05
6907,2.4453938668720647e-05,2.209163304053555e-05,1.9982250180662448e-05,2.0213089483563867e-05
6908,2.4452277095449415e-05,2.2090096244970042e-05,1.9980846528745443e-05,2.0211636615009454e-05
6909,2.4450616902372865e-05,2.2088560682916456e-05,1.997944403993596e-05,2.0210184949424073e-05
6910,2.4448958072979055e-05,2.208702635239468e-05,1.9978042711327162e-05,2.0208734474825062e-05
6911,2.444730061968603e-05,2.208549324418196e-05,1.9976642531302944e-05,2.0207285160038108e-05
6912,2.444564454545129e-05,2.2083961376675054e-05,1.9975243503124807e-05,2.0205837053777092e-05
6913,2.444398982151968e-05,2.2082430753325553e-05,1.9973845641943494e-05,2.0204390128009194e-05
6914,2.4442336483643168e-05,2.2080901353833302e-05,1.9972448916810102e-05,2.0202944395007926e-05
6915,2.444068452145663e-05,2.2079373175549127e-05,1.997105336901857e-05,2.0201499848367915e-05
6916,2.44390339050315e-05,2.207784624751231e-05,1.996965897245114e-05,2.0200056475054342e-05
6917,2.443738467296848e-05,2.2076320536412913e-05,1.9968265731964105e-05,2.0198614298983652e-05
6918,2.4435736804266764e-05,2.2074796064318718e-05,1.996687363909873e-05,2.0197173301613118e-05
6919,2.4434090316205127e-05,2.2073272814843037e-05,1.9965482705550847e-05,2.019573349838555e-05
6920,2.4432445192306633e-05,2.207175079947408e-05,1.9964092912835893e-05,2.0194294866913442e-05
6921,2.443080143271675e-05,2.2070230015876748e-05,1.9962704283506066e-05,2.019285742217831e-05
6922,2.4429159027882618e-05,2.206871045374847e-05,1.9961316808008613e-05,2.0191421165947963e-05
6923,2.442751800508629e-05,2.2067192112851713e-05,1.995993048267088e-05,2.0189986094164148e-05
6924,2.4425878352213687e-05,2.206567500327177e-05,1.9958545317283355e-05,2.0188552204272255e-05
6925,2.442424005822024e-05,2.206415912545905e-05,1.9957161295942218e-05,2.0187119490616225e-05
6926,2.4422603128390764e-05,2.206264448001582e-05,1.995577841819787e-05,2.0185687977178807e-05
6927,2.4420967568017467e-05,2.206113105753573e-05,1.9954396703480062e-05,2.018425762104515e-05
6928,2.4419333366746525e-05,2.2059618853526607e-05,1.9953016139941756e-05,2.0182828462229893e-05
6929,2.4417700533576653e-05,2.2058107892670087e-05,1.9951636723035468e-05,2.018140047331318e-05
6930,2.441606907561861e-05,2.205659816833371e-05,1.9950258460103563e-05,2.0179973680165186e-05
6931,2.4414438971147714e-05,2.2055089645729033e-05,1.9948881355404463e-05,2.0178548062801728e-05
6932,2.4412810236031702e-05,2.2053582352090833e-05,1.994750540198956e-05,2.017712362295769e-05
6933,2.441118285620625e-05,2.2052076294175525e-05,1.994613058030866e-05,2.0175700369510592e-05
6934,2.4409556851126905e-05,2.205057145512928e-05,1.9944756912316804e-05,2.017427829492964e-05
6935,2.4407932195343732e-05,2.204906783578063e-05,1.994338441815202e-05,2.0172857416854143e-05
6936,2.4406308907781292e-05,2.204756543375552e-05,1.994201305157593e-05,2.017143767030671e-05
6937,2.4404686994902954e-05,2.2046064275185487e-05,1.9940642841664237e-05,2.0170019155734306e-05
6938,2.4403066433157942e-05,2.2044564336821436e-05,1.9939273778914666e-05,2.0168601786283065e-05
6939,2.4401447218451476e-05,2.2043065614088018e-05,1.9937905854228317e-05,2.016718561675067e-05
6940,2.4399829383944388e-05,2.2041568109696555e-05,1.9936539080495172e-05,2.0165770605058583e-05
6941,2.439821290445129e-05,2.204007183829215e-05,1.9935173452683424e-05,2.0164356789402207e-05
6942,2.4396597795788702e-05,2.203857677978905e-05,1.9933808993965768e-05,2.016294414607088e-05
6943,2.4394984032903017e-05,2.203708294026617e-05,1.993244567542591e-05,2.016153267020575e-05
6944,2.439337163365858e-05,2.2035590346067995e-05,1.9931083490226522e-05,2.0160122390932302e-05
6945,2.4391760595672017e-05,2.2034098956760513e-05,1.9929722461215417e-05,2.0158713276909466e-05
6946,2.4390150917459392e-05,2.2032608783661742e-05,1.9928362568626218e-05,2.0157305338384876e-05
6947,2.4388542597541988e-05,2.2031119837076168e-05,1.9927003823098668e-05,2.015589857728892e-05
6948,2.4386935642551632e-05,2.2029632107186552e-05,1.992564624049123e-05,2.0154492998610116e-05
6949,2.4385330036804094e-05,2.2028145603026025e-05,1.9924289788842185e-05,2.015308858465714e-05
6950,2.4383725791182685e-05,2.2026660323989764e-05,1.9922934494035878e-05,2.0151685358303737e-05
6951,2.4382122891601675e-05,2.202517625399882e-05,1.992158034265916e-05,2.015028331178424e-05
6952,2.438052136778824e-05,2.202369340961064e-05,1.992022732041519e-05,2.0148882414541133e-05
6953,2.4378921201112915e-05,2.2022211778355195e-05,1.9918875448214028e-05,2.0147482706130335e-05
6954,2.4377322385829628e-05,2.202073137066147e-05,1.9917524719594292e-05,2.014608418081115e-05
6955,2.4375724923816145e-05,2.2019252165720796e-05,1.9916175144868986e-05,2.01446868164e-05
6956,2.4374128817681803e-05,2.2017774198249447e-05,1.9914826708082538e-05,2.0143290634146273e-05
6957,2.437253406290195e-05,2.2016297442142467e-05,1.991347942145207e-05,2.0141895622834223e-05
6958,2.437094067004899e-05,2.2014821892493065e-05,1.9912133273016533e-05,2.0140501778852407e-05
6959,2.4369348632217452e-05,2.201334756944191e-05,1.9910788264588264e-05,2.0139109121365506e-05
6960,2.4367757940283983e-05,2.201187447758712e-05,1.990944441052213e-05,2.013771762371776e-05
6961,2.436616861421941e-05,2.201040258398632e-05,1.9908101680520977e-05,2.0136327298281785e-05
6962,2.436458064193982e-05,2.2008931913165092e-05,1.9906760103494976e-05,2.013493815261836e-05
6963,2.436299401488578e-05,2.2007462437374703e-05,1.9905419674115246e-05,2.0133550182668767e-05
6964,2.4361408741108413e-05,2.200599419705386e-05,1.9904080379321395e-05,2.0132163377582536e-05
6965,2.4359824824345226e-05,2.2004527170711504e-05,1.9902742215862674e-05,2.0130777744066363e-05
6966,2.435824225855208e-05,2.2003061358874747e-05,1.990140520849257e-05,2.0129393282609146e-05
6967,2.4356661044088028e-05,2.200159675517917e-05,1.9900069334667743e-05,2.012800998232522e-05
6968,2.4355081186089467e-05,2.2000133372789893e-05,1.989873460170534e-05,2.012662786782064e-05
6969,2.4353502677582002e-05,2.199867120041222e-05,1.989740101806415e-05,2.012524691070615e-05
6970,2.4351925520482334e-05,2.1997210243129875e-05,1.9896068568744894e-05,2.012386712678697e-05
6971,2.4350349707450778e-05,2.199575049758306e-05,1.9894737261899774e-05,2.012248850509453e-05
6972,2.434877524813682e-05,2.199429196410459e-05,1.9893407085089847e-05,2.0121111069828115e-05
6973,2.4347202150796823e-05,2.199283464077532e-05,1.98920780509243e-05,2.0119734794899715e-05
6974,2.4345630392863396e-05,2.1991378520578525e-05,1.9890750161213486e-05,2.0118359698113552e-05
6975,2.4344059986293784e-05,2.198992364378078e-05,1.9889423405367433e-05,2.0116985749153167e-05
6976,2.4342490927702744e-05,2.198846994804873e-05,1.9888097798828504e-05,2.011561298447648e-05
6977,2.4340923219629777e-05,2.198701747948193e-05,1.9886773312281874e-05,2.011424137388251e-05
6978,2.4339356856043412e-05,2.198556620970142e-05,1.9885449975999163e-05,2.0112870948266625e-05
6979,2.4337791847792036e-05,2.1984116168293414e-05,1.988412777259865e-05,2.0111501670225802e-05
6980,2.433622818515398e-05,2.1982667328129985e-05,1.9882806705503932e-05,2.01101335770571e-05
6981,2.433466587252668e-05,2.198121969269326e-05,1.9881486780402758e-05,2.010876664243024e-05
6982,2.4333104900571986e-05,2.197977327498025e-05,1.9880167994548976e-05,2.010740087630832e-05
6983,2.433154527258595e-05,2.1978328055388985e-05,1.987885034277327e-05,2.0106036273648233e-05
6984,2.4329986997647736e-05,2.197688405327513e-05,1.9877533817989506e-05,2.010467283827621e-05
6985,2.432843007432448e-05,2.1975441258502673e-05,1.987621843427584e-05,2.0103310563131686e-05
6986,2.432687449260725e-05,2.1973999677305343e-05,1.9874904193573364e-05,2.010194946410041e-05
6987,2.4325320254377107e-05,2.1972559294669198e-05,1.9873591080325714e-05,2.0100589517571485e-05
6988,2.4323767364298e-05,2.1971120123636637e-05,1.987227911134421e-05,2.009923074342038e-05
6989,2.432221581804009e-05,2.1969682163480213e-05,1.9870968267805075e-05,2.009787313932366e-05
6990,2.4320665620350413e-05,2.1968245412556322e-05,1.986965856408918e-05,2.009651669642094e-05
6991,2.4319116762424255e-05,2.196680985070745e-05,1.9868349998526198e-05,2.0095161410924404e-05
6992,2.4317569246135402e-05,2.1965375507976568e-05,1.9867042557346168e-05,2.009380728282312e-05
6993,2.4316023075594606e-05,2.1963942384873766e-05,1.9865736262601668e-05,2.0092454338002465e-05
6994,2.4314478251857026e-05,2.196251044928984e-05,1.9864431092671023e-05,2.0091102539730096e-05
6995,2.431293476732157e-05,2.1961079732194258e-05,1.9863127051673374e-05,2.008975191028298e-05
6996,2.4311392626892866e-05,2.1959650217135994e-05,1.9861824159283864e-05,2.0088402444639657e-05
6997,2.4309851837636237e-05,2.1958221890441458e-05,1.9860522391125308e-05,2.00870541460876e-05
6998,2.430831238151705e-05,2.1956794785959578e-05,1.9859221751908456e-05,2.0085706999401543e-05
6999,2.4306774268605865e-05,2.1955368883537583e-05,1.9857922254845683e-05,2.0084361017865155e-05
7000,2.430523749340956e-05,2.195394418537004e-05,1.9856623879644937e-05,2.0083016195883275e-05
7001,2.430370206899285e-05,2.1952520688737653e-05,1.985532665081357e-05,2.0081672528682114e-05
7002,2.4302167971152038e-05,2.1951098396970802e-05,1.9854030538730077e-05,2.008033003262348e-05
7003,2.4300635230054103e-05,2.1949677311714082e-05,1.9852735562982718e-05,2.0078988704647453e-05
7004,2.4299103819500244e-05,2.194825743096012e-05,1.985144172924264e-05,2.007764852229173e-05
7005,2.4297573751052122e-05,2.194683874651474e-05,1.9850149010721976e-05,2.0076309512476516e-05
7006,2.4296045027464737e-05,2.194542125836674e-05,1.9848857432918016e-05,2.0074971644534265e-05
7007,2.4294517639289364e-05,2.194400498425758e-05,1.984756698517803e-05,2.0073634956722254e-05
7008,2.4292991590205065e-05,2.1942589912714198e-05,1.9846277660428764e-05,2.0072299416641136e-05
7009,2.4291466882748867e-05,2.194117603452572e-05,1.9844989477587127e-05,2.0070965032431993e-05
7010,2.428994351415817e-05,2.1939763364460054e-05,1.984370240928126e-05,2.0069631815708222e-05
7011,2.428842147875501e-05,2.1938351885658398e-05,1.98424164882213e-05,2.006829975868548e-05
7012,2.4286900784247975e-05,2.193694161971526e-05,1.984113168663254e-05,2.0066968848809005e-05
7013,2.4285381426502117e-05,2.193553254120995e-05,1.9839848013168375e-05,2.006563909935959e-05
7014,2.4283863401577255e-05,2.1934124671945233e-05,1.983856545908595e-05,2.006431050878579e-05
7015,2.4282346716889193e-05,2.193271800030486e-05,1.9837284053552056e-05,2.0062983085956766e-05
7016,2.428083137333391e-05,2.1931312534227506e-05,1.9836003767990024e-05,2.0061656808772233e-05
7017,2.4279317362924666e-05,2.1929908266843114e-05,1.9834724607490987e-05,2.006033168655052e-05
7018,2.427780469338573e-05,2.192850519210608e-05,1.983344657648115e-05,2.0059007730817355e-05
7019,2.4276293352492352e-05,2.1927103314585208e-05,1.9832169681737864e-05,2.0057684919260896e-05
7020,2.4274783351190333e-05,2.1925702633346458e-05,1.98308939030667e-05,2.0056363279191487e-05
7021,2.4273274680581543e-05,2.1924303163849373e-05,1.9829619247223956e-05,2.0055042783586004e-05
7022,2.4271767349000343e-05,2.1922904878789518e-05,1.982834573516968e-05,2.0053723449749718e-05
7023,2.4270261349801036e-05,2.1921507794746328e-05,1.982707334070064e-05,2.0052405266192726e-05
7024,2.4268756681613223e-05,2.1920111908359803e-05,1.982580207679154e-05,2.0051088241495486e-05
7025,2.426725335360751e-05,2.1918717220147218e-05,1.982453193137526e-05,2.0049772366964782e-05
7026,2.42657513585662e-05,2.191732373047379e-05,1.9823262912242612e-05,2.0048457646906237e-05
7027,2.426425069456605e-05,2.191593143086173e-05,1.9821995028899393e-05,2.0047144085443605e-05
7028,2.4262751365254244e-05,2.191454033603307e-05,1.982072826037929e-05,2.0045831676358656e-05
7029,2.426125336815681e-05,2.1913150437365996e-05,1.9819462621370663e-05,2.004452042557011e-05
7030,2.425975670362133e-05,2.191176172207319e-05,1.9818198104339362e-05,2.004321031526438e-05
7031,2.4258261373473003e-05,2.1910374208956606e-05,1.981693472750981e-05,2.004190137094903e-05
7032,2.4256767367233405e-05,2.1908987891937597e-05,1.981567245522877e-05,2.004059357480362e-05
7033,2.425527470032436e-05,2.1907602771768197e-05,1.9814411312675546e-05,2.0039286928453398e-05
7034,2.4253783359100294e-05,2.1906218840090706e-05,1.981315129872981e-05,2.0037981439273792e-05
7035,2.425229335286647e-05,2.1904836105304995e-05,1.981189240354877e-05,2.0036677110930184e-05
7036,2.4250804677961254e-05,2.190345456332772e-05,1.981063463955656e-05,2.0035373920581954e-05
7037,2.4249317331183e-05,2.1902074215957762e-05,1.9809377983780935e-05,2.0034071882664245e-05
7038,2.424783131660412e-05,2.1900695064623147e-05,1.980812246244461e-05,2.0032770994079233e-05
7039,2.4246346630532425e-05,2.1899317101062115e-05,1.98068680699873e-05,2.0031471265832028e-05
7040,2.4244863271846084e-05,2.1897940332698257e-05,1.980561479247416e-05,2.0030172687456833e-05
7041,2.4243381244767636e-05,2.1896564758650244e-05,1.980436263552478e-05,2.0028875251651716e-05
7042,2.4241900542628882e-05,2.189519037787232e-05,1.9803111605482766e-05,2.0027578961794664e-05
7043,2.4240421174364778e-05,2.189381717765895e-05,1.980186169248722e-05,2.0026283836520623e-05
7044,2.4238943133535934e-05,2.1892445179401833e-05,1.980061290522747e-05,2.0024989861221795e-05
7045,2.423746642249804e-05,2.189107437038025e-05,1.979936523923196e-05,2.0023697028846488e-05
7046,2.4235991032393225e-05,2.188970474992195e-05,1.9798118689329892e-05,2.0022405341881312e-05
7047,2.4234516974542922e-05,2.1888336328020936e-05,1.979687326618986e-05,2.002111481056375e-05
7048,2.4233044241477313e-05,2.1886969088694186e-05,1.9795628964137875e-05,2.001982542578928e-05
7049,2.423157283890671e-05,2.188560303992593e-05,1.979438577730432e-05,2.0018537188910332e-05
7050,2.4230102756986713e-05,2.1884238182528834e-05,1.979314371222801e-05,2.0017250105296945e-05
7051,2.4228634008238554e-05,2.188287451347236e-05,1.9791902767869195e-05,2.0015964167479235e-05
7052,2.422716658051295e-05,2.1881512041349265e-05,1.9790662947358548e-05,2.001467937496655e-05
7053,2.422570047910513e-05,2.1880150749169347e-05,1.9789424244337793e-05,2.0013395726623707e-05
7054,2.4224235701073937e-05,2.1878790648779493e-05,1.978818665756462e-05,2.0012113238020507e-05
7055,2.4222772253956488e-05,2.1877431735426825e-05,1.9786950199341095e-05,2.001083188418814e-05
7056,2.422131012792763e-05,2.187607401355571e-05,1.978571484516989e-05,2.0009551680700283e-05
7057,2.4219849326958013e-05,2.1874717478490862e-05,1.978448062053505e-05,2.0008272624188302e-05
7058,2.4218389853445226e-05,2.18733621320675e-05,1.9783247510239934e-05,2.000699471505289e-05
7059,2.4216931697874562e-05,2.187200797342693e-05,1.9782015520510138e-05,2.0005717951680273e-05
7060,2.4215474870630463e-05,2.1870655001194395e-05,1.978078464622819e-05,2.0004442335681697e-05
7061,2.4214019361845168e-05,2.186930320822707e-05,1.9779554891587887e-05,2.0003167861303275e-05
7062,2.4212565179643413e-05,2.1867952606530197e-05,1.977832625681334e-05,2.000189453797714e-05
7063,2.421111231765618e-05,2.1866603198140888e-05,1.97770987388488e-05,2.0000622351774047e-05
7064,2.42096607845149e-05,2.1865254965574083e-05,1.9775872333146052e-05,1.9999351315551435e-05
7065,2.4208210568230135e-05,2.1863907926556363e-05,1.977464704542683e-05,1.9998081420086965e-05
7066,2.4206761675308415e-05,2.1862562072746404e-05,1.977342288313626e-05,1.999681267215741e-05
7067,2.420531410227407e-05,2.1861217401745663e-05,1.97721998206245e-05,1.9995545070058683e-05
7068,2.420386785123252e-05,2.185987391291626e-05,1.977097788755467e-05,1.9994278610176927e-05
7069,2.4202422925302306e-05,2.185853161159653e-05,1.976975706764733e-05,1.9993013292336168e-05
7070,2.420097931437946e-05,2.185719049985638e-05,1.9768537358854182e-05,1.9991749114440752e-05
7071,2.4199537024702397e-05,2.1855850566748175e-05,1.9767318770344335e-05,1.9990486088257617e-05
7072,2.419809605973011e-05,2.1854511817536118e-05,1.9766101297487268e-05,1.9989224203138295e-05
7073,2.419665641259018e-05,2.1853174254469204e-05,1.976488493876137e-05,1.9987963451239663e-05
7074,2.4195218082335747e-05,2.1851837868222362e-05,1.9763669691147027e-05,1.9986703850454145e-05
7075,2.419378107367988e-05,2.18505026738812e-05,1.97624555626396e-05,1.998544539263047e-05
7076,2.4192345385631894e-05,2.1849168660179017e-05,1.976124254719411e-05,1.998418807331267e-05
7077,2.4190911012332663e-05,2.1847835823174774e-05,1.9760030650929562e-05,1.9982931896509022e-05
7078,2.4189477963023897e-05,2.184650417563294e-05,1.9758819863583016e-05,1.9981676861290175e-05
7079,2.4188046229138677e-05,2.184517370067046e-05,1.9757610191834287e-05,1.998042296818428e-05
7080,2.4186615810738884e-05,2.1843844420337626e-05,1.9756401629384005e-05,1.997917021479708e-05
7081,2.4185186714448654e-05,2.184251630923535e-05,1.9755194181070952e-05,1.9977918597384457e-05
7082,2.4183758935335294e-05,2.1841189392152494e-05,1.9753987851254548e-05,1.997666812990542e-05
7083,2.4182332470800043e-05,2.183986364582933e-05,1.975278263360501e-05,1.9975418802072023e-05
7084,2.4180907322199834e-05,2.1838539086401617e-05,1.9751578524443555e-05,1.9974170607136758e-05
7085,2.4179483488019254e-05,2.1837215704394638e-05,1.975037553060519e-05,1.9972923551590626e-05
7086,2.4178060978267437e-05,2.183589349890622e-05,1.9749173648096438e-05,1.9971677632967265e-05
7087,2.4176639780520534e-05,2.183457248193775e-05,1.974797287839277e-05,1.997043286604311e-05
7088,2.417521989652286e-05,2.183325263765962e-05,1.974677322336903e-05,1.9969189231934787e-05
7089,2.41738013322031e-05,2.1831933978577896e-05,1.9745574674331076e-05,1.996794673250206e-05
7090,2.417238407877568e-05,2.183061648840318e-05,1.974437723884634e-05,1.996670537869062e-05
7091,2.4170968142418092e-05,2.182930019009749e-05,1.974318091952874e-05,1.9965465158885134e-05
7092,2.4169553515768568e-05,2.182798506184603e-05,1.974198570302753e-05,1.9964226076070764e-05
7093,2.4168140212186388e-05,2.182667111645906e-05,1.9740791603331727e-05,1.9962988131389707e-05
7094,2.4166728219259435e-05,2.1825358345771874e-05,1.973959860570997e-05,1.9961751325088123e-05
7095,2.416531753757519e-05,2.1824046756242307e-05,1.9738406730184675e-05,1.9960515658987114e-05
7096,2.416390817060889e-05,2.182273634328778e-05,1.973721595784954e-05,1.9959281127402122e-05
7097,2.416250012130074e-05,2.1821427105441915e-05,1.973602629688622e-05,1.995804773562572e-05
7098,2.416109337949624e-05,2.1820119046375525e-05,1.9734837747400406e-05,1.995681547648753e-05
7099,2.4159687951703766e-05,2.1818812163767564e-05,1.973365030435547e-05,1.99555843538451e-05
7100,2.4158283834960436e-05,2.181750645800242e-05,1.9732463972686738e-05,1.9954354369490057e-05
7101,2.415688103505875e-05,2.1816201929875493e-05,1.9731278748576475e-05,1.9953125518895435e-05
7102,2.4155479543240893e-05,2.181489857691119e-05,1.9730094635542545e-05,1.995189780580606e-05
7103,2.4154079365763235e-05,2.1813596401560387e-05,1.9728911628698675e-05,1.995067122862948e-05
7104,2.415268049722912e-05,2.1812295400655187e-05,1.9727729732019324e-05,1.994944578504099e-05
7105,2.4151282940953252e-05,2.181099557285617e-05,1.9726548938306053e-05,1.9948221478087067e-05
7106,2.4149886695188396e-05,2.1809696923021633e-05,1.9725369259749776e-05,1.9946998303270506e-05
7107,2.414849176093995e-05,2.18083994473618e-05,1.972419068661421e-05,1.994577626572391e-05
7108,2.414709813606643e-05,2.1807103146051677e-05,1.9723013224835053e-05,1.9944555358143307e-05
7109,2.414570582280535e-05,2.180580801884154e-05,1.9721836865679788e-05,1.9943335588889213e-05
7110,2.4144314817055123e-05,2.1804514065094488e-05,1.9720661614092597e-05,1.9942116957580275e-05
7111,2.4142925120372283e-05,2.180322128535209e-05,1.971948746817007e-05,1.9940899454209303e-05
7112,2.4141536734682434e-05,2.1801929677506968e-05,1.9718314436031178e-05,1.9939683087288438e-05
7113,2.41401496578001e-05,2.1800639247451774e-05,1.9717142505475324e-05,1.9938467849097094e-05
7114,2.413876389069124e-05,2.1799349989682624e-05,1.971597168169472e-05,1.993725374435311e-05
7115,2.4137379432839477e-05,2.179806190377289e-05,1.9714801961819338e-05,1.993604077367938e-05
7116,2.413599627962017e-05,2.1796774990161142e-05,1.97136333508797e-05,1.993482893757885e-05
7117,2.4134614434505546e-05,2.1795489249224467e-05,1.971246584726083e-05,1.993361822851214e-05
7118,2.4133233898164435e-05,2.1794204679271624e-05,1.9711299446151877e-05,1.9932408657788563e-05
7119,2.413185467215401e-05,2.1792921284852295e-05,1.971013415173144e-05,1.9931200218273113e-05
7120,2.413047675019404e-05,2.179163905666834e-05,1.9708969963211694e-05,1.9929992906961374e-05
7121,2.4129100134868895e-05,2.1790358004679375e-05,1.9707806878931243e-05,1.992878672700287e-05
7122,2.4127724826244758e-05,2.17890781191199e-05,1.97066448997255e-05,1.9927581679433608e-05
7123,2.4126350826652284e-05,2.178779940786214e-05,1.9705484023237498e-05,1.992637776476339e-05
7124,2.4124978133296908e-05,2.1786521867322317e-05,1.97043242538502e-05,1.9925174981077418e-05
7125,2.4123606741923054e-05,2.1785245496853216e-05,1.9703165588230804e-05,1.9923973321934476e-05
7126,2.4122236657558483e-05,2.1783970294610722e-05,1.970200802557599e-05,1.9922772797734124e-05
7127,2.412086787684665e-05,2.1782696263737965e-05,1.9700851568694044e-05,1.9921573402655555e-05
7128,2.4119500405556958e-05,2.1781423402802816e-05,1.969969621413005e-05,1.9920375140425948e-05
7129,2.411813423625585e-05,2.178015171370515e-05,1.969854195914454e-05,1.991917799909531e-05
7130,2.411676937140985e-05,2.17788811891147e-05,1.9697388812277145e-05,1.991798199269455e-05
7131,2.4115405812917492e-05,2.1777611832988826e-05,1.9696236768303286e-05,1.991678711793213e-05
7132,2.4114043556410746e-05,2.1776343651977334e-05,1.9695085821089347e-05,1.9915593370307463e-05
7133,2.4112682605402794e-05,2.1775076632825852e-05,1.9693935983228707e-05,1.9914400749114587e-05
7134,2.4111322955440965e-05,2.177381078431995e-05,1.9692787249811063e-05,1.99132092587068e-05
7135,2.4109964610590293e-05,2.177254610486679e-05,1.9691639612617514e-05,1.9912018897019073e-05
7136,2.410860756858018e-05,2.177128259048046e-05,1.969049308024323e-05,1.9910829661651542e-05
7137,2.4107251828017022e-05,2.177002024730163e-05,1.9689347649105095e-05,1.990964155483599e-05
7138,2.410589739054914e-05,2.17687590689791e-05,1.968820331793998e-05,1.9908454575172788e-05
7139,2.4104544257688768e-05,2.1767499061491683e-05,1.9687060092375276e-05,1.9907268722765937e-05
7140,2.410319242332776e-05,2.1766240219375947e-05,1.9685917962769964e-05,1.9906083993623206e-05
7141,2.410184189233657e-05,2.1764982538084364e-05,1.9684776938902848e-05,1.9904900398970773e-05
7142,2.4100492664932535e-05,2.1763726026596137e-05,1.9683637013109038e-05,1.9903717928328263e-05
7143,2.4099144734904394e-05,2.1762470680737196e-05,1.9682498192195077e-05,1.9902536583318878e-05
7144,2.409779810774324e-05,2.1761216504512957e-05,1.968136046334868e-05,1.990135636554525e-05
7145,2.4096452780052127e-05,2.1759963489518786e-05,1.968022384103678e-05,1.9900177271714824e-05
7146,2.4095108754633817e-05,2.1758711641348857e-05,1.967908831969989e-05,1.989899930578718e-05
7147,2.409376602943513e-05,2.175746096036569e-05,1.9677953895481702e-05,1.9897822465786038e-05
7148,2.409242460228374e-05,2.1756211442760534e-05,1.967682057397681e-05,1.9896646749928725e-05
7149,2.4091084475059963e-05,2.1754963088960394e-05,1.9675688351385698e-05,1.989547215614844e-05
7150,2.4089745649553142e-05,2.175371590086123e-05,1.967455722475747e-05,1.9894298695361e-05
7151,2.4088408122517075e-05,2.1752469877595462e-05,1.9673427196978136e-05,1.989312635433246e-05
7152,2.4087071892708097e-05,2.175122501602532e-05,1.9672298274860554e-05,1.9891955141173923e-05
7153,2.408573696481943e-05,2.174998132249579e-05,1.9671170443401785e-05,1.9890785047409246e-05
7154,2.4084403331395512e-05,2.174873878697323e-05,1.967004371515671e-05,1.9889616077981496e-05
7155,2.4083070998479702e-05,2.1747497419331097e-05,1.966891808409755e-05,1.98884482343383e-05
7156,2.4081739965347214e-05,2.1746257213189334e-05,1.9667793554520205e-05,1.9887281515977506e-05
7157,2.408041022580367e-05,2.1745018168236934e-05,1.9666670119623323e-05,1.9886115919162387e-05
7158,2.40790817868889e-05,2.1743780287918485e-05,1.966554778084889e-05,1.988495144731986e-05
7159,2.4077754642271652e-05,2.174254356950938e-05,1.9664426543437364e-05,1.9883788096377558e-05
7160,2.4076428797964026e-05,2.1741308012805122e-05,1.9663306400313543e-05,1.9882625869150102e-05
7161,2.407510424923333e-05,2.1740073619353423e-05,1.9662187357269092e-05,1.9881464763138522e-05
7162,2.4073780995899853e-05,2.1738840386862118e-05,1.9661069407961194e-05,1.9880304783092234e-05
7163,2.407245904004924e-05,2.173760831655598e-05,1.9659952560468725e-05,1.987914592382889e-05
7164,2.4071138379893885e-05,2.1736377405421754e-05,1.965883680611207e-05,1.9877988188444165e-05
7165,2.40698190139636e-05,2.173514765724957e-05,1.965772215014798e-05,1.9876831569689645e-05
7166,2.406850094492061e-05,2.1733919068092515e-05,1.9656608588921987e-05,1.9875676077376413e-05
7167,2.4067184171984407e-05,2.1732691641793196e-05,1.965549612542338e-05,1.987452170529115e-05
7168,2.4065868693486676e-05,2.1731465376109142e-05,1.965438475807171e-05,1.9873368452818004e-05
7169,2.406455450998546e-05,2.1730240267572745e-05,1.965327448404555e-05,1.987221632310341e-05
7170,2.4063241621034344e-05,2.172901632090507e-05,1.9652165306533233e-05,1.9871065313724826e-05
7171,2.4061930026466205e-05,2.1727793532794467e-05,1.9651057226757182e-05,1.9869915423087582e-05
7172,2.4060619725250928e-05,2.1726571906906908e-05,1.9649950239116987e-05,1.9868766655609185e-05
7173,2.405931071742073e-05,2.1725351439270036e-05,1.964884434839583e-05,1.9867619005793364e-05
7174,2.405800300426597e-05,2.1724132129478485e-05,1.9647739557067923e-05,1.986647247918578e-05
7175,2.4056696585167154e-05,2.1722913979295428e-05,1.9646635853077173e-05,1.986532707239721e-05
7176,2.405539145811865e-05,2.1721696988136766e-05,1.9645533245108964e-05,1.9864182781954128e-05
7177,2.405408762407501e-05,2.1720481153910282e-05,1.9644431734276995e-05,1.9863039612459227e-05
7178,2.4052785082566898e-05,2.1719266480666204e-05,1.9643331316831427e-05,1.9861897562369357e-05
7179,2.4051483832910027e-05,2.1718052961379278e-05,1.9642231992168988e-05,1.9860756629153933e-05
7180,2.405018387650626e-05,2.171684060286237e-05,1.9641133763399277e-05,1.985961681734161e-05
7181,2.4048885212828624e-05,2.171562940260242e-05,1.9640036626994137e-05,1.985847812315187e-05
7182,2.404758783720398e-05,2.1714419355630207e-05,1.9638940583620824e-05,1.985734054646658e-05
7183,2.4046291757325283e-05,2.171321047046673e-05,1.9637845636303876e-05,1.9856204087869086e-05
7184,2.4044996966260244e-05,2.1712002740894613e-05,1.9636751778789618e-05,1.9855068749653135e-05
7185,2.4043703467664427e-05,2.1710796164963537e-05,1.9635659013019883e-05,1.9853934526891982e-05
7186,2.4042411258093313e-05,2.1709590747290066e-05,1.9634567344812964e-05,1.985280142135362e-05
7187,2.4041120339863036e-05,2.17083864862052e-05,1.9633476767278712e-05,1.985166943460117e-05
7188,2.4039830711143653e-05,2.1707183380609875e-05,1.963238728027333e-05,1.985053856546381e-05
7189,2.4038542372758592e-05,2.1705981432540634e-05,1.9631298886817533e-05,1.9849408811588015e-05
7190,2.403725532442162e-05,2.170478063777369e-05,1.9630211586938217e-05,1.984828017620537e-05
7191,2.40359695669221e-05,2.1703580997801433e-05,1.962912537834113e-05,1.9847152654082586e-05
7192,2.4034685098337775e-05,2.1702382516116902e-05,1.9628040259810137e-05,1.98460262526738e-05
7193,2.4033401916733346e-05,2.170118518712909e-05,1.9626956233622153e-05,1.9844900964849396e-05
7194,2.403212002606751e-05,2.169998901399956e-05,1.9625873301578418e-05,1.984377679339606e-05
7195,2.403083942350085e-05,2.1698793996497963e-05,1.9624791458593844e-05,1.984265373653237e-05
7196,2.4029560108948507e-05,2.1697600132547043e-05,1.9623710705963385e-05,1.9841531797734723e-05
7197,2.4028282083302477e-05,2.1696407420771887e-05,1.962263104557471e-05,1.9840410973296406e-05
7198,2.402700534511444e-05,2.1695215866035816e-05,1.9621552475323798e-05,1.9839291263725995e-05
7199,2.4025729894285055e-05,2.1694025462828392e-05,1.9620474994352023e-05,1.983817267081877e-05
7200,2.4024455732250646e-05,2.1692836212426283e-05,1.9619398606185087e-05,1.983705518769007e-05
7201,2.4023182855849372e-05,2.1691648117797108e-05,1.9618323308570126e-05,1.983593882439088e-05
7202,2.4021911267513155e-05,2.1690461173934887e-05,1.961724909864749e-05,1.9834823574682376e-05
7203,2.4020640966078293e-05,2.1689275384250317e-05,1.9616175978503857e-05,1.9833709435860797e-05
7204,2.4019371951248906e-05,2.168809074631786e-05,1.9615103949470276e-05,1.9832596413427772e-05
7205,2.4018104222224542e-05,2.168690726207555e-05,1.9614033011014335e-05,1.9831484506337683e-05
7206,2.4016837779708466e-05,2.1685724930121134e-05,1.961296315928348e-05,1.983037371017164e-05
7207,2.4015572621927746e-05,2.1684543749196596e-05,1.9611894397579513e-05,1.9829264028455762e-05
7208,2.401430875162066e-05,2.168336371979155e-05,1.9610826726782854e-05,1.9828155459996866e-05
7209,2.4013046165224786e-05,2.1682184842827436e-05,1.9609760143993775e-05,1.9827048005034926e-05
7210,2.4011784864976336e-05,2.1681007115358268e-05,1.9608694649672588e-05,1.9825941661860254e-05
7211,2.4010524850172813e-05,2.1679830541642984e-05,1.9607630244711932e-05,1.9824836432658394e-05
7212,2.4009266120313052e-05,2.1678655118055356e-05,1.9606566927174336e-05,1.9823732313446682e-05
7213,2.4008008674178984e-05,2.1677480847037368e-05,1.960550469823311e-05,1.982262930860173e-05
7214,2.400675251243371e-05,2.1676307724323942e-05,1.9604443557326872e-05,1.982152741554096e-05
7215,2.400549763521772e-05,2.1675135752686102e-05,1.9603383502341383e-05,1.9820426635216433e-05
7216,2.400424404045025e-05,2.167396493110224e-05,1.9602324537355556e-05,1.9819326963144504e-05
7217,2.4002991729809204e-05,2.167279526043843e-05,1.9601266660271153e-05,1.9818228405559513e-05
7218,2.4001740703957424e-05,2.167162673825164e-05,1.960020986977131e-05,1.9817130958324077e-05
7219,2.400049095941827e-05,2.1670459367939565e-05,1.9599154167579785e-05,1.9816034624187162e-05
7220,2.39992424994353e-05,2.166929314419727e-05,1.959809955074299e-05,1.981493939881562e-05
7221,2.3997995321773494e-05,2.166812807211131e-05,1.9597046022428387e-05,1.9813845285009304e-05
7222,2.3996749427466077e-05,2.166696414760245e-05,1.959599358165795e-05,1.9812752282138685e-05
7223,2.399550481427775e-05,2.166580137275791e-05,1.9594942224935558e-05,1.9811660389890864e-05
7224,2.3994261483432398e-05,2.1664639746694372e-05,1.959389195565357e-05,1.9810569606024086e-05
7225,2.3993019434994584e-05,2.1663479269348084e-05,1.9592842773178882e-05,1.9809479934037973e-05
7226,2.3991778668258617e-05,2.1662319939331474e-05,1.959179467664414e-05,1.9808391371537287e-05
7227,2.399053918248035e-05,2.1661161758171153e-05,1.9590747666607978e-05,1.980730391714379e-05
7228,2.398930097704936e-05,2.1660004723450424e-05,1.958970174224312e-05,1.9806217572576e-05
7229,2.3988064054573198e-05,2.1658848837094728e-05,1.9588656903225676e-05,1.9805132339300472e-05
7230,2.3986828411683903e-05,2.1657694099581735e-05,1.958761314964305e-05,1.9804048212819196e-05
7231,2.398559404949874e-05,2.1656540506221205e-05,1.9586570481607156e-05,1.980296519646166e-05
7232,2.3984360967342635e-05,2.1655388063029344e-05,1.9585528898804984e-05,1.980188328989355e-05
7233,2.3983129166141867e-05,2.1654236766935135e-05,1.9584488401658367e-05,1.980080248964064e-05
7234,2.3981898644727008e-05,2.165308661540927e-05,1.9583448988683335e-05,1.9799722798534625e-05
7235,2.3980669402682076e-05,2.1651937612401822e-05,1.958241066000516e-05,1.9798644214972982e-05
7236,2.3979441441054777e-05,2.1650789754916318e-05,1.958137341713173e-05,1.979756674085833e-05
7237,2.3978214757880434e-05,2.1649643042975512e-05,1.9580337257522052e-05,1.9796490374391712e-05
7238,2.3976989352953534e-05,2.164849747660826e-05,1.9579302182996992e-05,1.979541511435263e-05
7239,2.3975765227854034e-05,2.1647353058343528e-05,1.9578268192902292e-05,1.9794340963282728e-05
7240,2.3974542382155388e-05,2.1646209782700914e-05,1.9577235285986694e-05,1.9793267917913917e-05
7241,2.3973320814422068e-05,2.164506765402533e-05,1.9576203462688314e-05,1.9792195981529433e-05
7242,2.397210052461232e-05,2.1643926670522444e-05,1.9575172724913082e-05,1.9791125149910597e-05
7243,2.397088151196661e-05,2.1642786831991906e-05,1.9574143068179502e-05,1.979005542699846e-05
7244,2.396966377753479e-05,2.1641648138338137e-05,1.9573114495992694e-05,1.9788986809736482e-05
7245,2.3968447322250945e-05,2.1640510588380396e-05,1.9572087006895658e-05,1.978791929836714e-05
7246,2.3967232142802824e-05,2.163937418457529e-05,1.9571060601011537e-05,1.9786852893579716e-05
7247,2.396601824057372e-05,2.1638238924003454e-05,1.957003527880778e-05,1.978578759400351e-05
7248,2.3964805616652527e-05,2.163710480813389e-05,1.956901103911986e-05,1.978472340222511e-05
7249,2.3963594267901097e-05,2.1635971836077225e-05,1.9567987880180346e-05,1.9783660315553504e-05
7250,2.3962384196514225e-05,2.1634840006538902e-05,1.9566965806827765e-05,1.9782598331814736e-05
7251,2.3961175401589845e-05,2.1633709322500795e-05,1.9565944813907656e-05,1.9781537457432196e-05
7252,2.3959967882451248e-05,2.1632579780834466e-05,1.9564924902272284e-05,1.9780477686440266e-05
7253,2.3958761639319884e-05,2.1631451382445314e-05,1.9563906074854237e-05,1.977941901880831e-05
7254,2.395755667199865e-05,2.163032412642866e-05,1.9562888328891895e-05,1.9778361457297066e-05
7255,2.3956352980308962e-05,2.1629198014070963e-05,1.9561871662759344e-05,1.977730500065623e-05
7256,2.39551505630279e-05,2.162807304316817e-05,1.9560856080323498e-05,1.9776249648629387e-05
7257,2.3953949421075794e-05,2.162694921561119e-05,1.955984157856361e-05,1.9775195400125597e-05
7258,2.3952749554470904e-05,2.1625826530679094e-05,1.9558828157465762e-05,1.9774142255530253e-05
7259,2.3951550962576074e-05,2.162470498763183e-05,1.95578158191416e-05,1.9773090216450055e-05
7260,2.3950353644680854e-05,2.162358458701164e-05,1.9556804561533404e-05,1.9772039278841616e-05
7261,2.3949157601445963e-05,2.1622465327223996e-05,1.9555794383295653e-05,1.977098944595518e-05
7262,2.3947962832264943e-05,2.162134720910695e-05,1.9554785285835663e-05,1.9769940718132505e-05
7263,2.394676933754509e-05,2.1620230232710392e-05,1.9553777270234996e-05,1.976889309160747e-05
7264,2.3945577114651412e-05,2.1619114398371704e-05,1.955277033432709e-05,1.9767846567541212e-05
7265,2.3944386167249822e-05,2.1617999704069997e-05,1.9551764479630705e-05,1.9766801148014564e-05
7266,2.3943196492211564e-05,2.1616886149858114e-05,1.9550759704276945e-05,1.9765756830657364e-05
7267,2.394200808988014e-05,2.161577373801067e-05,1.9549756009884437e-05,1.9764713615703536e-05
7268,2.3940820961164614e-05,2.1614662465593504e-05,1.9548753394294914e-05,1.9763671503040364e-05
7269,2.393963510408887e-05,2.1613552333335086e-05,1.9547751858972184e-05,1.9762630492171257e-05
7270,2.3938450520498783e-05,2.1612443342406697e-05,1.9546751404182848e-05,1.976159058373067e-05
7271,2.3937267208021847e-05,2.1611335490932483e-05,1.954575202669166e-05,1.9760551776780656e-05
7272,2.3936085168451833e-05,2.1610228779230167e-05,1.9544753729465964e-05,1.9759514072636326e-05
7273,2.393490440071737e-05,2.1609123207899347e-05,1.9543756511882045e-05,1.975847746910592e-05
7274,2.3933724904343434e-05,2.1608018774869182e-05,1.9542760373438553e-05,1.9757441967055636e-05
7275,2.3932546679265256e-05,2.16069154807996e-05,1.9541765313448724e-05,1.9756407566593747e-05
7276,2.3931369725672314e-05,2.1605813326351072e-05,1.9540771332078364e-05,1.9755374266594394e-05
7277,2.393019404317996e-05,2.160471231328494e-05,1.9539778429586036e-05,1.9754342067895515e-05
7278,2.3929019631976374e-05,2.1603612436990976e-05,1.953878660639111e-05,1.9753310970116108e-05
7279,2.3927846490162805e-05,2.160251369936863e-05,1.9537795860361892e-05,1.9752280972252168e-05
7280,2.3926674619758278e-05,2.160141609959169e-05,1.953680619311483e-05,1.9751252075176106e-05
7281,2.3925504019615786e-05,2.1600319638498212e-05,1.9535817603349554e-05,1.9750224278016588e-05
7282,2.3924334689514557e-05,2.1599224316861186e-05,1.9534830092624794e-05,1.974919758145946e-05
7283,2.3923166628434345e-05,2.1598130131406612e-05,1.9533843658481106e-05,1.9748171983583456e-05
7284,2.39219998378782e-05,2.159703708442791e-05,1.9532858302830154e-05,1.974714748603249e-05
7285,2.392083431623433e-05,2.159594517598778e-05,1.95318740243855e-05,1.9746124088670546e-05
7286,2.391967006455169e-05,2.159485440430662e-05,1.9530890823293347e-05,1.97451017897391e-05
7287,2.3918507081665476e-05,2.159376476959115e-05,1.9529908701234307e-05,1.9744080590924328e-05
7288,2.3917345367393224e-05,2.1592676272325604e-05,1.9528927653203937e-05,1.9743060490892894e-05
7289,2.391618492229705e-05,2.1591588912971764e-05,1.9527947684197855e-05,1.974204148928765e-05
7290,2.3915025744795812e-05,2.1590502688908567e-05,1.952696879087073e-05,1.974102358640807e-05
7291,2.3913867836752286e-05,2.1589417603042546e-05,1.95259909757302e-05,1.974000678320676e-05
7292,2.391271119577231e-05,2.15883336521703e-05,1.95250142366333e-05,1.9738991077234443e-05
7293,2.3911555823725152e-05,2.1587250838782734e-05,1.9524038574484893e-05,1.973797646985237e-05
7294,2.3910401718345112e-05,2.1586169160079322e-05,1.9523063987629627e-05,1.9736962961387373e-05
7295,2.3909248881523715e-05,2.158508861899608e-05,1.9522090477976464e-05,1.9735950550278432e-05
7296,2.3908097311335868e-05,2.1584009214035407e-05,1.952111804349102e-05,1.973493923630614e-05
7297,2.3906947008397578e-05,2.158293094397482e-05,1.9520146685564475e-05,1.9733929019928012e-05
7298,2.390579797278765e-05,2.1581853809942705e-05,1.951917640240226e-05,1.9732919901498203e-05
7299,2.390465020413361e-05,2.158077781109854e-05,1.9518207197195048e-05,1.9731911880695212e-05
7300,2.390350370133198e-05,2.1579702946976633e-05,1.9517239065755717e-05,1.9730904956693406e-05
7301,2.3902358465280495e-05,2.1578629218811033e-05,1.951627201030757e-05,1.972989913010118e-05
7302,2.3901214495529547e-05,2.1577556625030394e-05,1.951530602994398e-05,1.972889439951744e-05
7303,2.3900071791811772e-05,2.1576485166773094e-05,1.9514341125125753e-05,1.972789076624554e-05
7304,2.3898930353660827e-05,2.1575414842282463e-05,1.9513377295113457e-05,1.972688822790638e-05
7305,2.389779018156302e-05,2.1574345652111206e-05,1.951241454004106e-05,1.9725886788163394e-05
7306,2.3896651274570907e-05,2.1573277597027652e-05,1.9511452860661663e-05,1.9724886443905725e-05
7307,2.38955136327857e-05,2.1572210675998727e-05,1.9510492255426486e-05,1.9723887194899104e-05
7308,2.389437725626394e-05,2.1571144889120986e-05,1.9509532724747703e-05,1.972288904215646e-05
7309,2.389324214494068e-05,2.1570080235185133e-05,1.9508574268151858e-05,1.9721891986273394e-05
7310,2.389210829793771e-05,2.1569016715929174e-05,1.9507616886015575e-05,1.9720896024292863e-05
7311,2.3890975715698873e-05,2.1567954329934063e-05,1.950666057813161e-05,1.971990115847161e-05
7312,2.3889844398072905e-05,2.1566893077901613e-05,1.950570534459737e-05,1.971890738788176e-05
7313,2.388871434362926e-05,2.1565832958541213e-05,1.95047511848932e-05,1.971791471296777e-05
7314,2.388758555448305e-05,2.156477397221815e-05,1.9503798099269276e-05,1.971692313242381e-05
7315,2.3886458028087007e-05,2.1563716118834713e-05,1.950284608696297e-05,1.9715932646610376e-05
7316,2.388533176553581e-05,2.156265939902867e-05,1.9501895148619954e-05,1.9714943256750222e-05
7317,2.38842067668603e-05,2.1561603811038643e-05,1.95009452825095e-05,1.9713954959482506e-05
7318,2.3883083031253593e-05,2.1560549355919543e-05,1.9499996490893888e-05,1.971296775800369e-05
7319,2.3881960558302997e-05,2.155949603325442e-05,1.9499048772332094e-05,1.9711981649745657e-05
7320,2.3880839348563497e-05,2.1558443842960438e-05,1.9498102126660764e-05,1.9710996635747315e-05
7321,2.387971940157676e-05,2.1557392784375822e-05,1.9497156554916844e-05,1.97100127157006e-05
7322,2.3878600717344016e-05,2.1556342858486354e-05,1.949621205537826e-05,1.9709029890172667e-05
7323,2.3877483295034037e-05,2.1555294063491225e-05,1.9495268628060655e-05,1.970804815754693e-05
7324,2.3876367134832575e-05,2.1554246400731816e-05,1.949432627387782e-05,1.970706751829152e-05
7325,2.387525223653443e-05,2.15531998690019e-05,1.9493384992201813e-05,1.9706087972827124e-05
7326,2.3874138600498092e-05,2.1552154469353385e-05,1.949244478313118e-05,1.9705109519930053e-05
7327,2.3873026225821506e-05,2.1551110200402186e-05,1.9491505646252432e-05,1.970413216063137e-05
7328,2.3871915112850493e-05,2.1550067062753234e-05,1.949056758136681e-05,1.9703155893793884e-05
7329,2.3870805260681256e-05,2.154902505612694e-05,1.9489630588634304e-05,1.9702180719917962e-05
7330,2.3869696670184823e-05,2.154798418068322e-05,1.9488694667681915e-05,1.970120663869855e-05
7331,2.386858934026158e-05,2.154694443506944e-05,1.948775981867649e-05,1.9700233649902453e-05
7332,2.3867483271202357e-05,2.154590582095414e-05,1.9486826041532796e-05,1.9699261753630824e-05
7333,2.3866378462585667e-05,2.154486833659425e-05,1.94858933360064e-05,1.9698290948855662e-05
7334,2.3865274914628774e-05,2.1543831982878208e-05,1.948496170157911e-05,1.96973212363423e-05
7335,2.3864172626083696e-05,2.154279675931699e-05,1.948403113872182e-05,1.9696352615776122e-05
7336,2.3863071598865144e-05,2.1541762665388772e-05,1.9483101647268188e-05,1.9695385087029546e-05
7337,2.3861971830368313e-05,2.1540729701588816e-05,1.9482173226163883e-05,1.9694418649211264e-05
7338,2.3860873322142378e-05,2.153969786758769e-05,1.9481245877292358e-05,1.969345330287123e-05
7339,2.3859776073095246e-05,2.1538667162520107e-05,1.948031959869437e-05,1.969248904889363e-05
7340,2.3858680083845424e-05,2.1537637587618082e-05,1.9479394391112743e-05,1.9691525885207084e-05
7341,2.3857585353030518e-05,2.153660914148081e-05,1.9478470254005314e-05,1.9690563812777603e-05
7342,2.3856491881922153e-05,2.153558182527473e-05,1.9477547187500446e-05,1.96896028309893e-05
7343,2.385539966982567e-05,2.153455563746816e-05,1.947662519125603e-05,1.968864294030159e-05
7344,2.385430871601189e-05,2.153353057921926e-05,1.947570426554771e-05,1.9687684139868898e-05
7345,2.3853219020598035e-05,2.1532506649527392e-05,1.947478441019335e-05,1.9686726429867076e-05
7346,2.3852130583186196e-05,2.1531483848855914e-05,1.947386562464421e-05,1.9685769809717777e-05
7347,2.3851043404521757e-05,2.153046217599167e-05,1.947294791000741e-05,1.9684814280731503e-05
7348,2.384995748357151e-05,2.1529441631734804e-05,1.9472031264737597e-05,1.9683859840728336e-05
7349,2.384887282023081e-05,2.1528422216058856e-05,1.9471115689222745e-05,1.968290649098193e-05
7350,2.3847789415176816e-05,2.1527403929050265e-05,1.9470201182900415e-05,1.9681954231147193e-05
7351,2.3846707266586814e-05,2.1526386768954314e-05,1.946928774719376e-05,1.9681003060757028e-05
7352,2.3845626375968603e-05,2.1525370737370224e-05,1.9468375380494914e-05,1.9680052979917794e-05
7353,2.3844546742552573e-05,2.152435583339736e-05,1.9467464083147395e-05,1.967910398793577e-05
7354,2.3843468365601086e-05,2.152334205723735e-05,1.9466553855199537e-05,1.9678156085632612e-05
7355,2.3842391245922785e-05,2.1522329408751675e-05,1.946564469625623e-05,1.9677209272138503e-05
7356,2.3841315382736346e-05,2.1521317887604094e-05,1.946473660652152e-05,1.967626354785122e-05
7357,2.3840240775803973e-05,2.1520307493586295e-05,1.946382958572812e-05,1.9675318911905426e-05
7358,2.383916742536309e-05,2.1519298226842227e-05,1.9462923633675508e-05,1.9674375365128162e-05
7359,2.383809533095e-05,2.1518290086858312e-05,1.946201875042887e-05,1.9673432906298638e-05
7360,2.3837024492571246e-05,2.151728307451396e-05,1.9461114936086038e-05,1.9672491536278884e-05
7361,2.383595491004568e-05,2.1516277188499017e-05,1.9460212189890865e-05,1.9671551253924664e-05
7362,2.383488658302727e-05,2.1515272429045285e-05,1.9459310512232735e-05,1.967061205968933e-05
7363,2.3833819511506992e-05,2.1514268796006406e-05,1.9458409903511076e-05,1.966967395361779e-05
7364,2.3832753695602916e-05,2.151326628983578e-05,1.945751036254423e-05,1.9668736935970318e-05
7365,2.383168913401409e-05,2.1512264909973417e-05,1.9456611889512662e-05,1.9667801005159604e-05
7366,2.383062582786416e-05,2.151126465626694e-05,1.9455714484832937e-05,1.9666866162008905e-05
7367,2.382956377648836e-05,2.1510265528507075e-05,1.945481814836542e-05,1.966593240667364e-05
7368,2.382850298001821e-05,2.1509267526912543e-05,1.9453922879499978e-05,1.9664999738602528e-05
7369,2.3827443437789317e-05,2.1508270651030485e-05,1.9453028678159302e-05,1.9664068157198103e-05
7370,2.3826385149817924e-05,2.150727490093982e-05,1.9452135544549176e-05,1.9663137663101006e-05
7371,2.3825328116178053e-05,2.15062802767263e-05,1.9451243478242742e-05,1.9662208255966487e-05
7372,2.382427233678885e-05,2.15052867776085e-05,1.9450352479661624e-05,1.9661279935458766e-05
7373,2.3823217810801657e-05,2.150429440406537e-05,1.9449462548527186e-05,1.9660352701981744e-05
7374,2.3822164538534656e-05,2.150330315583089e-05,1.9448573684744885e-05,1.9659426554415696e-05
7375,2.3821112519979612e-05,2.1502313032730605e-05,1.944768588775258e-05,1.965850149341889e-05
7376,2.382006175455643e-05,2.1501324034734273e-05,1.9446799158189778e-05,1.9657577518615018e-05
7377,2.381901224243375e-05,2.150033616193982e-05,1.944591349511971e-05,1.9656654629793752e-05
7378,2.3817963983493977e-05,2.1499349413874464e-05,1.944502889939685e-05,1.965573282734119e-05
7379,2.3816916977208822e-05,2.1498363790500575e-05,1.9444145370443007e-05,1.9654812110736395e-05
7380,2.3815871223850575e-05,2.1497379291613916e-05,1.94432629075324e-05,1.965389247997346e-05
7381,2.3814826722821477e-05,2.149639591717821e-05,1.944238151197521e-05,1.9652973934118847e-05
7382,2.3813783474513175e-05,2.1495413667331987e-05,1.9441501182230515e-05,1.965205647418401e-05
7383,2.3812741478356286e-05,2.149443254190303e-05,1.944062191932244e-05,1.965114010003478e-05
7384,2.3811700734357827e-05,2.1493452540387978e-05,1.9439743722717425e-05,1.9650224810305452e-05
7385,2.3810661242277233e-05,2.1492473663396744e-05,1.943886659196479e-05,1.96493106061784e-05
7386,2.3809623001920257e-05,2.1491495910095772e-05,1.9437990527752892e-05,1.9648397486534815e-05
7387,2.380858601320554e-05,2.1490519280385275e-05,1.9437115529137486e-05,1.9647485452058902e-05
7388,2.3807550275872775e-05,2.148954377515031e-05,1.9436241596680312e-05,1.964657450217084e-05
7389,2.3806515789856178e-05,2.1488569393127298e-05,1.943536873040437e-05,1.96456646372502e-05
7390,2.3805482555088275e-05,2.1487596134969062e-05,1.94344969294146e-05,1.9644755856600505e-05
7391,2.3804450571595067e-05,2.148662400002432e-05,1.943362619405325e-05,1.96438481601916e-05
7392,2.3803419838693344e-05,2.1485652988428244e-05,1.943275652434988e-05,1.96429415481342e-05
7393,2.380239035649865e-05,2.148468310043516e-05,1.943188792026072e-05,1.9642036020249428e-05
7394,2.380136212497974e-05,2.148371433506904e-05,1.9431020381337766e-05,1.964113157604722e-05
7395,2.3800335143929755e-05,2.1482746693349792e-05,1.9430153907827894e-05,1.964022821586157e-05
7396,2.379930941294139e-05,2.148178017436427e-05,1.942928849942896e-05,1.9639325939432107e-05
7397,2.3798284932041118e-05,2.1480814778111124e-05,1.9428424156126865e-05,1.963842474640499e-05
7398,2.379726170131034e-05,2.1479850504990778e-05,1.942756087814318e-05,1.9637524637330265e-05
7399,2.3796239720275928e-05,2.1478887354354722e-05,1.942669866494491e-05,1.9636625611321438e-05
7400,2.379521898893508e-05,2.147792532627968e-05,1.9425837516547584e-05,1.9635727668667276e-05
7401,2.379419950690531e-05,2.1476964420999433e-05,1.942497743320614e-05,1.9634830808953313e-05
7402,2.379318127444505e-05,2.1476004637722033e-05,1.9424118413947585e-05,1.9633935032212962e-05
7403,2.3792164291213224e-05,2.1475045976933673e-05,1.9423260459909215e-05,1.9633040338711368e-05
7404,2.379114855673811e-05,2.147408843827211e-05,1.9422403569763865e-05,1.96321467275127e-05
7405,2.379013407140221e-05,2.1473132021990863e-05,1.942154774467441e-05,1.9631254199529162e-05
7406,2.3789120834767992e-05,2.147217672739907e-05,1.94206929837742e-05,1.9630362753542797e-05
7407,2.378810884697755e-05,2.1471222554755114e-05,1.941983928698596e-05,1.9629472390200383e-05
7408,2.3787098107354944e-05,2.1470269504162073e-05,1.9418986654229275e-05,1.9628583109188592e-05
7409,2.3786088616428908e-05,2.146931757550196e-05,1.9418135086009073e-05,1.962769491043329e-05
7410,2.3785080373275086e-05,2.1468366768127752e-05,1.9417284581288663e-05,1.962680779357543e-05
7411,2.3784073378191352e-05,2.1467417082187153e-05,1.9416435140876922e-05,1.962592175888803e-05
7412,2.3783067631404884e-05,2.1466468518490843e-05,1.94155867641027e-05,1.9625036806023303e-05
7413,2.378206313190548e-05,2.1465521075722652e-05,1.9414739451151624e-05,1.9624152934344e-05
7414,2.3781059880192667e-05,2.1464574754428306e-05,1.9413893201938565e-05,1.962327014490696e-05
7415,2.3780057875867184e-05,2.1463629554166374e-05,1.941304801643071e-05,1.9622388437054948e-05
7416,2.3779057118894918e-05,2.146268547505974e-05,1.941220389402514e-05,1.962150781021912e-05
7417,2.3778057609127174e-05,2.1461742517198422e-05,1.9411360835256173e-05,1.9620628264768906e-05
7418,2.3777059346269553e-05,2.1460800680420363e-05,1.9410518839894857e-05,1.9619749800417822e-05
7419,2.3776062330356314e-05,2.1459859964279463e-05,1.9409677908078722e-05,1.9618872416916196e-05
7420,2.3775066561323783e-05,2.1458920369136288e-05,1.9408838039535473e-05,1.9617996114610442e-05
7421,2.377407203855398e-05,2.145798189455078e-05,1.9407999233810077e-05,1.9617120892972152e-05
7422,2.3773078762355607e-05,2.145704454088621e-05,1.9407161490977016e-05,1.9616246752195797e-05
7423,2.377208673267001e-05,2.1456108307420903e-05,1.940632481118979e-05,1.961537369168517e-05
7424,2.3771095949142837e-05,2.1455173194827685e-05,1.9405489194379817e-05,1.961450171194875e-05
7425,2.37701064114345e-05,2.145423920245467e-05,1.940465464058185e-05,1.9613630812581837e-05
7426,2.376911811975678e-05,2.1453306330453973e-05,1.9403821149388185e-05,1.961276099337233e-05
7427,2.376813107385673e-05,2.1452374578874294e-05,1.94029887208056e-05,1.9611892254443076e-05
7428,2.3767145273497643e-05,2.1451443947502537e-05,1.9402157354758125e-05,1.9611024595412345e-05
7429,2.3766160718550182e-05,2.1450514435940142e-05,1.940132705137922e-05,1.9610158016313915e-05
7430,2.376517740899278e-05,2.144958604459968e-05,1.940049781031177e-05,1.9609292517119944e-05
7431,2.376419534463782e-05,2.1448658773080847e-05,1.9399669631665708e-05,1.960842809757695e-05
7432,2.376321452539485e-05,2.1447732621790978e-05,1.9398842515344362e-05,1.960756475745672e-05
7433,2.37622349511694e-05,2.1446807590163652e-05,1.9398016461151526e-05,1.9606702497095876e-05
7434,2.3761256621505314e-05,2.1445883678173644e-05,1.939719146907644e-05,1.960584131608229e-05
7435,2.3760279536502886e-05,2.1444960885873476e-05,1.939636753927292e-05,1.960498121440171e-05
7436,2.375930369623394e-05,2.1444039213480062e-05,1.9395544671439617e-05,1.960412219175188e-05
7437,2.375832910020238e-05,2.1443118660191832e-05,1.939472286535225e-05,1.960326424829682e-05
7438,2.3757355748309686e-05,2.1442199226584237e-05,1.939390212122066e-05,1.9602407383651203e-05
7439,2.3756383640752566e-05,2.1441280912255768e-05,1.939308243892398e-05,1.9601551598081316e-05
7440,2.3755412776920472e-05,2.1440363717562106e-05,1.9392263818203035e-05,1.9600696891016562e-05
7441,2.3754443157145674e-05,2.1439447641822738e-05,1.9391446259331694e-05,1.9599843262892748e-05
7442,2.3753474780982146e-05,2.1438532685607833e-05,1.939062976192706e-05,1.959899071314387e-05
7443,2.3752507648554485e-05,2.143761884823813e-05,1.9389814326211558e-05,1.959813924172499e-05
7444,2.375154175916764e-05,2.1436706129892774e-05,1.938899995141386e-05,1.9597288848782284e-05
7445,2.3750577113379347e-05,2.143579453095139e-05,1.9388186638526873e-05,1.959643953403078e-05
7446,2.3749613710760832e-05,2.1434884050509896e-05,1.9387374386811086e-05,1.9595591297311544e-05
7447,2.3748651551202704e-05,2.143397468904517e-05,1.9386563196162047e-05,1.959474413901527e-05
7448,2.3747690634516652e-05,2.1433066446458917e-05,1.938575306694649e-05,1.959389805807013e-05
7449,2.3746730960631903e-05,2.14321593227981e-05,1.9384943998607337e-05,1.9593053055561284e-05
7450,2.3745772529303532e-05,2.143125331753405e-05,1.9384135991405534e-05,1.9592209130318594e-05
7451,2.3744815340610208e-05,2.1430348431146277e-05,1.9383329044947916e-05,1.959136628269419e-05
7452,2.374385939422482e-05,2.1429444663228863e-05,1.9382523159671764e-05,1.9590524512833933e-05
7453,2.3742904690178143e-05,2.1428542013920954e-05,1.9381718335239124e-05,1.9589683820095233e-05
7454,2.3741951228091837e-05,2.142764048305822e-05,1.9380914571523265e-05,1.9588844205029077e-05
7455,2.3740999008239173e-05,2.1426740070501926e-05,1.938011186850502e-05,1.9588005667195137e-05
7456,2.3740048030140547e-05,2.142584077638309e-05,1.9379310226187585e-05,1.9587168206237076e-05
7457,2.373909829384409e-05,2.1424942600455436e-05,1.9378509644332917e-05,1.958633182242944e-05
7458,2.3738149799180275e-05,2.142404554284168e-05,1.9377710123150662e-05,1.9585496515485532e-05
7459,2.3737202546057102e-05,2.1423149603624585e-05,1.9376911662316702e-05,1.9584662285466077e-05
7460,2.3736256534031042e-05,2.1422254782144495e-05,1.9376114261904116e-05,1.9583829132241467e-05
7461,2.3735311763530572e-05,2.1421361079074298e-05,1.9375317921814786e-05,1.9582997055490762e-05
7462,2.3734368233972943e-05,2.142046849394692e-05,1.937452264195602e-05,1.95821660553355e-05
7463,2.3733425945395747e-05,2.141957702675537e-05,1.9373728422344777e-05,1.9581336131685478e-05
7464,2.373248489778389e-05,2.1418686677500445e-05,1.9372935262933827e-05,1.9580507284177036e-05
7465,2.373154509087147e-05,2.141779744610881e-05,1.9372143163419867e-05,1.9579679513058794e-05
7466,2.3730606524652834e-05,2.1416909332599558e-05,1.9371352124111148e-05,1.9578852818159348e-05
7467,2.3729669198700485e-05,2.141602233688463e-05,1.937056214475236e-05,1.9578027199252302e-05
7468,2.3728733113286878e-05,2.1415136458933096e-05,1.9369773225429157e-05,1.957720265649993e-05
7469,2.372779826801975e-05,2.141425169870503e-05,1.936898536578083e-05,1.9576379189416767e-05
7470,2.3726864662983357e-05,2.141336805606871e-05,1.936819856592691e-05,1.9575556798146585e-05
7471,2.372593229789647e-05,2.141248553114384e-05,1.9367412825957216e-05,1.957473548259446e-05
7472,2.3725001172778418e-05,2.141160412366539e-05,1.9366628145578233e-05,1.957391524270817e-05
7473,2.3724071287261157e-05,2.1410723833805143e-05,1.9365844524845023e-05,1.9573096078344784e-05
7474,2.37231426414561e-05,2.1409844661408275e-05,1.9365061963640116e-05,1.957227798913674e-05
7475,2.3722215235044222e-05,2.1408966606343583e-05,1.9364280461960144e-05,1.957146097534528e-05
7476,2.372128906814744e-05,2.1408089668860023e-05,1.9363500019714138e-05,1.9570645036864028e-05
7477,2.3720364140539448e-05,2.1407213848802683e-05,1.9362720636882662e-05,1.9569830173536504e-05
7478,2.371944045201652e-05,2.1406339145789717e-05,1.936194231340848e-05,1.9569016385344916e-05
7479,2.3718518002517662e-05,2.1405465560201433e-05,1.9361165049307568e-05,1.956820367192017e-05
7480,2.3717596791954352e-05,2.1404593091942166e-05,1.936038884437582e-05,1.9567392033540204e-05
7481,2.3716676820170307e-05,2.1403721740859516e-05,1.9359613698632594e-05,1.9566581469748224e-05
7482,2.371575808699724e-05,2.1402851507091182e-05,1.9358839612013124e-05,1.95657719807644e-05
7483,2.3714840592447537e-05,2.1401982390162878e-05,1.93580665844385e-05,1.9564963566491886e-05
7484,2.3713924336350863e-05,2.1401114390489106e-05,1.935729461602736e-05,1.9564156226638425e-05
7485,2.3713009318490154e-05,2.140024750799361e-05,1.935652370632481e-05,1.9563349961171637e-05
7486,2.3712095538851447e-05,2.1399381742416364e-05,1.935575385573763e-05,1.9562544770181487e-05
7487,2.371118299745867e-05,2.1398517093905676e-05,1.935498506399385e-05,1.9561740653217855e-05
7488,2.3710271693858575e-05,2.139765356238371e-05,1.9354217331078597e-05,1.956093761055086e-05
7489,2.37093616282669e-05,2.1396791147846172e-05,1.935345065689425e-05,1.9560135641971944e-05
7490,2.370845280024269e-05,2.1395929850227345e-05,1.935268504144742e-05,1.9559334747495657e-05
7491,2.370754520997664e-05,2.139506966965592e-05,1.9351920484729442e-05,1.955853492679691e-05
7492,2.370663885715569e-05,2.1394210605842897e-05,1.935115698657016e-05,1.9557736179999468e-05
7493,2.3705733741759982e-05,2.1393352658815727e-05,1.935039454697608e-05,1.9556938506874236e-05
7494,2.3704829863690392e-05,2.139249582868581e-05,1.934963316598718e-05,1.9556141907397068e-05
7495,2.370392722275075e-05,2.1391640115310996e-05,1.9348872843365786e-05,1.955534638159653e-05
7496,2.370302581876922e-05,2.1390785518833383e-05,1.934811357927527e-05,1.9554551929127838e-05
7497,2.3702125651853442e-05,2.138993203902696e-05,1.9347355373429004e-05,1.9553758550262527e-05
7498,2.3701226721698953e-05,2.1389079675978636e-05,1.9346598226024843e-05,1.9552966244552555e-05
7499,2.3700329028281194e-05,2.1388228429694125e-05,1.9345842136982658e-05,1.9552175012285932e-05
7500,2.3699432571539103e-05,2.1387378300038373e-05,1.9345087106047044e-05,1.955138485292262e-05
7501,2.3698537351281736e-05,2.1386529287031634e-05,1.9344333133357827e-05,1.9550595766932262e-05
7502,2.3697643367334102e-05,2.138568139070259e-05,1.9343580218879393e-05,1.9549807753765824e-05
7503,2.3696750619682426e-05,2.1384834611009326e-05,1.9342828362523058e-05,1.9549020813471215e-05
7504,2.3695859108174946e-05,2.138398894804781e-05,1.9342077564081987e-05,1.954823494610794e-05
7505,2.36949688328303e-05,2.138314440168504e-05,1.9341327823849382e-05,1.9547450151571828e-05
7506,2.3694079793359685e-05,2.1382300971863696e-05,1.9340579141383282e-05,1.9546666429612093e-05
7507,2.369319198977183e-05,2.1381458658663245e-05,1.9339831517014446e-05,1.9545883780402343e-05
7508,2.3692305421877706e-05,2.138061746194557e-05,1.9339084950584957e-05,1.954510220363447e-05
7509,2.3691420089546266e-05,2.137977738180081e-05,1.933833944187896e-05,1.9544321699262082e-05
7510,2.369053599284264e-05,2.1378938418239025e-05,1.933759499106368e-05,1.954354226731539e-05
7511,2.3689653131476274e-05,2.137810057125388e-05,1.9336851598016595e-05,1.9542763907618887e-05
7512,2.3688771505476906e-05,2.137726384080687e-05,1.933610926256676e-05,1.9541986620120903e-05
7513,2.3687891114537136e-05,2.137642822671859e-05,1.9335367984968323e-05,1.954121040484888e-05
7514,2.3687011958788027e-05,2.137559372935153e-05,1.933462776486315e-05,1.9540435261516685e-05
7515,2.3686134038001903e-05,2.137476034841579e-05,1.93338886025659e-05,1.9539661190311273e-05
7516,2.3685257352138522e-05,2.1373928083895705e-05,1.9333150497661607e-05,1.9538888190957104e-05
7517,2.3684381900958606e-05,2.137309693595781e-05,1.9332413450388997e-05,1.953811626341485e-05
7518,2.3683507684478004e-05,2.1372266904465995e-05,1.9331677460536066e-05,1.9537345407652925e-05
7519,2.3682634702648628e-05,2.1371437989464866e-05,1.933094252829209e-05,1.9536575623617782e-05
7520,2.3681762955161775e-05,2.1370610190932213e-05,1.9330208653290493e-05,1.9535806911223184e-05
7521,2.3680892442045584e-05,2.1369783508918435e-05,1.932947583572355e-05,1.9535039270316144e-05
7522,2.3680023163253213e-05,2.136895794349555e-05,1.9328744075506357e-05,1.9534272700869674e-05
7523,2.3679155118559004e-05,2.136813349438002e-05,1.9328013372508526e-05,1.9533507202826343e-05
7524,2.3678288307937748e-05,2.1367310161891376e-05,1.9327283727005794e-05,1.953274277616956e-05
7525,2.3677422731243098e-05,2.1366487945778e-05,1.9326555138499197e-05,1.953197942066503e-05
7526,2.3676558388421254e-05,2.136566684623089e-05,1.932582760736404e-05,1.9531217136411316e-05
7527,2.367569527926719e-05,2.13648468632061e-05,1.9325101133265196e-05,1.9530455923273904e-05
7528,2.3674833403789238e-05,2.136402799661157e-05,1.932437571644767e-05,1.9529695781141987e-05
7529,2.367397276185983e-05,2.136321024654076e-05,1.9323651356598037e-05,1.9528936710006622e-05
7530,2.3673113353414554e-05,2.1362393613031583e-05,1.9322928053937348e-05,1.9528178709774565e-05
7531,2.3672255178273006e-05,2.136157809591721e-05,1.9322205808134734e-05,1.952742178037235e-05
7532,2.3671398236356053e-05,2.1360763695473314e-05,1.932148461943158e-05,1.9526665921715793e-05
7533,2.3670542527610925e-05,2.1359950411591333e-05,1.9320764487630425e-05,1.9525911133805868e-05
7534,2.3669688051907e-05,2.1359138244272932e-05,1.9320045412851307e-05,1.9525157416432994e-05
7535,2.3668834809166657e-05,2.1358327193325725e-05,1.9319327394971365e-05,1.9524404769726872e-05
7536,2.3667982799259844e-05,2.1357517259185455e-05,1.93186104339514e-05,1.9523653193422476e-05
7537,2.3667132022085422e-05,2.1356708441555264e-05,1.9317894529770466e-05,1.952290268762121e-05
7538,2.366628247758595e-05,2.1355900740463483e-05,1.931717968232274e-05,1.952215325215975e-05
7539,2.3665434165653663e-05,2.13550941561319e-05,1.9316465891754045e-05,1.9521404887032865e-05
7540,2.3664587086161487e-05,2.1354288688349328e-05,1.931575315791088e-05,1.9520657591993126e-05
7541,2.3663741239050933e-05,2.1353484337267108e-05,1.931504148080317e-05,1.9519911367279753e-05
7542,2.3662896624216698e-05,2.1352681102822347e-05,1.9314330860406704e-05,1.9519166212616533e-05
7543,2.366205324150701e-05,2.1351878985133437e-05,1.931362129659634e-05,1.951842212790456e-05
7544,2.3661211090906747e-05,2.1351077984125118e-05,1.9312912789523776e-05,1.9517679113239042e-05
7545,2.3660370172353535e-05,2.1350278099821113e-05,1.9312205339030217e-05,1.9516937168513445e-05
7546,2.3659530485626067e-05,2.134947933238737e-05,1.9311498945076724e-05,1.9516196293545475e-05
7547,2.3658692030749037e-05,2.1348681681666345e-05,1.9310793607742944e-05,1.9515456488472367e-05
7548,2.365785480753591e-05,2.134788514777137e-05,1.9310089326934104e-05,1.951471775299832e-05
7549,2.3657018815925842e-05,2.1347089730729002e-05,1.930938610262162e-05,1.9513980087218175e-05
7550,2.365618405587065e-05,2.1346295430520927e-05,1.930868393473424e-05,1.9513243491071192e-05
7551,2.3655350527248032e-05,2.1345502247201825e-05,1.9307982823447877e-05,1.9512507964405577e-05
7552,2.3654518229925838e-05,2.1344710180882974e-05,1.9307282768423555e-05,1.9511773507308155e-05
7553,2.3653687163871017e-05,2.134391923138261e-05,1.9306583769961276e-05,1.951104011951857e-05
7554,2.365285732897876e-05,2.134312939899626e-05,1.930588582778993e-05,1.9510307801111945e-05
7555,2.3652028725128748e-05,2.1342340683537143e-05,1.9305188942006286e-05,1.950957655203187e-05
7556,2.3651201352279174e-05,2.134155308515212e-05,1.930449311254949e-05,1.9508846372205228e-05
7557,2.365037521030451e-05,2.134076660383424e-05,1.9303798339460984e-05,1.95081172615268e-05
7558,2.3649550299112133e-05,2.133998123966396e-05,1.930310462261832e-05,1.950738921993469e-05
7559,2.3648726618636846e-05,2.13391969926281e-05,1.9302411962066046e-05,1.9506662247458856e-05
7560,2.3647904168769003e-05,2.133841386277651e-05,1.9301720357810413e-05,1.950593634395473e-05
7561,2.3647082949461762e-05,2.1337631850176106e-05,1.930102980969681e-05,1.950521150944615e-05
7562,2.3646262960565497e-05,2.1336850954776706e-05,1.9300340317847736e-05,1.9504487743792178e-05
7563,2.3645444202015192e-05,2.133607117671373e-05,1.9299651882200092e-05,1.9503765046949327e-05
7564,2.3644626673764638e-05,2.133529251605731e-05,1.929896450268533e-05,1.950304341890373e-05
7565,2.3643810375662852e-05,2.1334514972727265e-05,1.9298278179360485e-05,1.950232285963038e-05
7566,2.364299530768695e-05,2.1333738546805957e-05,1.9297592912112868e-05,1.950160336897144e-05
7567,2.3642181469698157e-05,2.1332963238437504e-05,1.929690870109546e-05,1.9500884946931157e-05
7568,2.364136886164131e-05,2.1332189047497148e-05,1.9296225546044965e-05,1.9500167593482725e-05
7569,2.364055748341787e-05,2.133141597418774e-05,1.9295543447210085e-05,1.949945130852165e-05
7570,2.3639747334949576e-05,2.133064401848597e-05,1.9294862404294216e-05,1.949873609203988e-05
7571,2.3638938416148668e-05,2.1329873180455196e-05,1.9294182417543248e-05,1.949802194395219e-05
7572,2.3638130726937613e-05,2.1329103460050967e-05,1.9293503486783014e-05,1.949730886414321e-05
7573,2.3637324267207423e-05,2.1328334857526415e-05,1.9292825612024555e-05,1.9496596852757868e-05
7574,2.3636519036913176e-05,2.1327567372737745e-05,1.9292148793286002e-05,1.949588590954101e-05
7575,2.3635715035928955e-05,2.132680100588021e-05,1.9291473030528846e-05,1.9495176034532446e-05
7576,2.363491226423173e-05,2.132603575689623e-05,1.9290798323726102e-05,1.9494467227662908e-05
7577,2.3634110721649495e-05,2.1325271625890546e-05,1.9290124672911843e-05,1.9493759488896342e-05
7578,2.363331040820971e-05,2.132450861293984e-05,1.9289452078001564e-05,1.9493052818145814e-05
7579,2.3632511323739328e-05,2.1323746718082474e-05,1.9288780539059926e-05,1.9492347215442818e-05
7580,2.3631713468236196e-05,2.1322985941362004e-05,1.9288110055981095e-05,1.9491642680648104e-05
7581,2.363091684156895e-05,2.1322226282817967e-05,1.9287440628826706e-05,1.94909392137962e-05
7582,2.3630121443612347e-05,2.1321467742602806e-05,1.9286772257576847e-05,1.949023681471399e-05
7583,2.362932727439817e-05,2.1320710320636063e-05,1.928610494220839e-05,1.948953548352632e-05
7584,2.3628534333787057e-05,2.1319954017113017e-05,1.928543868272236e-05,1.9488835220028434e-05
7585,2.3627742621664964e-05,2.1319198832068344e-05,1.928477347908316e-05,1.9488136024246114e-05
7586,2.362695213799427e-05,2.1318444765507323e-05,1.9284109331265128e-05,1.948743789616554e-05
7587,2.3626162882709162e-05,2.1317691817547354e-05,1.9283446239301714e-05,1.9486740835650953e-05
7588,2.3625374855728064e-05,2.1316939988217957e-05,1.928278420316007e-05,1.948604484276195e-05
7589,2.3624588056951132e-05,2.1316189277645753e-05,1.9282123222799504e-05,1.9485349917352456e-05
7590,2.3623802486307295e-05,2.131543968587754e-05,1.9281463298329046e-05,1.9484656059463698e-05
7591,2.3623018143701725e-05,2.131469121292504e-05,1.9280804429588535e-05,1.9483963268972586e-05
7592,2.36222350291212e-05,2.1313943858929678e-05,1.9280146616682962e-05,1.9483271545937852e-05
7593,2.3621453142402826e-05,2.1313197623961016e-05,1.9279489859539552e-05,1.9482580890177483e-05
7594,2.3620672483536357e-05,2.1312452508031454e-05,1.927883415816067e-05,1.9481891301766247e-05
7595,2.3619893052440516e-05,2.131170851129431e-05,1.9278179512578753e-05,1.9481202780616207e-05
7596,2.3619114848997685e-05,2.131096563376941e-05,1.927752592273476e-05,1.948051532664187e-05
7597,2.361833787318434e-05,2.13102238755644e-05,1.927687338870322e-05,1.947982893988872e-05
7598,2.3617562124909362e-05,2.130948323676475e-05,1.927622191035023e-05,1.9479143620293248e-05
7599,2.3616787604058743e-05,2.130874371740466e-05,1.9275571487788805e-05,1.947845936775318e-05
7600,2.3616014310632224e-05,2.1308005317595604e-05,1.9274922120964092e-05,1.9477776182301246e-05
7601,2.3615242244491963e-05,2.130726803742381e-05,1.9274273809861444e-05,1.9477094063880017e-05
7602,2.361447140560746e-05,2.1306531876969167e-05,1.9273626554483674e-05,1.947641301239184e-05
7603,2.3613701793877222e-05,2.130579683635875e-05,1.927298035485936e-05,1.9475733027889096e-05
7604,2.3612933409245682e-05,2.1305062915581534e-05,1.927233521094315e-05,1.9475054110275843e-05
7605,2.3612166251636742e-05,2.1304330114783797e-05,1.9271691122757113e-05,1.9474376259472862e-05
7606,2.3611400320993136e-05,2.130359843406075e-05,1.927104809029188e-05,1.9473699475568675e-05
7607,2.36106356172155e-05,2.130286787351448e-05,1.9270406113542873e-05,1.947302375840158e-05
7608,2.3609872140282045e-05,2.1302138433147527e-05,1.9269765192502963e-05,1.9472349108026876e-05
7609,2.3609109890053566e-05,2.1301410113163842e-05,1.9269125327201208e-05,1.9471675524331497e-05
7610,2.3608348866517382e-05,2.130068291359704e-05,1.926848651758081e-05,1.9471003007332143e-05
7611,2.3607589069585827e-05,2.1299956834528975e-05,1.9267848763680186e-05,1.9470331556965407e-05
7612,2.3606830499166146e-05,2.1299231876116727e-05,1.9267212065518314e-05,1.946966117321681e-05
7613,2.36060731552571e-05,2.1298508038402517e-05,1.926657642305752e-05,1.946899185604248e-05
7614,2.3605317037712484e-05,2.1297785321489024e-05,1.926594183629453e-05,1.946832360538526e-05
7615,2.360456214651147e-05,2.1297063725479107e-05,1.9265308305268816e-05,1.9467656421271755e-05
7616,2.3603808481573868e-05,2.1296343250509654e-05,1.9264675829947632e-05,1.9466990303582888e-05
7617,2.3603056042832546e-05,2.1295623896658073e-05,1.926404441035968e-05,1.946632525236251e-05
7618,2.3602304830204127e-05,2.1294905663989048e-05,1.926341404646691e-05,1.946566126754257e-05
7619,2.36015548436604e-05,2.1294188552627748e-05,1.9262784738293643e-05,1.9464998349097618e-05
7620,2.36008060831158e-05,2.129347256273855e-05,1.9262156485870072e-05,1.9464336496988102e-05
7621,2.3600058548511858e-05,2.1292757694351284e-05,1.9261529289194142e-05,1.9463675711209506e-05
7622,2.3599312239750235e-05,2.129204394762543e-05,1.9260903148240665e-05,1.9463015991699413e-05
7623,2.359856715680612e-05,2.129133132260345e-05,1.9260278062989313e-05,1.946235733842177e-05
7624,2.3597823299605043e-05,2.129061981950372e-05,1.925965403351784e-05,1.9461699751390514e-05
7625,2.359708066809509e-05,2.1289909438362873e-05,1.9259031059779033e-05,1.9461043230550635e-05
7626,2.3596339262183805e-05,2.1289200179284016e-05,1.9258409141803473e-05,1.9460387775862226e-05
7627,2.359559908181723e-05,2.128849204240321e-05,1.9257788279579478e-05,1.9459733387299587e-05
7628,2.3594860126947868e-05,2.1287785027846573e-05,1.9257168473119728e-05,1.9459080064851705e-05
7629,2.3594122397505937e-05,2.128707913574019e-05,1.9256549722440013e-05,1.945842780849645e-05
7630,2.359338589341123e-05,2.1286374366158173e-05,1.9255932027559627e-05,1.945777661816327e-05
7631,2.3592650614630344e-05,2.1285670719260436e-05,1.925531538844811e-05,1.9457126493871994e-05
7632,2.3591916561090966e-05,2.1284968195162987e-05,1.9254699805134152e-05,1.945647743556313e-05
7633,2.3591183732718877e-05,2.1284266793941128e-05,1.925408527760702e-05,1.9455829443251247e-05
7634,2.359045212948569e-05,2.1283566515812867e-05,1.9253471805891336e-05,1.9455182516871794e-05
7635,2.3589721751291444e-05,2.1282867360792927e-05,1.925285939002286e-05,1.945453665642093e-05
7636,2.358899259812131e-05,2.1282169329083074e-05,1.9252248029954514e-05,1.9453891861865828e-05
7637,2.358826466988364e-05,2.1281472420802285e-05,1.9251637725756384e-05,1.945324813319465e-05
7638,2.358753796652482e-05,2.1280776636038557e-05,1.9251028477386118e-05,1.9452605470360663e-05
7639,2.3586812487990733e-05,2.1280081974980704e-05,1.9250420284907747e-05,1.9451963873347108e-05
7640,2.3586088234246316e-05,2.127938843770838e-05,1.9249813148263816e-05,1.945132334216268e-05
7641,2.3585365205180434e-05,2.1278696024390906e-05,1.9249207067512325e-05,1.945068387674309e-05
7642,2.3584643400775122e-05,2.1278004735136723e-05,1.924860204265717e-05,1.9450045477092603e-05
7643,2.3583922820974073e-05,2.1277314570080714e-05,1.9247998073724386e-05,1.944940814317414e-05
7644,2.358320346571072e-05,2.1276625529401688e-05,1.9247395160707257e-05,1.9448771874969764e-05
7645,2.3582485334925422e-05,2.1275937613191815e-05,1.924679330361196e-05,1.9448136672470468e-05
7646,2.3581768428572184e-05,2.127525082161321e-05,1.924619250246731e-05,1.944750253567269e-05
7647,2.358105274658619e-05,2.1274565154782758e-05,1.924559275729191e-05,1.9446869464497764e-05
7648,2.3580338288929077e-05,2.1273880612883013e-05,1.9244994068093778e-05,1.9446237458976357e-05
7649,2.3579625055518628e-05,2.1273197196025477e-05,1.9244396434863663e-05,1.9445606519092993e-05
7650,2.35789130463346e-05,2.1272514904363625e-05,1.924379985765965e-05,1.9444976644793862e-05
7651,2.3578202261303748e-05,2.1271833738055408e-05,1.9243204336455273e-05,1.9444347836076456e-05
7652,2.3577492700356315e-05,2.1271153697221627e-05,1.9242609871308724e-05,1.9443720092940907e-05
7653,2.357678436348003e-05,2.127047478206094e-05,1.9242016462186476e-05,1.944309341536435e-05
7654,2.3576077250588368e-05,2.126979699267228e-05,1.924142410914988e-05,1.944246780330716e-05
7655,2.3575371361646008e-05,2.1269120329232566e-05,1.9240832812197014e-05,1.9441843256778257e-05
7656,2.3574666696609545e-05,2.126844479190514e-05,1.9240242571333793e-05,1.944121977576926e-05
7657,2.357396325539962e-05,2.1267770380812923e-05,1.9239653386587107e-05,1.9440597360227124e-05
7658,2.3573261037990305e-05,2.126709709614685e-05,1.9239065257995856e-05,1.9439976010188266e-05
7659,2.357256004431866e-05,2.126642493805163e-05,1.923847818555926e-05,1.94393557255889e-05
7660,2.3571860274343808e-05,2.1265753906682902e-05,1.9237892169283847e-05,1.943873650644774e-05
7661,2.357116172800361e-05,2.1265084002211038e-05,1.9237307209215866e-05,1.94381183527582e-05
7662,2.3570464405248723e-05,2.1264415224787765e-05,1.9236723305344323e-05,1.9437501264480987e-05
7663,2.3569768306054283e-05,2.1263747574575496e-05,1.9236140457729042e-05,1.9436885241603452e-05
7664,2.356907343034387e-05,2.126308105176096e-05,1.9235558666347495e-05,1.943627028414114e-05
7665,2.3568379778087273e-05,2.1262415656482965e-05,1.9234977931253408e-05,1.9435656392072568e-05
7666,2.3567687349228814e-05,2.126175138893342e-05,1.923439825244385e-05,1.9435043565377972e-05
7667,2.356699614372091e-05,2.126108824926283e-05,1.9233819629967924e-05,1.943443180406094e-05
7668,2.356630616151205e-05,2.126042623766498e-05,1.923324206381208e-05,1.9433821108097072e-05
7669,2.356561740256904e-05,2.125976535429078e-05,1.9232665554041947e-05,1.9433211477482127e-05
7670,2.3564929866838544e-05,2.1259105599320396e-05,1.9232090100630568e-05,1.943260291220882e-05
7671,2.356424355428439e-05,2.1258446972934622e-05,1.923151570364543e-05,1.9431995412276674e-05
7672,2.3563558464844164e-05,2.125778947531912e-05,1.923094236308572e-05,1.9431388977671275e-05
7673,2.3562874598482838e-05,2.1257133106634747e-05,1.9230370078968197e-05,1.9430783608385687e-05
7674,2.3562191955146544e-05,2.125647786708068e-05,1.922979885134696e-05,1.9430179304410846e-05
7675,2.3561510534808338e-05,2.125582375681819e-05,1.922922868022991e-05,1.9429576065745453e-05
7676,2.3560830337409844e-05,2.125517077604763e-05,1.9228659565631183e-05,1.9428973892387783e-05
7677,2.3560151362918342e-05,2.125451892493505e-05,1.9228091507581016e-05,1.942837278431367e-05
7678,2.355947361128756e-05,2.125386820369082e-05,1.9227524506131924e-05,1.942777274153664e-05
7679,2.355879708246434e-05,2.125321861249063e-05,1.9226958561264555e-05,1.9427173764047837e-05
7680,2.3558121776423994e-05,2.125257015152484e-05,1.922639367304787e-05,1.942657585184294e-05
7681,2.355744769311222e-05,2.1251922820983414e-05,1.9225829841489615e-05,1.9425979004922043e-05
7682,2.3556774832497828e-05,2.1251276621060402e-05,1.922526706660102e-05,1.9425383223280405e-05
7683,2.3556103194530357e-05,2.1250631551954957e-05,1.922470534843932e-05,1.942478850690282e-05
7684,2.3555432779180752e-05,2.1249987613854083e-05,1.9224144687016448e-05,1.9424194855819125e-05
7685,2.3554763586395572e-05,2.124934480696992e-05,1.922358508236562e-05,1.942360226999015e-05
7686,2.3554095616143572e-05,2.124870313148456e-05,1.922302653451252e-05,1.942301074944055e-05
7687,2.355342886838837e-05,2.124806258760866e-05,1.9222469043489002e-05,1.9422420294168034e-05
7688,2.3552763343082067e-05,2.124742317553876e-05,1.9221912609322853e-05,1.9421830904167406e-05
7689,2.3552099040196438e-05,2.1246784895486485e-05,1.9221357232054828e-05,1.9421242579426607e-05
7690,2.3551435959683178e-05,2.124614774765206e-05,1.9220802911695855e-05,1.942065531996736e-05
7691,2.3550774101510326e-05,2.124551173223835e-05,1.9220249648282487e-05,1.9420069125785625e-05
7692,2.355011346564101e-05,2.1244876849467342e-05,1.9219697441858298e-05,1.9419483996879235e-05
7693,2.3549454052036737e-05,2.1244243099540005e-05,1.921914629243333e-05,1.9418899933254246e-05
7694,2.3548795860671025e-05,2.124361048266452e-05,1.921859620006239e-05,1.941831693491755e-05
7695,2.35481388914942e-05,2.1242978999067748e-05,1.921804716476771e-05,1.9417735001863704e-05
7696,2.354748314448046e-05,2.1242348648960523e-05,1.9217499186573888e-05,1.941715413411304e-05
7697,2.3546828619583137e-05,2.1241719432547246e-05,1.9216952265533317e-05,1.9416574331653818e-05
7698,2.354617531678334e-05,2.1241091350058576e-05,1.9216406401653785e-05,1.9415995594484238e-05
7699,2.3545523236035248e-05,2.1240464401712252e-05,1.9215861594983376e-05,1.9415417922634612e-05
7700,2.35448723773068e-05,2.1239838587735044e-05,1.9215317845560796e-05,1.9414841316100442e-05
7701,2.354422274057439e-05,2.1239213908344625e-05,1.9214775153418534e-05,1.9414265774881416e-05
7702,2.3543574325791082e-05,2.1238590363755917e-05,1.9214233518577755e-05,1.9413691298995897e-05
7703,2.3542927132930303e-05,2.1237967954225507e-05,1.9213692941087245e-05,1.941311788844628e-05
7704,2.354228116196839e-05,2.1237346679953618e-05,1.921315342097637e-05,1.94125455432457e-05
7705,2.3541636412859915e-05,2.1236726541181114e-05,1.9212614958285925e-05,1.9411974263391348e-05
7706,2.3540992885585616e-05,2.12361075381459e-05,1.9212077553054194e-05,1.9411404048903057e-05
7707,2.3540350580103727e-05,2.1235489671078387e-05,1.9211541205307674e-05,1.9410834899788135e-05
7708,2.3539709496393016e-05,2.1234872940206706e-05,1.9211005915090808e-05,1.9410266816056434e-05
7709,2.3539069634420445e-05,2.1234257345775983e-05,1.921047168243476e-05,1.9409699797717424e-05
7710,2.3538430994152996e-05,2.1233642888021852e-05,1.9209938507389796e-05,1.9409133844792898e-05
7711,2.3537793575567793e-05,2.1233029567191995e-05,1.9209406389976414e-05,1.9408568957276232e-05
7712,2.3537157378634984e-05,2.1232417383513703e-05,1.9208875330253545e-05,1.9408005135196723e-05
7713,2.3536522403321586e-05,2.123180633724775e-05,1.9208345328242533e-05,1.940744237856e-05
7714,2.3535888649605004e-05,2.12311964286305e-05,1.9207816383980147e-05,1.9406880687379726e-05
7715,2.3535256117455543e-05,2.123058765791378e-05,1.9207288497527836e-05,1.94063200616679e-05
7716,2.353462480684618e-05,2.1229980025339584e-05,1.9206761668915797e-05,1.9405760501445694e-05
7717,2.3533994717753025e-05,2.122937353117089e-05,1.9206235898173884e-05,1.94052020067275e-05
7718,2.3533365850147648e-05,2.1228768175657515e-05,1.9205711185347483e-05,1.940464457752493e-05
7719,2.3532738204007824e-05,2.122816395904982e-05,1.9205187530478434e-05,1.940408821384891e-05
7720,2.3532111779303073e-05,2.1227560881609022e-05,1.920466493361788e-05,1.940353291572863e-05
7721,2.3531486576010514e-05,2.1226958943587365e-05,1.9204143394798532e-05,1.9402978683171452e-05
7722,2.353086259411231e-05,2.122635814525317e-05,1.9203622914058153e-05,1.9402425516201788e-05
7723,2.353023983357378e-05,2.122575848686356e-05,1.920310349144797e-05,1.940187341484337e-05
7724,2.352961829438168e-05,2.1225159968679322e-05,1.9202585127005276e-05,1.94013223791045e-05
7725,2.3528997976507913e-05,2.1224562590971648e-05,1.9202067820778202e-05,1.9400772409001472e-05
7726,2.352837887993303e-05,2.1223966354010833e-05,1.9201551572806917e-05,1.9400223504564998e-05
7727,2.3527761004634346e-05,2.122337125805818e-05,1.9201036383134384e-05,1.9399675665815064e-05
7728,2.352714435058677e-05,2.122277730338908e-05,1.9200522251805647e-05,1.9399128892766738e-05
7729,2.3526528917771097e-05,2.122218449027825e-05,1.9200009178870763e-05,1.939858318544176e-05
7730,2.35259147061677e-05,2.1221592818999973e-05,1.9199497164365236e-05,1.9398038543868987e-05
7731,2.352530171575979e-05,2.1221002289827178e-05,1.919898620833936e-05,1.9397494968062516e-05
7732,2.3524689946518805e-05,2.1220412903047684e-05,1.9198476310841237e-05,1.9396952458056515e-05
7733,2.3524079398434334e-05,2.1219824658926064e-05,1.9197967471907996e-05,1.9396411013863334e-05
7734,2.3523470071482673e-05,2.121923755776184e-05,1.919745969159971e-05,1.9395870635513716e-05
7735,2.3522861965646777e-05,2.121865159982893e-05,1.9196952969949423e-05,1.9395331323037162e-05
7736,2.3522255080911993e-05,2.121806678542149e-05,1.9196447307015135e-05,1.9394793076447654e-05
7737,2.3521649417255097e-05,2.1217483114821274e-05,1.9195942702838837e-05,1.9394255895782944e-05
7738,2.3521044974666644e-05,2.1216900588315102e-05,1.9195439157466792e-05,1.9393719781062896e-05
7739,2.3520441753121186e-05,2.1216319206205544e-05,1.9194936670951118e-05,1.9393184732316042e-05
7740,2.351983975261003e-05,2.1215738968774497e-05,1.9194435243339606e-05,1.9392650749570478e-05
7741,2.3519238973111515e-05,2.1215159876329863e-05,1.9193934874677537e-05,1.9392117832857888e-05
7742,2.3518639414617947e-05,2.1214581929161424e-05,1.9193435565016818e-05,1.9391585982203937e-05
7743,2.3518041077108763e-05,2.1214005127569136e-05,1.919293731440895e-05,1.9391055197636915e-05
7744,2.3517443960573598e-05,2.12134294718597e-05,1.919244012289824e-05,1.9390525479191568e-05
7745,2.351684806499675e-05,2.1212854962331657e-05,1.9191943990541592e-05,1.938999682689451e-05
7746,2.3516253390365117e-05,2.1212281599294274e-05,1.9191448917386743e-05,1.9389469240779462e-05
7747,2.3515659936667638e-05,2.1211709383051948e-05,1.919095490348213e-05,1.9388942720877305e-05
7748,2.3515067703889716e-05,2.121113831391607e-05,1.91904619488823e-05,1.938841726722099e-05
7749,2.3514476692020772e-05,2.1210568392196284e-05,1.9189970053635684e-05,1.938789287984369e-05
7750,2.3513886901054205e-05,2.1209999618212596e-05,1.918947921779727e-05,1.938736955877826e-05
7751,2.3513298330972234e-05,2.1209431992271205e-05,1.918898944141786e-05,1.9386847304060238e-05
7752,2.3512710981766748e-05,2.1208865514695312e-05,1.9188500724550785e-05,1.938632611572388e-05
7753,2.351212485343148e-05,2.1208300185802557e-05,1.918801306724901e-05,1.93858059938035e-05
7754,2.3511539945952728e-05,2.120773600591718e-05,1.9187526469565105e-05,1.9385286938338055e-05
7755,2.351095625932713e-05,2.120717297535658e-05,1.918704093155338e-05,1.938476894936485e-05
7756,2.3510373793538453e-05,2.1206611094452283e-05,1.918655645326864e-05,1.938425202691661e-05
7757,2.3509792548584657e-05,2.120605036352839e-05,1.9186073034762763e-05,1.9383736171033188e-05
7758,2.3509212524461135e-05,2.1205490782917966e-05,1.9185590676092206e-05,1.9383221381754295e-05
7759,2.350863372115196e-05,2.120493235295215e-05,1.918510937731216e-05,1.9382707659116325e-05
7760,2.3508056138659994e-05,2.120437507396095e-05,1.918462913847456e-05,1.938219500316283e-05
7761,2.3507479776976367e-05,2.1203818946284044e-05,1.9184149959640938e-05,1.9381683413934242e-05
7762,2.3506904636094426e-05,2.120326397025608e-05,1.918367184086482e-05,1.9381172891467283e-05
7763,2.3506330716010653e-05,2.1202710146221234e-05,1.91831947821998e-05,1.9380663435805717e-05
7764,2.3505758016721375e-05,2.1202157474518053e-05,1.9182718783704605e-05,1.938015504699211e-05
7765,2.3505186538223025e-05,2.120160595549466e-05,1.9182243845435496e-05,1.937964772506899e-05
7766,2.3504616280511622e-05,2.1201055589491922e-05,1.918176996745157e-05,1.9379141470081447e-05
7767,2.3504047243584913e-05,2.1200506376860213e-05,1.9181297149811716e-05,1.9378636282069876e-05
7768,2.350347942743971e-05,2.1199958317955025e-05,1.918082539256697e-05,1.937813216108211e-05
7769,2.3502912832077762e-05,2.1199411413122447e-05,1.9180354695786203e-05,1.9377629107162903e-05
7770,2.3502347457494847e-05,2.1198865662720745e-05,1.9179885059516934e-05,1.9377127120355886e-05
7771,2.3501783303690754e-05,2.119832106710403e-05,1.9179416483826427e-05,1.9376626200711377e-05
7772,2.3501220370667438e-05,2.1197777626633042e-05,1.917894896877025e-05,1.9376126348274954e-05
7773,2.3500658658424922e-05,2.1197235341671597e-05,1.9178482514405806e-05,1.937562756309467e-05
7774,2.3500098166963865e-05,2.119669421257923e-05,1.917801712079889e-05,1.937512984521667e-05
7775,2.349953889628661e-05,2.1196154239723815e-05,1.9177552788005972e-05,1.9374633194694737e-05
7776,2.349898084639297e-05,2.1195615423468994e-05,1.9177089516087843e-05,1.9374137611574667e-05
7777,2.3498424017288665e-05,2.1195077764189263e-05,1.917662730510499e-05,1.9373643095910118e-05
7778,2.349786840897599e-05,2.1194541262256004e-05,1.91761661551202e-05,1.937314964774925e-05
7779,2.3497314021458415e-05,2.1194005918041546e-05,1.917570606619661e-05,1.937265726714678e-05
7780,2.349676085474172e-05,2.1193471731922932e-05,1.9175247038391573e-05,1.937216595415295e-05
7781,2.3496208908829763e-05,2.1192938704279983e-05,1.917478907176988e-05,1.937167570882123e-05
7782,2.3495658183728048e-05,2.1192406835492727e-05,1.9174332166393342e-05,1.9371186531209354e-05
7783,2.3495108679442667e-05,2.1191876125943778e-05,1.9173876322324504e-05,1.9370698421366242e-05
7784,2.3494560395982967e-05,2.1191346576018505e-05,1.917342153962663e-05,1.9370211379349546e-05
7785,2.3494013333352803e-05,2.1190818186106745e-05,1.9172967818363444e-05,1.936972540521452e-05
7786,2.3493467491559526e-05,2.1190290956594628e-05,1.917251515859968e-05,1.9369240499019212e-05
7787,2.3492922870614738e-05,2.1189764887876144e-05,1.917206356039526e-05,1.9368756660821485e-05
7788,2.349237947052655e-05,2.118923998034747e-05,1.9171613023822202e-05,1.9368273890674326e-05
7789,2.3491837291304275e-05,2.118871623440154e-05,1.9171163548939003e-05,1.936779218864103e-05
7790,2.3491296332958188e-05,2.1188193650439635e-05,1.9170715135811925e-05,1.9367311554778357e-05
7791,2.3490756595498377e-05,2.1187672228861056e-05,1.9170267784506217e-05,1.9366831989151913e-05
7792,2.349021807893818e-05,2.1187151970071122e-05,1.916982149508706e-05,1.936635349181506e-05
7793,2.348968078328603e-05,2.1186632874473995e-05,1.9169376267621795e-05,1.9365876062831608e-05
7794,2.3489144708558475e-05,2.118611494247819e-05,1.9168932102175605e-05,1.9365399702266638e-05
7795,2.3488609854767105e-05,2.1185598174494852e-05,1.9168488998815605e-05,1.9364924410179314e-05
7796,2.3488076221925438e-05,2.118508257093569e-05,1.9168046957606938e-05,1.9364450186634193e-05
7797,2.348754381004857e-05,2.1184568132215337e-05,1.9167605978618827e-05,1.9363977031697294e-05
7798,2.348701261915165e-05,2.1184054858751553e-05,1.916716606191721e-05,1.9363504945433564e-05
7799,2.3486482649249826e-05,2.1183542750964062e-05,1.916672720757104e-05,1.936303392790548e-05
7800,2.3485953900359726e-05,2.1183031809274938e-05,1.9166289415647456e-05,1.9362563979183008e-05
7801,2.3485426372499183e-05,2.11825220341071e-05,1.91658526862129e-05,1.936209509933223e-05
7802,2.3484900065684508e-05,2.1182013425888065e-05,1.9165417019339762e-05,1.936162728842026e-05
7803,2.348437497993451e-05,2.1181505985048297e-05,1.9164982415095432e-05,1.9361160546516968e-05
7804,2.3483851115268506e-05,2.1180999712015875e-05,1.916454887354803e-05,1.9360694873689843e-05
7805,2.348332847170463e-05,2.118049460722766e-05,1.9164116394766897e-05,1.9360230270013765e-05
7806,2.3482807049265466e-05,2.1179990671118224e-05,1.916368497882255e-05,1.9359766735555657e-05
7807,2.34822868479698e-05,2.1179487904125537e-05,1.9163254625785713e-05,1.935930427038879e-05
7808,2.3481767867840694e-05,2.11789863066924e-05,1.9162825335725565e-05,1.9358842874585025e-05
7809,2.3481250108900348e-05,2.117848587926084e-05,1.916239710871255e-05,1.935838254821686e-05
7810,2.3480733571170085e-05,2.1177986622275815e-05,1.9161969944817933e-05,1.9357923291360404e-05
7811,2.348021825467481e-05,2.117748853618603e-05,1.9161543844114197e-05,1.9357465104089653e-05
7812,2.347970415943805e-05,2.1176991621442885e-05,1.9161118806670873e-05,1.9357007986479873e-05
7813,2.3479191285485403e-05,2.1176495878499096e-05,1.916069483256056e-05,1.9356551938608396e-05
7814,2.3478679632843182e-05,2.1176001307809074e-05,1.916027192185565e-05,1.9356096960551102e-05
7815,2.347816920153694e-05,2.1175507909831126e-05,1.915985007462693e-05,1.9355643052386165e-05
7816,2.3477659991593484e-05,2.117501568502536e-05,1.9159429290948876e-05,1.9355190214195225e-05
7817,2.347715200304079e-05,2.1174524633855823e-05,1.9159009570892433e-05,1.9354738446054652e-05
7818,2.3476645235907435e-05,2.117403475678638e-05,1.9158590914533263e-05,1.9354287748045607e-05
7819,2.3476139690222487e-05,2.117354605428551e-05,1.9158173321942266e-05,1.9353838120250413e-05
7820,2.347563536601686e-05,2.1173058526822635e-05,1.9157756793194362e-05,1.935338956275069e-05
7821,2.347513226332029e-05,2.1172572174870875e-05,1.9157341328363627e-05,1.935294207563029e-05
7822,2.3474630382164257e-05,2.117208699890489e-05,1.9156926927523585e-05,1.9352495658970916e-05
7823,2.3474129722581573e-05,2.1171602999402e-05,1.9156513590748693e-05,1.9352050312858453e-05
7824,2.3473630284604443e-05,2.1171120176843186e-05,1.9156101318114808e-05,1.9351606037379038e-05
7825,2.3473132068267364e-05,2.1170638531711686e-05,1.9155690109696045e-05,1.935116283261755e-05
7826,2.3472635073603455e-05,2.117015806449059e-05,1.9155279965567614e-05,1.935072069866278e-05
7827,2.3472139300649854e-05,2.116967877566915e-05,1.9154870885804915e-05,1.9350279635601607e-05
7828,2.3471644749441546e-05,2.1169200665737282e-05,1.9154462870485342e-05,1.934983964352321e-05
7829,2.3471151420015882e-05,2.116872373518675e-05,1.9154055919683272e-05,1.9349400722517452e-05
7830,2.3470659312409224e-05,2.116824798451463e-05,1.915365003347613e-05,1.934896287267542e-05
7831,2.3470168426661e-05,2.1167773414216398e-05,1.9153245211939103e-05,1.9348526094088752e-05
7832,2.3469678762810665e-05,2.116730002479462e-05,1.9152841455150318e-05,1.9348090386849242e-05
7833,2.3469190320897373e-05,2.1166827816751176e-05,1.915243876318673e-05,1.934765575105186e-05
7834,2.3468703100962718e-05,2.116635679059108e-05,1.9152037136125533e-05,1.9347222186788837e-05
7835,2.3468217103048266e-05,2.1165886946822527e-05,1.915163657404458e-05,1.934678969415689e-05
7836,2.3467732327196556e-05,2.1165418285958464e-05,1.915123707702108e-05,1.9346358273251633e-05
7837,2.3467248773449758e-05,2.1164950808508386e-05,1.915083864513345e-05,1.934592792416964e-05
7838,2.3466766441854528e-05,2.1164484514990055e-05,1.9150441278460195e-05,1.9345498647010017e-05
7839,2.3466285332453535e-05,2.1164019405921815e-05,1.915004497708059e-05,1.934507044187178e-05
7840,2.3465805445294103e-05,2.1163555481824255e-05,1.9149649741072478e-05,1.9344643308853676e-05
7841,2.3465326780422447e-05,2.1163092743221547e-05,1.9149255570514966e-05,1.934421724805757e-05
7842,2.346484933788676e-05,2.1162631190639592e-05,1.914886246548854e-05,1.9343792259585133e-05
7843,2.3464373117735328e-05,2.116217082460635e-05,1.9148470426071497e-05,1.9343368343539007e-05
7844,2.346389812001787e-05,2.1161711645654474e-05,1.9148079452345057e-05,1.9342945500023607e-05
7845,2.3463424344784326e-05,2.1161253654317178e-05,1.9147689544387336e-05,1.9342523729142352e-05
7846,2.3462951792086823e-05,2.1160796851131494e-05,1.9147300702281148e-05,1.9342103031003226e-05
7847,2.3462480461977004e-05,2.116034123663691e-05,1.914691292610503e-05,1.9341683405710813e-05
7848,2.3462010354507636e-05,2.115988681137531e-05,1.9146526215940562e-05,1.9341264853375214e-05
7849,2.3461541469733503e-05,2.1159433575890646e-05,1.9146140571868893e-05,1.9340847374103328e-05
7850,2.3461073807710297e-05,2.1158981530731132e-05,1.914575599397089e-05,1.934043096800572e-05
7851,2.3460607368492972e-05,2.115853067644605e-05,1.914537248232853e-05,1.9340015635193835e-05
7852,2.346014215213898e-05,2.115808101358802e-05,1.9144990037023014e-05,1.9339601375778693e-05
7853,2.3459678158706773e-05,2.1157632542712183e-05,1.9144608658136416e-05,1.9339188189873724e-05
7854,2.3459215388254792e-05,2.1157185264377452e-05,1.9144228345751075e-05,1.9338776077593954e-05
7855,2.3458753840843106e-05,2.1156739179143477e-05,1.914384909994953e-05,1.9338365039053683e-05
7856,2.3458293516532685e-05,2.1156294287573472e-05,1.9143470920813764e-05,1.933795507436931e-05
7857,2.345783441538618e-05,2.1155850590233806e-05,1.9143093808427243e-05,1.9337546183657812e-05
7858,2.3457376537466408e-05,2.1155408087693012e-05,1.9142717762873328e-05,1.9337138367039046e-05
7859,2.345691988283725e-05,2.1154966780522416e-05,1.9142342784234097e-05,1.9336731624631293e-05
7860,2.345646445156395e-05,2.1154526669295914e-05,1.9141968872593915e-05,1.9336325956555823e-05
7861,2.345601024371312e-05,2.1154087754590186e-05,1.9141596028036457e-05,1.933592136293433e-05
7862,2.345555725935169e-05,2.115365003698549e-05,1.9141224250645273e-05,1.9335517843890138e-05
7863,2.3455105498548626e-05,2.1153213517062855e-05,1.914085354050519e-05,1.9335115399546998e-05
7864,2.3454654961373557e-05,2.1152778195408283e-05,1.9140483897699525e-05,1.933471403003071e-05
7865,2.345420564789675e-05,2.115234407260807e-05,1.9140115322313137e-05,1.9334313735467952e-05
7866,2.345375755818976e-05,2.1151911149253565e-05,1.9139747814431318e-05,1.9333914515985058e-05
7867,2.345331069232656e-05,2.1151479425937268e-05,1.913938137413875e-05,1.933351637171303e-05
7868,2.3452865050380383e-05,2.1151048903255805e-05,1.9139016001520124e-05,1.9333119302780914e-05
7869,2.3452420632427047e-05,2.11506195818066e-05,1.9138651696661732e-05,1.933272330931967e-05
7870,2.3451977438542715e-05,2.1150191462191142e-05,1.913828845964807e-05,1.9332328391462986e-05
7871,2.3451535468805163e-05,2.1149764545013958e-05,1.9137926290565833e-05,1.933193454934377e-05
7872,2.34510947232932e-05,2.1149338830881406e-05,1.9137565189500893e-05,1.933154178309731e-05
7873,2.3450655202087434e-05,2.1148914320402913e-05,1.9137205156538472e-05,1.933115009286013e-05
7874,2.3450216905268175e-05,2.1148491014191378e-05,1.9136846191765534e-05,1.9330759478770133e-05
7875,2.3449779832919043e-05,2.114806891286122e-05,1.913648829526818e-05,1.9330369940966535e-05
7876,2.3449343985123557e-05,2.1147648017029864e-05,1.9136131467134374e-05,1.9329981479588836e-05
7877,2.3448909361966773e-05,2.11472283273178e-05,1.9135775707449716e-05,1.9329594094779476e-05
7878,2.3448475963535423e-05,2.1146809844348846e-05,1.9135421016301285e-05,1.9329207786680712e-05
7879,2.344804378991693e-05,2.1146392568749444e-05,1.913506739377766e-05,1.932882255543707e-05
7880,2.344761284120086e-05,2.114597650114691e-05,1.9134714839964864e-05,1.9328438401194865e-05
7881,2.3447183117477176e-05,2.1145561642173922e-05,1.9134363354951196e-05,1.9328055324100493e-05
7882,2.34467546188379e-05,2.1145147992464903e-05,1.913401293882432e-05,1.9327673324302912e-05
7883,2.3446327345376265e-05,2.114473555265571e-05,1.9133663591672454e-05,1.9327292401951816e-05
7884,2.344590129718683e-05,2.1144324323387502e-05,1.9133315313583228e-05,1.932691255719856e-05
7885,2.3445476474365815e-05,2.1143914305301843e-05,1.9132968104645205e-05,1.9326533790195802e-05
7886,2.344505287701041e-05,2.1143505499045143e-05,1.913262196494741e-05,1.9326156101097713e-05
7887,2.3444630505219413e-05,2.1143097905265174e-05,1.9132276894577233e-05,1.9325779490060605e-05
7888,2.344420935909344e-05,2.1142691524612772e-05,1.9131932893624828e-05,1.932540395724101e-05
7889,2.344378943873447e-05,2.114228635774159e-05,1.913158996217916e-05,1.9325029502798136e-05
7890,2.3443370744245568e-05,2.1141882405308734e-05,1.9131248100328968e-05,1.9324656126891883e-05
7891,2.3442953275731424e-05,2.114147966797274e-05,1.913090730816298e-05,1.932428382968425e-05
7892,2.34425370332988e-05,2.1141078146395824e-05,1.913056758577157e-05,1.9323912611339154e-05
7893,2.344212201705594e-05,2.114067784124343e-05,1.913022893324367e-05,1.932354247202037e-05
7894,2.3441708227111957e-05,2.114027875318236e-05,1.91298913506696e-05,1.9323173411895118e-05
7895,2.3441295663578033e-05,2.1139880882883765e-05,1.912955483813952e-05,1.932280543113151e-05
7896,2.3440884326567367e-05,2.113948423102033e-05,1.912921939574241e-05,1.9322438529900177e-05
7897,2.3440474216194212e-05,2.113908879826792e-05,1.9128885023569564e-05,1.93220727083709e-05
7898,2.3440065332574582e-05,2.113869458530579e-05,1.912855172171161e-05,1.932170796671809e-05
7899,2.3439657675826343e-05,2.1138301592815148e-05,1.9128219490258048e-05,1.932134430511667e-05
7900,2.3439251246069228e-05,2.1137909821480234e-05,1.9127888329299902e-05,1.9320981723742502e-05
7901,2.3438846043424864e-05,2.113751927198844e-05,1.912755823892868e-05,1.9320620222774053e-05
7902,2.3438442068015588e-05,2.113712994502964e-05,1.9127229219234476e-05,1.9320259802391163e-05
7903,2.3438039319966165e-05,2.1136741841295318e-05,1.912690127030899e-05,1.9319900462776882e-05
7904,2.343763779940419e-05,2.113635496148263e-05,1.912657439224287e-05,1.9319542204113743e-05
7905,2.3437237506457026e-05,2.1135969306287934e-05,1.9126248585127898e-05,1.9319185026587922e-05
7906,2.34368384412559e-05,2.113558487641415e-05,1.9125923849055945e-05,1.931882893038534e-05
7907,2.3436440603932683e-05,2.1135201672563323e-05,1.912560018411753e-05,1.9318473915697013e-05
7908,2.3436043994621223e-05,2.113481969544248e-05,1.9125277590405473e-05,1.9318119982713127e-05
7909,2.343564861345855e-05,2.1134438945760884e-05,1.912495606801116e-05,1.9317767131626602e-05
7910,2.3435254460581653e-05,2.1134059424230078e-05,1.9124635617026492e-05,1.931741536263293e-05
7911,2.3434861536130756e-05,2.113368113156577e-05,1.912431623754382e-05,1.931706467592885e-05
7912,2.3434469840248883e-05,2.113330406848442e-05,1.9123997929655543e-05,1.931671507171282e-05
7913,2.343407937307935e-05,2.1132928235707123e-05,1.9123680693453426e-05,1.9316366550186528e-05
7914,2.3433690134768524e-05,2.113255363395563e-05,1.9123364529030587e-05,1.9316019111552238e-05
7915,2.343330212546478e-05,2.113218026395694e-05,1.9123049436479327e-05,1.9315672756016213e-05
7916,2.3432915345318234e-05,2.1131808126438395e-05,1.9122735415892027e-05,1.9315327483784387e-05
7917,2.3432529794482382e-05,2.1131437222131802e-05,1.9122422467362692e-05,1.9314983295066818e-05
7918,2.3432145473111413e-05,2.1131067551771036e-05,1.912211059098269e-05,1.9314640190075145e-05
7919,2.3431762381362443e-05,2.1130699116092396e-05,1.912179978684553e-05,1.9314298169022115e-05
7920,2.343138051939563e-05,2.113033191583574e-05,1.9121490055045394e-05,1.9313957232124796e-05
7921,2.3430999887371472e-05,2.112996595174235e-05,1.9121181395673698e-05,1.9313617379599923e-05
7922,2.3430620485454223e-05,2.1129601224557075e-05,1.912087380882525e-05,1.931327861166959e-05
7923,2.3430242313811338e-05,2.1129237735027692e-05,1.9120567294592825e-05,1.931294092855551e-05
7924,2.3429865372610283e-05,2.112887548390451e-05,1.912026185306951e-05,1.9312604330482972e-05
7925,2.3429489662023018e-05,2.112851447193977e-05,1.9119957484349945e-05,1.931226881767964e-05
7926,2.3429115182223374e-05,2.1128154699888833e-05,1.9119654188527396e-05,1.931193439037502e-05
7927,2.342874193338718e-05,2.112779616851078e-05,1.9119351965695095e-05,1.9311601048801643e-05
7928,2.342836991569325e-05,2.112743887856561e-05,1.9119050815947178e-05,1.9311268793194803e-05
7929,2.3427999129323632e-05,2.112708283081663e-05,1.9118750739377815e-05,1.9310937623791352e-05
7930,2.3427629574461416e-05,2.112672802603112e-05,1.911845173608106e-05,1.9310607540831147e-05
7931,2.3427261251293993e-05,2.1126374464976263e-05,1.911815380615066e-05,1.9310278544557113e-05
7932,2.3426894160010766e-05,2.1126022148424215e-05,1.911785694968121e-05,1.9309950635213443e-05
7933,2.3426528300803744e-05,2.112567107714961e-05,1.9117561166766494e-05,1.9309623813048913e-05
7934,2.3426163673868023e-05,2.1125321251928025e-05,1.9117266457501398e-05,1.930929807831372e-05
7935,2.3425800279401338e-05,2.112497267353912e-05,1.911697282198015e-05,1.930897343126075e-05
7936,2.3425438117605095e-05,2.1124625342764533e-05,1.9116680260296607e-05,1.9308649872146445e-05
7937,2.34250771886817e-05,2.1124279260389166e-05,1.9116388772545892e-05,1.9308327401229614e-05
7938,2.3424717492839144e-05,2.1123934427198942e-05,1.9116098358822427e-05,1.9308006018771563e-05
7939,2.3424359030286764e-05,2.1123590843984186e-05,1.9115809019220765e-05,1.9307685725037628e-05
7940,2.3424001801237268e-05,2.112324851153733e-05,1.9115520753836384e-05,1.9307366520294804e-05
7941,2.342364580590636e-05,2.1122907430651947e-05,1.9115233562763018e-05,1.9307048404814618e-05
7942,2.342329104451302e-05,2.112256760212589e-05,1.911494744609583e-05,1.9306731378869076e-05
7943,2.34229375172805e-05,2.1122229026758857e-05,1.911466240392995e-05,1.9306415442736254e-05
7944,2.3422585224433482e-05,2.1121891705352782e-05,1.911437843635984e-05,1.930610059669552e-05
7945,2.342223416620176e-05,2.112155563871209e-05,1.9114095543481035e-05,1.9305786841030132e-05
7946,2.3421884342816937e-05,2.1121220827644494e-05,1.9113813725388054e-05,1.9305474176026683e-05
7947,2.3421535754515918e-05,2.1120887272959343e-05,1.9113532982176278e-05,1.9305162601974547e-05
7948,2.3421188401536523e-05,2.1120554975467865e-05,1.9113253313940792e-05,1.930485211916658e-05
7949,2.3420842284123026e-05,2.1120223935986146e-05,1.9112974720776846e-05,1.9304542727899345e-05
7950,2.34204974025211e-05,2.1119894155330045e-05,1.9112697202779334e-05,1.930423442847218e-05
7951,2.342015375698148e-05,2.1119565634318852e-05,1.911242076004314e-05,1.9303927221189465e-05
7952,2.3419811347757883e-05,2.111923837377477e-05,1.9112145392664724e-05,1.930362110635723e-05
7953,2.3419470175107934e-05,2.111891237452185e-05,1.9111871100738123e-05,1.930331608428639e-05
7954,2.3419130239293776e-05,2.1118587637385665e-05,1.9111597884359772e-05,1.9303012155291044e-05
7955,2.3418791540580234e-05,2.111826416319671e-05,1.911132574362437e-05,1.9302709319688736e-05
7956,2.3418454079237513e-05,2.1117941952784393e-05,1.911105467862723e-05,1.9302407577801562e-05
7957,2.3418117855539155e-05,2.111762100698301e-05,1.911078468946347e-05,1.930210692995595e-05
7958,2.3417782869762794e-05,2.1117301326628283e-05,1.911051577622945e-05,1.9301807376479807e-05
7959,2.3417449122190318e-05,2.1116982912557948e-05,1.9110247939019815e-05,1.930150891770837e-05
7960,2.3417116613108302e-05,2.111666576561273e-05,1.9109981177930763e-05,1.9301211553977932e-05
7961,2.3416785342807344e-05,2.111634988663471e-05,1.9109715493057386e-05,1.9300915285630804e-05
7962,2.3416455311582563e-05,2.1116035276468435e-05,1.910945088449449e-05,1.930062011301277e-05
7963,2.3416126519733354e-05,2.1115721935961238e-05,1.910918735233851e-05,1.9300326036473967e-05
7964,2.341579896756415e-05,2.111540986596235e-05,1.9108924896685004e-05,1.930003305636897e-05
7965,2.3415472655383564e-05,2.111509906732267e-05,1.9108663517629208e-05,1.9299741173056688e-05
7966,2.3415147583505484e-05,2.1114789540896107e-05,1.9108403215266274e-05,1.9299450386900564e-05
7967,2.3414823752248254e-05,2.1114481287537335e-05,1.9108143989691885e-05,1.9299160698268717e-05
7968,2.3414501161934844e-05,2.1114174308104586e-05,1.9107885841002204e-05,1.929887210753405e-05
7969,2.341417981289442e-05,2.111386860345766e-05,1.9107628769291955e-05,1.9298584615073145e-05
7970,2.3413859705459766e-05,2.1113564174458035e-05,1.910737277465762e-05,1.9298298221268356e-05
7971,2.3413540839969738e-05,2.111326102196989e-05,1.9107117857193916e-05,1.9298012926507308e-05
7972,2.3413223216768624e-05,2.111295914685858e-05,1.910686401699674e-05,1.929772873118148e-05
7973,2.3412906836205027e-05,2.1112658549991798e-05,1.910661125416118e-05,1.9297445635687956e-05
7974,2.3412591698634403e-05,2.111235923223976e-05,1.9106359568783903e-05,1.929716364042941e-05
7975,2.3412277804416707e-05,2.1112061194473914e-05,1.9106108960959067e-05,1.929688274581254e-05
7976,2.3411965153918273e-05,2.1111764437567803e-05,1.9105859430783258e-05,1.929660295225101e-05
7977,2.3411653747510326e-05,2.111146896239675e-05,1.910561097835111e-05,1.9296324260162672e-05
7978,2.3411343585571385e-05,2.1111174769838597e-05,1.9105363603758953e-05,1.929604666997079e-05
7979,2.3411034668484463e-05,2.111088186077164e-05,1.910511730710106e-05,1.9295770182105277e-05
7980,2.341072699663924e-05,2.1110590236077793e-05,1.9104872088474242e-05,1.929549479700143e-05
7981,2.341042057043214e-05,2.1110299896639067e-05,1.9104627947972838e-05,1.929522051509934e-05
7982,2.341011539026516e-05,2.111001084334036e-05,1.910438488569315e-05,1.929494733684626e-05
7983,2.3409811456547043e-05,2.110972307706779e-05,1.910414290172978e-05,1.929467526269518e-05
7984,2.340950876969301e-05,2.1109436598709274e-05,1.9103901996178893e-05,1.9294404293105133e-05
7985,2.3409207330125e-05,2.1109151409153838e-05,1.9103662169135137e-05,1.929413442854115e-05
7986,2.3408907138272323e-05,2.1108867509293545e-05,1.9103423420694716e-05,1.929386566947514e-05
7987,2.3408608194569797e-05,2.1108584900020414e-05,1.9103185750951848e-05,1.929359801638504e-05
7988,2.3408310499460683e-05,2.1108303582229737e-05,1.9102949160002335e-05,1.929333146975574e-05
7989,2.3408014053394638e-05,2.1108023556816537e-05,1.9102713647941514e-05,1.929306603007882e-05
7990,2.3407718856828896e-05,2.110774482467796e-05,1.9102479214864193e-05,1.9292801697852558e-05
7991,2.340742491022846e-05,2.1107467386713333e-05,1.9102245860866677e-05,1.9292538473581426e-05
7992,2.340713221406574e-05,2.110719124382393e-05,1.9102013586043204e-05,1.9292276357779073e-05
7993,2.3406840768820514e-05,2.1106916396909878e-05,1.910178239048846e-05,1.929201535096489e-05
7994,2.3406550574980985e-05,2.110664284687496e-05,1.9101552274298798e-05,1.929175545366598e-05
7995,2.340626163304299e-05,2.1106370594623915e-05,1.910132323756866e-05,1.9291496666416763e-05
7996,2.340597394351075e-05,2.1106099641062343e-05,1.910109528039279e-05,1.9291238989759147e-05
7997,2.3405687506896963e-05,2.1105829987096946e-05,1.910086840286646e-05,1.9290982424243556e-05
7998,2.340540232372339e-05,2.1105561633636078e-05,1.910064260508527e-05,1.9290726970428354e-05
7999,2.3405118394518467e-05,2.1105294581589318e-05,1.9100417887143577e-05,1.9290472628879254e-05
8000,2.3404835719821747e-05,2.110502883186711e-05,1.9100194249135945e-05,1.9290219400170595e-05
8001,2.340455430018106e-05,2.1104764385380865e-05,1.9099971691158303e-05,1.9289967284885206e-05
8002,2.3404274136152978e-05,2.1104501243044554e-05,1.90997502133045e-05,1.928971628361522e-05
8003,2.3403995228304244e-05,2.110423940577059e-05,1.9099529815669657e-05,1.9289466396959632e-05
8004,2.340371757720984e-05,2.1103978874474507e-05,1.9099310498349506e-05,1.9289217625528507e-05
8005,2.3403441183456053e-05,2.110371965007206e-05,1.9099092261436776e-05,1.9288969969939474e-05
8006,2.3403166047638038e-05,2.110346173348004e-05,1.9098875105028405e-05,1.928872343082034e-05
8007,2.3402892170362064e-05,2.1103205125615798e-05,1.909865902921763e-05,1.928847800880777e-05
8008,2.3402619552243808e-05,2.110294982739762e-05,1.9098444034099687e-05,1.9288233704548368e-05
8009,2.340234819390974e-05,2.1102695839746157e-05,1.9098230119769495e-05,1.9287990518697876e-05
8010,2.3402078095997375e-05,2.110244316357961e-05,1.9098017286320896e-05,1.9287748451923787e-05
8011,2.3401809259154922e-05,2.1102191799819668e-05,1.9097805533849656e-05,1.928750750490225e-05
8012,2.340154168404177e-05,2.1101941749387346e-05,1.9097594862448732e-05,1.9287267678320038e-05
8013,2.3401275371329318e-05,2.110169301320509e-05,1.9097385272214058e-05,1.9287028972875043e-05
8014,2.3401010321699565e-05,2.110144559219463e-05,1.9097176763239395e-05,1.928679138927506e-05
8015,2.3400746535847103e-05,2.1101199487280417e-05,1.9096969335619948e-05,1.9286554928240124e-05
8016,2.3400484014478412e-05,2.1100954699384728e-05,1.9096762989449546e-05,1.9286319590501203e-05
8017,2.34002227583127e-05,2.110071122943264e-05,1.9096557724823073e-05,1.928608537679979e-05
8018,2.3399962768081293e-05,2.1100469078347933e-05,1.9096353541835017e-05,1.9285852287890012e-05
8019,2.3399704044528332e-05,2.110022824705588e-05,1.9096150440579114e-05,1.9285620324538887e-05
8020,2.3399446588411367e-05,2.1099988736481678e-05,1.9095948421151296e-05,1.9285389487523602e-05
8021,2.3399190400501342e-05,2.109975054755004e-05,1.909574748364416e-05,1.928515977763405e-05
8022,2.3398935481582655e-05,2.109951368118714e-05,1.9095547628153185e-05,1.928493119567406e-05
8023,2.339868183245406e-05,2.1099278138318084e-05,1.909534885477324e-05,1.9284703742460496e-05
8024,2.339842945392751e-05,2.109904391986884e-05,1.9095151163598074e-05,1.928447741882101e-05
8025,2.3398178346831205e-05,2.1098811026765766e-05,1.9094954554722067e-05,1.92842522256007e-05
8026,2.3397928512006214e-05,2.109857945993435e-05,1.9094759028239763e-05,1.9284028163654213e-05
8027,2.3397679950309964e-05,2.1098349220300742e-05,1.90945645842466e-05,1.92838052338528e-05
8028,2.3397432662615214e-05,2.109812030878997e-05,1.9094371222836264e-05,1.9283583437081242e-05
8029,2.339718664981004e-05,2.1097892726327826e-05,1.9094178944102917e-05,1.9283362774239907e-05
8030,2.3396941912798373e-05,2.109766647383982e-05,1.909398774814181e-05,1.9283143246241263e-05
8031,2.3396698452501674e-05,2.109744155225076e-05,1.9093797635047508e-05,1.9282924854016734e-05
8032,2.3396456269856903e-05,2.109721796248582e-05,1.9093608604914317e-05,1.9282707598510967e-05
8033,2.339621536581805e-05,2.1096995705468684e-05,1.909342065783774e-05,1.9282491480684376e-05
8034,2.3395975741358417e-05,2.109677478212381e-05,1.9093233793911404e-05,1.928227650151431e-05
8035,2.3395737397466932e-05,2.109655519337436e-05,1.909304801323176e-05,1.928206266199427e-05
8036,2.3395500335151262e-05,2.1096336940143127e-05,1.909286331589188e-05,1.9281849963134625e-05
8037,2.3395264555438258e-05,2.1096120023352676e-05,1.9092679701987795e-05,1.9281638405962786e-05
8038,2.33950300593731e-05,2.109590444392395e-05,1.9092497171615254e-05,1.9281427991524156e-05
8039,2.339479684802043e-05,2.1095690202778883e-05,1.909231572486848e-05,1.928121872088114e-05
8040,2.3394564922464985e-05,2.1095477300837072e-05,1.9092135361842286e-05,1.9281010595115904e-05
8041,2.3394334283811044e-05,2.1095265739017177e-05,1.9091956082633443e-05,1.928080361532744e-05
8042,2.3394104933183287e-05,2.1095055518237896e-05,1.90917778873373e-05,1.9280597782633952e-05
8043,2.3393876871728807e-05,2.1094846639417236e-05,1.9091600776048624e-05,1.928039309817485e-05
8044,2.339365010061388e-05,2.109463910347099e-05,1.909142474886407e-05,1.9280189563107756e-05
8045,2.339342462102876e-05,2.109443291131455e-05,1.9091249805879596e-05,1.927998717861025e-05
8046,2.339320043418433e-05,2.1094228063861285e-05,1.9091075947191418e-05,1.927978594588266e-05
8047,2.3392977541315617e-05,2.109402456202599e-05,1.909090317289579e-05,1.9279585866142793e-05
8048,2.3392755943680207e-05,2.109382240671877e-05,1.909073148308938e-05,1.9279386940633648e-05
8049,2.3392535642559278e-05,2.109362159884981e-05,1.909056087786902e-05,1.9279189170617833e-05
8050,2.3392316639258642e-05,2.1093422139328823e-05,1.909039135733127e-05,1.9278992557380572e-05
8051,2.3392098935108863e-05,2.1093224029063207e-05,1.9090222921574776e-05,1.9278797102231182e-05
8052,2.3391882531465405e-05,2.109302726895821e-05,1.909005557069596e-05,1.9278602806501378e-05
8053,2.3391667429709943e-05,2.1092831859918677e-05,1.908988930479344e-05,1.927840967154628e-05
8054,2.339145363124999e-05,2.109263780284711e-05,1.9089724123965024e-05,1.927821769874578e-05
8055,2.3391241137520332e-05,2.1092445098643852e-05,1.9089560028309164e-05,1.9278026889504316e-05
8056,2.3391029949983273e-05,2.1092253748208854e-05,1.9089397017924714e-05,1.9277837245253014e-05
8057,2.3390820070128962e-05,2.1092063752438994e-05,1.9089235092911724e-05,1.927764876744563e-05
8058,2.3390611499475355e-05,2.1091875112230102e-05,1.9089074253368793e-05,1.9277461457565555e-05
8059,2.3390404239571387e-05,2.1091687828474602e-05,1.908891449939693e-05,1.9277275317121127e-05
8060,2.3390198291993968e-05,2.1091501902064114e-05,1.9088755831096195e-05,1.927709034764881e-05
8061,2.338999365835148e-05,2.109131733388778e-05,1.908859824856762e-05,1.9276906550712225e-05
8062,2.3389790340282866e-05,2.10911341248322e-05,1.908844175191243e-05,1.9276723927905194e-05
8063,2.3389588339458517e-05,2.1090952275782327e-05,1.9088286341233447e-05,1.9276542480848846e-05
8064,2.338938765758191e-05,2.1090771787620117e-05,1.9088132016633005e-05,1.927636221119482e-05
8065,2.338918829638893e-05,2.1090592661225478e-05,1.9087978778213744e-05,1.927618312062536e-05
8066,2.3388990257648962e-05,2.1090414897476326e-05,1.9087826626080915e-05,1.927600521085242e-05
8067,2.338879354316635e-05,2.1090238497246434e-05,1.908767556033756e-05,1.927582848362084e-05
8068,2.3388598154779987e-05,2.1090063461408688e-05,1.9087525581089574e-05,1.9275652940707383e-05
8069,2.3388404094364385e-05,2.108988979083181e-05,1.9087376688443386e-05,1.9275478583920233e-05
8070,2.3388211363830762e-05,2.108971748638357e-05,1.9087228882505517e-05,1.927530541510213e-05
8071,2.3388019965127418e-05,2.108954654892648e-05,1.908708216338338e-05,1.927513343613078e-05
8072,2.3387829900240714e-05,2.108937697932219e-05,1.9086936531186057e-05,1.9274962648916366e-05
8073,2.3387641171195376e-05,2.1089208778428157e-05,1.908679198602236e-05,1.927479305540666e-05
8074,2.3387453780056504e-05,2.1089041947099498e-05,1.90866485280035e-05,1.9274624657583992e-05
8075,2.338726772892789e-05,2.108887648618777e-05,1.9086506157240253e-05,1.9274457457469114e-05
8076,2.3387083019955126e-05,2.1088712396541303e-05,1.9086364873845737e-05,1.927429145711761e-05
8077,2.3386899655326188e-05,2.1088549679005355e-05,1.908622467793412e-05,1.9274126658626027e-05
8078,2.338671763727081e-05,2.108838833442131e-05,1.9086085569620135e-05,1.9273963064128527e-05
8079,2.3386536968062414e-05,2.1088228363627747e-05,1.9085947549019707e-05,1.92738006757998e-05
8080,2.338635765001857e-05,2.108806976746019e-05,1.908581061625147e-05,1.9273639495853658e-05
8081,2.3386179685502642e-05,2.1087912546747812e-05,1.908567477143453e-05,1.9273479526546058e-05
8082,2.3386003076923e-05,2.1087756702319623e-05,1.908554001468902e-05,1.927332077017388e-05
8083,2.3385827826735486e-05,2.1087602234999713e-05,1.9085406346138186e-05,1.927316322907795e-05
8084,2.338565393744259e-05,2.1087449145606646e-05,1.908527376590499e-05,1.927300690564215e-05
8085,2.338548141159686e-05,2.1087297434957655e-05,1.9085142274116643e-05,1.927285180229429e-05
8086,2.3385310251799045e-05,2.1087147103864114e-05,1.9085011870900358e-05,1.927269792150601e-05
8087,2.3385140460700787e-05,2.1086998153133986e-05,1.9084882556386092e-05,1.9272545265796962e-05
8088,2.338497204100497e-05,2.1086850583571212e-05,1.9084754330705994e-05,1.927239383773221e-05
8089,2.3384804995465803e-05,2.108670439597628e-05,1.9084627193993656e-05,1.927224363992342e-05
8090,2.3384639326891244e-05,2.1086559591143437e-05,1.9084501146386405e-05,1.9272094675031782e-05
8091,2.3384475038142823e-05,2.1086416169863397e-05,1.9084376188022755e-05,1.9271946945765723e-05
8092,2.3384312132136562e-05,2.1086274132923953e-05,1.9084252319045613e-05,1.9271800454884967e-05
8093,2.3384150611845575e-05,2.1086133481106198e-05,1.9084129539598587e-05,1.9271655205198615e-05
8094,2.3383990480297664e-05,2.1085994215188373e-05,1.9084007849829536e-05,1.927151119956747e-05
8095,2.338383174057881e-05,2.108585633594228e-05,1.9083887249889227e-05,1.92713684409044e-05
8096,2.3383674395832943e-05,2.1085719844136673e-05,1.9083767739932002e-05,1.9271226932174928e-05
8097,2.3383518449264974e-05,2.1085584740534027e-05,1.908364932011496e-05,1.9271086676396497e-05
8098,2.338336390413764e-05,2.108545102589337e-05,1.9083531990599143e-05,1.927094767664449e-05
8099,2.3383210763776958e-05,2.108531870096763e-05,1.9083415751549737e-05,1.9270809936046423e-05
8100,2.3383059031568292e-05,2.1085187766505322e-05,1.9083300603136624e-05,1.927067345778599e-05
8101,2.3382908710961463e-05,2.1085058223248555e-05,1.9083186545533056e-05,1.9270538245103693e-05
8102,2.3382759805470352e-05,2.108493007193653e-05,1.9083073578918203e-05,1.9270404301298647e-05
8103,2.338261231867118e-05,2.1084803313301373e-05,1.9082961703474087e-05,1.9270271629725098e-05
8104,2.3382466254207007e-05,2.108467794807025e-05,1.9082850919389876e-05,1.9270140233797932e-05
8105,2.338232161578571e-05,2.1084553976964646e-05,1.9082741226859904e-05,1.9270010116990555e-05
8106,2.33821784071835e-05,2.1084431400701203e-05,1.9082632626084274e-05,1.9269881282835622e-05
8107,2.3382036632242203e-05,2.1084310219990765e-05,1.9082525117268138e-05,1.9269753734927846e-05
8108,2.3381896294872494e-05,2.1084190435537704e-05,1.9082418700625137e-05,1.9269627476921284e-05
8109,2.3381757399054477e-05,2.1084072048042093e-05,1.908231337637477e-05,1.9269502512532397e-05
8110,2.3381619948836504e-05,2.10839550581968e-05,1.9082209144744344e-05,1.9269378845539434e-05
8111,2.3381483948337566e-05,2.1083839466689732e-05,1.9082106005969717e-05,1.9269256479782458e-05
8112,2.3381349401747158e-05,2.1083725274201995e-05,1.9082003960293513e-05,1.926913541916554e-05
8113,2.338121631332535e-05,2.108361248140898e-05,1.9081903007969146e-05,1.9269015667655475e-05
8114,2.3381084687404525e-05,2.108350108898109e-05,1.908180314925853e-05,1.9268897229282017e-05
8115,2.338095452838816e-05,2.1083391097580182e-05,1.908170438443402e-05,1.9268780108139927e-05
8116,2.338082584075189e-05,2.1083282507864102e-05,1.908160671377884e-05,1.9268664308386643e-05
8117,2.338069862904445e-05,2.1083175320483643e-05,1.908151013758791e-05,1.9268549834245495e-05
8118,2.3380572897885842e-05,2.1083069536081623e-05,1.908141465616774e-05,1.9268436690002145e-05
8119,2.3380448651970308e-05,2.108296515529732e-05,1.9081320269838698e-05,1.926832488000727e-05
8120,2.3380325896063923e-05,2.108286217876041e-05,1.9081226978935958e-05,1.9268214408676783e-05
8121,2.33802046350056e-05,2.108276060709633e-05,1.9081134783807947e-05,1.926810528048873e-05
8122,2.3380084873706373e-05,2.108266044092283e-05,1.9081043684819836e-05,1.9267997499986084e-05
8123,2.337996661715055e-05,2.1082561680850572e-05,1.9080953682354943e-05,1.92678910717755e-05
8124,2.3379849870393333e-05,2.1082464327483187e-05,1.9080864776813605e-05,1.926778600052604e-05
8125,2.3379734638561692e-05,2.108236838141908e-05,1.90807769686169e-05,1.9267682290969396e-05
8126,2.337962092685353e-05,2.1082273843247024e-05,1.9080690258205967e-05,1.9267579947899434e-05
8127,2.337950874053746e-05,2.108218071355158e-05,1.908060464604615e-05,1.9267478976171294e-05
8128,2.3379398084950455e-05,2.108208899290762e-05,1.908052013262528e-05,1.926737938070027e-05
8129,2.3379288965498327e-05,2.1081998681885182e-05,1.9080436718459766e-05,1.9267281166461106e-05
8130,2.3379181387654724e-05,2.1081909781044212e-05,1.9080354404092567e-05,1.926718433848604e-05
8131,2.337907535695864e-05,2.1081822290940603e-05,1.908027319009703e-05,1.9267088901866202e-05
8132,2.337897087901432e-05,2.1081736212120432e-05,1.9080193077080193e-05,1.926699486174657e-05
8133,2.3378867959488196e-05,2.1081651545122782e-05,1.908011406568305e-05,1.926690222332699e-05
8134,2.3378766604108646e-05,2.108156829048002e-05,1.9080036156587107e-05,1.926681099186032e-05
8135,2.3378666818664415e-05,2.1081486448716537e-05,1.9079959350512782e-05,1.9266721172649425e-05
8136,2.3378568608999978e-05,2.1081406020348375e-05,1.907988364822617e-05,1.9266632771046347e-05
8137,2.3378471981015654e-05,2.108132700588451e-05,1.9079809050542003e-05,1.9266545792448724e-05
8138,2.3378376940665152e-05,2.1081249405826446e-05,1.907973555832775e-05,1.926646024230031e-05
8139,2.3378283493950844e-05,2.108117322066748e-05,1.9079663172506288e-05,1.926637612608502e-05
8140,2.3378191646923295e-05,2.1081098450892506e-05,1.907959189406387e-05,1.9266293449326265e-05
8141,2.3378101405676857e-05,2.1081025096979498e-05,1.907952172405367e-05,1.9266212217584446e-05
8142,2.3378012776346213e-05,2.1080953159396942e-05,1.90794526636028e-05,1.926613243645235e-05
8143,2.337792576510397e-05,2.1080882638607034e-05,1.9079384713918127e-05,1.926605411155313e-05
8144,2.3377840378156078e-05,2.108081353506244e-05,1.9079317876293597e-05,1.9265977248536694e-05
8145,2.3377756621737912e-05,2.1080745849208385e-05,1.907925215211902e-05,1.9265901853075684e-05
8146,2.3377674502110184e-05,2.1080679581481344e-05,1.9079187542889335e-05,1.926582793086209e-05
8147,2.3377594025555124e-05,2.1080614732309983e-05,1.9079124050214445e-05,1.9265755487602778e-05
8148,2.337751519837074e-05,2.1080551302114194e-05,1.9079061675829355e-05,1.9265684529015414e-05
8149,2.337743802686655e-05,2.108048929130536e-05,1.907900042160863e-05,1.926561506082471e-05
8150,2.337736251735863e-05,2.108042870028694e-05,1.9078940289579488e-05,1.926554708875663e-05
8151,2.3377288676164028e-05,2.1080369529453743e-05,1.9078881281936796e-05,1.926548061853465e-05
8152,2.337721650959519e-05,2.108031177919158e-05,1.9078823401062146e-05,1.92654156558734e-05
8153,2.3377146023953884e-05,2.108025544987805e-05,1.9078766649542558e-05,1.9265352206476186e-05
8154,2.337707722552547e-05,2.108020054188163e-05,1.907871103019218e-05,1.9265290276025008e-05
8155,2.3377010120573e-05,2.1080147055562905e-05,1.9078656546078252e-05,1.926522987018005e-05
8156,2.3376944715329438e-05,2.1080094991272916e-05,1.907860320054961e-05,1.9265170994570113e-05
8157,2.3376881015992573e-05,2.1080044349354306e-05,1.9078550997266154e-05,1.926511365478819e-05
8158,2.337681902871759e-05,2.1079995130140515e-05,1.9078499940236974e-05,1.9265057856385697e-05
8159,2.3376758759608998e-05,2.1079947333956485e-05,1.9078450033859895e-05,1.926500360486581e-05
8160,2.3376700214715184e-05,2.107990096111794e-05,1.9078401282967077e-05,1.9264950905675775e-05
8161,2.337664340001908e-05,2.107985601193194e-05,1.907835369287832e-05,1.9264899764202798e-05
8162,2.337658832143248e-05,2.107981248669635e-05,1.907830726945838e-05,1.926485018576613e-05
8163,2.3376534984786805e-05,2.1079770385699914e-05,1.907826201918606e-05,1.9264802175608942e-05
8164,2.3376483395826427e-05,2.1079729709221903e-05,1.9078217949229217e-05,1.926475573889464e-05
8165,2.337643356019991e-05,2.107969045753358e-05,1.9078175067532204e-05,1.9264710880696055e-05
8166,2.3376385483452556e-05,2.1079652630895987e-05,1.9078133382914183e-05,1.926466760599288e-05
8167,2.3376339171018234e-05,2.1079616229560922e-05,1.9078092905180974e-05,1.9264625919659246e-05
8168,2.3376294628211237e-05,2.1079581253772117e-05,1.9078053645252695e-05,1.926458582646221e-05
8169,2.3376251860218483e-05,2.1079547703762727e-05,1.9078015615307122e-05,1.9264547331051095e-05
8170,2.3376210872090763e-05,2.107951557975744e-05,1.9077978828940977e-05,1.9264510437951198e-05
8171,2.3376171668735757e-05,2.107948488197169e-05,1.9077943301354146e-05,1.9264475151556695e-05
8172,2.3376134254908993e-05,2.1079455610610253e-05,1.907790904955079e-05,1.9264441476125257e-05
8173,2.3376098635206452e-05,2.1079427765870163e-05,1.907787609256544e-05,1.926440941576872e-05
8174,2.3376064814057405e-05,2.1079401347938258e-05,1.907784445171011e-05,1.9264378974448378e-05
8175,2.3376032795715282e-05,2.1079376356991727e-05,1.9077814150838127e-05,1.9264350155967122e-05
8176,2.3376002584251692e-05,2.1079352793198764e-05,1.907778521662716e-05,1.9264322963963e-05
8177,2.33759741835486e-05,2.1079330656717833e-05,1.907775767886344e-05,1.9264297401904502e-05
8178,2.3375947597291076e-05,2.1079309947698515e-05,1.9077731570723783e-05,1.926427347308252e-05
8179,2.3375922828961067e-05,2.1079290666279822e-05,1.907770692903019e-05,1.9264251180604972e-05
8180,2.3375899881830472e-05,2.1079272812591774e-05,1.9077683794447816e-05,1.9264230527392132e-05
8181,2.33758787589554e-05,2.1079256386754915e-05,1.907766221159305e-05,1.9264211516171047e-05
8182,2.337585946316982e-05,2.1079241388879845e-05,1.9077642228998478e-05,1.926419414946916e-05
8183,2.3375841997080666e-05,2.107922781906841e-05,1.9077623898874895e-05,1.9264178429611317e-05
8184,2.337582636306227e-05,2.1079215677411802e-05,1.9077607276599982e-05,1.9264164358713905e-05
8185,2.337581256325236e-05,2.1079204963992057e-05,1.9077592419867974e-05,1.926415193868318e-05
8186,2.3375800599546943e-05,2.107919567888191e-05,1.907757938743874e-05,1.9264141171208374e-05
8187,2.337579047359721e-05,2.1079187822143827e-05,1.9077568237457478e-05,1.9264132057760733e-05
8188,2.3375782186806128e-05,2.107918139383124e-05,1.9077559025366847e-05,1.9264124599590876e-05
8189,2.337577574032529e-05,2.1079176393987388e-05,1.9077551801501966e-05,1.9264118797724036e-05
8190,2.3375771135053025e-05,2.1079172822646015e-05,1.907754660854716e-05,1.926411465296059e-05
8191,2.3375768371632168e-05,2.1079170679831535e-05,1.9077543479096718e-05,1.9264112165873554e-05
8192,2.3375767450448937e-05,2.10791699655587e-05,1.9077542433619784e-05,1.9264111336805942e-05
