particle_4um_00010.npy,particle_4um_00011.npy,particle_4um_00012.npy
0.3845559444609825,1.4072245881671137,0.958770860851819
0.4170830086085491,1.3775960668973273,0.9420242821999608
0.4053281788745019,1.3858083203510532,0.9489483484794304
0.43431268977285026,1.3991733598335203,0.9330068933326859
0.4505762197464016,1.4160809390993054,0.9112685441276918
0.4283547627454489,1.4217167986553652,0.9043444770343728
0.44961006947387516,1.4471586776971073,0.9069208741098191
0.42577836183462403,1.4507012176558085,0.9233454049791127
0.3988871760987306,1.4358869593847963,0.8996747572823628
0.3803692924016465,1.450218144027395,0.8835722748573548
0.3372145680073697,1.4574642483767335,0.8884030196697519
0.32143410764558433,1.4635831808101145,0.8755210333416699
0.3236884591730917,1.5167212733173991,0.8858266224455283
0.3083910734987064,1.5463497816544574,0.909658295979798
0.2750588727286212,1.5212299595464855,0.9294643476368525
0.24559127208027826,1.4977203806508392,0.9244725786353669
0.22981080723953695,1.499974723907817,0.9309135708807889
0.22964978208412692,1.508186974209054,0.9326848437255916
0.21177598933465278,1.5019070181153877,0.9481432245011311
0.19744474938876763,1.4724395301766862,0.9449227285677086
0.1951903969798684,1.4262254862284933,0.9716528438346714
0.196961673873899,1.4136655706876453,0.9892045448152494
0.20420780652109247,1.3908000821509876,0.9790599838153021
0.20018217729271423,1.3851642220485973,0.973102066887834
0.1945462962887226,1.3584341413498868,0.9644067284705389
0.20710625953446682,1.3547305757752397,0.9495924476606136
0.16813816684639127,1.329127664757503,0.9590929104327016
0.14076388404940302,1.335568648854696,0.9497534724557072
0.10227885902112333,1.3516711085289792,0.9074039485591608
0.04914053241855471,1.3529593052678222,0.8885640444955786
0.007596016451878474,1.3651971740274518,0.8916235161709248
-0.028956720996971986,1.3745365998703207,0.8544267796122351
-0.056653071061977825,1.370833034482584,0.8399345434218216
-0.10640989195096962,1.4033599985923542,0.8259253811489073
-0.1371657300415994,1.4286408545450155,0.7954916816902167
-0.16003132883712776,1.4373361803329903,0.7964578309237287
-0.17661694023968297,1.4344377384300147,0.8106280193478248
-0.2115594447071361,1.372443280308622,0.8370360961051904
-0.24988348619063772,1.3201102868030767,0.8855045727910451
-0.26228244175680654,1.3133472531700916,0.9196418343663743
-0.28997881174422785,1.3033637270690708,0.9787379342544876
-0.3268536335900527,1.2914479051850032,1.0281725380499436
-0.38289048877212817,1.2816254030273004,1.0296217608473917
-0.4196042956796715,1.2930581514115385,1.0326812311760207
-0.4708104017071133,1.2806592552577636,1.050554978301108
-0.47145450372103637,1.2822695015387011,1.0330032806825968
-0.4774124474102493,1.2866171664566766,1.0186720773264701
-0.48031090654173064,1.3196272129769009,0.9763225625380608
-0.542627784109728,1.3072283178548876,0.959575984803419
-0.5431108607266004,1.2957955699780126,0.9718138686186798
-0.5701631524147526,1.2821084769109727,0.9439565797813717
-0.5743498168052991,1.2977278654225706,0.9489483484794304
-0.5778923790239311,1.345230124756763,0.9302694716620705
-0.563883155929799,1.3536034036352933,0.9189977351250087
-0.618631847305923,1.3817827059393684,0.9160992885228508
-0.6745077271023792,1.4523114630785672,0.90869214708718
-0.6756349063322243,1.472600554708346,0.9322017693143433
-0.7207220787192892,1.4870927622245331,0.9632795549547245
-0.6970513124392491,1.512695660558932,0.9426683813950587
-0.7208831043461215,1.5046444348893846,0.9331679181361118
-0.7448759236318697,1.5250945476920506,0.9132008418944897
-0.7384348981470912,1.5068987780973682,0.9323627941181736
-0.7400451545063715,1.5221961065872724,0.943473505387111
-0.7535713082379025,1.5352390913510623,0.9697205464202582
-0.8004297737120226,1.5133397586037054,0.9827635537414011
-0.854051324924071,1.4730836283028368,0.977771785570102
-0.8368215762778776,1.4379802785300728,0.974068215586301
-0.844067732139898,1.4394294994687513,0.9859840492945123
-0.8377877303835305,1.407707661860666,1.0183500278054813
-0.8261938813042287,1.4135045461262172,1.0305879093753798
-0.8199138798913678,1.3956308193023519,1.034291478705663
-0.805260543730792,1.406580489907906,1.052648299971203
-0.7880307976575195,1.368900739480611,1.0632759328543762
-0.7867425923801465,1.3668074198819335,1.0658523286517063
-0.7703179755390416,1.375180698194234,1.0664964275977986
-0.7708010524931657,1.368739714896585,1.041376567739886
-0.7666143855811655,1.3526372560835989,1.0144854335283542
-0.7366636161610575,1.32204258210047,1.0007983284218287
-0.7149251562062412,1.3341194274441601,0.986306098848043
-0.7281292576357983,1.3647141002695224,0.9627964805895903
-0.7424605390601849,1.348128567470348,0.9313966452939785
-0.7261969500761546,1.3526372560835989,0.9082090726397793
-0.7163743868248499,1.3738925015451071,0.9265659011293241
-0.7311887446286292,1.3909611067238785,0.9346171413633044
-0.7519610518119052,1.3850031974727803,0.9180315862605344
-0.7835220792089433,1.4027159003253415,0.9444396541749042
-0.777725155580806,1.4017497529223835,0.9449227285677086
-0.796082080756211,1.4088348338094423,0.9644067284705389
-0.8191087515138331,1.4207506513099721,1.0241469191337307
-0.7967261834126798,1.4366920821346063,1.0457242359332648
-0.7881918233175483,1.4511842912834902,1.0734204911864336
-0.7862595154024415,1.4147927426153633,1.097735224927317
-0.7772420786164391,1.4429720395133427,1.0587672401591515
-0.7658092573350118,1.4284798299911499,1.0510380525338832
-0.7086451569333047,1.4081907355534866,1.0780902084058213
-0.6870677244550306,1.413182497003118,1.0402493944949285
-0.6833641354417974,1.399334384402184,1.0405714439938927
-0.6778892648035995,1.416725037339325,1.0243079438913507
-0.7092892594172747,1.4213947495405592,1.0434698894699936
-0.7247477194139292,1.4286408545450155,1.073098441720516
-0.7584020775635449,1.4432940886063537,1.060377487557593
-0.7952769524374111,1.4505401931130852,1.0595723638593848
-0.8255497785896623,1.4751769472038359,1.03010483511175
-0.8516359395450961,1.4516673649104401,0.9826025289628956
-0.873696460002661,1.417852209256229,1.0210874487235637
-0.8844851822283405,1.43170032105301,1.0452411616924715
-0.8891549277797004,1.4257424125629934,1.0534534236868258
-0.8856123621829073,1.402071802057028,1.052004200997247
-0.9047744220050409,1.368900739480611,1.0412155429908494
-0.8827138994504438,1.3821047550941727,1.0109428887333554
-0.874823639920032,1.397885163281284,1.033486354941854
-0.8434236293901013,1.4141486443714408,1.024629993406348
-0.843745680764841,1.4017497529223835,0.9859840492945123
-0.8261938813042287,1.405614342516655,0.9632795549547245
-0.8028451587124776,1.4207506513099721,0.9742292403690955
-0.7986584913897066,1.4276747072206022,1.0320371321618964
-0.8023620817109578,1.4181742583746124,0.9975778330176474
-0.7690297703315377,1.4184963074926709,0.9834076528546131
-0.7851323357905754,1.4093179075005555,0.9748733394994645
-0.7706400268417116,1.4497350703982488,0.9561944641931062
-0.755825667247641,1.4756600207944215,0.9452447781625071
-0.7746656681518849,1.448446874050281,0.9349391909684576
-0.8005907993781638,1.4329885174686456,0.9378376374002743
-0.7976923373997643,1.4088348338094423,0.9201249087965491
-0.8079979801064715,1.4072245881671137,0.9483042492969528
-0.8018790047101524,1.3916052050146288,0.9503975716352723
-0.7980143887294275,1.3858083203510532,0.9542621666854788
-0.8289313178553005,1.4122163496318676,0.9228623305537906
-0.8311856773851675,1.4102840548805866,0.9193197847458532
-0.8385928588070899,1.367934591975236,0.9598980343834924
-0.8307026003417438,1.3766299194182845,0.9645677532581888
-0.7972092604058648,1.3748586490324401,0.9846958510771525
-0.7653261803882725,1.3701889361498931,1.0019255018056425
-0.7271631038545464,1.3769519685782907,1.0264012657330446
-0.6836861866586704,1.3727653294728541,1.018833102086843
-0.6580831159093862,1.3738925015451071,0.9793820333757928
-0.6518031177306473,1.351349059343456,0.982119454626894
-0.6603374742594547,1.3626207806433772,0.9951624614432633
-0.6311918425066558,1.3766299194182845,0.989848643915512
-0.6237846657912784,1.4135045461262172,0.970203620774954
-0.6118687731674937,1.433954664776957,1.007239319133052
-0.6326410727532604,1.4412007694959676,0.9975778330176474
-0.6134790289020123,1.4717954320492341,0.9518467947845609
-0.612190824313761,1.4571421992980385,0.9379986622012735
-0.5780534045802386,1.454726831197454,0.9255997522876578
-0.527813434873519,1.4342767138790766,0.9120736681986061
-0.5009221722209737,1.4307341737378674,0.8760041078383103
-0.5047867846811018,1.4426499904200067,0.8950050374623495
-0.4767683453845362,1.4151147917368365,0.911751618570483
-0.4780565494372369,1.4312172473958047,0.9041834522164701
-0.48675192692631203,1.4212337249830345,0.9199638839865716
-0.46807296816216054,1.3795283618466352,0.9075649733754462
-0.46340322863861483,1.3840370500161705,0.8755210333416699
-0.4419868378889833,1.3812996322065523,0.8719784870107431
-0.44359709278355924,1.3775960668973273,0.8656985184188561
-0.42137557594228336,1.408995858373228,0.8516893572708586
-0.3962556022104669,1.3727653294728541,0.8049921490267978
-0.3746781904258622,1.3801724601604701,0.7921101593500267
-0.33989669384742033,1.3961138930134644,0.806924447433726
-0.31075109078455104,1.384520123744841,0.8539437050831011
-0.2788680583841885,1.391122131296688,0.8690800399836112
-0.2421542673759716,1.4250983143411882,0.9246336034430795
-0.20093177013914837,1.4434551131527371,0.9140059659605516
-0.15761594860652448,1.5012629200474994,0.9065988244765205
-0.14875955458153028,1.5159161507697756,0.8925896651149704
-0.118325766048268,1.4943388657354655,0.8916235161709248
-0.0479577050888976,1.4713123584527905,0.9088531719028186
0.00888421857745142,1.436370033034926,0.9323627941181736
0.05042873437879953,1.4402346222096152,0.9085311222714606
0.11644907797429381,1.4209116758677407,0.906115750025966
0.17039251944400302,1.3983682369889823,0.9014460302997511
0.22208159968930744,1.4086738092455753,0.8877589203656362
0.2505830516142656,1.4151147917368365,0.8859876472726488
0.29132241073243614,1.4267085598932616,0.8884030196697519
0.3111285004621314,1.413021472441446,0.9067598492932102
0.3615293574620239,1.3990123352647752,0.8966152856838286
0.3531560526911635,1.3817827059393684,0.8851825231362386
0.3876154209315064,1.377918116056358,0.9109464944987601
0.41450660760762803,1.3772740177379716,0.8845384238256553
0.40468407860271555,1.3851642220485973,0.8803517782753337
0.45814439678096625,1.3906390575780154,0.878902554802874
0.47585715084778635,1.3672904936366936,0.8806738279349909
0.48197610202635827,1.3701889361498931,0.8787415299721966
0.5244867070050266,1.397241065003215,0.8814789520827195
0.5240036319799747,1.3854862711999878,0.8834112500290218
0.5586240069398068,1.379689386425216,0.9189977351250087
0.6128894243830276,1.355696723320596,0.9254387274804303
0.6117622496330792,1.3542475020014646,0.8753600085092947
0.6558830868962713,1.3777570914768833,0.8552319038258419
0.6940459959960205,1.3903170084318273,0.8690800399836112
0.6937239461491571,1.389189836417608,0.9178705614495054
0.7357514484374507,1.3529593052678222,0.9710087446978284
0.764413879794698,1.368417665728289,1.0146464582908323
0.7832537911473979,1.3392722146517242,1.0341304539530631
0.8027378008706799,1.3201102868030767,1.0722933180543048
0.814170566356106,1.2935412252779157,1.077285084752167
0.8228659088470214,1.3030416778348077,1.0830819750132707
0.8801907534453837,1.3180169668843682,1.0901670629675797
0.880029728615353,1.3294497139654495,1.080827628813096
0.8943609381714939,1.346679346116846,1.0766409858277852
0.9099803456100237,1.375180698194234,1.049749854578196
0.9172264622045815,1.3634259035781353,1.0022475513431466
0.9239895042117432,1.3666463952968513,1.03010483511175
0.9123957178264058,1.3745365998703207,1.0201213001669123
0.8801907534453837,1.377918116056358,1.0402493944949285
0.8737497601810972,1.3619766822941082,1.0433088647220097
0.8412227422208093,1.347162419902078,1.0043408733290298
0.8515283324265208,1.3252630742367986,1.0032136999537156
0.856842152246994,1.2822695015387011,1.0054680467003774
0.8695631144899518,1.2724469990986897,0.9739071908034254
0.8510452578930225,1.2497425250894465,0.9610252079112012
0.8623169968184548,1.2729300729962454,0.9386427614044609
0.848790910060414,1.2581158064721818,0.9301084468571886
0.8711733628391669,1.230902641175883,0.9255997522876578
0.8954881119296423,1.2262329261879,0.892750689938695
0.9048275514875959,1.2054607448972159,0.9020901295763757
0.8692410648191389,1.2450728103768223,0.9417022326019262
0.861028798104164,1.2775997873016134,0.9378376374002743
0.8742328346804054,1.2772777380413662,0.9465329765384648
0.8826061258861438,1.2909648313154591,0.9433124805888623
0.8864707217535245,1.2935412252779157,0.9302694716620705
0.8537826802398948,1.2687434325264884,0.9286592236096122
0.8214166851148955,1.2668111369065524,0.9012850054803929
0.8035429252139681,1.2412082188388935,0.8745548843462065
0.7700497508280474,1.2271990741220473,0.899513732462115
0.7694056512863852,1.2267160001553388,0.8798687037852414
0.7739143480508899,1.2217242357899216,0.8634441706892159
0.7734312734005782,1.2194698905670769,0.827535629717132
0.7230304808920355,1.230741616522261,0.8144926160821928
0.6940459959960205,1.2052997202307743,0.7991952537362221
0.6611969099538139,1.22285140839538,0.7917881096014843
0.6283478205551929,1.230580591868558,0.7595831331159607
0.5932443781756334,1.2175375946491236,0.7653800291217255
0.5463861073794654,1.222368334422099,0.7911440101034303
0.5119267561181255,1.213511978115862,0.8008055024385494
0.47505202568405824,1.2188257919290573,0.8017716516560686
0.42883783791393576,1.225749852219731,0.7983901293820297
0.4101589308718805,1.210130460188735,0.8251202568617652
0.36555498467833186,1.201274103543366,0.8584524006600637
0.3616903825516409,1.2170545206678096,0.8705292635004509
0.32159513275521434,1.213511978115862,0.9169044125816342
0.2771521994483229,1.2494204758011123,0.935261240573287
0.23737898945325414,1.246199982899912,0.9367104637910154
0.18343555916436804,1.2560224861470743,0.9157772388987714
0.1618581845272788,1.2552173629414574,0.9246336034430795
0.1280428930196177,1.2507086729525017,0.9611862327005503
0.11709317882104969,1.3091606132302536,0.9571606129425507
0.09277837096624385,1.3133472531700916,0.9218961817009627
0.05815794603258531,1.3228477051375982,0.9083700974556604
0.0523610373095524,1.3399163130468206,0.8970983601486957
0.005663713253909218,1.342975780405775,0.8776143561551905
-0.04844078097016857,1.318661065322356,0.8916235161709248
-0.06647561438633309,1.2767946641503867,0.8892081437980769
-0.07162842411817781,1.2553783875827431,0.8826061258861438
-0.12444472859274115,1.247166130773681,0.8698851641604417
-0.16582824146395592,1.3048129486192337,0.856198052879503
-0.23909478497933243,1.3152795485084219,0.8679528661326535
-0.28724137972168834,1.3072283178548876,0.8698851641604417
-0.3580925689080679,1.3001432347118236,0.9011239806609538
-0.4692001466778821,1.310287785527149,0.9191587599354715
-0.5207283115639694,1.3162456961732008,0.9330068933326859
-0.5854605802563957,1.3052960224678265,0.9373545629967917
-0.6859405451856827,1.308033440929378,0.9600590591734078
-0.7621056674282741,1.3099657362998707,0.9489483484794304
-0.8166933663931333,1.370349960733188,0.9389648110055694
-0.8814256937998189,1.3523152068990507,0.9125567426401843
-0.9268349460477697,1.3743755752891393,0.9379986622012735
-0.95630265566661,1.370672009899533,0.9618303318571373
-0.9989744803100241,1.3354076242538504,0.9286592236096122
-1.043578619939502,1.3378229932580055,0.9207690080356499
-1.0922084108611447,1.3167287700044938,0.9149721148371572
-1.1429315448425301,1.3156015977303397,0.9003188565625452
-1.2034772642484974,1.3270343448979296,0.9135228915211571
-1.2715912119343689,1.3146354500636113,0.9030562784888865
-1.3501718594411531,1.2854899940762183,0.866342617767272
-1.432134071224548,1.2891935604542117,0.8294679279883364
-1.5190881099806028,1.2917699544309598,0.8140095414929414
-1.5569292266118282,1.3118980316586684,0.7917881096014843
-1.6179581004647456,1.3014314316586204,0.7743974227004748
-1.6751223593094886,1.3199492621944326,0.7314037760418801
-1.7099039977085269,1.3536034036352933,0.7161064097378983
-1.7654580110890257,1.3534423790435475,0.7112756623326912
-1.8127996994341289,1.3457131985441886,0.7355904235349604
-1.8838122446721604,1.370833034482584,0.7492775399584665
-1.9582063560438234,1.3565018462728253,0.7727871738656987
-2.0111839910065394,1.3350855750519153,0.7888896618500649
-2.097172024461983,1.344263977179718,0.7682784770853673
-2.1416152864564264,1.3313820092063056,0.7692446264007677
-2.1562686821157726,1.3719602065616638,0.7847030150518185
-2.15916715605917,1.368900739480611,0.7847030150518185
-2.1588451033975415,1.3832319271334272,0.7838978906612812
-2.1588451033975415,1.4201065530780836,0.7988732039947875
-2.1590061297283167,1.4126994233178587,0.8098228950223081
-2.1588451033975415,1.4062584407778143,0.8346207233213316
-2.1588451033975415,1.4151147917368365,0.8214166851148955
-2.1590061297283167,1.413343521564708,0.8339766239092321
-2.15916715605917,1.3936985244505855,0.8104669944828831
-2.1586840770668445,1.3986902861270414,0.8254423065768645
-2.1590061297283167,1.3743755752891393,0.8415447919197482
-2.1590061297283167,1.3709940590655534,0.8426719658634886
-2.1590061297283167,1.370833034482584,0.8236710331398193
-2.1585230507362256,1.3758247965168473,0.8128823674485276
-2.1588451033975415,1.3771129931581716,0.8123992928568528
-2.1586840770668445,1.3825878288257694,0.7958137314350439
-2.1588451033975415,1.3811386076287844,0.8075685469001171
-2.1588451033975415,1.4154368408579847,0.8024157511327993
-2.1586840770668445,1.4184963074926709,0.811433143671322
-2.1586840770668445,1.4392684749203346,0.7942034827076775
-2.1588451033975415,1.4358869593847963,0.7863132638268356
-2.1586840770668445,1.4350818366329532,0.7803553433189326
-2.1586840770668445,1.4378192539809243,0.7541082867922159
-2.158362024405685,1.4152758162974513,0.755396485935611
-2.1586840770668445,1.3832319271334272,0.7257679043304188
-2.1585230507362256,1.3848421728968818,0.7457349922342065
-2.158362024405685,1.3495777888172686,0.7494385648540953
-2.1585230507362256,1.3202713114116396,0.7586169837714934
-2.1585230507362256,1.344263977179718,0.7367175978506978
-2.1588451033975415,1.340882460637027,0.7159453848255616
-2.1585230507362256,1.3526372560835989,0.7458960171316114
-2.1586840770668445,1.3255851234486444,0.7510488138059443
-2.1585230507362256,1.3202713114116396,0.7629646557987069
-2.1588451033975415,1.3449080755647396,0.7686005268574905
-2.158362024405685,1.3403993868422894,0.7463790918233417
-2.1580399717448384,1.3376619686582971,0.7188438332352762
-2.1585230507362256,1.3416875836266322,0.7038685161703192
-2.158362024405685,1.367451518221451,0.6737568550133993
-2.1585230507362256,1.3608495101797584,0.6652225334237828
-2.1582009980752224,1.358112092171189,0.6827742511637915
-2.1588451033975415,1.3722822557263836,0.6950121455346742
-2.1601333140459325,1.3793673372679733,0.7355904235349604
-1.9899285255043941,1.3919272541595162,0.7534641872185806
-1.781721651557954,1.3895118855649342,0.7420314195716137
-1.5712605442582843,1.3531203298598118,0.7360734982421893
-1.3566128969554252,1.3423316820168534,0.7653800291217255
-1.12248126448352,1.3484506166591212,0.7600662077871044
-0.8983333933681146,1.3444250017760953,0.7686005268574905
-0.6923815696344098,1.3337973782409254,0.7917881096014843
-0.4460124751403648,1.350060862598113,0.83188330081098
-0.24102708964753966,1.35505262495735,0.8531385808662616
0.028207249845965694,1.3793673372679733,0.8473416864453724
0.22127647389218927,1.3444250017760953,0.8745548843462065
0.4318973139642053,1.3378229932580055,0.8859876472726488
0.6257714212447609,1.370672009899533,0.8719784870107431
0.781321492597995,1.367934591975236,0.9057937003918586
0.9856619997406579,1.364231026510862,0.8537826802398948
1.1445934152030044,1.375341722775009,0.8156197901209515
1.308033440929378,1.385647295775561,0.7898558111034456
1.457786297455103,1.384520123744841,0.7573287846410157
1.6102764994900665,1.394664671877932,0.7457349922342065
1.7904628214285394,1.3943426227358082,0.7623205562428337
1.935545746313534,1.407707661860666,0.7605492824575214
2.077247096113613,1.3896729101384755,0.7714989747920639
2.1899640336304778,1.4297680264197974,0.7621595313536635
2.277561168762127,1.4447433095208764,0.7425144942691562
2.399778454584896,1.4566591256793855,0.7592610833347945
2.5228008130633928,1.442327941326345,0.8004834526987302
2.607016352765228,1.3967579912938097,0.8173910636024317
2.688172415601942,1.343458854196613,0.8484688603687481
2.7683623142700804,1.329127664757503,0.8291458782772769
2.805880874293775,1.3209154098450786,0.815458765258514
2.83132264206136,1.3189831145408626,0.8111110939421655
2.8743160044280116,1.2978888900424224,0.7888896618500649
2.9223010985441573,1.2843628216917817,0.7555575108281721
2.9546668793583954,1.2977278654225706,0.7557185357206525
2.9656164959924123,1.3354076242538504,0.7296325020860747
2.9574042835527314,1.3571459446331458,0.7521759880674351
2.951607427583519,1.3584341413498868,0.7552354610429692
2.9657775197635905,1.3130252039458994,0.7608713322373958
2.959980663949109,1.3051349978517102,0.730920701327629
2.969803114016174,1.3164067207837131,0.7233525307095265
2.980591706358319,1.3085165147730975,0.7264120039595897
2.9714133517027412,1.3028806532175545,0.7251238046999565
2.9871936805936086,1.3127031547213823,0.7605492824575214
2.981879896463923,1.3230087297447801,0.7695666761719218
2.925521574396633,1.3394332392506203,0.7711769250228476
2.8698073374898034,1.350543936378226,0.7935593832144695
2.839534857799613,1.3275174187128957,0.8262474308631986
2.7822103669891756,1.3784011897942947,0.8314002262479057
2.7103937148712682,1.3948256964488719,0.8507232082036198
2.657899918419595,1.421877823212646,0.8626390464962193
2.607821472538986,1.4040040968580663,0.8875978955394053
2.522639789065345,1.4019107774897461,0.8917845409951346
2.4405175393432206,1.362459756056182,0.8814789520827195
2.355496834751841,1.4249372897855337,0.9170654373931483
2.275950927526536,1.4019107774897461,0.9106244448695048
2.1906081303008995,1.3811386076287844,0.8898522430992818
2.1123503752447106,1.4027159003253415,0.8748769340116843
2.047135564583746,1.3780791406357515,0.8747159091789859
1.991904245300158,1.3619766822941082,0.878419480310599
1.928299652859886,1.2985329885210182,0.8941999133485778
1.842312664574443,1.2304195672147737,0.9006409062021512
1.8036668195548993,1.1975705361461704,0.8855045727910451
1.7250869201805719,1.2128678794658345,0.9043444770343728
1.643286512488873,1.2197919398855999,0.8996747572823628
1.5630963286256219,1.2524799440271805,0.9172264622045815
1.4724395301766862,1.217859643969594,0.8867927714070376
1.4011056546521188,1.1834003648389875,0.8599016242249161
1.3051349978517102,1.2176986193093993,0.8587744503417079
1.2144781260884696,1.2233344823679309,0.8225438591293368
1.1236602039005814,1.2519968700986968,0.8125603177208253
1.0053070219332847,1.2613362992532524,0.7977460298972217
0.9223792561277405,1.2613362992532524,0.7942034827076775
0.8241541077145284,1.2566665847101068,0.7611933820169471
0.7202930574303283,1.230741616522261,0.7716599996765509
0.6449333906219731,1.2165714466857656,0.7429975689659722
0.5549204321219614,1.2156052987194867,0.7372006725562316
0.45701722148921214,1.2217242357899216,0.7222253563468958
0.3531560526911635,1.2685824078919403,0.7220643314376257
0.28777985796972333,1.2872612649580093,0.7262509790524181
0.18713913824826642,1.270675728134734,0.723513555618151
0.11129627115406543,1.30271962860022,0.7500826644358036
0.01709650700749061,1.291608929808022,0.7452519175415074
-0.06583151317561367,1.2676162600829466,0.715462310088067
-0.1200970446676873,1.240403095595941,0.7190048581461603
-0.18257487852333387,1.2299364932529337,0.7555575108281721
-0.2709778134752432,1.263429619543536,0.7689225766292905
-0.313810573856191,1.2822695015387011,0.778262019870991
-0.3730679358724858,1.2555394122239478,0.7851860896851717
-0.4733868097704534,1.2379877258549103,0.8347817481741545
-0.5413395798015704,1.2555394122239478,0.8196454116556323
-0.6295815866846501,1.2397589970001184,0.8117551934001555
-0.7018820809283772,1.2759895409971305,0.7879235125937768
-0.7621056674282741,1.2985329885210182,0.7829317413899717
-0.8323128571559333,1.3096436870722674,0.7840589155395502
-0.9059016020295458,1.2983719639014912,0.7764907461736116
-0.9643539429093334,1.3089995886160863,0.744929867745971
-1.0835130172525194,1.347162419902078,0.7098264380969669
-1.1319817882711811,1.3767909439983281,0.7167505093864384
-1.1992905918022594,1.3936985244505855,0.7346242741183232
-1.2300465329409305,1.4157588899788076,0.7328530001802749
-1.2809307141372521,1.4310562228432402,0.7199710076097705
-1.3229584773368448,1.398851310695949,0.7352683737297375
-1.349366729760745,1.3945036473069108,0.7343022243121319
-1.3899452681084377,1.3841980745924753,0.7233525307095265
-1.4442110196777356,1.3800114355821336,0.7252848296076931
-1.4884931677986775,1.377918116056358,0.7059618401030806
-1.529876853428076,1.3619766822941082,0.6829352760927494
-1.5250460727362498,1.3540864774100434,0.7000039181047799
-1.5609548775731434,1.3519931577141775,0.7001649430251053
-1.5963806081538299,1.3639089773380149,0.6764942788715093
-1.628585821077391,1.3935374998790766,0.6872829491441202
-1.6091016668826303,1.397885163281284,0.7117587370764802
-1.6111950057078355,1.3851642220485973,0.6985546938182208
-1.6282637689325796,1.3750196736133777,0.7083772138547063
-1.6413068810490845,1.3574679938128185,0.7418703946722713
-1.6595028284439923,1.3532813544517202,0.7206151072505632
-1.673834150550325,1.3403993868422894,0.7372006725562316
-1.6942844651960633,1.3558577479112044,0.7349463239241918
-1.704429109939575,1.3595613134727689,0.7297935269915514
-1.7316425235698845,1.3816216813618443,0.7359124733398603
-1.706683475480494,1.4012666792198067,0.7120807869052693
-1.6939624129870923,1.413343521564708,0.713530011130826
-1.660952063235429,1.4114112268202568,0.7372006725562316
-1.6535448632572218,1.4094789320640972,0.7423534693700561
-1.6464597156076748,1.3790452881104054,0.7513708635953452
-1.6144155270033427,1.402071802057028,0.7880845374700267
-1.5987959990139375,1.4228439705546239,0.7800332935585992
-1.6029826765467272,1.3740535261265325,0.794525532453797
-1.56723489317103,1.415597865418437,0.8004834526987302
-1.5062060287153372,1.3941815981646246,0.7921101593500267
-1.4849505957297249,1.3595613134727689,0.7879235125937768
-1.4388971623037097,1.384681148320902,0.7571677597493428
-1.3812498666122501,1.3705109853164013,0.7478283158941735
-1.3203820625798581,1.3866134432272936,0.7647359295706968
-1.2533952859917148,1.391122131296688,0.7214202317997382
-1.1833490318229105,1.3877406152506169,0.7383278468663187
-1.1421264156704165,1.366968444466935,0.7628036309098596
-1.119743825477154,1.3392722146517242,0.7483113905829977
-1.1157181799210838,1.3445860263723912,0.7515318884899247
-1.0849622495046,1.3542475020014646,0.728666352651519
-1.0619355600353024,1.3606884855916692,0.7529811125375065
-1.016365263269619,1.3803334847387259,0.809983919887573
-0.9791683119534931,1.4043261459904344,0.8066023977000458
-0.9181395568313715,1.4162419636594321,0.8127213425847167
-0.8537292735391764,1.4455484322483203,0.8301120274094856
-0.8096082368087626,1.4455484322483203,0.8512062827376028
-0.7983364400594083,1.436047983934921,0.8410617173712187
-0.773538488580034,1.445387407702994,0.8341376487623782
-0.7276461807448149,1.4648713770969106,0.8001614029585877
-0.6704820870275842,1.4571421992980385,0.8112721188067841
-0.6133180033282026,1.465193426167796,0.7911440101034303
-0.5493908568111355,1.4490909722249157,0.7713379499074962
-0.5083293461431816,1.4708292848556148,0.7927542588461424
-0.45374169880262655,1.4589134692268342,0.8383242949158143
-0.4295878754676811,1.4537606839520958,0.842832990712271
-0.4215366014211809,1.4515063403682047,0.8621559719794513
-0.3861109979841442,1.4605237146081074,0.8818010017412449
-0.34295617719346005,1.4515063403682047,0.9297863972471824
-0.34794796587250915,1.4566591256793855,0.943473505387111
-0.3436002789541908,1.4445822849751435,0.929142298026199
-0.362923332369606,1.4394294994687513,0.90869214708718
-0.33200644745633767,1.4461925304288112,0.8988696331803155
-0.31896338751564984,1.4716344075171675,0.9009629558414338
-0.31091211620865594,1.4798466585488224,0.935261240573287
-0.34279515175347686,1.4350818366329532,0.8866317465803216
-0.340540795602088,1.422682945997831,0.8473416864453724
-0.3579315434605863,1.3977241387118888,0.8370360961051904
-0.35873667069879206,1.4046481951224774,0.8164249144319271
-0.317997234948277,1.4069025390376724,0.8191623370741365
-0.2890126592630503,1.3936985244505855,0.8331714996422896
-0.24746810529128907,1.3917662295871132,0.8450873385867413
-0.24601887676030468,1.3948256964488719,0.8573252267717635
-0.254553222646994,1.3862913940770414,0.8896912182741019
-0.2458578513683724,1.4159199145390973,0.8930727395859017
-0.2753254994217671,1.4197845039616515,0.882123051399447
-0.2780629313438816,1.4639052298823017,0.8687579903123132
-0.3084967348554617,1.4418448676852427,0.8698851641604417
-0.2777408805283177,1.4408787204008424,0.8953270871072923
-0.26051116236122507,1.4474807267858887,0.9090141967183761
-0.2754865248283117,1.405131268819932,0.8816399769120226
-0.2875634305466721,1.426064461673408,0.8700461889955653
-0.28498702395574255,1.3948256964488719,0.87149541250804
-0.3215397943760218,1.3825878288257694,0.8466975870588084
-0.3152598026896545,1.3970800404334947,0.8368750712534987
-0.32910798964649907,1.391122131296688,0.7996783283477684
-0.31477672641111515,1.3423316820168534,0.7690836015150695
-0.3104290399365806,1.3763078702579534,0.7595831331159607
-0.30173366716204764,1.3660022969557086,0.7404211705745584
-0.3297520913797847,1.356823895453148,0.7545913614715946
-0.3347438798560327,1.3790452881104054,0.7674733526536466
-0.3595417979389919,1.3859693449264638,0.755396485935611
-0.3619571796715556,1.3970800404334947,0.7557185357206525
-0.3762884449872135,1.3954697947318186,0.7927542588461424
-0.3803140814254809,1.3841980745924753,0.8032208754768951
-0.3946453475502387,1.4070635636024338,0.7871183882113157
-0.37065255405737446,1.4060974162126463,0.7801943184388063
-0.36469461232348915,1.3653581986132655,0.7843809652958459
-0.4033407228101885,1.3882236889736788,0.8086957209631918
-0.40897661430654947,1.4017497529223835,0.8201284862364009
-0.3991540606189696,1.3964359421537995,0.8571642019302546
-0.39432329661914983,1.4276747072206022,0.8334935493493091
-0.40704430863965274,1.398851310695949,0.8365530215498731
-0.43248633417319915,1.4009446300843493,0.8549098541406417
-0.4216976269001581,1.346679346116846,0.8499180839786983
-0.4577673361994301,1.3458742231398346,0.8647323693938073
-0.44166478691102434,1.3698668869830604,0.8816399769120226
-0.44569042415842147,1.3655192231989983,0.8265694805771667
-0.48031090654173064,1.3618156577065876,0.7903388857290455
-0.47113245271391546,1.384520123744841,0.8133654420394755
-0.46952219768309106,1.359722338061427,0.8249592320040944
-0.48288731468026963,1.3594002888840293,0.822221809411329
-0.5009221722209737,1.344263977179718,0.8225438591293368
-0.50639703988636,1.3265512710822323,0.7876014628410348
-0.5094565247982896,1.3582731167605786,0.7927542588461424
-0.5262031795623591,1.3838760254397844,0.8040259998189716
-0.5192790818150963,1.3833929517101384,0.7914660598526188
-0.4854637228392001,1.384681148320902,0.7925932339722346
-0.4759632178541872,1.4209116758677407,0.7806773930789431
-0.48272628917101346,1.482262026459034,0.7853471145627945
-0.49206576883953185,1.500779846495729,0.7558795606130522
-0.5158975457594738,1.492889645046462,0.7636087553532881
-0.5526113676706801,1.4727615792399242,0.7668292531068166
-0.5537385464790423,1.4877368603210663,0.7505657391212373
-0.5714513568368835,1.4973983316128259,0.738810921569431
-0.616860565970392,1.5062546800395722,0.7521759880674351
-0.646006196442223,1.4907963262618198,0.7568457099657545
-0.6767620855659645,1.5096361948284736,0.7772958705827226
-0.6661343958026082,1.5463497816544574,0.7777789452272202
-0.6518031177306473,1.5336288463473962,0.7591000584440905
-0.6522861945093339,1.5188145919316973,0.7359124733398603
-0.685296442747804,1.4932116940890323,0.7259289292378326
-0.682881058617084,1.5044834103739182,0.7367175978506978
-0.6791774696513798,1.4544047821159933,0.7178776837682767
-0.682881058617084,1.4394294994687513,0.7293104522748789
-0.723942591271029,1.4239711424498982,0.7159453848255616
-0.6996277222912173,1.4357259348345903,0.7421924444708753
-0.6654902934038367,1.4458704813387284,0.772626148981777
-0.671931317448787,1.4497350703982488,0.7566846850738393
-0.6727364454633487,1.4271916335572978,0.7663461784458463
-0.6753128551232997,1.426064461673408,0.7827707165111374
-0.683847212267226,1.413343521564708,0.7642528549065776
-0.6709651638339362,1.4246152406739805,0.7690836015150695
-0.6477774779360866,1.4102840548805866,0.7615154317961755
-0.6513200409526761,1.4244542161180818,0.7631256806874732
-0.6609815766480505,1.4099620057542348,0.7552354610429692
-0.6772451623816168,1.4379802785300728,0.7404211705745584
-0.702848234634785,1.4432940886063537,0.7552354610429692
-0.7118656693658679,1.451023266741011,0.7550744361502466
-0.7092892594172747,1.4407176958531573,0.7214202317997382
-0.7091282337961631,1.4610067882209028,0.7030633915771646
-0.7063907982494213,1.4386243767258544,0.701936217143359
-0.7382738725116001,1.4350818366329532,0.6727907054108536
-0.7577579749826631,1.4278357317748744,0.6884101236293199
-0.7477743851414811,1.4230049951113357,0.6821301514471529
-0.698500542978478,1.3605274610034988,0.6761722290070593
-0.6848133659202293,1.32204258210047,0.6943680458425611
-0.6857795195760938,1.2872612649580093,0.6871219242173404
-0.6395651729092772,1.263429619543536,0.6405857169978754
-0.6307087657592191,1.2220462851061726,0.6246442465399569
-0.59592724182495,1.2444287117904138,0.6304411449797214
-0.5643662325781903,1.2441066624967225,0.6520184882538044
-0.5300677923225183,1.2698706049660524,0.6621630595912037
-0.47709039639723344,1.2879053634580426,0.6727907054108536
-0.44971606145562293,1.301270407040555,0.690503447662774
-0.40430687563120027,1.2904817574451841,0.6832573259504233
-0.37693254681398697,1.2978888900424224,0.6885711485554543
-0.36614384138384454,1.3064231947783667,0.7008090427056
-0.34343925351388843,1.3091606132302536,0.7177166588568274
-0.29448752336105144,1.3212374590613107,0.744929867745971
-0.25084963855540826,1.343458854196613,0.7357514484374507
-0.1843461574936256,1.389189836417608,0.7384888717674368
-0.16051440488540666,1.3940205735933593,0.7500826644358036
-0.10254528422968656,1.4262254862284933,0.7175556339452978
-0.016396749073521472,1.4429720395133427,0.7259289292378326
0.0008329552085359121,1.4508622421984505,0.7003259679453501
0.06653125844919118,1.4445822849751435,0.7009700676255219
0.1066265399023207,1.4413617940434087,0.7037074912518496
0.13915363204798323,1.4487689231377612,0.6977495692117528
0.1734519979441829,1.4603626900703464,0.6885711485554543
0.20726728470111405,1.4579473219941657,0.6771383785994414
0.28777985796972333,1.450218144027395,0.6463826151502757
0.35895295601721844,1.423166019667966,0.6521795131981679
0.4079045799487788,1.3917662295871132,0.6747230046130412
0.45379672063390114,1.4143096689325434,0.6906644725878598
0.5488014823295451,1.389994959285314,0.7006480177855973
0.610151999983444,1.3622987314689052,0.715462310088067
0.7069279896059096,1.3516711085289792,0.7210981819803104
0.7914660598526188,1.3573069692230229,0.7283443028393549
0.8549098541406417,1.3384670916560264,0.7542693116854228
0.9400919846069007,1.314957499286179,0.7563626352897667
1.0035357494899244,1.2856510187022419,0.7544303365785491
1.0830819750132707,1.2750233932105435,0.7713379499074962
1.1705183903783227,1.3215595082772182,0.7761686964094019
1.2405641202446942,1.3460352477353994,0.7937204080878928
1.2914479051850032,1.3933764753074864,0.8314002262479057
1.3835539762867683,1.4027159003253415,0.8336545742026975
1.4407176958531573,1.366163321541116,0.8236710331398193
1.512695660558932,1.3970800404334947,0.8304340771195754
1.554884079740201,1.4188183566104036,0.835747897289395
1.5856397558496556,1.4004615563805534,0.8281797291421596
1.6247687007405385,1.4136655706876453,0.8410617173712187
1.6608381765422444,1.386774467802298,0.8639272452040438
1.679678035044641,1.3850031974727803,0.8239930828563727
1.693365111034408,1.413987619810257,0.8402565931220534
1.6835426212661484,1.4027159003253415,0.8378412203624364
1.703509649328986,1.4003005318124586,0.8286628037100818
1.6846697922385743,1.4102840548805866,0.8194843867952145
1.6688893982610304,1.4188183566104036,0.803381900345472
1.6862800364779653,1.385647295775561,0.8463755373650416
1.6827374991405408,1.3534423790435475,0.8125603177208253
1.6782288151994669,1.3560187725017314,0.7848640399296836
1.7207392612462176,1.3660022969557086,0.7768127959374982
1.7039927225730345,1.3529593052678222,0.7747194724664611
1.6975517459253673,1.3476454936865787,0.7935593832144695
1.6730760334742478,1.3643920510971632,0.7954916816902167
1.6600330543591562,1.3965969667238454,0.7689225766292905
1.6070560102336637,1.4118943005074673,0.7629646557987069
1.5888602453227652,1.4093179075005555,0.7550744361502466
1.5574604715701936,1.3967579912938097,0.7636087553532881
1.5379765078386103,1.3848421728968818,0.7433196187634459
1.5260606947211153,1.354408526592804,0.7394550211724505
1.4914404243508665,1.3750196736133777,0.770210775713261
1.4956270618979348,1.3898339347119355,0.7869573633345812
1.4647103525613456,1.4019107774897461,0.8177131133252871
1.4027159003253415,1.4086738092455753,0.8359089221416522
1.3858083203510532,1.4175301601375199,0.8012885770476725
1.3553746741391357,1.433954664776957,0.7684395019714693
1.2904817574451841,1.4505401931130852,0.7409042452745225
1.255700436865071,1.4729226037714211,0.7082161889384961
1.1861377843450078,1.4695410885928997,0.6951731704575007
1.1497462054673164,1.4440992113374576,0.68696089929048
1.054097522657866,1.4188183566104036,0.67166353087088
0.9661780011302364,1.399334384402184,0.6727907054108536
0.9070818989263473,1.3945036473069108,0.638653417590519
0.8127213425847167,1.3705109853164013,0.6407467419479643
0.7531421374312786,1.3663243461264423,0.6441282658812048
0.7289884024633605,1.363103854404476,0.6388144425415755
0.6829352760927494,1.381460656784239,0.6558830868962713
0.5930833532017635,1.3795283618466352,0.6645784336719752
0.4953411791963873,1.3758247965168473,0.6795537525676917
0.4080656050152374,1.3668074198819335,0.701936217143359
0.3222392331929307,1.315762622341177,0.7277002032140579
0.2325482348692249,1.3133472531700916,0.7637697802417316
0.14752694236778796,1.313991351617501,0.7584559588804664
0.0855322358215648,1.3236528281726956,0.7682784770853673
-0.007540358907498227,1.317211843835056,0.762481581131923
-0.11333398090014893,1.340238362243881,0.7412262950740951
-0.22234814500332065,1.346196272330883,0.7529811125375065
-0.3252433792735945,1.3484506166591212,0.7051567155151708
-0.42846069708917567,1.3308989353971885,0.6834183508791393
-0.4964134577421348,1.3286445909449738,0.6963003449150276
-0.5830451968652363,1.330093812380368,0.68696089929048
-0.6524472201023884,1.344263977179718,0.6610358850139666
-0.7608174622531688,1.3719602065616638,0.6468656899915919
-0.8327959342017376,1.37920631268923,0.6745619796799693
-0.8976892905113995,1.3994954089707663,0.7409042452745225
-0.9986524287824473,1.4355649102843029,0.7241576552518416
-1.1087940696802927,1.4421669167793922,0.7111146374179336
-1.2132998421205166,1.439751548565341,0.7700497508280474
-1.328433358762524,1.423166019667966,0.7475062661012205
-1.4184468635136285,1.3983682369889823,0.7344632492152678
-1.4946121560075831,1.384520123744841,0.7317258258509772
-1.568362075470503,1.3664853707116873,0.6940459959960205
-1.6202124654145529,1.346679346116846,0.6734348051462067
-1.7024967966310471,1.335568648854696,0.6212627224018428
-1.769805716878505,1.3344414766470705,0.5956597527740102
-1.8134438040842547,1.342975780405775,0.560073231856928
-1.8728624634590605,1.317855942274668,0.522232356881916
-1.9024912840491686,1.2906427820686905,0.5133759812454636
-1.9583673822770606,1.2795320828562762,0.5328600073240973
-2.002649599390935,1.2879053634580426,0.5296395072271496
-2.0472538749813496,1.295473520736116,0.5436486824141316
-2.113596707548331,1.281303353771113,0.5167575065172207
-2.1536922608540223,1.2856510187022419,0.5396230574228229
-2.1585230507362256,1.3015924562766046,0.6058043258891659
-2.1585230507362256,1.3115759824330144,0.6396195672956485
-2.1585230507362256,1.3106098347541029,0.6479928646185069
-2.1585230507362256,1.334280452045656,0.6487979893495985
-2.1585230507362256,1.3561797970921774,0.6149827489081668
-2.1586840770668445,1.339111190052747,0.6370431680755191
-2.1585230507362256,1.3143134008407187,0.6130504493469835
-2.1585230507362256,1.2999822100931082,0.6119232745975994
-2.158362024405685,1.287744338833156,0.641873916596329
-2.1582009980752224,1.305779096315688,0.6497641390242472
-2.1580399717448384,1.2748623685791616,0.629636020202669
-2.1582009980752224,1.253768141166233,0.6164319735714364
-2.158362024405685,1.2526409686698463,0.6169150484577419
-2.1578789454145326,1.2338010849272019,0.6056433009215827
-2.158362024405685,1.248454327934161,0.6175591483050208
-2.1582009980752224,1.271641875934473,0.6064484257586927
-2.158362024405685,1.2603701514223402,0.5982361523256248
-2.158362024405685,1.1970874621346768,0.6061263758240906
-2.158362024405685,1.1523226005683387,0.5843880044931141
-2.1582009980752224,1.1418559953413212,0.5735993307686964
-2.1582009980752224,1.1503903042445178,0.5703788310793645
-2.1585230507362256,1.1584415388500775,0.5898628537074418
-2.158362024405685,1.1642384276405608,0.5982361523256248
-2.1606163930403692,1.1816290933814246,0.5639378316040143
-2.104579234380543,1.1629502301406465,0.5621665567256935
-1.9100595158212752,1.1486190326040921,0.576980855407807
-1.7450076920324888,1.179857821914048,0.5847100544494769
-1.597024712381461,1.2080371395492502,0.5913120784838759
-1.4140991623599481,1.2193088659076936,0.5806844299717744
-1.2543614413261501,1.2202750138627756,0.5822946797688991
-1.1065397082381105,1.2304195672147737,0.6169150484577419
-0.9651590716445007,1.2859730679540449,0.6164319735714364
-0.7918954135201234,1.3064231947783667,0.627864745686059
-0.6411754287805862,1.350543936378226,0.6389754674925513
-0.5202452349802951,1.3682566411440193,0.627864745686059
-0.4173499389957512,1.3632648789913462,0.6167540234957207
-0.2894957355032799,1.3516711085289792,0.6199745227208285
-0.1556836444349918,1.3621377068815472,0.6368821431235756
-0.046508477449406525,1.3560187725017314,0.6969444446032679
0.06363280417565516,1.3445860263723912,0.6993598184226716
0.1939021955962929,1.369544837815902,0.7471842163079444
0.31289977672020947,1.338306067056643,0.7562016103976092
0.45009314461050054,1.3428147558086663,0.778262019870991
0.5594291318945687,1.3403993868422894,0.7721430743295272
0.6795537525676917,1.3175338930550247,0.7763297212915471
0.7971019304111213,1.3883847135478704,0.7958137314350439
0.9210910576547151,1.367934591975236,0.7887286369742188
1.0586062154188618,1.3412045098331127,0.7826096916322224
1.1479749338233234,1.3600443872384993,0.792432209098246
1.2470051061282557,1.3719602065616638,0.7942034827076775
1.342009632821905,1.3532813544517202,0.7629646557987069
1.4162419636594321,1.371799181979182,0.7618374815750809
1.4750159226734778,1.3909611067238785,0.7270561035874694
1.534594993350573,1.4057753670820667,0.6977495692117528
1.5627742796537136,1.4278357317748744,0.6626461344088098
1.5990047869500756,1.4212337249830345,0.6434841660871388
1.5962673709872577,1.422682945997831,0.6293139702912837
1.6176836246561048,1.426064461673408,0.6401026421471248
1.6249297251951698,1.4073856127317126,0.6492810641872858
1.6239635784661617,1.4159199145390973,0.6341447189282003
1.639582950225435,1.4122163496318676,0.6479928646185069
1.6262179208292828,1.4033599985923542,0.6447723656739807
1.5959453220489075,1.3975631141424123,0.6193304228783867
1.592241759234461,1.4114112268202568,0.6177201732666389
1.5753341893167516,1.4271916335572978,0.6141776240924178
1.5674439897145032,1.4210727004254282,0.6132114743108589
1.5287981112875506,1.4281577808831747,0.6164319735714364
1.5655116959045523,1.4141486443714408,0.6328565192987844
1.537815483339994,1.4365310575848067,0.6335006191141374
1.4540827330342072,1.4434551131527371,0.65411181252424
1.4157588899788076,1.4457094567935649,0.6592646106703239
1.3767909439983281,1.4188183566104036,0.6679599573545679
1.313669302393959,1.4238101178936746,0.6813250267995397
1.314957499286179,1.4181742583746124,0.6850286001618617
1.2618193731676124,1.4001395072442826,0.6661886830490745
1.2180206686297073,1.4118943005074673,0.6470267149385359
1.1956382400958157,1.4186573320515778,0.6686040570996001
1.1466867362578939,1.387901639825052,0.6837404007363291
1.1019218676366556,1.3767909439983281,0.6591035857295089
1.032520206422611,1.3735704523820127,0.6318903695733361
0.9331679181361118,1.386774467802298,0.6169150484577419
0.8450873385867413,1.361493608531303,0.624322196623573
0.7673123277670602,1.3281615171317134,0.6476708147255059
0.7207761321605597,1.2983719639014912,0.6819691265177916
0.6547559122970168,1.2808202798862225,0.6803588772197416
0.5304446322544067,1.2640737180916324,0.6259324462022676
0.4359229403018901,1.2608532253381617,0.622872971995855
0.3639447337978381,1.248454327934161,0.6359159934102215
0.2834321795259855,1.2418523174317948,0.6343057438815145
0.22546312801529006,1.2550563383000903,0.6273816708161996
0.13963670764925126,1.2410471941904655,0.5996853770643408
0.05509846644170236,1.2526409686698463,0.5961428276915096
-0.015913673240038853,1.2687434325264884,0.6085417503257481
-0.0928837651280483,1.2722859744660087,0.5763367554792875
-0.18676153792324315,1.2705147035011601,0.5634547566381664
-0.25519732423245145,1.2722859744660087,0.6178811982281764
-0.30704750605216413,1.2513527715262487,0.6283478205551929
-0.37693254681398697,1.2573106832718408,0.633661644067774
-0.45680118321965557,1.2573106832718408,0.6391364924434466
-0.5315170221194007,1.2410471941904655,0.6175591483050208
-0.5819180179554885,1.222690383737701,0.6252883463717572
-0.6315138936720114,1.2304195672147737,0.6352718935997063
-0.6873897756755596,1.2015961528802246,0.6212627224018428
-0.7630718213129385,1.2183427179496908,0.6331785692066221
-0.8215241366523893,1.2247837042812018,0.6351108686468759
-0.8791713339234388,1.213350953453477,0.6624851094696884
-0.909605193565987,1.199663856854206,0.684223475521509
-0.9659642003816491,1.2336400602750408,0.6616799847728717
-0.9991355060739313,1.2911258559387215,0.6708584061970506
-1.0331119440296221,1.3370178702586515,0.6927577966066307
-1.0485704193373993,1.3647141002695224,0.6573323113752202
-1.0574268378112053,1.3637479527514698,0.6996818682638871
-1.0888268688748175,1.4184963074926709,0.689215248259185
-1.12441357438413,1.3912831558694163,0.6855116749451055
-1.1730433772990498,1.3890288118438232,0.6808419520100036
-1.2021890573362726,1.404165121424291,0.6827742511637915
-1.1941377642494604,1.3735704523820127,0.689215248259185
-1.209435221283325,1.3215595082772182,0.6975885442902172
-1.2173254888743228,1.304651924002874,0.6813250267995397
-1.2392250080800191,1.3201102868030767,0.6925967716825939
-1.2632178653576283,1.3397552884481683,0.6903424227376078
-1.312491792512276,1.342009632821905,0.6483149145111855
-1.3675626610193772,1.3492557396296327,0.6582984610242237
-1.4060478640789813,1.3352465996529235,0.6372041930273818
-1.4099124872292452,1.3337973782409254,0.6059653508566686
-1.413938136392397,1.3270343448979296,0.5914731034586322
-1.377546269748528,1.315762622341177,0.592922328227813
-1.3619267529997263,1.347001395307082,0.5478353323516881
-1.3649862459126894,1.3576290184025332,0.5375297324074475
-1.3327810587831996,1.3780791406357515,0.526902082119415
-1.3060507558629104,1.3874185661015024,0.5388179324185202
-1.2910753461413347,1.4118943005074673,0.5405892074253282
-1.2654722278765138,1.4614898618329666,0.5338261573468995
-1.2678876163067818,1.4592355183037395,0.5457420073897165
-1.2393860339619434,1.4587524446882594,0.5365635823957601
-1.209757273018019,1.4531165857868966,0.5488014823295451
-1.1677295243117058,1.443133064059889,0.5571747820161601
-1.129727426669534,1.448929947681379,0.5252918320451695
-1.12441357438413,1.4605237146081074,0.4985616796363663
-1.1134638184312793,1.4407176958531573,0.46587359867533645
-1.0992935465646896,1.4548878557380625,0.480204826697146
-1.0720801852663993,1.4569811747585688,0.4926037537970856
-1.0413242589460336,1.4676087941890645,0.4848745525440597
-1.0430955425824526,1.467769818723165,0.4740858754849283
-1.0211960364778805,1.468252892324978,0.48406942740286996
-0.9509888061949331,1.4355649102843029,0.50645190557821
-0.9017149333866825,1.4534386348696586,0.5235205569541979
-0.899782624800362,1.4527945367038089,0.5193339067004381
-0.8777221025825457,1.451023266741011,0.5006550049050833
-0.8110574678476108,1.447963800418451,0.5270631071263967
-0.783039002236002,1.469702113126024,0.5323769323116089
-0.7548595133844186,1.4780753887363651,0.5349533323698376
-0.7229764375021702,1.5068987780973682,0.5488014823295451
-0.6798215720771776,1.5027121406984165,0.5554035071006189
-0.6352174820964622,1.4943388657354655,0.5185287816453972
-0.6224964611623045,1.5110854154413007,0.4996888547827508
-0.5867487847390008,1.5387816303304698,0.4744079255516269
-0.5501959845230369,1.5300863073106736,0.4674838490466577
-0.5170247244407796,1.477753339678497,0.4433300926318444
-0.4985067894566878,1.4587524446882594,0.4782725263268971
-0.46791194266023317,1.4542437575751408,0.5170795565412503
-0.45293657132924176,1.4371751557835162,0.5072570306634469
-0.43989350653794823,1.4717954320492341,0.506290880560921
-0.4163837861359966,1.4354038857339344,0.5096724059070801
-0.43876632812373856,1.3824268042486518,0.4961463043094011
-0.43425761450594985,1.3655192231989983,0.4935699039406723
-0.4060781558105093,1.319305163759044,0.49743450448603677
-0.4107478945112893,1.3141523762291507,0.4761792009127142
-0.39384022022311455,1.291286880561903,0.4679669241564847
-0.37065255405737446,1.274540319316154,0.46120387255299283
-0.36276230691973155,1.3019145055123291,0.47134844990499136
-0.3580925689080679,1.3093216378443393,0.48149302693753904
-0.3640505105209605,1.2692265064296457,0.4806879017878971
-0.390619710934551,1.3075503670849271,0.46539052356237065
-0.39271304196848944,1.3101267609135507,0.47215357507797573
-0.39239099103931413,1.2899986835741786,0.4573392715729729
-0.39593355127778346,1.3069062686245227,0.4520254451497597
-0.4073663595833384,1.3286445909449738,0.4454234182594532
-0.43715607325307004,1.3321871322198766,0.47086537480023494
-0.44166478691102434,1.3441029525832595,0.46426334829596705
-0.4252401874578227,1.3400773376453914,0.47923867651347046
-0.45293657132924176,1.3453911493526527,0.46136489759282107
-0.4576063107026018,1.3352465996529235,0.4805268767577272
-0.4572842597091843,1.322203606708058,0.5302836072491164
-0.47499706482039716,1.3109318839807316,0.5583019569573382
-0.48852320755441436,1.2994991362364758,0.575531630566825
-0.4716155292247163,1.3020755301300697,0.5851931293834166
-0.45857246368476656,1.2618193731676124,0.6223898971184978
-0.4844975697772116,1.2379877258549103,0.5963038526638481
-0.4861078248821188,1.2624634717189558,0.6061263758240906
-0.4774124474102493,1.2497425250894465,0.6317293446188125
-0.4745139883045776,1.2719639252004031,0.6193304228783867
-0.4922267943534077,1.3006263085674812,0.6357549684577137
-0.513643188408567,1.3376619686582971,0.6579764111415451
-0.5080072950995816,1.3651971740274518,0.6328565192987844
-0.491421666784825,1.4057753670820667,0.6090248252239032
-0.5167026733885799,1.4141486443714408,0.5830998046644397
-0.507041141970693,1.4444212604293296,0.5853541543612354
-0.4693611721804467,1.4518283894525938,0.5613614317777796
-0.491421666784825,1.4690580149930392,0.5531491571940141
-0.4767683453845362,1.4610067882209028,0.560073231856928
-0.507524218534779,1.4695410885928997,0.5813285298915913
-0.527813434873519,1.4845163698253805,0.5839049295579656
-0.5167026733885799,1.4816179283514341,0.540106132424438
-0.5146093415570445,1.447319702241539,0.5515389072510581
-0.5194401073424303,1.4299290509730123,0.5370466574019662
-0.5242708731994765,1.4259034371182413,0.5523440322235431
-0.5490688057269322,1.3974020895728543,0.5634547566381664
-0.5598575172210596,1.3566628708630273,0.606609450725873
-0.5943169861771398,1.3487726658475696,0.5959818027190904
-0.6044615968911599,1.3387891408545491,0.5897018287318795
-0.5603405938634819,1.3479675428758395,0.629636020202669
-0.5498739334380375,1.3384670916560264,0.6212627224018428
-0.5450431672012546,1.340238362243881,0.6080586754268675
-0.5442380395020889,1.3479675428758395,0.624805271498028
-0.5567980318356849,1.3275174187128957,0.6297970451582408
-0.5387631712005395,1.3608495101797584,0.6117622496330792
-0.54584829490241,1.383715000863317,0.657654361258544
-0.5302288178551868,1.4028769248922164,0.6772994035312228
-0.5057529378033012,1.3825878288257694,0.7011310925453632
-0.49432012604104125,1.381460656784239,0.7360734982421893
-0.5033375550031783,1.3540864774100434,0.7181997335909326
-0.4553519537553721,1.3331532798334809,0.7095043882659182
-0.4708104017071133,1.3033637270690708,0.7054787653505769
-0.4616319481472113,1.2933802006558712,0.6863167995822314
-0.466623738647683,1.2576327325522207,0.6853506500174382
-0.4625981011413272,1.2397589970001184,0.6554000120685032
-0.42475711101586955,1.2474881800642879,0.6467046650445671
-0.4105868690377325,1.25843785575175,0.6752060794117732
-0.41429045494970607,1.2581158064721818,0.6468656899915919
-0.36984742678965826,1.262624496356589,0.6357549684577137
-0.33377772724174276,1.286295117205523,0.6666717578606315
-0.31139519248144953,1.2899986835741786,0.6747230046130412
-0.3115562179058737,1.2729300729962454,0.6740789048802693
-0.3323284983256932,1.2848458955713133,0.6971054695251262
-0.32910798964649907,1.287744338833156,0.6837404007363291
-0.33796438859107625,1.285328969450114,0.7053177404329141
-0.332811574630325,1.2655229398201007,0.714496160610899
-0.33554900703680174,1.2260719015319248,0.7051567155151708
-0.37161870678126574,1.2244616549677096,0.7045126158433905
-0.38079715780142226,1.2379877258549103,0.6887321734815081
-0.37129665587298294,1.2051386955642513,0.6958172701480001
-0.4023745699920468,1.1970874621346768,0.7233525307095265
-0.4349017164475229,1.2080371395492502,0.7238356054351577
-0.43474069096201007,1.2259108768758684,0.7301155768022628
-0.4473006790713257,1.260209126783571,0.7085382387708358
-0.4690391211753972,1.2671331861773536,0.6983936688970886
-0.4601827186614153,1.276472614889328,0.6876049989974378
-0.4730647587614206,1.2682603586226002,0.6723076306084917
-0.459377591172095,1.2830746246761253,0.6550779621829212
-0.49673550877426687,1.2908038066921153,0.620779647522067
-0.48932833511582874,1.2999822100931082,0.6069315006599916
-0.4999560191131091,1.2972447915625271,0.6318903695733361
-0.5059139633239464,1.2991770869983148,0.6434841660871388
-0.48465859528734384,1.2809813045146006,0.6244832215818052
-0.508973448231337,1.284040772438355,0.6093468751556037
-0.5118719076438033,1.288066388082848,0.6048381760824576
-0.5331272774568332,1.2871002403327978,0.5995243520936947
-0.5353816349426133,1.2558614615061134,0.5802013550310656
-0.5729005868178685,1.2455558843157761,0.5624886067042952
-0.5873928869822129,1.2627855209941408,0.5450979073986787
-0.5949610884353091,1.2734131468930705,0.5275461821468583
-0.6039785201833326,1.3072283178548876,0.5450979073986787
-0.6094533895806298,1.304651924002874,0.5534712071816388
-0.628615433195264,1.3091606132302536,0.5449368824007178
-0.598020574178997,1.322203606708058,0.5450979073986787
-0.6034954434762213,1.3375009440585077,0.5223933818912332
-0.6043005713218046,1.3566628708630273,0.5119267561181255
-0.593511858356218,1.371799181979182,0.5344702573604903
-0.6529302968820292,1.395791843872804,0.5372076824038738
-0.66903285661282,1.3721212311440643,0.5544373571425789
-0.6574390135265143,1.3536034036352933,0.5673193563446468
-0.6745077271023792,1.3412045098331127,0.5901849036583247
-0.6835251610501941,1.3660022969557086,0.5905069536088852
-0.7018820809283772,1.3645530756833835,0.5919561783824178
-0.7377907956056032,1.3484506166591212,0.5798793050701903
-0.7480964364219151,1.3761468456776658,0.5676414063180921
-0.775309770766118,1.366163321541116,0.5444538074063522
-0.8260328556254679,1.368095616559668,0.5326989823200151
-0.874823639920032,1.3858083203510532,0.5628106566825745
-0.9059016020295458,1.3487726658475696,0.5528271072060674
-0.9305385378212432,1.3468403707120047,0.5613614317777796
-0.9379457214939806,1.328966640153408,0.5603952818376243
-0.9377846957601812,1.2990160623791125,0.5246477320132164
-0.8889939020699226,1.3228477051375982,0.5362415323912199
-0.8786882568090939,1.3054570470838613,0.5328600073240973
-0.8759508198412893,1.253124042597356,0.5484794323372484
-0.8854513364748741,1.2528019933124306,0.5571747820161601
-0.8989774962260983,1.2568276093506623,0.5489625073255726
-0.8981723676538168,1.2951514714938948,0.5639378316040143
-0.8865785164327716,1.3020755301300697,0.5120877811325962
-0.902520061967686,1.309482662458344,0.49034940345077926
-0.8836800536917433,1.3115759824330144,0.4705433247299949
-0.8973672390835177,1.2854899940762183,0.4230409358443073
-0.8978503162254593,1.3159236469519326,0.3958276997351614
-0.8743405628121114,1.3007873331858715,0.3987261510276876
-0.859043121430515,1.2948294222513483,0.4040399783296423
-0.8278041380961993,1.3152795485084219,0.422074785489233
-0.7803015660694971,1.3317040584119777,0.42803271263272213
-0.7529272056665506,1.336856845658537,0.439143441335833
-0.7435877185247473,1.3577900429921663,0.4249732365457678
-0.7289343857890259,1.3561797970921774,0.39131899767277445
-0.7431046416108869,1.3376619686582971,0.3903528472226318
-0.7332820778507734,1.3613325839435388,0.3984041008853603
-0.7250697706716454,1.3761468456776658,0.3877764460080983
-0.7131538743477922,1.408995858373228,0.3845559444609825
-0.7125097718561945,1.4292849527596645,0.3950225743715021
-0.69592413313541,1.3927323770203126,0.4075825298156202
-0.6746687527064043,1.3798504110037153,0.40774355488223973
-0.6287764587766296,1.3943426227358082,0.4442962429231997
-0.6105805685856057,1.3294497139654495,0.43978754153875954
-0.5711293057308733,1.3189831145408626,0.4763402259450573
-0.5096175503207665,1.3260681972658037,0.47489100065107115
-0.4864298759040561,1.286295117205523,0.48326430225966766
-0.45197041836380947,1.266006013728129,0.5008160299251903
-0.3812802341780813,1.2402420709471071,0.5024262801218315
-0.4115530218802688,1.2457169089619318,0.4768233010416039
-0.3569653907773716,1.2090032875384085,0.4935699039406723
-0.33007414224690623,1.2104525095166696,0.5016211550245173
-0.2777408805283177,1.2093253368674788,0.5328600073240973
-0.24360349588970578,1.2479712539995897,0.5442927824080691
-0.26324859415846863,1.253768141166233,0.549445582313172
-0.22927223642710817,1.259081954309912,0.5634547566381664
-0.19980459255386654,1.2442676871436087,0.592761303253782
-0.19932151644708712,1.2175375946491236,0.5903459286336451
-0.14570007306546032,1.2139950521025311,0.6021007516143596
-0.07678123393195592,1.1814680687029777,0.5901849036583247
-0.03314337841302011,1.1693912175883199,0.6090248252239032
-0.004319853452631179,1.1571533413268098,0.6331785692066221
0.01452010281656943,1.1590856376097651,0.6602307603135206
0.03368210849568646,1.161017933881044,0.6734348051462067
0.05042873437879953,1.182756266128282,0.6587815358476367
0.0552594916840489,1.1927397959983819,0.6872829491441202
0.06733638463167686,1.2041725475634109,0.6650615084859519
0.06218357702915119,1.2159273480419042,0.6679599573545679
0.02965647714460915,1.2057827942298562,0.6613579348935804
0.0331990327362006,1.192095697306494,0.6373652179791641
0.07007381363714302,1.2249447289378261,0.6761722290070593
0.08343890786066259,1.2518358454557064,0.6924357467584765
0.12868699384328106,1.2534460918819568,0.6876049989974378
0.18053710593866673,1.2627855209941408,0.6903424227376078
0.1884273396588033,1.2605311760610287,0.6921136969099996
0.1818253073755211,1.2358944053979135,0.7217422816188434
0.17216379647395288,1.2695485556980113,0.6979105941332079
0.1589597311080752,1.2695485556980113,0.688088073776809
0.1254664897121344,1.2384707998045774,0.6768163287356367
0.09406657275274954,1.2202750138627756,0.6766553038036134
0.08488813491196065,1.1780865504368578,0.6657056082367916
0.07876917620676317,1.1756711802248745,0.6375262429308657
0.043665674030310575,1.1571533413268098,0.6301190950691423
0.028851350868386017,1.1727727359464075,0.6863167995822314
0.05187796157794581,1.206748942225829,0.7175556339452978
0.067014334158923,1.2080371395492502,0.718038708679645
0.07957430235879596,1.2497425250894465,0.7307596764227172
0.08215070603183643,1.2676162600829466,0.734785299021298
0.10501628773091362,1.2561835107879542,0.7146571855239622
0.11709317882104969,1.248454327934161,0.6776214533945435
0.11644907797429381,1.2302585425609083,0.6405857169978754
0.08424403400107411,1.2394369477017202,0.6178811982281764
0.06685330892242584,1.2595650282276816,0.6116012246684784
0.01757958279100577,1.2605311760610287,0.5689296062086503
-0.0064131819946515655,1.2439456378497553,0.5781080302796139
-0.03507568185406234,1.2534460918819568,0.6014566517361277
-0.032177226696821506,1.246199982899912,0.5963038526638481
-0.0650263866640148,1.2001469308618058,0.6167540234957207
-0.0928837651280483,1.1925787713255316,0.5972700024961872
-0.12621600724558746,1.1935449193614163,0.5552424821078137
-0.1883717915529773,1.1882311051279133,0.5634547566381664
-0.2514937401335191,1.1924177466526003,0.5407502324254638
-0.3286249133473726,1.2199529645447396,0.5373687074057009
-0.37693254681398697,1.2035284488945612,0.5331820573320203
-0.4155786587550598,1.211418657498526,0.5124098311612962
-0.45921656567447,1.2255888275635123,0.5024262801218315
-0.4729037332570237,1.2175375946491236,0.5072570306634469
-0.48820115653040624,1.2086812382090135,0.5021042300831474
-0.49528627913218115,1.1959602894383525,0.5040365303104216
-0.5189570307606669,1.22285140839538,0.5008160299251903
-0.5371529158352439,1.2173765699887669,0.4963073293317624
-0.5443990650417628,1.206748942225829,0.5112826560594372
-0.5534164953905409,1.1969264374640165,0.5167575065172207
-0.6184708217295679,1.2217242357899216,0.5174016065649577
-0.6619477302333292,1.2347672328384653,0.5323769323116089
-0.7071959263490205,1.2368605533028472,0.5291564322098289
-0.7674195138293045,1.2449117857303418,0.5505727572814177
-0.7918954135201234,1.2903207328215969,0.5678024313046939
-0.8788492825137962,1.3086775393875083,0.536885632399978
-0.9266739203194395,1.3107708593674579,0.5146641813531774
-0.9744985651171989,1.3078724163146422,0.5188508316676551
-0.9875416512750663,1.3130252039458994,0.526419007097987
-1.0210350107031236,1.3310599600003088,0.5484794323372484
-1.0746565980735217,1.3201102868030767,0.5542763321492903
-1.1116925344144528,1.2882274127075721,0.5853541543612354
-1.134075124058019,1.2775997873016134,0.5890577288288245
-1.1762638943029746,1.2830746246761253,0.5906679785840444
-1.2110454799599568,1.2724469990986897,0.5895408037562366
-1.2498527164564457,1.2808202798862225,0.5879305539953754
-1.3100764037539638,1.2357333807468074,0.5727942058493849
-1.36257085676851,1.2394369477017202,0.5370466574019662
-1.366274453463509,1.2391148984029972,0.533504107339621
-1.3781903735479173,1.198214634827026,0.5476743073550967
-1.3912334757570608,1.189036228502304,0.5711839560047189
-1.3881739825998214,1.1666537979389122,0.6030669014292893
-1.40814120161307,1.1346098838296559,0.5737603557523169
-1.4073360717906898,1.1431441929262083,0.5373687074057009
-1.4026663188597566,1.1078797821670352,0.561683481757187
-1.3923606574537468,1.0805055793546319,0.5615224567675235
-1.4021832409741344,1.0924214091019637,0.546225082382149
-1.4068529938982077,1.0581231411975067,0.5190118566786633
-1.3881739825998214,1.0292997113374143,0.5454199573943587
-1.3831821780359725,1.0025696008803267,0.5657091064725864
-1.3717493356108152,1.0065952200677584,0.5917951534079032
-1.3738426729265305,1.0336473796947778,0.612567374454874
-1.3691729204713121,1.0156126068640001,0.6080586754268675
-1.3632149605385555,0.9983829568717283,0.5930833532017635
-1.3469513407313556,1.026562290489531,0.5810064799318441
-1.3170005182419753,1.0386391469952485,0.5983971772969154
-1.3018640821085494,1.0528093247144896,0.6008125518566063
-1.2831850767777444,1.0864634942837579,0.6053212509861745
-1.2683706939949675,1.1082018315979494,0.6128894243830276
-1.2285973000476955,1.1107782270335915,0.6244832215818052
-1.192366479796877,1.1125494988835603,0.6017787016754049
-1.1820608249897215,1.1312283650680333,0.5724721558810963
-1.1661192658476895,1.1455595633838866,0.54236048242239
-1.1601613095995724,1.164721501701691,0.5017821800441412
-1.1385838473366041,1.1724506865805115,0.4649074484486806
-1.1245746002096948,1.1862988090211026,0.41837120910128744
-1.08045352696362,1.1634333042037226,0.42754963746302843
-1.0727242884662807,1.1582805141599528,0.42706656229261086
-1.022001165352853,1.1497462054673164,0.4236850360794146
-0.9572688101252772,1.1499072301617383,0.4420418922388648
-0.9269959717761793,1.1727727359464075,0.4386603661827932
-0.8614585068642269,1.1930618453438389,0.4306091135255264
-0.8181425974634103,1.1970874621346768,0.4138625073541803
-0.7601733596675221,1.1745440074530373,0.46506847348665775
-0.6809487513253839,1.1653656004487287,0.5082231807630742
-0.653735424849687,1.1452375139905835,0.4980786045724224
-0.6120297987405876,1.1301011921395485,0.5053247304554965
-0.5703241779672403,1.1193125367659638,0.5182067316228172
-0.5284575370002123,1.0987013732497188,0.512731881189674
-0.45277554583480384,1.0671405265425948,0.5317328322938301
-0.3914248382537019,1.0859804201044472,0.5508948072716201
-0.3878822780643486,1.0966080518808279,0.5716670309589648
-0.308979811124664,1.1064305597239106,0.5504117322861958
-0.2898177863304987,1.120761759150735,0.5409112574255189
-0.2748424232026126,1.1528056746474697,0.5204610817741133
-0.2487563084353723,1.1627892054527922,0.5072570306634469
-0.21961071355093437,1.1685860941644561,0.5248087570213253
-0.2039912521760772,1.1917736479600634,0.5326989823200151
-0.20624560737963904,1.2251057535943692,0.4961463043094011
-0.23474709951791656,1.2500645743774563,0.5037144802733476
-0.20688970886924724,1.2218852604480877,0.5093503558756425
-0.1864394871982553,1.2215632111316743,0.5050026804197109
-0.20640663275192125,1.2064268928941626,0.492764778821218
-0.1811256502821058,1.1679419954239059,0.5233595319454444
-0.15729389791046963,1.1301011921395485,0.529317457215683
-0.12782626057475321,1.1090069551738162,0.49179862867521607
-0.11381705687886601,1.0956419035521057,0.5104775309842652
-0.10818117050528779,1.0877516920916876,0.5170795565412503
-0.06808586741873286,1.0745476643145926,0.5051637054376439
0.012587799659923694,1.0843701728348123,0.5169185315292757
0.04914053241855471,1.0904891124163212,0.48423045243126894
0.07490457064911593,1.083242999741247,0.48084892681798647
0.09326144663678465,1.095963952995337,0.47730637613742605
0.11290652329420599,1.0949978046646702,0.4478387939667197
0.11966958219524475,1.0999895710083831,0.4552459460227745
0.13206852314646422,1.077124060021193,0.470221274659433
0.11129627115406543,1.098379323809242,0.47923867651347046
0.11725420403253821,1.1263976239179891,0.5096724059070801
0.13271262396210864,1.1402457483529158,0.5169185315292757
0.1096860190059076,1.1503903042445178,0.5080621557466709
0.06411587988971414,1.1806629453095268,0.5516999322457162
0.03239390646878875,1.216410422024922,0.5793962301282727
0.034970310517457456,1.2400810462981922,0.5568527320322414
0.02627494677101515,1.2508696975960603,0.5636157816268629
0.06282767798395425,1.248454327934161,0.549445582313172
0.07860815097611618,1.2526409686698463,0.5735993307686964
0.06057332463653444,1.248454327934161,0.5668362813838747
0.042216446794390794,1.2468440814827493,0.5544373571425789
-0.012210091873944147,1.2205970631804872,0.5389789574195418
-0.05681409635997639,1.2036894735618953,0.5433266324166794
-0.07307765187002176,1.1819511427380751,0.5457420073897165
-0.09803657527975307,1.142017020039716,0.5504117322861958
-0.1468272504627599,1.1115833506029749,0.560073231856928
-0.17790514310255304,1.0676236007503415,0.5777859803166434
-0.20415227754724086,1.047817557634946,0.5409112574255189
-0.25809578138282085,1.0207653992050039,0.5207831317944386
-0.30801365858697755,1.0191551516073463,0.5563696570557589
-0.32089569265901374,1.0355796767235466,0.5405892074253282
-0.34005771928596756,0.9980609073303388,0.5639378316040143
-0.3558382126505837,1.0040188237936305,0.5715060059742967
-0.3619571796715556,1.0296217608473917,0.5505727572814177
-0.4017304681148801,1.0606995370363095,0.5526660822119732
-0.4432750418040065,1.0798614804367315,0.5674803813314098
-0.44858888300738636,1.0679456502217675,0.5587850319309203
-0.4717765547284759,1.0861414448309652,0.5483184073409791
-0.4687170701706663,1.0735815159192708,0.5488014823295451
-0.4985067894566878,1.0988623979698353,0.5125708561755254
-0.5534164953905409,1.1196345861853692,0.49421400403478666
-0.5729005868178685,1.1684250694794402,0.48358635231719005
-0.5881980147880181,1.2014351282118358,0.4935699039406723
-0.6110636453032171,1.2072320162227206,0.5132149562316369
-0.6353785076810882,1.2046556215641961,0.5056467804909601
-0.662591832625105,1.229131369981578,0.5093503558756425
-0.6791774696513798,1.2577937571922888,0.4889001782198216
-0.7231374631301148,1.2581158064721818,0.44477931806779114
-0.7397231032338799,1.274540319316154,0.46345822310326423
-0.7395620775977534,1.2928971267892506,0.5149862313793006
-0.7361805392574436,1.2978888900424224,0.5892187538047091
-0.7376297699704298,1.2966006930813327,0.6067704756929726
-0.7680636164292449,1.288066388082848,0.6196524727997689
-0.7709620781446992,1.2966006930813327,0.5845490294713358
-0.7670974625298107,1.3146354500636113,0.5776249553350373
-0.7464861800229212,1.3262292218713612,0.5571747820161601
-0.7226543862465197,1.3007873331858715,0.5505727572814177
-0.68980515983966,1.2779218365615357,0.5504117322861958
-0.6780502904092938,1.2882274127075721,0.5459030323872744
-0.6489046570735545,1.2487763772234692,0.5663532064223774
-0.6236236402123785,1.26198039780557,0.583582879600797
-0.6128349266072504,1.2573106832718408,0.5951766778557855
-0.6315138936720114,1.2418523174317948,0.6331785692066221
-0.6516420921379107,1.2539291658082492,0.6457385153607254
-0.6811097769325885,1.2379877258549103,0.6270596209025568
-0.6630749094197717,1.2479712539995897,0.6430010912407425
-0.6748297783105088,1.2410471941904655,0.6710194311319778
-0.6886779805608545,1.239920021649196,0.6484759394574038
-0.7026872090168517,1.2141560767645916,0.6394585423449952
-0.6920595184089535,1.1803408959515784,0.6558830868962713
-0.6946359282215051,1.1672978966820577,0.6146606989821091
-0.7052636189133199,1.166331748566853,0.593888478070307
-0.70784002883013,1.1357370567422524,0.5821336547895494
-0.7232984887581387,1.0995064968494916,0.5866423541808842
-0.728451308896851,1.1313893897717784,0.5803623800113825
-0.6972123380544011,1.1489410819939903,0.5620055317362719
-0.6991446454424236,1.161823057323964,0.5613614317777796
-0.7295784883130381,1.1563482178721323,0.562649631693475
-0.6952800306778218,1.1491021066888176,0.5742434307026951
-0.655345680790966,1.1679419954239059,0.5967869275803803
-0.6184708217295679,1.1679419954239059,0.5987192272392554
-0.5733836634796292,1.150229279550339,0.5734383057849952
-0.5600185427684541,1.1317114391790253,0.5570137570242409
-0.5567980318356849,1.1180243390851001,0.5434876574154457
-0.5311949710528695,1.0830819750132707,0.5420384324236492
-0.49673550877426687,1.0779291836752525,0.5554035071006189
-0.49093859024463116,1.0560298195632114,0.5665142314096238
-0.503981657081459,1.045885260680034,0.541394332425201
-0.49947294256025193,1.068750773898915,0.5447758574026765
-0.491421666784825,1.0872686179143218,0.5225544069004697
-0.4791837279875321,1.1017608429180785,0.5030703801982337
-0.4476227300548627,1.0903280876919907,0.48358635231719005
-0.4556740047468773,1.0819548019151684,0.49840065461513217
-0.45857246368476656,1.1082018315979494,0.49373092896432164
-0.4820821871347856,1.1180243390851001,0.4993668047413292
-0.5165416478625994,1.1452375139905835,0.4822981520851686
-0.5117108821202117,1.149263131383564,0.4769843260736252
-0.5255590774401243,1.1737388840421494,0.47569612581520176
-0.5191180562878418,1.1656876498217612,0.4338296146125694
-0.5117108821202117,1.1452375139905835,0.41370148229061726
-0.508973448231337,1.1574753907081132,0.401785627363752
-0.4648524581387518,1.1806629453095268,0.3895477218453015
-0.42137557594228336,1.1748660568168248,0.3777928911073458
-0.4060781558105093,1.1486190326040921,0.3911579725979517
-0.4121971237768873,1.1115833506029749,0.3776318660257686
-0.4340965890207559,1.1053033867080533,0.36362268362077466
-0.44552939866756935,1.1099731034621818,0.3964718000246413
-0.4241130090943812,1.0877516920916876,0.40452305353456786
-0.39367919475792895,1.0954808788303683,0.4251342616036999
-0.36936435042998556,1.0595723638593848,0.42706656229261086
-0.35760949256586233,1.0666574523341192,0.40597227914500145
-0.3692033249769209,1.0309099588840616,0.4117691815215869
-0.36002487428406893,1.0289776618271131,0.43705011566743085
-0.356321288990157,1.0420206667352232,0.48181507699683235
-0.388687405376722,1.0399273449956403,0.4692551244458153
-0.3609910269763766,1.0302658598663743,0.4761792009127142
-0.36002487428406893,1.0389611964958323,0.49872270465751994
-0.37548331770554094,1.049266780343477,0.48455250248782533
-0.37693254681398697,1.0463683349198554,0.4795607265750176
-0.3931961183628504,1.065208229704318,0.45009314461050054
-0.4289437735366284,1.0539364979152275,0.4103199559372131
-0.43425761450594985,1.048300631871852,0.4096758556754001
-0.46791194266023317,1.0495888298333707,0.3676483108109548
-0.46742886615492935,1.074869713779052,0.35508835381142406
-0.4444022202338356,1.1272027474480628,0.3455878731920271
-0.459377591172095,1.1635943288912525,0.33318894043738906
-0.44923298497732916,1.1711624891136831,0.30871312373090276
-0.4384442771489673,1.180018846593306,0.3153151534201025
-0.45519092825973895,1.1505513289386156,0.3122556762638514
-0.4526145203404456,1.124465327437545,0.34671504887336435
-0.452131443857849,1.1341268097230413,0.3776318660257686
-0.4737088607798049,1.1152869189960415,0.3649108843270991
-0.42765556967834856,1.0941926810535527,0.4225578606671322
-0.38659407436869764,1.09531985410855,0.43608396535435157
-0.363406408719708,1.0718102438536057,0.4410757419407507
-0.34988027118820636,1.1096510540330509,0.44381316777788415
-0.3775766486420363,1.0845311975621403,0.4489659692905815
-0.37677152135717396,1.0632759328543762,0.44494034311582736
-0.3566433398836048,1.0664964275977986,0.46120387255299283
-0.3614741033236072,1.0484616566173253,0.4349567899854316
-0.37644947044378724,1.0518431762535556,0.43479576493240696
-0.41042584356425543,1.0449191121982044,0.43334653945156454
-0.3919079146461492,1.049266780343477,0.41692198354659477
-0.3750002413374945,1.0673015512785913,0.43527884009123957
-0.3614741033236072,1.0946757552204665,0.46136489759282107
-0.3366761850932293,1.0916162854843638,0.4376942158745413
-0.32218389609430664,1.1006336698857706,0.43576191524934815
-0.3057593026768822,1.102726991228325,0.4674838490466577
-0.31670903152958185,1.091938334931647,0.45331364550282816
-0.30366597220294295,1.1135156471612284,0.45701722148921214
-0.3012505909036195,1.0985403485295209,0.4526695453269377
-0.30302187052136753,1.0676236007503415,0.4399485665892901
-0.27757985512065547,1.060377487557593,0.45363569559029054
-0.30592032809851316,1.0616656854705147,0.45975464719091746
-0.3062423789420144,1.0236638448603843,0.4681279491929327
-0.29915726045873187,1.0226976963115055,0.46539052356237065
-0.29545367585851245,1.0624708091634578,0.48149302693753904
-0.3039880230442096,1.08759066736598,0.4856796776832371
-0.2883685576105284,1.0861414448309652,0.46184797271182276
-0.29529265044206937,1.0954808788303683,0.45299159541504386
-0.28015626165283075,1.0885568157190106,0.40516715380667595
-0.25600245121606996,1.0856583706511684,0.3814964679614303
-0.2721049913076422,1.0885568157190106,0.38729337077808146
-0.2907839388140709,1.0917773102080461,0.3871323457012483
-0.2907839388140709,1.08807374154286,0.3808523676420363
-0.31783620952066083,1.0879127168173144,0.3502576009890693
-0.34231207543400577,1.0724543427877091,0.34961350060728935
-0.3588976961466725,1.0555467453379683,0.336409442497392
-0.37822075047136167,1.0454021864394836,0.3422063461243847
-0.3806361323426954,1.0576400669754227,0.3346381663683686
-0.38772125260211315,1.0658523286517063,0.3182136054361101
-0.38095818326022884,1.0489447308532591,0.31434900274231475
-0.38917048176510277,1.0257571667062886,0.3085520986148448
-0.403018671870489,1.0099767401461006,0.3320617647087934
-0.3949673984816465,0.9972557834754486,0.3373755931091242
-0.3944843220846544,0.967144149849581,0.3222392331929307
-0.3859499725227859,0.9230233553623123,0.3019500687872915
-0.3841786924531071,0.9634405797429408,0.2699060684376826
-0.39738278047737063,0.959575984803419,0.2596004596090951
-0.3944843220846544,0.9677882489941925,0.25525278078588187
-0.36807614680770095,1.0077223934311725,0.24285384456113968
-0.36260128146993686,1.0006373036523886,0.27328759626288723
-0.36936435042998556,1.0495888298333707,0.25686303220871226
-0.36163512877284354,1.0798614804367315,0.24156564336763395
-0.3637284596201747,1.0739035653847022,0.25976148474957145
-0.3361931087828531,1.083887098652342,0.2660414651655096
-0.35712641622437463,1.0999895710083831,0.29083933535799195
-0.3580925689080679,1.0988623979698353,0.29228856147915566
-0.334904905292027,1.1160920425540786,0.30291621950219855
-0.3262095318625119,1.0970911260440952,0.30050084270950816
-0.34005771928596756,1.12494840155875,0.3267479362209451
-0.3366761850932293,1.166492773252923,0.35090170136956317
-0.31429365013329397,1.1283299203867614,0.340596095127335
-0.3192854383720792,1.117380240242723,0.36442780906283034
-0.3344218289842836,1.099023422689871,0.37553853995794767
-0.33635413421956534,1.1011167440429601,0.3874543958548341
-0.34988027118820636,1.1106172023194716,0.4114471313922891
-0.3582535943556293,1.095802928273762,0.38681029554734087
-0.3473038641031628,1.1181853637954917,0.3985651259565641
-0.37000845224304196,1.115769993131107,0.3975989755281348
-0.39432329661914983,1.0698779470435194,0.4008194769449735
-0.42121455046346556,1.0706830707158064,0.39776000059974076
-0.42588428938154277,1.0697169223088188,0.39067489737300104
-0.4819211616259278,1.0344525034581817,0.38922567169380645
-0.5442380395020889,1.0297827856022588,0.39792102567126625
-0.5501959845230369,1.0268843400022614,0.4272275873494972
-0.5720954590498588,0.9883994209381003,0.42690553723564406
-0.598020574178997,0.9927470898506671,0.4410757419407507
-0.5861046824970617,0.9784158846933494,0.4328634642898355
-0.6344123541745248,0.9829245785198255,0.4549238959369215
-0.6951190050636235,0.9987050064127939,0.4951801541735431
-0.7385959237826618,0.9987050064127939,0.4929258038452698
-0.7434266928867144,1.002086526574435,0.5008160299251903
-0.7648431034422477,1.0275284390267503,0.4971124544423609
-0.7640379752004615,1.0226976963115055,0.5124098311612962
-0.7972092604058648,1.0455632111864148,0.5043585803471734
-0.8324738828377888,1.0444360379561963,0.4930868288692412
-0.888832876360224,1.0310709836382808,0.47472997561800356
-0.9104103221664155,1.0532923989438632,0.44043164174039884
-0.8973672390835177,1.0664964275977986,0.4162778832979733
-0.9104103221664155,1.0671405265425948,0.3813354428817024
-0.9476072656669801,1.0769630352901383,0.36346165853212237
-1.0015508925420442,1.0861414448309652,0.35380015306586987
-1.01459397977778,1.1371862790526113,0.3270699864348211
-1.0079919232107997,1.131067340364207,0.31869668076958024
-1.0371375885707599,1.1069136338723482,0.3106454251173319
-1.0579099151893903,1.0882347662683245,0.3008228929495779
-1.0411632331613796,1.0816327524578384,0.31241670137806143
-1.0311796346674529,1.0843701728348123,0.29293266197536205
-1.0635458179875188,1.1136766718738893,0.28552550619139105
-1.069342746681031,1.060538512296992,0.2953480388246888
-1.0672494113076525,1.0578010917161984,0.28922908410462317
-1.103319191919034,1.0759968869021075,0.29953469198737076
-1.1228033161328308,1.0648861802301377,0.3177305301019167
-1.1376176923431163,1.066335402861397,0.3022721190259152
-1.1872136523528305,1.0495888298333707,0.29599213931478996
-1.2305296105734307,1.0513601020219951,0.29100036048288697
-1.2533952859917148,1.0909721865888256,0.28922908410462317
-1.2632178653576283,1.1180243390851001,0.2961531644371144
-1.2703030047548178,1.1346098838296559,0.27940655128512953
-1.2459880951888433,1.1347709085316986,0.2560579064983008
-1.2529122083255633,1.1508733783265677,0.25718508249231475
-1.2682096680988266,1.162628180764857,0.26507531434023857
-1.2691758234768564,1.1631112548284195,0.2731265711291568
-1.3166784664020876,1.1819511427380751,0.2660414651655096
-1.3326200328554823,1.199180782845876,0.2328702851770747
-1.3253738661898689,1.2119017314883591,0.2576681579171162
-1.3331031106388715,1.2180206686297073,0.23705693914990006
-1.3562908450767137,1.2136730027781664,0.23544668762831275
-1.3852755154244882,1.2513527715262487,0.2504220264692123
-1.4107176170579334,1.248132278644528,0.23915026611596135
-1.4281084218386828,1.2560224861470743,0.21564059325617513
-1.4530674488251782,1.2830746246761253,0.22530210285771265
-1.4611187482569996,1.2724469990986897,0.2185390461669774
-1.458864384396231,1.2532850672396971,0.21145393900577245
-1.4566100205509076,1.2170545206678096,0.24913382530589562
-1.4603136183049519,1.1924177466526003,0.24140461821808443
-1.487043933765861,1.1590856376097651,0.2449471714896273
-1.4925188179233146,1.1495851807728135,0.24607434752242346
-1.4859167517447487,1.1077187574514569,0.2586343087645511
-1.4897813758332046,1.0951588293866508,0.2615327612895106
-1.469814151864641,1.0859804201044472,0.26910094275979457
-1.435032538812877,1.0933875574404095,0.2797286015462454
-1.3994457996356817,1.080827628813096,0.29438188808712706
-1.3606385454659464,1.0378340232423717,0.24704049840454603
-1.3256959180382806,1.052648299971203,0.23109900847992712
-1.2984825379612923,1.0851752964706425,0.20952163702574875
-1.2680486422027648,1.1011167440429601,0.22562415317278722
-1.2492086129086857,1.1177022896640738,0.2267513292730196
-1.2406742410201796,1.143949316414128,0.20452985685719594
-1.208469066081139,1.1107782270335915,0.21000471252183814
-1.164347981546403,1.102726991228325,0.18762221377781957
-1.1094381729523355,1.1247873768517629,0.20597908336568885
-1.0875386624130141,1.0895229640691242,0.23496361217027106
-1.0503417030130042,1.0853363211975655,0.23383643609869736
-0.9959149908108358,1.108845930458805,0.22143749905177346
-0.9624216339530136,1.1473308350412572,0.25315945392419775
-0.9268349460477697,1.1453985386872756,0.23947231641722808
-0.9397170045710048,1.1571533413268098,0.23142105878922192
-0.9278011004194159,1.1677809707385653,0.2377010397562871
-0.8637128666184608,1.1540938721882512,0.20549600786358016
-0.8434236293901013,1.1441103411114688,0.20630113370002667
-0.8392369615473655,1.174060933406748,0.1918088683370294
-0.827965163775833,1.1895193025259647,0.1821473577339324
-0.7964041320842866,1.1916126232867266,0.17892685413537776
-0.7485795133431621,1.1983756594970372,0.17361302312760063
-0.757596949337641,1.202562300888853,0.18681708789482981
-0.7571138724030517,1.210935583507963,0.20678420920093152
-0.7290954114199099,1.2241396056538927,0.18359658434281148
-0.719272848081374,1.1811460193458405,0.22159852421127732
-0.6883559293390539,1.1634333042037226,0.27119426951812725
-0.6595323462754985,1.1655266251352856,0.25235432820455206
-0.6163774892441902,1.1756711802248745,0.2660414651655096
-0.5585693128447683,1.224300630310842,0.2665245405770609
-0.5067190909283673,1.2241396056538927,0.26040558531067354
-0.46356425413831137,1.188714179152791,0.2790845010236924
-0.40205251905330397,1.1587635882300835,0.3219171829742332
-0.37580536861797076,1.1598907610575504,0.33431611616204676
-0.334904905292027,1.1407288224502887,0.3264258860067477
-0.3020557180013987,1.1642384276405608,0.3510627264644856
-0.26002808616410694,1.1645604770147286,0.3674872857243123
-0.23539120106408196,1.1489410819939903,0.3694195867587158
-0.20479637903269446,1.198697708836816,0.36974163692999074
-0.1935246032218263,1.1851716362867362,0.36201243273063377
-0.1416744395356559,1.2183427179496908,0.3782759663515951
-0.08579865130320605,1.232673912360369,0.3616903825516409
-0.07291662656394127,1.210130460188735,0.3824626184381091
-0.05745819755277093,1.216410422024922,0.39228514812002213
-0.04876283155808272,1.1872649570759681,0.40500612873876957
-0.04167771869792399,1.1634333042037226,0.41998145970997075
-0.04924590744055418,1.1263976239179891,0.47569612581520176
-0.062127931238822924,1.0632759328543762,0.47489100065107115
-0.031372100268857304,1.0428257904775722,0.49566322924183437
-0.019778279928075036,1.047817557634946,0.5072570306634469
-0.029278771565516053,1.0560298195632114,0.4853576276278077
-0.03620285886665998,1.0758358621704853,0.46619564875024455
-0.05955152643819594,1.0929044832715513,0.4822981520851686
-0.08257814507038662,1.0674625760145071,0.4678058991199562
-0.08112891727605824,1.0618267102092653,0.44961006947387516
-0.11027449971832272,1.051682151509783,0.44027061669010975
-0.10270630955048687,1.0264012657330446,0.4083876551479134
-0.0650263866640148,1.052326250484387,0.3555714290896805
-0.059873577037154,1.0507160030454474,0.34011301982665293
-0.10351143615568816,1.0718102438536057,0.34832529983987115
-0.11864781670562448,1.1061085102912136,0.3330279153335451
-0.12927548857783933,1.1083628563132848,0.2971193151693742
-0.1378098313940554,1.1333216862103959,0.2848814056804044
-0.12396165259818964,1.129457093321488,0.2674906913979953
-0.11430013285830289,1.1325165626957239,0.28423730516813256
-0.05584794457318537,1.1355760320406962,0.29470393833330233
-0.03282132784063372,1.150712353632632,0.3251376851467436
-0.04135566811705303,1.1803408959515784,0.32626486089952844
-0.026219291177275672,1.1658486745081558,0.3362484173951554
-0.013176243530581264,1.1230161050695517,0.36523293450287625
-0.031211074983504603,1.1441103411114688,0.3810133927220054
-0.007701384181082313,1.1379914025555289,0.39808205074271136
-0.03459260599272117,1.1487800572990818,0.3694195867587158
-0.020905456887438667,1.173899908724489,0.3705467623567713
-0.002709600737208352,1.1912905739398092,0.3756995650405702
-0.02766851872599775,1.1784085997970768,0.3734452138765387
-0.04522027510863462,1.1690691682190177,0.3670042104639026
-0.05037308450245541,1.1891972531769386,0.35605450436721353
-0.049084882146317,1.2094863615318923,0.35267297740928977
-0.04377104748138898,1.2614973238914533,0.35750373019547166
-0.054881792789275324,1.2669721615419935,0.3684534362429612
-0.0685689433300131,1.288388437332215,0.40919278047819585
-0.049084882146317,1.2718029005674787,0.4565341463629676
-0.07017919637281493,1.263590644180682,0.4603987473526446
-0.09497709424229929,1.2112576328350861,0.44300804253408227
-0.10351143615568816,1.198214634827026,0.4054892039422474
-0.1482764785507584,1.201757177548532,0.379886217160533
-0.1555226190878837,1.203367424227146,0.3797251920800011
-0.1753287373819279,1.1631112548284195,0.34381659711339696
-0.1930415271243957,1.1579584647794603,0.3444606975067514
-0.165023114704035,1.1560261684896938,0.3441386473102349
-0.16631131752086767,1.1856547103162371,0.3360873922928383
-0.1870835886485507,1.2069099668915408,0.32964638813425684
-0.22234814500332065,1.2252667782508313,0.35396117815934547
-0.27017268645449616,1.2278431727431893,0.3547663036255178
-0.3149377518372151,1.1954772154244255,0.3019500687872915
-0.3408628464799005,1.2360554300489388,0.3162813040949977
-0.36936435042998556,1.2600481021447203,0.2839152549115147
-0.3902976600074488,1.2817864276552724,0.30372134509574505
-0.41477353137611583,1.318661065322356,0.28439833029632094
-0.4329694106266293,1.2885494619567768,0.27457579732983933
-0.42073147402749045,1.3067452440092187,0.2905172851079608
-0.4402155575141539,1.3141523762291507,0.3153151534201025
-0.43119813030089205,1.2920920036765917,0.3199848816552984
-0.4233078816943142,1.3035247516860804,0.36378370870934656
-0.4458514496493533,1.3197882375857075,0.39019182214732656
-0.4376391497134338,1.3236528281726956,0.4143455825443868
-0.3902976600074488,1.3569849200431876,0.4436521427292847
-0.34488848247948156,1.362459756056182,0.43221936407307054
-0.32991311681330554,1.3400773376453914,0.4315752638550183
-0.3526177037384408,1.3167287700044938,0.45089826983660003
-0.3803140814254809,1.3017534808945075,0.4236850360794146
-0.3986709842157586,1.275184417841844,0.4359229403018901
-0.3917468891819204,1.2606922006996357,0.40854868021413077
-0.3685592231654595,1.2682603586226002,0.3919630979712613
-0.38514484521719033,1.3043298747699104,0.3800472422409846
-0.42990992643368564,1.3313820092063056,0.3441386473102349
-0.4163837861359966,1.3439419279867197,0.33914686922311854
-0.41477353137611583,1.3663243461264423,0.3378586684139052
-0.4344186399912236,1.3758247965168473,0.30935722419433137
-0.43055402836665124,1.3874185661015024,0.3217561578647639
-0.4365119713070341,1.4085127846816272,0.33512124167724844
-0.4287827480540644,1.4083517601175974,0.31386592740233615
-0.4157396842310877,1.397885163281284,0.30436544556913614
-0.39673867861009016,1.398851310695949,0.26797376680737833
-0.4123581492512412,1.3949867210197304,0.27087221924849797
-0.44552939866756935,1.3759858210972973,0.2639481383737684
-0.4495550359627787,1.361493608531303,0.2697450433022656
-0.45647913222703485,1.338306067056643,0.30935722419433137
-0.44504632219549106,1.2903207328215969,0.3533170777849607
-0.4233078816943142,1.277760811931615,0.3568596298281608
-0.4337745380506069,1.2534460918819568,0.38487799461714145
-0.4270114677511215,1.2193088659076936,0.42191376042977247
-0.42604531486267205,1.1874259817514952,0.4061333042124253
-0.43184223223640794,1.1824342167724424,0.3880984961610408
-0.444080169253486,1.1853326609633175,0.393573348711849
-0.4476227300548627,1.2273600987774544,0.3880984961610408
-0.45245349484616704,1.220919112497874,0.35621552945956375
-0.4616319481472113,1.2532850672396971,0.3497745257028549
-0.4617929736460314,1.256344535428753,0.35911398110812176
-0.43699504776644155,1.255700436865071,0.36120730728254863
-0.4384442771489673,1.255700436865071,0.3119336260351903
-0.42588428938154277,1.2539291658082492,0.29422086296391897
-0.4239519836142084,1.2825915507939143,0.2829491041397334
-0.4505211889210396,1.2896766343264354,0.3064587720987794
-0.46340322863861483,1.3086775393875083,0.3306125387662413
-0.4775734729168767,1.3511880347505725,0.3227223085203742
-0.4872350034602932,1.348933690441672,0.32964638813425684
-0.4807939830661534,1.328966640153408,0.3649108843270991
-0.4667847641489729,1.3051349978517102,0.36281755817670913
-0.5052698612418431,1.266006013728129,0.3681313860703998
-0.5081683206213418,1.2466830568371616,0.3963107749523919
-0.5310339455197234,1.2189868165886837,0.4198204346494644
-0.5315170221194007,1.2107745588442795,0.379886217160533
-0.5055919122827356,1.1893582778514922,0.3481642747435822
-0.5115498565966996,1.190807499918825,0.35911398110812176
-0.5199231839249103,1.165204575762091,0.336409442497392
-0.5366698392272076,1.1763152789498543,0.3302904885559012
-0.5363477881555813,1.149263131383564,0.3149931031944947
-0.5452041927413265,1.113193597735663,0.2610496858704908
-0.5452041927413265,1.1251094262656567,0.2505830516142656
-0.5538995720234124,1.1048203125571845,0.25235432820455206
-0.5192790818150963,1.1222109815289407,0.23979436671817364
-0.5023714018881462,1.1321945132892877,0.253320479067886
-0.5142872905072335,1.1415339459442886,0.2480066492837781
-0.5252370263794847,1.1453985386872756,0.2868137072095087
-0.5194401073424303,1.1257535250924713,0.33270586512561595
-0.5055919122827356,1.0980572743684416,0.32159513275521434
-0.5218554902619961,1.1222109815289407,0.344621722604889
-0.5242708731994765,1.1284909450919656,0.3433335218175372
-0.504625759161014,1.1354150073390588,0.3278751119681047
-0.5009221722209737,1.141372921245651,0.34301147161989554
-0.5199231839249103,1.1365421802488178,0.352834002503328
-0.5226606179058324,1.1676199460531438,0.36265653308765483
-0.5068801164494904,1.1587635882300835,0.40693842954833787
-0.4812770595912931,1.1611789585697905,0.41498968279686926
-0.46791194266023317,1.1842054882255444,0.422074785489233
-0.4394104300742373,1.183078315483797,0.4130573820355608
-0.4543858007827686,1.1449154645969561,0.3988871760987306
-0.4572842597091843,1.1767983529927375,0.3992092262405753
-0.4712934782174361,1.1405677977512456,0.3934123236381521
-0.5073631930133373,1.136703204949888,0.39131899767277445
-0.5212113881483603,1.1164140919767258,0.4117691815215869
-0.5595354661265092,1.1188294626362476,0.4225578606671322
-0.5811128901651985,1.100955719323978,0.4048451036707828
-0.5840113502195518,1.0829209502852133,0.3813354428817024
-0.5941559606127963,1.0945147304982428,0.37908109175706917
-0.5766041745763361,1.102726991228325,0.3668431853769385
-0.5593744405793534,1.1007946946049147,0.3753775148752448
-0.5743498168052991,1.1159310178426332,0.4013025521547247
-0.5883590403494179,1.141050871848132,0.4080656050152374
-0.6060718525890881,1.1452375139905835,0.4104809810024653
-0.6104195430132277,1.152161575875133,0.38681029554734087
-0.6150892846444852,1.1523226005683387,0.3447827477029463
-0.6231405634761552,1.1342878344253273,0.3109674753472786
-0.6071990315823709,1.1236602039005814,0.27264349572748364
-0.5976985230467301,1.1272027474480628,0.24736254869794452
-0.6046226224605947,1.1344488591275321,0.217089819714827
-0.6299036378484151,1.168908143534245,0.17618942605137342
-0.6519641433234633,1.1817901180597903,0.1414079848477254
-0.6683887542083248,1.1980536101569337,0.12272906117544151
-0.6604984998564843,1.2098084108604759,0.08875274035034933
-0.6904492622864401,1.2357333807468074,0.10227885902112333
-0.7123487462334938,1.2405641202446942,0.1502643706945315
-0.7204000274658631,1.2450728103768223,0.16701099054168905
-0.7332820778507734,1.26391269345473,0.1879442641304538
-0.7279682320053911,1.2603701514223402,0.21886109648879457
-0.7501897697524812,1.2397589970001184,0.22562415317278722
-0.7271631038545464,1.2536071165241354,0.20098730314240246
-0.7492236159059368,1.2709977774016386,0.1950293718072023
-0.7584020775635449,1.2780828611913753,0.21918314681029066
-0.7659702829840838,1.294024299143562,0.19647859835830817
-0.7593682314372504,1.3156015977303397,0.18327453398584445
-0.7635548982563426,1.3101267609135507,0.1718417461055931
-0.7564697698247111,1.3373399194586368,0.13883158164673692
-0.7635548982563426,1.3536034036352933,0.1633074112271343
-0.7943107984574709,1.3115759824330144,0.16733304091486223
-0.8083200314462946,1.2722859744660087,0.1314244223295367
-0.8194308028646089,1.2790490089687065,0.14801001795654467
-0.8186256744882646,1.3210764344532353,0.12176290992166434
-0.8157272123498531,1.3168897946147624,0.09052401782751482
-0.7865815667208321,1.2972447915625271,0.12111880908420926
-0.7798184891013193,1.2743792946845285,0.1180593300887782
-0.766453359931776,1.271641875934473,0.13045827110173977
-0.7595292570831459,1.3115759824330144,0.13367877518316953
-0.7701569498878257,1.3244579512057626,0.11580497712625508
-0.75131694924373,1.3519931577141775,0.10292295989609947
-0.7250697706716454,1.3252630742367986,0.08826966467307552
-0.698500542978478,1.3144744254522056,0.0958378502008184
-0.6712872150385686,1.327678443317722,0.12965314507637046
-0.6720923430515404,1.3207543852368406,0.15284077380440972
-0.671931317448787,1.3098047116861098,0.17763865268696988
-0.66903285661282,1.2946683976299536,0.17135867055245177
-0.6566338855497134,1.274540319316154,0.17506224977475002
-0.6480995291178228,1.2652008905476761,0.17828275341181565
-0.6432687614251758,1.2594040035885061,0.2290056814616841
-0.6476164523453378,1.2553783875827431,0.21322521581064136
-0.6965682355942698,1.2375046519045132,0.18778323895417678
-0.7706400268417116,1.2347672328384653,0.18649503754107224
-0.795599003764693,1.2175375946491236,0.18375760952117462
-0.8408472184036088,1.2259108768758684,0.1903596417649798
-0.9047744220050409,1.2181816932897396,0.18456273541178692
-0.9266739203194395,1.2194698905670769,0.18891041518643067
-0.9368185413590493,1.2391148984029972,0.2204713480930644
-0.9250636630404967,1.2400810462981922,0.1988939759290401
-0.9339200781727738,1.2395979723509598,0.20018217729271423
-0.9329539237830554,1.2441066624967225,0.244464096045796
-0.9500226517548088,1.2086812382090135,0.2573461076339955
-0.9548534239839579,1.2185037426095606,0.2542866299283293
-0.9517939348972158,1.2246226796244963,0.25509175564315717
-0.9445477766479945,1.2236565316825592,0.24510819663741046
-0.9253857144956512,1.2139950521025311,0.22514107770005498
-0.9004267276612002,1.19370594403378,0.20919958669462116
-0.8849682593512505,1.2080371395492502,0.19824987524527704
-0.8516359395450961,1.2096473861962247,0.18697811307158824
-0.8247446501982398,1.185493685639818,0.18085915629836172
-0.7893190029399733,1.157314366017502,0.14656079118810908
-0.7699959242366892,1.1629502301406465,0.1280428930196177
-0.7590461801456976,1.1676199460531438,0.11934753177459287
-0.7637159239043028,1.1790526985165417,0.12949211987105602
-0.8039723383854686,1.1586025635401211,0.10485526251333199
-0.801717979043376,1.1117443753166085,0.09277837096624385
-0.8054215693993148,1.1057864608581927,0.12031368303558634
-0.8368215762778776,1.0867855437362266,0.15992588225069748
-0.8904431334607777,1.1062695350076028,0.1699094438886956
-0.9265128945911886,1.1350929579355409,0.18923246553778106
-0.9414882876576189,1.1470087856497377,0.22385287643590374
-0.9442257251739761,1.160856909192217,0.24140461821808443
-0.9653200973917719,1.142822143530473,0.2806947523276653
-0.971439075846788,1.1531277240331514,0.3056536465120619
-0.9852872906674172,1.167136871996393,0.3211120574260833
-0.9746595908690653,1.188070080452792,0.3434945469162375
-0.9775580544162102,1.1656876498217612,0.32304435873826814
-0.9661252261293164,1.1792137231962052,0.30050084270950816
-0.9585570160746043,1.1669758473106473,0.331256639185957
-0.9769139514035152,1.189036228502304,0.36201243273063377
-0.9814226725189983,1.2259108768758684,0.3681313860703998
-0.9728883076028911,1.2210801371564457,0.3533170777849607
-0.971439075846788,1.173899908724489,0.3428504465209541
-1.0025170471342792,1.1705183903783227,0.357181680011977
-0.9991355060739313,1.1466867362578939,0.34381659711339696
-0.9788462604454026,1.153449773418509,0.30033981758935274
-0.9849652391533061,1.1307452909563118,0.2797286015462454
-0.9875416512750663,1.1307452909563118,0.27763527484324957
-1.0223232169033962,1.1539328474959374,0.24832869957621312
-1.0171703921327133,1.1508733783265677,0.22836158083795688
-1.0062206397642597,1.1584415388500775,0.18681708789482981
-0.9992965318379178,1.1661707238807015,0.1538069249653203
-1.001067815246996,1.1990197581762705,0.1433402872349934
-1.005737562462321,1.192095697306494,0.1414079848477254
-1.0005847379526607,1.1648825263885718,0.1496202699138537
-0.9926944755794233,1.1462036621695202,0.1765114764154009
-0.9724052303501437,1.1344488591275321,0.1744181490434859
-0.9234534057694809,1.1577974400890922,0.15139154705762975
-0.8912482620140281,1.1584415388500775,0.1613751089592164
-0.8406861927176275,1.1520005511818459,0.15042539588950044
-0.8313467030664674,1.1672978966820577,0.14301823683791737
-0.8290923435354896,1.1574753907081132,0.1399587580496956
-0.8089641341268937,1.1347709085316986,0.11709317882104969
-0.7927005418305879,1.139923698954262,0.14366233763174857
-0.7740215655389223,1.1566702672542466,0.10727064076863882
-0.7569528467583474,1.188070080452792,0.0955157997564364
-0.7518000261697423,1.1656876498217612,0.0855322358215648
-0.7271631038545464,1.1734168346772265,0.07973532758896207
-0.6769231111711025,1.175027081498597,0.10388911120615872
-0.6501928618068599,1.1615010079470394,0.1054993633831775
-0.6485826058910233,1.183078315483797,0.1180593300887782
-0.6584051671012989,1.1693912175883199,0.12450033846653592
-0.6844913147022437,1.1690691682190177,0.14076388404940302
-0.6796605464706089,1.2139950521025311,0.1291700694601866
-0.6564728599545917,1.2259108768758684,0.10195680858315426
-0.685296442747804,1.2156052987194867,0.10533833816583639
-0.6654902934038367,1.2138340274403892,0.12530546450473512
-0.6379549170459199,1.1948331167380537,0.11403369978753405
-0.612190824313761,1.2304195672147737,0.11065217029576437
-0.5936728839202432,1.213350953453477,0.1269157165751196
-0.6133180033282026,1.1859767596688322,0.11129627115406543
-0.5975374974807159,1.1772814270348908,0.09986348072853937
-0.5865877591783967,1.1935449193614163,0.10920294335989691
-0.5543826486570005,1.186620858373049,0.08054045373859052
-0.5002780701487455,1.1685860941644561,0.10356706076979295
-0.46533553464023153,1.1415339459442886,0.09664297631037062
-0.501727299813051,1.1114223258892602,0.06170050131220752
-0.508973448231337,1.1093290046035955,0.04769130520715024
-0.5055919122827356,1.1228550803615915,0.0573528198272626
-0.5131601118354032,1.1511954277141954,0.05767487030963206
-0.513965239457741,1.1557041191069306,0.07844712574538905
-0.49270987089551305,1.1690691682190177,0.08826966467307552
-0.444724271214504,1.1785696244770647,0.10147373292559943
-0.42846069708917567,1.1888752038275878,0.09986348072853937
-0.4321642832046441,1.2020792268849037,0.14253516124170187
-0.390619710934551,1.2035284488945612,0.10775371641753563
-0.3980268823459268,1.227038049466559,0.16942636833266622
-0.4014084171767751,1.2381487505048807,0.1417300352464054
-0.4059171303392644,1.229453419290364,0.12015265782562122
-0.4225027542962398,1.270353678867505,0.16346843641560604
-0.40978174167114456,1.2513527715262487,0.15251872341679784
-0.372584859508028,1.2919309790538165,0.16218023490558597
-0.3592197470426726,1.287744338833156,0.18617298718699374
-0.3516515510710198,1.2904817574451841,0.20726728470111405
-0.3378033631535661,1.2964396684608313,0.21499649260579856
-0.3373202868415145,1.284201797065109,0.23464156186450857
-0.3407018210409543,1.2589209296704933,0.2600835350302831
-0.32926901507970074,1.2218852604480877,0.24736254869794452
-0.31171724333037765,1.2160883727029912,0.24365897030447142
-0.2634096195590251,1.2376656765547267,0.244464096045796
-0.2582568067808222,1.2489374018680017,0.2578291830585561
-0.24183221659602028,1.2273600987774544,0.29953469198737076
-0.21912763741467448,1.2019182022167585,0.28826293334874625
-0.20125382087851945,1.2289703453270635,0.2845593554244291
-0.232331718731178,1.2333180109704747,0.27650809892062966
-0.2828936936156597,1.2317077644427756,0.2658804400281652
-0.2655029497735252,1.2236565316825592,0.2674906913979953
-0.25664655280440213,1.2173765699887669,0.2895511343559396
-0.24891733382874207,1.2168934960072095,0.29550906394733456
-0.2271789064462008,1.2193088659076936,0.2692619678955328
-0.23474709951791656,1.2210801371564457,0.26249891212538196
-0.2656639751751995,1.2176986193093993,0.2716773449219689
-0.2650198735689814,1.1956382400958157,0.2652363394779845
-0.21864456127913356,1.2281652220532733,0.2600835350302831
-0.2028640745801687,1.2395979723509598,0.2285226059940091
-0.18225282780250154,1.2457169089619318,0.20952163702574875
-0.15793799930289903,1.2668111369065524,0.23238720971517962
-0.12879241257609095,1.271480851301386,0.21467444228012872
-0.12444472859274115,1.266328062999742,0.21821699584483917
-0.1254108805840033,1.2766336395198978,0.24671844811082633
-0.15600569512944787,1.2342841588831988,0.2529984287804292
-0.18370205604876433,1.2139950521025311,0.2547697053574669
-0.1833800053268132,1.2014351282118358,0.2259462034875407
-0.21429687609161896,1.170035316325951,0.2328702851770747
-0.24022196270105564,1.1674589213676414,0.23464156186450857
-0.21333072383563573,1.1961213141094993,0.24365897030447142
-0.22234814500332065,1.173899908724489,0.27554194812668015
-0.27129986428410086,1.175027081498597,0.30967927442556353
-0.298835209622254,1.1824342167724424,0.3372145680073697
-0.3149377518372151,1.202562300888853,0.3352822667800477
-0.33603208334622053,1.2357333807468074,0.33689251780361973
-0.34021874472459457,1.2490984265124532,0.3283581872871105
-0.3674320449984727,1.2695485556980113,0.3246546098229162
-0.37709357227087964,1.253124042597356,0.3256207604698479
-0.39158586371777127,1.2267160001553388,0.3388248190212974
-0.37548331770554094,1.2490984265124532,0.3534781028786774
-0.36227923057058675,1.2468440814827493,0.3386637939202663
-0.34247310087374966,1.2420133420798172,0.3568596298281608
-0.30704750605216413,1.238953873753514,0.3604021818324538
-0.28418189690026796,1.2573106832718408,0.3420453210250414
-0.2513327147388716,1.2513527715262487,0.3475201743576225
-0.22025481506706593,1.2542512150920382,0.3388248190212974
-0.23329787104371688,1.26198039780557,0.32352743406450635
-0.22782300797734992,1.265361915183929,0.30823004838248774
-0.21655123136676424,1.3114149578200656,0.30130596830908013
-0.20930508946666307,1.3109318839807316,0.2987295663833803
-0.19883844034102685,1.322203606708058,0.29293266197536205
-0.18740563937417787,1.3242969265993116,0.3017890436678592
-0.18660051256070925,1.3135082777820657,0.3207900072062608
-0.191914349566521,1.3394332392506203,0.2898731846069347
-0.21671225674415948,1.3787232389525128,0.3108064502323454
-0.26002808616410694,1.379689386425216,0.28568653131893684
-0.2793511346093306,1.401588728354939,0.27264349572748364
-0.30495417556992477,1.3948256964488719,0.2687788924880772
-0.29996238755132315,1.3497388134109647,0.27328759626288723
-0.3191244129438246,1.3608495101797584,0.2510661270489436
-0.3378033631535661,1.3666463952968513,0.25799020819991575
-0.3671099940943371,1.3780791406357515,0.26056661045074836
-0.38224638693355256,1.3835539762867683,0.24269281941223247
-0.36260128146993686,1.3663243461264423,0.25026100132407875
-0.38772125260211315,1.350543936378226,0.28021167693731674
-0.3893315072280559,1.3213984836693051,0.278762450761934
-0.40752738505530073,1.2914479051850032,0.27683014918463694
-0.39818790781326513,1.270031629599951,0.26137173614991766
-0.4316812067524094,1.2798541321142498,0.24655742296384606
-0.43699504776644155,1.293702249899879,0.24607434752242346
-0.4378001752003811,1.2977278654225706,0.22948875692863663
-0.40897661430654947,1.271641875934473,0.2257851783302041
-0.41316327662420654,1.239920021649196,0.19599552284199512
-0.422180703337568,1.2336400602750408,0.19486834663445599
-0.4200873721139728,1.2165714466857656,0.16282433566123775
-0.4200873721139728,1.2500645743774563,0.11580497712625508
-0.4057561048680992,1.2447507610837802,0.08891376557594696
-0.3841786924531071,1.2191478412482293,0.0773199491280551
-0.3840176669927056,1.2640737180916324,0.07828610051458178
-0.3617961542221597,1.3067452440092187,0.07780302482167908
-0.36501666322523213,1.2835576985576056,0.07329431831980553
-0.36614384138384454,1.2558614615061134,0.0750655958816062
-0.3614741033236072,1.2354113314443513,0.06250562750671299
-0.39045868547096,1.2321908384019373,0.07120099027972117
-0.37129665587298294,1.1990197581762705,0.10308398511464308
-0.3944843220846544,1.1790526985165417,0.12353418721805082
-0.42040942307057216,1.1859767596688322,0.1618581845272788
-0.45857246368476656,1.1391185754562085,0.20163140382070852
-0.5142872905072335,1.1545769462647064,0.19905500109978022
-0.5555098274714912,1.1795357725552889,0.20517395752843975
-0.551001112236928,1.1803408959515784,0.196961673873899
-0.5893251937194872,1.1747050321349717,0.21531854293114738
-0.5989867275777072,1.167136871996393,0.24269281941223247
-0.5740277656964242,1.1933838946889717,0.2560579064983008
-0.6010800599514039,1.206748942225829,0.26716864112467176
-0.5822400690721614,1.2191478412482293,0.2655583897532354
-0.5869098102996845,1.2466830568371616,0.2560579064983008
-0.5896472448434801,1.306584219393833,0.24961690074274157
-0.5856216058164428,1.3228477051375982,0.21161496417025275
-0.6049446735997032,1.3201102868030767,0.14398438802818297
-0.6099364662965707,1.317694917664887,0.10211783380217887
-0.5817569923972713,1.3085165147730975,0.07683687343370982
-0.603012366769826,1.323169754351881,0.10163475814486453
-0.5910964749053865,1.3317040584119777,0.1282039182256538
-0.5827231457477676,1.3346025012484035,0.1314244223295367
-0.5938339094843481,1.3634259035781353,0.15429000054469277
-0.6160554380937867,1.3218815574928005,0.19148681798824674
-0.6466502988025148,1.3007873331858715,0.24365897030447142
-0.6431077358366535,1.2893545850783676,0.25750713277559606
-0.6513200409526761,1.2508696975960603,0.2592784093279017
-0.6522861945093339,1.2647178166384303,0.2634650629583623
-0.6474554267546686,1.2692265064296457,0.25718508249231475
-0.6609815766480505,1.3093216378443393,0.306780822332904
-0.6899661854512358,1.3247800004184205,0.2953480388246888
-0.6949579794495045,1.2890325358299748,0.25686303220871226
-0.7034923371073128,1.295312496115046,0.25750713277559606
-0.7049415676751489,1.2901597081979281,0.22932773177306606
-0.6983395173626902,1.294024299143562,0.22240365000759282
-0.7294174626819159,1.3009483578041807,0.20597908336568885
-0.7128318231018346,1.3043298747699104,0.18713913824826642
-0.715569258702606,1.3056180716998154,0.18166428219619513
-0.709450285038466,1.3075503670849271,0.1699094438886956
-0.7315107958927006,1.2755064671042022,0.1365772288290307
-0.7207220787192892,1.2656839644561915,0.14607771559718688
-0.7260359244467006,1.2078761148841064,0.11773727966652274
-0.7302225908383212,1.198214634827026,0.16540073867100996
-0.7448759236318697,1.2036894735618953,0.18037608075869888
-0.7303836164698406,1.2136730027781664,0.17361302312760063
-0.715569258702606,1.1912905739398092,0.17312994757710676
-0.744231821077673,1.1977315608165058,0.18085915629836172
-0.7461641287440756,1.209969435524646,0.16813816684639127
-0.7300615652068813,1.1792137231962052,0.13963670764925126
-0.732799000952164,1.1848495869333298,0.16298536084995013
-0.7498677184699819,1.1977315608165058,0.17989300521831392
-0.7849713101320549,1.1809849946671505,0.22336980096052253
-0.792861567492919,1.1809849946671505,0.23045490786037423
-0.7786913095116832,1.208359188879294,0.2083944608653977
-0.7938277214685725,1.2090032875384085,0.21982724745231966
-0.7719282320555676,1.2085202135441944,0.20517395752843975
-0.7506728466768257,1.1929008206711509,0.20243652966678544
-0.7476133595013831,1.1577974400890922,0.18037608075869888
-0.7709620781446992,1.113193597735663,0.1961565480141797
-0.7968872090769953,1.154737970956696,0.2457522972277403
-0.8100913138209977,1.1524836252614634,0.24381999545289695
-0.832956959883831,1.1557041191069306,0.23045490786037423
-0.8197528542157021,1.146364686865726,0.24929485045159122
-0.8086420827864353,1.1589246129199648,0.2542866299283293
-0.8369826019619547,1.1466867362578939,0.24816767443003576
-0.8142779812902902,1.1648825263885718,0.27119426951812725
-0.790124131244087,1.1813070440244497,0.2773132245800455
-0.7785302838563386,1.1500682548560792,0.28005065180704
-0.7498677184699819,1.142822143530473,0.2610496858704908
-0.7567918211137225,1.1371862790526113,0.24108256791874455
-0.7460031031047718,1.1518395264884782,0.26732966626137367
-0.7640379752004615,1.121888932112129,0.28777985796972333
-0.7819118226352505,1.1077187574514569,0.3011449431893264
-0.7624277187228445,1.0774461094830599,0.29856854126234117
-0.7740215655389223,1.0378340232423717,0.2848814056804044
-0.7849713101320549,1.037350948989674,0.2852034559360584
-0.7703179755390416,1.0433088647220097,0.2901952348576084
-0.772089257707657,1.0254351171924245,0.2831101292685644
-0.7696738729346544,1.0218925725185468,0.28745780771663976
-0.7904461825662883,1.036706849984943,0.2998567422284046
-0.8020400303770081,1.061987734947935,0.2895511343559396
-0.790768233888807,1.0900060382430874,0.2700670935730193
-0.7840051561825992,1.0872686179143218,0.28214397849437345
-0.8121846475489374,1.0777681589446026,0.30162801854834653
-0.8028451587124776,1.0801835298958438,0.31660335431931996
-0.7991415683857493,1.0716492191198774,0.30823004838248774
-0.8057436207365981,1.0816327524578384,0.27747424971168766
-0.7732164372745055,1.105142361991178,0.28262705388183035
-0.7540543851672504,1.0774461094830599,0.2900342097323117
-0.7310277189967126,1.1043372384055863,0.29341573734667337
-0.7112215668768128,1.1141597460113861,0.2676517165345366
-0.6957631075208938,1.1347709085316986,0.2489728001601197
-0.7113825924989573,1.155060020340432,0.22433595191056246
-0.6899661854512358,1.1763152789498543,0.22707337958664922
-0.6856184939665844,1.182756266128282,0.2083944608653977
-0.70622977262974,1.2194698905670769,0.22626825380197307
-0.7044584908184884,1.243623588555577,0.20662318403404348
-0.7194338737074913,1.263268594906309,0.18874939001063512
-0.7184677199519797,1.2661670383639763,0.175867375687025
-0.7344092572836424,1.270031629599951,0.18923246553778106
-0.7691907959821979,1.2970837669423505,0.15831563034472276
-0.7780472068907808,1.2875833142081883,0.15155257225203728
-0.7687077190304559,1.246199982899912,0.13110237192059182
-0.7864205410615972,1.2197919398855999,0.08649838718356652
-0.7846492588152522,1.2299364932529337,0.044792850764872924
-0.7703179755390416,1.22285140839538,0.048174380945006125
-0.7827169509211046,1.2036894735618953,0.04495387601234709
-0.8118625962053044,1.1903244258971108,0.06588715750176022
-0.8157272123498531,1.1697132669572976,0.07603174727486485
-0.813311827254153,1.1682640447943433,0.09068504305223075
-0.8234564447760904,1.1698742916416647,0.07442149495116428
-0.8271600353784588,1.1497462054673164,0.10936396857531398
-0.8179815717886177,1.1724506865805115,0.11983060740545042
-0.862907738133021,1.1842054882255444,0.11902548135362027
-0.8774000511743307,1.1853326609633175,0.10050758160832536
-0.8733744085984116,1.1898413518746667,0.11693215360948099
-0.8857733878910197,1.2049776708976474,0.10405013642422134
-0.9068677563393565,1.2246226796244963,0.0753876463463463
-0.9408441847159223,1.2331569863180698,0.11065217029576437
-0.9688626638517839,1.2354113314443513,0.15251872341679784
-0.9592011190511697,1.2518358454557064,0.1916478431626782
-0.9583959903306611,1.2597260528667757,0.20340268067942943
-0.9783631831838613,1.2222073097641764,0.19100374246447094
-0.9278011004194159,1.1903244258971108,0.20275858000465444
-0.9306995635514758,1.1624671560768405,0.22304775064320034
-0.8933415962617574,1.1437882917167062,0.23480258701742995
-0.8471272202187682,1.1402457483529158,0.2489728001601197
-0.8381097817527162,1.1217279074036017,0.24349794515596568
-0.8157272123498531,1.1338047603182262,0.23625181339010992
-0.7909292595501856,1.1347709085316986,0.22465800222660032
-0.7728943859692947,1.1379914025555289,0.21644571906733992
-0.723620540014425,1.126558648624166,0.18198633255476687
-0.7112215668768128,1.142339069436262,0.15090847147392603
-0.6994666966748732,1.1392796001559813,0.1167711283978321
-0.6814318281472359,1.1333216862103959,0.10195680858315426
-0.6555067063855311,1.1566702672542466,0.08118455465685064
-0.6466502988025148,1.149263131383564,0.08939684125225893
-0.6455231196728389,1.161017933881044,0.13061929630657307
-0.6463282476222099,1.1695522422728493,0.14189106044562508
-0.6468113243927865,1.1956382400958157,0.11773727966652274
-0.6642020886101094,1.1871039324003598,0.08601531150292634
-0.692703620860184,1.17035736569428,0.07570969681076586
-0.7329600265849543,1.1814680687029777,0.044792850764872924
-0.7439097698010513,1.198697708836816,0.02530879522921455
-0.7650041290908433,1.1817901180597903,-0.000777297489270631
-0.7286123345274965,1.174060933406748,-0.023642886662224798
-0.7295784883130381,1.1668148226248203,0.013714976502701901
-0.7110605412547475,1.192095697306494,0.03368210849568646
-0.6725754198602774,1.178247575117008,0.01564727965262026
-0.678694392832866,1.1904854505710967,0.019833936437878983
-0.6833641354417974,1.182273192094401,0.028529300357336057
-0.682559007401006,1.183883438871165,0.03754671454561902
-0.6848133659202293,1.1692301929037092,0.03738568929445973
-0.6505149129909813,1.1358980814437276,0.020639062736529313
-0.6323190215867917,1.1528056746474697,0.034004159001609836
-0.6158944125187044,1.1719676125310592,0.0750655958816062
-0.5851385291365401,1.2160883727029912,0.09229529529498162
-0.583528273542036,1.206748942225829,0.13883158164673692
-0.5645272581278133,1.2239785809968629,0.14607771559718688
-0.5595354661265092,1.2466830568371616,0.11950855698495891
-0.5619508493433963,1.230580591868558,0.1265936661616842
-0.513643188408567,1.2194698905670769,0.12739879219467132
-0.5178298520726726,1.2197919398855999,0.1357721028188978
-0.5199231839249103,1.211418657498526,0.11145729636844028
-0.5257201029705636,1.1948331167380537,0.07216714168451993
-0.5271693327480996,1.1792137231962052,0.059446147956935085
-0.5559929041074669,1.1737388840421494,0.023054441620466194
-0.5775703279115549,1.1701963410101561,0.00888421857745142
-0.6012410855191682,1.2049776708976474,0.003087308972012228
-0.5927067305372853,1.2325128877076394,-0.02477006363503786
-0.5737057145878676,1.2445897364371377,-0.04634745215652991
-0.5526113676706801,1.2020792268849037,-0.024448013070976715
-0.5481026524762325,1.1808239699883791,-0.036363884154494104
-0.5276524093420448,1.1373473037533568,-0.01494752157523528
-0.5252370263794847,1.1177022896640738,-0.0030316512796523367
-0.5255590774401243,1.0859804201044472,0.005180637452615085
-0.5313559965860953,1.083242999741247,0.025791871000475287
-0.5313559965860953,1.1044982631228668,0.009850370168267633
-0.5344154817325112,1.1196345861853692,0.016935481746158706
-0.5102616524114701,1.1421780447380294,0.015486254390567548
-0.5252370263794847,1.175832204906241,0.03078365392795728
-0.5479416269347277,1.1914515986133085,0.02369854265313908
-0.5542216231123915,1.221402186473346,0.03786876504769727
-0.5431108607266004,1.2251057535943692,0.024825719457232925
-0.5387631712005395,1.2157663233807359,0.013392925976594278
-0.527813434873519,1.2313857151362622,0.009367294373219903
-0.5429498351875633,1.2724469990986897,0.01757958279100577
-0.5207283115639694,1.2949904468726623,-0.0072183083605702626
-0.5213724136766498,1.275345442473064,-0.013015218254274916
-0.5084903716651009,1.2666501122710303,-0.057619222851169626
-0.48272628917101346,1.2709977774016386,-0.054398716898400666
-0.46549656014088414,1.2908038066921153,-0.052949489230098234
-0.4762852688660878,1.3112539332070354,-0.07903558825124689
-0.4558350302427495,1.3209154098450786,-0.09803657527975307
-0.44214786337808226,1.299821185474312,-0.07323867717618225
-0.4281386461246057,1.248132278644528,-0.05616999516846228
-0.41928224472386927,1.2560224861470743,-0.044093098064661086
-0.4427919653352752,1.2974058161826227,-0.036846960018476746
-0.4482668320228931,1.2891935604542117,-0.029761847418932525
-0.44359709278355924,1.2534460918819568,-0.008989586372637465
-0.45986066766544814,1.263268594906309,0.04865745668214095
-0.49029448819215443,1.277760811931615,0.048174380945006125
-0.5033375550031783,1.2629465456316114,0.04012311855327286
-0.5162195968108773,1.2669721615419935,0.060251274157049554
-0.4949642281014826,1.253124042597356,0.053810264500045606
-0.48755705448334563,1.2139950521025311,0.054615390714182
-0.4853026973286696,1.2157663233807359,0.03352108324260461
-0.45841143818753993,1.184044463548395,0.04897950717316358
-0.4408596594675217,1.1600517857468644,0.04769130520715024
-0.43345248708077677,1.1708404397461651,0.002926283703712995
-0.4432750418040065,1.155865143798353,0.0005109046696152089
-0.4621150246439107,1.1648825263885718,0.015486254390567548
-0.46597963664332,1.1980536101569337,0.010494471227210096
-0.42266377977569525,1.183883438871165,0.05026770913404934
-0.4080104614716662,1.1484580079090216,0.01902881013722633
-0.3960945767440853,1.1455595633838866,0.03931799230308405
-0.36662691773873196,1.1321945132892877,0.034487234759894125
-0.35342283096348526,1.1072356833042347,-0.00351472709391886
-0.32653158272612276,1.1069136338723482,0.016613431223254635
-0.31316647215450427,1.095963952995337,0.022893416362097734
-0.30366597220294295,1.0830819750132707,0.06298870322245469
-0.29738598086205464,1.041537592488842,0.09277837096624385
-0.2965808537758486,1.047656532889149,0.10630448946868062
-0.254553222646994,1.05699596801151,0.09712605197514003
-0.24038298809019273,1.0355796767235466,0.09390554752971687
-0.24247631815624235,1.0674625760145071,0.09052401782751482
-0.24601887676030468,1.0940316563310861,0.11016909465119676
-0.2514937401335191,1.0993454721296991,0.1323905735544468
-0.23039941411472653,1.0941926810535527,0.15412897535164885
-0.23700145493508631,1.1225330309454284,0.14784899276037264
-0.24843425764887234,1.121244833277533,0.11644907797429381
-0.2679183308070233,1.1500682548560792,0.13110237192059182
-0.26985063564675627,1.1711624891136831,0.11016909465119676
-0.2692065340322345,1.2098084108604759,0.12643264095484621
-0.24505272440990883,1.2676162600829466,0.1180593300887782
-0.23200966796097067,1.2908038066921153,0.12836494343160976
-0.25310399408438605,1.2961176192195845,0.13545005241428323
-0.2972249554446538,1.2835576985576056,0.13545005241428323
-0.3112341670571052,1.2793710582271676,0.15960383187014426
-0.3331336255004784,1.2775997873016134,0.17876582895460758
-0.36066897607862164,1.2582768311120063,0.19647859835830817
-0.3873992016778815,1.232673912360369,0.18826631448276704
-0.3762884449872135,1.2193088659076936,0.20259755483576009
-0.39641662767692826,1.2362164546998828,0.24543024693273596
-0.4184771173357585,1.2824305261663485,0.24156564336763395
-0.4080104614716662,1.2526409686698463,0.2328702851770747
-0.40221354452263547,1.2222073097641764,0.26427018865030427
-0.4001202134275442,1.200952054206183,0.27827937536869407
-0.3801530559669932,1.191129549266229,0.24076051761908351
-0.372584859508028,1.1949941414097682,0.23238720971517962
-0.334904905292027,1.1935449193614163,0.22964978208412692
-0.30865776027844927,1.1661707238807015,0.23625181339010992
-0.32266697238385805,1.1687471188493912,0.22948875692863663
-0.3075305823192117,1.1484580079090216,0.24043846731910137
-0.30495417556992477,1.122372006237225,0.18762221377781957
-0.3159039043954909,1.1268806980362767,0.18021505557865078
-0.2970639300273328,1.1357370567422524,0.13158544753388887
-0.3353879816004884,1.141050871848132,0.1043721868601061
-0.3999591879592491,1.1307452909563118,0.06347177893747524
-0.4187991682907637,1.1407288224502887,0.04753027996103804
-0.43699504776644155,1.1809849946671505,0.039156967052805955
-0.4495550359627787,1.202401276220951,0.049301557663865736
-0.4690391211753972,1.2065879175600365,0.08134557988621531
-0.47950577900261915,1.2249447289378261,0.09841425374433142
-0.4460124751403648,1.2189868165886837,0.06588715750176022
-0.4605047696577011,1.219630915226379,0.056064617894579734
-0.46823399366416746,1.216410422024922,0.06669228368584858
-0.4830483401896053,1.2004689801998,0.06427690512757353
-0.4848196207975558,1.179696797234709,0.08134557988621531
-0.4648524581387518,1.1597297363681556,0.0840830087731521
-0.5060749888446713,1.1447544399000207,0.08939684125225893
-0.5183129286527639,1.1433052176239544,0.13593312802108473
-0.5167026733885799,1.1631112548284195,0.14511156441317702
-0.5160585712851357,1.1489410819939903,0.1676550912877145
-0.5927067305372853,1.1481359585186373,0.1728078972097097
-0.6163774892441902,1.115769993131107,0.15767152958008687
-0.6353785076810882,1.112388474170332,0.15654435323888588
-0.6585661926973747,1.089039889894432,0.13448390119851505
-0.6522861945093339,1.0763189363651084,0.09406657275274954
-0.683847212267226,1.110134128176626,0.08875274035034933
-0.7015600296935436,1.108845930458805,0.08456608445667768
-0.6972123380544011,1.1288129945021304,0.04962360815424741
-0.6947969538354651,1.1222109815289407,0.02627494677101515
-0.6737025990834457,1.1119054000301607,0.010333445962594607
-0.6543795272252446,1.1286519697970885,0.020961113255428786
-0.6442349149579802,1.1222109815289407,0.02530879522921455
-0.6257169727442835,1.1215668826949932,-0.02187160857001545
-0.6249118448458063,1.1518395264884782,-0.03427055541889394
-0.64826055470881,1.1520005511818459,0.001799106823376186
-0.63892107056298,1.214961200073678,0.005341662719793211
-0.6340903030063064,1.2310636658294238,0.022893416362097734
-0.6402092752568466,1.2152832493967447,0.013070875450166304
-0.6521251689163589,1.2061048435621717,2.782886063358494e-05
-0.6572779879309951,1.1829172908060799,0.02321546687875456
-0.6807877257182589,1.1643994523276853,0.03255493172243133
-0.6584051671012989,1.1842054882255444,0.007918066983752206
-0.6579220903135489,1.1763152789498543,0.018545734355873637
-0.6727364454633487,1.1914515986133085,0.007757041717855381
-0.6598543974688424,1.2061048435621717,-0.012532142425836262
-0.6089703128654047,1.1848495869333298,-0.07162842411817781
-0.6109026197306004,1.190807499918825,-0.12202934862718069
-0.592062628283571,1.219630915226379,-0.12235139928821584
-0.5917405771571913,1.2131899287910106,-0.14280161691896426
-0.5933508327922723,1.2534460918819568,-0.14908160526911127
-0.5912575004682183,1.2866171664566766,-0.19465178078529444
-0.5683918713426384,1.2957955699780126,-0.20817791185229864
-0.5933508327922723,1.3015924562766046,-0.232331718731178
-0.6152503102191699,1.3144744254522056,-0.2706557626667049
-0.6392431217359696,1.3273563941079882,-0.27468139779638734
-0.6493877338479477,1.330093812380368,-0.28047831247078964
-0.6609815766480505,1.301270407040555,-0.3014116163230158
-0.6844913147022437,1.2919309790538165,-0.30511520099115663
-0.6848133659202293,1.252318919384434,-0.313810573856191
-0.6611426022453982,1.2059438188960543,-0.31010698908892936
-0.655023629602074,1.1660096991944693,-0.2875634305466721
-0.6485826058910233,1.1323555379925463,-0.26002808616410694
-0.6384379938040922,1.1062695350076028,-0.23635735338572617
-0.6402092752568466,1.0972521507650221,-0.22202609424301814
-0.6468113243927865,1.1022439170735665,-0.22170404348303516
-0.6830420842252424,1.1465257115618503,-0.21381379996326783
-0.7049415676751489,1.1407288224502887,-0.20914406409294273
-0.6978564405158038,1.1615010079470394,-0.19561793298566924
-0.6980174661313531,1.1660096991944693,-0.19110922274186495
-0.6712872150385686,1.1912905739398092,-0.18998204519070258
-0.6485826058910233,1.1706794150622843,-0.16727746963684925
-0.6165385148195114,1.1362201308464348,-0.15761594860652448
-0.5890031425958125,1.1586025635401211,-0.1547174923535422
-0.6126739010337587,1.1766373283118576,-0.16550619075974776
-0.5838503246603002,1.188714179152791,-0.13636060335282846
-0.5737057145878676,1.206748942225829,-0.16937079923134732
-0.5621118748918256,1.172128637214291,-0.16389593724350282
-0.534093430663114,1.1611789585697905,-0.17259130632618194
-0.5432718862657171,1.1705183903783227,-0.1700149006477566
-0.5468144481464235,1.1669758473106473,-0.1700149006477566
-0.5476195758519571,1.1708404397461651,-0.186922563285857
-0.5582472617514914,1.1387965260564197,-0.16840464710913125
-0.5671036669326035,1.1181853637954917,-0.18225282780250154
-0.5774093023554862,1.1202786850232074,-0.15761594860652448
-0.5648493092272978,1.1389575507563547,-0.14859852923785974
-0.5397293244235379,1.154737970956696,-0.13040266591805091
-0.5078462695779011,1.1681030201091651,-0.12750420990828035
-0.5054308867622496,1.1962823387805652,-0.10592681598328973
-0.4819211616259278,1.2268770248109895,-0.11333398090014893
-0.5121939586912255,1.2159273480419042,-0.1020622082677656
-0.5624339259889226,1.2181816932897396,-0.08756992974489695
-0.595766216259811,1.2239785809968629,-0.09062941071243544
-0.5936728839202432,1.202401276220951,-0.07468790493522724
-0.5593744405793534,1.2315467397895594,-0.07935763886956858
-0.5489077801849499,1.242979489966247,-0.07436585432154606
-0.5677477691369843,1.2444287117904138,-0.05069513509229033
-0.5497129078956573,1.2540901904501842,-0.03877926348161117
-0.5611457216024444,1.2690654817953413,-0.02815159457701271
-0.5809518646073792,1.2647178166384303,-0.002709600737208352
-0.5415006053398115,1.281303353771113,0.02530879522921455
-0.54600932044288,1.2492594511568234,0.01774060805201731
-0.5671036669326035,1.226393950843794,0.029173401379115577
-0.5556708530167369,1.2397589970001184,-0.005124979813345295
-0.5593744405793534,1.2230124330529784,0.0009939804778761492
-0.5770872512435875,1.232673912360369,0.0008329552085359121
-0.5397293244235379,1.228648296017791,0.02546982048638156
-0.5413395798015704,1.2202750138627756,0.0639548546517746
-0.5105837034572996,1.2365385040015273,0.07651482297041225
-0.4692001466778821,1.217859643969594,0.04108927005085578
-0.5149313926071741,1.2281652220532733,0.03706363879190081
-0.5418226564165325,1.2349282574900584,0.04237747204314678
-0.5548657252913047,1.2486153525788557,0.06234460226797215
-0.6109026197306004,1.2312246904828834,0.059446147956935085
-0.6394041473225837,1.2139950521025311,0.07297226785298176
-0.6547015784135003,1.1871039324003598,0.07860815097611618
-0.6910933647344917,1.202240251552968,0.08488813491196065
-0.68980515983966,1.1977315608165058,0.07522662111401633
-0.6836861866586704,1.1990197581762705,0.0343262095072128
-0.7046195164372958,1.2065879175600365,0.0528441130404379
-0.6872287500652553,1.2088422628737514,0.006790890120792707
-0.6933477233126862,1.2210801371564457,0.012748824923417983
-0.6909323391223596,1.2162493973639972,0.04865745668214095
-0.7450369492706176,1.22285140839538,0.038512866050892484
-0.7532492569520677,1.2350892821415707,0.0162913807000302
-0.7331210522178241,1.2325128877076394,0.020961113255428786
-0.6743467014984335,1.1679419954239059,0.013392925976594278
-0.6471333755735684,1.1872649570759681,-0.036685934730402485
-0.6247508192663495,1.2252667782508313,-0.063255108345539
-0.6150892846444852,1.213350953453477,-0.08322224631439043
-0.6224964611623045,1.214639150750287,-0.11542731014645474
-0.603012366769826,1.2268770248109895,-0.12637703257814417
-0.6245897936869721,1.246522032191493,-0.1345893246445686
-0.6529302968820292,1.242657440671095,-0.14280161691896426
-0.655023629602074,1.2629465456316114,-0.15520056839390725
-0.666456447002471,1.2906427820686905,-0.1816087263617959
-0.6443959405470594,1.270675728134734,-0.2337809472010646
-0.6653292678043425,1.2763115902586764,-0.24811220686269184
-0.6873897756755596,1.2581158064721818,-0.24569682597651996
-0.6801436232905534,1.252963017954934,-0.25922295917050703
-0.6935087489260104,1.2869392157075052,-0.24827323225574216
-0.69592413313541,1.3044908993864328,-0.19996561792295284
-0.7208831043461215,1.323169754351881,-0.17710001631265987
-0.7300615652068813,1.3539254528185414,-0.15922620209159488
-0.7484184877026672,1.3294497139654495,-0.1413523888554302
-0.7762759246898494,1.3497388134109647,-0.086603777866411
-0.7757928477276262,1.3370178702586515,-0.07484893024218786
-0.7683856677296915,1.3511880347505725,-0.0935278663925318
-0.7592072057914343,1.339594263849435,-0.09851965123567494
-0.7162133612002423,1.3329922552314164,-0.09497709424229929
-0.7202390018392691,1.3439419279867197,-0.1255719059161602
-0.7133148999708904,1.3428147558086663,-0.07162842411817781
-0.716535412449537,1.3164067207837131,-0.062127931238822924
-0.6983395173626902,1.2879053634580426,-0.07967968948821028
-0.6869066988448854,1.2861340925798246,-0.042965921024609374
-0.6633969606166135,1.2692265064296457,-0.054881792789275324
-0.69592413313541,1.2534460918819568,-0.05391564100824626
-0.7181456687007781,1.2321908384019373,-0.06840791802617299
-0.7226543862465197,1.2131899287910106,-0.07758636047275967
-0.6993056710586086,1.2094863615318923,-0.10882527180016659
-0.6767620855659645,1.2391148984029972,-0.1073760438884889
-0.653735424849687,1.2338010849272019,-0.12186832329678307
-0.6345733797587532,1.2405641202446942,-0.11285090492215165
-0.6767620855659645,1.239920021649196,-0.15922620209159488
-0.6480995291178228,1.2378267012048594,-0.19400767931997606
-0.6487436314822492,1.2624634717189558,-0.2017368969881753
-0.6361836356054112,1.2616583485295734,-0.20769483573305517
-0.6092923640088085,1.2713198266682182,-0.20238099846883498
-0.5925457049737374,1.3070672932397456,-0.2308824902677611
-0.5941559606127963,1.2974058161826227,-0.2329758202725511
-0.5907744237799616,1.2492594511568234,-0.23426402335913116
-0.5896472448434801,1.2368605533028472,-0.27564755023493603
-0.5948000628706475,1.2230124330529784,-0.2682403816128471
-0.5843334013382934,1.2120627561514745,-0.27419832157819085
-0.5727395612641074,1.2059438188960543,-0.29754700627953534
-0.5720954590498588,1.1816290933814246,-0.32572645556769414
-0.5667816158308905,1.1489410819939903,-0.36566076502967493
-0.5928677561009127,1.087107593188371,-0.3527787291832902
-0.6385990193903086,1.0602164628181134,-0.32331107410437715
-0.6642020886101094,1.0573180174936283,-0.30608135352022386
-0.69592413313541,1.0798614804367315,-0.28885163384980006
-0.6904492622864401,1.0735815159192708,-0.2891736846763803
-0.708001054450606,1.0635979823301764,-0.27033371185848587
-0.6931866976994415,1.0887178404442321,-0.23152659180625876
-0.6996277222912173,1.0916162854843638,-0.1975502373950484
-0.7113825924989573,1.142822143530473,-0.21413585071542202
-0.68980515983966,1.1684250694794402,-0.20544048051942643
-0.6861015707953512,1.188714179152791,-0.12782626057475321
-0.7120266949883305,1.1766373283118576,-0.1371657300415994
-0.7369856674305305,1.1777645010763143,-0.1326570206102284
-0.7302225908383212,1.2006300048686753,-0.10238425890896627
-0.7337651547500978,1.154254896880484,-0.0938499170252535
-0.728451308896851,1.1629502301406465,-0.10963039842056464
-0.723620540014425,1.1365421802488178,-0.12122422197599231
-0.7249087450427475,1.1259145497989724,-0.14586109840769185
-0.7218492581087833,1.160856909192217,-0.1450559716973337
-0.7134759255940679,1.121888932112129,-0.13346214728980418
-0.7218492581087833,1.132838612101836,-0.1527851881992766
-0.7118656693658679,1.1331606615076235,-0.18450718285504072
-0.7376297699704298,1.089361939344308,-0.1762948895247647
-0.7382738725116001,1.0664964275977986,-0.16615029216848382
-0.7717672064035578,1.065208229704318,-0.1587431260452344
-0.7714451550997761,1.0491057555984087,-0.1381318820707631
-0.7563087441803245,1.033486354941854,-0.1656672161118119
-0.7561477185360173,1.0007983284218287,-0.20044869403069104
-0.755664641603572,1.0178669535233906,-0.19255845102768424
-0.7514779748856547,1.074708689046863,-0.19529588225189135
-0.792217464844071,1.0740645901172963,-0.20576253126327176
-0.8004297737120226,1.055224695854068,-0.21542405372723436
-0.7947938754470838,1.091455260760601,-0.195778958352678
-0.7803015660694971,1.0602164628181134,-0.191914349566521
-0.7460031031047718,1.0460462854267218,-0.2157461044809863
-0.7083231056917965,1.0631149081163545,-0.2571296289964897
-0.6658123446030635,1.050877027789706,-0.25310399408438605
-0.6339292774223166,1.0745476643145926,-0.24118811503707605
-0.6521251689163589,1.0946757552204665,-0.23442504874531309
-0.6642020886101094,1.1159310178426332,-0.20511842977590064
-0.6865846476248333,1.1552210450321783,-0.2028640745801687
-0.6873897756755596,1.1676199460531438,-0.23845068342581907
-0.7018820809283772,1.1850106116100736,-0.22154301810316349
-0.685135417138533,1.2376656765547267,-0.21220354620729023
-0.708001054450606,1.26198039780557,-0.2173563582545393
-0.7208831043461215,1.270836752768227,-0.2270178810636132
-0.7081620800711615,1.2861340925798246,-0.21655123136676424
-0.7332820778507734,1.2885494619567768,-0.21333072383563573
-0.7609784878997791,1.2732521222608766,-0.21832251052250568
-0.7654872060371061,1.2540901904501842,-0.19094819737717345
-0.7791743864781937,1.238953873753514,-0.1862784618358812
-0.7880307976575195,1.227038049466559,-0.16840464710913125
-0.8144390069632576,1.2139950521025311,-0.14972570664523258
-0.8192697771891813,1.2222073097641764,-0.1556836444349918
-0.7896410542613806,1.1932228700164458,-0.11333398090014893
-0.7951159267738893,1.1916126232867266,-0.09578222082830322
-0.7984974657245176,1.2102914848527428,-0.10125708166616369
-0.7765979759983951,1.2078761148841064,-0.13217394460344245
-0.7548595133844186,1.1941890180503838,-0.14215751555659403
-0.7369856674305305,1.1970874621346768,-0.16051440488540666
-0.7323159240542694,1.190807499918825,-0.16003132883712776
-0.721527206854245,1.1793747478757874,-0.18354103068774882
-0.7059077213906154,1.167136871996393,-0.17871026989444427
-0.702848234634785,1.1756711802248745,-0.18064257420313498
-0.69592413313541,1.1544159215726357,-0.2118814954570534
-0.6534133736623854,1.1449154645969561,-0.217839434388163
-0.6492267082564038,1.1373473037533568,-0.2033471506922215
-0.6487436314822492,1.1658486745081558,-0.20060971940009692
-0.6357005588505789,1.1977315608165058,-0.23780658187358364
-0.6397261984960503,1.201274103543366,-0.24553580058474736
-0.6051056991693766,1.2085202135441944,-0.27822395675178335
-0.5917405771571913,1.1924177466526003,-0.254553222646994
-0.5777313534677032,1.1962823387805652,-0.2468240037211641
-0.548585729101224,1.1805019206305931,-0.25954500996770746
-0.5464923970647674,1.1883921298029538,-0.22798403336033685
-0.5187960052335718,1.1909685245925676,-0.2521378417129076
-0.510744728980334,1.1846885622565053,-0.26469782276635134
-0.4917437178120192,1.1730947853119793,-0.25342604487551773
-0.4737088607798049,1.129457093321488,-0.2857921510132128
-0.46066579515596356,1.1119054000301607,-0.2663080767826952
-0.4516483673759695,1.1111002764615878,-0.24795118146972134
-0.4241130090943812,1.1061085102912136,-0.25873988297530526
-0.42765556967834856,1.1701963410101561,-0.26099423855906184
-0.43506274193311534,1.170035316325951,-0.27129986428410086
-0.4394104300742373,1.203367424227146,-0.284825998544488
-0.4397324810499649,1.1932228700164458,-0.28047831247078964
-0.4622760501429699,1.168908143534245,-0.27613062645528813
-0.4830483401896053,1.1552210450321783,-0.2521378417129076
-0.49319294743833525,1.1730947853119793,-0.23184864257598684
-0.49206576883953185,1.1642384276405608,-0.217839434388163
-0.4933539729527686,1.2003079555308434,-0.22283122114437354
-0.48755705448334563,1.202401276220951,-0.194490755418845
-0.45889451467945896,1.152161575875133,-0.22202609424301814
-0.4624370756421087,1.1341268097230413,-0.2339419725870069
-0.4611488716512289,1.091938334931647,-0.22202609424301814
-0.4574452852058532,1.0407324687432533,-0.2366794041602465
-0.4510042654012458,1.0268843400022614,-0.24730707989863804
-0.4316812067524094,1.0027306256487953,-0.2608332131597031
-0.43699504776644155,0.998221932101074,-0.23732350571024566
-0.4616319481472113,1.0098157153812748,-0.21300867308428043
-0.464047330637879,0.989848643915512,-0.22524660186042175
-0.4687170701706663,0.966661075490273,-0.20592355663531428
-0.4559960557387013,0.9605421335426687,-0.1656672161118119
-0.44874990849975255,0.9714918190505819,-0.15616672047679578
-0.4057561048680992,0.9760005129744947,-0.15826004999959337
-0.3940012456883799,0.9892045448152494,-0.1516580107812712
-0.40044226436437363,1.0194772011275255,-0.18209180244220524
-0.3944843220846544,1.0352576272195615,-0.1677605456959191
-0.35567718720421876,1.0460462854267218,-0.19867741497249988
-0.37548331770554094,1.0916162854843638,-0.20576253126327176
-0.3827294633123647,1.0974131754858683,-0.17983744740644858
-0.38917048176510277,1.1115833506029749,-0.19175332420143
-0.3843397179135883,1.1421780447380294,-0.17999847276562603
-0.3882043289890587,1.1616620326355425,-0.15616672047679578
-0.4112309709324378,1.1394406248556732,-0.14956468130108233
-0.44150376142216446,1.1442713658087282,-0.13169086859737614
-0.4495550359627787,1.1238212286081362,-0.13088574192219815
-0.45680118321965557,1.0998285462888338,-0.12283447528036831
-0.42588428938154277,1.080827628813096,-0.13330112195372912
-0.40962071619806606,1.038317097494341,-0.15198006147173018
-0.4152566078032431,1.025918191463099,-0.1440898196475423
-0.3880433035266638,1.017544904001592,-0.14296264225975666
-0.3614741033236072,0.9890435200399815,-0.16518414005585932
-0.35744846711862,0.958770860851819,-0.17339643310488598
-0.34343925351388843,0.952973968340588,-0.164379013297537
-0.3104290399365806,0.9391258358060022,-0.1416744395356559
-0.2890126592630503,0.926082826708855,-0.1258939565807139
-0.2906229133999427,0.9169044125816342,-0.12267344994957084
-0.26840140701587867,0.9159382637108515,-0.12251242461885335
-0.2643757719640407,0.9053106259400912,-0.10850322115256723
-0.3006064892268328,0.9053106259400912,-0.14714930114842215
-0.3323284983256932,0.9053106259400912,-0.19255845102768424
-0.3342608035485287,0.9030562784888865,-0.18579538574923848
-0.35744846711862,0.8748769340116843,-0.17082002742006655
-0.35181257651539055,0.9078870230077744,-0.18257487852333387
-0.3342608035485287,0.9246336034430795,-0.18740563937417787
-0.33120132028434496,0.9442786293771409,-0.21639020598944889
-0.30221674342119403,0.9473381005208092,-0.20592355663531428
-0.2729101183331796,0.956033439401249,-0.21606815523505782
-0.254553222646994,0.956516513776578,-0.24811220686269184
-0.24328144510831692,0.9608641831217714,-0.2060845820074367
-0.244086572062388,0.9526519187535561,-0.186922563285857
-0.2492393846157212,0.9273710251618218,-0.18998204519070258
-0.28498702395574255,0.9207690080356499,-0.195778958352678
-0.2893347100897902,0.8962932360401797,-0.2218650688629867
-0.2882075321975975,0.9152941644620455,-0.24118811503707605
-0.3023777688410691,0.9454058029597849,-0.25986706076522725
-0.3376423377161358,0.9016070551190286,-0.25423117185474436
-0.36211820512103127,0.9323627941181736,-0.2679183308070233
-0.38530587067815,0.906115750025966,-0.29529265044206937
-0.4128412256747813,0.8999968069226156,-0.26292654335759524
-0.3901366345440173,0.9342950917578278,-0.26405372116204945
-0.41171404735430384,0.9302694716620705,-0.25004451158456653
-0.42797762064244027,0.9505585964299613,-0.2664691021847687
-0.41622276065964975,0.9598980343834924,-0.2806393378798888
-0.45374169880262655,0.960381108752996,-0.29207214212997057
-0.46630168764534213,0.9465329765384648,-0.26759628000151897
-0.4817601361171497,0.959575984803419,-0.23861170881407762
-0.48514167181821866,0.9568385633597263,-0.25519732423245145
-0.5237877966105473,0.9668221002767899,-0.25278194329357384
-0.5500349589804974,0.9326848437255916,-0.26147731475761726
-0.5336103540596154,0.8975814346128351,-0.25423117185474436
-0.534898558337204,0.8932337644093836,-0.23716248032262607
-0.5291016391281793,0.8855045727910451,-0.22733993182886825
-0.548585729101224,0.8819620265703865,-0.1973892120271607
-0.5424667585709296,0.9067598492932102,-0.17114207812955
-0.5883590403494179,0.9457278525540981,-0.17887129525306228
-0.6081651850082871,0.9800261324958033,-0.1511749347461823
-0.6429467102482105,1.0389611964958323,-0.18466820821653573
-0.68433028909337,1.0479785823806624,-0.22878916027646987
-0.702526183398998,1.0425037409808755,-0.24118811503707605
-0.732799000952164,1.0402493944949285,-0.24360349588970578
-0.7340872060167112,1.0212484734827223,-0.2571296289964897
-0.7302225908383212,1.013036210662409,-0.28885163384980006
-0.7456810518264028,1.0075613686652134,-0.3215397943760218
-0.7332820778507734,1.0164177306727469,-0.31896338751564984
-0.7281292576357983,0.9906537677890189,-0.2857921510132128
-0.7394010519617062,0.967949273780143,-0.27258806752272513
-0.7651651547395182,0.9331679181361118,-0.2613162893580189
-0.7299005395755208,0.9293033228315661,-0.2291112110434822
-0.7379518212408561,0.9313966452939785,-0.2115594447071361
-0.7329600265849543,0.9367104637910154,-0.17484566131158844
-0.7455200261873373,0.9442786293771409,-0.16518414005585932
-0.7489015646243905,0.9487873236839324,-0.150369808022633
-0.7448759236318697,0.9386427614044609,-0.14489494635550196
-0.7403672057791808,0.9619913566460817,-0.08773095505825794
-0.7422995134227081,0.9521688443724017,-0.07339970248242277
-0.7450369492706176,0.9631185301664275,-0.08950223351050872
-0.7629107956652958,0.9764835873197224,-0.08789198037169893
-0.7823948996065248,0.9772887112268166,-0.119130892692259
-0.790607208227508,0.9743902651518092,-0.16131953163413695
-0.7891579772793886,0.9553893402330107,-0.15487851770025063
-0.7743436168452447,0.9370325133940652,-0.1880497408263912
-0.7827169509211046,0.9286592236096122,-0.21252559695784662
-0.7846492588152522,0.9426683813950587,-0.21268662233324467
-0.7751487451124406,0.9334899677427209,-0.194490755418845
-0.7542154108105251,0.9367104637910154,-0.17758309238635603
-0.7395620775977534,0.9326848437255916,-0.16808259640236534
-0.7144420793348016,0.9235064297873916,-0.20109279550879397
-0.7300615652068813,0.9233454049791127,-0.1864394871982553
-0.7154082330783957,0.9175485118272052,-0.19078717201256185
-0.7005938759909501,0.8953270871072923,-0.20962714021434337
-0.6922205440216419,0.9072429237427944,-0.22685685568110553
-0.6782113160150677,0.8945219629943292,-0.24779015607683075
-0.647938503526915,0.8869537962336729,-0.22943326181081403
-0.6377938914600215,0.8441211894996222,-0.22267019576394267
-0.6616256790379184,0.8178741381865934,-0.2421542673759716
-0.6584051671012989,0.7991952537362221,-0.22685685568110553
-0.646006196442223,0.7869573633345812,-0.2408660642580831
-0.6418195311313364,0.8252812817193552,-0.22975531257846535
-0.6313528680892938,0.8373581458083311,-0.2250855764787927
-0.6278103052896292,0.8165859392938799,-0.2514937401335191
-0.631996970420641,0.8297899776990726,-0.22750095721161562
-0.6001139065464886,0.8426719658634886,-0.20060971940009692
-0.5571200829275292,0.8553929286683207,-0.21687328212163462
-0.5654934114272222,0.8700461889955653,-0.20527945514762358
-0.5840113502195518,0.8785805051414382,-0.2162291806122134
-0.600758008816114,0.8911404416978106,-0.1978722881310636
-0.5685528968942509,0.8935558140561052,-0.16937079923134732
-0.5735446890337086,0.8437991398032693,-0.14457289567207823
-0.5508400866939906,0.8305951019744992,-0.13652162869042275
-0.5133211373597115,0.8333325244958398,-0.11462218351166069
-0.4883621820423705,0.8107890442126858,-0.14038623681667203
-0.4577673361994301,0.8246371822885104,-0.10898629712408624
-0.4321642832046441,0.8256033314342929,-0.09610427146326474
-0.4381222261745148,0.8560370280374281,-0.1112406516673592
-0.42540121293863314,0.8848604734811086,-0.10640989195096962
-0.40752738505530073,0.9012850054803929,-0.09079043602731637
-0.37161870678126574,0.9193197847458532,-0.10544374001632971
-0.3466597623350927,0.9370325133940652,-0.1112406516673592
-0.3112341670571052,0.9532960179272961,-0.14344571828261365
-0.2799952362439711,0.9436345301852788,-0.13764880605582147
-0.2550362988359673,0.9557113898172916,-0.10270630955048687
-0.2115594447071361,0.9516857699905191,-0.1112406516673592
-0.17178617954947606,0.9822804794056421,-0.12830933657506224
-0.18354103068774882,0.9811533059527056,-0.14763237717751515
-0.1935246032218263,0.9508806460190966,-0.16003132883712776
-0.1901430705549146,0.9439565797813717,-0.1714641288393532
-0.22733993182886825,0.9420242821999608,-0.19851638960405282
-0.23748453109794512,0.8884030196697519,-0.18676153792324315
-0.21494097759720557,0.8473416864453724,-0.14586109840769185
-0.21059329245930167,0.8320443256651765,-0.13491137531807804
-0.22122096734365979,0.7972629552827676,-0.13201291926800704
-0.2159071298579821,0.7610323571272118,-0.10914732244808587
-0.24199324198595604,0.7587780086624398,-0.07919661356036774
-0.2366794041602465,0.746218066926179,-0.0759761073931524
-0.24392554667141408,0.7360734982421893,-0.07984071479765115
-0.255680400422383,0.7534641872185806,-0.07935763886956858
-0.27725780430557057,0.7418703946722713,-0.03314337841302011
-0.2667911529891553,0.7510488138059443,-0.025253139481729983
-0.2798342108351912,0.7384888717674368,-0.08756992974489695
-0.26018911156306646,0.747989340790529,-0.14940365595701205
-0.2655029497735252,0.7420314195716137,-0.1200970446676873
-0.25793475598489934,0.72914942736916,-0.09030736008291351
-0.26518089897041613,0.7344632492152678,-0.11494423416533837
-0.27355421995504653,0.7531421374312786,-0.12267344994957084
-0.26292654335759524,0.808212646365216,-0.12830933657506224
-0.2510106639498162,0.8244761574305971,-0.12444472859274115
-0.25616347661303324,0.7996783283477684,-0.15262416285360747
-0.2645367973651561,0.8249592320040944,-0.16953182458532975
-0.254875273439563,0.8241541077145284,-0.19432973005247545
-0.26695217839146834,0.8130433923122576,-0.18917691837084108
-0.30044546380783566,0.8206115608164423,-0.15729389791046963
-0.3213787689466501,0.8214166851148955,-0.16647234287333143
-0.3711356304189612,0.8016106267866839,-0.18128667564192258
-0.44617350063145605,0.7991952537362221,-0.19432973005247545
-0.4894893606283506,0.7851860896851717,-0.18096462492236895
-0.5186349797065561,0.8016106267866839,-0.19255845102768424
-0.5704852035198078,0.8107890442126858,-0.18676153792324315
-0.6522861945093339,0.8016106267866839,-0.15906517674272813
-0.7100943875240251,0.816907989017543,-0.15375134027497048
-0.7577579749826631,0.8038649749507178,-0.12202934862718069
-0.7579190006277644,0.794525532453797,-0.14698827580555107
-0.7740215655389223,0.7838978906612812,-0.1762948895247647
-0.7883528489776566,0.776007671527176,-0.20688970886924724
-0.8208800339470284,0.7714989747920639,-0.20270304920964421
-0.848093374354888,0.8000003780883955,-0.21236457158252847
-0.8390759358621777,0.8049921490267978,-0.23200966796097067
-0.8042943897213232,0.8086957209631918,-0.2310435156522657
-0.7873866950181978,0.8491129597517564,-0.27242704211761765
-0.7794964377895977,0.8466975870588084,-0.2808003632890679
-0.8104133651628846,0.853299605709791,-0.2767747280835419
-0.8092861854676694,0.8809958775943248,-0.27033371185848587
-0.8352113194414704,0.8724615615127189,-0.2875634305466721
-0.8231343934213466,0.8863096969266469,-0.2788680583841885
-0.8331179855660037,0.9156162140866103,-0.2663080767826952
-0.8617805582567369,0.9360663645839451,-0.25809578138282085
-0.8682215861735699,0.9278540995803499,-0.22895018565993608
-0.8840021051061442,0.8958101615740998,-0.21236457158252847
-0.8944687762468546,0.9133618667078637,-0.21767840901020857
-0.9207159684269465,0.8954881119296423,-0.24456964823578908
-0.9310216150121788,0.8576472764545392,-0.24859528304208242
-0.9377846957601812,0.8394514688708679,-0.24456964823578908
-0.9476072656669801,0.8043480495552368,-0.217517383632334
-0.9384287986958544,0.7821266169949929,-0.20866098797226118
-0.9203939169763897,0.8074075220336405,-0.1838630814098598
-0.9316657179345362,0.7961357811795478,-0.18418513213229043
-0.9566247071525154,0.8037039500823833,-0.1719472049046574
-0.967574457861888,0.8486298852146215,-0.1468272504627599
-0.9725662561009802,0.8750379588443019,-0.17404053452928786
-0.9878637027917123,0.9123957178264058,-0.17339643310488598
-1.004288330560782,0.9450837533651483,-0.17726104167047865
-0.9873806255168623,0.9466940013350956,-0.18402410677103512
-0.9604893250081037,0.9647287780457577,-0.1906261466480302
-0.9592011190511697,0.9640846788949965,-0.19529588225189135
-0.9603282992632097,0.9574826625250517,-0.19384665395384626
-0.9521159863786836,0.967949273780143,-0.19658408518892057
-0.9469631627132372,0.9658559515564743,-0.1864394871982553
-0.9918893467765207,0.9875942970589278,-0.16598926681617993
-1.0152380828646128,0.9987050064127939,-0.164379013297537
-1.0554945283055888,0.9872722475066922,-0.14892057992528082
-1.0690206950842558,0.9970947587042277,-0.1819307770819889
-1.1131417667911445,0.9933911889438067,-0.20688970886924724
-1.0925304624807102,0.9985439816423016,-0.2270178810636132
-1.0839960946691676,0.9513637204021929,-0.20254202383919967
-1.0688596692859873,0.9420242821999608,-0.19658408518892057
-1.058231966775243,0.9400919846069007,-0.22089891658447566
-1.0203909076048876,0.931718694902367,-0.2207378912050034
-1.008797052053304,0.9040224273984865,-0.1978722881310636
-0.9946267847144687,0.9053106259400912,-0.180803599562712
-0.9732103591051189,0.9218961817009627,-0.19432973005247545
-0.9451918795969824,0.9619913566460817,-0.17082002742006655
-0.914596990920593,0.9693984968500565,-0.16115850628423103
-0.9094441678461392,0.9822804794056421,-0.1555226190878837
-0.901231856239032,1.0099767401461006,-0.12492780458801238
-0.9133087851443686,1.0194772011275255,-0.12847036190865854
-0.8865785164327716,1.03010483511175,-0.15697184721473456
-0.8989774962260983,1.008044442962848,-0.1484375038942691
-0.9028421134006424,0.999349105493954,-0.15214108681707958
-0.9255467402233473,0.9864671236246867,-0.17049797671090278
-0.9110544250481851,0.9756784634106052,-0.176938990954921
-0.9021980105350467,0.956033439401249,-0.15664979651931923
-0.89173133914693,0.9647287780457577,-0.15262416285360747
-0.9166903253177789,0.9508806460190966,-0.12911446324384324
-0.9009098048076615,0.9341340669549681,-0.14215751555659403
-0.8572718387904701,0.9355832901777928,-0.15954825278956822
-0.8411692697758096,0.9231843801707529,-0.17999847276562603
-0.8212020852995501,0.9016070551190286,-0.18740563937417787
-0.8110574678476108,0.882123051399447,-0.20994919096234324
-0.7812677200079965,0.8336545742026975,-0.2286281348930835
-0.7724113090120739,0.8254423065768645,-0.2458578513683724
-0.7468082313020846,0.8085346960972806,-0.29158906588590955
-0.7096113106597365,0.8450873385867413,-0.31960748922882776
-0.6358615844354435,0.8703682386655698,-0.32588748099922027
-0.6125128754603467,0.8943609381714939,-0.30302187052136753
-0.5811128901651985,0.9149721148371572,-0.28418189690026796
-0.5342544561977728,0.9294643476368525,-0.2521378417129076
-0.5336103540596154,0.9450837533651483,-0.25584142581918656
-0.5252370263794847,0.9378376374002743,-0.2365183787729464
-0.503498580522629,0.9204469584162612,-0.22363634804772595
-0.4595386166697997,0.910302395239926,-0.2014148462483248
-0.46130989714980997,0.9228623305537906,-0.21639020598944889
-0.4898114116536332,0.9275320499680788,-0.25278194329357384
-0.5012442232575657,0.9304304964668714,-0.25664655280440213
-0.5038206315617695,0.9400919846069007,-0.2709778134752432
-0.54391598842298,0.9837297024107337,-0.23732350571024566
-0.5611457216024444,0.9950014366709902,-0.26099423855906184
-0.5447211161213495,0.9608641831217714,-0.26518089897041613
-0.5529334187583856,0.9376766125991942,-0.28466497313331324
-0.5315170221194007,0.9433124805888623,-0.29529265044206937
-0.535864711548739,0.9349391909684576,-0.2891736846763803
-0.5218554902619961,0.9392868606063542,-0.2883685576105284
-0.5199231839249103,0.9616693070681119,-0.2994793112955289
-0.5006001211847003,0.9392868606063542,-0.27017268645449616
-0.502210376369253,0.9212520824641264,-0.2845039477222183
-0.49013346267923436,0.896776310505532,-0.2933603454509788
-0.4896503861409521,0.8582913758191204,-0.2972249554446538
-0.49126064127134744,0.8409006925215472,-0.30495417556992477
-0.48369244222774493,0.8262474308631986,-0.3115562179058737
-0.46807296816216054,0.8259253811489073,-0.29851315878609547
-0.4817601361171497,0.8257643562916406,-0.2748424232026126
-0.527813434873519,0.8351037978795579,-0.25954500996770746
-0.5239488221401107,0.7921101593500267,-0.24456964823578908
-0.5286185625320846,0.7876014628410348,-0.25600245121606996
-0.5220165157906042,0.8019326765253725,-0.21059329245930167
-0.5403734265737957,0.8280187042860239,-0.1935246032218263
-0.5395682988861725,0.8652154439066955,-0.20302509995077309
-0.537474966907666,0.8853435479636823,-0.17210823025991864
-0.5474585503106912,0.8935558140561052,-0.15407339096750797
-0.5601795683159282,0.9479821997052286,-0.15520056839390725
-0.5603405938634819,0.9597370095934962,-0.1381318820707631
-0.5782144301366255,0.9904927430144793,-0.12235139928821584
-0.538119069053466,1.002086526574435,-0.10657091727368953
-0.4898114116536332,1.0109428887333554,-0.08322224631439043
-0.4957693556788263,1.0057900962343196,-0.1073760438884889
-0.5328052263887099,1.0173838792405714,-0.1468272504627599
-0.48514167181821866,1.0178669535233906,-0.17259130632618194
-0.4767683453845362,1.038317097494341,-0.162607734436262
-0.4896503861409521,1.017544904001592,-0.1656672161118119
-0.463242203138998,1.017061829718287,-0.17033695135644078
-0.45969964216758413,0.9938742632628117,-0.20705073424184903
-0.45036016342779683,1.0019255018056425,-0.22057686582561103
-0.4316812067524094,0.9629575053780494,-0.22105994196402778
-0.3830515142319714,0.9033783281257433,-0.2276619825944428
-0.35342283096348526,0.8719784870107431,-0.24167119120616443
-0.38144125963712716,0.8687579903123132,-0.24247631815624235
-0.366948968642389,0.8386463446176622,-0.244086572062388
-0.4123581492512412,0.8338155990560053,-0.22395839880962606
-0.42379095813411527,0.830756126829342,-0.21236457158252847
-0.4624370756421087,0.8014496019172186,-0.22363634804772595
-0.4907775647313925,0.8500791088238442,-0.2147799522206891
-0.5068801164494904,0.8901742927493993,-0.23861170881407762
-0.53071189445367,0.913844941147501,-0.22846710950977706
-0.5435939373441894,0.935261240573287,-0.2073727849872923
-0.5373139413714152,0.9474991253170355,-0.18015949812488338
-0.576121097909801,0.9486262988883534,-0.1020622082677656
-0.5567980318356849,0.9528129435471125,-0.05729717225445226
-0.5696800757577665,0.9223792561277405,-0.0213885327283668
-0.5595354661265092,0.8922676154672787,-0.005124979813345295
-0.5160585712851357,0.9375155877980333,0.012587799659923694
-0.5472975247695049,0.9193197847458532,0.02434264368453043
-0.5535775209347518,0.8801907534453837,0.024503668942178026
-0.5088124227091786,0.8758430830061777,0.02708007305364628
-0.49045551370515417,0.8161028647077793,0.04076721955198192
-0.4923878198673632,0.8014496019172186,-0.0064131819946515655
-0.48385346773747895,0.7859912140724783,-0.0038367776371635715
-0.46533553464023153,0.7735922982840961,-0.0023875501950846602
-0.458250412690393,0.7260899541451658,-0.025414164764120797
-0.474030911789475,0.7041905660070161,-0.06937406985041382
-0.4476227300548627,0.7014531423848036,-0.09417196765829519
-0.44214786337808226,0.7198099826993706,-0.12090217131607672
-0.4513263163884482,0.7236745805266946,-0.1481154532073277
-0.4476227300548627,0.7409042452745225,-0.16115850628423103
-0.4266894167879863,0.7365565729486917,-0.17726104167047865
-0.44858888300738636,0.7737533231675333,-0.1753287373819279
-0.4155786587550598,0.8090177706947718,-0.1930415271243957
-0.4112309709324378,0.8207725856762945,-0.17355745846086656
-0.404467901101648,0.8323663753733271,-0.1719472049046574
-0.3745171649701657,0.8566811274052424,-0.18772769010012472
-0.3605079506298638,0.8409006925215472,-0.19400767931997606
-0.36002487428406893,0.8732666856810616,-0.1790323206117602
-0.36662691773873196,0.8608677732645139,-0.2017368969881753
-0.3859499725227859,0.8648933942315175,-0.24328144510831692
-0.3547110345277043,0.8436381149549715,-0.21043226708494223
-0.30801365858697755,0.8086957209631918,-0.20962714021434337
-0.2901398371580368,0.8088567458290221,-0.19400767931997606
-0.2886906084366297,0.7784230447520865,-0.18176975172185242
-0.2946485487770954,0.7476672909977374,-0.15294621354502577
-0.2828936936156597,0.718038708679645,-0.14763237717751515
-0.26276551795727826,0.7069279896059096,-0.16872669781621688
-0.26212141635680897,0.6995208433433198,-0.162607734436262
-0.26807935620989526,0.7169115342983716,-0.1729133570374238
-0.24762913068401998,0.7579728842069005,-0.22685685568110553
-0.23845068342581907,0.8027378008706799,-0.2258907033877367
-0.1901430705549146,0.8030598506082376,-0.25358707027120336
-0.16115850628423103,0.8144926160821928,-0.27468139779638734
-0.13571650200325092,0.820933610536066,-0.26018911156306646
-0.1180037153912314,0.8130433923122576,-0.27790190593605973
-0.0938499170252535,0.8302730522645708,-0.29964033671404716
-0.06969612045913422,0.8565201025634102,-0.30930186197119797
-0.030889024413039357,0.8808348527646984,-0.3055982772553311
-0.02766851872599775,0.8713343876736439,-0.2978690571147361
-0.02187160857001545,0.8553929286683207,-0.2907839388140709
-0.02187160857001545,0.8320443256651765,-0.2891736846763803
-0.015591622684784078,0.8309171516841042,-0.28498702395574255
0.004375511115523263,0.8342986736154436,-0.28885163384980006
-0.025414164764120797,0.8190013122134765,-0.2767747280835419
-0.002870626008390308,0.8328494499349471,-0.26018911156306646
-0.020744431607289403,0.8201284862364009,-0.22637377953406168
-0.06567048787313387,0.8283407539982145,-0.2022199730985502
-0.06776381681161277,0.8296289528437448,-0.17919334597053804
-0.09771452464287178,0.8618339223012019,-0.19658408518892057
-0.0920786385492438,0.9064377996597499,-0.20656765812428335
-0.08000174010717201,0.9140059659605516,-0.16904874852362226
-0.06921304454617365,0.9607031583322605,-0.1838630814098598
-0.025253139481729983,1.005629071467389,-0.18853281691639023
-0.021227507447977367,1.0202823249265567,-0.19883844034102685
-0.018812128251742766,1.0323591816691204,-0.24167119120616443
0.0035703847764294557,1.0462073101733291,-0.24650195293658073
-0.005930106176061185,1.0664964275977986,-0.23877273420241604
-0.011082914944843798,1.092099359655167,-0.23345889642941955
0.002604233166874295,1.1144817954359787,-0.23828965803764043
0.01774060805201731,1.1325165626957239,-0.27162191509327793
0.03674158828902148,1.1226940556535505,-0.284825998544488
0.04736925471484573,1.1085238810285392,-0.28434292231120323
0.0312667296910478,1.08759066736598,-0.28434292231120323
0.03207185596126328,1.093065507994585,-0.2886906084366297
0.06475998084067092,1.0606995370363095,-0.27822395675178335
0.0874645385426828,1.0226976963115055,-0.28788548137197517
0.09696502675363039,1.0226976963115055,-0.28208856656537395
0.09938040506785818,0.9853399501864799,-0.26840140701587867
0.0800573780490539,0.9806702316145187,-0.25390912106281416
0.0420554215455547,0.9827635537414011,-0.21236457158252847
0.0265969972843079,0.9421853069988565,-0.20302509995077309
0.03931799230308405,0.9344561165606067,-0.19690613592397688
0.03980106805343766,0.9449227285677086,-0.17516771202506815
0.03545338627429983,0.9074039485591608,-0.19851638960405282
0.019833936437878983,0.9080480478238173,-0.22524660186042175
-0.0073793336339942105,0.8941999133485778,-0.25245989250308104
-0.01011676329445178,0.8871148210602273,-0.25729065439401194
-0.01027778856931695,0.9156162140866103,-0.295775726691638
-0.0305669738428943,0.8990306580008867,-0.2970639300273328
-0.02670236702612923,0.8893691686234995,-0.29529265044206937
-0.03394850484538691,0.9004798813823885,-0.32234492152407734
-0.04119464282673762,0.8916235161709248,-0.3495582203014591
-0.0638992095511372,0.9038614025804219,-0.3679151213552742
-0.0829001956922285,0.9351002157709126,-0.3440833552755765
-0.0927227398121274,0.9196418343663743,-0.3432782280736659
-0.12122422197599231,0.9230233553623123,-0.3342608035485287
-0.19094819737717345,0.9099803456100237,-0.31687005695663945
-0.20930508946666307,0.9199638839865716,-0.3318454220217795
-0.20849996259886044,0.9334899677427209,-0.3078526331643091
-0.22830608412655043,0.9222182313188955,-0.2753254994217671
-0.23619632799858578,0.9156162140866103,-0.2803172870617703
-0.29094496422827903,0.8959711863962073,-0.3043100738857954
-0.30704750605216413,0.8243151325726032,-0.32926901507970074
-0.35873667069879206,0.809983919887573,-0.3408628464799005
-0.39110278732580234,0.7871183882113157,-0.3514905256267288
-0.4178330154267046,0.7637697802417316,-0.3373202868415145
-0.4616319481472113,0.7320478756597516,-0.33393875267725825
-0.5249149753191634,0.7157843599131442,-0.34199002455475724
-0.5803077623768977,0.7199710076097705,-0.33393875267725825
-0.6165385148195114,0.6919526719856401,-0.33152337115290265
-0.6397261984960503,0.6961393199927658,-0.3215397943760218
-0.6688718310115769,0.735107348827005,-0.32540440470488124
-0.6782113160150677,0.7454129424391545,-0.3371592614043235
-0.7321548984217967,0.7425144942691562,-0.3083357094325538
-0.7852933614491753,0.7724651240977745,-0.32121774351735816
-0.8366605505938798,0.7808384179588272,-0.3078526331643091
-0.8986554447969478,0.8217387348337113,-0.3012505909036195
-0.9469631627132372,0.841383767070319,-0.304471099306708
-0.9574298358686657,0.8909794168732776,-0.29319932003557336
-0.9836770331000307,0.9159382637108515,-0.2862752272486529
-1.0105683355137824,0.9236674545955897,-0.29996238755132315
-1.050180677223917,0.9123957178264058,-0.3033439213619956
-1.1039632951803175,0.9082090726397793,-0.33104029485018577
-1.1234474194324013,0.9130398170810345,-0.3102680145127151
-1.2002567469774188,0.9098193207949513,-0.298996235040453
-1.2274701189129371,0.9149721148371572,-0.2661470513807015
-1.2471152763871942,0.9307525460762307,-0.22540762724213068
-1.2967112529456704,0.8909794168732776,-0.24714605450606686
-1.3461462110588376,0.8476637361381696,-0.24537477519305467
-1.436803824573873,0.8346207233213316,-0.22605172876976515
-1.4839844397175372,0.8558760031952726,-0.23877273420241604
-1.5186050319240594,0.8286628037100818,-0.24746810529128907
-1.5430809876806388,0.8199674613762256,-0.258900908373626
-1.5767354298158915,0.8220607845522039,-0.2828936936156597
-1.6102288493253194,0.7959747563073362,-0.2930382946202478
-1.6406627767349231,0.7985511542530296,-0.3009285400650666
-1.658858724094287,0.8260864060060934,-0.3002844383889184
-1.6767326202655184,0.8412227422208093,-0.30495417556992477
-1.719887616815186,0.8599016242249161,-0.2948095741932192
-1.7326086803080698,0.8692410648191389,-0.31091211620865594
-1.738244594670519,0.8359089221416522,-0.3582535943556293
-1.768356481608984,0.8305951019744992,-0.3745171649701657
-1.793315534361482,0.8391294191698281,-0.36952537588313006
-1.7970191358983856,0.8276966545735102,-0.3790258777598126
-1.8166643273537224,0.8128823674485276,-0.4208924995060691
-1.8156981703695856,0.8091787955604406,-0.4419868378889833
-1.830029499257514,0.7829317413899717,-0.38047510688404823
-1.8280971852138928,0.7972629552827676,-0.36582179048098507
-1.8343772058969805,0.8123992928568528,-0.36614384138384454
-1.8509629021210614,0.8297899776990726,-0.3437613043945729
-1.8401741481719276,0.8280187042860239,-0.3104290399365806
-1.836631572325153,0.8375191706597804,-0.30930186197119797
-1.8334110488610438,0.8259253811489073,-0.3068864806299746
-1.804748391413527,0.8128823674485276,-0.3390915666558808
-1.7920273251409897,0.8534606305532398,-0.3344218289842836
-1.7805944685293216,0.8570031770886647,-0.28691932889702393
-1.7519318156656822,0.8468586119055707,-0.27355421995504653
-1.7630426190084982,0.855553953510719,-0.29625880294192486
-1.722303008579918,0.8180351630478191,-0.3102680145127151
-1.7234301914095098,0.8106280193478248,-0.3141326247075132
-1.6665879763737812,0.7892117116015149,-0.33989669384742033
-1.5788287684354907,0.7682784770853673,-0.40688328316792954
-1.498798832216058,0.7582949339893583,-0.4307150538500919
-1.413455058490217,0.772626148981777,-0.42201967785835165
-1.3598334157598975,0.7404211705745584,-0.44649555161387744
-1.2841512321998356,0.7470231914111853,-0.43602889484834395
-1.1938157125300977,0.7444467930520612,-0.43715607325307004
-1.1190997221848604,0.7645749046827378,-0.43715607325307004
-1.0479263161850088,0.7908219603539187,-0.422341728816864
-0.9794903634619003,0.796618855795698,-0.4225027542962398
-0.9052574991579243,0.8383242949158143,-0.39528944941337324
-0.7965651577484434,0.8392904440203883,-0.36678794319052055
-0.7137979768406614,0.8578083012958058,-0.3468207877769906
-0.6624308070270419,0.8779364058175965,-0.33893054121781224
-0.5991477531444374,0.8848604734811086,-0.2978690571147361
-0.5331272774568332,0.8975814346128351,-0.2754865248283117
-0.4862688503930477,0.9270489755490655,-0.258900908373626
-0.4052730284550821,0.9254387274804303,-0.21848353590077965
-0.3516515510710198,0.9233454049791127,-0.21494097759720557
-0.26985063564675627,0.9270489755490655,-0.19980459255386654
-0.22202609424301814,0.8859876472726488,-0.2039912521760772
-0.15600569512944787,0.8692410648191389,-0.2295942871945998
-0.07581508208563172,0.8528165311789598,-0.25245989250308104
-0.0015824238411767187,0.8338155990560053,-0.25616347661303324
0.09825322852346305,0.8291458782772769,-0.2656639751751995
0.16362946160399758,0.816907989017543,-0.28418189690026796
0.21580161841856862,0.7876014628410348,-0.31461570098509495
0.32030693187592446,0.7755245968800135,-0.31783620952066083
0.38487799461714145,0.7716599996765509,-0.2894957355032799
0.48084892681798647,0.7797112437979427,-0.30865776027844927
0.561683481757187,0.8051531738944862,-0.30736955689678275
0.6539507875808442,0.8331714996422896,-0.31316647215450427
0.7539472618989281,0.8391294191698281,-0.3603469251811858
0.807729571766513,0.8299510025543195,-0.38514484521719033
0.8882419948438441,0.8230269337057426,-0.3882043289890587
0.9441176045792967,0.8417058167690964,-0.36888127407103066
0.9787379342544876,0.8576472764545392,-0.36630486683539387
0.9829245785198255,0.8632831458507781,-0.34553258424404154
0.9682713233518012,0.8552319038258419,-0.32798081161632103
0.9600590591734078,0.8537826802398948,-0.3331336255004784
0.9827635537414011,0.8342986736154436,-0.32540440470488124
1.0053070219332847,0.8236710331398193,-0.32749773531887016
0.9953234862154555,0.8122382679927996,-0.3234720995347064
1.0143244087657952,0.7721430743295272,-0.2898177863304987
1.024629993406348,0.7595831331159607,-0.2835377952573252
0.9835686776327138,0.7732702485169795,-0.29352137086646396
0.9858230245176256,0.835747897289395,-0.32637055729427744
0.9790599838153021,0.8692410648191389,-0.33603208334622053
1.0074003438991732,0.8417058167690964,-0.3018946925816833
1.0119090373176955,0.8449263137390902,-0.3579315434605863
0.9940352880356514,0.8605457235849712,-0.3827294633123647
1.0207653992050039,0.8887250693213244,-0.3957725258115613
1.011586987789906,0.920607983225996,-0.3883653544515334
0.9636016045310761,0.9201249087965491,-0.3917468891819204
0.9218961817009627,0.9362273893858339,-0.38111920871911525
0.9059547252089527,0.9107854696841728,-0.3750002413374945
0.8962932360401797,0.9043444770343728,-0.333616701806307
0.8892081437980769,0.9080480478238173,-0.3579315434605863
0.8547488292979202,0.8867927714070376,-0.3569653907773716
0.8299510025543195,0.8673087667874709,-0.36678794319052055
0.7921101593500267,0.8755210333416699,-0.36260128146993686
0.7756856217624817,0.8386463446176622,-0.35390590729946914
0.7550744361502466,0.8326884250811546,-0.3466597623350927
0.679231702706307,0.8420278664675502,-0.34939719485820514
0.6326954943447446,0.8178741381865934,-0.32234492152407734
0.5747265056523482,0.8425109410146252,-0.32846388791449
0.5373687074057009,0.852977556022651,-0.32669260815804785
0.4985616796363663,0.8647323693938073,-0.32653158272612276
0.45218647019417485,0.8945219629943292,-0.35712641622437463
0.4001753766641793,0.8932337644093836,-0.3437613043945729
0.3639447337978381,0.9078870230077744,-0.35406693274495665
0.28890703385298555,0.9012850054803929,-0.3679151213552742
0.2161236687431148,0.9008019310218328,-0.3880433035266638
0.17924890449667738,0.9273710251618218,-0.38111920871911525
0.12498341408969597,0.9495924476606136,-0.40156944264578776
0.07941327712854969,0.9710087446978284,-0.390619710934551
0.03786876504769727,0.9790599838153021,-0.40640020675323824
0.025147769971967437,1.0051459971661114,-0.4073663595833384
-0.0275074934424862,0.9924250403036114,-0.4028576464007589
-0.031211074983504603,1.00707829436685,-0.38047510688404823
-0.0829001956922285,0.9914588916605023,-0.3738730631481771
-0.1479544278639769,0.981958429848065,-0.3766104959004407
-0.19916049107832048,0.966661075490273,-0.3907807363982217
-0.2637316703603776,0.970203620774954,-0.4150955823274543
-0.31703108238377686,0.9951624614432633,-0.4059171303392644
-0.34392232983503485,1.0001542293435826,-0.3862720234455823
-0.3925520165038619,0.9938742632628117,-0.37403408860355464
-0.4518093928698496,0.9893655695904365,-0.35342283096348526
-0.5244318987292789,0.9644067284705389,-0.31429365013329397
-0.5814349412810758,0.9753564138463916,-0.28788548137197517
-0.6141231311980471,0.9623134062237279,-0.2856311256015591
-0.6563118343595494,0.9742292403690955,-0.2812834395170839
-0.7450369492706176,0.9653728771952241,-0.22750095721161562
-0.8057436207365981,0.9650508276206526,-0.21639020598944889
-0.843745680764841,0.9784158846933494,-0.21365277458731058
-0.8914092877249162,0.9843738015220034,-0.22105994196402778
-0.9192667369019384,0.9542621666854788,-0.2679183308070233
-0.980617543743821,0.9655339019823884,-0.2777408805283177
-1.0218401395777001,0.9613472574898184,-0.2664691021847687
-1.0321457893471124,0.9326848437255916,-0.2970639300273328
-1.0938186689621363,0.9368714885925807,-0.28418189690026796
-1.1614495163467509,0.9051496011226735,-0.29255521837474996
-1.2195798510780256,0.909658295979798,-0.31236134502919144
-1.2717522378321684,0.9004798813823885,-0.3184803112316043
-1.304279470806476,0.8919455658192635,-0.333616701806307
-1.347917496340981,0.86553749358155,-0.37033050315004873
-1.383343203988462,0.8750379588443019,-0.3411848973580321
-1.4026663188597566,0.8631221210122596,-0.3466597623350927
-1.4255320062575854,0.827535629717132,-0.3617961542221597
-1.4432448637851647,0.7869573633345812,-0.37822075047136167
-1.4825352057045735,0.7991952537362221,-0.4163837861359966
-1.5062060287153372,0.80257677600178,-0.4400545320260112
-1.5121639912378715,0.7824486667532267,-0.42797762064244027
-1.5535476798423442,0.8091787955604406,-0.3999591879592491
-1.5715825963473897,0.8397735185715844,-0.3601858997325875
-1.5931600870345595,0.8758430830061777,-0.3558382126505837
-1.5884903314675245,0.8913014665222629,-0.3373202868415145
-1.5667518150438653,0.8869537962336729,-0.3112341670571052
-1.54130970134772,0.8845384238256553,-0.31429365013329397
-1.5549969141678721,0.8742328346804054,-0.2930382946202478
-1.5330973739286649,0.8507232082036198,-0.3313623457185839
-1.5263342809138072,0.8512062827376028,-0.34553258424404154
-1.498798832216058,0.8771312816609752,-0.3302351676805867
-1.4688479958968896,0.87149541250804,-0.3471428386610256
-1.437931006426745,0.8739107850142808,-0.35712641622437463
-1.4166755778514875,0.8642492948801918,-0.37097460496501916
-1.4121668507545393,0.841383767070319,-0.3878822780643486
-1.4010560592437764,0.8260864060060934,-0.409137639779309
-1.3485616000823095,0.8383242949158143,-0.4286217225715802
-1.3079830668444592,0.872139511844816,-0.4303930028832903
-1.325051814341773,0.8898522430992818,-0.41380737852401367
-1.3155512849649664,0.8539437050831011,-0.4384442771489673
-1.2984825379612923,0.872139511844816,-0.43828325166170123
-1.2838291803921562,0.8888860941469895,-0.4704883507006297
-1.2570988814558242,0.8950050374623495,-0.4580893871933257
-1.2358434645778618,0.8656985184188561,-0.41928224472386927
-1.2400301374904297,0.8550708789832822,-0.3803140814254809
-1.224088575531889,0.8338155990560053,-0.4118750728284186
-1.189790066064737,0.8291458782772769,-0.4154176332791116
-1.1614495163467509,0.8317222759567028,-0.44246991435651933
-1.152432069222766,0.8301120274094856,-0.42266377977569525
-1.1124976635118238,0.8027378008706799,-0.4278165951603546
-1.1046073984428673,0.8127213425847167,-0.41026481809085813
-1.1009038047004935,0.8125603177208253,-0.42846069708917567
-1.0440616972972638,0.7845419901738726,-0.4339355635356415
-0.9922113982974442,0.7855081394403366,-0.45792836169633805
-0.971278050096506,0.8091787955604406,-0.4316812067524094
-0.9183005825555004,0.7987121791239489,-0.41316327662420654
-0.8609754297760567,0.8101449447527571,-0.409137639779309
-0.7783692582010732,0.811433143671322,-0.4295878754676811
-0.7360195136230645,0.8038649749507178,-0.43892735361124374
-0.6756349063322243,0.8083736712312887,-0.45341964781303357
-0.6083262105795515,0.8400955682719778,-0.44858888300738636
-0.571612382390008,0.8898522430992818,-0.4553519537553721
-0.5244318987292789,0.913844941147501,-0.442308888867261
-0.49593038119453386,0.9259218019018701,-0.42121455046346556
-0.4490719594847239,0.8998357821025297,-0.4274945441964222
-0.3970607295435709,0.8851825231362386,-0.44778375554675076
-0.40398482469054414,0.8758430830061777,-0.4566401577233054
-0.3551941108656026,0.8731056608475547,-0.42201967785835165
-0.34827001675766095,0.8631221210122596,-0.40092534077021563
-0.3112341670571052,0.8484688603687481,-0.3901366345440173
-0.29738598086205464,0.8692410648191389,-0.37065255405737446
-0.2914280404713822,0.8851825231362386,-0.3766104959004407
-0.29980136213264524,0.8953270871072923,-0.3925520165038619
-0.3083357094325538,0.8571642019302546,-0.39641662767692826
-0.321056718088146,0.8951660622848613,-0.3711356304189612
-0.3445664315976802,0.8421888913166561,-0.3316843965873012
-0.34827001675766095,0.8814789520827195,-0.31960748922882776
-0.3411848973580321,0.8772923064924611,-0.3028608451011732
-0.3289469642133771,0.8466975870588084,-0.3023777688410691
-0.3105900653605259,0.8602236739051053,-0.29255521837474996
-0.2946485487770954,0.8331714996422896,-0.3471428386610256
-0.2946485487770954,0.7982291045109488,-0.3386084903419145
-0.2663080767826952,0.7908219603539187,-0.36517768867622313
-0.23812863264954162,0.7579728842069005,-0.3894925326910887
-0.19948254181593372,0.7421924444708753,-0.39271304196848944
-0.20640663275192125,0.7547523863645593,-0.4300709519168075
-0.17565078809588713,0.7582949339893583,-0.452131443857849
-0.1440898196475423,0.7729481987495397,-0.4614709226484708
-0.12911446324384324,0.7858301891951786,-0.4651745091396587
-0.1238006272668324,0.7764907461736116,-0.45873348918207296
-0.11945294335041522,0.7661851535586947,-0.45197041836380947
-0.12283447528036831,0.7476672909977374,-0.42652839130653813
-0.124283703261144,0.7555575108281721,-0.3980268823459268
-0.10431656276288909,0.7595831331159607,-0.4018914935840522
-0.1399031607983723,0.7487944652710954,-0.3914248382537019
-0.12814831124154594,0.7684395019714693,-0.4038237992203356
-0.14376776896491808,0.7682784770853673,-0.3819243360147432
-0.15503954304703896,0.7210981819803104,-0.3833735651518972
-0.16872669781621688,0.7011310925453632,-0.3957725258115613
-0.16550619075974776,0.7161064097378983,-0.3762884449872135
-0.1833800053268132,0.6843845004497409,-0.37693254681398697
-0.19094819737717345,0.7090213135187402,-0.4266894167879863
-0.22234814500332065,0.6959782950704233,-0.42266377977569525
-0.24279836893683257,0.723513555618151,-0.42137557594228336
-0.22299224652488425,0.7277002032140579,-0.42652839130653813
-0.24843425764887234,0.709665413181483,-0.43248633417319915
-0.2518157909230536,0.7201320325200897,-0.41461250590056625
-0.2677573054042312,0.7233525307095265,-0.40398482469054414
-0.2933603454509788,0.6993598184226716,-0.39947611155484225
-0.2930382946202478,0.693240871378257,-0.4150955823274543
-0.27613062645528813,0.7132079613034894,-0.4495550359627787
-0.32637055729427744,0.7502436893310289,-0.4725816822484689
-0.31075109078455104,0.770210775713261,-0.4812770595912931
-0.3205736418009884,0.791949134475796,-0.4574452852058532
-0.3395746429705652,0.8086957209631918,-0.43586786936227323
-0.3511684747383862,0.8014496019172186,-0.4489109339921984
-0.390619710934551,0.7819655921157548,-0.4408596594675217
-0.45293657132924176,0.7808384179588272,-0.42974890095064355
-0.4906165392182335,0.7951696319450664,-0.40092534077021563
-0.5084903716651009,0.7874404379645426,-0.390619710934551
-0.5026934529261717,0.8144926160821928,-0.3548720599735906
-0.507041141970693,0.819323361934716,-0.3645335868727374
-0.5091344737535749,0.7983901293820297,-0.33876951577982345
-0.4719375802323152,0.8049921490267978,-0.36276230691973155
-0.4788616769727638,0.8233489834229425,-0.3962556022104669
-0.4559960557387013,0.8144926160821928,-0.3946453475502387
-0.42733351871457564,0.8347817481741545,-0.4062391812818339
-0.43135915578465145,0.8254423065768645,-0.4152566078032431
-0.44069863397906023,0.7663461784458463,-0.42298583073484525
-0.4316812067524094,0.7381668219651198,-0.4300709519168075
-0.4434360672937431,0.7289884024633605,-0.4307150538500919
-0.45986066766544814,0.7275391783075319,-0.4152566078032431
-0.4595386166697997,0.7138520609578398,-0.41026481809085813
-0.4708104017071133,0.7054787653505769,-0.41702788804218077
-0.45245349484616704,0.7099874630123701,-0.4733868097704534
-0.4624370756421087,0.7550744361502466,-0.513643188408567
-0.44665657710520773,0.7661851535586947,-0.5228216434348386
-0.45454682627800336,0.7771348457010618,-0.545365218281478
-0.4751580903258297,0.814170566356106,-0.5571200829275292
-0.4675898916566177,0.83188330081098,-0.5355426604779089
-0.5076852440563002,0.8326884250811546,-0.5138042139331142
-0.5152534436576222,0.8615118726226292,-0.507524218534779
-0.5326442008547676,0.8447652888913582,-0.5224995923769059
-0.53071189445367,0.8685969654765429,-0.508973448231337
-0.5080072950995816,0.8647323693938073,-0.4815991106084511
-0.5015662742944762,0.8571642019302546,-0.49126064127134744
-0.5210503626201504,0.8502401336689093,-0.4917437178120192
-0.5170247244407796,0.8454093882818012,-0.42636736582516976
-0.5224995923769059,0.8185182376310114,-0.4434360672937431
-0.5299067667899295,0.80257677600178,-0.4323253086888818
-0.5389241967375069,0.7666682282199071,-0.4080104614716662
-0.5165416478625994,0.7708548752533084,-0.4200873721139728
-0.5220165157906042,0.7648969544585752,-0.3954504748793562
-0.5026934529261717,0.72914942736916,-0.4255622384195233
-0.551162137779945,0.7312427511372105,-0.4292658245019953
-0.554704699746457,0.7296325020860747,-0.4271724932328087
-0.5688749479977147,0.7181997335909326,-0.4160617351833827
-0.5944780117415628,0.734141199408915,-0.42201967785835165
-0.6212082565384204,0.6798758024287538,-0.40704430863965274
-0.6318359448376849,0.6781045281889195,-0.3817633105554581
-0.6600154230656337,0.6982326439758757,-0.366948968642389
-0.6638800374124726,0.6909865224377889,-0.3352269561642548
-0.6353785076810882,0.7090213135187402,-0.33876951577982345
-0.6313528680892938,0.6946900956887789,-0.34037977016330145
-0.6529302968820292,0.7014531423848036,-0.3358710579096678
-0.646006196442223,0.7280222530268677,-0.35760949256586233
-0.6456841452625541,0.7107925875881761,-0.34440540615689924
-0.6582441415053027,0.7159453848255616,-0.3677540959029273
-0.6348954309274486,0.7328530001802749,-0.3566433398836048
-0.6416585055435297,0.7280222530268677,-0.3605079506298638
-0.6724143942572856,0.7225474061651938,-0.3878822780643486
-0.6609815766480505,0.7082161889384961,-0.40768841052734284
-0.6262000494843242,0.688893198407481,-0.4126802002001882
-0.6262000494843242,0.7000039181047799,-0.42507916197709195
-0.6350564565119157,0.7133689862171981,-0.4352237674187875
-0.6348954309274486,0.7032244164959568,-0.4434360672937431
-0.6374718402884633,0.6793927276370396,-0.4379612006874081
-0.6402092752568466,0.6913085722873954,-0.42379095813411527
-0.6471333755735684,0.70580081518566,-0.4286217225715802
-0.6326410727532604,0.6995208433433198,-0.4434360672937431
-0.6247508192663495,0.6660276581117275,-0.43699504776644155
-0.6316749192548083,0.6407467419479643,-0.4033407228101885
-0.6282933820327714,0.6252883463717572,-0.3933571438277968
-0.628454407613978,0.627864745686059,-0.4081714869439474
-0.6328020983366142,0.5877695290188462,-0.3931961183628504
-0.6443959405470594,0.5562086320634371,-0.3603469251811858
-0.6297426122664929,0.5632937316493892,-0.3685592231654595
-0.599308778711247,0.5859982542717045,-0.3675930704506601
-0.5741887912508219,0.600007427005391,-0.3745171649701657
-0.5825621201891527,0.6352718935997063,-0.4026966209311084
-0.5756380212439819,0.6562051367810466,-0.4152566078032431
-0.5617898237950468,0.684545525377892,-0.4361899203344943
-0.5265252306239541,0.6863167995822314,-0.4307150538500919
-0.5350595838722608,0.7107925875881761,-0.4500381124415505
-0.5497129078956573,0.7352683737297375,-0.44987708694854683
-0.5297457412574201,0.7660241286714623,-0.4540637497925382
-0.4954473046476498,0.7792281691563523,-0.4622760501429699
-0.4787006514654991,0.7463790918233417,-0.4648524581387518
-0.4737088607798049,0.7407432203746153,-0.47709039639723344
-0.45551297925108486,0.7104705377580958,-0.5117108821202117
-0.44214786337808226,0.6882490987031048,-0.508973448231337
-0.42974890095064355,0.6719855807398472,-0.5059139633239464
-0.42314685621453985,0.6623240845304863,-0.47950577900261915
-0.4183160918583754,0.6847065503059627,-0.4761242433600977
-0.4001202134275442,0.6747230046130412,-0.4730647587614206
-0.37516126679343026,0.6558830868962713,-0.4796668045102821
-0.3671099940943371,0.6507302886959928,-0.48031090654173064
-0.3468207877769906,0.6475097897788843,-0.4989898660081115
-0.31236134502919144,0.6405857169978754,-0.48320936569902073
-0.3236331249651154,0.6578153862000848,-0.4730647587614206
-0.2993182858770905,0.6504082388057335,-0.4559960557387013
-0.2764526772692554,0.620940672482073,-0.43345248708077677
-0.28498702395574255,0.6547559122970168,-0.43876632812373856
-0.2743593469841765,0.633661644067774,-0.45277554583480384
-0.267274229196334,0.591151053509039,-0.44649555161387744
-0.2564855274071993,0.6138555741655539,-0.4292658245019953
-0.25664655280440213,0.5992023021521607,-0.3901366345440173
-0.26212141635680897,0.6286698704675456,-0.39512842394747
-0.22041584044629856,0.6378482928340269,-0.3896535581542012
-0.20592355663531428,0.618686323034655,-0.37693254681398697
-0.16325183583924294,0.6446113407259076,-0.40366277375020687
-0.16582824146395592,0.6537897626373678,-0.4183160918583754
-0.1819307770819889,0.6262544961170391,-0.4081714869439474
-0.1593872274405416,0.6634512591032069,-0.38546689613918933
-0.16647234287333143,0.684223475521509,-0.4028576464007589
-0.1674384949897926,0.7132079613034894,-0.3912638127897123
-0.16309081048837779,0.6945290707657102,-0.40978174167114456
-0.19593998371976667,0.6969444446032679,-0.4052730284550821
-0.18048154884363787,0.6903424227376078,-0.3977048314114892
-0.13330112195372912,0.7231915058008214,-0.3732289613274646
-0.1370047047036853,0.7243186801600625,-0.39094176186197216
-0.13942008478079218,0.7476672909977374,-0.43860530263631303
-0.14054726215626517,0.7215812567093312,-0.466623738647683
-0.16019235418647412,0.7112756623326912,-0.4923878198673632
-0.1276652352414768,0.7045126158433905,-0.46887809567299193
-0.13040266591805091,0.7000039181047799,-0.4390883790988286
-0.1500477573337729,0.6935629212256044,-0.4300709519168075
-0.15342928958275276,0.6867998743635388,-0.452131443857849
-0.15987030348786127,0.6855116749451055,-0.42636736582516976
-0.17339643310488598,0.6481538895648865,-0.45148734188216905
-0.15761594860652448,0.6661886830490745,-0.41251917472567484
-0.1811256502821058,0.6814860517292237,-0.4128412256747813
-0.17371848381692706,0.7075720892728483,-0.4339355635356415
-0.17726104167047865,0.6818081015883496,-0.42604531486267205
-0.21381379996326783,0.668120982290947,-0.43860530263631303
-0.19481280615182384,0.6518574633093601,-0.4266894167879863
-0.21703430749918964,0.6496031140786741,-0.43715607325307004
-0.22283122114437354,0.6963003449150276,-0.4292658245019953
-0.21204252083213185,0.7220643314376257,-0.42652839130653813
-0.24118811503707605,0.7264120039595897,-0.44037658300237636
-0.25970603536642745,0.7314037760418801,-0.49657448325816095
-0.27967318542649117,0.7161064097378983,-0.5033375550031783
-0.320090565514549,0.7083772138547063,-0.5355426604779089
-0.327658760751274,0.667315857608245,-0.5576031595658927
-0.32588748099922027,0.6657056082367916,-0.5538995720234124
-0.34440540615689924,0.6438062159843331,-0.5186349797065561
-0.3313623457185839,0.5909900285341213,-0.5083293461431816
-0.36936435042998556,0.5584629819486129,-0.49415910052613005
-0.3806361323426954,0.4901883784254392,-0.49657448325816095
-0.377737674099248,0.4541187707208807,-0.49866781497374946
-0.3677540959029273,0.49566322924183437,-0.47821757494418304
-0.3682371722602074,0.4837473773458305,-0.4484278575150999
-0.3816022850962527,0.4718315250090234,-0.4708104017071133
-0.4278165951603546,0.46313617302561977,-0.4543858007827686
-0.46130989714980997,0.4660346237128307,-0.4431140163143497
-0.4883621820423705,0.460881822473095,-0.4452073476861041
-0.533449328525275,0.470221274659433,-0.4252401874578227
-0.5729005868178685,0.4863237777931301,-0.4033407228101885
-0.595766216259811,0.47795047626406206,-0.3991540606189696
-0.6117077475944793,0.4739248504514583,-0.41912121924608764
-0.6374718402884633,0.47601817588029055,-0.4402155575141539
-0.6493877338479477,0.5021042300831474,-0.4733868097704534
-0.6361836356054112,0.5172405815531443,-0.5117108821202117
-0.6402092752568466,0.5378517824106989,-0.5332883029910143
-0.6580831159093862,0.5802013550310656,-0.5329662519227317
-0.6724143942572856,0.6267375709885915,-0.5233047200223346
-0.6812708025398724,0.5972700024961872,-0.5133211373597115
-0.6748297783105088,0.6120842995620389,-0.502210376369253
-0.6906102878983338,0.5934054031494227,-0.5295847157249906
-0.7310277189967126,0.6111181497741924,-0.5336103540596154
-0.7485795133431621,0.5742434307026951,-0.5516452144094738
-0.7939887471314593,0.5579799069745472,-0.5696800757577665
-0.8241005474865302,0.5776249553350373,-0.5553488019263252
-0.8358554221750811,0.5583019569573382,-0.5508400866939906
-0.8495426055644228,0.5433266324166794,-0.5508400866939906
-0.8595261985158296,0.5396230574228229,-0.5437549628835449
-0.8530851707703391,0.5502507072908932,-0.5613067471504756
-0.8796544110384973,0.5715060059742967,-0.5487467546430471
-0.8788492825137962,0.5682855062640157,-0.5410175287253272
-0.9063846791840944,0.5594291318945687,-0.5339324051285349
-0.8923754419919094,0.5734383057849952,-0.5126770352629559
-0.9001046762306225,0.5892187538047091,-0.503498580522629
-0.8920533905692611,0.6360770183626488,-0.48804013101852156
-0.8422964495810117,0.6574933363169224,-0.4891673096033866
-0.8455169633315821,0.6380093177854865,-0.4933539729527686
-0.8385928588070899,0.6376872678824865,-0.5253980519097646
-0.8377877303835305,0.6462215902030091,-0.5257201029705636
-0.8604923526886004,0.6591035857295089,-0.5332883029910143
-0.8236174704535812,0.6784265780514336,-0.5535775209347518
-0.7844882331569698,0.6499251639697398,-0.5595354661265092
-0.790768233888807,0.6611969099538139,-0.5640441814791832
-0.8146000326363041,0.6592646106703239,-0.5740277656964242
-0.8421354238943162,0.6700532815212046,-0.5516452144094738
-0.845194911955097,0.6682820072272454,-0.5435939373441894
-0.812345673220873,0.6392975173942612,-0.5379580435168966
-0.7532492569520677,0.6064484257586927,-0.5503570100656558
-0.7535713082379025,0.5827777547064652,-0.5635611048312694
-0.7340872060167112,0.5966259026082835,-0.5580862362049723
-0.7049415676751489,0.628830895423601,-0.5447211161213495
-0.6609815766480505,0.6417128916468045,-0.5709682801779875
-0.6257169727442835,0.6402636670974556,-0.5543826486570005
-0.5910964749053865,0.6280257706425175,-0.5490688057269322
-0.5640441814791832,0.6582984610242237,-0.5530944443023578
-0.5165416478625994,0.6645784336719752,-0.5431108607266004
-0.4883621820423705,0.6694091817790759,-0.5120329331674746
-0.4722596312402327,0.6855116749451055,-0.52088933709202
-0.44987708694854683,0.6489590142955749,-0.5600185427684541
-0.4128412256747813,0.6347888187409731,-0.563400079282124
-0.3882043289890587,0.6074145755605649,-0.6100974918687102
-0.3437613043945729,0.594532577963691,-0.5896472448434801
-0.3580925689080679,0.5864813292037101,-0.5476195758519571
-0.3471428386610256,0.5603952818376243,-0.5482636780178167
-0.30414904846496255,0.5273851571401182,-0.5727395612641074
-0.2721049913076422,0.5301225822437454,-0.5579252106585328
-0.2585788575770644,0.5463861073794654,-0.5212113881483603
-0.19175332420143,0.5549204321219614,-0.5059139633239464
-0.1474713518344042,0.5890577288288245,-0.488684233066538
-0.13475034998128332,0.5964648776361062,-0.4811160340828335
-0.10657091727368953,0.5784300802422621,-0.4337745380506069
-0.04827975567633155,0.5624886067042952,-0.41799404090384845
-0.03427055541889394,0.5256138820606628,-0.4271724932328087
0.014842153341555826,0.522232356881916,-0.41944327020173056
0.02321546687875456,0.5079011307301872,-0.40640020675323824
0.049301557663865736,0.5037144802733476,-0.37644947044378724
0.06524305655304713,0.5101554809536327,-0.36260128146993686
0.09052401782751482,0.4768233010416039,-0.3772545977278521
0.10099065726732313,0.44043164174039884,-0.3833735651518972
0.10743166598501792,0.4301260383596944,-0.3859499725227859
0.1096860190059076,0.4473557188267147,-0.39786585687866816
0.10984704422108416,0.4636192481419658,-0.40398482469054414
0.07071791457623992,0.5041975553288378,-0.4511652908948071
0.08472710968435923,0.4906714535012176,-0.46549656014088414
0.07474354541654551,0.5314107822844575,-0.4849806463078474
0.08504916013948191,0.5645819315573503,-0.4788616769727638
0.07474354541654551,0.5842269795148118,-0.4716155292247163
0.09390554752971687,0.573921380735857,-0.4576063107026018
0.08907479080146444,0.5877695290188462,-0.4648524581387518
0.11403369978753405,0.5909900285341213,-0.4511652908948071
0.14301823683791737,0.5840659545364291,-0.45905554017692457
0.13883158164673692,0.5760147055145443,-0.4748360393150443
0.14011978324979749,0.594532577963691,-0.4344186399912236
0.15284077380440972,0.5819726298101189,-0.4337745380506069
0.13883158164673692,0.55008968229551,-0.4189601937683858
0.1365772288290307,0.5668362813838747,-0.3986709842157586
0.14398438802818297,0.5810064799318441,-0.39367919475792895
0.11145729636844028,0.5760147055145443,-0.3907807363982217
0.13464492640134357,0.5810064799318441,-0.4120360983026131
0.13689927923252249,0.5607173318179983,-0.3925520165038619
0.16427356235676152,0.540428182425112,-0.40994276714430267
0.15235769822287162,0.5169185315292757,-0.4035017482801578
0.13432287599560633,0.5273851571401182,-0.41316327662420654
0.12305111159272579,0.50645190557821,-0.45036016342779683
0.08070147896827576,0.4914765786259047,-0.4936760239818742
0.06282767798395425,0.48664582784759347,-0.4891673096033866
0.009206269108043825,0.48197610202635827,-0.48063295755793284
-0.0213885327283668,0.4513813449712941,-0.45857246368476656
-0.036685934730402485,0.43447371482611624,-0.4704883507006297
-0.029278771565516053,0.4238460611379903,-0.4535806733077902
-0.056492045764059286,0.45572902115095043,-0.46420835613789424
-0.10238425890896627,0.4565341463629676,-0.46581861114242834
-0.12492780458801238,0.46410232325758743,-0.48417551875718595
-0.1381318820707631,0.4478387939667197,-0.4872350034602932
-0.14022521147715883,0.460881822473095,-0.4539027242975425
-0.14553904772330875,0.44655059359176386,-0.5086513971871
-0.15359031492882166,0.46233104783010026,-0.5062360143654758
-0.16953182458532975,0.45572902115095043,-0.5065580654073238
-0.217839434388163,0.4431690675830036,-0.5350595838722608
-0.27564755023493603,0.46120387255299283,-0.5233047200223346
-0.31976851465732165,0.43817729102902936,-0.5055919122827356
-0.3281418370489642,0.4157948081106626,-0.4946421770711026
-0.3395746429705652,0.4032348529864911,-0.48691295243755944
-0.3630843578195603,0.40645535434703156,-0.4807939830661534
-0.4035017482801578,0.40049742680473727,-0.4608268206543057
-0.426206340343881,0.39019182214732656,-0.43135915578465145
-0.47435296279946376,0.3984041008853603,-0.4511652908948071
-0.49882884049089066,0.4550849209798882,-0.4303930028832903
-0.5204062605081069,0.48825607811508076,-0.4340965890207559
-0.5603405938634819,0.5170795565412503,-0.45374169880262655
-0.5555098274714912,0.5109606060296099,-0.4183160918583754
-0.5732226379256294,0.4898663283745179,-0.3907807363982217
-0.6382769682179552,0.460881822473095,-0.4060781558105093
-0.6859405451856827,0.47006024962403126,-0.3873992016778815
-0.7365025905264401,0.45170339506068785,-0.39512842394747
-0.7479354107816584,0.47714535110556583,-0.3912638127897123
-0.7780472068907808,0.45991567223146995,-0.40092534077021563
-0.8154051610027281,0.4291598880258581,-0.39367919475792895
-0.8553395304668228,0.4185322341625178,-0.37033050315004873
-0.8912482620140281,0.40468407860271555,-0.36936435042998556
-0.8936636476856744,0.4376942158745413,-0.3730679358724858
-0.8944687762468546,0.4396265164881486,-0.3637284596201747
-0.8727303057908647,0.4128963569715956,-0.37033050315004873
-0.8661282520866784,0.3967938501688986,-0.3553551363117282
-0.8706369716751016,0.3702247121863003,-0.37033050315004873
-0.8935026219736762,0.3681313860703998,-0.3640505105209605
-0.9165292995944428,0.34043507002718804,-0.372584859508028
-0.9364964898926394,0.3426894214219323,-0.3880433035266638
-0.9451918795969824,0.3779539161888427,-0.37822075047136167
-0.9352082840301702,0.3876154209315064,-0.42362993265410187
-0.9397170045710048,0.40226870257205555,-0.4286217225715802
-0.9013928819548362,0.4038789532611729,-0.4292658245019953
-0.9102492964461711,0.40645535434703156,-0.4255622384195233
-0.8944687762468546,0.43093116363567885,-0.40929866525214836
-0.8769169740626032,0.4470336687329758,-0.4390883790988286
-0.8625856867394005,0.43447371482611624,-0.45277554583480384
-0.886256465015833,0.4312532137455095,-0.4516483673759695
-0.8693487660720638,0.4170830086085491,-0.45036016342779683
-0.8812646680938477,0.3972769253846816,-0.4390883790988286
-0.8762728712480767,0.4135404572269738,-0.44214786337808226
-0.8577549158731668,0.42771066251967343,-0.4163837861359966
-0.8641959437106764,0.3982430758140761,-0.44713965357967667
-0.8608144040801585,0.3911579725979517,-0.45647913222703485
-0.8298974719376249,0.3679703609839985,-0.44858888300738636
-0.8247446501982398,0.35669860473613213,-0.43602889484834395
-0.7662923342824658,0.3256207604698479,-0.40656123222472224
-0.7569528467583474,0.311450550691596,-0.4234689071741682
-0.7627497700177327,0.3265869111138866,-0.43457966547657695
-0.7231374631301148,0.35524937890425656,-0.4337745380506069
-0.6856184939665844,0.3893866967695942,-0.44746170456305434
-0.6830420842252424,0.4119302065861152,-0.4357068438762823
-0.6566338855497134,0.42545631171932285,-0.4233078816943142
-0.6410144031930975,0.4346347398793018,-0.4067222576962861
-0.6142841567722546,0.45379672063390114,-0.4376391497134338
-0.6229795378975732,0.4610428475130841,-0.4561570812347328
-0.608648261722319,0.4707043497651552,-0.4608268206543057
-0.6229795378975732,0.49791757955094684,-0.45197041836380947
-0.6313528680892938,0.4826202021436569,-0.4572842597091843
-0.6113856964486891,0.46539052356237065,-0.4513263163884482
-0.5939949350485324,0.47134844990499136,-0.49029448819215443
-0.5688749479977147,0.47843355135819393,-0.5134821628840994
-0.5566370062898821,0.48181507699683235,-0.5113888310732673
-0.5194401073424303,0.501299104985028,-0.501727299813051
-0.5076852440563002,0.4932478538931321,-0.5105837034572996
-0.49593038119453386,0.4526695453269377,-0.5020493508504393
-0.46984424868861857,0.41498968279686926,-0.49802371290598096
-0.4751580903258297,0.3657160097659391,-0.49770166187257464
-0.4136463530489423,0.3500965758937449,-0.5186349797065561
-0.39963713702289816,0.34671504887336435,-0.5587303383915262
-0.38047510688404823,0.338341743717963,-0.5408565031873248
-0.36356743416990145,0.3319007396043869,-0.5405344521115591
-0.34988027118820636,0.3600801316518531,-0.5524503421269468
-0.3039880230442096,0.3317397144999,-0.5569590573815673
-0.3102680145127151,0.37119086269674856,-0.5506790611511327
-0.32234492152407734,0.34961350060728935,-0.5402124010361119
-0.32298902324395806,0.3367314927016242,-0.5427888096486059
-0.3035049467824294,0.33544329188276656,-0.563883155929799
-0.2914280404713822,0.300017767348801,-0.5498739334380375
-0.27468139779638734,0.33592636719044094,-0.5500349589804974
-0.29319932003557336,0.33238381491736546,-0.5625949515375905
-0.3076916077417205,0.33447714126524786,-0.5814349412810758
-0.2854701001899852,0.3679703609839985,-0.5677477691369843
-0.2880465067847464,0.3853610698507769,-0.5611457216024444
-0.2721049913076422,0.39148002274751675,-0.5361867626198876
-0.22170404348303516,0.4238460611379903,-0.5194401073424303
-0.2291112110434822,0.4172440336704229,-0.5129990863111745
-0.24312041971774226,0.38681029554734087,-0.5091344737535749
-0.23828965803764043,0.38664927047026654,-0.49802371290598096
-0.2638926957611736,0.3745723894605243,-0.5052698612418431
-0.25873988297530526,0.3745723894605243,-0.5150924181323583
-0.28273266820544285,0.39405642393245716,-0.508973448231337
-0.31767518409312445,0.3876154209315064,-0.507041141970693
-0.3035049467824294,0.3921241230456819,-0.4917437178120192
-0.30495417556992477,0.37956416699938866,-0.489972437166394
-0.34553258424404154,0.39228514812002213,-0.47660731987830707
-0.32926901507970074,0.3777928911073458,-0.474030911789475
-0.34231207543400577,0.395988724807652,-0.4833703912085158
-0.3194464638004136,0.3942174490058324,-0.49818473842280364
-0.33329465093567484,0.41837120910128744,-0.5012442232575657
-0.3408628464799005,0.38020826732135576,-0.4708104017071133
-0.332811574630325,0.40919278047819585,-0.429104799019272
-0.34392232983503485,0.43849934113161904,-0.3838566415323839
-0.3394136175322573,0.44719469377988547,-0.3677540959029273
-0.31075109078455104,0.43173628890965204,-0.4062391812818339
-0.3133274975798062,0.4132184070994456,-0.41251917472567484
-0.3313623457185839,0.3893866967695942,-0.4060781558105093
-0.3397356684089529,0.39325129856437474,-0.38659407436869764
-0.37516126679343026,0.400980502014971,-0.3489141185289219
-0.3983489332806832,0.4122522567149304,-0.36469461232348915
-0.4128412256747813,0.3985651259565641,-0.4094596907250673
-0.4173499389957512,0.39373437378546544,-0.442308888867261
-0.43457966547657695,0.4186932592236676,-0.45986066766544814
-0.44665657710520773,0.4235240110207585,-0.5086513971871
-0.4712934782174361,0.4172440336704229,-0.5353816349426133
-0.45277554583480384,0.42126966019112566,-0.5443990650417628
-0.4764462943721577,0.45283057037103097,-0.5442380395020889
-0.48433654426715894,0.44397419282640316,-0.5326442008547676
-0.5129990863111745,0.44284701748508054,-0.5527723932144931
-0.5513231633230418,0.4676448740833472,-0.5500349589804974
-0.5888421170340945,0.4365670405112532,-0.5719344334964956
-0.6443959405470594,0.41901530934572606,-0.6005969832485883
-0.6757959319368059,0.37553853995794767,-0.5753159701338338
-0.6809487513253839,0.35267297740928977,-0.5456872693620198
-0.7102554131456136,0.35524937890425656,-0.5635611048312694
-0.7042974651997604,0.35782578037864476,-0.5092954992758925
-0.7046195164372958,0.34510479789881976,-0.4949642281014826
-0.6980174661313531,0.3797251920800011,-0.5018883253317054
-0.6793384952577101,0.4053281788745019,-0.512354984215056
-0.6864236220149265,0.3990482011696932,-0.5529334187583856
-0.6820759305774847,0.41112508126266956,-0.5682308457911055
-0.6923815696344098,0.39405642393245716,-0.5685528968942509
-0.7036533627256434,0.3964718000246413,-0.566298539178918
-0.6848133659202293,0.39792102567126625,-0.5861046824970617
-0.6944749026076246,0.38890362154198976,-0.5757990467991754
-0.6832031098334801,0.40194665243326694,-0.5830451968652363
-0.6580831159093862,0.3895477218453015,-0.5366698392272076
-0.6737025990834457,0.38487799461714145,-0.5489077801849499
-0.6906102878983338,0.38471696953910217,-0.5377970179804069
-0.7305446421014394,0.3681313860703998,-0.5476195758519571
-0.698500542978478,0.3732841887927906,-0.5753159701338338
-0.684169263484576,0.4124132817792174,-0.5989867275777072
-0.6767620855659645,0.43270243923576496,-0.6207251798057762
-0.6653292678043425,0.45750029661473246,-0.6245897936869721
-0.6635579862151537,0.4736028003842767,-0.616860565970392
-0.6543795272252446,0.46716179897303733,-0.6576000391221131
-0.6384379938040922,0.46233104783010026,-0.6972123380544011
-0.6247508192663495,0.47456895058485543,-0.6938308001528972
-0.6136400544759018,0.4718315250090234,-0.7115436181211815
-0.5799857112621345,0.4736028003842767,-0.7073569519691787
-0.5588913639383636,0.4719925500435398,-0.701399004076246
-0.5450431672012546,0.44912699433652564,-0.6975343892849435
-0.5471364992283982,0.4507372447915411,-0.6801436232905534
-0.566298539178918,0.45750029661473246,-0.6642020886101094
-0.6009190343837191,0.39309027349051706,-0.6493877338479477
-0.6071990315823709,0.35653757964402305,-0.6453620940832033
-0.6318359448376849,0.3122556762638514,-0.6331241495035601
-0.6295815866846501,0.30146699342875344,-0.6328020983366142
-0.6567949111449145,0.2958311141923852,-0.6358615844354435
-0.6490656826649395,0.32384948428159666,-0.6421415823071885
-0.6247508192663495,0.30967927442556353,-0.6382769682179552
-0.6009190343837191,0.3222392331929307,-0.6237846657912784
-0.599630829845105,0.3227223085203742,-0.6123518498870141
-0.5695190502055969,0.3455878731920271,-0.6289374843580745
-0.5564759807441589,0.34301147161989554,-0.605749801448866
-0.5207283115639694,0.3647498592390899,-0.6334462006708241
-0.4783786004512088,0.3702247121863003,-0.6469723499831378
-0.46823399366416746,0.35959705638034917,-0.6443959405470594
-0.4672678406533208,0.3557324541822719,-0.6445569661362179
-0.4756411668426052,0.3863272203158766,-0.6569559367401953
-0.4993119170427921,0.3808523676420363,-0.6666174726025216
-0.47950577900261915,0.3417232708261137,-0.6474554267546686
-0.49625243222618814,0.3372145680073697,-0.6384379938040922
-0.4890062840910241,0.3042044204509089,-0.6184708217295679
-0.5191180562878418,0.29100036048288697,-0.5898082704055959
-0.5675867435857698,0.2884239584749265,-0.5939949350485324
-0.5983426253115822,0.28890703385298555,-0.563400079282124
-0.5968933952174549,0.3056536465120619,-0.5479416269347277
-0.5893251937194872,0.26813479194367873,-0.513643188408567
-0.6049446735997032,0.28971215948147727,-0.45519092825973895
-0.6340903030063064,0.31966283143435104,-0.41912121924608764
-0.6212082565384204,0.3270699864348211,-0.39239099103931413
-0.585943656936776,0.33496021657436886,-0.386916125292132
-0.571612382390008,0.344621722604889,-0.3859499725227859
-0.5355426604779089,0.33496021657436886,-0.3882043289890587
-0.498345763939706,0.3103233748870638,-0.35551616175793366
-0.45245349484616704,0.3032382697398582,-0.3750002413374945
-0.4344186399912236,0.3277140868616087,-0.39689970407679065
-0.4041458501608323,0.3481642747435822,-0.3919079146461492
-0.403018671870489,0.3309345889762598,-0.37741562318490435
-0.3772545977278521,0.3563765545518336,-0.40495097751346926
-0.3682371722602074,0.3781149412702591,-0.429104799019272
-0.3730679358724858,0.3756995650405702,-0.448105806530766
-0.3595417979389919,0.36523293450287625,-0.4730647587614206
-0.33152337115290265,0.37553853995794767,-0.49818473842280364
-0.30640340436388475,0.3615293574620239,-0.4936760239818742
-0.2981911079502561,0.3745723894605243,-0.49673550877426687
-0.3076916077417205,0.3705467623567713,-0.5210503626201504
-0.3144546755591545,0.3816574930410778,-0.5194401073424303
-0.32798081161632103,0.3797251920800011,-0.545365218281478
-0.3524566782936712,0.35911398110812176,-0.53071189445367
-0.32669260815804785,0.34510479789881976,-0.5175078010196765
-0.3368372105301809,0.3306125387662413,-0.5241098476697538
-0.3244382521183576,0.31048440000223804,-0.5154144691829656
-0.30914083654789104,0.278762450761934,-0.5461703459834295
-0.32540440470488124,0.2699060684376826,-0.5538995720234124
-0.3617961542221597,0.28359320465457555,-0.5487467546430471
-0.38514484521719033,0.3062977469815966,-0.5617898237950468
-0.4113919964063134,0.3291633128171797,-0.5706462290724548
-0.42540121293863314,0.3623344829093051,-0.5778923790239311
-0.4067222576962861,0.3605632069226335,-0.585943656936776
-0.463242203138998,0.39309027349051706,-0.5580862362049723
-0.49029448819215443,0.38310671875428676,-0.5519672654962241
-0.5141262649824474,0.3950225743715021,-0.5600185427684541
-0.5252370263794847,0.3853610698507769,-0.5564759807441589
-0.5353816349426133,0.36136833237232646,-0.5793416090335627
-0.5331272774568332,0.32610383579222885,-0.5701631524147526
-0.5373139413714152,0.3320617647087934,-0.5651713603271008
-0.5026934529261717,0.3236884591730917,-0.5625949515375905
-0.5113888310732673,0.3141879776290689,-0.5949610884353091
-0.5147703670820695,0.3027551943832482,-0.5989867275777072
-0.48820115653040624,0.31756950499035824,-0.6166995403949118
-0.47902270248010814,0.3367314927016242,-0.6195980007657235
-0.441825812399964,0.36136833237232646,-0.6508369641754207
-0.4118750728284186,0.34913042532011035,-0.6704820870275842
-0.3617961542221597,0.3422063461243847,-0.6590492694860789
-0.34488848247948156,0.32545973536222683,-0.6472944011640788
-0.3490751439719365,0.31934078121308224,-0.6236236402123785
-0.3368372105301809,0.32143410764558433,-0.6208862053832448
-0.2907839388140709,0.29728034029113626,-0.6329631239200473
-0.2770967788981479,0.32159513275521434,-0.6387600449766045
-0.24022196270105564,0.3294853630286448,-0.6635579862151537
-0.22089891658447566,0.3521899021266925,-0.6881949037282729
-0.23635735338572617,0.40033640173449847,-0.7023651577812235
-0.22798403336033685,0.4249732365457678,-0.6856184939665844
-0.267274229196334,0.4715094749397492,-0.716535412449537
-0.30173366716204764,0.5107995810145756,-0.7290954114199099
-0.3010895654843031,0.4761792009127142,-0.7191118224553363
-0.32717568445430184,0.49501912915061824,-0.7451979749094446
-0.3039880230442096,0.4454234182594532,-0.7162133612002423
-0.30414904846496255,0.41837120910128744,-0.7125097718561945
-0.3072085314744335,0.4330244893438256,-0.6894831086167467
-0.31622595524888786,0.42432913631323477,-0.6574390135265143
-0.2946485487770954,0.4267445121785968,-0.6310308169240975
-0.29545367585851245,0.4376942158745413,-0.6299036378484151
-0.27870703297596744,0.3938953988590015,-0.6337682518384062
-0.29448752336105144,0.3747334145436292,-0.6498708106230564
-0.31992954008589547,0.3679703609839985,-0.6141231311980471
-0.332811574630325,0.3810133927220054,-0.5881980147880181
-0.30801365858697755,0.39099694752304864,-0.5595354661265092
-0.3273367098865461,0.4238460611379903,-0.5418226564165325
-0.31992954008589547,0.4418808671893803,-0.5559929041074669
-0.32427722668754955,0.4484828941522664,-0.6020462133591831
-0.2930382946202478,0.471187424870153,-0.6052667247391297
-0.30302187052136753,0.4470336687329758,-0.631996970420641
-0.33393875267725825,0.4679669241564847,-0.5807908390496395
-0.31976851465732165,0.4349567899854316,-0.576121097909801
-0.30656442978583487,0.422074785489233,-0.5783754556930922
-0.32572645556769414,0.42529528666155164,-0.5461703459834295
-0.29513162502570617,0.4281937376891257,-0.5300677923225183
-0.30044546380783566,0.41933735946746276,-0.5571200829275292
-0.31751415866566784,0.38310671875428676,-0.5313559965860953
-0.293682396282029,0.3657160097659391,-0.4883621820423705
-0.3125223704540944,0.362978583265683,-0.4405376084906784
-0.31091211620865594,0.3573427051037645,-0.44665657710520773
-0.31831928580374874,0.37859801651402597,-0.4419868378889833
-0.3144546755591545,0.3604021818324538,-0.41300225114945405
-0.3397356684089529,0.34381659711339696,-0.378703826844193
-0.378864852301963,0.32207820808362214,-0.3745171649701657
-0.382085361474108,0.33222278981311965,-0.36517768867622313
-0.39963713702289816,0.3077469730333496,-0.34971924574479285
-0.40559507939701384,0.3019500687872915,-0.3450495079205019
-0.41090891998492574,0.31869668076958024,-0.3614741033236072
-0.3872381762158853,0.3376976433123919,-0.382085361474108
-0.3790258777598126,0.36024115674219365,-0.3761274195307195
-0.38321253969189445,0.3834287689118931,-0.3551941108656026
-0.38095818326022884,0.4029128028486676,-0.334904905292027
-0.3632453832695942,0.43350756450531325,-0.30044546380783566
-0.37129665587298294,0.43978754153875954,-0.3141326247075132
-0.3836956160721419,0.4681279491929327,-0.32234492152407734
-0.3795089541338401,0.492764778821218,-0.32331107410437715
-0.40994276714430267,0.5241646569884059,-0.32878593878033496
-0.40124739170784224,0.5399451074239803,-0.30366597220294295
-0.3896535581542012,0.508867280827882,-0.30543725183385984
-0.3643725614220653,0.5227154319096257,-0.2977080316970958
-0.33603208334622053,0.5238426069714628,-0.3009285400650666
-0.34440540615689924,0.533504107339621,-0.3125223704540944
-0.34021874472459457,0.5235205569541979,-0.3115562179058737
-0.3386084903419145,0.532215907307285,-0.298996235040453
-0.34231207543400577,0.5206221067843162,-0.2750034486089176
-0.31767518409312445,0.4837473773458305,-0.2978690571147361
-0.3068864806299746,0.47472997561800356,-0.29964033671404716
-0.33699823596721235,0.4843914774595874,-0.31348852300518804
-0.35728744167145743,0.49662937937624335,-0.3249213284112603
-0.34843104220035653,0.5175626315766907,-0.32089569265901374
-0.3524566782936712,0.4953411791963873,-0.28885163384980006
-0.3614741033236072,0.5372076824038738,-0.317997234948277
-0.3919079146461492,0.5214272318341228,-0.33989669384742033
-0.39512842394747,0.5315718072891841,-0.28997881174422785
-0.40205251905330397,0.5629716816715933,-0.31010698908892936
-0.39367919475792895,0.5539542821624713,-0.344727457038541
-0.41010379261754054,0.6098299500525497,-0.3352269561642548
-0.4150955823274543,0.6397805922462212,-0.34971924574479285
-0.40865456336126954,0.6130504493469835,-0.33007414224690623
-0.4452073476861041,0.5629716816715933,-0.30463212472770046
-0.4648524581387518,0.5225544069004697,-0.34569360968538093
-0.4861078248821188,0.45315262045897625,-0.35374488185406144
-0.4933539729527686,0.4154727579853866,-0.372101783144288
-0.5094565247982896,0.35154580174877087,-0.39480637301590277
-0.49432012604104125,0.313543877175282,-0.38562792160030845
-0.4853026973286696,0.3198238565448649,-0.3817633105554581
-0.4700052741915019,0.31370490228884923,-0.3679151213552742
-0.5001170446308875,0.34091814532738796,-0.3816022850962527
-0.5144483160320992,0.3288412626053931,-0.37016947769650543
-0.4954473046476498,0.3161202789827161,-0.37516126679343026
-0.46775091715838557,0.3388248190212974,-0.3944843220846544
-0.4094596907250673,0.34623197358184493,-0.3775766486420363
-0.37435613951454894,0.36072423201273285,-0.4134853275739507
-0.36388948507052776,0.3800472422409846,-0.43699504776644155
-0.34843104220035653,0.3826236435172741,-0.4817601361171497
-0.3313623457185839,0.39518359944439485,-0.49657448325816095
-0.348753093085987,0.409353805544011,-0.49480320258625277
-0.38659407436869764,0.4703822996947542,-0.5162195968108773
-0.390619710934551,0.48326430225966766,-0.5302288178551868
-0.3882043289890587,0.4806879017878971,-0.5498739334380375
-0.42362993265410187,0.45814439678096625,-0.5461703459834295
-0.4281386461246057,0.45750029661473246,-0.5440770139624946
-0.4484278575150999,0.4133794321632499,-0.5503570100656558
-0.5105837034572996,0.37666571553461664,-0.5948000628706475
-0.5178298520726726,0.35653757964402305,-0.6321579960036766
-0.4906165392182335,0.36217345782000965,-0.6558287575748999
-0.4709714272104746,0.3570206549201091,-0.6381159426318977
-0.44552939866756935,0.28922908410462317,-0.6505149129909813
-0.45277554583480384,0.2628209624033633,-0.6189538984588716
-0.43184223223640794,0.27747424971168766,-0.6046226224605947
-0.40044226436437363,0.253964579641836,-0.6162164636689487
-0.39045868547096,0.2480066492837781,-0.6266831262250806
-0.36485563777432073,0.281016802587496,-0.6774061879869933
-0.3601858997325875,0.27183837005642214,-0.6918984927963445
-0.356321288990157,0.2573461076339955,-0.6920595184089535
-0.3611520524253737,0.2290056814616841,-0.685296442747804
-0.37580536861797076,0.23077695817031127,-0.682881058617084
-0.382085361474108,0.23931129126663486,-0.6835251610501941
-0.36662691773873196,0.2409215427689542,-0.6815928537546789
-0.3878822780643486,0.23238720971517962,-0.6732195222730395
-0.35841461980327044,0.25847328362351274,-0.6357005588505789
-0.32878593878033496,0.2723214454593,-0.6464892732123226
-0.3268536335900527,0.2786014256309344,-0.6633969606166135
-0.3133274975798062,0.2861696067010925,-0.6938308001528972
-0.3028608451011732,0.316442329207199,-0.716535412449537
-0.2965808537758486,0.32868023749937925,-0.7175015661993283
-0.31107314163284067,0.3454268480943717,-0.711704643743485
-0.3262095318625119,0.30033981758935274,-0.7432656672487609
-0.3323284983256932,0.3119336260351903,-0.7126707974789748
-0.3353879816004884,0.32014590676565163,-0.7073569519691787
-0.3218618452350046,0.34913042532011035,-0.70622977262974
-0.3384474649040852,0.3338330408519614,-0.6708041382317395
-0.32540440470488124,0.3393078943239085,-0.6912543903467033
-0.30044546380783566,0.32900228771132656,-0.7187897712034991
-0.30640340436388475,0.3167643794313606,-0.7342482316501372
-0.29239419295974367,0.3109674753472786,-0.7662923342824658
-0.2875634305466721,0.28053372719762937,-0.7506728466768257
-0.2674352545988865,0.2634650629583623,-0.7559866928917893
-0.2732321691439534,0.25992250988996746,-0.790124131244087
-0.2568075782016848,0.22916670661741523,-0.7984974657245176
-0.2619603909568913,0.2135472661377559,-0.7949549011104469
-0.2867583034848114,0.21531854293114738,-0.7889969516188836
-0.332811574630325,0.19663962353025202,-0.7672584881795178
-0.3643725614220653,0.18053710593866673,-0.7603343853138146
-0.3798310050502572,0.15976485706046098,-0.7794964377895977
-0.42588428938154277,0.18568991165527418,-0.7741825911920438
-0.4157396842310877,0.18198633255476687,-0.8059046464053589
-0.40511200298423583,0.14317926203649547,-0.8063877234121173
-0.39512842394747,0.16556176385843888,-0.8038113127176603
-0.36517768867622313,0.16153613414865073,-0.8187867001633747
-0.3436002789541908,0.16910431796157882,-0.8065487490811956
-0.34247310087374966,0.17699455196084043,-0.820396956918841
-0.3308792694161064,0.14011978324979749,-0.8403641413459028
-0.3321674728909756,0.11822035529978565,-0.8249056758763655
-0.33393875267725825,0.09004094215288606,-0.8348892680751412
-0.3468207877769906,0.08263378171824735,-0.8284482408152096
-0.3313623457185839,0.08698146286348533,-0.827965163775833
-0.3105900653605259,0.12450033846653592,-0.8632297895269591
-0.3202515909432823,0.11161832158273494,-0.8920533905692611
-0.2894957355032799,0.12095778387464504,-0.8999436505154527
-0.3150987772633949,0.12305111159272579,-0.9191057111773339
-0.32653158272612276,0.12530546450473512,-0.9195887883513854
-0.34424438071619795,0.11966958219524475,-0.914596990920593
-0.365338714127294,0.16958739351808955,-0.901070830523307
-0.37548331770554094,0.18005403039852244,-0.889960056329779
-0.3548720599735906,0.217089819714827,-0.8819087709182085
-0.35197360195984106,0.22240365000759282,-0.8902821077503654
-0.34488848247948156,0.25943943446853857,-0.900748779092095
-0.3241162012568213,0.2497779258881963,-0.8670944062789626
-0.31751415866566784,0.27650809892062966,-0.8105743908339472
-0.3165480061026041,0.25187125277180106,-0.8321518314741574
-0.33893054121781224,0.25799020819991575,-0.8406861927176275
-0.3445664315976802,0.2557358562135741,-0.8020400303770081
-0.34295617719346005,0.2525153533486418,-0.7757928477276262
-0.3215397943760218,0.2388282158143735,-0.7851323357905754
-0.36904229952393586,0.21628469390526747,-0.7927005418305879
-0.36888127407103066,0.2111318886765711,-0.8071928517583022
-0.3395746429705652,0.21209803966321206,-0.8005907993781638
-0.37548331770554094,0.1728078972097097,-0.8097692624794284
-0.377737674099248,0.16846021721844134,-0.8432626037028504
-0.38144125963712716,0.1708755949985884,-0.8474492715971573
-0.3741951140590119,0.1918088683370294,-0.8376267046990566
-0.3679151213552742,0.22997183239486668,-0.8537292735391764
-0.3597028233872711,0.22948875692863663,-0.8495426055644228
-0.3421510499943416,0.1881052893066505,-0.8434236293901013
-0.3407018210409543,0.1961565480141797,-0.8252277272328552
-0.3450495079205019,0.20195345415938004,-0.8260328556254679
-0.37242383405336826,0.19148681798824674,-0.8368215762778776
-0.3748392158816385,0.19776679973161213,-0.795599003764693
-0.4292658245019953,0.18440171023382493,-0.7759538733816211
-0.4444022202338356,0.17828275341181565,-0.7331210522178241
-0.4522924693519682,0.16717201572831578,-0.7429436159730922
-0.4329694106266293,0.13271262396210864,-0.7440707954393225
-0.40833251241630836,0.15235769822287162,-0.7456810518264028
-0.4178330154267046,0.1381874808432819,-0.7519610518119052
-0.40495097751346926,0.1381874808432819,-0.7226543862465197
-0.40897661430654947,0.17989300521831392,-0.7054246445325246
-0.39480637301590277,0.14801001795654467,-0.7429436159730922
-0.40478995204278245,0.19132579281373505,-0.7563087441803245
-0.4046289265721753,0.2106488131821671,-0.7619446417811081
-0.3956115003454189,0.20066525280276792,-0.7598513083751752
-0.40511200298423583,0.21821699584483917,-0.7477743851414811
-0.3611520524253737,0.24671844811082633,-0.7741825911920438
-0.3436002789541908,0.25235432820455206,-0.7730554116218604
-0.313810573856191,0.29776341565594067,-0.7695128472837561
-0.2824106173852487,0.29470393833330233,-0.781750796978318
-0.29448752336105144,0.2871357574632349,-0.8384318331222192
-0.2914280404713822,0.3177305301019167,-0.860009275601858
-0.2933603454509788,0.3277140868616087,-0.8764338969515895
-0.2930382946202478,0.31434900274231475,-0.8772390254703423
-0.2972249554446538,0.3149931031944947,-0.8976892905113995
-0.27274909292791244,0.3273920366483756,-0.89430775053446
-0.2803172870617703,0.3396299445252474,-0.8881887735222231
-0.28997881174422785,0.3291633128171797,-0.8624246610427092
-0.2812834395170839,0.34993555079834004,-0.8170154177415282
-0.3052762264124683,0.38230159335886366,-0.8100913138209977
-0.3614741033236072,0.372479063372844,-0.7954379781010124
-0.3878822780643486,0.3657160097659391,-0.8060656720741989
-0.3867550998303749,0.362978583265683,-0.8142779812902902
-0.4183160918583754,0.35895295601721844,-0.816854392067291
-0.40205251905330397,0.38020826732135576,-0.805260543730792
-0.38289048877212817,0.36442780906283034,-0.8252277272328552
-0.36952537588313006,0.3779539161888427,-0.8013959277100613
-0.3682371722602074,0.36313960835457654,-0.8057436207365981
-0.3872381762158853,0.3224002583021589,-0.7983364400594083
-0.386916125292132,0.32723101154163853,-0.7918954135201234
-0.3632453832695942,0.3347991914714089,-0.7798184891013193
-0.35084642385036263,0.31289977672020947,-0.7728943859692947
-0.332811574630325,0.2884239584749265,-0.7511559236018848
-0.35406693274495665,0.29148343585709025,-0.7253918219296793
-0.36566076502967493,0.29744136541281807,-0.7179846430752965
-0.37548331770554094,0.29856854126234117,-0.7017210553109207
-0.4133243020990388,0.2723214454593,-0.6796605464706089
-0.4300709519168075,0.2652363394779845,-0.6547015784135003
-0.44214786337808226,0.2639481383737684,-0.6513200409526761
-0.46952219768309106,0.2315820839437489,-0.639082096149435
-0.49593038119453386,0.21193701449897254,-0.630386714594659
-0.5091344737535749,0.1996991017819383,-0.6221744100058563
-0.5561539296529514,0.1939021955962929,-0.6149282590698799
-0.5671036669326035,0.19325809490257928,-0.6096144151525306
-0.5487467546430471,0.18263043327094755,-0.5968933952174549
-0.5782144301366255,0.1697484187034327,-0.5637221303804945
-0.572417510156824,0.17071456981380684,-0.5447211161213495
-0.5709682801779875,0.17796070304955325,-0.5387631712005395
-0.5671036669326035,0.16234126009461924,-0.5345765072673292
-0.5487467546430471,0.1481710431526365,-0.5315170221194007
-0.5313559965860953,0.14511156441317702,-0.5192790818150963
-0.5146093415570445,0.16733304091486223,-0.5158975457594738
-0.5245929242591607,0.1996991017819383,-0.5289406135960681
-0.517185749966999,0.22401390159420356,-0.5418226564165325
-0.4849806463078474,0.22449697706862154,-0.5265252306239541
-0.4692001466778821,0.22272570032555714,-0.5252370263794847
-0.4791837279875321,0.2129031654832057,-0.5305508689207625
-0.4727427077527065,0.2380230900589989,-0.5468144481464235
-0.4791837279875321,0.27296554599534606,-0.5371529158352439
-0.474030911789475,0.2702281187082757,-0.5282965114684195
-0.448105806530766,0.30050084270950816,-0.5234657455516593
-0.4463345261226269,0.3270699864348211,-0.5142872905072335
-0.4411817104446837,0.3190187309914919,-0.49480320258625277
-0.466623738647683,0.28552550619139105,-0.49093859024463116
-0.5138042139331142,0.2665245405770609,-0.5163806223366986
-0.5448821416612623,0.25493073050035214,-0.495125253616792
-0.5635611048312694,0.24961690074274157,-0.5167026733885799
-0.5844944268977836,0.23206515940684816,-0.5014052487759811
-0.595766216259811,0.21193701449897254,-0.4862688503930477
-0.603817494614216,0.21145393900577245,-0.5096175503207665
-0.6432687614251758,0.24623537266964463,-0.53071189445367
-0.644717991725456,0.23947231641722808,-0.5440770139624946
-0.6212082565384204,0.2430148697099666,-0.5849775035767316
-0.5867487847390008,0.22320877580190157,-0.5770872512435875
-0.5922236538468802,0.21982724745231966,-0.5353816349426133
-0.6036564690451789,0.23464156186450857,-0.5120329331674746
-0.6083262105795515,0.2325482348692249,-0.5104226779343451
-0.588036989226698,0.21370829130119282,-0.5059139633239464
-0.5778923790239311,0.21177598933465278,-0.49721858532306235
-0.571773407943212,0.2185390461669774,-0.5086513971871
-0.5619508493433963,0.21692879455307562,-0.5138042139331142
-0.5443990650417628,0.21886109648879457,-0.5146093415570445
-0.5466534226055557,0.20919958669462116,-0.502210376369253
-0.557442134019692,0.21499649260579856,-0.4883621820423705
-0.5869098102996845,0.24736254869794452,-0.47113245271391546
-0.6207251798057762,0.25315945392419775,-0.4722596312402327
-0.6176656938489857,0.2731265711291568,-0.47950577900261915
-0.6418195311313364,0.29856854126234117,-0.4817601361171497
-0.6456841452625541,0.3140269525157427,-0.4888452585787412
-0.6508369641754207,0.29679726492560893,-0.4787006514654991
-0.6493877338479477,0.31289977672020947,-0.42604531486267205
-0.6183097961532924,0.2885849836010266,-0.42379095813411527
-0.6117077475944793,0.2797286015462454,-0.42121455046346556
-0.5994698042781361,0.2766691240526734,-0.4006032898329078
-0.6033344179073433,0.29100036048288697,-0.409137639779309
-0.585943656936776,0.2926106117274195,-0.40784943599946466
-0.5844944268977836,0.27554194812668015,-0.3931961183628504
-0.5505180356083546,0.2789234758928534,-0.40994276714430267
-0.5323221497871218,0.2898731846069347,-0.39158586371777127
-0.5194401073424303,0.3198238565448649,-0.3956115003454189
-0.503498580522629,0.3054926213944774,-0.41751096447265595
-0.504625759161014,0.28826293334874625,-0.4105868690377325
-0.47660731987830707,0.3054926213944774,-0.40962071619806606
-0.45889451467945896,0.30372134509574505,-0.41590070970719534
-0.42652839130653813,0.28971215948147727,-0.4448852967049577
-0.40511200298423583,0.30484852092333586,-0.444724271214504
-0.37532229224944574,0.3317397144999,-0.46275912664062546
-0.372584859508028,0.3441386473102349,-0.48804013101852156
-0.3944843220846544,0.3236884591730917,-0.49673550877426687
-0.3919079146461492,0.3153151534201025,-0.47499706482039716
-0.36566076502967493,0.3396299445252474,-0.4925488453813983
-0.35422795819052394,0.35299502759728596,-0.5253980519097646
-0.32266697238385805,0.3199848816552984,-0.5630780281840718
-0.3378033631535661,0.2964752146815223,-0.6120297987405876
-0.34810899131504514,0.27634707378850554,-0.6532523480688538
-0.3469818132189682,0.24204871881580073,-0.6381159426318977
-0.3506853984064705,0.25686303220871226,-0.6379549170459199
-0.3527787291832902,0.22079339841295514,-0.6677446518051017
-0.3907807363982217,0.17329097276068495,-0.6935087489260104
-0.39818790781326513,0.17361302312760063,-0.7092892594172747
-0.42201967785835165,0.18472376058966866,-0.7044584908184884
-0.41912121924608764,0.1420520856447646,-0.7178236174498943
-0.4419868378889833,0.1265936661616842,-0.7569528467583474
-0.459377591172095,0.08714248808996465,-0.7862595154024415
-0.44858888300738636,0.06234460226797215,-0.8046164410574954
-0.4126802002001882,0.06878561175510264,-0.8355333708081172
-0.3817633105554581,0.07973532758896207,-0.8500256826356959
-0.3717797322355267,0.07490457064911593,-0.8239395218088011
-0.35744846711862,0.08198968080287251,-0.82216823935902
-0.32781978618375757,0.09841425374433142,-0.8009128507106847
-0.29964033671404716,0.13432287599560633,-0.8239395218088011
-0.3078526331643091,0.14559464000554284,-0.873696460002661
-0.31139519248144953,0.16218023490558597,-0.8877056963945549
-0.3228279978138682,0.1927750193814515,-0.8720862029845868
-0.3215397943760218,0.2005042276328303,-0.8695097917721658
-0.36566076502967493,0.23335336063824727,-0.8798154367436755
-0.3901366345440173,0.2655583897532354,-0.9057405763115215
-0.4178330154267046,0.27087221924849797,-0.9290893062527164
-0.4337745380506069,0.28262705388183035,-0.9693457410993022
-0.4558350302427495,0.24526922178511334,-0.9909231922156516
-0.48320936569902073,0.2418876936664921,-1.0133057736079158
-0.47692937089084503,0.2600835350302831,-1.024255526213307
-0.46775091715838557,0.2740927219303346,-1.0699868498755305
-0.46887809567299193,0.27924552615445114,-1.1162012573852018
-0.43506274193311534,0.3077469730333496,-1.1696618344789609
-0.4163837861359966,0.3204679569861169,-1.1545254051401632
-0.43586786936227323,0.31209465114956103,-1.1571018185953035
-0.4434360672937431,0.3500965758937449,-1.1701449120225533
-0.46549656014088414,0.31289977672020947,-1.2126557386444907
-0.46565758564161636,0.28939010923032155,-1.1994516176645882
-0.4960914067103212,0.2702281187082757,-1.1802895406023466
-0.5104226779343451,0.2737706716635966,-1.1653141366186461
-0.48707397794888646,0.2839152549115147,-1.149372578290608
-0.4872350034602932,0.28278807901082204,-1.1456689840425036
-0.49673550877426687,0.2781183502374534,-1.1707890154151168
-0.5257201029705636,0.27795732510613247,-1.1905951953538572
-0.5861046824970617,0.28278807901082204,-1.203155212519967
-0.6005969832485883,0.29422086296391897,-1.1883408333493
-0.6081651850082871,0.3178915552133949,-1.209113169548947
-0.6347344053430611,0.33109561408114857,-1.2236054979088695
-0.648421580299877,0.3162813040949977,-1.22714806716086
-0.6474554267546686,0.3291633128171797,-1.2089521436818764
-0.6556677319801757,0.33544329188276656,-1.214265997336926
-0.6218523588497261,0.36619908502827836,-1.214265997336926
-0.6210472309607928,0.39534462451720714,-1.230690636451089
-0.6263610750644968,0.41370148229061726,-1.2366485939799776
-0.5973764719147813,0.43882139123388697,-1.2458270693036806
-0.5873928869822129,0.4554069710655802,-1.200578798703104
-0.5867487847390008,0.44477931806779114,-1.208147014347709
-0.5933508327922723,0.39566667466259037,-1.2215121615506677
-0.6149282590698799,0.35991910656143217,-1.2160372819077319
-0.6397261984960503,0.3265869111138866,-1.203638290112881
-0.6216913332717804,0.28262705388183035,-1.2029941866558203
-0.6300646634304168,0.2529984287804292,-1.1817387732822144
-0.6561508087645868,0.2385061655124645,-1.1445418031926882
-0.7005938759909501,0.25750713277559606,-1.1392279506671776
-0.693669774539414,0.27924552615445114,-1.140355131498726
-0.7178236174498943,0.2636260880969113,-1.1289222975298454
-0.7518000261697423,0.26169378642902325,-1.1255407551647454
-0.755825667247641,0.2497779258881963,-1.1184556188938326
-0.7271631038545464,0.24993895103357072,-1.0815807075930488
-0.7137979768406614,0.25718508249231475,-1.0590370957412591
-0.7187897712034991,0.24317589485871324,-1.0323068151273327
-0.6812708025398724,0.2385061655124645,-1.0545283735570548
-0.6807877257182589,0.2145134171171734,-1.0476042646092882
-0.6737025990834457,0.1998601269522772,-1.0574268378112053
-0.6811097769325885,0.2085554860314029,-1.088504817258892
-0.6403703008439378,0.22755645505649164,-1.0429345167969277
-0.6202421030738478,0.2377010397562871,-1.0327898924684689
-0.6353785076810882,0.2285226059940091,-1.0732073658670225
-0.6413364543681546,0.23109900847992712,-1.0922084108611447
-0.6606595254535935,0.21338624097423875,-1.1236084452574915
-0.674990803914693,0.2106488131821671,-1.1108874053190596
-0.6445569661362179,0.20630113370002667,-1.088504817258892
-0.6326410727532604,0.1945462962887226,-1.0802925011597324
-0.6368277379463011,0.19486834663445599,-1.022162191128085
-0.5890031425958125,0.16717201572831578,-0.9989744803100241
-0.5965713440863017,0.16749406610132847,-1.0116955159027128
-0.5743498168052991,0.16314638603858234,-0.985126264910322
-0.5981815997452499,0.16910431796157882,-0.967574457861888
-0.5732226379256294,0.16218023490558597,-0.9677354836103478
-0.5727395612641074,0.18472376058966866,-0.9509888061949331
-0.5635611048312694,0.19647859835830817,-0.9571077843819679
-0.534898558337204,0.22175954937070097,-0.9353693097627015
-0.5376359924439967,0.2388282158143735,-0.9092831421263706
-0.5432718862657171,0.24349794515596568,-0.8989774962260983
-0.5674257180346347,0.26040558531067354,-0.8983333933681146
-0.5852995546964281,0.2591173841871845,-0.8786882568090939
-0.5231436944930896,0.2405994924691326,-0.8707979973758382
-0.49351499846728164,0.23367541094529432,-0.8558226075466637
-0.48272628917101346,0.22562415317278722,-0.851957990927928
-0.4675898916566177,0.22771748021294522,-0.8778831282867722
-0.429104799019272,0.21032676285216315,-0.8857733878910197
-0.39593355127778346,0.2111318886765711,-0.8802985138596858
-0.34343925351388843,0.18021505557865078,-0.9395559788363336
-0.3010895654843031,0.13609415322319154,-0.956785732895587
-0.29641982835884684,0.09760912763918801,-0.9688626638517839
-0.2977080316970958,0.08859171512467154,-0.9664472776248888
-0.31670903152958185,0.08601531150292634,-0.9817447240296238
-0.29915726045873187,0.11628805276240438,-0.9722442045993863
-0.3191244129438246,0.12836494343160976,-0.9540482952741469
-0.30640340436388475,0.11306754850777909,-0.9385898244299707
-0.3205736418009884,0.1356110776166306,-0.9191057111773339
-0.3286249133473726,0.14945924471848368,-0.8922144162805457
-0.32749773531887016,0.19470732146162942,-0.8678995347747142
-0.3410238719189264,0.21821699584483917,-0.8762728712480767
-0.36066897607862164,0.19229194385960155,-0.853568247846848
-0.3619571796715556,0.18391863469945757,-0.8561446589336209
-0.35551616175793366,0.20308063034220247,-0.8212020852995501
-0.3873992016778815,0.2005042276328303,-0.8060656720741989
-0.3888484308394358,0.1998601269522772,-0.8356943964915594
-0.3867550998303749,0.22159852421127732,-0.8228123420669203
-0.3956115003454189,0.20597908336568885,-0.8466441431517793
-0.38514484521719033,0.22997183239486668,-0.844067732139898
-0.39673867861009016,0.21870007132792613,-0.8640349180131919
-0.3896535581542012,0.19535142215245424,-0.8724082543875671
-0.37709357227087964,0.16443458754475196,-0.8582379929565774
-0.35760949256586233,0.13029724589682629,-0.8582379929565774
-0.34392232983503485,0.11966958219524475,-0.8376267046990566
-0.320090565514549,0.11854240572156005,-0.8281261894555457
-0.3043100738857954,0.10871986771316468,-0.8091251597972419
-0.3186413366595397,0.16459561273266216,-0.7440707954393225
-0.3252433792735945,0.1728078972097097,-0.7158913099512653
-0.30704750605216413,0.18601196200983414,-0.7051025932941948
-0.3028608451011732,0.18407965987766026,-0.708484131312511
-0.3002844383889184,0.15316282419170077,-0.7332820778507734
-0.27790190593605973,0.11403369978753405,-0.7255528475588156
-0.23909478497933243,0.09438862319857438,-0.6949579794495045
-0.20946611484046326,0.08037942850882511,-0.6819149049698033
-0.19255845102768424,0.1054993633831775,-0.6588882438897647
-0.19851638960405282,0.13786543044107324,-0.6635579862151537
-0.17339643310488598,0.12433931325865553,-0.6564728599545917
-0.15230211216250894,0.14253516124170187,-0.6472944011640788
-0.1400641861377256,0.14801001795654467,-0.6223354355840406
-0.13281804594598365,0.12884801904899643,-0.6102585174409292
-0.11381705687886601,0.13335672477647,-0.6146062079209081
-0.07645918331619449,0.09438862319857438,-0.5970544207831509
-0.05955152643819594,0.07442149495116428,-0.6004359576811421
-0.08016276541677289,0.04592002749550967,-0.5757990467991754
-0.0964263220985462,-0.01027778856931695,-0.5534164953905409
-0.10673194259648945,-0.03153312555429005,-0.5603405938634819
-0.14489494635550196,-0.0647043360599354,-0.5706462290724548
-0.20060971940009692,-0.08982428413923065,-0.5767652001320069
-0.19948254181593372,-0.08837505631250188,-0.5725785357104258
-0.1793543713293958,-0.08998530945371161,-0.5506790611511327
-0.23861170881407762,-0.10335041083448793,-0.5696800757577665
-0.24279836893683257,-0.1020622082677656,-0.5704852035198078
-0.24118811503707605,-0.10077400570616239,-0.5551877763812388
-0.2394168357565683,-0.07339970248242277,-0.5824010946306172
-0.2039912521760772,-0.05745819755277093,-0.6276492797087407
-0.20866098797226118,-0.0426438704424578,-0.6295815866846501
-0.20672868349672532,-0.043610022189872984,-0.6377938914600215
-0.1864394871982553,-0.03990644050709571,-0.6656513190034103
-0.187888715463218,-0.020261355767321958,-0.6593713206789458
-0.15149698543616164,0.03368210849568646,-0.6509979897677597
-0.11623243678324817,0.06749740986793361,-0.6369887635317224
-0.07372175309514381,0.08891376557594696,-0.6677446518051017
-0.04522027510863462,0.08682043763692587,-0.684169263484576
-0.040550541666276335,0.08311685740393694,-0.6856184939665844
-0.022193659131514828,0.09857527896511963,-0.6693549078155444
-0.02766851872599775,0.06508203131566852,-0.6872287500652553
-0.05359359041521014,0.04897950717316358,-0.6682277286073999
-0.040872592246346894,0.020317012217309458,-0.6635579862151537
-0.058585374643242344,-0.005447030358191439,-0.6685497798093294
-0.1051216893720896,-0.01865110297263426,-0.6461672220321766
-0.12911446324384324,-0.0030316512796523367,-0.6650072166055927
-0.12959753924607142,-0.002226524924142924,-0.6780502904092938
-0.11107962634231985,0.038995941802447746,-0.6925425952472571
-0.09401094234173435,0.05880204699540121,-0.7200779762127546
-0.1353944513289419,0.0654040817903456,-0.7574359236926986
-0.1371657300415994,0.10227885902112333,-0.7682246420794285
-0.15987030348786127,0.11580497712625508,-0.7912513108731805
-0.20254202383919967,0.10791474163367425,-0.8183036231382824
-0.23635735338572617,0.11016909465119676,-0.7946328497838001
-0.22299224652488425,0.09036299260271873,-0.8149220839826357
-0.21494097759720557,0.09132914395029297,-0.8511528624714431
-0.23732350571024566,0.08891376557594696,-0.8569497874024022
-0.27258806752272513,0.09181221962299799,-0.8566277360146518
-0.28273266820544285,0.09696502675363039,-0.8582379929565774
-0.2593839845690673,0.035131335769818355,-0.8332790112482558
-0.25970603536642745,0.02128316377400789,-0.832956959883831
-0.2867583034848114,-0.005124979813345295,-0.8165323407190549
-0.3033439213619956,-0.011888041322372292,-0.8384318331222192
-0.32588748099922027,0.012909850186832187,-0.8699928688729481
-0.30592032809851316,-0.025253139481729983,-0.8933415962617574
-0.28852958302353915,-0.018812128251742766,-0.8802985138596858
-0.29030086257192556,-0.0010993480297928424,-0.9133087851443686
-0.29513162502570617,-0.000455246949068719,-0.8828749251571288
-0.3083357094325538,-0.007057283087226383,-0.8582379929565774
-0.3084967348554617,-0.00979471274496164,-0.8622636353460972
-0.29094496422827903,-0.004158828180728572,-0.8625856867394005
-0.2617993655570534,-0.011082914944843798,-0.9034862162675065
-0.23700145493508631,-0.004158828180728572,-0.9334370009775579
-0.20688970886924724,0.01468112807910267,-0.9603282992632097
-0.22089891658447566,0.0750655958816062,-1.011534490132628
-0.23877273420241604,0.09084606827686655,-1.0579099151893903
-0.25535834962901544,0.08682043763692587,-1.1036412435495175
-0.2770967788981479,0.08343890786066259,-1.1129807409711956
-0.29384342169767386,0.08118455465685064,-1.1002597014452227
-0.3112341670571052,0.09116811872589764,-1.1120145860531638
-0.28659727807267876,0.08327788263233983,-1.1337530723976355
-0.30543725183385984,0.05542051692631531,-1.1485674491026792
-0.28434292231120323,0.02128316377400789,-1.1519489917052645
-0.2799952362439711,-0.017845976578292625,-1.159678232070685
-0.29641982835884684,-0.056492045764059286,-1.1480843715908706
-0.2977080316970958,-0.057941273448207105,-1.120709980417967
-0.3163869806757061,-0.057136146956213614,-1.1202269029472045
-0.26276551795727826,-0.08064584134605556,-1.1060566307882316
-0.25084963855540826,-0.0771032845480374,-1.0992935465646896
-0.21220354620729023,-0.10222323358832594,-1.1039632951803175
-0.2014148462483248,-0.09835862591695434,-1.1274730650833886
-0.1962620344541838,-0.06889099393793335,-1.1108874053190596
-0.19722818665935285,-0.059712551737634956,-1.1314987107838088
-0.21719533287682455,-0.03507568185406234,-1.119743825477154
-0.21494097759720557,-0.024931088917188517,-1.1157181799210838
-0.24070503886870645,-0.01704085018595249,-1.1286002458745237
-0.23973888653412362,0.0265969972843079,-1.1384228215041583
-0.2648588481676264,0.028690325612901087,-1.1580679736461996
-0.2717829404979862,0.04398772452630039,-1.1827049284056834
-0.2891736846763803,0.08762556376892164,-1.224893704905169
-0.3018946925816833,0.06218357702915119,-1.2442168104563975
-0.3047931501487727,0.06524305655304713,-1.2350383351777212
-0.279512160017871,0.04447080026968426,-1.2197408769503109
-0.24344247049897141,0.01709650700749061,-1.2020280314726002
-0.25165476552824645,0.0059857637877049055,-1.2026721349277643
-0.2514937401335191,-0.02187160857001545,-1.224893704905169
-0.24038298809019273,-0.02605826589448459,-1.2112065058280546
-0.25696860359904733,-0.020744431607289403,-1.1810946698681495
-0.20962714021434337,-0.05745819755277093,-1.1440587256868102
-0.1675995203428159,-0.044254123356417194,-1.140999234832779
-0.16808259640236534,-0.02815159457701271,-1.150982836672396
-0.1614805569841228,-0.06567048787313387,-1.1501777074805137
-0.16164158233418863,-0.06438228545617607,-1.1350412790410676
-0.1870835886485507,-0.0671197155983328,-1.1527541209014958
-0.1838630814098598,-0.08789198037169893,-1.168051576005458
-0.1941687046861858,-0.06695869029521284,-1.1667633692323474
-0.17017592600205875,-0.07146739881281744,-1.1413212865002802
-0.17742206702837737,-0.07887456294220607,-1.1266679359492366
-0.16808259640236534,-0.06534843726841431,-1.1112094569569795
-0.19046512128357843,-0.08885813225402482,-1.0790042947314804
-0.19658408518892057,-0.086603777866411,-1.0437396457253434
-0.22540762724213068,-0.05101718568244538,-1.02312834578114
-0.20898303871930235,-0.054398716898400666,-0.9883467800672754
-0.21494097759720557,-0.01897315353093133,-0.9395559788363336
-0.19964356718486018,-0.052788463934020334,-0.9181395568313715
-0.2033471506922215,-0.05890742524124012,-0.9042913448528708
-0.19851638960405282,-0.07420482901482549,-0.8761118455446434
-0.19030409591920658,-0.09304479044404917,-0.8717641515819238
-0.14280161691896426,-0.09401094234173435,-0.8366605505938798
-0.14457289567207823,-0.10077400570616239,-0.7886749002981114
-0.16792157104910227,-0.14425084498897434,-0.7770810529618091
-0.1906261466480302,-0.14183546487588866,-0.7540543851672504
-0.1819307770819889,-0.1395811101199056,-0.7318328471570897
-0.17677796559726203,-0.1706590020654447,-0.6740246502907805
-0.1819307770819889,-0.17468463595496847,-0.6110636453032171
-0.1875666647371113,-0.17871026989444427,-0.609775440724511
-0.21252559695784662,-0.1674384949897926,-0.5989867275777072
-0.23023838873054142,-0.14956468130108233,-0.5677477691369843
-0.26469782276635134,-0.1656672161118119,-0.5463313715240586
-0.2901398371580368,-0.15697184721473456,-0.5245929242591607
-0.33297260006536183,-0.1667943935784988,-0.5274913838106501
-0.3717797322355267,-0.15826004999959337,-0.5094565247982896
-0.38772125260211315,-0.1719472049046574,-0.4753191158313419
-0.40366277375020687,-0.2017368969881753,-0.45309759682375933
-0.4307150538500919,-0.21510200297380194,-0.4210535249847275
-0.41799404090384845,-0.18965999446251827,-0.37242383405336826
-0.4046289265721753,-0.21848353590077965,-0.33876951577982345
-0.40962071619806606,-0.2582568067808222,-0.2732321691439534
-0.37435613951454894,-0.27081678807093407,-0.22363634804772595
-0.36227923057058675,-0.2870803543093162,-0.16792157104910227
-0.34569360968538093,-0.29738598086205464,-0.15455646700691372
-0.30173366716204764,-0.3159039043954909,-0.1360385526778798
-0.2617993655570534,-0.28337676984678906,-0.12718215924212734
-0.2537480956669688,-0.25761270518929597,-0.0751709808563491
-0.23506915029083952,-0.2518157909230536,-0.03394850484538691
-0.24843425764887234,-0.22572967800578816,0.006146789054482628
-0.27033371185848587,-0.23249274411640147,0.01741855752991414
-0.26985063564675627,-0.22154301810316349,0.0705568893415859
-0.28466497313331324,-0.2408660642580831,0.06669228368584858
-0.2959367521083205,-0.21333072383563573,0.08182865557382843
-0.33989669384742033,-0.1935246032218263,0.10485526251333199
-0.39303509289798366,-0.1677605456959191,0.14865411874043075
-0.3946453475502387,-0.17452361059842844,0.17747762750555787
-0.4252401874578227,-0.13619957801531415,0.19567347249738515
-0.4601827186614153,-0.13040266591805091,0.22820055568182435
-0.46533553464023153,-0.1097914237448842,0.27683014918463694
-0.4690391211753972,-0.08708685380529398,0.3169254045433208
-0.4883621820423705,-0.12106319664599452,0.3053315962768125
-0.4683950191662541,-0.14553904772330875,0.3372145680073697
-0.45792836169633805,-0.17404053452928786,0.3394689194246181
-0.44134273593338424,-0.19465178078529444,0.3657160097659391
-0.4176719899496404,-0.19127024810663634,0.39067489737300104
-0.40076431530152185,-0.20125382087851945,0.40677740448131616
-0.375644343161716,-0.21300867308428043,0.41659993342244495
-0.3824074123930768,-0.23120454103685018,0.3911579725979517
-0.38772125260211315,-0.24231529276606706,0.4066163794142141
-0.3685592231654595,-0.22267019576394267,0.4206255599511917
-0.37403408860355464,-0.17548976273886754,0.38471696953910217
-0.35084642385036263,-0.15439544166036517,0.39325129856437474
-0.34794796587250915,-0.20640663275192125,0.39776000059974076
-0.3366761850932293,-0.19465178078529444,0.3982430758140761
-0.3471428386610256,-0.16792157104910227,0.4206255599511917
-0.365338714127294,-0.14618314909239474,0.40870970528026773
-0.4017304681148801,-0.1060878413057697,0.41756608379392923
-0.4270114677511215,-0.0853155753662431,0.3800472422409846
-0.46356425413831137,-0.08257814507038662,0.3893866967695942
-0.4898114116536332,-0.05359359041521014,0.4117691815215869
-0.5076852440563002,-0.03201620141106857,0.4117691815215869
-0.5218554902619961,-0.04634745215652991,0.4013025521547247
-0.4960914067103212,-0.0400674657967708,0.4095148306097458
-0.4754801413369337,-0.020905456887438667,0.38230159335886366
-0.4648524581387518,-0.01832905241465743,0.3573427051037645
-0.4611488716512289,-0.0031926765509944386,0.33318894043738906
-0.4936760239818742,-0.021066482167667988,0.2998567422284046
-0.4732257842658972,-0.04538130040095098,0.2752198978613878
-0.47660731987830707,-0.03974541521750065,0.23174310909819562
-0.4609878461527274,-0.05906845054035903,0.20243652966678544
-0.45277554583480384,-0.09835862591695434,0.14253516124170187
-0.44134273593338424,-0.13764880605582147,0.09970245550839248
-0.44069863397906023,-0.12299550061124574,0.0863373619567666
-0.43184223223640794,-0.1260549819131107,0.05252206255326102
-0.4157396842310877,-0.1439287943061902,0.011460622813221246
-0.4080104614716662,-0.1811256502821058,-0.01365931935998069
-0.3907807363982217,-0.1727523316817629,-0.033626454272200054
-0.35841461980327044,-0.18257487852333387,-0.08467147411807915
-0.340540795602088,-0.18885486764345583,-0.13104676725707384
-0.3228279978138682,-0.19481280615182384,-0.14650519977741744
-0.345210533361602,-0.18064257420313498,-0.20705073424184903
-0.372101783144288,-0.16470106400062615,-0.22411942419069594
-0.37194075768986745,-0.16067543023499287,-0.22138199272337172
-0.32556543013624784,-0.1830579546051817,-0.2513327147388716
-0.32669260815804785,-0.18982101982657046,-0.3163869806757061
-0.32910798964649907,-0.15359031492882166,-0.349236169415031
-0.3204126163720955,-0.14763237717751515,-0.37033050315004873
-0.333616701806307,-0.13523342599190732,-0.433613512565652
-0.3139715992818122,-0.14022521147715883,-0.4745139883045776
-0.35938077249079237,-0.16615029216848382,-0.5419836819550123
-0.3761274195307195,-0.16115850628423103,-0.5775703279115549
-0.36614384138384454,-0.17597283881016607,-0.6385990193903086
-0.3862720234455823,-0.17726104167047865,-0.6701600358237467
-0.39367919475792895,-0.1849902589397655,-0.7162133612002423
-0.3732289613274646,-0.17967642204735107,-0.7680636164292449
-0.35938077249079237,-0.20205894772834532,-0.796243106420209
-0.321056718088146,-0.23361992181520216,-0.8377877303835305
-0.29513162502570617,-0.2242804495718457,-0.8545344020020079
-0.33120132028434496,-0.2102712417106627,-0.8894769791994939
-0.32459927754924534,-0.1961010090869353,-0.9221651999583756
-0.31075109078455104,-0.15761594860652448,-0.9403611075104822
-0.32926901507970074,-0.13104676725707384,-1.0129837220662417
-0.3241162012568213,-0.0920786385492438,-1.0559776056809242
-0.34794796587250915,-0.10640989195096962,-1.0773940367032877
-0.3426341263135734,-0.12219037395765828,-1.1004207272589217
-0.3155818535424131,-0.09851965123567494,-1.1438976998516759
-0.32943004051298225,-0.11639346211084677,-1.2039603418418856
-0.34166797367582785,-0.12251242461885335,-1.230690636451089
-0.35438898363617094,-0.11993601933824932,-1.2936517606684597
-0.3798310050502572,-0.1677605456959191,-1.3480785222761948
-0.37097460496501916,-0.12847036190865854,-1.3963863064020263
-0.3675930704506601,-0.1371657300415994,-1.4440499936954434
-0.365338714127294,-0.1255719059161602,-1.5002480663006283
-0.37000845224304196,-0.09996887910776,-1.5611159036126192
-0.3795089541338401,-0.0928837651280483,-1.6498412633305133
-0.3687202486182052,-0.10592681598328973,-1.7055562927081094
-0.37693254681398697,-0.08837505631250188,-1.7219809563435986
-0.3920689401104578,-0.13281804594598365,-1.7532200247297425
-0.37677152135717396,-0.1360385526778798,-1.7987904236046295
-0.39786585687866816,-0.162607734436262,-1.8110284116527589
-0.37371203769287936,-0.18128667564192258,-1.811189437814309
-0.39689970407679065,-0.17339643310488598,-1.8206899814847086
-0.39689970407679065,-0.1709810527747683,-1.855793687585584
-0.403018671870489,-0.19690613592397688,-1.8962112620719034
-0.4113919964063134,-0.1827359038838699,-1.9314760024127806
-0.433613512565652,-0.21043226708494223,-1.9582063560438234
-0.4368340222798927,-0.20302509995077309,-1.9630371430750357
-0.42201967785835165,-0.19690613592397688,-1.9883182630219705
-0.44665657710520773,-0.16405696259476762,-2.029057906235101
-0.42298583073484525,-0.1474713518344042,-2.0699585807480636
-0.40559507939701384,-0.13169086859737614,-2.0844509469447225
-0.3872381762158853,-0.13072471658740245,-2.123741365155346
-0.3867550998303749,-0.10528271469416965,-2.12068186520942
-0.38707715075396876,-0.09884170187335616,-2.1229362335878905
-0.3677540959029273,-0.09674837273414764,-2.1430645233609114
-0.3192854383720792,-0.0935278663925318,-2.1448358129194394
-0.3075305823192117,-0.14763237717751515,-2.1573958664240833
-0.3303961931143469,-0.16276875978688735,-2.1549804714823955
-0.3368372105301809,-0.16808259640236534,-2.1602943403773334
-0.35390590729946914,-0.17355745846086656,-2.1416152864564264
-0.3632453832695942,-0.15664979651931923,-2.1256736809252175
-0.36904229952393586,-0.1399031607983723,-2.1184274968462815
-0.3762884449872135,-0.13040266591805091,-2.110376181388813
-0.36582179048098507,-0.13024164058349508,-2.0763996323127585
-0.37822075047136167,-0.11156270231767788,-2.0569154517131323
-0.38224638693355256,-0.08451044880623818,-2.0554662151853984
-0.3384474649040852,-0.07613713270075309,-2.051762610754442
-0.34247310087374966,-0.08112891727605824,-2.0416179553512994
-0.38224638693355256,-0.07050124698233548,-2.0330835629512385
-0.4006032898329078,-0.07613713270075309,-2.0042598619430767
-0.4278165951603546,-0.10190118294728524,-1.997818811781508
-0.44713965357967667,-0.10109605634608328,-1.9698002450372183
-0.4233078816943142,-0.08918018288210676,-1.9367898677216406
-0.42588428938154277,-0.0740438037081849,-1.916178511848761
-0.4196042956796715,-0.05520384338359189,-1.892346633222104
-0.4278165951603546,-0.05150026156827819,-1.8237494786570665
-0.4167058370889292,-0.0920786385492438,-1.7764077887423735
-0.4038237992203356,-0.138775983425138,-1.7350240721659065
-0.3986709842157586,-0.10431656276288909,-1.7089378410368166
-0.3748392158816385,-0.12170729796646543,-1.6709356808606028
-0.34021874472459457,-0.11558833547365346,-1.595092399702345
-0.32846388791449,-0.1326570206102284,-1.5495220289715563
-0.29416547252920305,-0.13281804594598365,-1.4764162177201918
-0.2637316703603776,-0.11285090492215165,-1.3888180864200321
-0.26405372116204945,-0.09546017019366167,-1.3427646664558017
-0.2717829404979862,-0.08483249943000014,-1.2466321987302842
-0.2717829404979862,-0.0924006891805256,-1.1893069884922132
-0.27468139779638734,-0.08064584134605556,-1.0973612368121681
-0.2619603909568913,-0.07356072778874329,-1.0467991356713728
-0.27339319454946004,-0.056653071061977825,-1.0070257686024082
-0.284825998544488,-0.06261100714122113,-0.9524380378604682
-0.2759696010484243,-0.0638992095511372,-0.9191057111773339
-0.3283028624816872,-0.06067870353594954,-0.8712810744785242
-0.32878593878033496,-0.09175658791828196,-0.8286092664951605
-0.30495417556992477,-0.09739247400631044,-0.8263549069830686
-0.29529265044206937,-0.09916375251135731,-0.7733774629272301
-0.30736955689678275,-0.086603777866411,-0.7131538743477922
-0.2930382946202478,-0.11091860101736047,-0.63892107056298
-0.3076916077417205,-0.1014181069863241,-0.5590523894852806
-0.32331107410437715,-0.09417196765829519,-0.49721858532306235
-0.344727457038541,-0.09175658791828196,-0.4693611721804467
-0.30817468400972575,-0.09497709424229929,-0.3790258777598126
-0.3125223704540944,-0.09562119551094245,-0.3136495484306496
-0.3249213284112603,-0.09562119551094245,-0.24344247049897141
-0.31703108238377686,-0.11236782894487415,-0.18482923357811068
-0.29239419295974367,-0.10415553744128891,-0.15359031492882166
-0.29851315878609547,-0.08692582849225299,-0.1360385526778798
-0.2930382946202478,-0.12251242461885335,-0.11172372764295718
-0.3020557180013987,-0.12299550061124574,-0.05955152643819594
-0.32170081980547327,-0.15745492325845709,-0.021549558008836293
-0.34601566056829913,-0.16534516540776356,0.0369026135405012
-0.40398482469054414,-0.17243028097068094,0.05413231498594053
-0.43715607325307004,-0.16872669781621688,0.08472710968435923
-0.43876632812373856,-0.1933635778559362,0.09454964842136658
-0.40865456336126954,-0.24054401347940965,0.11145729636844028
-0.40978174167114456,-0.2840208714894125,0.12256803596667913
-0.3980268823459268,-0.2927162437898361,0.19712269904560212
-0.40656123222472224,-0.30173366716204764,0.24720152355128544
-0.40720533411145565,-0.31139519248144953,0.2901952348576084
-0.37016947769650543,-0.30608135352022386,0.3236884591730917
-0.36984742678965826,-0.356321288990157,0.35589347927478293
-0.3473038641031628,-0.33007414224690623,0.3700636871009441
-0.28530907477849116,-0.320090565514549,0.39550564958993895
-0.27017268645449616,-0.31751415866566784,0.4240070861964855
-0.23828965803764043,-0.3305572185481869,0.4710263998352343
-0.1961010090869353,-0.3679151213552742,0.5059688305261015
-0.1949738315184331,-0.40495097751346926,0.5219103068630404
-0.1516580107812712,-0.422341728816864,0.5364025573935302
-0.11236782894487415,-0.44746170456305434,0.5343092323572134
-0.10818117050528779,-0.4685560446684203,0.5589460569219533
-0.09143453728764012,-0.4906165392182335,0.5388179324185202
-0.11333398090014893,-0.4733868097704534,0.5450979073986787
-0.1001299044272805,-0.45293657132924176,0.5744044556859933
-0.09030736008291351,-0.44778375554675076,0.5900238786829236
-0.11365603155254703,-0.43699504776644155,0.5885746539006871
-0.1353944513289419,-0.41912121924608764,0.5977530774112686
-0.15375134027497048,-0.4126802002001882,0.5803623800113825
-0.17178617954947606,-0.39689970407679065,0.5521830072292072
-0.16357388654121302,-0.4073663595833384,0.5116047060889424
-0.18660051256070925,-0.4233078816943142,0.4550849209798882
-0.1901430705549146,-0.4476227300548627,0.41885428428473703
-0.21413585071542202,-0.4732257842658972,0.40307382791761953
-0.22138199272337172,-0.498345763939706,0.4029128028486676
-0.24360349588970578,-0.5337713795940353,0.3682924111567207
-0.2585788575770644,-0.49770166187257464,0.38310671875428676
-0.27967318542649117,-0.5104226779343451,0.3604021818324538
-0.25809578138282085,-0.5181519031259872,0.3547663036255178
-0.23812863264954162,-0.5199231839249103,0.3500965758937449
-0.22476352571577426,-0.5347375328022268,0.3146710529685654
-0.23152659180625876,-0.5023714018881462,0.2885849836010266
-0.16953182458532975,-0.4830483401896053,0.26571941489074047
-0.1432846929415814,-0.47499706482039716,0.23625181339010992
-0.14070828749593828,-0.44971606145562293,0.22981080723953695
-0.12283447528036831,-0.41461250590056625,0.17957095485765612
-0.11252885427055334,-0.41042584356425543,0.12240701075783653
-0.0774253351644389,-0.3901366345440173,0.10646551468554073
-0.07372175309514381,-0.35551616175793366,0.046242077989256274
-0.09851965123567494,-0.3672710195463651,0.013714976502701901
-0.11220680361927493,-0.36888127407103066,-0.031372100268857304
-0.1078591198583283,-0.37033050315004873,-0.0920786385492438
-0.08595967661568704,-0.35213462740437135,-0.1180037153912314
-0.09368889170885264,-0.35358385640873347,-0.18015949812488338
-0.10270630955048687,-0.35004129663169964,-0.2643757719640407
-0.133140096617734,-0.3283028624816872,-0.31010698908892936
-0.15793799930289903,-0.3159039043954909,-0.38144125963712716
-0.17500668666828834,-0.29513162502570617,-0.456318106730844
-0.13072471658740245,-0.27081678807093407,-0.4999560191131091
-0.12911446324384324,-0.23345889642941955,-0.5603405938634819
-0.12573293124839705,-0.23957786114530605,-0.618631847305923
-0.09594324614574397,-0.2073727849872923,-0.6757959319368059
-0.10302836019232742,-0.20978816558830335,-0.7500287441111918
-0.09932477783047787,-0.21252559695784662,-0.8131508015817411
-0.09159556260292105,-0.19223640029694283,-0.8583990186512063
-0.10463861340632932,-0.17339643310488598,-0.8968841619422897
-0.09175658791828196,-0.11977499400889133,-0.9711170243463032
-0.06583151317561367,-0.13072471658740245,-1.0158821859527127
-0.07146739881281744,-0.12718215924212734,-1.0566217088491465
-0.06872996863393321,-0.08612070192824803,-1.0836740430579896
-0.0829001956922285,-0.0927227398121274,-1.1131417667911445
-0.10077400570616239,-0.09304479044404917,-1.1356853823646818
-0.0981976005983137,-0.1015791323065645,-1.1735264548476227
-0.13523342599190732,-0.13201291926800704,-1.211689583432822
-0.1444118703304863,-0.13088574192219815,-1.2321398693535675
-0.15423441631389662,-0.11558833547365346,-1.2777101961062525
-0.16405696259476762,-0.1144611581849418,-1.3113646110895205
-0.1527851881992766,-0.07839148701556362,-1.354358533811071
-0.14280161691896426,-0.05198333745483126,-1.3971914361975968
-0.16937079923134732,-0.04586437627838028,-1.448397695244996
-0.1597092781386748,-0.02766851872599775,-1.476577243718323
-0.15230211216250894,-0.04103361753650223,-1.5168337457227965
-0.14457289567207823,-0.05166128686371584,-1.563531294214204
-0.14988673198946278,-0.057136146956213614,-1.5999231814213792
-0.16615029216848382,-0.1015791323065645,-1.6471038199331607
-0.16888772316987963,-0.11091860101736047,-1.7036239793929797
-0.19883844034102685,-0.12138524730607003,-1.748228214634512
-0.19803331349919104,-0.14022521147715883,-1.7878406452090938
-0.19996561792295284,-0.13909803410280516,-1.7931545082086455
-0.1935246032218263,-0.1341062486349041,-1.815054065715064
-0.19964356718486018,-0.1258939565807139,-1.8791424849928053
-0.1862784618358812,-0.1020622082677656,-1.910703620660942
-0.1614805569841228,-0.10802014518176804,-1.9429088642436474
-0.15342928958275276,-0.10930834777216547,-1.985741843066388
-0.16904874852362226,-0.100290929746881,-1.9989459955507354
-0.1970671612916249,-0.09336684107629092,-2.0169809363803473
-0.20060971940009692,-0.0928837651280483,-2.018752225264812
-0.19980459255386654,-0.10190118294728524,-2.0390415349809348
-0.19400767931997606,-0.09932477783047787,-2.0664160024408615
-0.15584466978217987,-0.0981976005983137,-2.0593308459401127
-0.15359031492882166,-0.08016276541677289,-2.04387232319181
-0.13104676725707384,-0.07323867717618225,-2.0768827111851587
-0.09046838539763447,-0.05616999516846228,-2.0743062905404965
-0.12718215924212734,-0.028956720996971986,-2.0831627365904604
-0.1144611581849418,-0.017201875464260396,-2.09411252476133
-0.11349500622630798,-0.01011676329445178,-2.073823211671853
-0.13636060335282846,-0.027990569293261002,-2.0933073932658526
-0.1144611581849418,-0.07050124698233548,-2.0842899206501655
-0.08918018288210676,-0.07420482901482549,-2.067704212730006
-0.08982428413923065,-0.06422126015441643,-2.072857053936679
-0.06985714576361444,-0.0719504747291386,-2.0553051889049305
-0.06744176620481275,-0.0426438704424578,-2.056110320308053
-0.04666950274236317,-0.04586437627838028,-2.0590087933754977
-0.0386182381925764,-0.05455974219527886,-2.01971838284215
-0.0648653613619351,-0.036685934730402485,-2.0105398859712706
-0.11156270231767788,-0.06728074090153277,-2.004903966966127
-0.12396165259818964,-0.09030736008291351,-1.9582063560438234
-0.16212465838486562,-0.07001817106817468,-1.9237467439341056
-0.16357388654121302,-0.0685689433300131,-1.895728183463208
-0.16727746963684925,-0.09964682846895896,-1.886227637635641
-0.1833800053268132,-0.10930834777216547,-1.8570818970547158
-0.2038302268049934,-0.12621600724558746,-1.8309956562835623
-0.17887129525306228,-0.12959753924607142,-1.8065196791612212
-0.17404053452928786,-0.16180260768433435,-1.7917052728366518
-0.16309081048837779,-0.18740563937417787,-1.7925104035980854
-0.176938990954921,-0.24344247049897141,-1.73711741179033
-0.17565078809588713,-0.2674352545988865,-1.6717408113274153
-0.17871026989444427,-0.2894957355032799,-1.6419509853645042
-0.18772769010012472,-0.3122003196043683,-1.6417899592855314
-0.2014148462483248,-0.30463212472770046,-1.6187632308021926
-0.18450718285504072,-0.3215397943760218,-1.6076524323191228
-0.1468272504627599,-0.33120132028434496,-1.5863969927865427
-0.14521699703924543,-0.345210533361602,-1.5574123047245885
-0.11880884203442268,-0.34585463512680015,-1.560793851533746
-0.08128994258621916,-0.3619571796715556,-1.5548358881313875
-0.08000174010717201,-0.36614384138384454,-1.5355127643247752
-0.08000174010717201,-0.4105868690377325,-1.5144183554637038
-0.06550946257073408,-0.4088155888338696,-1.5007311443302365
-0.07211150003473901,-0.39045868547096,-1.4397022922033478
-0.03282132784063372,-0.38111920871911525,-1.4068529938982077
-0.029922872703564782,-0.36630486683539387,-1.3814108925637933
-0.040550541666276335,-0.3640505105209605,-1.3190938552089415
-0.061644855337144935,-0.372584859508028,-1.2693368493734711
-0.10335041083448793,-0.3687202486182052,-1.2041213677065064
-0.12621600724558746,-0.31831928580374874,-1.1674074726182702
-0.1648620893522906,-0.31542082811599387,-1.1168453606718
-0.15487851770025063,-0.2721049913076422,-1.0870555849911436
-0.13217394460344245,-0.2803172870617703,-1.0429345167969277
-0.15391236562119925,-0.2927162437898361,-1.005737562462321
-0.15101390940131257,-0.2635706449596614,-0.9366575156258048
-0.1742015598855881,-0.2753254994217671,-0.8838410793989042
-0.1882107661896443,-0.2856311256015591,-0.850186708326279
-0.20511842977590064,-0.304471099306708,-0.8315077287478467
-0.21961071355093437,-0.2877244559592837,-0.8298974719376249
-0.2271789064462008,-0.2891736846763803,-0.8134728529266441
-0.22621275415187347,-0.26228244175680654,-0.7706400268417116
-0.22733993182886825,-0.26421474656300514,-0.758563103208964
-0.2194496881721012,-0.2709778134752432,-0.7410113083257522
-0.22798403336033685,-0.2693675594357452,-0.6910933647344917
-0.22556865262391945,-0.28997881174422785,-0.6688718310115769
-0.2276619825944428,-0.32846388791449,-0.6266831262250806
-0.21719533287682455,-0.333455676370951,-0.5944780117415628
-0.2194496881721012,-0.36614384138384454,-0.5899692959677912
-0.21300867308428043,-0.4073663595833384,-0.5421447074935719
-0.20511842977590064,-0.4511652908948071,-0.509778575843323
-0.20672868349672532,-0.5062360143654758,-0.45889451467945896
-0.1864394871982553,-0.5202452349802951,-0.39947611155484225
-0.193202552490126,-0.4910996157579494,-0.3378033631535661
-0.20093177013914837,-0.5406954776494022,-0.2799952362439711
-0.20656765812428335,-0.5371529158352439,-0.24038298809019273
-0.19094819737717345,-0.5286185625320846,-0.21606815523505782
-0.15713287256256211,-0.5249149753191634,-0.18917691837084108
-0.1370047047036853,-0.517346775493298,-0.1597092781386748
-0.1440898196475423,-0.49625243222618814,-0.15954825278956822
-0.14280161691896426,-0.46130989714980997,-0.1112406516673592
-0.13555547666605644,-0.46292015214000326,-0.10657091727368953
-0.14264059157825176,-0.472420656744311,-0.11735961407811786
-0.13249599527455314,-0.4605047696577011,-0.08483249943000014
-0.13024164058349508,-0.44971606145562293,-0.09755349932455112
-0.162607734436262,-0.44939401047001404,-0.15616672047679578
-0.19481280615182384,-0.4126802002001882,-0.14103033817552435
-0.21413585071542202,-0.40752738505530073,-0.16792157104910227
-0.2281450587434037,-0.40495097751346926,-0.16582824146395592
-0.19916049107832048,-0.39239099103931413,-0.18064257420313498
-0.2658250005769537,-0.3888484308394358,-0.17967642204735107
-0.2817665157458184,-0.3912638127897123,-0.16373491189231795
-0.2688844832254526,-0.4059171303392644,-0.1624467090857166
-0.29561470127503525,-0.4650134836391654,-0.13748778071766748
-0.31139519248144953,-0.45036016342779683,-0.1200970446676873
-0.3302351676805867,-0.45905554017692457,-0.11961396867961328
-0.3522956528489814,-0.43747812422656623,-0.13619957801531415
-0.3231500486741277,-0.41042584356425543,-0.13475034998128332
-0.3234720995347064,-0.3772545977278521,-0.11655448743852535
-0.34827001675766095,-0.37097460496501916,-0.0759761073931524
-0.31542082811599387,-0.32991311681330554,-0.07066227228721576
-0.29239419295974367,-0.33458285442011826,-0.0740438037081849
-0.25954500996770746,-0.3524566782936712,-0.08998530945371161
-0.2225091703835917,-0.31992954008589547,-0.0853155753662431
-0.2162291806122134,-0.3152598026896545,-0.11752063940627627
-0.14521699703924543,-0.31010698908892936,-0.11623243678324817
-0.12267344994957084,-0.308979811124664,-0.11220680361927493
-0.12041909532680316,-0.31751415866566784,-0.15294621354502577
-0.10109605634608328,-0.31316647215450427,-0.2039912521760772
-0.08128994258621916,-0.3010895654843031,-0.23748453109794512
-0.07662020862403521,-0.29319932003557336,-0.26952858483933567
-0.07500995554922847,-0.2854701001899852,-0.30044546380783566
-0.09014633476827257,-0.273876270766459,-0.37644947044378724
-0.11768166473451468,-0.26952858483933567,-0.43248633417319915
-0.12718215924212734,-0.2638926957611736,-0.46581861114242834
-0.15375134027497048,-0.284825998544488,-0.5104226779343451
-0.14924263061302168,-0.30414904846496255,-0.5189570307606669
-0.1326570206102284,-0.3466597623350927,-0.5595354661265092
-0.1260549819131107,-0.36421153597147304,-0.5941559606127963
-0.13169086859737614,-0.3566433398836048,-0.5946390373060654
-0.14666622512004868,-0.35374488185406144,-0.6249118448458063
-0.15407339096750797,-0.39110278732580234,-0.6622697814290581
-0.15262416285360747,-0.39239099103931413,-0.6358615844354435
-0.15487851770025063,-0.36646589228702303,-0.6780502904092938
-0.12637703257814417,-0.345210533361602,-0.716535412449537
-0.12363960193555512,-0.3239551758261729,-0.7622666930755196
-0.10850322115256723,-0.32669260815804785,-0.8220072136822432
-0.12782626057475321,-0.3014116163230158,-0.8363384992261222
-0.14489494635550196,-0.26807935620989526,-0.8981723676538168
-0.16808259640236534,-0.25036656237266364,-0.9873806255168623
-0.20093177013914837,-0.24247631815624235,-1.0041273047943402
-0.2115594447071361,-0.2286281348930835,-1.0686986434877976
-0.1859564111113728,-0.21043226708494223,-1.1213540837134246
-0.1432846929415814,-0.19255845102768424,-1.1319817882711811
-0.1463441744348661,-0.23168761719108288,-1.1944598159691393
-0.15391236562119925,-0.2759696010484243,-1.2213511356775129
-0.20060971940009692,-0.32170081980547327,-1.2427675775005964
-0.20302509995077309,-0.34537155880278186,-1.275777885302813
-0.20254202383919967,-0.32556543013624784,-1.2691758234768564
-0.2102712417106627,-0.345210533361602,-1.2773881443048896
-0.2159071298579821,-0.3361931087828531,-1.2443778363407705
-0.23361992181520216,-0.31767518409312445,-1.2564547778938475
-0.28047831247078964,-0.2856311256015591,-1.2788373774135096
-0.2922331675448172,-0.31429365013329397,-1.3207041144233764
-0.3202515909432823,-0.3149377518372151,-1.366918557240812
-0.29046188798589423,-0.31316647215450427,-1.422955590696669
-0.26904550862880366,-0.29867418420413483,-1.4524233448791435
-0.25310399408438605,-0.29529265044206937,-1.4830182837081858
-0.23200966796097067,-0.27049473726255546,-1.5145793814804256
-0.24505272440990883,-0.29448752336105144,-1.5566071745370482
-0.23313684565809403,-0.27258806752272513,-1.5719046484368102
-0.24650195293658073,-0.25004451158456653,-1.5849477583228844
-0.27339319454946004,-0.2606721877604241,-1.5886513575204584
-0.2606721877604241,-0.24972246079678884,-1.6243991432193852
-0.26695217839146834,-0.25793475598489934,-1.6401796985001276
-0.27468139779638734,-0.25922295917050703,-1.7029798749571183
-0.24940041000933055,-0.2679183308070233,-1.7442025613868928
-0.24972246079678884,-0.2891736846763803,-1.7580508087647395
-0.24054401347940965,-0.3043100738857954,-1.7525759201970839
-0.26952858483933567,-0.31477672641111515,-1.7805944685293216
-0.255680400422383,-0.3244382521183576,-1.7612713314940087
-0.244086572062388,-0.32556543013624784,-1.7471010317202296
-0.25278194329357384,-0.3009285400650666,-1.7483892407654382
-0.25439219725082923,-0.3068864806299746,-1.7485502668964428
-0.24054401347940965,-0.3386084903419145,-1.7722211090085096
-0.21848353590077965,-0.33699823596721235,-1.7543472076649187
-0.20769483573305517,-0.37338998678252305,-1.7255235309603945
-0.1930415271243957,-0.3830515142319714,-1.7256845570802433
-0.1753287373819279,-0.39239099103931413,-1.6854280295639208
-0.1793543713293958,-0.41429045494970607,-1.6820464814761926
-0.1624467090857166,-0.41300225114945405,-1.6760885158821632
-0.16904874852362226,-0.39528944941337324,-1.6865552122675338
-0.1685656724626341,-0.38224638693355256,-1.6839787946649354
-0.16598926681617993,-0.34939719485820514,-1.6788259595201103
-0.18660051256070925,-0.37822075047136167,-1.67769877684291
-0.20560150589130913,-0.404467901101648,-1.652256654582344
-0.18676153792324315,-0.42652839130653813,-1.6342217336625173
-0.16953182458532975,-0.43329146159598125,-1.597024712381461
-0.15149698543616164,-0.39850995874818107,-1.5865580188384538
-0.13861495808642435,-0.4187991682907637,-1.6206955436200892
-0.1399031607983723,-0.4128412256747813,-1.6081355105062507
-0.1474713518344042,-0.3933571438277968,-1.5847867322717604
-0.1677605456959191,-0.3745171649701657,-1.5904226441079266
-0.16003132883712776,-0.37532229224944574,-1.5715825963473897
-0.13861495808642435,-0.34553258424404154,-1.5359958424061233
-0.12573293124839705,-0.34971924574479285,-1.5065280807408257
-0.12412267792962683,-0.3076916077417205,-1.4641782420927472
-0.13426727397137897,-0.2692065340322345,-1.4844675177232767
-0.1260549819131107,-0.23120454103685018,-1.466271579996754
-0.14151341419550306,-0.1785492445359062,-1.454194630733773
-0.1553615937408555,-0.13571650200325092,-1.4293966296367993
-0.17355745846086656,-0.09497709424229929,-1.3975134881163769
-0.2308824902677611,-0.08805300568521991,-1.355163663503708
-0.22733993182886825,-0.10592681598328973,-1.3466292888621116
-0.22476352571577426,-0.11993601933824932,-1.3149071812883482
-0.20962714021434337,-0.1254108805840033,-1.2839902062959565
-0.19835536423568567,-0.14151341419550306,-1.2637009430389436
-0.1864394871982553,-0.14086931283569132,-1.2393860339619434
-0.17999847276562603,-0.17355745846086656,-1.200578798703104
-0.18933794373465354,-0.19030409591920658,-1.1604833612858927
-0.21075431783374104,-0.19658408518892057,-1.1213540837134246
-0.22943326181081403,-0.20833893722553962,-1.0833519914471281
-0.2159071298579821,-0.23474709951791656,-1.0424514394408282
-0.2270178810636132,-0.26663012758692206,-0.9947878104762374
-0.26018911156306646,-0.23523017567742077,-0.9654811231391224
-0.2659860259787877,-0.24569682597651996,-0.9398780303057551
-0.24456964823578908,-0.22524660186042175,-0.9113764764895457
-0.23120454103685018,-0.23056043949899152,-0.8912482620140281
-0.20366920143398953,-0.24698502911357556,-0.8646790208036061
-0.22927223642710817,-0.26228244175680654,-0.8303805489798581
-0.26405372116204945,-0.2896567609168494,-0.7994636197168412
-0.2816054903361604,-0.30704750605216413,-0.7471302825815658
-0.3068864806299746,-0.3126833958790772,-0.7319938727894035
-0.28514804936707694,-0.33200644745633767,-0.721527206854245
-0.28434292231120323,-0.34182899911525266,-0.6878728525069491
-0.2981911079502561,-0.3225059469539278,-0.6381159426318977
-0.31960748922882776,-0.3352269561642548,-0.603817494614216
-0.3118782687549614,-0.3006064892268328,-0.5872318614212906
-0.35084642385036263,-0.3144546755591545,-0.5627559770863381
-0.3204126163720955,-0.2914280404713822,-0.5695190502055969
-0.3020557180013987,-0.304471099306708,-0.5178298520726726
-0.2867583034848114,-0.31960748922882776,-0.4553519537553721
-0.2617993655570534,-0.31236134502919144,-0.3997981624910338
-0.25052758776683204,-0.29352137086646396,-0.37918690321774207
-0.2487563084353723,-0.28434292231120323,-0.3746781904258622
-0.24956143540301975,-0.2518157909230536,-0.3006064892268328
-0.24553580058474736,-0.23700145493508631,-0.28112241410766536
-0.22041584044629856,-0.20415227754724086,-0.29964033671404716
-0.22605172876976515,-0.22556865262391945,-0.29030086257192556
-0.18853281691639023,-0.25020553697857517,-0.30656442978583487
-0.18354103068774882,-0.27613062645528813,-0.30817468400972575
-0.1935246032218263,-0.27580857564164024,-0.2922331675448172
-0.21091534320826028,-0.3006064892268328,-0.2661470513807015
-0.1719472049046574,-0.32556543013624784,-0.26904550862880366
-0.15407339096750797,-0.3358710579096678,-0.258900908373626
-0.11687653809412242,-0.3532618055183168,-0.24312041971774226
-0.09980785378831947,-0.37129665587298294,-0.25729065439401194
-0.08483249943000014,-0.37371203769287936,-0.24795118146972134
-0.08161199320678099,-0.3872381762158853,-0.2337809472010646
-0.11961396867961328,-0.3957725258115613,-0.2207378912050034
-0.12927548857783933,-0.4292658245019953,-0.23506915029083952
-0.12202934862718069,-0.46581861114242834,-0.19239742566227358
-0.1001299044272805,-0.5049478102012693,-0.15681082186698692
-0.10399451211976875,-0.48063295755793284,-0.1706590020654447
-0.11574936080093218,-0.48433654426715894,-0.1500477573337729
-0.11752063940627627,-0.4427919653352752,-0.12959753924607142
-0.11864781670562448,-0.4616319481472113,-0.11977499400889133
-0.1484375038942691,-0.4558350302427495,-0.08901915756802581
-0.1506918587118129,-0.4857857738605002,-0.11623243678324817
-0.1411913635154373,-0.5084903716651009,-0.11896986736330087
-0.1439287943061902,-0.5339324051285349,-0.1265380579107809
-0.14763237717751515,-0.5226606179058324,-0.17983744740644858
-0.16631131752086767,-0.5567980318356849,-0.1906261466480302
-0.20044869403069104,-0.554704699746457,-0.22782300797734992
-0.20447432828980786,-0.5456872693620198,-0.24891733382874207
-0.19030409591920658,-0.5297457412574201,-0.26051116236122507
-0.19883844034102685,-0.5518062399528091,-0.2911059896425669
-0.1593872274405416,-0.5588913639383636,-0.27822395675178335
-0.1729133570374238,-0.5659764880780008,-0.27001166105058627
-0.186922563285857,-0.5743498168052991,-0.28257164279530583
-0.1700149006477566,-0.5907744237799616,-0.3371592614043235
-0.1811256502821058,-0.5756380212439819,-0.3466597623350927
-0.20849996259886044,-0.5827231457477676,-0.40656123222472224
-0.20705073424184903,-0.5804687879343987,-0.4171889135189261
-0.24762913068401998,-0.6179877450009801,-0.44794478103871854
-0.2571296289964897,-0.6598543974688424,-0.47580219234835636
-0.2310435156522657,-0.6385990193903086,-0.45857246368476656
-0.2281450587434037,-0.6118687731674937,-0.5001170446308875
-0.22202609424301814,-0.603012366769826,-0.5571200829275292
-0.1816087263617959,-0.607682108294971,-0.5854605802563957
-0.18128667564192258,-0.6067159548704867,-0.6239456913702581
-0.19722818665935285,-0.6084872361508955,-0.6651682422049279
-0.18547333502520955,-0.5767652001320069,-0.7223323349911868
-0.21687328212163462,-0.5729005868178685,-0.7986584913897066
-0.22540762724213068,-0.5740277656964242,-0.8474492715971573
-0.1930415271243957,-0.5890031425958125,-0.8930195448381576
-0.20898303871930235,-0.5635611048312694,-0.9092831421263706
-0.21639020598944889,-0.5696800757577665,-0.9236144314962257
-0.1833800053268132,-0.5464923970647674,-0.9249026373130385
-0.17661694023968297,-0.5415006053398115,-0.9445477766479945
-0.18901589300710847,-0.5508400866939906,-0.9472852141899502
-0.19384665395384626,-0.5910964749053865,-0.95565855269575
-0.18547333502520955,-0.6244287681076743,-0.9827108785634012
-0.1714641288393532,-0.6743467014984335,-1.0166873148146192
-0.16888772316987963,-0.6906102878983338,-1.043578619939502
-0.19030409591920658,-0.6695159334170259,-1.0480873419729875
-0.17404053452928786,-0.7104164387672813,-1.04953657406836
-0.16904874852362226,-0.7522831030964694,-1.0835130172525194
-0.17259130632618194,-0.7514779748856547,-1.0983273916870047
-0.1859564111113728,-0.7637159239043028,-1.1459910357145913
-0.14022521147715883,-0.7530882313092694,-1.189468014349642
-0.12911446324384324,-0.7353754110863424,-1.2200629286951195
-0.10254528422968656,-0.7276461807448149,-1.282057895455564
-0.10914732244808587,-0.6988225942102918,-1.321831295878177
-0.1097914237448842,-0.6410144031930975,-1.3825380742268032
-0.1097914237448842,-0.5972154463489263,-1.4094294093329787
-0.08885813225402482,-0.5540605975678622,-1.4501689810779526
-0.0659925384781735,-0.49770166187257464,-1.5189270839616764
-0.0709843228972164,-0.45986066766544814,-1.56176000777131
-0.062127931238822924,-0.4576063107026018,-1.5849477583228844
-0.08644275255361002,-0.41010379261754054,-1.6111950057078355
-0.08241711975958567,-0.40317969734029885,-1.6706136286744284
-0.07114534820233673,-0.37161870678126574,-1.6841398207645082
-0.0920786385492438,-0.3514905256267288,-1.6873603427724724
-0.07291662656394127,-0.3283028624816872,-1.690902917017548
-0.06373818424961762,-0.29980136213264524,-1.7321256019386235
-0.07565405677819105,-0.2906229133999427,-1.7506436066066493
-0.09046838539763447,-0.27113883887963214,-1.7557964428729438
-0.1276652352414768,-0.2376455564857244,-1.7638477497000438
-0.1648620893522906,-0.19046512128357843,-1.7659410895072516
-0.17645591488218387,-0.14296264225975666,-1.7586949133080798
-0.19094819737717345,-0.11977499400889133,-1.7562795212770324
-0.18965999446251827,-0.10753706921168872,-1.7786621547749033
-0.1696928499393921,-0.08789198037169893,-1.7963750312802884
-0.15085288405652275,-0.05021205920765799,-1.7846201222206761
-0.13491137531807804,-0.0181680271357891,-1.7776959979019344
-0.13909803410280516,0.0014770562854164017,-1.7628815928704245
-0.12444472859274115,0.01580830491459288,-1.7694836645958398
-0.13233496993895782,0.03996209330339531,-1.7897729590172198
-0.12444472859274115,0.08826966467307552,-1.8004006851640035
-0.14763237717751515,0.15139154705762975,-1.7962140051259605
-0.15584466978217987,0.19792782490291402,-1.7812385731166405
-0.16228568373525115,0.2315820839437489,-1.8057145483656372
-0.15681082186698692,0.2647532640645058,-1.8293853945750513
-0.12041909532680316,0.3077469730333496,-1.8411403052276398
-0.08708685380529398,0.3410791704272939,-1.7907391159255226
-0.11784269006283304,0.3454268480943717,-1.7649749326715065
-0.12782626057475321,0.3568596298281608,-1.6989542222614729
-0.13491137531807804,0.3623344829093051,-1.6929962563620655
-0.1738795091730675,0.3674872857243123,-1.6831736641682504
-0.15906517674272813,0.39550564958993895,-1.6860721339655138
-0.2022199730985502,0.38874259646596077,-1.6775377507464813
-0.22492455109724355,0.3911579725979517,-1.6596638545316154
-0.1970671612916249,0.4346347398793018,-1.6408238028133453
-0.2337809472010646,0.4008194769449735,-1.6266535082132427
-0.255680400422383,0.3525119523151711,-1.5889734096265624
-0.26051116236122507,0.3396299445252474,-1.6029826765467272
-0.3012505909036195,0.33415509105876534,-1.599118051129956
-0.2822495919752714,0.3217561578647639,-1.6231109346583887
-0.28208856656537395,0.2884239584749265,-1.6029826765467272
-0.27355421995504653,0.28745780771663976,-1.5870410969946591
-0.23184864257598684,0.2797286015462454,-1.5796338986773393
-0.22379737342863604,0.25525278078588187,-1.6173139961962042
-0.20527945514762358,0.27554194812668015,-1.6200514393461982
-0.2113984193322973,0.281016802587496,-1.595092399702345
-0.22234814500332065,0.2786014256309344,-1.5696502838174795
-0.24988348619063772,0.2834321795259855,-1.5504881851760581
-0.23603530261152528,0.32626486089952844,-1.5401825191408225
-0.24714605450606686,0.31048440000223804,-1.534385582137719
-0.25632450201007634,0.3130608018340981,-1.4976716501546918
-0.26035013696210585,0.2887460087270462,-1.446304357454706
-0.30608135352022386,0.2786014256309344,-1.385436541378003
-0.2983521333681359,0.2658804400281652,-1.3562908450767137
-0.29255521837474996,0.22787850536931858,-1.3128138443480597
-0.2777408805283177,0.18858836483475935,-1.2495306646824078
-0.2514937401335191,0.16636688979438008,-1.2279531965416453
-0.27226601671259004,0.11226242243911184,-1.1725602997511884
-0.26260449255704116,0.05912409747632841,-1.098649443312583
-0.255680400422383,0.03754671454561902,-1.0104073097442523
-0.26421474656300514,0.03094467918240089,-0.9751426681251403
-0.2413491404266923,-0.0010993480297928424,-0.911537502210345
-0.2060845820074367,-0.04344899689843702,-0.8091251597972419
-0.1973892120271607,-0.07500995554922847,-0.8034892613822819
-0.19513485688512228,-0.13684367936585118,-0.7361805392574436
-0.2157461044809863,-0.14988673198946278,-0.6804656745042471
-0.2368404295476265,-0.20157587161821008,-0.6477774779360866
-0.23732350571024566,-0.23168761719108288,-0.5672646924835792
-0.25004451158456653,-0.25777373058705777,-0.5303898433879349
-0.27838498215976487,-0.3165480061026041,-0.5049478102012693
-0.3067254552078648,-0.3395746429705652,-0.4748360393150443
-0.31831928580374874,-0.38772125260211315,-0.4746750138097711
-0.3006064892268328,-0.41429045494970607,-0.4748360393150443
-0.25616347661303324,-0.42604531486267205,-0.421858652379215
-0.24456964823578908,-0.48063295755793284,-0.4059171303392644
-0.22154301810316349,-0.5352206094073972,-0.33876951577982345
-0.20044869403069104,-0.5548657252913047,-0.29497059960942273
-0.1970671612916249,-0.5775703279115549,-0.2709778134752432
-0.176938990954921,-0.6104195430132277,-0.2115594447071361
-0.14344571828261365,-0.6273272285472026,-0.13909803410280516
-0.11365603155254703,-0.6514810665452537,-0.0853155753662431
-0.1001299044272805,-0.7073569519691787,-0.03507568185406234
-0.07790841108964122,-0.7714451550997761,0.012587799659923694
-0.07452687962834664,-0.8173374690902405,0.0800573780490539
-0.049084882146317,-0.8513138881625814,0.14221311084382388
-0.031050049698231958,-0.871442100179578,0.1633074112271343
0.004858586918018595,-0.8658062006898848,0.18891041518643067
-0.025414164764120797,-0.8675774833761755,0.21016573768704075
-0.027829544009589355,-0.8732133828964059,0.19857192558731906
-0.03974541521750065,-0.8901210820400326,0.1916478431626782
-0.07307765187002176,-0.9108933993276238,0.16717201572831578
-0.09368889170885264,-0.9366575156258048,0.15251872341679784
-0.09562119551094245,-0.9865754967270299,0.14881514393620174
-0.09223966386484471,-0.9938216559068137,0.13110237192059182
-0.12508882991992937,-1.0141109024634871,0.13061929630657307
-0.1395811101199056,-1.0372986143534346,0.10791474163367425
-0.13974213545909897,-1.0672494113076525,0.12095778387464504
-0.14425084498897434,-1.0545283735570548,0.13383980038639903
-0.11607141145572952,-1.0931745657207903,0.13947568244890876
-0.12396165259818964,-1.1017089337713624,0.14366233763174857
-0.10946937309632508,-1.088504817258892,0.14607771559718688
-0.09095146134227731,-1.0802925011597324,0.1594428066797473
-0.05198333745483126,-1.1002597014452227,0.17474019940927843
-0.009150611646942164,-1.129727426669534,0.19052066693997294
0.038834916552009435,-1.1163622832067326,0.1612140837697018
0.06411587988971414,-1.115396128278734,0.17457917422642227
0.0771589238966868,-1.1176504897818276,0.19486834663445599
0.10163475814486453,-1.1142689475330012,0.1842406850557827
0.08086250419788087,-1.120065877123775,0.16604483942024423
0.06830253604801527,-1.1041243209958365,0.15412897535164885
0.06620920797563595,-1.10509047589061,0.12466136367433613
0.07071791457623992,-1.0854453269233848,0.056225643136445534
0.045275926507055086,-1.1089550954981846,-0.021066482167667988
0.046725153729275305,-1.129083323357625,-0.023320836099284415
0.020800087996019095,-1.1332699949076532,-0.0703402216775352
0.0005109046696152089,-1.1047684242587024,-0.07307765187002176
-0.01993930520774395,-1.0669273597129354,-0.06808586741873286
-0.014625471020941253,-1.0237724488847604,-0.10769809453496851
-0.014142395190100687,-1.0036442274954902,-0.14151341419550306
-0.013015218254274916,-1.0139498766922144,-0.15101390940131257
-0.03894028877072598,-0.9538872695324224,-0.1468272504627599
-0.05600896987078381,-0.9471241884515541,-0.13684367936585118
-0.0774253351644389,-0.9395559788363336,-0.15181903612646072
-0.09143453728764012,-0.8947908276718819,-0.16840464710913125
-0.10496066405008952,-0.8741795371096298,-0.18450718285504072
-0.08547660067848409,-0.8724082543875671,-0.2115594447071361
-0.058585374643242344,-0.8575938901788552,-0.24762913068401998
-0.05955152643819594,-0.8711200487775496,-0.3104290399365806
-0.05568691927566696,-0.8350502937582662,-0.34939719485820514
-0.05584794457318537,-0.7759538733816211,-0.4057561048680992
-0.05568691927566696,-0.7667754112306345,-0.4774124474102493
-0.05375461571168819,-0.7175015661993283,-0.5191180562878418
-0.02847364514475627,-0.6495487594395711,-0.574993919024004
-0.03233825198265449,-0.627488254127932,-0.6289374843580745
-0.0009383227594916994,-0.6282933820327714,-0.6756349063322243
0.013231900713420335,-0.5952831395648713,-0.7022041321635286
0.001799106823376186,-0.5490688057269322,-0.726357975705688
-0.0329823531267869,-0.4820821871347856,-0.754698487740826
-0.017845976578292625,-0.4774124474102493,-0.7772420786164391
-0.012854192978048634,-0.4439191437634308,-0.7920564391820575
-0.0329823531267869,-0.37644947044378724,-0.7904461825662883
0.008240117515305609,-0.3597028233872711,-0.7914123365347971
0.03529236102209914,-0.3043100738857954,-0.8020400303770081
0.0299785276545377,-0.2648588481676264,-0.8237784961311516
0.026435972027701576,-0.263087568757992,-0.852602093694544
0.005341662719793211,-0.2608332131597031,-0.900748779092095
-0.01704085018595249,-0.28997881174422785,-0.9625826596989377
-0.023964937225485403,-0.2806393378798888,-1.011534490132628
-0.008667535824268269,-0.25873988297530526,-1.0550114509309656
-0.022676734974364315,-0.2506886131610802,-1.1089550954981846
-0.038296187614746985,-0.21848353590077965,-1.1514659141884744
-0.036846960018476746,-0.2080168864791376,-1.193493660811051
-0.0671197155983328,-0.18515128430150027,-1.2450219398790516
-0.05101718568244538,-0.18241385316287773,-1.282701999067765
-0.060356652936191246,-0.1949738315184331,-1.361765727057728
-0.07645918331619449,-0.20238099846883498,-1.4540336047465943
-0.04924590744055418,-0.17226925561525983,-1.5081383408729938
-0.030889024413039357,-0.1793543713293958,-1.5644974504597964
-0.04731360391499011,-0.19803331349919104,-1.618441178666978
-0.04602540157101679,-0.19159229883641887,-1.6052370413941055
-0.056492045764059286,-0.2060845820074367,-1.6382473855680242
-0.10850322115256723,-0.17967642204735107,-1.6253652996434362
-0.08016276541677289,-0.1862784618358812,-1.6549940980224747
-0.07114534820233673,-0.17243028097068094,-1.669003367748273
-0.0374910611715742,-0.14940365595701205,-1.6717408113274153
-0.03813516232595235,-0.1371657300415994,-1.709581945484309
-0.04554232569334738,-0.18257487852333387,-1.7363122811639804
-0.02042238104723105,-0.15616672047679578,-1.7607882530826156
-0.029761847418932525,-0.11752063940627627,-1.7578897826291002
-0.027346468159054706,-0.1200970446676873,-1.7710939260123086
-0.00351472709391886,-0.11687653809412242,-1.8248766618329717
-0.0001331964091871075,-0.11107962634231985,-1.8693198872618901
0.01709650700749061,-0.11333398090014893,-1.9086102799366123
0.01902881013722633,-0.10045195506656146,-1.9348575530539962
-0.009472662195791768,-0.09562119551094245,-1.9855808168198301
-0.00126037330017406,-0.08370532224823331,-2.0100568071956415
0.0003498794000347434,-0.0671197155983328,-2.04854208519597
0.010011395433123375,-0.07662020862403521,-2.1269618914447226
0.004053460580125977,-0.061644855337144935,-2.15916715605917
0.0014770562854164017,-0.04022849108652594,-2.1681846307117514
-0.015913673240038853,-0.0924006891805256,-2.1696338677323572
0.005019612185356881,-0.1073760438884889,-2.1701169467406336
-0.0205834063272202,-0.11848679137690624,-2.1696338677323572
-0.007057283087226383,-0.1339452232985092,-2.169955920404463
-0.0329823531267869,-0.14650519977741744,-2.1702779730768818
-0.03894028877072598,-0.1819307770819889,-2.1696338677323572
-0.03813516232595235,-0.18982101982657046,-2.1702779730768818
-0.05745819755277093,-0.16937079923134732,-2.170761052086096
-0.054881792789275324,-0.17758309238635603,-2.170600025749613
-0.05681409635997639,-0.16872669781621688,-2.1696338677323572
-0.048118730382574554,-0.1629297851375926,-2.1649641040219674
-0.0479577050888976,-0.1742015598855881,-2.1420983654238843
-0.03169415083980284,-0.19384665395384626,-2.05820366196533
-0.01752392602111639,-0.19513485688512228,-2.044194375741707
0.004536536383101786,-0.21107636858285939,-1.980266950727369
0.018384709095262554,-0.22218711962312945,-1.939044234848159
0.029173401379115577,-0.19094819737717345,-1.9234246915014142
0.030622628673433572,-0.1964230598215122,-1.8828460874917095
0.03931799230308405,-0.1785492445359062,-1.9070000178499913
0.048174380945006125,-0.16373491189231795,-1.9260011109717279
0.04430977502196975,-0.15664979651931923,-1.9260011109717279
0.02546982048638156,-0.15745492325845709,-1.9330862646185718
0.02836827510169093,-0.18096462492236895,-1.895728183463208
0.02498674471464023,-0.1886938422798831,-1.8728624634590605
0.011943698605145667,-0.20318612532145736,-1.854666504304213
0.02498674471464023,-0.21075431783374104,-1.8416233837565552
0.024503668942178026,-0.20447432828980786,-1.7921883512932764
0.0027652584353336836,-0.186922563285857,-1.7442025613868928
0.005180637452615085,-0.20077074476958268,-1.6952506218248629
0.045275926507055086,-0.20366920143398953,-1.6215006739642224
0.07957430235879596,-0.2199327643088404,-1.5553189662410776
0.07007381363714302,-0.20093177013914837,-1.5091044969560752
0.0919732448470727,-0.2035081760630656,-1.4619238782110173
0.10147373292559943,-0.19996561792295284,-1.4079801756484362
0.09165119439884314,-0.21381379996326783,-1.325051814341773
0.08585428627588597,-0.20866098797226118,-1.275455833503345
0.06153947607306604,-0.21928866279334788,-1.2810917400396313
0.04688617897578809,-0.2225091703835917,-1.263539917145093
0.023054441620466194,-0.2526209178982875,-1.2343942316590306
0.019672911177908637,-0.2867583034848114,-1.2013839280187004
0.03368210849568646,-0.2809613886983267,-1.1891459626348633
0.04463182551731865,-0.29561470127503525,-1.1319817882711811
0.038834916552009435,-0.28997881174422785,-1.084801223698497
0.05026770913404934,-0.30865776027844927,-1.0228062942298048
0.07893020143733001,-0.3331336255004784,-0.9783631831838613
0.07103996504530756,-0.34424438071619795,-0.9055795505935764
0.0575138450684874,-0.3529397546282193,-0.8875446706854908
0.05880204699540121,-0.3408628464799005,-0.862907738133021
0.08150660511549981,-0.34488848247948156,-0.7978533630645562
0.09793117808148585,-0.3469818132189682,-0.7603343853138146
0.10292295989609947,-0.3163869806757061,-0.7162133612002423
0.10501628773091362,-0.3155818535424131,-0.682559007401006
0.09390554752971687,-0.3308792694161064,-0.6476164523453378
0.08311685740393694,-0.3218618452350046,-0.6033344179073433
0.067014334158923,-0.29996238755132315,-0.551484188866218
0.02708007305364628,-0.2994793112955289,-0.517185749966999
0.02337649213696283,-0.2891736846763803,-0.4712934782174361
0.02546982048638156,-0.28498702395574255,-0.43103710481721225
0.021122138514758387,-0.2993182858770905,-0.404467901101648
0.06379382941375494,-0.31831928580374874,-0.3588976961466725
0.09116811872589764,-0.30463212472770046,-0.3295910659463436
0.10018553116859269,-0.29529265044206937,-0.3118782687549614
0.09809220330251454,-0.26904550862880366,-0.31107314163284067
0.09165119439884314,-0.22943326181081403,-0.2906229133999427
0.09181221962299799,-0.21639020598944889,-0.27870703297596744
0.08021840327897957,-0.18064257420313498,-0.25004451158456653
0.04286054778893405,-0.19094819737717345,-0.21316969845991812
0.0654040817903456,-0.1962620344541838,-0.1936856285877963
0.04688617897578809,-0.18209180244220524,-0.17548976273886754
0.029334426634360204,-0.19255845102768424,-0.1685656724626341
0.035131335769818355,-0.2017368969881753,-0.15987030348786127
-0.020744431607289403,-0.20205894772834532,-0.16083645558465898
-0.01623572379561387,-0.20994919096234324,-0.11204577829375571
-0.01961725464848618,-0.18965999446251827,-0.10802014518176804
-0.030405948557941848,-0.21413585071542202,-0.1265380579107809
-0.004158828180728572,-0.2102712417106627,-0.1260549819131107
0.015003178603928885,-0.19127024810663634,-0.1353944513289419
-0.013981369913313956,-0.20125382087851945,-0.1481154532073277
-0.01494752157523528,-0.210110216336463,-0.17371848381692706
-0.0275074934424862,-0.16647234287333143,-0.18064257420313498
-0.020100330487492928,-0.1624467090857166,-0.19674511055640875
-0.025253139481729983,-0.16711644428398584,-0.1928805017587453
0.006468839587797831,-0.1400641861377256,-0.18933794373465354
0.03142775494525111,-0.16131953163413695,-0.16099748093440505
0.05268308779688952,-0.1941687046861858,-0.19159229883641887
0.0563866683782312,-0.18982101982657046,-0.2162291806122134
0.06975176316711373,-0.19127024810663634,-0.2564855274071993
0.11628805276240438,-0.20044869403069104,-0.29545367585851245
0.13061929630657307,-0.2128476477087226,-0.3614741033236072
0.12256803596667913,-0.2159071298579821,-0.39512842394747
0.14414541322627986,-0.2118814954570534,-0.4340965890207559
0.15879870591735742,-0.24183221659602028,-0.4444022202338356
0.13061929630657307,-0.2487563084353723,-0.44858888300738636
0.09696502675363039,-0.2102712417106627,-0.474030911789475
0.07699789866523839,-0.2113984193322973,-0.48433654426715894
0.08150660511549981,-0.23474709951791656,-0.4954473046476498
0.03561441152642041,-0.2719439659027743,-0.5286185625320846
0.015969330176485406,-0.30221674342119403,-0.5832062224240898
0.006629864854335309,-0.34569360968538093,-0.6067159548704867
0.020639062736529313,-0.378703826844193,-0.6435908126024593
0.0011550057471363098,-0.3977048314114892,-0.685135417138533
-0.018812128251742766,-0.4208924995060691,-0.6658123446030635
-0.0064131819946515655,-0.4361899203344943,-0.6559897831697037
-0.019778279928075036,-0.4727427077527065,-0.6656513190034103
-0.03282132784063372,-0.47709039639723344,-0.6672615750035189
-0.02042238104723105,-0.49303192192398154,-0.7218492581087833
-0.022676734974364315,-0.5187960052335718,-0.7590461801456976
-0.023642886662224798,-0.5766041745763361,-0.8033282357147118
-0.05874639994220121,-0.6226574867406478,-0.8583990186512063
-0.043610022189872984,-0.6328020983366142,-0.8835190279846618
-0.0407115669562716,-0.6503538873988808,-0.8984944190824915
-0.0432879716070811,-0.6545405528193328,-0.9310216150121788
-0.024448013070976715,-0.6439128637800607,-0.9836770331000307
-0.029922872703564782,-0.666456447002471,-1.01813654677104
-0.015430597407276784,-0.7018820809283772,-1.0622576116251126
-0.02460903835296726,-0.7385959237826618,-1.1145909991742435
-0.054881792789275324,-0.790607208227508,-1.1798064630438134
-0.050856160387327834,-0.83005849761829,-1.2092741954160966
-0.054398716898400666,-0.8707979973758382,-1.201222902155423
-0.05246641334210461,-0.9128257079795927,-1.2390639821981744
-0.03314337841302011,-0.9773970286629176,-1.2496916905693871
0.007918066983752206,-1.0424514394408282,-1.2678876163067818
0.018706759616404625,-1.0722412110662511,-1.2479204058169573
-0.015108546852502387,-1.119582799653962,-1.245505017533592
-0.028634670428748125,-1.1440587256868102,-1.2530732342142017
-0.055042818086393594,-1.1888239109204009,-1.2828630249710125
-0.0685689433300131,-1.2165203595196108,-1.278032247907931
-0.052949489230098234,-1.243733732803753,-1.3066948595221637
-0.03620285886665998,-1.2704640306519854,-1.3095933260044326
-0.050051033912940614,-1.2838291803921562,-1.3242466847229146
-0.057619222851169626,-1.3099153778373747,-1.3727154912933353
-0.06534843726841431,-1.3451800554544195,-1.4007340073215266
-0.09562119551094245,-1.3694949723626457,-1.4403463961244771
-0.11735961407811786,-1.4008950332826122,-1.5008921703402633
-0.10592681598328973,-1.433744330992689,-1.469814151864641
-0.10302836019232742,-1.487365985772602,-1.4443720456601066
-0.0719504747291386,-1.531165061624532,-1.4508130850195737
-0.07243355064617987,-1.5580564088760371,-1.4789926336997494
-0.07549303147083039,-1.5643364244186675,-1.4867218817594352
-0.06776381681161277,-1.5717436223920607,-1.485755725742048
-0.040872592246346894,-1.581083133117625,-1.4789926336997494
-0.03733003588317977,-1.6097457711351235,-1.485111621732032
-0.019295204089548636,-1.635670968342837,-1.5200542660958165
-0.01897315353093133,-1.64919715899968,-1.5045957685926206
-0.06148383003674565,-1.690902917017548,-1.5058839766901637
-0.03910131405992082,-1.718438381764833,-1.5153845115652145
-0.04232181986062637,-1.76320364514665,-1.531165061624532
-0.055364868680870226,-1.784781148369351,-1.5532256277708703
-0.06438228545617607,-1.8187576674957133,-1.541953805467679
-0.05053410979733285,-1.8454880120133024,-1.5659466848334982
-0.04038951637636112,-1.8738286206103327,-1.6081355105062507
-0.04457617394016952,-1.9087713061457057,-1.6338996815122002
-0.04602540157101679,-1.922458534205221,-1.6633674545686434
-0.09368889170885264,-1.9342134481672901,-1.6448494547994648
-0.07436585432154606,-1.912796961398523,-1.6622402719442753
-0.07774738578116044,-1.9530535166216052,-1.6604689849709093
-0.07662020862403521,-1.9879962105264262,-1.6206955436200892
-0.060356652936191246,-1.969156140082484,-1.5736759349342488
-0.06341613364681851,-1.9623930381334658,-1.5339025040587333
-0.05359359041521014,-1.9235857177177207,-1.4913916358834534
-0.056492045764059286,-1.884939428052922,-1.4512961629766172
-0.060034602336753055,-1.8583701065288687,-1.4303627854886976
-0.03700798530663104,-1.8013668421033961,-1.4207012270974226
-0.0072183083605702626,-1.752092841798415,-1.422955590696669
-0.013015218254274916,-1.7160229900283888,-1.3960642544843502
-0.010921889669578296,-1.6804362204942207,-1.374808828615203
-0.0275074934424862,-1.6572484632255278,-1.3426036405231918
-0.03459260599272117,-1.634865837964095,-1.2997707452513805
-0.013015218254274916,-1.535190712270937,-1.2696589011669375
-0.009472662195791768,-1.4643392680848901,-1.2661163314561812
-0.033787479558753455,-1.4091073574025283,-1.2669214609325423
-0.07243355064617987,-1.3393831218875631,-1.2519460529953932
-0.07887456294220607,-1.2838291803921562,-1.2211901098044373
-0.08402737287119524,-1.2028331607917528,-1.1881798074924241
-0.100290929746881,-1.1202269029472045,-1.1864085230720094
-0.1432846929415814,-1.0514688835388308,-1.181416721575024
-0.13346214728980418,-0.9498616260150656,-1.1685346535466785
-0.1527851881992766,-0.8685436375727429,-1.1752977391984771
-0.1577769739546718,-0.7500287441111918,-1.156779766912304
-0.1344282993079338,-0.6518031177306473,-1.1266679359492366
-0.11591038612829085,-0.5625949515375905,-1.0648340243549905
-0.09417196765829519,-0.4898114116536332,-1.0034832017293653
-0.0719504747291386,-0.34279515175347686,-0.9390729016327956
-0.032177226696821506,-0.22444147495307532,-0.9166903253177789
-0.03330440369933338,-0.08612070192824803,-0.9327928980517131
-0.03282132784063372,0.04286054778893405,-0.9081559620902108
-0.05874639994220121,0.15928178148927016,-0.8786882568090939
-0.07323867717618225,0.3207900072062608,-0.8268379840200646
-0.07130637350753707,0.45154237001603115,-0.7759538733816211
-0.06293305774322003,0.5454199573943587,-0.7566307954691771
-0.07420482901482549,0.6608748600740387,-0.716535412449537
-0.07839148701556362,0.7933983583409656,-0.7146031049585353
-0.0774253351644389,0.8972593849701563,-0.70317028587089
-0.0709843228972164,0.999349105493954,-0.7181456687007781
-0.10335041083448793,1.0412155429908494,-0.7018820809283772
-0.1238006272668324,1.0995064968494916,-0.6902882366746258
-0.11784269006283304,1.1482969832138699,-0.6661343958026082
-0.1078591198583283,1.2072320162227206,-0.6501928618068599
-0.07114534820233673,1.2742182700528217,-0.6506759385831612
-0.08241711975958567,1.317372868445081,-0.6413364543681546
-0.09127351197243919,1.3822657796714528,-0.6224964611623045
-0.09739247400631044,1.448446874050281,-0.5740277656964242
-0.11462218351166069,1.4819399774053967,-0.555026750836232
-0.08451044880623818,1.5085090232361613,-0.5105837034572996
-0.08724787911841497,1.5230012291190231,-0.5018883253317054
-0.09610427146326474,1.5204248370102578,-0.4954473046476498
-0.11140167699247856,1.5581045695244344,-0.49319294743833525
-0.05955152643819594,1.6051237166641787,-0.47950577900261915
-0.02847364514475627,1.6439306102694173,-0.46823399366416746
0.012909850186832187,1.6791949617636501,-0.4717765547284759
-0.0019044743824996738,1.7308837986671994,-0.4917437178120192
0.026435972027701576,1.7513338969283154,-0.4783786004512088
0.0420554215455547,1.784343895281407,-0.4788616769727638
0.0563866683782312,1.7978699423962923,-0.5067190909283673
0.07828610051458178,1.8147775004797864,-0.5065580654073238
0.05847999651415352,1.7969037961929042,-0.5183129286527639
0.031588780199374306,1.806082185006422,-0.5559929041074669
0.038351840800213845,1.8051160388280174,-0.5695190502055969
0.02627494677101515,1.7680804331068287,-0.5917405771571913
0.007273965919684413,1.726214091005697,-0.6340903030063064
0.009850370168267633,1.7030265760842036,-0.6374718402884633
0.05397128974303313,1.6814493037353286,-0.6337682518384062
0.07490457064911593,1.6176836246561048,-0.6561508087645868
0.06894663699063816,1.5782326299378524,-0.6395651729092772
0.044792850764872924,1.537815483339994,-0.6410144031930975
0.05397128974303313,1.5181704938979939,-0.6355395332657938
0.04253849729182265,1.465676499773514,-0.6427856846598471
0.009206269108043825,1.4027159003253415,-0.6619477302333292
0.009850370168267633,1.3574679938128185,-0.6794995208641198
-0.016396749073521472,1.293702249899879,-0.6951190050636235
-0.0386182381925764,1.186620858373049,-0.6947969538354651
-0.014786496298048235,1.1139987212989682,-0.7302225908383212
-0.008828561098412832,1.0257571667062886,-0.7519610518119052
-0.02670236702612923,0.9507196212245694,-0.7672584881795178
-0.01494752157523528,0.9012850054803929,-0.7976923373997643
0.007757041717855381,0.8241541077145284,-0.8305415746607613
-0.005124979813345295,0.7753635719974645,-0.8511528624714431
-0.006574207267675165,0.6919526719856401,-0.8393979872326328
-0.05939050113883694,0.6183642731123055,-0.8439067064523299
-0.0630940830443395,0.4858407027108311,-0.8724082543875671
-0.05697512165805499,0.3713518877815419,-0.8650010721992891
-0.05633102046622077,0.3122556762638514,-0.888510824941065
-0.0407115669562716,0.2449471714896273,-0.9184616082797086
-0.0740438037081849,0.1679771416602459,-0.9408441847159223
-0.11558833547365346,0.09664297631037062,-0.9836770331000307
-0.13152984326218062,0.034004159001609836,-1.0223232169033962
-0.14972570664523258,-0.03169415083980284,-1.0756227528814157
-0.16470106400062615,-0.09223966386484471,-1.091886359241896
-0.16872669781621688,-0.1468272504627599,-1.0920473850514807
-0.20656765812428335,-0.19094819737717345,-1.1593561803851555
-0.2329758202725511,-0.3039880230442096,-1.1839931352414022
-0.22733993182886825,-0.39738278047737063,-1.2050875228958906
-0.200126643292119,-0.5213724136766498,-1.2409962927855287
-0.14586109840769185,-0.628615433195264,-1.254683493104927
-0.14360674362372589,-0.7232984887581387,-1.2400301374904297
-0.13040266591805091,-0.8163713150450558,-1.2550055448840198
-0.13120779259202947,-0.8638738923157868,-1.2583870885835688
-0.10383348679832857,-0.9290893062527164,-1.2657942796661896
-0.11735961407811786,-1.0287642479807744,-1.2936517606684597
-0.1297585645803074,-1.0521129866981873,-1.2703030047548178
-0.15681082186698692,-1.136490511520979,-1.2802866105285255
-0.14521699703924543,-1.2137829197283658,-1.3121697406768085
-0.1474713518344042,-1.2802866105285255,-1.3509769891235337
-0.14280161691896426,-1.340027225612164,-1.3946150208587114
-0.16357388654121302,-1.438253058385418,-1.413938136392397
-0.1843461574936256,-1.4812469976984073,-1.4266591880718325
-0.16196363303456,-1.5411486753179269,-1.415226344135013
-0.1859564111113728,-1.594126243367036,-1.3893011642860185
-0.18772769010012472,-1.6514515241631011,-1.4079801756484362
-0.1930415271243957,-1.7124804155135858,-1.4100735131948252
-0.1811256502821058,-1.754830286066887,-1.4205402011266393
-0.12283447528036831,-1.799595554383335,-1.4250489283383763
-0.11784269006283304,-1.86674346823325,-1.4469484613887613
-0.10479963872816944,-1.9295436877761785,-1.4533895007986684
-0.10640989195096962,-1.9788177145351415,-1.4437279417310953
-0.0920786385492438,-2.007319360813725,-1.4624069561843736
-0.07388277840162435,-2.035337930733652,-1.5187660579428284
-0.06872996863393321,-2.060458029918731,-1.536961998570945
-0.08547660067848409,-2.116656207428858,-1.534063530084983
-0.09368889170885264,-2.1726933681299894,-1.546301508310352
-0.10463861340632932,-2.1926606345760664,-1.5741590130715666
-0.08418839818279622,-2.1942708980515104,-1.5929990609794222
-0.06985714576361444,-2.1957201351860927,-1.621661700033285
-0.08016276541677289,-2.1952370561405288,-1.6512904980794885
-0.09626529678086547,-2.195076029792163,-1.6556382023646314
-0.11059655036768164,-2.195076029792163,-1.6772156985538604
-0.14312366760062903,-2.1945929507475372,-1.6702915764885684
-0.13120779259202947,-2.1949150034438762,-1.6928352302581695
-0.12347857660435782,-2.195076029792163,-1.690097786503963
-0.12235139928821584,-2.195076029792163,-1.679470063908811
-0.15455646700691372,-2.1947539770956674,-1.661918219766592
-0.1473103264913732,-2.1947539770956674,-1.6039488329080012
-0.1200970446676873,-2.1947539770956674,-1.5699723359050108
-0.10850322115256723,-2.1947539770956674,-1.5091044969560752
-0.08676480317929199,-2.1947539770956674,-1.4709413338306028
-0.0638992095511372,-2.1949150034438762,-1.4405074221049563
-0.05906845054035903,-2.195076029792163,-1.402505292897804
-0.040550541666276335,-2.1947539770956674,-1.346790314796694
-0.03459260599272117,-2.1945929507475372,-1.312491792512276
-0.04892385685215984,-2.1947539770956674,-1.2909143202340605
-0.08080686665597644,-2.1945929507475372,-1.2897871388853515
-0.07871353763324523,-2.1949150034438762,-1.2752948076037298
-0.09562119551094245,-2.1958811615347704,-1.2764219889026962
-0.14972570664523258,-2.1962032142323604,-1.2939738124857711
-0.16341286119018802,-2.1203598125851757,-1.2585481144748922
-0.1593872274405416,-2.0055480719904297,-1.2334280763833645
-0.12251242461885335,-1.924229822583731,-1.1875357040657122
-0.12460575392441826,-1.8609465254922382,-1.1769079977075543
-0.1371657300415994,-1.8155371442058374,-1.1767469718562908
-0.16164158233418863,-1.7844590960720799,-1.1546864309805165
-0.20946611484046326,-1.701530639981027,-1.119904851300425
-0.21928866279334788,-1.6282637689325796,-1.0989714949384783
-0.21977173892984744,-1.5474286905381915,-1.0722412110662511
-0.21494097759720557,-1.4140991623599481,-1.0514688835388308
-0.2250855764787927,-1.3368067070017855,-1.0237724488847604
-0.23023838873054142,-1.2168424112612586,-1.0025170471342792
-0.19513485688512228,-1.1276340909104563,-0.9588790675627284
-0.1930415271243957,-1.0461550325224656,-0.9334370009775579
-0.20978816558830335,-0.9687016381027698,-0.9223262256844864
-0.21429687609161896,-0.9191057111773339,-0.9073508334953322
-0.2157461044809863,-0.8522800423110773,-0.8753067170286665
-0.20447432828980786,-0.7972092604058648,-0.8585600443459146
-0.19545690761874032,-0.7733774629272301,-0.8820697966244969
-0.22105994196402778,-0.7115436181211815,-0.8326349085197234
-0.24746810529128907,-0.6587272182935299,-0.7696738729346544
-0.2188055866575673,-0.5777313534677032,-0.7595292570831459
-0.1827359038838699,-0.47934475349503586,-0.7464861800229212
-0.1970671612916249,-0.4084935378887491,-0.7183066943263392
-0.2060845820074367,-0.375644343161716,-0.7207220787192892
-0.22621275415187347,-0.31670903152958185,-0.708001054450606
-0.24859528304208242,-0.2906229133999427,-0.6535743992559966
-0.20898303871930235,-0.23748453109794512,-0.6181487705770965
-0.21381379996326783,-0.20479637903269446,-0.6337682518384062
-0.21413585071542202,-0.15809902465120623,-0.644717991725456
-0.18466820821653573,-0.12363960193555512,-0.6155723613687781
-0.20576253126327176,-0.08901915756802581,-0.6247508192663495
-0.20785586110605644,-0.05890742524124012,-0.609775440724511
-0.21059329245930167,-0.0006162722191296376,-0.5786975068062641
-0.22556865262391945,0.019833936437878983,-0.5519672654962241
-0.22685685568110553,0.04849643143650946,-0.5403734265737957
-0.22315327190547482,0.0753876463463463,-0.5147703670820695
-0.22895018565993608,0.06749740986793361,-0.49625243222618814
-0.20109279550879397,0.06765843510411021,-0.49287089640970744
-0.18772769010012472,0.05107283535699907,-0.49705755980671756
-0.17710001631265987,0.09422759797570206,-0.5271693327480996
-0.16824362175570834,0.11113524593961041,-0.507041141970693
-0.17049797671090278,0.09503272408926221,-0.4738698862846001
-0.16695541893120236,0.08472710968435923,-0.4722596312402327
-0.15262416285360747,0.07168406598248117,-0.42024839759223265
-0.165023114704035,0.025791871000475287,-0.4168668625655152
-0.1360385526778798,0.0369026135405012,-0.44987708694854683
-0.11784269006283304,0.041250295300172546,-0.463242203138998
-0.07452687962834664,-0.01494752157523528,-0.4540637497925382
-0.04216079456983072,-0.012854192978048634,-0.4400545320260112
-0.045703350985823815,-0.03282132784063372,-0.42829967160685084
-0.03491465656686857,-0.04038951637636112,-0.435545818390371
-0.03249927726856752,-0.07082329759217608,-0.4339355635356415
-0.04232181986062637,-0.06631458908353322,-0.4038237992203356
-0.07581508208563172,-0.08354429693687235,-0.422180703337568
-0.08595967661568704,-0.063255108345539,-0.43345248708077677
-0.06631458908353322,-0.05182231215923354,-0.43103710481721225
-0.07162842411817781,-0.060356652936191246,-0.4732257842658972
-0.12396165259818964,-0.07790841108964122,-0.45969964216758413
-0.14038623681667203,-0.10270630955048687,-0.4683950191662541
-0.138775983425138,-0.12347857660435782,-0.5057529378033012
-0.15826004999959337,-0.13169086859737614,-0.48755705448334563
-0.18032052348422067,-0.15085288405652275,-0.4910996157579494
-0.17999847276562603,-0.14183546487588866,-0.5006001211847003
-0.20624560737963904,-0.13555547666605644,-0.4804719320497919
-0.2038302268049934,-0.1484375038942691,-0.5062360143654758
-0.1677605456959191,-0.1413523888554302,-0.48755705448334563
-0.1709810527747683,-0.18901589300710847,-0.5167026733885799
-0.14376776896491808,-0.21961071355093437,-0.5237877966105473
-0.16357388654121302,-0.22556865262391945,-0.5120329331674746
-0.16598926681617993,-0.22234814500332065,-0.5175078010196765
-0.1685656724626341,-0.25664655280440213,-0.5592134150322772
-0.17742206702837737,-0.263087568757992,-0.5757990467991754
-0.16309081048837779,-0.28321574443633274,-0.5825621201891527
-0.15890415139394132,-0.29158906588590955,-0.5930287816646196
-0.17049797671090278,-0.29561470127503525,-0.5735446890337086
-0.1597092781386748,-0.34569360968538093,-0.6210472309607928
-0.13217394460344245,-0.36952537588313006,-0.6315138936720114
-0.11220680361927493,-0.43425761450594985,-0.6282933820327714
-0.09707042337006908,-0.4616319481472113,-0.6487436314822492
-0.10190118294728524,-0.4716155292247163,-0.6910933647344917
-0.10930834777216547,-0.46984424868861857,-0.7400451545063715
-0.0432879716070811,-0.48594679937126967,-0.7535713082379025
0.012909850186832187,-0.48369244222774493,-0.7870646436990135
0.028207249845965694,-0.4539027242975425,-0.8199138798913678
0.018223683834571378,-0.4340965890207559,-0.8137949042718644
0.05799692079168103,-0.4458514496493533,-0.8257108042681848
0.03674158828902148,-0.4614709226484708,-0.8416523468347058
0.005019612185356881,-0.4595386166697997,-0.8574328644846229
-0.009150611646942164,-0.45293657132924176,-0.8583990186512063
-0.04538130040095098,-0.4561570812347328,-0.8307026003417438
-0.04135566811705303,-0.46436938163798913,-0.8432626037028504
-0.03314337841302011,-0.46887809567299193,-0.899299547655566
-0.06067870353594954,-0.5047867846811018,-0.9157241709789514
-0.08145096789646007,-0.5038206315617695,-0.9154021195333097
-0.05150026156827819,-0.5255590774401243,-0.9569467586387378
-0.033787479558753455,-0.5598575172210596,-0.9917283210161778
-0.016879824907724644,-0.5472975247695049,-1.0034832017293653
-0.00126037330017406,-0.563400079282124,-1.0714360820677844
0.025147769971967437,-0.5579252106585328,-1.1234474194324013
0.04286054778893405,-0.5542216231123915,-1.140355131498726
0.06347177893747524,-0.5711293057308733,-1.1831880059684852
0.07377739401944011,-0.5737057145878676,-1.2104013764883559
0.08054045373859052,-0.5898082704055959,-1.244538862225222
0.08682043763692587,-0.595766216259811,-1.2793204551178043
0.04946258290909663,-0.6113856964486891,-1.2822189213584958
0.04962360815424741,-0.6060718525890881,-1.2772271184043265
0.05896307223590487,-0.5944780117415628,-1.2765830148028643
0.06878561175510264,-0.5985036508779941,-1.279964558724636
0.07635379773864326,-0.6005969832485883,-1.283668154488435
0.08730351331636378,-0.5801467368194764,-1.2783542997099258
0.10485526251333199,-0.5500349589804974,-1.2356824386976757
0.11983060740545042,-0.5559929041074669,-1.2137829197283658
0.11306754850777909,-0.5487467546430471,-1.1459910357145913
0.12337316200968931,-0.5524503421269468,-1.0973612368121681
0.11097422072507523,-0.6083262105795515,-1.0839960946691676
0.08537121059428399,-0.6336072262545753,-1.0902761011503994
0.04398772452630039,-0.6109026197306004,-1.0649950501512806
0.029817502399613477,-0.5708072546251813,-1.0719191594666269
0.004214485847864659,-0.5609846960544926,-1.0970391851878556
-0.034109530132100406,-0.5687139224459429,-1.1413212865002802
-0.04876283155808272,-0.5956051906947516,-1.1514659141884744
-0.06937406985041382,-0.585943656936776,-1.163542852321708
-0.06116177943618714,-0.6175046682731079,-1.1670854209251507
-0.07227252534041945,-0.6104195430132277,-1.1876967299222716
-0.0709843228972164,-0.592384679410269,-1.2160372819077319
-0.061805880637624246,-0.5997918554121533,-1.2430896292679994
-0.04699155332851657,-0.5899692959677912,-1.261285554639475
-0.07307765187002176,-0.5762821234652331,-1.2366485939799776
-0.06889099393793335,-0.5878759636654574,-1.247276302272989
-0.028956720996971986,-0.5585693128447683,-1.2646670984037063
-0.034109530132100406,-0.5683918713426384,-1.253878363658577
-0.03491465656686857,-0.5519672654962241,-1.252590156548524
-0.008989586372637465,-0.5559929041074669,-1.2292414035550099
-0.0020654996532812626,-0.5714513568368835,-1.2115285575644874
-0.02171058328938584,-0.5732226379256294,-1.2179695923595146
-0.02348186138071458,-0.5658154625276618,-1.1981634107681693
-0.01623572379561387,-0.5775703279115549,-1.1843151869511224
-0.00029422167908787567,-0.5624339259889226,-1.1527541209014958
0.03416518425445137,-0.5877149381042963,-1.135846408195783
0.004375511115523263,-0.5962492929554668,-1.121837161185848
0.013070875450166304,-0.5445600905815163,-1.1190997221848604
0.010172420697899033,-0.5344154817325112,-1.1273120392564
0.0162913807000302,-0.5315170221194007,-1.0954289270710398
0.08778658899508034,-0.5057529378033012,-1.069181720882604
0.10469423729567019,-0.49657448325816095,-1.094784823826529
0.09487169886671049,-0.4255622384195233,-1.1139468958920753
0.0919732448470727,-0.37194075768986745,-1.149372578290608
0.023054441620466194,-0.3569653907773716,-1.1757808167503703
0.023054441620466194,-0.3038269976235364,-1.1786792820766692
0.02047803747695943,-0.25745167979161404,-1.1971972555991743
-0.0073793336339942105,-0.23635735338572617,-1.2034772642484974
0.0214441890331773,-0.22621275415187347,-1.2110454799599568
0.021122138514758387,-0.22830608412655043,-1.215715230166874
0.030622628673433572,-0.24891733382874207,-1.2020280314726002
0.02691904779728025,-0.24505272440990883,-1.1608054129725291
-0.00979471274496164,-0.26807935620989526,-1.1461520615507539
-0.013981369913313956,-0.253265019479912,-1.1614495163467509
-0.031211074983504603,-0.23474709951791656,-1.1223202386589837
-0.06872996863393321,-0.23700145493508631,-1.0682155660937036
-0.07871353763324523,-0.22750095721161562,-1.0519519609082295
-0.09739247400631044,-0.2329758202725511,-1.0411632331613796
-0.11896986736330087,-0.2218650688629867,-0.9904401149362864
-0.09787554996127244,-0.1785492445359062,-0.9617775309701091
-0.09336684107629092,-0.1714641288393532,-0.9144359651982874
-0.11703756342204093,-0.16228568373525115,-0.8774000511743307
-0.06277203244218056,-0.13072471658740245,-0.8704759459744442
-0.031050049698231958,-0.13217394460344245,-0.8809426166821431
-0.01897315353093133,-0.09562119551094245,-0.8817477452119993
-0.009311636921326933,-0.054720767492237074,-0.9031641648339158
-0.008828561098412832,-0.0017434491117981593,-0.9192667369019384
-0.03249927726856752,0.009528319638315897,-0.9350472582977184
-0.02589724061177356,0.03786876504769727,-0.886256465015833
-0.027829544009589355,0.06749740986793361,-0.8830359508638932
-0.009311636921326933,0.10340603555148983,-0.8894769791994939
0.0016380815544363321,0.12079675866500063,-0.8860954393074825
0.02015598695757939,0.10920294335989691,-0.9419713648647235
0.019350860657727672,0.10292295989609947,-0.9318267436653236
0.0265969972843079,0.13110237192059182,-0.8936636476856744
0.05880204699540121,0.15010334549948237,-0.9223262256844864
0.04108927005085578,0.1618581845272788,-0.8968841619422897
0.034970310517457456,0.14913719432750314,-0.8712810744785242
0.06250562750671299,0.15525615170127202,-0.879332359628379
0.08182865557382843,0.1467218163849227,-0.8852903107669202
0.067014334158923,0.1370603044341481,-0.8930195448381576
0.05847999651415352,0.12127983429369331,-0.8804595395651812
0.0684635612837912,0.11371164936126976,-0.8625856867394005
0.08359993308890519,0.11854240572156005,-0.8331179855660037
0.09438862319857438,0.0855322358215648,-0.8350502937582662
0.12031368303558634,0.07909122666781672,-0.8316687544293053
0.15654435323888588,0.05912409747632841,-0.8427795266415741
0.1821473577339324,0.06250562750671299,-0.8593651728206454
0.1918088683370294,0.08295583217545388,-0.8833580022776595
0.21080983834704867,0.04447080026968426,-0.9165292995944428
0.22159852421127732,0.03593646203042125,-0.9186226340039959
0.20243652966678544,0.03142775494525111,-0.9157241709789514
0.21322521581064136,0.02434264368453043,-0.888027747812921
0.19196989351130034,0.021927264810204964,-0.8745015885146722
0.20259755483576009,0.002121157361015662,-0.8664503034837892
0.21531854293114738,-0.03346542898572669,-0.8608144040801585
0.2085554860314029,-0.043610022189872984,-0.8461610660855046
0.21193701449897254,-0.09739247400631044,-0.8640349180131919
0.24704049840454603,-0.11558833547365346,-0.8661282520866784
0.2686178673520981,-0.15085288405652275,-0.8860954393074825
0.24784562413744016,-0.20898303871930235,-0.8935026219736762
0.224980052542317,-0.2616383401572954,-0.8717641515819238
0.20919958669462116,-0.321056718088146,-0.8727303057908647
0.16604483942024423,-0.38095818326022884,-0.9071898077765944
0.17377404831093815,-0.4733868097704534,-0.9244195601311392
0.15557820208615675,-0.5564759807441589,-0.9057405763115215
0.15010334549948237,-0.6334462006708241,-0.9039692934184872
0.165883814233056,-0.682559007401006,-0.8811036423879558
0.19325809490257928,-0.7120266949883305,-0.8720862029845868
0.22514107770005498,-0.7730554116218604,-0.861136455472034
0.23673488884622484,-0.811701570533607,-0.8556615818533041
0.24961690074274157,-0.8790103082185778,-0.8490595284938639
0.2766691240526734,-0.9282841776063091,-0.826999009699222
0.30050084270950816,-0.9894739603796947,-0.8469661945296926
0.2771521994483229,-1.0382647690511457,-0.8369826019619547
0.26732966626137367,-1.1178115156040704,-0.8828749251571288
0.21918314681029066,-1.1545254051401632,-0.9287672547939156
0.19068169211488584,-1.1810946698681495,-0.9426154678086391
0.20823343569931224,-1.227631144789094,-0.9804565179890232
0.21692879455307562,-1.296228175215795,-0.9997796091303524
0.21306419064696364,-1.355646741320237,-0.9975252484384233
0.20452985685719594,-1.4459823054881513,-1.0458329809484868
0.17103662018328974,-1.533741478032562,-1.0590370957412591
0.13190749794235263,-1.5931600870345595,-1.0566217088491465
0.11081319551045987,-1.636798150876379,-1.0667663339156956
0.017901633312948757,-1.6921911258433715,-1.0740124948698417
0.00630781432118027,-1.7192435123475767,-1.0970391851878556
-0.020100330487492928,-1.8039432606222605,-1.136490511520979
-0.031050049698231958,-1.8693198872618901,-1.1408382089991471
-0.026219291177275672,-1.9073220702666882,-1.1434146223467472
-0.02348186138071458,-1.92439084880043,-1.1150740766367004
-0.022998785536664255,-1.9664186940388486,-1.1144299733535827
0.02369854265313908,-1.9586894347437709,-1.0649950501512806
0.08859171512467154,-1.999751126816819,-1.0690206950842558
0.09954143028816541,-1.9879962105264262,-1.0915643076229635
0.15106949666857414,-2.0298630375744136,-1.087377636605645
0.14978129510914343,-2.06561087101269,-1.1002597014452227
0.14366233763174857,-2.073179106514757,-1.0772330109009036
0.1447895140178654,-2.066577028726731,-1.059681198915497
0.1298141702816047,-2.064483687016537,-1.0620965858301679
0.11564395191404495,-2.0789760529736996,-1.059520173121819
0.12627161574792806,-2.0846119732393573,-1.0324678409076324
0.11983060740545042,-2.1055453922082132,-1.0240945004370456
0.10582141381761925,-2.0762386060221147,-1.0134667993788715
0.12562751491945348,-2.0762386060221147,-1.0224842426787866
0.10904191814439967,-2.0735011590931487,-1.001067815246996
0.11145729636844028,-2.095400735158162,-0.9711170243463032
0.11693215360948099,-2.113435681239612,-0.9442257251739761
0.12192393513082767,-2.1058674448180623,-0.9183005825555004
0.10743166598501792,-2.0780098952234987,-0.8946298019593286
0.08826966467307552,-2.0965279192594983,-0.9166903253177789
0.06781946034020668,-2.037592298531413,-0.9120205793732181
0.012265749132694855,-1.9925049454925665,-0.8840021051061442
-0.01623572379561387,-1.9767243733797952,-0.871442100179578
-0.013176243530581264,-1.8997538385572348,-0.8733744085984116
-0.01752392602111639,-1.8260038450127234,-0.8923754419919094
-0.01832905241465743,-1.7577287564935402,-0.9282841776063091
-0.01961725464848618,-1.6810803248860664,-0.9100882707260062
-0.028634670428748125,-1.6569264110527193,-0.935530335495312
-0.00963368747033667,-1.5693282317302633,-0.9711170243463032
0.008240117515305609,-1.5095875749986791,-1.0116955159027128
0.015486254390567548,-1.4461433314713892,-1.0134667993788715
0.0633107536992152,-1.3417985108613257,-1.014271928234839
0.045275926507055086,-1.2438947586878886,-1.0248996293191446
0.03658056303746165,-1.1289222975298454,-1.021518088027632
0.05831897127340947,-1.039391949535411,-0.9963980680982805
0.04592002749550967,-0.9674134321135077,-0.9910842179755985
0.03641953778582171,-0.8627467124361711,-1.004771407860582
0.04447080026968426,-0.7468082313020846,-1.0236114231087365
0.06524305655304713,-0.6345733797587532,-1.0445447746557384
0.07393841925249137,-0.5276524093420448,-1.0638678695789117
0.056225643136445534,-0.4149345568517452,-1.0577488893965827
0.03722466404322033,-0.31880236208755486,-1.0469601614587976
0.05992922367724415,-0.20914406409294273,-1.0295693768743546
0.0681415108121592,-0.13346214728980418,-1.0445447746557384
0.051394885845618125,-0.041999769279115105,-1.0229673200054328
0.07023483887203745,0.038512866050892484,-1.0166873148146192
0.06266665274537368,0.12160188471242085,-0.9804565179890232
0.06121742559454269,0.25943943446853857,-0.9769139514035152
0.03239390646878875,0.3375366182107982,-1.0002626864234996
0.04430977502196975,0.4122522567149304,-1.0194247529599096
0.04688617897578809,0.50645190557821,-1.0298914284323406
0.013231900713420335,0.5505727572814177,-1.00686474283462
-0.032177226696821506,0.6436451910357761,-0.9944657589527794
-0.038457212903621675,0.7246407299762623,-1.010085258205429
-0.04860180626408562,0.792432209098246,-1.0041273047943402
-0.011082914944843798,0.8945219629943292,-1.018780649864841
0.022088290069053995,0.9563554889848824,-1.01459397977778
0.01902881013722633,1.0355796767235466,-0.9978472999648913
0.036097487282301506,1.0776071342138718,-1.0099242324361362
0.04092824480145891,1.142983168228381,-1.0078308974425365
0.04704720422222076,1.2098084108604759,-1.025704758203223
0.05203898682189479,1.2441066624967225,-1.068376591891656
0.0607343498761567,1.2808202798862225,-1.038103743267996
0.07522662111401633,1.3254240988427621,-1.0385868206176827
0.07442149495116428,1.3577900429921663,-1.0496975998571305
0.06218357702915119,1.3935374998790766,-1.0389088721845365
0.0695907379319789,1.3750196736133777,-1.0656391533372325
0.08150660511549981,1.3571459446331458,-1.0690206950842558
0.0855322358215648,1.3350855750519153,-1.056460683056972
0.055581542168501606,1.3014314316586204,-1.0699868498755305
0.04092824480145891,1.2803372060006015,-1.0835130172525194
0.05590359265263381,1.2835576985576056,-1.1057345791553745
0.05767487030963206,1.2610142499766064,-1.1189386963619847
0.03786876504769727,1.2497425250894465,-1.091886359241896
2.782886063358494e-05,1.2262329261879,-1.0968781593758181
-0.03282132784063372,1.1742219580889255,-1.084157120474875
-0.04183874398847953,1.1510344030204223,-1.0401970784551182
-0.0400674657967708,1.1197956108949503,-1.0363324596585737
-0.0426438704424578,1.1044982631228668,-1.0002626864234996
-0.02654134174309799,1.0568349432703295,-1.0118565416728766
-0.030727999127926803,0.9925860650771796,-1.0089580778220424
-0.06824689272241292,0.9267269259359856,-1.02312834578114
-0.06937406985041382,0.894844012639757,-1.0036442274954902
-0.059873577037154,0.8272135800041334,-1.0002626864234996
-0.03201620141106857,0.7816435423570364,-1.0028390986656577
0.0006719299391155986,0.6964613698372086,-1.0223232169033962
0.007918066983752206,0.5872864540887747,-1.025704758203223
0.02418161842680274,0.49453605408136087,-1.0195857787338747
-0.013015218254274916,0.43817729102902936,-1.003000124431466
-0.013176243530581264,0.3657160097659391,-0.9972031969122722
-0.006574207267675165,0.3182136054361101,-0.9704729213462846
0.028529300357336057,0.25154920248289897,-1.0036442274954902
0.02128316377400789,0.18633401236407313,-1.001228841011933
0.013070875450166304,0.1385095312451698,-1.0049324336273406
0.011782673341250946,0.06298870322245469,-0.9973642226753082
0.019189835397517046,0.019672911177908637,-0.9925334498186843
-0.015269572129849555,-0.06969612045913422,-1.0240945004370456
-0.03169415083980284,-0.15391236562119925,-1.0643509469665948
-0.052788463934020334,-0.21800045976619736,-1.0542063219748434
-0.06824689272241292,-0.29641982835884684,-1.0410022073768048
-0.06663663968921299,-0.37016947769650543,-0.9997796091303524
-0.04731360391499011,-0.4249181364964409,-1.004771407860582
-0.03958438992798563,-0.4774124474102493,-0.9973642226753082
-0.0305669738428943,-0.5650103347771596,-0.9936606301455204
-0.02460903835296726,-0.6584051671012989,-0.982227801296156
-0.03185517612539568,-0.7154082330783957,-0.9661252261293164
-0.062288956539542306,-0.8022010560439432,-0.9707949728461356
-0.03169415083980284,-0.8951128790972263,-0.9480903428831193
-0.027024417592431862,-0.9677354836103478,-0.9226482771369455
-0.03491465656686857,-1.0579099151893903,-0.9324708465892663
-0.07082329759217608,-1.0962340561284587,-0.9645149686562083
-0.08547660067848409,-1.1464741132233158,-0.9804565179890232
-0.06937406985041382,-1.181255695721547,-0.9902790891766564
-0.07468790493522724,-1.2438947586878886,-0.9967201196236396
-0.07951866417884944,-1.2878548280108504,-1.0208739849284458
-0.08708685380529398,-1.3382559403725498,-1.0202298818305267
-0.09562119551094245,-1.384470385658097,-1.026992964421866
-0.10415553744128891,-1.4018611890507808,-1.004288330560782
-0.09900272719231673,-1.4358376687030563,-0.9965590938609205
-0.09835862591695434,-1.494129077986955,-0.9835160073437278
-0.06953509515473402,-1.5226306824169131,-0.980778569498698
-0.07984071479765115,-1.5752861953947297,-0.9722442045993863
-0.09417196765829519,-1.613610396676516,-0.9769139514035152
-0.07130637350753707,-1.6553161501933957,-0.9799734407251053
-0.07468790493522724,-1.7163450422588933,-0.966286251877063
-0.04232181986062637,-1.7595000439890227,-0.9744985651171989
-0.03249927726856752,-1.7888068021117436,-0.9917283210161778
-0.01961725464848618,-1.8139268825726733,-1.0020339698378053
-0.02283776025547426,-1.8458100643700714,-0.9999406348946555
-0.03555875771612392,-1.8733455420343437,-0.9831939558313595
-0.04167771869792399,-1.863683970662824,-0.9944657589527794
-0.04876283155808272,-1.8670655206107318,-1.0065426912992814
-0.022676734974364315,-1.9089323323548775,-1.0034832017293653
0.01468112807910267,-1.9332472908395821,-1.018458598317782
0.04753027996103804,-1.9206872458361965,-1.0239334746608635
0.0505897596234696,-1.9332472908395821,-1.032950918249006
0.05767487030963206,-1.8966943406813046,-1.0543673477659097
0.04559797700144261,-1.9168226167003457,-1.0554945283055888
0.011299597549086266,-1.9567571199482134,-1.0701478756743532
0.021766239551275837,-1.9698002450372183,-1.069503772479537
0.015325229128434752,-1.9398493659684959,-1.075300701278468
-0.006735232540778836,-1.9406544970907924,-1.0915643076229635
-0.03507568185406234,-1.9448411789583224,-1.088987894682899
-0.05600896987078381,-1.900881021992345,-1.0876996882204628
-0.046508477449406525,-1.8838122446721604,-1.0579099151893903
-0.0039978029089060355,-1.8413013314038664,-1.0405191300235552
0.002926283703712995,-1.7878406452090938,-1.0424514394408282
2.782886063358494e-05,-1.7577287564935402,-1.0126616705248843
0.012426774396349316,-1.738083568544542,-0.9976862742016177
-0.015913673240038853,-1.6638505328374091,-0.9757867711343493
-0.006574207267675165,-1.5873631490991895,-0.9569467586387378
-0.00351472709391886,-1.5335804520064695,-0.9604893250081037
0.011943698605145667,-1.4636951641167906,-0.9484123943609417
0.05654769361993675,-1.3485616000823095,-0.9630657369371858
0.0523610373095524,-1.2923635534023707,-0.9595231705399277
0.06089537511569883,-1.2100793247530295,-0.9595231705399277
0.0549374411992757,-1.1335920465675624,-0.9627436854449412
0.02530879522921455,-1.120065877123775,-0.9629047111910238
0.008079092249568948,-1.0799704495521945,-0.9815836982742714
0.009850370168267633,-1.01813654677104,-0.9996185833661282
-0.00351472709391886,-0.9944657589527794,-1.0062206397642597
-0.04683052803539985,-0.9492175230568847,-1.014271928234839
-0.04940693273487141,-0.8939856991099087,-1.0133057736079158
-0.04167771869792399,-0.8954349305228878,-0.9645149686562083
-0.027024417592431862,-0.8202359312429371,-0.9553365012107954
-0.04940693273487141,-0.7347313085508913,-0.9310216150121788
-0.03990644050709571,-0.7030092602527979,-0.8994605733704187
-0.04586437627838028,-0.6727364454633487,-0.8693487660720638
-0.07243355064617987,-0.6360226100203876,-0.832956959883831
-0.09336684107629092,-0.5936728839202432,-0.8305415746607613
-0.11333398090014893,-0.5703241779672403,-0.8340841396607067
-0.10769809453496851,-0.5614677726985864,-0.8044554153893696
-0.119130892692259,-0.532483175320905,-0.8020400303770081
-0.10753706921168872,-0.49705755980671756,-0.8128287502371558
-0.10270630955048687,-0.4508432399077639,-0.8184646488132339
-0.09739247400631044,-0.42765556967834856,-0.8110574678476108
-0.10447758808456921,-0.3878822780643486,-0.8110574678476108
-0.09835862591695434,-0.37033050315004873,-0.8745015885146722
-0.09497709424229929,-0.33876951577982345,-0.8767559483588526
-0.09562119551094245,-0.32991311681330554,-0.8674164576770252
-0.1001299044272805,-0.3268536335900527,-0.9129867337011053
-0.10335041083448793,-0.30044546380783566,-0.9408441847159223
-0.07903558825124689,-0.25970603536642745,-0.9268349460477697
-0.05584794457318537,-0.25052758776683204,-0.8955959562358374
-0.04940693273487141,-0.2313655664215145,-0.852119016619463
-0.020905456887438667,-0.2308824902677611,-0.8298974719376249
-0.058263324045564675,-0.21687328212163462,-0.7938277214685725
-0.09191761323372288,-0.1793543713293958,-0.7651651547395182
-0.10818117050528779,-0.14956468130108233,-0.7650041290908433
-0.10914732244808587,-0.15149698543616164,-0.7204000274658631
-0.12202934862718069,-0.13217394460344245,-0.7015600296935436
-0.11752063940627627,-0.13249599527455314,-0.702526183398998
-0.11188475296831646,-0.12573293124839705,-0.6933477233126862
-0.11961396867961328,-0.1200970446676873,-0.688839006171874
-0.10914732244808587,-0.14553904772330875,-0.6877118268964064
-0.11639346211084677,-0.14215751555659403,-0.709450285038466
-0.09191761323372288,-0.1463441744348661,-0.7223323349911868
-0.08306122100326946,-0.1444118703304863,-0.7179846430752965
-0.08483249943000014,-0.15149698543616164,-0.7297395139442397
-0.09256171449628652,-0.15745492325845709,-0.7522831030964694
-0.1297585645803074,-0.186922563285857,-0.755664641603572
-0.14521699703924543,-0.18998204519070258,-0.7959210550922922
-0.16582824146395592,-0.18257487852333387,-0.8358554221750811
-0.11977499400889133,-0.2128476477087226,-0.8659672263882419
-0.0964263220985462,-0.2706557626667049,-0.8819087709182085
-0.07243355064617987,-0.30044546380783566,-0.8994605733704187
-0.06518741196617454,-0.3394136175322573,-0.8920533905692611
-0.07887456294220607,-0.3316843965873012,-0.8915703134358834
-0.09046838539763447,-0.3373202868415145,-0.8794933853333985
-0.08982428413923065,-0.366948968642389,-0.8703149202738664
-0.10963039842056464,-0.3885263799140878,-0.8659672263882419
-0.11462218351166069,-0.3928740674331967,-0.8592041471255406
-0.08515455005408211,-0.42604531486267205,-0.862907738133021
-0.06760279150817275,-0.4700052741915019,-0.8574328644846229
-0.04022849108652594,-0.49866781497374946,-0.821685162328928
-0.01623572379561387,-0.5043037081210773,-0.8287702921751908
-0.01076086439439286,-0.5255590774401243,-0.851957990927928
-0.01623572379561387,-0.5529334187583856,-0.8207190082708865
-0.01993930520774395,-0.5625949515375905,-0.8406861927176275
-0.03201620141106857,-0.5685528968942509,-0.8445508092030787
-0.029922872703564782,-0.601885187791021,-0.8414913211483277
-0.0019044743824996738,-0.6043005713218046,-0.8294143948961056
-0.008506510550203772,-0.6242677425284561,-0.8393979872326328
-0.03974541521750065,-0.6324800471699863,-0.861136455472034
-0.07935763886956858,-0.6245897936869721,-0.8780441539910778
-0.07484893024218786,-0.6139621056239191,-0.8883497992316044
-0.0624499818403417,-0.6110636453032171,-0.8823918480373117
-0.06889099393793335,-0.6065549293000178,-0.8852903107669202
-0.05906845054035903,-0.6075210827240248,-0.8869005678500275
-0.054398716898400666,-0.625555947164429,-0.900748779092095
-0.07436585432154606,-0.6155723613687781,-0.8833580022776595
-0.10995244906928373,-0.593511858356218,-0.879332359628379
-0.13281804594598365,-0.5956051906947516,-0.9154021195333097
-0.1020622082677656,-0.5994698042781361,-0.8954349305228878
-0.07678123393195592,-0.6231405634761552,-0.8690267146720975
-0.0928837651280483,-0.6424636334833588,-0.8666113291824635
-0.08273917038126755,-0.6680667030065542,-0.8716031258807112
-0.06985714576361444,-0.6522861945093339,-0.8756287684348194
-0.059712551737634956,-0.6777282391979845,-0.9023590362513267
-0.033787479558753455,-0.6869066988448854,-0.9139528880318466
-0.021549558008836293,-0.6682277286073999,-0.9356913612280018
-0.009311636921326933,-0.6698379846202273,-0.9311826407426493
0.01902881013722633,-0.6590492694860789,-0.9294113577118343
0.03754671454561902,-0.6405313264311084,-0.9166903253177789
0.05509846644170236,-0.6321579960036766,-0.9038082677014144
0.05847999651415352,-0.6237846657912784,-0.8991385219407925
0.02128316377400789,-0.6071990315823709,-0.8873836449765061
-0.0030316512796523367,-0.6165385148195114,-0.9039692934184872
0.006629864854335309,-0.6160554380937867,-0.9139528880318466
0.0034093595083704584,-0.6321579960036766,-0.8952739048100175
0.010977547020576054,-0.6355395332657938,-0.9054185248757108
0.02434264368453043,-0.6592102950824725,-0.9063846791840944
0.02708007305364628,-0.6733805478764288,-0.8907651848818399
0.02627494677101515,-0.63892107056298,-0.9144359651982874
0.021766239551275837,-0.6321579960036766,-0.9157241709789514
0.06975176316711373,-0.6635579862151537,-0.891892364858056
0.06765843510411021,-0.7046195164372958,-0.9215210970547255
0.05654769361993675,-0.698983619826318,-0.9382677729618171
0.05928512271667181,-0.6582441415053027,-0.9352082840301702
0.08649838718356652,-0.6590492694860789,-0.9334370009775579
0.06218357702915119,-0.6814318281472359,-0.9455139310719518
0.06910766222609355,-0.6701600358237467,-0.965803174634061
0.06733638463167686,-0.674990803914693,-1.0031611501973532
0.06347177893747524,-0.6741856758945672,-1.0213570622527166
0.09036299260271873,-0.6637190118137734,-1.0419683620854412
0.08826966467307552,-0.664846191006337,-1.033595021371946
0.06105640035516083,-0.6611426022453982,-1.056299657264877
0.06942971269676393,-0.6458451708523488,-1.0239334746608635
0.07361636878630873,-0.6538964504434572,-1.0149160313210381
0.06749740986793361,-0.6431077358366535,-1.001389866776949
0.08810863944715729,-0.662591832625105,-1.0060596139968676
0.08649838718356652,-0.6762790087510275,-0.9831939558313595
0.1459166904000524,-0.6957631075208938,-0.9928555013402415
0.1414079848477254,-0.7102554131456136,-0.9709559985961799
0.13512800200934796,-0.7590461801456976,-0.9551754754684371
0.14060285884962195,-0.7648431034422477,-0.9472852141899502
0.13013622069183262,-0.78786977199757,-0.9242585344039979
0.10871986771316468,-0.7957600294284528,-0.9242585344039979
0.11000806943618054,-0.7957600294284528,-0.8980113419395983
0.08279480694689069,-0.8144390069632576,-0.9049354477225894
0.0695907379319789,-0.8271600353784588,-0.8838410793989042
0.07136201551405465,-0.812345673220873,-0.9033251905506716
0.07442149495116428,-0.811701570533607,-0.9136308365879492
0.055581542168501606,-0.8044554153893696,-0.9165292995944428
0.09277837096624385,-0.7898020799222034,-0.8986554447969478
0.08939684125225893,-0.7964041320842866,-0.9118595536521812
0.10855884249742694,-0.7672584881795178,-0.9450308538596165
0.08279480694689069,-0.7342482316501372,-0.9585570160746043
0.08150660511549981,-0.7197559249599641,-0.9490564973175376
0.05847999651415352,-0.7451979749094446,-0.9630657369371858
0.03593646203042125,-0.7595292570831459,-0.9487344458390812
0.021605214292266615,-0.7712841294480044,-0.9408441847159223
0.010333445962594607,-0.8126677245649822,-0.9311826407426493
-0.0072183083605702626,-0.8355333708081172,-0.9495395745358166
-0.013820344636607291,-0.8598482499064359,-0.9817447240296238
-0.02654134174309799,-0.8619415839531109,-0.9516329091566007
-0.07774738578116044,-0.8638738923157868,-0.9580739388430123
-0.06293305774322003,-0.8811036423879558,-0.9704729213462846
-0.037974137037237746,-0.8881887735222231,-0.9191057111773339
-0.0205834063272202,-0.9050964734402172,-0.8767559483588526
-0.03427055541889394,-0.9116985279312234,-0.8545344020020079
-0.07291662656394127,-0.9393949531017417,-0.8484154257342292
-0.063255108345539,-0.965803174634061,-0.8471272202187682
-0.03620285886665998,-0.9687016381027698,-0.852924145078328
-0.02943979684990816,-0.9757867711343493,-0.859043121430515
-0.020905456887438667,-0.9706339470961706,-0.8476102972864711
-0.02460903835296726,-0.9770749771565702,-0.8241005474865302
-0.02605826589448459,-0.9543703467578336,-0.8310246517039469
-0.04827975567633155,-0.9405221332455496,-0.8474492715971573
-0.08483249943000014,-0.8955959562358374,-0.816854392067291
-0.09868067655447554,-0.8627467124361711,-0.8421354238943162
-0.1112406516673592,-0.8740185114072275,-0.8427795266415741
-0.11542731014645474,-0.8759508198412893,-0.8678995347747142
-0.13555547666605644,-0.8706369716751016,-0.9152410938106078
-0.11961396867961328,-0.8728913314926325,-0.9389118758984413
-0.11735961407811786,-0.8872226192676005,-0.9429375192810725
-0.1073760438884889,-0.9034862162675065,-0.9596841962844258
-0.08950223351050872,-0.9216821227805191,-0.9831939558313595
-0.057941273448207105,-0.9332759752459777,-0.9996185833661282
-0.05407666630488437,-0.9471241884515541,-1.0179755209977874
-0.07645918331619449,-0.89173133914693,-1.0009067894821384
-0.09803657527975307,-0.8840021051061442,-0.9722442045993863
-0.113978082205265,-0.8741795371096298,-0.9566247071525154
-0.10640989195096962,-0.8261938813042287,-0.9128257079795927
-0.10479963872816944,-0.7935056701430372,-0.9033251905506716
-0.11494423416533837,-0.7650041290908433,-0.854373376309283
-0.0685689433300131,-0.739884128870086,-0.8324738828377888
-0.08273917038126755,-0.7385959237826618,-0.832956959883831
-0.06824689272241292,-0.732799000952164,-0.7745046424985251
-0.07613713270075309,-0.7137979768406614,-0.7851323357905754
-0.09884170187335616,-0.6930256720862763,-0.7851323357905754
-0.10222323358832594,-0.6801436232905534,-0.7838441305246346
-0.06937406985041382,-0.6543795272252446,-0.8062266977431185
-0.03958438992798563,-0.6508369641754207,-0.8181425974634103
-0.0275074934424862,-0.6321579960036766,-0.8627467124361711
0.005824738520847103,-0.6408533776056883,-0.8707979973758382
0.015486254390567548,-0.655023629602074,-0.862907738133021
0.03480928526501645,-0.6434297870137777,-0.8651620978972496
0.04076721955198192,-0.5989867275777072,-0.8878667221036983
0.04592002749550967,-0.576121097909801,-0.8886718506506048
0.03545338627429983,-0.5471364992283982,-0.8962400590884293
0.04962360815424741,-0.5424667585709296,-0.9165292995944428
0.0692686874614688,-0.5146093415570445,-0.9287672547939156
0.022249315327822934,-0.517185749966999,-0.9240975086769359
0.027885199334274934,-0.5221775413192917,-0.9218431485063919
0.025630845743468474,-0.5126770352629559,-0.9247416115856594
0.006790890120792707,-0.4954473046476498,-0.9162072481480085
0.0055026879868912545,-0.4833703912085158,-0.9088000649675407
0.002282182629715284,-0.47580219234835636,-0.9252246887680343
-0.012210091873944147,-0.48240423815274025,-0.9588790675627284
-0.0052860050857283306,-0.4738698862846001,-0.9580739388430123
-0.0181680271357891,-0.49158269229838225,-0.9690236896008775
-0.02654134174309799,-0.49673550877426687,-0.9466411112368412
-0.011082914944843798,-0.49206576883953185,-0.9572688101252772
-0.037652086460048674,-0.504625759161014,-0.9836770331000307
-0.02348186138071458,-0.5104226779343451,-0.9611334279884726
-0.006252156721708035,-0.4830483401896053,-0.9667693291207782
0.005019612185356881,-0.49625243222618814,-0.9649980458973089
0.028529300357336057,-0.4910996157579494,-0.9782021574301726
0.020317012217309458,-0.4774124474102493,-1.0036442274954902
-0.008989586372637465,-0.53683086476314,-1.0108903870530808
0.0009939804778761492,-0.5529334187583856,-1.066605308118535
0.00711294065346726,-0.6015631366549354,-1.1124976635118238
-0.00029422167908787567,-0.6559897831697037,-1.134075124058019
0.015969330176485406,-0.6598543974688424,-1.1308546074684198
-0.004480878724613859,-0.6635579862151537,-1.1120145860531638
0.004858586918018595,-0.692703620860184,-1.1142689475330012
0.0005109046696152089,-0.7199169505863197,-1.1036412435495175
-0.018007001857000833,-0.7208831043461215,-1.1029971402888668
-0.03475363127975485,-0.7300615652068813,-1.0833519914471281
-0.021066482167667988,-0.7273241294845565,-1.0590370957412591
-0.018490077693605812,-0.7286123345274965,-1.0178144952246142
-0.01494752157523528,-0.7136369512173248,-0.9790072861994081
-0.0181680271357891,-0.7315107958927006,-0.9612944537337629
-0.014142395190100687,-0.750511821035298,-0.9426154678086391
0.002926283703712995,-0.7342482316501372,-0.9173344282119162
0.016613431223254635,-0.753893359524055,-0.9136308365879492
0.018223683834571378,-0.7812677200079965,-0.8907651848818399
0.03480928526501645,-0.7923784905061639,-0.8881887735222231
0.026435972027701576,-0.8418133725211633,-0.9076728849330459
0.07265021738583745,-0.8604923526886004,-0.9108933993276238
0.14382336283000588,-0.8690267146720975,-0.9068677563393565
0.1417300352464054,-0.8823918480373117,-0.9162072481480085
0.11628805276240438,-0.8765949226551814,-0.9321487951271364
0.11049114508098867,-0.8819087709182085,-0.9397170045710048
0.053810264500045606,-0.8741795371096298,-0.9459970082850003
0.039640042803399896,-0.891892364858056,-0.9416493133932412
0.01902881013722633,-0.9034862162675065,-0.9463190597607622
0.05042873437879953,-0.9292503319822357,-0.9414882876576189
0.06153947607306604,-0.9619385567157164,-0.9377846957601812
0.08134557988621531,-1.0133057736079158,-0.9477682914056139
0.08875274035034933,-1.0711140304689517,-0.9278011004194159
0.05268308779688952,-1.1157181799210838,-0.9389118758984413
0.00856216804653868,-1.1376176923431163,-0.9319877693961904
0.012587799659923694,-1.1633818264770062,-0.9477682914056139
-0.007540358907498227,-1.1843151869511224,-0.9537262437907773
-0.03555875771612392,-1.2305296105734307,-0.971439075846788
-0.040872592246346894,-1.2400301374904297,-0.9934996043843062
-0.05633102046622077,-1.2409962927855287,-1.0075088459062476
-0.06534843726841431,-1.2675655645150528,-0.9915672952559142
-0.06695869029521284,-1.2789984033148623,-1.0052544851610952
-0.10109605634608328,-1.2865666207674993,-0.976430874144826
-0.09803657527975307,-1.2661163314561812,-0.9521159863786836
-0.11639346211084677,-1.2714301860366488,-0.9527600893425701
-0.13475034998128332,-1.2981604861395595,-0.9532431665663171
-0.12251242461885335,-1.296228175215795,-0.9232923800428153
-0.09159556260292105,-1.2939738124857711,-0.9361744384265467
-0.08193404382766285,-1.2942958643033986,-0.9794903634619003
-0.04538130040095098,-1.284312258103794,-0.9963980680982805
-0.06373818424961762,-1.260319399284663,-0.9838380588564128
-0.06583151317561367,-1.2751337817041932,-0.9809395952536543
-0.022676734974364315,-1.277871222007052,-0.9529211150837398
-0.005608055630734616,-1.2783542997099258,-0.9289282805232764
0.022732391103649174,-1.3136189739388997,-0.9505057289745142
0.03336005798944266,-1.3492057038249001,-0.9308605892817878
0.003087308972012228,-1.3624098308261958,-0.9083169878094244
-0.017201875464260396,-1.3822160223226918,-0.9334370009775579
-0.007701384181082313,-1.3785124254480852,-0.9400390560405849
-0.011565990771120697,-1.3691729204713121,-0.9419713648647235
-0.005447030358191439,-1.3712662577706203,-0.9361744384265467
0.0003498794000347434,-1.36031649358329,-0.9026810876841245
0.0003498794000347434,-1.3306877217290263,-0.9361744384265467
0.013392925976594278,-1.286244568957451,-0.9450308538596165
0.03802979029861624,-1.2500137423435833,-0.9300554606310208
0.04994565864430862,-1.244538862225222,-0.9619385567157164
0.03416518425445137,-1.1627377230989895,-0.9883467800672754
0.02836827510169093,-1.1134638184312793,-1.001067815246996
0.022732391103649174,-1.0905981527680657,-1.030696557328692
0.0003498794000347434,-1.043578619939502,-1.0389088721845365
-0.014464445743914334,-1.0453499035881124,-1.032628866688011
0.004536536383101786,-1.0139498766922144,-1.0559776056809242
-0.010438813844262188,-0.9706339470961706,-1.0126616705248843
-0.02203263385072511,-0.9546923982418373,-1.02312834578114
-0.05745819755277093,-0.9215210970547255,-1.0168483405872382
-0.05053410979733285,-0.9105713478867389,-1.001067815246996
-0.06100075413602791,-0.8981723676538168,-0.9973642226753082
-0.04505924981639829,-0.8774000511743307,-1.0071867943702755
-0.023964937225485403,-0.89430775053446,-0.9893129346205399
-0.008345485276219344,-0.8757897941380146,-0.9841601103694149
0.028207249845965694,-0.8571108130963965,-0.9707949728461356
0.04447080026968426,-0.8067097747503531,-0.9463190597607622
0.04495387601234709,-0.7751487451124406,-0.9192667369019384
0.0517169363339167,-0.7487405389837366,-0.9084780135287172
0.04350464878219549,-0.7324769496868214,-0.8860954393074825
0.02369854265313908,-0.721044129973033,-0.9236144314962257
0.04946258290909663,-0.6651682422049279,-0.9063846791840944
0.009850370168267633,-0.6398872240829029,-0.8960790333751625
-0.004319853452631179,-0.6043005713218046,-0.8709590230766543
0.009850370168267633,-0.5452041927413265,-0.829736446257039
-0.03894028877072598,-0.5012442232575657,-0.8413302954620291
-0.04602540157101679,-0.49915089152541203,-0.8563056846272186
-0.058263324045564675,-0.4753191158313419,-0.8857733878910197
-0.09562119551094245,-0.4490719594847239,-0.8831969765707367
-0.0927227398121274,-0.4361899203344943,-0.8989774962260983
-0.08048481603621464,-0.41928224472386927,-0.8907651848818399
-0.06422126015441643,-0.41042584356425543,-0.9063846791840944
-0.018812128251742766,-0.38530587067815,-0.9381067472278593
-0.020100330487492928,-0.39094176186197216,-0.9542093210159507
0.009528319638315897,-0.4033407228101885,-0.9587180418186269
0.03674158828902148,-0.3975438059443901,-0.9651590716445007
0.04286054778893405,-0.4112309709324378,-0.9862534452116513
0.07764199959055122,-0.3896535581542012,-0.971278050096506
0.07345534355309719,-0.36678794319052055,-0.9959149908108358
0.05348821401383019,-0.308979811124664,-1.0076698716743524
0.06475998084067092,-0.2940044471133985,-0.9984914030187776
0.04914053241855471,-0.3012505909036195,-1.018780649864841
0.045275926507055086,-0.334904905292027,-1.0344001502774025
0.03287698222947617,-0.3130054467292821,-0.9930165271011389
0.034004159001609836,-0.3068864806299746,-0.9849652391533061
-0.0019044743824996738,-0.31703108238377686,-0.9897960118982417
0.006468839587797831,-0.3067254552078648,-0.967574457861888
0.007757041717855381,-0.33071824398210675,-0.9611334279884726
0.0037314100444083755,-0.3088187857015168,-0.9596841962844258
-0.02171058328938584,-0.28369882066794117,-0.9516329091566007
-0.044093098064661086,-0.3043100738857954,-0.922004174232344
-0.0679248421151328,-0.2948095741932192,-0.8846462079358979
-0.031050049698231958,-0.27902908379248936,-0.8542123506166373
-0.0073793336339942105,-0.2896567609168494,-0.8724082543875671
-0.01945622936897738,-0.3001234129700809,-0.899299547655566
-0.018812128251742766,-0.321056718088146,-0.909605193565987
0.0106554964917455,-0.32234492152407734,-0.9384287986958544
0.007757041717855381,-0.33071824398210675,-0.9701508698467506
0.009367294373219903,-0.3630843578195603,-0.9877026770333498
0.018062658573800114,-0.34021874472459457,-0.9975252484384233
0.01580830491459288,-0.3365151596563574,-0.9865754967270299
-0.00029422167908787567,-0.36211820512103127,-0.9817447240296238
0.026435972027701576,-0.3696864013363543,-1.008797052053304
0.02257136584512052,-0.37000845224304196,-1.010729361283392
0.0317498054534174,-0.36952537588313006,-1.0216791138026264
0.03223288121506607,-0.3738730631481771,-1.0426124652261155
0.029817502399613477,-0.40076431530152185,-1.0224842426787866
0.011138572284871204,-0.4150955823274543,-1.003000124431466
-0.03314337841302011,-0.41944327020173056,-1.0129837220662417
-0.04344899689843702,-0.42298583073484525,-1.002678072899929
-0.08161199320678099,-0.45519092825973895,-1.0284421964238968
-0.10624886662832968,-0.46742886615492935,-0.9970421711493155
-0.10866424647632691,-0.501727299813051,-0.9785242089376291
-0.07662020862403521,-0.5030155039645158,-0.9669303548688417
-0.08128994258621916,-0.5501959845230369,-0.936013412693619
-0.06985714576361444,-0.5817569923972713,-0.9063846791840944
-0.06293305774322003,-0.6146062079209081,-0.9055795505935764
-0.01704085018595249,-0.6334462006708241,-0.8801374881542697
-0.019778279928075036,-0.6350564565119157,-0.8741795371096298
-0.000455246949068719,-0.6305477401768993,-0.8941467248221447
-0.03507568185406234,-0.6355395332657938,-0.8767559483588526
-0.02815159457701271,-0.6340903030063064,-0.8720862029845868
0.006951915387170024,-0.6603374742594547,-0.889960056329779
-0.0017434491117981593,-0.66903285661282,-0.8991385219407925
-0.004641903996676611,-0.7112215668768128,-0.9178175053833516
-0.021066482167667988,-0.7292564370508732,-0.9439036737002746
-0.056492045764059286,-0.7765979759983951,-0.9637098399226256
-0.05874639994220121,-0.7889969516188836,-0.9585570160746043
-0.07130637350753707,-0.801556953376679,-0.9878637027917123
-0.06760279150817275,-0.8197528542157021,-0.9799734407251053
-0.08209506913822379,-0.8152441353292845,-0.9767529256505396
-0.07823046170684281,-0.82136311097593,-0.9830329300752942
-0.06422126015441643,-0.8347282423920956,-1.000101660659038
-0.052949489230098234,-0.8147610583094301,-1.0083139747475638
-0.040550541666276335,-0.8318297801108433,-1.0038052532616943
-0.011082914944843798,-0.8402031156601595,-0.9906011406959956
0.0019601320922359626,-0.858721070040702,-0.9877026770333498
0.010172420697899033,-0.8488985028038363,-0.9646759944031627
0.010977547020576054,-0.855017479080659,-0.9532431665663171
0.012748824923417983,-0.88673954214136,-0.966286251877063
0.02434264368453043,-0.8840021051061442,-0.9839990846128742
0.045275926507055086,-0.8877056963945549,-0.9762698483920879
0.015969330176485406,-0.914596990920593,-0.9761088226394292
0.05992922367724415,-0.897528264797419,-0.9620995824614029
0.0705568893415859,-0.9116985279312234,-0.9609724022432616
0.05912409747632841,-0.931343666473199,-0.9424544420725414
0.05397128974303313,-0.9625826596989377,-0.9315046922038279
0.02965647714460915,-1.0015508925420442,-0.9559806041810215
0.007918066983752206,-1.0113734643626224,-0.9724052303501437
-0.032660302554560594,-1.00911910359086,-0.9770749771565702
-0.0685689433300131,-1.0096021808977882,-0.9624216339530136
-0.10431656276288909,-1.0097632066669224,-0.9645149686562083
-0.12186832329678307,-0.967574457861888,-0.9759477968868496
-0.10125708166616369,-0.9466411112368412,-0.9659642003816491
-0.09336684107629092,-0.9537262437907773,-0.9682185608562022
-0.11558833547365346,-0.9793293377076571,-0.9529211150837398
-0.15809902465120623,-1.0038052532616943,-0.9221651999583756
-0.15391236562119925,-1.01813654677104,-0.9538872695324224
-0.14489494635550196,-1.0041273047943402,-0.9580739388430123
-0.13523342599190732,-0.9782021574301726,-0.9403611075104822
-0.09143453728764012,-0.9934996043843062,-0.9501836774946314
-0.05069513509229033,-1.0065426912992814,-0.9424544420725414
-0.025092114199419223,-1.0247386035425663,-0.9527600893425701
-0.0014213985706353523,-1.0455109293748246,-0.9783631831838613
0.010333445962594607,-1.0400360526710184,-1.006381665531731
0.018706759616404625,-1.0310186088877868,-1.013788850921021
0.0013160310163163943,-1.0261878355346201,-1.002678072899929
-0.01752392602111639,-0.9936606301455204,-1.0028390986656577
-0.0213885327283668,-0.9566247071525154,-1.0123396189838436
-0.03813516232595235,-0.9385898244299707,-1.0071867943702755
-0.03781311174860319,-0.9244195601311392,-0.9756257453819281
-0.027829544009589355,-0.9588790675627284,-0.9635488141761468
-0.0360418335789059,-0.9326318723204501,-0.9545313724997958
-0.036846960018476746,-0.9244195601311392,-0.9218431485063919
-0.024125962507235785,-0.9105713478867389,-0.8920533905692611
-0.0638992095511372,-0.8435846550774315,-0.8926974934148749
-0.08515455005408211,-0.8215241366523893,-0.9057405763115215
-0.05375461571168819,-0.832956959883831,-0.9005877533766079
-0.04554232569334738,-0.8194308028646089,-0.89430775053446
-0.05455974219527886,-0.8187867001633747,-0.8828749251571288
-0.054720767492237074,-0.8036502870499314,-0.8944687762468546
-0.0703402216775352,-0.7796574634454189,-0.9274790489618836
-0.07887456294220607,-0.801717979043376,-0.9068677563393565
-0.06647561438633309,-0.7856154127666131,-0.9062236534658322
-0.08950223351050872,-0.7670974625298107,-0.9052574991579243
-0.0703402216775352,-0.7542154108105251,-0.9189446854528086
-0.08354429693687235,-0.7526051543813511,-0.8920533905692611
-0.08386634755967427,-0.7410113083257522,-0.9023590362513267
-0.08918018288210676,-0.7590461801456976,-0.9195887883513854
-0.10850322115256723,-0.7477743851414811,-0.9105713478867389
-0.13008061524901923,-0.7324769496868214,-0.9316657179345362
-0.14650519977741744,-0.7163743868248499,-0.9392339273672289
-0.16325183583924294,-0.671931317448787,-0.9677354836103478
-0.18225282780250154,-0.6701600358237467,-0.9447088023851226
-0.1795153966883335,-0.6374718402884633,-0.9298944349011052
-0.17548976273886754,-0.6075210827240248,-0.9390729016327956
-0.19046512128357843,-0.6081651850082871,-0.9437426479635429
-0.1928805017587453,-0.6205641542283872,-0.9240975086769359
-0.1729133570374238,-0.5988257020110566,-0.9142749394760612
-0.1399031607983723,-0.6044615968911599,-0.9321487951271364
-0.14054726215626517,-0.6102585174409292,-0.9319877693961904
-0.16808259640236534,-0.6469723499831378,-0.9596841962844258
-0.17243028097068094,-0.6957631075208938,-0.95565855269575
-0.16228568373525115,-0.6567949111449145,-0.9522770121195362
-0.12219037395765828,-0.6513200409526761,-0.9569467586387378
-0.14215751555659403,-0.6574390135265143,-0.9316657179345362
-0.14859852923785974,-0.6854574683571545,-0.9592011190511697
-0.15181903612646072,-0.7015600296935436,-0.9495395745358166
-0.13152984326218062,-0.6951190050636235,-0.9422934163365229
-0.10898629712408624,-0.7472913082214254,-0.9368185413590493
-0.1254108805840033,-0.7730554116218604,-0.9643539429093334
-0.13587752734052538,-0.7712841294480044,-0.9606503507530771
-0.14151341419550306,-0.8028451587124776,-0.9379457214939806
-0.16872669781621688,-0.7840051561825992,-0.9398780303057551
-0.17049797671090278,-0.7951159267738893,-0.9413272619220758
-0.17033695135644078,-0.7909292595501856,-0.9366575156258048
-0.1597092781386748,-0.8067097747503531,-0.9601672735183949
-0.1468272504627599,-0.8157272123498531,-0.9566247071525154
-0.1444118703304863,-0.7885138746378443,-0.9704729213462846
-0.14570007306546032,-0.7775641299259377,-0.9511498319352311
-0.1413523888554302,-0.800107722379978,-0.9439036737002746
-0.15954825278956822,-0.7799795147572991,-0.9210380198778203
-0.17500668666828834,-0.7785302838563386,-0.9274790489618836
-0.1382929074092369,-0.7943107984574709,-0.8994605733704187
-0.0964263220985462,-0.8165323407190549,-0.9057405763115215
-0.08048481603621464,-0.8194308028646089,-0.9121816050943345
-0.07356072778874329,-0.8332790112482558,-0.8996215990853507
-0.05133923627292055,-0.854051324924071,-0.8806205652707559
-0.060034602336753055,-0.8336010626129982,-0.8699928688729481
-0.04505924981639829,-0.8224902907128114,-0.8753067170286665
-0.016879824907724644,-0.792861567492919,-0.8802985138596858
0.0195118859178582,-0.7891579772793886,-0.9110544250481851
0.029334426634360204,-0.7724113090120739,-0.9120205793732181
-0.015591622684784078,-0.7783692582010732,-0.9226482771369455
-0.017201875464260396,-0.7382738725116001,-0.9062236534658322
-0.02348186138071458,-0.7036533627256434,-0.9250636630404967
-0.01993930520774395,-0.682881058617084,-0.9326318723204501
-0.03958438992798563,-0.6688718310115769,-0.9335980267092173
-0.09127351197243919,-0.6856184939665844,-0.9484123943609417
-0.10302836019232742,-0.732637975319453,-0.9398780303057551
-0.09320581576013005,-0.7329600265849543,-0.9187836597283626
-0.09127351197243919,-0.6794995208641198,-0.8849682593512505
-0.08901915756802581,-0.6914154159589945,-0.8970451876559531
-0.062288956539542306,-0.6835251610501941,-0.8991385219407925
-0.022676734974364315,-0.6722533686543732,-0.888832876360224
-0.002709600737208352,-0.6809487513253839,-0.871442100179578
0.0265969972843079,-0.7133148999708904,-0.9004267276612002
0.016935481746158706,-0.7194338737074913,-0.9329539237830554
-0.0030316512796523367,-0.716535412449537,-0.9583959903306611
0.028690325612901087,-0.7162133612002423,-0.9753036938773236
0.02337649213696283,-0.755825667247641,-0.9968811453864378
0.02595289625740201,-0.757596949337641,-0.9901180634171057
0.026435972027701576,-0.7466472056624632,-0.9897960118982417
0.022893416362097734,-0.754537462097313,-0.970311895596478
0.03416518425445137,-0.7405282314157045,-1.0009067894821384
0.08054045373859052,-0.7342482316501372,-1.0207129591538473
0.08182865557382843,-0.7345702829172271,-1.0479263161850088
0.04881848192769232,-0.6862625964050991,-1.0350442534031927
0.028851350868386017,-0.7144420793348016,-1.038103743267996
-0.029278771565516053,-0.7321548984217967,-1.032950918249006
-0.05842434934436349,-0.7392400263257386,-1.0426124652261155
-0.0853155753662431,-0.7604954109601866,-1.0418073363004705
-0.07549303147083039,-0.7208831043461215,-1.0591981215347
-0.08000174010717201,-0.6983395173626902,-1.0978443142492305
-0.08402737287119524,-0.6745077271023792,-1.0817417333975694
-0.08934120819626774,-0.6463282476222099,-1.0704699272722362
-0.11430013285830289,-0.6300646634304168,-1.025060655095802
-0.13024164058349508,-0.618631847305923,-1.0002626864234996
-0.12686010857629418,-0.6100974918687102,-0.9798124149706243
-0.10383348679832857,-0.5981815997452499,-0.9500226517548088
-0.11059655036768164,-0.6126739010337587,-0.9224872514106763
-0.07291662656394127,-0.631996970420641,-0.9402000817754939
-0.06905201924201348,-0.6624308070270419,-0.955497526953233
-0.06518741196617454,-0.6899661854512358,-0.9724052303501437
-0.0717894494236182,-0.6993056710586086,-1.0062206397642597
-0.07307765187002176,-0.6801436232905534,-1.0039662790279775
-0.06422126015441643,-0.685296442747804,-1.0253827066493542
-0.06889099393793335,-0.6675836262044946,-1.058554018361412
-0.0927227398121274,-0.6527692712887361,-1.0759448044846802
-0.12444472859274115,-0.6666174726025216,-1.1216761353616278
-0.16083645558465898,-0.6910933647344917,-1.128761271702145
-0.16003132883712776,-0.6912543903467033,-1.1363294856895614
-0.17790514310255304,-0.6753128551232997,-1.1506607849954058
-0.23152659180625876,-0.6561508087645868,-1.1514659141884744
-0.22782300797734992,-0.6411754287805862,-1.137456666511145
-0.24521374980144184,-0.6334462006708241,-1.1313376849548429
-0.26018911156306646,-0.6432687614251758,-1.1258628068170617
-0.2060845820074367,-0.6463282476222099,-1.1260238326433383
-0.17983744740644858,-0.6717702918461133,-1.0643509469665948
-0.1738795091730675,-0.7363415648919021,-1.0421293878704911
-0.17226925561525983,-0.7584020775635449,-1.0513078577491894
-0.19223640029694283,-0.768546693380034,-1.036815537005648
-0.20302509995077309,-0.7835220792089433,-1.0358493823122121
-0.17677796559726203,-0.8305415746607613,-1.0401970784551182
-0.16808259640236534,-0.8397200386034055,-1.0519519609082295
-0.16180260768433435,-0.8471272202187682,-1.0569437604337324
-0.13764880605582147,-0.8732133828964059,-1.050019651434909
-0.1350724006549527,-0.8823918480373117,-1.0361714338763741
-0.13072471658740245,-0.8859344135992114,-1.039230923751707
-0.10640989195096962,-0.9178175053833516,-1.0583929925682878
-0.09529914487646089,-0.901231856239032,-1.0467991356713728
-0.09658734741630694,-0.9443867509109457,-1.0538842703929487
-0.10447758808456921,-0.985126264910322,-1.0851232753107825
-0.06067870353594954,-1.018780649864841,-1.075300701278468
-0.08950223351050872,-0.9889908831024683,-1.0759448044846802
-0.09175658791828196,-0.9991355060739313,-1.0930135399106515
-0.10528271469416965,-0.9917283210161778,-1.0690206950842558
-0.10045195506656146,-1.0224842426787866,-1.0944627722047482
-0.08257814507038662,-1.0363324596585737,-1.0897930237244933
-0.0853155753662431,-1.052596064068536,-1.0733683916674281
-0.11848679137690624,-1.0319847635669712,-1.0617745342405163
-0.13636060335282846,-1.0490534967025233,-1.0316627120069262
-0.1696928499393921,-1.0298914284323406,-1.0284421964238968
-0.14988673198946278,-1.0216791138026264,-1.010246283974801
-0.14183546487588866,-1.0511468319596273,-1.025060655095802
-0.12895343790992714,-1.0567827346413998,-1.021518088027632
-0.12347857660435782,-1.0574268378112053,-0.9819057497850553
-0.11140167699247856,-1.058554018361412,-0.9744985651171989
-0.10866424647632691,-1.0482483677610457,-1.0062206397642597
-0.07887456294220607,-1.0316627120069262,-1.039230923751707
-0.07967968948821028,-1.0477652903971089,-1.029730402653308
-0.05681409635997639,-1.0736904432684766,-1.0244165519896475
-0.06116177943618714,-1.0756227528814157,-0.9827108785634012
-0.0624499818403417,-1.0923694366708878,-0.9777190801695819
-0.07967968948821028,-1.103480217734236,-0.9500226517548088
-0.08789198037169893,-1.0661222307275275,-0.9553365012107954
-0.08112891727605824,-1.0627406890104212,-0.9699898440971024
-0.07935763886956858,-1.027637067533088,-0.9649980458973089
-0.03459260599272117,-0.9930165271011389,-0.9769139514035152
-0.03813516232595235,-0.967574457861888,-0.95630265566661
-0.022193659131514828,-0.9411662361866121,-0.9535652180492113
-0.013015218254274916,-0.9327928980517131,-0.9904401149362864
-0.0023875501950846602,-0.9321487951271364,-1.0060596139968676
0.03013955290938182,-0.9522770121195362,-1.0020339698378053
0.028207249845965694,-0.9500226517548088,-0.9912452437356244
0.03239390646878875,-0.9379457214939806,-0.9865754967270299
0.0009939804778761492,-0.9352082840301702,-0.964031891415821
-0.029600822134380318,-0.9530821408249888,-0.9517939348972158
-0.002226524924142924,-0.9165292995944428,-0.9669303548688417
0.0035703847764294557,-0.9257077659511227,-0.9503447032345334
0.011299597549086266,-0.9324708465892663,-0.9398780303057551
0.015325229128434752,-0.9017149333866825,-0.9258687916789773
0.010816521756200818,-0.9136308365879492,-0.9013928819548362
-0.008828561098412832,-0.9170123767646892,-0.9174954539356487
-0.011565990771120697,-0.9038082677014144,-0.911537502210345
0.018223683834571378,-0.9055795505935764,-0.9092831421263706
0.045114901259741144,-0.8538902992315841,-0.9247416115856594
0.05976819843722126,-0.8429405523285869,-0.929572383441512
0.05042873437879953,-0.8361774735423626,-0.9234534057694809
0.06137845083384443,-0.7993025940512556,-0.9179785311073219
0.10469423729567019,-0.7514779748856547,-0.888027747812921
0.1024398842399876,-0.7604954109601866,-0.859043121430515
0.09696502675363039,-0.7801405404133586,-0.8210410596232496
0.0575138450684874,-0.7617836161340213,-0.7762759246898494
0.02708007305364628,-0.7131538743477922,-0.7672584881795178
0.0035703847764294557,-0.676440034355927,-0.7571138724030517
-0.020261355767321958,-0.6592102950824725,-0.7526051543813511
-0.035880808291231865,-0.6197590263426352,-0.7329600265849543
-0.05391564100824626,-0.6046226224605947,-0.7340872060167112
-0.08499352474200113,-0.5696800757577665,-0.7115436181211815
-0.06615356378081334,-0.5284575370002123,-0.7406892570523077
-0.058585374643242344,-0.5332883029910143,-0.7691907959821979
-0.06454331075801573,-0.5310339455197234,-0.7914123365347971
-0.017684951299664478,-0.5125160097389662,-0.8157272123498531
-0.004963954541042329,-0.5049478102012693,-0.8226513163898261
0.007273965919684413,-0.5245929242591607,-0.853568247846848
0.0277241740783094,-0.49786268738923795,-0.8740185114072275
0.012587799659923694,-0.48320936569902073,-0.8556615818533041
0.04865745668214095,-0.49689653429045233,-0.8582379929565774
0.0692686874614688,-0.47821757494418304,-0.8579159415675577
0.04865745668214095,-0.4513263163884482,-0.8765949226551814
0.06234460226797215,-0.4683950191662541,-0.8814256937998189
0.07812507528369435,-0.498345763939706,-0.869187740372041
0.0816676303447042,-0.4957693556788263,-0.8815867195058695
0.10195680858315426,-0.5010831977392299,-0.8727303057908647
0.07103996504530756,-0.5083293461431816,-0.8621026096495644
0.05542051692631531,-0.49158269229838225,-0.8561446589336209
0.07474354541654551,-0.4616319481472113,-0.855017479080659
0.044792850764872924,-0.43892735361124374,-0.8627467124361711
0.03078365392795728,-0.4073663595833384,-0.8471272202187682
0.0299785276545377,-0.4136463530489423,-0.8308636260228057
-0.0001331964091871075,-0.4183160918583754,-0.8332790112482558
0.013714976502701901,-0.40784943599946466,-0.8247446501982398
-0.011082914944843798,-0.38659407436869764,-0.8229733677440938
-0.020744431607289403,-0.36807614680770095,-0.8079979801064715
-0.02428698778906622,-0.3595417979389919,-0.8186256744882646
-0.03958438992798563,-0.34166797367582785,-0.800107722379978
-0.029117746281203994,-0.33635413421956534,-0.8339231139780579
-0.05198333745483126,-0.32459927754924534,-0.8463220917741834
-0.05842434934436349,-0.32540440470488124,-0.8276431124166452
-0.059712551737634956,-0.37854280138650276,-0.829736446257039
-0.04457617394016952,-0.4052730284550821,-0.83005849761829
-0.05600896987078381,-0.43248633417319915,-0.7852933614491753
-0.041999769279115105,-0.47902270248010814,-0.7833610535512169
-0.044093098064661086,-0.4877180799949913,-0.7925395161683362
-0.0205834063272202,-0.5315170221194007,-0.7949549011104469
-0.005930106176061185,-0.5276524093420448,-0.8042943897213232
-0.013176243530581264,-0.5282965114684195,-0.8086420827864353
-0.02203263385072511,-0.49721858532306235,-0.7936666958057651
-0.01961725464848618,-0.48433654426715894,-0.7968872090769953
-0.03249927726856752,-0.4712934782174361,-0.7896410542613806
-0.020261355767321958,-0.456318106730844,-0.7814287456646908
-0.031211074983504603,-0.45921656567447,-0.758563103208964
-0.023320836099284415,-0.4337745380506069,-0.757596949337641
0.0006719299391155986,-0.4178330154267046,-0.792217464844071
-0.0031926765509944386,-0.39722175501043094,-0.7736995142329174
0.022088290069053995,-0.4120360983026131,-0.7891579772793886
0.05026770913404934,-0.3999591879592491,-0.8076759287669656
0.02949545188952473,-0.39850995874818107,-0.7894800286006373
0.034970310517457456,-0.40430687563120027,-0.7899631055831056
0.031588780199374306,-0.424435060054966,-0.7983364400594083
0.04785233045318232,-0.4526145203404456,-0.8078369544366788
0.08424403400107411,-0.4685560446684203,-0.8113795191904501
0.11902548135362027,-0.48031090654173064,-0.8435846550774315
0.1240172628426542,-0.4745139883045776,-0.8131508015817411
0.14317926203649547,-0.4973796108394868,-0.8194308028646089
0.16491766310824194,-0.47499706482039716,-0.7957600294284528
0.18552888647787383,-0.49206576883953185,-0.781750796978318
0.1842406850557827,-0.5292626646603701,-0.7609784878997791
0.14317926203649547,-0.5538995720234124,-0.7624277187228445
0.10099065726732313,-0.5864267336178721,-0.7823948996065248
0.08826966467307552,-0.6270051773859826,-0.750994897960119
0.09358349708341109,-0.6426246590715632,-0.7524441287388706
0.10630448946868062,-0.6452010684936472,-0.7474523338613646
0.11033011986613278,-0.6471333755735684,-0.7461641287440756
0.08279480694689069,-0.6596933718721307,-0.7418164365107539
0.05815794603258531,-0.6616256790379184,-0.7450369492706176
0.05075078486805954,-0.6392431217359696,-0.7360195136230645
0.08311685740393694,-0.6688718310115769,-0.7392400263257386
0.07651482297041225,-0.6910933647344917,-0.7622666930755196
0.09052401782751482,-0.7163743868248499,-0.7411723339625937
0.09132914395029297,-0.7397231032338799,-0.7387569494183118
0.07957430235879596,-0.7498677184699819,-0.7183066943263392
0.07860815097611618,-0.750994897960119,-0.7261969500761546
0.07329431831980553,-0.7822338739493541,-0.7542154108105251
0.10227885902112333,-0.7994636197168412,-0.7711231037963121
0.11773727966652274,-0.7964041320842866,-0.7310277189967126
0.11371164936126976,-0.8091251597972419,-0.7294174626819159
0.09084606827686655,-0.7775641299259377,-0.7162133612002423
0.09004094215288606,-0.7679025907791407,-0.7036533627256434
0.07651482297041225,-0.7603343853138146,-0.7321548984217967
0.06492100607820979,-0.7717672064035578,-0.7271631038545464
0.10710961555217954,-0.7783692582010732,-0.7060687470101379
0.11950855698495891,-0.8007518250443847,-0.7242646425279506
0.17312994757710676,-0.8237784961311516,-0.7289343857890259
0.20469088202512728,-0.8278041380961993,-0.7178236174498943
0.209038561528937,-0.8054215693993148,-0.7207220787192892
0.19680064870211564,-0.7736995142329174,-0.7197559249599641
0.165883814233056,-0.8078369544366788,-0.7276461807448149
0.1594428066797473,-0.7783692582010732,-0.7679025907791407
0.18375760952117462,-0.7761148990356956,-0.7522831030964694
0.19905500109978022,-0.7894800286006373,-0.7464861800229212
0.16749406610132847,-0.8239395218088011,-0.7672584881795178
0.14285721163925907,-0.8411692697758096,-0.7677415651291158
0.11596600233838503,-0.8147610583094301,-0.7611395135464687
0.0964819510886205,-0.7840051561825992,-0.7733774629272301
0.10115168248682872,-0.796243106420209,-0.755825667247641
0.11435575021347763,-0.7778861812357536,-0.7411723339625937
0.09632092586679021,-0.7899631055831056,-0.7292564370508732
0.06041229939683206,-0.7840051561825992,-0.7336041291169102
0.03336005798944266,-0.7865815667208321,-0.7422995134227081
0.018867784876855528,-0.8252277272328552,-0.7622666930755196
0.0006719299391155986,-0.8113795191904501,-0.754537462097313
-0.0213885327283668,-0.8224902907128114,-0.75131694924373
0.009689344903331808,-0.8556615818533041,-0.7527661800239112
-0.0039978029089060355,-0.8574328644846229,-0.7609784878997791
0.005180637452615085,-0.8517969652364724,-0.7564697698247111
0.004214485847864659,-0.9071898077765944,-0.7495456671878005
0.038512866050892484,-0.9239364829499533,-0.7938277214685725
0.09680400153204059,-0.9437426479635429,-0.8237784961311516
0.14543361480816777,-0.929572383441512,-0.8561446589336209
0.16556176385843888,-0.9450308538596165,-0.8811036423879558
0.21531854293114738,-0.9255467402233473,-0.8522800423110773
0.2129031654832057,-0.9353693097627015,-0.8382708074374281
0.2285226059940091,-0.9207159684269465,-0.832956959883831
0.21338624097423875,-0.9439036737002746,-0.8350502937582662
0.21692879455307562,-0.9571077843819679,-0.848737477113888
0.24156564336763395,-0.9741765136137034,-0.8076759287669656
0.209038561528937,-0.9529211150837398,-0.7638769495523424
0.19937705144101975,-0.9488954715782698,-0.7596902827291209
0.16218023490558597,-0.9327928980517131,-0.7674195138293045
0.13593312802108473,-0.9458359825472382,-0.7503507953938499
0.09116811872589764,-0.9340811039046709,-0.7299005395755208
0.06186152655126887,-0.9340811039046709,-0.7096113106597365
0.03593646203042125,-0.9290893062527164,-0.7026872090168517
0.04302157303736957,-0.929572383441512,-0.6988225942102918
0.0162913807000302,-0.9107323736071417,-0.7071959263490205
-0.02171058328938584,-0.8973672390835177,-0.6957631075208938
-0.030083897988277087,-0.9013928819548362,-0.702848234634785
-0.04216079456983072,-0.9418103391289427,-0.7200779762127546
-0.047474629208346934,-0.9575908616121336,-0.7395620775977534
-0.03249927726856752,-0.9368185413590493,-0.7385959237826618
-0.03233825198265449,-0.9278011004194159,-0.7416554108735948
0.003087308972012228,-0.9458359825472382,-0.7403672057791808
-0.004963954541042329,-0.9625826596989377,-0.7302225908383212
-0.01832905241465743,-0.9773970286629176,-0.6914154159589945
0.0038924353123072153,-1.0052544851610952,-0.6918984927963445
0.0059857637877049055,-1.011534490132628,-0.7342482316501372
-0.02477006363503786,-1.0121785932134422,-0.7503507953938499
-0.0030316512796523367,-1.0055765366951666,-0.7463251543834587
0.00711294065346726,-1.0155601344085043,-0.7361805392574436
0.032715956975993804,-0.9796513892162227,-0.7426215646977413
0.038673891301491015,-0.955497526953233,-0.7439097698010513
0.025630845743468474,-0.9678965093588866,-0.7519610518119052
0.0331990327362006,-0.9698288183475336,-0.7431046416108869
0.02595289625740201,-0.9649980458973089,-0.7419774621479925
0.0055026879868912545,-0.985126264910322,-0.7466472056624632
-0.03733003588317977,-0.9901180634171057,-0.7455200261873373
-0.0329823531267869,-0.9896349861389286,-0.732799000952164
-0.02654134174309799,-1.005737562462321,-0.7524441287388706
0.0005109046696152089,-0.9880247285501541,-0.7741825911920438
-0.01059983911928749,-1.001228841011933,-0.7616225904870141
-0.01494752157523528,-1.0609694052677718,-0.7917343878582684
-0.012532142425836262,-1.0459940067354365,-0.8154051610027281
0.02691904779728025,-1.0508247803807405,-0.7749877194588426
0.02418161842680274,-1.0382647690511457,-0.7759538733816211
0.03625851253410166,-1.0118565416728766,-0.750511821035298
0.03545338627429983,-0.9886688315847133,-0.7451979749094446
0.04559797700144261,-0.9902790891766564,-0.7728943859692947
0.03416518425445137,-1.0096021808977882,-0.7745046424985251
0.047208229468573296,-1.031823737786909,-0.7964041320842866
0.04173337104764217,-1.0382647690511457,-0.795599003764693
0.02691904779728025,-0.985126264910322,-0.7939887471314593
0.07474354541654551,-1.007347820138222,-0.816210289371136
0.08891376557594696,-1.0052544851610952,-0.8232954190986789
0.08810863944715729,-1.043578619939502,-0.850991836780384
0.07136201551405465,-1.0084750005160648,-0.8825528737438382
0.01452010281656943,-0.9815836982742714,-0.869187740372041
0.01613035543829785,-0.9450308538596165,-0.8759508198412893
0.004375511115523263,-0.9133087851443686,-0.9017149333866825
-0.03781311174860319,-0.8699928688729481,-0.8873836449765061
-0.09401094234173435,-0.8687046632724486,-0.891892364858056
-0.10818117050528779,-0.8967231362287057,-0.8889939020699226
-0.06647561438633309,-0.8920533905692611,-0.8580769672620279
-0.07339970248242277,-0.8664503034837892,-0.8508308110894043
-0.07662020862403521,-0.8722472286860373,-0.8453559376432999
-0.07323867717618225,-0.8970451876559531,-0.8260328556254679
-0.031050049698231958,-0.8978503162254593,-0.8126677245649822
0.021122138514758387,-0.8960790333751625,-0.8084810571163253
0.039640042803399896,-0.9042913448528708,-0.821685162328928
0.05075078486805954,-0.9162072481480085,-0.8315077287478467
0.09277837096624385,-0.922004174232344,-0.8601703012973595
0.08987991692784952,-0.9553365012107954,-0.8922144162805457
0.12417828805069493,-0.9595231705399277,-0.889960056329779
0.12643264095484621,-0.9756257453819281,-0.9020369848188461
0.1278818678135014,-0.9730493333539654,-0.9174954539356487
0.14623874079424112,-0.9195887883513854,-0.9215210970547255
0.14913719432750314,-0.9120205793732181,-0.955497526953233
0.13094134671599908,-0.9353693097627015,-0.9720831788487083
0.15396795015852466,-0.9455139310719518,-0.984643187639512
0.17506224977475002,-0.935530335495312,-0.9720831788487083
0.17425712386046932,-0.9308605892817878,-0.9678965093588866
0.16652791498132766,-0.9773970286629176,-0.966286251877063
0.18311350880724056,-0.9595231705399277,-0.9827108785634012
0.18037608075869888,-0.9598452220290028,-0.9716001015971493
0.18633401236407313,-0.984643187639512,-0.9732103591051189
0.17425712386046932,-0.9881857543086752,-0.9706339470961706
0.1591207562987128,-0.9743375393654115,-0.9545313724997958
0.15670537843072666,-0.9614554794791323,-0.9250636630404967
0.13722132963569353,-0.956463681409523,-0.9141139137539143
0.1420520856447646,-0.9596841962844258,-0.8782051796954629
0.1496202699138537,-0.9426154678086391,-0.854373376309283
0.1600869074408538,-0.9340811039046709,-0.862907738133021
0.1951903969798684,-0.9181395568313715,-0.8621026096495644
0.19776679973161213,-0.9208769941523437,-0.8790103082185778
0.19905500109978022,-0.9142749394760612,-0.8907651848818399
0.19196989351130034,-0.893824673397752,-0.8815867195058695
0.16266331047244512,-0.9125036565368051,-0.8964010848017755
0.14913719432750314,-0.9017149333866825,-0.9123426308155302
0.17506224977475002,-0.9004267276612002,-0.8989774962260983
0.1918088683370294,-0.943420596490317,-0.917173402488263
0.19068169211488584,-0.9319877693961904,-0.9400390560405849
0.1911647676391431,-0.9759477968868496,-0.9701508698467506
0.18327453398584445,-0.9934996043843062,-0.9704729213462846
0.15364589977203574,-0.9706339470961706,-0.9794903634619003
0.12933109466566142,-0.9620995824614029,-0.9970421711493155
0.10179578336404947,-0.9670913806169844,-1.0023560213687086
0.07925225189822328,-0.9327928980517131,-1.0126616705248843
0.07265021738583745,-0.9527600893425701,-1.0253827066493542
0.03368210849568646,-0.9753036938773236,-1.027959119089174
-0.016557774351509135,-0.9690236896008775,-1.0007457637173598
-0.04038951637636112,-0.983354981587504,-1.022645268454256
-0.024448013070976715,-0.9885078058259548,-1.0223232169033962
-0.020744431607289403,-0.9994575576019833,-1.03568835653025
-0.0181680271357891,-0.9917283210161778,-1.0308575831081996
0.013392925976594278,-0.9762698483920879,-1.0447058004420549
0.007273965919684413,-1.015399108636519,-1.0476042646092882
0.054615390714182,-1.0182975725443713,-1.0360104080942536
0.06749740986793361,-1.011051412822849,-1.024255526213307
0.09084606827686655,-1.0244165519896475,-1.011051412822849
0.12192393513082767,-1.0155601344085043,-1.032950918249006
0.1483320683486481,-1.0134667993788715,-1.022001165352853
0.1650786882959115,-1.0324678409076324,-1.0147550055493695
0.16652791498132766,-1.0466381098840274,-0.9878637027917123
0.17023149425898076,-1.0448668262284504,-0.956141629923776
0.12949211987105602,-1.0685376176896872,-0.9572688101252772
0.1317464727381608,-1.0645119727626475,-0.9695067668486335
0.1280428930196177,-1.0690206950842558,-0.9422934163365229
0.12321213680124764,-1.0656391533372325,-0.9034862162675065
0.14897616913189252,-1.0405191300235552,-0.9260298174069111
0.13158544753388887,-1.0192637271860236,-0.9497006002754015
0.11435575021347763,-0.9865754967270299,-0.9617775309701091
0.10582141381761925,-0.9653200973917719,-0.9967201196236396
0.04447080026968426,-0.9316657179345362,-1.006381665531731
0.06234460226797215,-0.9350472582977184,-1.0168483405872382
0.06105640035516083,-0.9203939169763897,-1.0125006447543243
0.04286054778893405,-0.9036472419844208,-1.0173314179055697
0.04769130520715024,-0.8928585191264766,-1.0052544851610952
0.05590359265263381,-0.9020369848188461,-0.9825498528075736
0.04608105274242303,-0.8960790333751625,-0.935530335495312
0.06363280417565516,-0.9303775120910899,-0.9046133962875715
0.07393841925249137,-0.9612944537337629,-0.8944687762468546
0.060251274157049554,-0.9677354836103478,-0.8946298019593286
0.04769130520715024,-1.0182975725443713,-0.8635518409212142
0.03641953778582171,-0.9933385786231711,-0.851957990927928
0.07957430235879596,-0.9484123943609417,-0.8498646569451922
0.07570969681076586,-0.9173344282119162,-0.8656451749916071
0.05767487030963206,-0.9021980105350467,-0.852441068002771
0.06685330892242584,-0.8973672390835177,-0.8455169633315821
0.05155591108980748,-0.9191057111773339,-0.8537292735391764
0.0552594916840489,-0.95630265566661,-0.8625856867394005
0.07103996504530756,-0.9590400933069095,-0.8410082440896696
0.0863373619567666,-0.9620995824614029,-0.8410082440896696
0.09454964842136658,-0.9793293377076571,-0.8788492825137962
0.07635379773864326,-0.9934996043843062,-0.9339200781727738
0.07216714168451993,-1.01459397977778,-0.9627436854449412
0.07313329308643371,-1.0060596139968676,-1.010085258205429
0.06733638463167686,-1.031823737786909,-1.0240945004370456
0.04881848192769232,-1.0286032222022958,-1.0266709128667302
0.03786876504769727,-1.056460683056972,-1.0656391533372325
0.028207249845965694,-1.0239334746608635,-1.0553335025139685
0.043182598285724995,-1.0116955159027128,-1.0348832276216264
0.07522662111401633,-1.0232893715569265,-1.030696557328692
0.07232816691837257,-1.0268319386442586,-1.0158821859527127
0.07957430235879596,-1.020551933379328,-0.9925334498186843
0.08939684125225893,-1.008152948979142,-1.0007457637173598
0.07973532758896207,-1.0152380828646128,-0.9719221530981093
0.07699789866523839,-1.0078308974425365,-0.9716001015971493
0.03738568929445973,-0.9996185833661282,-0.9612944537337629
0.042216446794390794,-0.9677354836103478,-0.9308605892817878
0.035131335769818355,-0.9588790675627284,-0.8986554447969478
0.036097487282301506,-0.947929317144327,-0.8926974934148749
0.043665674030310575,-0.9392339273672289,-0.8563056846272186
0.01902881013722633,-0.9079949363710765,-0.8704759459744442
-0.0038367776371635715,-0.9265128945911886,-0.8406861927176275
-0.004963954541042329,-0.9021980105350467,-0.854373376309283
-0.002870626008390308,-0.8588820957355688,-0.8765949226551814
-0.0073793336339942105,-0.844067732139898,-0.9030031391172395
-0.014142395190100687,-0.8730523571944796,-0.9419713648647235
-0.011888041322372292,-0.8774000511743307,-0.9891519088614645
0.019350860657727672,-0.850186708326279,-1.0009067894821384
0.008079092249568948,-0.852441068002771,-1.0007457637173598
-0.0015824238411767187,-0.8583990186512063,-0.9844821618827336
0.004858586918018595,-0.8537292735391764,-0.9804565179890232
-0.016557774351509135,-0.8463220917741834,-0.9828719043193082
-0.01076086439439286,-0.8667723548812172,-0.966286251877063
-0.01494752157523528,-0.8583990186512063,-0.9472852141899502
0.001799106823376186,-0.8443897835152725,-0.9300554606310208
0.030622628673433572,-0.8612974811680908,-0.9205549427016285
0.046242077989256274,-0.8447118348909642,-0.8955959562358374
0.08150660511549981,-0.8023620817109578,-0.8707979973758382
0.08231173126072022,-0.8010738763770643,-0.8782051796954629
0.05670871886156217,-0.781750796978318,-0.8719251772832156
0.07023483887203745,-0.7846492588152522,-0.8970451876559531
0.05397128974303313,-0.7506728466768257,-0.9031641648339158
0.04946258290909663,-0.7154082330783957,-0.914596990920593
0.07039586410685174,-0.6640410630112513,-0.9273180232332361
0.08826966467307552,-0.6809487513253839,-0.9716001015971493
0.10598243903471989,-0.6899661854512358,-0.9550144497261578
0.09954143028816541,-0.6785333672268538,-0.9638708656691838
0.068624586519487,-0.6791774696513798,-0.9825498528075736
0.02901237612379085,-0.6859405451856827,-0.9691847153500504
0.02337649213696283,-0.7200779762127546,-0.9666083033727939
0.022732391103649174,-0.7260359244467006,-1.0075088459062476
0.021122138514758387,-0.7445538723546127,-0.9957539650485129
0.03980106805343766,-0.7413333595995146,-0.9902790891766564
0.022893416362097734,-0.7587241288544625,-0.9724052303501437
0.030461603418829752,-0.7253918219296793,-0.9508277804547142
0.03303800748287844,-0.7144420793348016,-0.9484123943609417
0.04704720422222076,-0.6962461843646811,-0.9316657179345362
0.0633107536992152,-0.6861015707953512,-0.9147580166429778
0.0312667296910478,-0.6814318281472359,-0.8840021051061442
0.05107283535699907,-0.6654902934038367,-0.8814256937998189
0.05976819843722126,-0.6448790173147735,-0.8695097917721658
0.03641953778582171,-0.640048249669835,-0.888510824941065
0.0377077397966982,-0.6039785201833326,-0.8707979973758382
0.02128316377400789,-0.6160554380937867,-0.8757897941380146
-0.005930106176061185,-0.6331241495035601,-0.8822308223308648
0.01757958279100577,-0.6080041594371022,-0.9113764764895457
0.010494471227210096,-0.6585661926973747,-0.9278011004194159
-0.00979471274496164,-0.6619477302333292,-0.9490564973175376
-0.0015824238411767187,-0.6584051671012989,-0.9574298358686657
-0.016879824907724644,-0.6555067063855311,-0.9501836774946314
-0.01993930520774395,-0.6192759496121384,-0.9698288183475336
-0.03974541521750065,-0.6358615844354435,-0.9926944755794233
-0.04216079456983072,-0.6611426022453982,-0.9754647196295863
-0.014464445743914334,-0.644717991725456,-0.9811006210086898
-0.009311636921326933,-0.6505149129909813,-0.9680575351075047
0.023859567911107063,-0.6371497891172232,-0.928445203335432
0.01757958279100577,-0.6443959405470594,-0.9379457214939806
0.020317012217309458,-0.6403703008439378,-0.8976892905113995
0.03255493172243133,-0.6157333869437015,-0.8595261985158296
0.05477641595676891,-0.6547015784135003,-0.8669333805800502
0.03255493172243133,-0.7047805420561826,-0.8672554319779542
0.038512866050892484,-0.6836861866586704,-0.8688656889722334
0.012104723868960303,-0.6957631075208938,-0.8582379929565774
0.021122138514758387,-0.7010769528418893,-0.8740185114072275
0.015969330176485406,-0.6983395173626902,-0.8883497992316044
-0.017201875464260396,-0.7113825924989573,-0.9107323736071417
-0.04038951637636112,-0.7313497702606251,-0.9049354477225894
-0.03555875771612392,-0.7216882324814744,-0.9199108398011493
-0.01430342046696748,-0.7208831043461215,-0.9519549606379101
-0.020261355767321958,-0.6968902868241764,-0.9509888061949331
-0.05955152643819594,-0.6872287500652553,-0.9627436854449412
-0.0719504747291386,-0.6603374742594547,-0.9862534452116513
-0.0924006891805256,-0.6540574760373068,-1.0096021808977882
-0.09996887910776,-0.6516420921379107,-1.0261878355346201
-0.1078591198583283,-0.6437518381912202,-1.0160432117249356
-0.09433299297493603,-0.6361836356054112,-1.018458598317782
-0.06631458908353322,-0.6489046570735545,-1.0076698716743524
-0.03507568185406234,-0.6374718402884633,-0.9720831788487083
-0.004641903996676611,-0.6331241495035601,-0.9311826407426493
-0.005124979813345295,-0.6493877338479477,-0.9134698108661193
0.010816521756200818,-0.6489046570735545,-0.9495395745358166
0.019672911177908637,-0.7096113106597365,-0.9508277804547142
0.012104723868960303,-0.7089672081751308,-0.9476072656669801
0.038673891301491015,-0.700110799140726,-0.9493785487963111
0.06427690512757353,-0.7075179775894163,-0.9543703467578336
0.06653125844919118,-0.6960851587500059,-0.9239364829499533
0.08424403400107411,-0.7054246445325246,-0.896562110515201
0.06411587988971414,-0.7120266949883305,-0.8683826118731167
0.06975176316711373,-0.715569258702606,-0.8621026096495644
0.04833540619079785,-0.7253918219296793,-0.8641959437106764
0.0162913807000302,-0.7635548982563426,-0.8567887617084873
0.02740212356613804,-0.8183036231382824,-0.8690267146720975
0.04350464878219549,-0.8236174704535812,-0.8582379929565774
0.0331990327362006,-0.8558226075466637,-0.838914910177069
0.057191794585957675,-0.8706369716751016,-0.8004297737120226
0.05686974410310746,-0.9215210970547255,-0.7827169509211046
0.04608105274242303,-0.9321487951271364,-0.8038113127176603
0.0523610373095524,-0.9154021195333097,-0.8030061843798096
0.04688617897578809,-0.9202328912512303,-0.8012349020435231
0.042216446794390794,-0.9136308365879492,-0.8126677245649822
0.067014334158923,-0.9208769941523437,-0.801717979043376
0.08327788263233983,-0.9068677563393565,-0.8050995180623489
0.10710961555217954,-0.9215210970547255,-0.8229733677440938
0.1277208426073049,-0.9413272619220758,-0.8321518314741574
0.11548292670175465,-0.9183005825555004,-0.8231343934213466
0.08263378171824735,-0.9200718655261502,-0.8099302881501732
0.05976819843722126,-0.9269959717761793,-0.8324738828377888
0.03658056303746165,-0.9162072481480085,-0.8490595284938639
0.038995941802447746,-0.9244195601311392,-0.8538902992315841
0.04237747204314678,-0.956463681409523,-0.8445508092030787
0.02257136584512052,-0.9820667755405661,-0.8131508015817411
0.01725753226874242,-0.985609342181845,-0.773538488580034
-0.012532142425836262,-1.0050934593941783,-0.7497066928288515
-0.022193659131514828,-1.0202298818305267,-0.741494385236515
-0.04956795802926865,-0.9955929392862688,-0.7321548984217967
-0.07984071479765115,-1.000101660659038,-0.7487405389837366
-0.08612070192824803,-1.0364934854408525,-0.7529272056665506
-0.12959753924607142,-1.0323068151273327,-0.7345702829172271
-0.15149698543616164,-1.0424514394408282,-0.708806182554178
-0.1432846929415814,-1.063384792191941,-0.7299005395755208
-0.1392590594417587,-1.0648340243549905,-0.7677415651291158
-0.1413523888554302,-1.0672494113076525,-0.7904461825662883
-0.13974213545909897,-1.0814196817886073,-0.8247446501982398
-0.138775983425138,-1.0825468624213597,-0.8511528624714431
-0.13024164058349508,-1.094945849637538,-0.8463220917741834
-0.11091860101736047,-1.0938186689621363,-0.8683826118731167
-0.10576579066088973,-1.1013868821427777,-0.8897990306196046
-0.08483249943000014,-1.119904851300425,-0.915563145256091
-0.05955152643819594,-1.1147520249949834,-0.9065457049024359
-0.05101718568244538,-1.1055735533390647,-0.902520061967686
-0.043126946315805215,-1.089631997916016,-0.9142749394760612
-0.026380316460146803,-1.0674104371051298,-0.8941467248221447
-0.011888041322372292,-1.0527570898588106,-0.8732133828964059
-0.0001331964091871075,-1.064028895374727,-0.8698318431726081
0.039640042803399896,-1.0765889076921589,-0.8434236293901013
0.03352108324260461,-1.0820637850068482,-0.7980143887294275
0.05187796157794581,-1.078843268928305,-0.7973702860704186
0.08875274035034933,-1.0696647982781224,-0.7579190006277644
0.07329431831980553,-1.0490534967025233,-0.7757928477276262
0.08424403400107411,-1.0236114231087365,-0.7989805427203223
0.08778658899508034,-1.0218401395777001,-0.8010738763770643
0.07007381363714302,-1.0332729698103176,-0.8292533692157578
0.07120099027972117,-1.0174924436785056,-0.850991836780384
0.07345534355309719,-1.014271928234839,-0.8894769791994939
0.07764199959055122,-1.0015508925420442,-0.9485734200999718
0.07619277250679413,-0.9991355060739313,-0.9592011190511697
0.05896307223590487,-0.9880247285501541,-0.9762698483920879
0.067014334158923,-0.9857703679391777,-0.9809395952536543
0.04028414380307029,-1.004771407860582,-0.9785242089376291
0.05896307223590487,-1.0527570898588106,-0.9835160073437278
0.05252206255326102,-1.0680545402958308,-0.9844821618827336
0.007434991185821484,-1.1009038047004935,-0.986414470969301
0.010816521756200818,-1.1058956049717636,-1.0260268097574086
-0.002226524924142924,-1.1152351024576774,-0.9886688315847133
-0.01993930520774395,-1.1323038399298246,-0.9798124149706243
-0.02670236702612923,-1.147118216569389,-1.0054155109280913
-0.0001331964091871075,-1.124735626035339,-0.9770749771565702
0.013231900713420335,-1.119421773830849,-0.9746595908690653
0.0014770562854164017,-1.1239304969079096,-0.9579129130993068
0.010333445962594607,-1.1152351024576774,-0.9215210970547255
0.002926283703712995,-1.120065877123775,-0.9191057111773339
0.004375511115523263,-1.1060566307882316,-0.8722472286860373
-0.007057283087226383,-1.1046073984428673,-0.8363384992261222
0.0003498794000347434,-1.1321428141004632,-0.8315077287478467
0.03078365392795728,-1.1025140628442092,-0.8062266977431185
0.06653125844919118,-1.1162012573852018,-0.8144390069632576
0.09503272408926221,-1.1063786824214052,-0.813311827254153
0.0684635612837912,-1.0664442823214533,-0.8286092664951605
0.07281124261944967,-1.0413242589460336,-0.8239395218088011
0.0708789398108138,-1.0168483405872382,-0.8427795266415741
0.06250562750671299,-1.0007457637173598,-0.8625856867394005
0.04173337104764217,-0.9698288183475336,-0.8656451749916071
0.015325229128434752,-0.9630657369371858,-0.8658062006898848
0.0014770562854164017,-0.9484123943609417,-0.8336010626129982
0.015486254390567548,-0.9625826596989377,-0.825388752911219
0.03754671454561902,-0.9387508501641663,-0.8716031258807112
0.021766239551275837,-0.9384287986958544,-0.8761118455446434
0.019833936437878983,-0.9366575156258048,-0.8786882568090939
0.01580830491459288,-0.9416493133932412,-0.9026810876841245
0.018545734355873637,-0.9629047111910238,-0.8645179951058836
0.011299597549086266,-0.9682185608562022,-0.8229733677440938
0.009850370168267633,-0.9790072861994081,-0.8229733677440938
0.010172420697899033,-1.009441155128733,-0.8414913211483277
-0.0010993480297928424,-1.0131447478370392,-0.851957990927928
0.02530879522921455,-1.0567827346413998,-0.8764338969515895
0.013553951239688132,-1.0781991657163947,-0.8970451876559531
0.029817502399613477,-1.0780381399136152,-0.9247416115856594
0.009528319638315897,-1.0883437914510479,-0.9042913448528708
-0.01832905241465743,-1.0591981215347,-0.8811036423879558
-0.01059983911928749,-1.0485704193373993,-0.8537292735391764
-0.002226524924142924,-1.0421293878704911,-0.8468051688406962
0.009528319638315897,-1.0401970784551182,-0.8215241366523893
0.03980106805343766,-1.0287642479807744,-0.8174984947647158
0.026758022540834123,-1.022001165352853,-0.7935056701430372
0.03931799230308405,-0.9868975482427251,-0.7764369503440824
0.05187796157794581,-0.9968811453864378,-0.7633938726084618
0.0265969972843079,-0.9944657589527794,-0.7632328469606604
0.0369026135405012,-0.9761088226394292,-0.7633938726084618
0.020317012217309458,-1.001228841011933,-0.7993025940512556
-0.0374910611715742,-1.0031611501973532,-0.7935056701430372
-0.04924590744055418,-1.027959119089174,-0.7775641299259377
-0.049084882146317,-1.0248996293191446,-0.8149220839826357
-0.10640989195096962,-1.0358493823122121,-0.815566186676251
-0.09964682846895896,-1.0165262890420796,-0.7988195170549748
-0.0774253351644389,-0.9830329300752942,-0.825388752911219
-0.08467147411807915,-0.9725662561009802,-0.820557982594824
-0.060034602336753055,-0.985609342181845,-0.7859374640843685
-0.05375461571168819,-1.003000124431466,-0.7931836188178193
-0.011565990771120697,-1.028925273759332,-0.8031672100472209
0.007434991185821484,-1.0566217088491465,-0.8005907993781638
-0.011888041322372292,-1.05372324460212,-0.8121846475489374
-0.013015218254274916,-1.030696557328692,-0.8142779812902902
-0.04280489573349357,-1.0434175941537396,-0.8054215693993148
-0.023964937225485403,-1.0295693768743546,-0.8250667015545706
0.0265969972843079,-1.020068856056245,-0.8344061910262424
0.03722466404322033,-1.0361714338763741,-0.847771322975864
0.02402059316899495,-1.0076698716743524,-0.8443897835152725
0.049301557663865736,-1.0463160583095734,-0.8097692624794284
0.0750655958816062,-1.032950918249006,-0.7893190029399733
0.10485526251333199,-1.0075088459062476,-0.7722502833598257
0.11564395191404495,-0.9983303772551873,-0.7373077187003213
0.11532190148938418,-0.9790072861994081,-0.7055856701518087
0.08150660511549981,-0.9830329300752942,-0.6782113160150677
0.07490457064911593,-0.9809395952536543,-0.6720923430515404
0.08971889170273281,-0.9782021574301726,-0.6411754287805862
0.0992193798474708,-0.9620995824614029,-0.6495487594395711
0.09487169886671049,-0.9337590524409559,-0.6342513285903758
0.08182865557382843,-0.9197498140762276,-0.6118687731674937
0.07377739401944011,-0.9134698108661193,-0.6318359448376849
0.06347177893747524,-0.9384287986958544,-0.6452010684936472
0.0317498054534174,-0.9381067472278593,-0.6311918425066558
0.02965647714460915,-0.909605193565987,-0.648421580299877
0.02337649213696283,-0.8986554447969478,-0.6642020886101094
0.03336005798944266,-0.9121816050943345,-0.7191118224553363
0.02369854265313908,-0.9192667369019384,-0.7347313085508913
0.04656412848268242,-0.9358523869607708,-0.7527661800239112
0.04914053241855471,-0.9334370009775579,-0.7680636164292449
0.05155591108980748,-0.9587180418186269,-0.7395620775977534
0.07683687343370982,-0.9949488362380853,-0.7432656672487609
0.10082963204773737,-1.0598422247092543,-0.7740215655389223
0.11177934679694942,-1.0975222626244432,-0.7622666930755196
0.12514443929725566,-1.1229643419576048,-0.7624277187228445
0.11918650656414666,-1.1342361498883293,-0.750994897960119
0.1414079848477254,-1.1537202759395828,-0.7321548984217967
0.14301823683791737,-1.1575848961203958,-0.739884128870086
0.14994232030435298,-1.1228033161328308,-0.7315107958927006
0.15767152958008687,-1.1031581661039107,-0.7448759236318697
0.17667250159729433,-1.1068617598717585,-0.7780472068907808
0.18279145844979208,-1.0912422560043478,-0.792217464844071
0.1992160262704401,-1.0661222307275275,-0.8274820867371704
0.1945462962887226,-1.009441155128733,-0.8374656790146622
0.15316282419170077,-1.0054155109280913,-0.8183036231382824
0.12949211987105602,-0.9918893467765207,-0.8178205461139043
0.09068504305223075,-0.9965590938609205,-0.8307026003417438
0.06250562750671299,-1.015399108636519,-0.8307026003417438
0.030461603418829752,-1.0237724488847604,-0.8263549069830686
0.035131335769818355,-1.026509887089281,-0.8292533692157578
0.02708007305364628,-1.0421293878704911,-0.8154051610027281
0.010333445962594607,-1.0709530046696543,-0.801556953376679
0.011460622813221246,-1.0820637850068482,-0.7783692582010732
0.006951915387170024,-1.0876996882204628,-0.7574359236926986
-0.01059983911928749,-1.0962340561284587,-0.7223323349911868
0.019350860657727672,-1.0991325207515443,-0.7361805392574436
0.030461603418829752,-1.1004207272589217,-0.7691907959821979
0.036097487282301506,-1.132786917418383,-0.7711231037963121
0.039156967052805955,-1.1715941446576,-0.7489015646243905
0.03931799230308405,-1.1743315840968254,-0.755664641603572
0.032715956975993804,-1.1620936197222378,-0.7392400263257386
0.009850370168267633,-1.1501777074805137,-0.7432656672487609
0.020639062736529313,-1.1748146616472956,-0.7785302838563386
0.028529300357336057,-1.1830269801141389,-0.7964041320842866
0.025791871000475287,-1.1654751624642967,-0.7983364400594083
0.007596016451878474,-1.1263458842961291,-0.7904461825662883
-0.000777297489270631,-1.0938186689621363,-0.8110574678476108
0.004858586918018595,-1.094140720583284,-0.8429405523285869
0.04028414380307029,-1.0696647982781224,-0.8361774735423626
0.0575138450684874,-1.0240945004370456,-0.8157272123498531
0.07184509121657423,-1.004288330560782,-0.8263549069830686
0.07442149495116428,-0.9967201196236396,-0.7899631055831056
0.06411587988971414,-0.9888298573435512,-0.7981754143943782
0.05815794603258531,-0.9828719043193082,-0.8076759287669656
0.029173401379115577,-0.9595231705399277,-0.7959210550922922
-0.002870626008390308,-0.9893129346205399,-0.7877087463376998
0.010977547020576054,-0.9793293377076571,-0.7959210550922922
0.013876001765635583,-0.9588790675627284,-0.812345673220873
0.016935481746158706,-0.9532431665663171,-0.7825559252637749
0.007596016451878474,-0.9258687916789773,-0.7487405389837366
0.029334426634360204,-0.9385898244299707,-0.7500287441111918
0.04769130520715024,-0.9920503725369428,-0.7157302843268959
0.07184509121657423,-1.0017119183072187,-0.7245866937851903
0.0695907379319789,-0.973854462110525,-0.7181456687007781
0.0773199491280551,-0.9843211361260347,-0.7089672081751308
0.09825322852346305,-0.9585570160746043,-0.7018820809283772
0.0840830087731521,-0.9612944537337629,-0.7223323349911868
0.07297226785298176,-0.9410052104512276,-0.7129928487247736
0.08327788263233983,-0.9361744384265467,-0.7038143883440535
0.06572613226470214,-0.9411662361866121,-0.7023651577812235
0.01757958279100577,-0.9553365012107954,-0.7136369512173248
-0.01027778856931695,-0.967574457861888,-0.732799000952164
0.038673891301491015,-0.9691847153500504,-0.7104164387672813
0.08295583217545388,-0.9624216339530136,-0.7241036168994501
0.09342247186013794,-0.9955929392862688,-0.7332820778507734
0.08054045373859052,-1.0089580778220424,-0.7332820778507734
0.06363280417565516,-1.0355273307483668,-0.7569528467583474
0.06459895560305193,-1.0538842703929487,-0.7611395135464687
0.0695907379319789,-1.0339170729338911,-0.7788523351671073
0.0684635612837912,-1.0232893715569265,-0.8184646488132339
0.060090248917186916,-1.0228062942298048,-0.82136311097593
0.05670871886156217,-1.028925273759332,-0.8079979801064715
0.05928512271667181,-1.0421293878704911,-0.8108964421763102
0.0377077397966982,-1.03568835653025,-0.8617805582567369
0.0750655958816062,-1.0083139747475638,-0.9075118592141495
0.07554867157859615,-0.9933385786231711,-0.9364964898926394
0.08198968080287251,-0.9978472999648913,-0.9551754754684371
0.11274549808055272,-0.9690236896008775,-0.9896349861389286
0.12256803596667913,-0.9920503725369428,-0.9819057497850553
0.10904191814439967,-0.982227801296156,-0.973854462110525
0.12514443929725566,-0.9598452220290028,-0.95630265566661
0.08665941241028627,-0.9704729213462846,-0.95630265566661
0.09615990064487977,-0.9252246887680343,-0.9802954922343048
0.10018553116859269,-0.9495395745358166,-0.9643539429093334
0.09036299260271873,-0.9674134321135077,-0.9400390560405849
0.1066265399023207,-0.9772360029097042,-0.9447088023851226
0.08617633672988653,-1.0131447478370392,-0.9168513510411944
0.07071791457623992,-0.9878637027917123,-0.8907651848818399
0.09020196737784247,-0.980617543743821,-0.8954349305228878
0.08424403400107411,-0.9664472776248888,-0.9030031391172395
0.06137845083384443,-0.9566247071525154,-0.8820697966244969
0.07683687343370982,-0.9538872695324224,-0.8804595395651812
0.06427690512757353,-0.934725206833052,-0.8988164705114835
0.02418161842680274,-0.9572688101252772,-0.929572383441512
0.02418161842680274,-0.9820667755405661,-0.9519549606379101
0.0008329552085359121,-0.9836770331000307,-0.9798124149706243
0.0011550057471363098,-0.955497526953233,-1.0366545112232106
-0.033626454272200054,-0.9543703467578336,-1.064028895374727
-0.057780248149648356,-0.9381067472278593,-1.0701478756743532
-0.06905201924201348,-0.943420596490317,-1.1012258563286037
-0.06776381681161277,-0.9474462399284255,-1.1021920112148331
-0.07839148701556362,-0.9870585740006917,-1.136490511520979
-0.05568691927566696,-0.9885078058259548,-1.1240915227332373
-0.036685934730402485,-1.0131447478370392,-1.121837161185848
-0.03346542898572669,-1.0387478464010702,-1.110565353681456
-0.00963368747033667,-1.030696557328692,-1.1406771831655944
-0.023964937225485403,-1.0358493823122121,-1.1176504897818276
-0.017362900742648364,-0.9941437074296382,-1.1028361144739018
-0.052788463934020334,-0.965803174634061,-1.112175611872638
-0.07871353763324523,-0.9622606082071686,-1.0437396457253434
-0.07629815800843379,-0.9717611273475896,-1.0284421964238968
-0.05874639994220121,-0.9780411316765633,-0.9841601103694149
-0.04135566811705303,-0.9632267626834269,-0.9612944537337629
-0.03249927726856752,-0.9991355060739313,-0.959362144795509
-0.03427055541889394,-1.0437396457253434,-0.9522770121195362
-0.037652086460048674,-1.0962340561284587,-0.956785732895587
-0.06438228545617607,-1.1070227856887014,-0.9443867509109457
-0.06293305774322003,-1.0952679012597937,-0.9559806041810215
-0.04844078097016857,-1.0807755785716324,-0.9844821618827336
-0.044898224524242,-1.0772330109009036,-1.0089580778220424
-0.02943979684990816,-1.0451888778014793,-0.9595231705399277
0.0038924353123072153,-1.0324678409076324,-0.9572688101252772
0.016452405961682463,-1.008797052053304,-0.9867365224848379
0.045436951754288905,-1.0182975725443713,-0.9811006210086898
0.058641021754817425,-1.0469601614587976,-0.971278050096506
0.04044516905278761,-1.0719191594666269,-0.965642148886552
0.048174380945006125,-1.0469601614587976,-0.9339200781727738
0.06250562750671299,-1.0530791414395972,-0.9067067306208565
0.08086250419788087,-1.0400360526710184,-0.8315077287478467
0.09020196737784247,-1.0603253020910013,-0.8165323407190549
0.09229529529498162,-1.079165320534735,-0.7918954135201234
0.10920294335989691,-1.058554018361412,-0.7635548982563426
0.0855322358215648,-1.0617745342405163,-0.7662923342824658
0.10453321207792823,-1.069181720882604,-0.7613005391932378
0.08955786647753594,-1.0857673785363036,-0.7395620775977534
0.07570969681076586,-1.0696647982781224,-0.7450369492706176
0.0705568893415859,-1.0781991657163947,-0.7535713082379025
0.0528441130404379,-1.0878607140279903,-0.8023620817109578
0.07361636878630873,-1.0703089014732552,-0.8207190082708865
0.09841425374433142,-1.0538842703929487,-0.8379487560680836
0.10566038860043846,-1.0572658120186351,-0.8709590230766543
0.09632092586679021,-1.0509858061701443,-0.8738574857049046
0.10260090945877172,-1.0384257948343747,-0.8693487660720638
0.09760912763918801,-1.0286032222022958,-0.8841631308134636
0.0958378502008184,-0.985126264910322,-0.9184616082797086
0.07313329308643371,-0.971439075846788,-0.8960790333751625
0.05992922367724415,-0.9508277804547142,-0.9207159684269465
0.05590359265263381,-0.9485734200999718,-0.9535652180492113
0.028851350868386017,-0.9393949531017417,-0.9373016185592586
0.03674158828902148,-0.9469631627132372,-0.9728883076028911
0.0331990327362006,-0.956141629923776,-0.9534041923077246
0.0457590022485162,-0.9646759944031627,-0.9202328912512303
0.0644379303653528,-0.9617775309701091,-0.9044523705701815
0.05542051692631531,-0.980617543743821,-0.8719251772832156
0.04173337104764217,-0.9868975482427251,-0.8630687638299503
0.04430977502196975,-0.9719221530981093,-0.8542123506166373
0.029817502399613477,-0.9741765136137034,-0.8344061910262424
0.006146789054482628,-0.9804565179890232,-0.826999009699222
0.01613035543829785,-0.9577518873556806,-0.8336010626129982
0.012909850186832187,-0.9574298358686657,-0.8271600353784588
0.05203898682189479,-0.9572688101252772,-0.8416523468347058
0.05107283535699907,-0.9509888061949331,-0.8405251670317254
0.027241098309932214,-0.9374626442928202,-0.8503477340169413
0.027241098309932214,-0.9247416115856594,-0.8947908276718819
0.043665674030310575,-0.9242585344039979,-0.8701538945733676
0.04286054778893405,-0.9506667547145746,-0.8604923526886004
0.03545338627429983,-0.9459970082850003,-0.8493815798741572
0.02546982048638156,-0.9717611273475896,-0.8537292735391764
-0.01865110297263426,-0.9492175230568847,-0.8344061910262424
-0.05552589397822858,-0.9165292995944428,-0.8158882380235347
-0.05616999516846228,-0.9397170045710048,-0.775309770766118
-0.07323867717618225,-0.9464800854987621,-0.7564697698247111
-0.05069513509229033,-0.9435816222268903,-0.7807846430383895
-0.037652086460048674,-0.95630265566661,-0.7643600264969377
-0.014142395190100687,-0.9427764935448162,-0.7608174622531688
-0.005447030358191439,-0.9645149686562083,-0.7827169509211046
-0.02766851872599775,-0.9598452220290028,-0.7873866950181978
0.010333445962594607,-0.9432595707538228,-0.7553425903156724
0.020800087996019095,-0.9704729213462846,-0.7759538733816211
0.05042873437879953,-0.9513108576756083,-0.7944718241205958
0.067014334158923,-0.9532431665663171,-0.7846492588152522
0.06733638463167686,-0.9516329091566007,-0.7822338739493541
0.07442149495116428,-0.9242585344039979,-0.7877087463376998
0.04994565864430862,-0.9039692934184872,-0.7869036180395403
0.04946258290909663,-0.9116985279312234,-0.762588744370249
0.005019612185356881,-0.9174954539356487,-0.754698487740826
0.01452010281656943,-0.9141139137539143,-0.7638769495523424
0.022893416362097734,-0.9260298174069111,-0.7764369503440824
0.03078365392795728,-0.9252246887680343,-0.7917343878582684
0.04269952254041841,-0.9278011004194159,-0.7698348985856321
0.06170050131220752,-0.9451918795969824,-0.7819118226352505
0.05896307223590487,-0.9466411112368412,-0.7912513108731805
0.052200012065763655,-0.973854462110525,-0.7930225931553295
0.06266665274537368,-0.982227801296156,-0.7794964377895977
0.09036299260271873,-1.0316627120069262,-0.7596902827291209
0.10002450594860611,-1.0496975998571305,-0.7361805392574436
0.10630448946868062,-1.0476042646092882,-0.7474523338613646
0.14189106044562508,-1.0722412110662511,-0.7476133595013831
0.18681708789482981,-1.0825468624213597,-0.7199169505863197
0.21692879455307562,-1.0875386624130141,-0.7321548984217967
0.24349794515596568,-1.10509047589061,-0.7427825903353771
0.2623378869862708,-1.0806145527675868,-0.7311887446286292
0.29776341565594067,-1.0799704495521945,-0.7123487462334938
0.28697473233641196,-1.0830299398365835,-0.708001054450606
0.33351099064483597,-1.0928525141005918,-0.7020431065459132
0.3154761785327859,-1.110082276225644,-0.7189507968293779
0.30597569674698993,-1.0954289270710398,-0.7228154118743052
0.3006618678295832,-1.073046340066696,-0.701399004076246
0.2750588727286212,-1.0522740124882244,-0.7105774643890288
0.24317589485871324,-1.0136278251499067,-0.7294174626819159
0.22304775064320034,-0.9941437074296382,-0.7358584879887649
0.17957095485765612,-0.9960760165732382,-0.7464861800229212
0.14752694236778796,-0.9664472776248888,-0.732799000952164
0.14865411874043075,-0.9385898244299707,-0.7453590005483512
0.11338959893468477,-0.9410052104512276,-0.7173405405741645
0.11854240572156005,-0.9363354641595534,-0.708001054450606
0.08698146286348533,-0.922004174232344,-0.702526183398998
0.06717535939534,-0.9598452220290028,-0.7123487462334938
0.0931004214133512,-0.9928555013402415,-0.7175015661993283
0.10179578336404947,-0.9699898440971024,-0.6737025990834457
0.0692686874614688,-0.970311895596478,-0.6526082456955226
0.06508203131566852,-1.0192637271860236,-0.6646851654071609
0.07490457064911593,-1.0327898924684689,-0.6993056710586086
0.09342247186013794,-1.0266709128667302,-0.7142810537111474
0.08987991692784952,-1.033595021371946,-0.7584020775635449
0.08971889170273281,-1.056299657264877,-0.7796574634454189
0.1277208426073049,-1.0796483979449734,-0.7885138746378443
0.13867055644599344,-1.0590370957412591,-0.7812677200079965
0.11451677542632917,-1.0466381098840274,-0.7687077190304559
0.09809220330251454,-1.0493755482796685,-0.8023620817109578
0.10984704422108416,-1.0529181156491643,-0.8033282357147118
0.1199916326155759,-1.0609694052677718,-0.7949549011104469
0.1496202699138537,-1.103802269364878,-0.7989805427203223
0.15879870591735742,-1.0637068437831756,-0.7846492588152522
0.16942636833266622,-1.0625796632152391,-0.7183066943263392
0.16427356235676152,-1.078843268928305,-0.688839006171874
0.1584766555356812,-1.077716088308293,-0.6782113160150677
0.1637904867923089,-1.0983273916870047,-0.6487436314822492
0.15654435323888588,-1.107183811505723,-0.6392431217359696
0.1633074112271343,-1.0901150753416848,-0.6223354355840406
0.17989300521831392,-1.1144299733535827,-0.6321579960036766
0.1744181490434859,-1.0901150753416848,-0.6305477401768993
0.1842406850557827,-1.1095991987705438,-0.5941559606127963
0.17602840086923935,-1.104446372627111,-0.5542216231123915
0.16523971348350083,-1.0785212173221916,-0.5746718679144924
0.16266331047244512,-1.087377636605645,-0.6043005713218046
0.15139154705762975,-1.0583929925682878,-0.6102585174409292
0.1484930935445795,-1.0575878636038543,-0.6342513285903758
0.16218023490558597,-1.043578619939502,-0.6192759496121384
0.14076388404940302,-1.0471211872463015,-0.6606595254535935
0.09760912763918801,-1.0725632626661916,-0.6495487594395711
0.05847999651415352,-1.1181335672487933,-0.664846191006337
0.038834916552009435,-1.0970391851878556,-0.6643631142090471
0.056225643136445534,-1.0954289270710398,-0.6468113243927865
0.030622628673433572,-1.1084720180447458,-0.6532523480688538
0.03239390646878875,-1.119743825477154,-0.6543795272252446
0.03625851253410166,-1.1118535602337687,-0.6313528680892938
0.05542051692631531,-1.1021920112148331,-0.6065549293000178
0.0919732448470727,-1.079165320534735,-0.599630829845105
0.09615990064487977,-1.067732488700322,-0.5796636601476894
0.08311685740393694,-1.06515607594765,-0.5534164953905409
0.10147373292559943,-1.0859284043428816,-0.5297457412574201
0.08617633672988653,-1.0732073658670225,-0.5266862561548711
0.13013622069183262,-1.0575878636038543,-0.5200842094525628
0.16282433566123775,-1.084801223698497,-0.5461703459834295
0.16781611647402034,-1.0767499334942263,-0.5650103347771596
0.15106949666857414,-1.0875386624130141,-0.5648493092272978
0.1272377669882343,-1.0385868206176827,-0.5729005868178685
0.07860815097611618,-1.0387478464010702,-0.5849775035767316
0.06991278840216844,-1.0672494113076525,-0.6025292900641465
0.038995941802447746,-1.0952679012597937,-0.6142841567722546
0.028046224590160363,-1.1414823123341493,-0.6443959405470594
-0.0015824238411767187,-1.1545254051401632,-0.6509979897677597
-0.0275074934424862,-1.1633818264770062,-0.682397981793086
-0.021227507447977367,-1.1427705190079493,-0.6943138769938236
-0.023642886662224798,-1.1377787181751664,-0.7036533627256434
-0.005447030358191439,-1.128117168392134,-0.709450285038466
0.04108927005085578,-1.147762319916727,-0.6923815696344098
0.03078365392795728,-1.1709500412634555,-0.6580831159093862
0.054454365471514964,-1.147118216569389,-0.6819149049698033
0.09261734574256993,-1.1484064232653306,-0.7015600296935436
0.10453321207792823,-1.128117168392134,-0.6796605464706089
0.12643264095484621,-1.0944627722047482,-0.6431077358366535
0.15171359744636453,-1.093496617341305,-0.6126739010337587
0.12466136367433613,-1.1319817882711811,-0.5931898072284062
0.1452725896107125,-1.1617715680343361,-0.6025292900641465
0.1818253073755211,-1.1817387732822144,-0.609775440724511
0.17731660232406563,-1.1970362297379518,-0.5912575004682183
0.17940992967720687,-1.1691787569360799,-0.6043005713218046
0.18923246553778106,-1.1624156714104554,-0.5962492929554668
0.1620192097164725,-1.181255695721547,-0.5893251937194872
0.1589597311080752,-1.1633818264770062,-0.6207251798057762
0.12015265782562122,-1.1646700332368347,-0.6316749192548083
0.10871986771316468,-1.134880253210362,-0.6200810774966975
0.07168406598248117,-1.1366515373524755,-0.6443959405470594
0.08649838718356652,-1.1627377230989895,-0.6574390135265143
0.08327788263233983,-1.1556525860242965,-0.6638800374124726
0.08021840327897957,-1.1672464467716708,-0.6976954149003339
0.06411587988971414,-1.1580679736461996,-0.7009159272248301
0.0528441130404379,-1.1501777074805137,-0.7046195164372958
0.03802979029861624,-1.1435756481816444,-0.6906102878983338
0.06765843510411021,-1.1331089690778176,-0.6967292612091834
0.08311685740393694,-1.1424484673390247,-0.7134759255940679
0.10533833816583639,-1.1289222975298454,-0.708001054450606
0.10871986771316468,-1.140355131498726,-0.6448790173147735
0.10260090945877172,-1.1593561803851555,-0.6084872361508955
0.08376095831706765,-1.2071808591493163,-0.5766041745763361
0.11065217029576437,-1.2405132151376237,-0.5720954590498588
0.10807576684973268,-1.255971700223194,-0.5674257180346347
0.10276193467747567,-1.2831850767777444,-0.5658154625276618
0.11113524593961041,-1.3153902590456936,-0.5819180179554885
0.09068504305223075,-1.334069266207781,-0.5791805834766187
0.06798048557622301,-1.3081440927601011,-0.585943656936776
0.11966958219524475,-1.3364846551424838,-0.5898082704055959
0.11661010318610304,-1.374808828615203,-0.599630829845105
0.10678756511902049,-1.3500108335049137,-0.6005969832485883
0.10163475814486453,-1.3453410813882918,-0.5896472448434801
0.07957430235879596,-1.3421205627258355,-0.569358024653507
0.1054993633831775,-1.3207041144233764,-0.5909354493426343
0.10823679206571094,-1.294778942030432,-0.6281323564516446
0.04736925471484573,-1.2580650368011588,-0.6514810665452537
0.02627494677101515,-1.2421234739667386,-0.7149251562062412
0.011299597549086266,-1.2569378555652115,-0.7313497702606251
0.011138572284871204,-1.2533952859917148,-0.711704643743485
0.038834916552009435,-1.2440557845721036,-0.7126707974789748
0.024503668942178026,-1.257581959128136,-0.695602081906457
0.017901633312948757,-1.2711081342414452,-0.7060687470101379
0.03078365392795728,-1.30540665220492,-0.6761179831462075
0.05590359265263381,-1.3041184448927283,-0.6688718310115769
0.12176290992166434,-1.2973553565866096,-0.6600154230656337
0.16958739351808955,-1.2872107243885433,-0.6371497891172232
0.1676550912877145,-1.2777101961062525,-0.6173436426973097
0.17796070304955325,-1.2614465805322201,-0.6175046682731079
0.1740960986773725,-1.2263429377820498,-0.6163774892441902
0.1618581845272788,-1.2313347399625116,-0.6125128754603467
0.1916478431626782,-1.2234444720346875,-0.607682108294971
0.18375760952117462,-1.1959090487116069,-0.6033344179073433
0.16282433566123775,-1.1963921262938517,-0.618631847305923
0.15171359744636453,-1.190434169495875,-0.630386714594659
0.13609415322319154,-1.1984854624917998,-0.6358615844354435
0.12611059054092968,-1.2366485939799776,-0.6226574867406478
0.10646551468554073,-1.2350383351777212,-0.6250728704253427
0.10453321207792823,-1.2442168104563975,-0.6133180033282026
0.1043721868601061,-1.2564547778938475,-0.6044615968911599
0.08488813491196065,-1.2554886225532516,-0.5946390373060654
0.09181221962299799,-1.266599409141761,-0.5481026524762325
0.10405013642422134,-1.2321398693535675,-0.5490688057269322
0.09116811872589764,-1.208469066081139,-0.5476195758519571
0.12450033846653592,-1.2429286033842584,-0.5563149551985154
0.0955157997564364,-1.2427675775005964,-0.5906133982173684
0.08327788263233983,-1.2588701662577764,-0.5994698042781361
0.08649838718356652,-1.2532342601029187,-0.595766216259811
0.10018553116859269,-1.2331060246254413,-0.6117077475944793
0.08714248808996465,-1.2279531965416453,-0.6387600449766045
0.09390554752971687,-1.1962311004330244,-0.6714482406410041
0.08021840327897957,-1.1981634107681693,-0.6695159334170259
0.06459895560305193,-1.2147490749461975,-0.6822369561852456
0.07168406598248117,-1.2102403506206534,-0.7038143883440535
0.04914053241855471,-1.208147014347709,-0.7294174626819159
0.04430977502196975,-1.208791117814885,-0.7184677199519797
0.06186152655126887,-1.2332670505043632,-0.7152472074542646
0.07297226785298176,-1.234716283418218,-0.6817538793622014
0.08070147896827576,-1.2281142224180392,-0.6830420842252424
0.06685330892242584,-1.2218342132972144,-0.6743467014984335
0.06041229939683206,-1.2260208860310786,-0.6642020886101094
0.07120099027972117,-1.2215121615506677,-0.6345733797587532
0.08343890786066259,-1.2321398693535675,-0.5825621201891527
0.11451677542632917,-1.2590311921493367,-0.5936728839202432
0.11516087627693353,-1.2529122083255633,-0.6031733923385448
0.12868699384328106,-1.2471152763871942,-0.603817494614216
0.13400082558954832,-1.2332670505043632,-0.6052667247391297
0.1650786882959115,-1.2382588527901337,-0.6154113357939343
0.15702742881416756,-1.2818968695527113,-0.618631847305923
0.20614010853289788,-1.318127699684069,-0.5954441651297716
0.2127421403193675,-1.3273061772850736,-0.5978595486128238
0.21757289519959952,-1.31925488113003,-0.6292595355212033
0.23270926002318995,-1.3343913180647156,-0.6173436426973097
0.22530210285771265,-1.3500108335049137,-0.6302256890124982
0.22916670661741523,-1.350654937250345,-0.6547015784135003
0.2383451403613896,-1.3769021659504008,-0.6545405528193328
0.21370829130119282,-1.3749698545635909,-0.6733805478764288
0.18279145844979208,-1.361765727057728,-0.6505149129909813
0.18649503754107224,-1.3521041706821804,-0.670643112629622
0.1447895140178654,-1.3417985108613257,-0.6650072166055927
0.11693215360948099,-1.3170005182419753,-0.6674226006039671
0.0863373619567666,-1.2997707452513805,-0.6268441518054918
0.07426046971835344,-1.2720742896280037,-0.6062328781593185
0.04028414380307029,-1.2310126882066421,-0.6091313384370668
0.028529300357336057,-1.220707032185684,-0.600758008816114
0.04269952254041841,-1.2095962471506327,-0.5679087946882785
0.0692686874614688,-1.2054095746263176,-0.5513231633230418
0.07828610051458178,-1.1839931352414022,-0.566459564729496
0.07876917620676317,-1.1883408333493,-0.5424667585709296
0.10501628773091362,-1.208469066081139,-0.534898558337204
0.08472710968435923,-1.2160372819077319,-0.5274913838106501
0.12868699384328106,-1.2190967734616427,-0.5282965114684195
0.1625022852835723,-1.2287583259244057,-0.5548657252913047
0.19470732146162942,-1.2521070788835573,-0.5819180179554885
0.17312994757710676,-1.247276302272989,-0.5938339094843481
0.1744181490434859,-1.2469542505014786,-0.6078431338659969
0.1692653431471626,-1.2628958135704798,-0.6263610750644968
0.15074744627919773,-1.2599973475003576,-0.6624308070270419
0.13625517842521812,-1.2864055948624358,-0.6688718310115769
0.11194037201108373,-1.3102374296706323,-0.704136439581112
0.11966958219524475,-1.2991266416057048,-0.6976954149003339
0.09390554752971687,-1.2978384343181428,-0.7175015661993283
0.06894663699063816,-1.2889820093529274,-0.7302225908383212
0.0750655958816062,-1.2485645093621895,-0.7302225908383212
0.05686974410310746,-1.2485645093621895,-0.7526051543813511
0.05767487030963206,-1.2265039636576538,-0.7419774621479925
0.07297226785298176,-1.2100793247530295,-0.7223323349911868
0.05815794603258531,-1.227309093036859,-0.7410113083257522
0.05590359265263381,-1.2765830148028643,-0.7356974623545446
0.04962360815424741,-1.2960671493059945,-0.7299005395755208
0.06363280417565516,-1.319415907051197,-0.7234595143862421
0.0575138450684874,-1.2902702166057527,-0.6980174661313531
0.06153947607306604,-1.2662773573512953,-0.7175015661993283
0.10405013642422134,-1.2743286522076953,-0.7271631038545464
0.05815794603258531,-1.2727183932206219,-0.6777282391979845
0.04447080026968426,-1.2760999371025965,-0.6453620940832033
0.0414113205494092,-1.2580650368011588,-0.6463282476222099
0.028851350868386017,-1.2403521892551466,-0.6513200409526761
0.008723193312035091,-1.2646670984037063,-0.6442349149579802
0.02128316377400789,-1.2759389112026651,-0.6197590263426352
0.03593646203042125,-1.266760435037112,-0.6141231311980471
0.0277241740783094,-1.275455833503345,-0.6258779983242175
0.0433436235340003,-1.2566158037842232,-0.6379549170459199
0.0311057044367644,-1.2844732840078312,-0.6870677244550306
0.02627494677101515,-1.2769050666034374,-0.6864236220149265
0.0265969972843079,-1.2300465329409305,-0.7118656693658679
0.0027652584353336836,-1.2105624023561377,-0.7054246445325246
-0.0006162722191296376,-1.1728823514496836,-0.6975343892849435
0.034970310517457456,-1.1377787181751664,-0.6822369561852456
0.030300578164145837,-1.124252548558644,-0.6775672135924492
0.018545734355873637,-1.1091161213161558,-0.6832031098334801
0.02321546687875456,-1.1017089337713624,-0.6632359350181528
-0.002226524924142924,-1.0780381399136152,-0.6290985099395991
-0.01076086439439286,-1.0263488613119112,-0.6395651729092772
-0.005447030358191439,-1.044383748869501,-0.6646851654071609
0.0014770562854164017,-1.0606473536792282,-0.6511590153601782
0.011782673341250946,-1.0764278818901705,-0.6421415823071885
0.002282182629715284,-1.1004207272589217,-0.6250728704253427
-0.031050049698231958,-1.1335920465675624,-0.6207251798057762
-0.04876283155808272,-1.124735626035339,-0.5994698042781361
-0.043610022189872984,-1.1041243209958365,-0.6010800599514039
-0.04538130040095098,-1.094784823826529,-0.607682108294971
-0.03169415083980284,-1.1160402315637499,-0.6034954434762213
-0.054720767492237074,-1.157906947804186,-0.6163774892441902
-0.03169415083980284,-1.1685346535466785,-0.6282933820327714
0.006468839587797831,-1.1817387732822144,-0.6397261984960503
-0.018812128251742766,-1.2161983077782792,-0.6324800471699863
-0.017362900742648364,-1.2418014222002838,-0.6532523480688538
0.003087308972012228,-1.2637009430389436,-0.6738636246870734
0.005663713253909218,-1.278676351512236,-0.6991446454424236
0.020317012217309458,-1.2720742896280037,-0.6875508012859433
0.007273965919684413,-1.286727646672642,-0.6788554184389578
-0.01961725464848618,-1.2979994602288116,-0.6978564405158038
-0.025575190046591666,-1.3105594815042054,-0.7181456687007781
-0.04022849108652594,-1.2662773573512953,-0.7229764375021702
-0.01865110297263426,-1.2614465805322201,-0.7241036168994501
0.01564727965262026,-1.2477593799308466,-0.71717951494908
-0.0052860050857283306,-1.2150711266861072,-0.7152472074542646
0.02128316377400789,-1.2310126882066421,-0.7112215668768128
0.02691904779728025,-1.2274701189129371,-0.7042974651997604
0.019350860657727672,-1.2582260626923243,-0.6923815696344098
0.02015598695757939,-1.2485645093621895,-0.6922205440216419
0.038351840800213845,-1.2442168104563975,-0.7358584879887649
0.03593646203042125,-1.224088575531889,-0.7516390005276588
0.039640042803399896,-1.2252157566550337,-0.7654872060371061
0.054615390714182,-1.19156135050341,-0.7880307976575195
0.07909122666781672,-1.1807726181615912,-0.755664641603572
0.06363280417565516,-1.2021890573362726,-0.7593682314372504
0.06041229939683206,-1.2086300919479724,-0.7972092604058648
0.07152304074830797,-1.2342332057795553,-0.796082080756211
0.09068504305223075,-1.2163593336489056,-0.8026841330452249
0.10952499379065087,-1.2086300919479724,-0.8038113127176603
0.1066265399023207,-1.221995239170606,-0.7912513108731805
0.11725420403253821,-1.2192577993336913,-0.7917343878582684
0.11596600233838503,-1.2397080857260285,-0.7770810529618091
0.11033011986613278,-1.2136218938590038,-0.8005907993781638
0.09744810241791885,-1.2013839280187004,-0.8189477258385642
0.09068504305223075,-1.1836710835319983,-0.7925395161683362
0.08665941241028627,-1.195425971130073,-0.8081590057763433
0.05413231498594053,-1.2178085664880984,-0.8189477258385642
0.04495387601234709,-1.2343942316590306,-0.8234564447760904
0.038995941802447746,-1.2464711728448055,-0.8131508015817411
0.06717535939534,-1.2583870885835688,-0.8184646488132339
0.054454365471514964,-1.2408352669028146,-0.7944718241205958
0.0750655958816062,-1.2781932738088888,-0.7936666958057651
0.08923581602690177,-1.2748117299053572,-0.7656482316860193
0.13625517842521812,-1.2627347876770239,-0.7672584881795178
0.14801001795654467,-1.301703056195986,-0.7951159267738893
0.1538069249653203,-1.3182887256046838,-0.7567918211137225
0.1757063505047305,-1.3187718033670015,-0.7345702829172271
0.19760577456022999,-1.291236372048688,-0.698983619826318
0.13464492640134357,-1.2772271184043265,-0.6914154159589945
0.11580497712625508,-1.2474373281588627,-0.7126707974789748
0.12530546450473512,-1.2620906841039903,-0.7115436181211815
0.11709317882104969,-1.2598363216083235,-0.7042974651997604
0.14446746362223303,-1.2717522378321684,-0.7387569494183118
0.13883158164673692,-1.2326229469891488,-0.7369856674305305
0.12643264095484621,-1.2226393426649633,-0.7265190013353008
0.1282039182256538,-1.1988075142157464,-0.7435877185247473
0.10630448946868062,-1.2086300919479724,-0.7611395135464687
0.11274549808055272,-1.2178085664880984,-0.7640379752004615
0.1298141702816047,-1.2033162383841927,-0.7352143854523605
0.1323905735544468,-1.180450566455349,-0.7374687443353358
0.12611059054092968,-1.177713126965057,-0.750994897960119
0.09712605197514003,-1.2152321525561804,-0.7724113090120739
0.09084606827686655,-1.2458270693036806,-0.7716061807516272
0.11966958219524475,-1.2854394394337123,-0.775309770766118
0.11210139722513787,-1.3203820625798581,-0.7959210550922922
0.10469423729567019,-1.317322570082179,-0.8224902907128114
0.11081319551045987,-1.3424426145906607,-0.8212020852995501
0.11644907797429381,-1.3429256923884907,-0.8149220839826357
0.14945924471848368,-1.361765727057728,-0.8018790047101524
0.14430643842429655,-1.3377728625815848,-0.790768233888807
0.1269157165751196,-1.3242466847229146,-0.7860984897433654
0.1330346743694497,-1.2981604861395595,-0.8125066988928878
0.11950855698495891,-1.2872107243885433,-0.7915733621964931
0.09261734574256993,-1.274489678106837,-0.7880307976575195
0.08955786647753594,-1.243411681035718,-0.8200749055671128
0.0773199491280551,-1.279481481019394,-0.8025231073780517
0.0552594916840489,-1.274972755804736,-0.7968872090769953
0.0766758482021011,-1.2775491702055315,-0.7859374640843685
0.07361636878630873,-1.2785153256110413,-0.7751487451124406
0.06572613226470214,-1.2474373281588627,-0.768546693380034
0.06379382941375494,-1.2733624968145036,-0.777725155580806
0.05268308779688952,-1.3092712741718064,-0.792217464844071
0.0575138450684874,-1.3065338336072316,-0.7703179755390416
0.08617633672988653,-1.304923574462256,-0.801717979043376
0.05976819843722126,-1.3189328292879323,-0.8231343934213466
0.08971889170273281,-1.291558423863631,-0.844067732139898
0.09068504305223075,-1.279964558724636,-0.8455169633315821
0.08665941241028627,-1.2973553565866096,-0.8369826019619547
0.05203898682189479,-1.2923635534023707,-0.8432626037028504
0.04173337104764217,-1.3073389631826797,-0.8564667103208955
-0.005124979813345295,-1.2841512321998356,-0.8239395218088011
-0.03443158070576753,-1.2627347876770239,-0.8129897759094088
-0.01059983911928749,-1.273040445017405,-0.816210289371136
-0.01993930520774395,-1.2670824868280515,-0.7939887471314593
0.011460622813221246,-1.2769050666034374,-0.7629107956652958
-0.01349829408343415,-1.2762609630026067,-0.7422995134227081
-0.011888041322372292,-1.251140923555757,-0.7641990008486599
-0.013337268806967676,-1.2558106743331343,-0.7986584913897066
-0.04022849108652594,-1.2298855070635883,-0.8131508015817411
-0.03781311174860319,-1.195586996990505,-0.7983364400594083
-0.037974137037237746,-1.2263429377820498,-0.7757928477276262
0.02015598695757939,-1.241479370434145,-0.7592072057914343
0.07168406598248117,-1.2440557845721036,-0.7582410519182053
0.09696502675363039,-1.2588701662577764,-0.7608174622531688
0.11483882585179168,-1.2746507040060577,-0.7526051543813511
0.10904191814439967,-1.2351993610575913,-0.7421384877853106
0.05590359265263381,-1.2184526699742384,-0.7402061801427364
0.0773199491280551,-1.2279531965416453,-0.7324769496868214
0.054615390714182,-1.2000957211146945,-0.7381128468761884
0.023054441620466194,-1.1781962045205074,-0.7852933614491753
0.009850370168267633,-1.169822860326746,-0.825388752911219
-0.03491465656686857,-1.1571018185953035,-0.858721070040702
-0.0640602348527368,-1.1466351390597156,-0.8886718506506048
-0.08789198037169893,-1.162576697254683,-0.8701538945733676
-0.1339452232985092,-1.2121726610383008,-0.8522800423110773
-0.11864781670562448,-1.2145880490763614,-0.8685436375727429
-0.11156270231767788,-1.1967141780157438,-0.8646790208036061
-0.1482764785507584,-1.1946208418290973,-0.8659672263882419
-0.10914732244808587,-1.1833490318229105,-0.852441068002771
-0.0774253351644389,-1.2079859884811126,-0.8376267046990566
-0.05117821097764294,-1.1941377642494604,-0.8422964495810117
-0.03330440369933338,-1.224410627280964,-0.8625856867394005
-0.03700798530663104,-1.2608024769617137,-0.874823639920032
-0.008506510550203772,-1.2619296582109294,-0.8909262105924901
0.0037314100444083755,-1.268853771683864,-0.8901210820400326
-0.00029422167908787567,-1.286727646672642,-0.9050964734402172
0.013392925976594278,-1.31297487026607,-0.9141139137539143
0.0059857637877049055,-1.3112035851722994,-0.9442257251739761
0.006951915387170024,-1.274489678106837,-0.9546923982418373
0.039640042803399896,-1.2105624023561377,-0.973854462110525
0.024503668942178026,-1.1831880059684852,-0.9820667755405661
-0.01607469851778633,-1.221995239170606,-0.9678965093588866
0.036097487282301506,-1.2366485939799776,-0.902520061967686
-0.004641903996676611,-1.2047654711657798,-0.8775610768783986
-0.04377104748138898,-1.22714806716086,-0.8897990306196046
-0.06905201924201348,-1.208469066081139,-0.8643569694082405
-0.07323867717618225,-1.1725602997511884,-0.8511528624714431
-0.07565405677819105,-1.1743315840968254,-0.8239395218088011
-0.07726430985619814,-1.1732044031484952,-0.8118625962053044
-0.08499352474200113,-1.1527541209014958,-0.8232954190986789
-0.04892385685215984,-1.169822860326746,-0.8088031084566248
-0.025092114199419223,-1.1546864309805165,-0.7889969516188836
-0.04377104748138898,-1.1873746782092318,-0.7823948996065248
-0.062127931238822924,-1.1907562212119185,-0.8034892613822819
-0.09900272719231673,-1.189468014349642,-0.8226513163898261
-0.08418839818279622,-1.206536755685301,-0.8295754205765326
-0.06567048787313387,-1.2387419304347211,-0.8585600443459146
-0.061805880637624246,-1.2300465329409305,-0.8693487660720638
-0.05375461571168819,-1.2403521892551466,-0.8669333805800502
-0.049084882146317,-1.2110454799599568,-0.866289277785194
-0.03781311174860319,-1.1952649452697197,-0.8432626037028504
-0.07935763886956858,-1.2136218938590038,-0.8149220839826357
-0.0920786385492438,-1.2007398245660652,-0.8208800339470284
-0.08885813225402482,-1.1817387732822144,-0.8305415746607613
-0.07001817106817468,-1.211850609301236,-0.8004297737120226
-0.05311051452625617,-1.2102403506206534,-0.8057436207365981
-0.025253139481729983,-1.2453439916486662,-0.8247446501982398
0.004053460580125977,-1.251301949443526,-0.8364995249099614
0.012265749132694855,-1.2458270693036806,-0.8315077287478467
0.01468112807910267,-1.2451829657638194,-0.82216823935902
0.014037027028489175,-1.2854394394337123,-0.8316687544293053
0.04688617897578809,-1.2825409731645963,-0.849220554183971
0.07103996504530756,-1.2860835430525455,-0.852924145078328
0.054293340228767806,-1.2405132151376237,-0.8414913211483277
0.05686974410310746,-1.2630568394640145,-0.8323128571559333
0.05316616352729429,-1.2769050666034374,-0.8469661945296926
0.04897950717316358,-1.2698199270637893,-0.82136311097593
0.03786876504769727,-1.2865666207674993,-0.8228123420669203
0.022410340586511777,-1.2793204551178043,-0.8408472184036088
0.039640042803399896,-1.2722353155260397,-0.8218461880055459
0.038190815549455095,-1.2955840715770663,-0.8274820867371704
0.03255493172243133,-1.304923574462256,-0.8422964495810117
0.0331990327362006,-1.2889820093529274,-0.8397200386034055
0.0003498794000347434,-1.29188047567889,-0.8192697771891813
-0.012049066598118188,-1.2978384343181428,-0.8311856773851675
-0.042965921024609374,-1.2971943306762563,-0.8463220917741834
-0.0709843228972164,-1.2928466311265618,-0.8553395304668228
-0.07211150003473901,-1.2988045897833407,-0.8393979872326328
-0.04038951637636112,-1.306372807692379,-0.8126677245649822
-0.01027778856931695,-1.2704640306519854,-0.7751487451124406
0.005663713253909218,-1.2678876163067818,-0.7703179755390416
0.014037027028489175,-1.2752948076037298,-0.7606564366066381
0.04237747204314678,-1.285600465338302,-0.7704790011903369
0.05268308779688952,-1.2719132637300463,-0.796243106420209
0.02691904779728025,-1.2727183932206219,-0.8097692624794284
0.03191083070738039,-1.254844518994434,-0.7954379781010124
0.012104723868960303,-1.2197408769503109,-0.7745046424985251
-0.0010993480297928424,-1.2252157566550337,-0.7627497700177327
0.007273965919684413,-1.2253767825300848,-0.781750796978318
-0.016557774351509135,-1.2363265422188943,-0.7976923373997643
-0.023964937225485403,-1.2266649895333368,-0.8023620817109578
-0.029117746281203994,-1.2411573186683218,-0.7976923373997643
-0.0647043360599354,-1.2493696387955073,-0.8220072136822432
-0.05842434934436349,-1.2284362741710644,-0.8047774667257005
-0.06132280473642638,-1.2173254888743228,-0.8041333640533561
-0.07662020862403521,-1.2403521892551466,-0.8224902907128114
-0.10351143615568816,-1.2170034371322012,-0.811701570533607
-0.06776381681161277,-1.2311737140845376,-0.8010738763770643
-0.06921304454617365,-1.2521070788835573,-0.8023620817109578
-0.06583151317561367,-1.229402429432036,-0.7923784905061639
-0.0759761073931524,-1.2026721349277643,-0.844067732139898
-0.08338327162559138,-1.208791117814885,-0.8236174704535812
-0.06744176620481275,-1.2037993159773437,-0.8108964421763102
-0.06100075413602791,-1.2049264970307958,-0.7964041320842866
-0.043126946315805215,-1.184959290371511,-0.7782082325458873
-0.05262743863802246,-1.1907562212119185,-0.8091251597972419
-0.061644855337144935,-1.195425971130073,-0.811701570533607
-0.06583151317561367,-1.1997736693894834,-0.7898020799222034
-0.03249927726856752,-1.2400301374904297,-0.7519610518119052
-0.0038367776371635715,-1.2682096680988266,-0.7611395135464687
-0.012371117149850171,-1.2740066004096489,-0.750994897960119
0.011621648077276139,-1.2954230456675817,-0.7786913095116832
0.04028414380307029,-1.2981604861395595,-0.7862595154024415
0.06266665274537368,-1.296550227035633,-0.8129897759094088
0.04753027996103804,-1.2967112529456704,-0.8368215762778776
0.04592002749550967,-1.3002538229864662,-0.8474492715971573
0.04108927005085578,-1.321187192189246,-0.8192697771891813
0.05026770913404934,-1.337611836651421,-0.7968872090769953
0.0162913807000302,-1.3424426145906607,-0.7827169509211046
-0.03233825198265449,-1.3361626032834975,-0.750994897960119
-0.01961725464848618,-1.337128758861403,-0.7490625902651239
-0.002870626008390308,-1.3210261662672107,-0.7377907956056032
-0.003353701822416613,-1.3113646110895205,-0.7147641305823484
0.04785233045318232,-1.314102051694351,-0.7527661800239112
0.08665941241028627,-1.3187718033670015,-0.774826693805324
0.0692686874614688,-1.2984825379612923,-0.7912513108731805
0.08295583217545388,-1.2653112019817943,-0.801556953376679
0.1352890272118557,-1.254683493104927,-0.8199138798913678
0.12884801904899643,-1.2514629753313744,-0.8255497785896623
0.15557820208615675,-1.2514629753313744,-0.8418133725211633
0.14945924471848368,-1.2788373774135096,-0.8434236293901013
0.1581546051536841,-1.2704640306519854,-0.8488985028038363
0.203885756184668,-1.2886599575405109,-0.8646790208036061
0.20179242899008443,-1.3108815333380945,-0.8759508198412893
0.2069452343677393,-1.29139739795612,-0.8604923526886004
0.21129291384121188,-1.3157123108843185,-0.9052574991579243
0.1900375914147528,-1.3289164365397583,-0.8926974934148749
0.17957095485765612,-1.3149071812883482,-0.8632297895269591
0.1679771416602459,-1.3190938552089415,-0.8640349180131919
0.1420520856447646,-1.3052456262906196,-0.8569497874024022
0.11145729636844028,-1.2876938021051552,-0.82216823935902
0.08665941241028627,-1.274489678106837,-0.813311827254153
0.05799692079168103,-1.2572599073465158,-0.7757928477276262
0.0312667296910478,-1.2788373774135096,-0.7083231056917965
0.009689344903331808,-1.2738455745107442,-0.6778892648035995
0.01725753226874242,-1.2773881443048896,-0.6637190118137734
0.04076721955198192,-1.283668154488435,-0.6711261894362128
0.05509846644170236,-1.2841512321998356,-0.6849743915293414
0.0644379303653528,-1.2691758234768564,-0.7104164387672813
0.046242077989256274,-1.2641840207209696,-0.7260359244467006
0.04012311855327286,-1.2335891022624448,-0.7762759246898494
0.04012311855327286,-1.2187747217177824,-0.7769200273072583
0.054615390714182,-1.2401911633727487,-0.7736995142329174
0.06991278840216844,-1.2599973475003576,-0.7714451550997761
0.07490457064911593,-1.2380978269087626,-0.7923784905061639
0.08295583217545388,-1.1738485065470667,-0.8096082368087626
0.10630448946868062,-1.179645437191127,-0.812345673220873
0.09599887542288915,-1.174492609946903,-0.8228123420669203
0.08859171512467154,-1.1604833612858927,-0.8410082440896696
0.11580497712625508,-1.1525930950620913,-0.8310246517039469
0.11725420403253821,-1.1456689840425036,-0.8115405448619889
0.08198968080287251,-1.1500166816423742,-0.7877087463376998
0.02611392151424863,-1.1292443491854836,-0.7662923342824658
-0.01494752157523528,-1.127795116737603,-0.7783692582010732
-0.033787479558753455,-1.134075124058019,-0.7806236173820127
-0.03314337841302011,-1.1517879658662553,-0.7844882331569698
-0.027990569293261002,-1.1421264156704165,-0.8112184935189908
-0.017845976578292625,-1.147601294079774,-0.8364995249099614
-0.00979471274496164,-1.138744873169129,-0.8443897835152725
-0.019295204089548636,-1.1323038399298246,-0.8149220839826357
-0.006735232540778836,-1.1675684984649484,-0.7981754143943782
-0.0213885327283668,-1.1757808167503703,-0.8013959277100613
-0.023320836099284415,-1.1574238702786195,-0.796243106420209
-0.01076086439439286,-1.1424484673390247,-0.779335412133856
-0.01059983911928749,-1.1192607480078152,-0.760012334021309
-0.011082914944843798,-1.103319191919034,-0.7482574620622514
0.045275926507055086,-1.1163622832067326,-0.7361805392574436
0.02498674471464023,-1.0973612368121681,-0.7297395139442397
0.044792850764872924,-1.12441357438413,-0.7179846430752965
0.054615390714182,-1.1228033161328308,-0.702526183398998
0.05960717319711824,-1.095912004505254,-0.716535412449537
0.04463182551731865,-1.0775550625057508,-0.7110605412547475
0.03368210849568646,-1.0831909656418162,-0.7453590005483512
0.011943698605145667,-1.0899540495330493,-0.7456810518264028
-0.03427055541889394,-1.1062176566047788,-0.7049415676751489
-0.01365931935998069,-1.0910812301951587,-0.7195948993336879
-0.053271539822494135,-1.0780381399136152,-0.7112215668768128
-0.0671197155983328,-1.1039632951803175,-0.7187897712034991
-0.06438228545617607,-1.1363294856895614,-0.7315107958927006
-0.05375461571168819,-1.1542033534596938,-0.719272848081374
-0.03153312555429005,-1.1752977391984771,-0.7257138731880312
0.02530879522921455,-1.1843151869511224,-0.732637975319453
0.06089537511569883,-1.218935747589673,-0.7469692569417854
0.07393841925249137,-1.2256988342804236,-0.7571138724030517
0.09664297631037062,-1.2062147039537678,-0.7622666930755196
0.10066860682807144,-1.1896290402071499,-0.7796574634454189
0.13754338003854377,-1.1778741528167949,-0.7745046424985251
0.15461205093054003,-1.1783572303724823,-0.772089257707657
0.16684996535498214,-1.1878577557789103,-0.7221713093636395
0.17699455196084043,-1.2078249626145954,-0.7141200280875726
0.1884273396588033,-1.2136218938590038,-0.6798215720771776
0.21773392036102981,-1.2279531965416453,-0.6604984998564843
0.23480258701742995,-1.224249601406387,-0.6207251798057762
0.2325482348692249,-1.2321398693535675,-0.6202421030738478
0.22320877580190157,-1.2521070788835573,-0.6067159548704867
0.19905500109978022,-1.2609635028542219,-0.6184708217295679
0.1992160262704401,-1.2682096680988266,-0.6358615844354435
0.18279145844979208,-1.2839902062959565,-0.6548626040077475
0.1765114764154009,-1.2854394394337123,-0.6661343958026082
0.17699455196084043,-1.2849563617204163,-0.6487436314822492
0.14929821952303352,-1.3110425592551576,-0.6345733797587532
0.13255159875831782,-1.3174835960023992,-0.6252338960049586
0.1417300352464054,-1.2928466311265618,-0.642302607895234
0.15316282419170077,-1.2451829657638194,-0.6361836356054112
0.14221311084382388,-1.2284362741710644,-0.6474554267546686
0.18633401236407313,-1.1939767383897395,-0.6840082378758612
0.17667250159729433,-1.1857644196487753,-0.7129928487247736
0.1518746226406116,-1.1686956793939103,-0.6968902868241764
0.14124695964826509,-1.1268289617759089,-0.6603374742594547
0.08521018536692303,-1.1078279147746017,-0.6592102950824725
0.07007381363714302,-1.1190997221848604,-0.64826055470881
0.09277837096624385,-1.1018699595857737,-0.628454407613978
0.09889732940645553,-1.1123366376921913,-0.6139621056239191
0.11934753177459287,-1.1313376849548429,-0.6123518498870141
0.14446746362223303,-1.1363294856895614,-0.6522861945093339
0.17828275341181565,-1.153559250099704,-0.64826055470881
0.15010334549948237,-1.1176504897818276,-0.6392431217359696
0.1449505392155613,-1.1210320320655376,-0.6308697913416185
0.1600869074408538,-1.1355243565336597,-0.6308697913416185
0.13979773284951352,-1.1271510134294904,-0.627488254127932
0.1269157165751196,-1.1545254051401632,-0.6215303076939143
0.08971889170273281,-1.145830009878508,-0.6344123541745248
0.08617633672988653,-1.1593561803851555,-0.6173436426973097
0.08698146286348533,-1.171433118808945,-0.6128349266072504
0.06798048557622301,-1.1841541610962227,-0.6039785201833326
0.05992922367724415,-1.189468014349642,-0.6191149240354653
0.059446147956935085,-1.1733654289980195,-0.6223354355840406
0.05316616352729429,-1.1530761725805418,-0.6305477401768993
0.057030769344572636,-1.12441357438413,-0.6221744100058563
0.018706759616404625,-1.1289222975298454,-0.6329631239200473
0.023859567911107063,-1.1273120392564,-0.6117077475944793
0.004375511115523263,-1.1261848584696943,-0.6199200519196265
0.04189439629663849,-1.1039632951803175,-0.5954441651297716
0.07458252018389497,-1.0856063527298048,-0.59592724182495
0.08376095831706765,-1.1046073984428673,-0.6031733923385448
0.08907479080146444,-1.1107263795002182,-0.6001139065464886
0.15251872341679784,-1.0872166107983547,-0.6142841567722546
0.14092490924910392,-1.0780381399136152,-0.6725754198602774
0.15396795015852466,-1.0387478464010702,-0.6455231196728389
0.18037608075869888,-1.028925273759332,-0.6590492694860789
0.17602840086923935,-1.0218401395777001,-0.6532523480688538
0.1682991920324564,-1.0199078302820423,-0.6799825976838257
0.17506224977475002,-1.039552975319194,-0.6780502904092938
0.14156901004710548,-1.0508247803807405,-0.674990803914693
0.13802645564221766,-1.066605308118535,-0.6532523480688538
0.12353418721805082,-1.074173520670643,-0.648421580299877
0.1269157165751196,-1.0617745342405163,-0.6331241495035601
0.1562223028549637,-1.0567827346413998,-0.6223354355840406
0.15461205093054003,-1.0401970784551182,-0.6249118448458063
0.15493410131606644,-1.056138631472861,-0.6096144151525306
0.15010334549948237,-1.088987894682899,-0.6043005713218046
0.11644907797429381,-1.1257017809908638,-0.6191149240354653
0.08617633672988653,-1.1413212865002802,-0.625555947164429
0.0644379303653528,-1.1461520615507539,-0.6133180033282026
0.03996209330339531,-1.1355243565336597,-0.5925457049737374
0.039156967052805955,-1.1532371984201835,-0.5877149381042963
0.04044516905278761,-1.202350083200024,-0.6175046682731079
0.015164203866221863,-1.1922054539380256,-0.6052667247391297
0.0573528198272626,-1.2128167645133787,-0.6070380060116634
0.07345534355309719,-1.2092741954160966,-0.6181487705770965
0.10147373292559943,-1.224893704905169,-0.6424636334833588
0.11596600233838503,-1.2614465805322201,-0.6600154230656337
0.0964819510886205,-1.2517850271073079,-0.6671005494031503
0.11033011986613278,-1.2430896292679994,-0.6497097850312741
0.09326144663678465,-1.2384198786715839,-0.6466502988025148
0.11242344765300563,-1.2403521892551466,-0.6294205611028869
0.10115168248682872,-1.2482424575894155,-0.5999528809792812
0.06637023321245362,-1.2653112019817943,-0.618631847305923
0.05574256741060777,-1.295262019758176,-0.5869098102996845
0.04398772452630039,-1.2769050666034374,-0.5688749479977147
0.03207185596126328,-1.2735235227131716,-0.5559929041074669
0.031588780199374306,-1.2712691601390074,-0.5452041927413265
0.011460622813221246,-1.2841512321998356,-0.5176688265461348
-0.004802929268819434,-1.2978384343181428,-0.5078462695779011
0.022732391103649174,-1.2979994602288116,-0.49802371290598096
0.06524305655304713,-1.3118476888416566,-0.5055919122827356
0.1042111616422038,-1.330848747655797,-0.4761242433600977
0.14092490924910392,-1.3216702699558258,-0.4505211889210396
0.1600869074408538,-1.346790314796694,-0.44134273593338424
0.14511156441317702,-1.394937072774968,-0.43506274193311534
0.13335672477647,-1.3983186179147071,-0.40720533411145565
0.08086250419788087,-1.4195740453035939,-0.41380737852401367
0.07893020143733001,-1.4289135517119145,-0.39899303515115286
0.04897950717316358,-1.4047596563723193,-0.4105868690377325
0.03529236102209914,-1.3749698545635909,-0.43506274193311534
0.04978463339931807,-1.3822160223226918,-0.4289437735366284
0.05477641595676891,-1.3835042299410303,-0.4452073476861041
0.05992922367724415,-1.3740036988744455,-0.49093859024463116
0.08086250419788087,-1.3397051737497057,-0.5062360143654758
0.0958378502008184,-1.3197379588937685,-0.5168636989146399
0.0639548546517746,-1.31152563700682,-0.5213724136766498
0.06379382941375494,-1.2773881443048896,-0.5303898433879349
0.05815794603258531,-1.2292414035550099,-0.5406954776494022
0.08279480694689069,-1.2107234282239983,-0.5402124010361119
0.11242344765300563,-1.160966438815966,-0.5656544369774021
0.1562223028549637,-1.1286002458745237,-0.5413395798015704
0.17103662018328974,-1.107183811505723,-0.5522893165832929
0.16749406610132847,-1.0928525141005918,-0.5801467368194764
0.16894329277591477,-1.0902761011503994,-0.5450431672012546
0.16427356235676152,-1.0859284043428816,-0.527813434873519
0.15960383187014426,-1.1029971402888668,-0.537474966907666
0.13287364916581926,-1.0996155981912175,-0.5184739541796202
0.1054993633831775,-1.0485704193373993,-0.5091344737535749
0.08649838718356652,-1.0258657839802763,-0.5329662519227317
0.05075078486805954,-1.0292473253166847,-0.5318390731862503
0.043665674030310575,-1.0258657839802763,-0.5316780476527857
0.06717535939534,-1.0199078302820423,-0.5313559965860953
0.04688617897578809,-1.0530791414395972,-0.5163806223366986
0.05831897127340947,-1.1047684242587024,-0.5331272774568332
0.04688617897578809,-1.1571018185953035,-0.572417510156824
0.02949545188952473,-1.1421264156704165,-0.592062628283571
0.04286054778893405,-1.1397110281659382,-0.6129959521808216
0.04736925471484573,-1.1529151467409795,-0.6192759496121384
0.0607343498761567,-1.1416433381680975,-0.6498708106230564
0.06347177893747524,-1.1308546074684198,-0.6632359350181528
0.05992922367724415,-1.132947943248061,-0.664846191006337
0.0816676303447042,-1.1334310207375684,-0.6716092662435189
0.1149998510644027,-1.119743825477154,-0.6827200330090052
0.113872674574442,-1.099937649818062,-0.6756349063322243
0.11564395191404495,-1.1039632951803175,-0.6650072166055927
0.08054045373859052,-1.0970391851878556,-0.6735415734798974
0.06975176316711373,-1.0833519914471281,-0.6485826058910233
0.10710961555217954,-1.0751396754771128,-0.6603374742594547
0.11709317882104969,-1.0725632626661916,-0.6584051671012989
0.11548292670175465,-1.0883437914510479,-0.6392431217359696
0.13722132963569353,-1.128117168392134,-0.6310308169240975
0.18102018147808885,-1.1503387333187318,-0.6212082565384204
0.2204713480930644,-1.1922054539380256,-0.5658154625276618
0.21982724745231966,-1.2120116351697288,-0.5703241779672403
0.20742830986768107,-1.2379368010274705,-0.5452041927413265
0.18053710593866673,-1.2583870885835688,-0.5466534226055557
0.16717201572831578,-1.300092797074692,-0.5672646924835792
0.18021505557865078,-1.3252128402657817,-0.593511858356218
0.18134223183730247,-1.3147461553693909,-0.5891641681576101
0.16443458754475196,-1.3128138443480597,-0.6049446735997032
0.12433931325865553,-1.3112035851722994,-0.6450400429041706
0.12063573345527605,-1.3066948595221637,-0.6654902934038367
0.1265936661616842,-1.2967112529456704,-0.6563118343595494
0.11661010318610304,-1.2659553055611459,-0.6424636334833588
0.0931004214133512,-1.2533952859917148,-0.6244287681076743
0.08182865557382843,-1.2596752957163682,-0.6215303076939143
0.04253849729182265,-1.237131671622195,-0.6476164523453378
0.00018885413037420212,-1.2186136958459708,-0.6675836262044946
-0.009472662195791768,-1.22698704128494,-0.6397261984960503
-0.011404965495614998,-1.2266649895333368,-0.6221744100058563
0.01902881013722633,-1.2192577993336913,-0.6157333869437015
0.04559797700144261,-1.1996126435269965,-0.5915795515941208
0.05300513828390615,-1.1986464883537338,-0.5690359735495658
0.04801335569913427,-1.2041213677065064,-0.5759600723544483
0.05010668388921904,-1.2104013764883559,-0.5524503421269468
0.07893020143733001,-1.2223172909176265,-0.5429498351875633
0.08247275648952386,-1.2403521892551466,-0.5194401073424303
0.10952499379065087,-1.2314957658405647,-0.5226606179058324
0.12305111159272579,-1.2458270693036806,-0.5596964916737446
0.12127983429369331,-1.2353603869375402,-0.5788585323629694
0.11177934679694942,-1.229402429432036,-0.601402111087012
0.1024398842399876,-1.2516240012193018,-0.6358615844354435
0.09052401782751482,-1.247276302272989,-0.6532523480688538
0.07603174727486485,-1.237131671622195,-0.6685497798093294
0.039156967052805955,-1.2395470598439464,-0.6720923430515404
0.009206269108043825,-1.2192577993336913,-0.6711261894362128
0.018062658573800114,-1.2173254888743228,-0.6743467014984335
0.0013160310163163943,-1.2181306182310103,-0.6886779805608545
-0.018490077693605812,-1.1941377642494604,-0.6809487513253839
-0.037652086460048674,-1.1988075142157464,-0.6683887542083248
-0.03652490944240827,-1.224893704905169,-0.6737025990834457
-0.050856160387327834,-1.2274701189129371,-0.6704820870275842
-0.0671197155983328,-1.221995239170606,-0.6849743915293414
-0.07227252534041945,-1.2205460063129243,-0.7184677199519797
-0.06905201924201348,-1.222961394412616,-0.7071959263490205
-0.056653071061977825,-1.2430896292679994,-0.6983395173626902
-0.02654134174309799,-1.2516240012193018,-0.7300615652068813
-0.013981369913313956,-1.2651501760871537,-0.7303836164698406
-0.04119464282673762,-1.2421234739667386,-0.7427825903353771
-0.02348186138071458,-1.209757273018019,-0.7582410519182053
-0.024125962507235785,-1.2178085664880984,-0.754698487740826
-0.04103361753650223,-1.2311737140845376,-0.7213661812270948
-0.044898224524242,-1.2236054979088695,-0.6962461843646811
-0.06840791802617299,-1.2314957658405647,-0.7054246445325246
-0.06132280473642638,-1.2358434645778618,-0.676601059960906
-0.07565405677819105,-1.2989656156944833,-0.6645241398080644
-0.09111248665731825,-1.3274672032101869,-0.6728974710664994
-0.07984071479765115,-1.336645681072095,-0.6505149129909813
-0.057780248149648356,-1.3335861884229712,-0.6437518381912202
-0.07323867717618225,-1.3458241591903826,-0.6877118268964064
-0.09723144868814976,-1.3512990409970382,-0.6904492622864401
-0.10335041083448793,-1.3350354217795315,-0.7178236174498943
-0.10496066405008952,-1.312008714759193,-0.7474523338613646
-0.09256171449628652,-1.325051814341773,-0.7007549016078504
-0.08563762599080506,-1.340027225612164,-0.7049415676751489
-0.07243355064617987,-1.3046015226342083,-0.6770841367763198
-0.0400674657967708,-1.2812527659420896,-0.6629138838214699
-0.031211074983504603,-1.2719132637300463,-0.6714482406410041
-0.025092114199419223,-1.2595142698244919,-0.6732195222730395
0.00888421857745142,-1.2574209332372865,-0.6530913224754018
0.023859567911107063,-1.2353603869375402,-0.6584051671012989
0.03802979029861624,-1.2199019028226756,-0.639082096149435
0.04946258290909663,-1.192366479796877,-0.6352174820964622
0.05976819843722126,-1.203155212519967,-0.6480995291178228
0.03207185596126328,-1.1910782729282778,-0.6432687614251758
0.022732391103649174,-1.1764249201540011,-0.6677446518051017
0.0265969972843079,-1.2102403506206534,-0.6606595254535935
0.03722466404322033,-1.1967141780157438,-0.6632359350181528
0.04833540619079785,-1.1756197908996602,-0.6699990102219473
0.04559797700144261,-1.1601613095995724,-0.6511590153601782
0.02965647714460915,-1.1669243950787094,-0.6514810665452537
0.030622628673433572,-1.1794844113385197,-0.6469723499831378
0.006146789054482628,-1.169822860326746,-0.6403703008439378
-0.022676734974364315,-1.1500166816423742,-0.640048249669835
-0.04022849108652594,-1.149372578290608,-0.6559897831697037
-0.05681409635997639,-1.134397175718719,-0.6332851750871523
-0.05633102046622077,-1.1583900253304642,-0.6414974799558023
-0.06083972883594871,-1.1601613095995724,-0.6405313264311084
-0.07678123393195592,-1.1395500023329388,-0.6096144151525306
-0.06438228545617607,-1.1055735533390647,-0.5994698042781361
-0.04457617394016952,-1.0943017463939766,-0.5521282910397187
-0.01076086439439286,-1.0976832884367973,-0.5495518823533566
-0.009150611646942164,-1.0783601915192536,-0.5463313715240586
-0.02283776025547426,-1.0762668560882613,-0.5579252106585328
-0.011565990771120697,-1.0735294174679129,-0.5424667585709296
-0.02686339230924052,-1.073046340066696,-0.5619508493433963
-0.02847364514475627,-1.0645119727626475,-0.566298539178918
-0.009311636921326933,-1.0732073658670225,-0.548585729101224
-0.01349829408343415,-1.0830299398365835,-0.5445600905815163
-0.02203263385072511,-1.0575878636038543,-0.5582472617514914
0.010977547020576054,-1.065317101744098,-0.5841723757788828
0.018062658573800114,-1.0907591785770174,-0.5786975068062641
0.03368210849568646,-1.1163622832067326,-0.5869098102996845
0.05831897127340947,-1.1324648657592649,-0.6184708217295679
0.05767487030963206,-1.1501777074805137,-0.6289374843580745
0.0840830087731521,-1.1503387333187318,-0.6572779879309951
0.07780302482167908,-1.147118216569389,-0.6398872240829029
0.08698146286348533,-1.163542852321708,-0.6456841452625541
0.12160188471242085,-1.1867305747841006,-0.6340903030063064
0.13963670764925126,-1.2013839280187004,-0.642302607895234
0.1240172628426542,-1.209113169548947,-0.6424636334833588
0.16362946160399758,-1.232783972867834,-0.654218501631236
0.17361302312760063,-1.2152321525561804,-0.6498708106230564
0.17103662018328974,-1.2406742410201796,-0.6585661926973747
0.17844377859282654,-1.2170034371322012,-0.6714482406410041
0.20179242899008443,-1.2448609139943627,-0.6629138838214699
0.24317589485871324,-1.2236054979088695,-0.6603374742594547
0.2077503602005743,-1.2163593336489056,-0.6722533686543732
0.17457917422642227,-1.206536755685301,-0.6720923430515404
0.15251872341679784,-1.1841541610962227,-0.7059077213906154
0.15429000054469277,-1.206536755685301,-0.7258748988173263
0.14656079118810908,-1.2213511356775129,-0.7566307954691771
0.1433402872349934,-1.2057316263570605,-0.7691907959821979
0.13190749794235263,-1.2108844540919381,-0.7564697698247111
0.09503272408926221,-1.2163593336489056,-0.7633938726084618
0.09438862319857438,-1.2113675316962313,-0.7788523351671073
0.08682043763692587,-1.2355214128175687,-0.7965651577484434
0.041572345798565745,-1.2268260154090989,-0.8118625962053044
0.03013955290938182,-1.233750128141604,-0.80687080041959
0.038995941802447746,-1.2704640306519854,-0.7989805427203223
0.054293340228767806,-1.2475983540448152,-0.8094472111381763
0.04914053241855471,-1.2732014709159147,-0.8129897759094088
0.02691904779728025,-1.2664383832464887,-0.828287215135338
0.029334426634360204,-1.2514629753313744,-0.8555005561600237
0.05203898682189479,-1.2484034834757631,-0.8292533692157578
0.035131335769818355,-1.234716283418218,-0.8157272123498531
0.0027652584353336836,-1.2331060246254413,-0.8150831096559203
-0.0023875501950846602,-1.2558106743331343,-0.7954379781010124
-0.007862409454746467,-1.2147490749461975,-0.8120236218770812
-0.00802343472849069,-1.1957480228510164,-0.8184646488132339
0.004536536383101786,-1.197358281460476,-0.8149220839826357
0.03142775494525111,-1.1677295243117058,-0.7889969516188836
0.0331990327362006,-1.161610542190504,-0.7978533630645562
0.0343262095072128,-1.1426094931734476,-0.8129897759094088
0.03754671454561902,-1.1078279147746017,-0.8076759287669656
0.06282767798395425,-1.0881827656432828,-0.795599003764693
0.06186152655126887,-1.0785212173221916,-0.8192697771891813
0.0457590022485162,-1.076910959296373,-0.8295754205765326
0.02740212356613804,-1.0724022368661816,-0.8458390147083846
0.03094467918240089,-1.058231966775243,-0.82136311097593
0.041250295300172546,-1.0429345167969277,-0.8059046464053589
0.042216446794390794,-1.03568835653025,-0.8042943897213232
0.05155591108980748,-1.056299657264877,-0.7968872090769953
0.0816676303447042,-1.0727242884662807,-0.7870646436990135
0.08215070603183643,-1.0715971078673194,-0.7725723346644013
0.08875274035034933,-1.0609694052677718,-0.7588851545000403
0.07909122666781672,-1.0680545402958308,-0.7503507953938499
0.056225643136445534,-1.0943017463939766,-0.7543764364538793
0.06202255179025009,-1.1173284381375792,-0.7065518238691822
0.03674158828902148,-1.1118535602337687,-0.7331210522178241
0.047208229468573296,-1.1303715299827084,-0.7416554108735948
0.05042873437879953,-1.1451859065349654,-0.7402061801427364
0.04559797700144261,-1.1825439025515745,-0.7579190006277644
0.07265021738583745,-1.1791623596335425,-0.7857764384254511
0.08054045373859052,-1.174492609946903,-0.7616225904870141
0.07023483887203745,-1.149211552452864,-0.7421384877853106
0.07281124261944967,-1.134397175718719,-0.7358584879887649
0.0331990327362006,-1.1496946299663329,-0.7150861818302131
0.019833936437878983,-1.1678905501585424,-0.7020431065459132
0.03674158828902148,-1.1839931352414022,-0.711704643743485
0.03239390646878875,-1.1976803331833161,-0.7102554131456136
0.057835895550696605,-1.2026721349277643,-0.7012379784590279
0.0692686874614688,-1.2332670505043632,-0.7147641305823484
0.05364923925697796,-1.2255378084052149,-0.7107384900108557
0.08891376557594696,-1.231656791718697,-0.698983619826318
0.1257885401266924,-1.2421234739667386,-0.7295784883130381
0.1291700694601866,-1.2485645093621895,-0.7063907982494213
0.11918650656414666,-1.2382588527901337,-0.7104164387672813
0.10904191814439967,-1.2693368493734711,-0.6954410562920997
0.08698146286348533,-1.2936517606684597,-0.6530913224754018
0.08537121059428399,-1.3253738661898689,-0.6118687731674937
0.07361636878630873,-1.3324590069278435,-0.5867487847390008
0.09905835462700324,-1.322475399568371,-0.5798246857048721
0.08810863944715729,-1.3065338336072316,-0.5402124010361119
0.08907479080146444,-1.2748117299053572,-0.5500349589804974
0.08891376557594696,-1.2570988814558242,-0.541178554263409
0.0766758482021011,-1.2392250080800191,-0.5413395798015704
0.05574256741060777,-1.2282752482945123,-0.5890031425958125
0.07909122666781672,-1.1926885315148172,-0.5830451968652363
0.067014334158923,-1.1754587650490291,-0.5801467368194764
0.08714248808996465,-1.1876967299222716,-0.6052667247391297
0.13190749794235263,-1.183510057677415,-0.6268441518054918
0.1594428066797473,-1.181255695721547,-0.661786704635584
0.1613751089592164,-1.1786792820766692,-0.6509979897677597
0.16846021721844134,-1.2037993159773437,-0.6699990102219473
0.1538069249653203,-1.2218342132972144,-0.6820759305774847
0.1377044052398486,-1.2453439916486662,-0.6878728525069491
0.1282039182256538,-1.2550055448840198,-0.7123487462334938
0.13045827110173977,-1.2533952859917148,-0.7369856674305305
0.14929821952303352,-1.252590156548524,-0.7273241294845565
0.1393146572484861,-1.2604804251769344,-0.7670974625298107
0.15074744627919773,-1.2881768798224777,-0.7714451550997761
0.15718845400576772,-1.278676351512236,-0.7725723346644013
0.13158544753388887,-1.2382588527901337,-0.755664641603572
0.11306754850777909,-1.2459880951888433,-0.7508338723184326
0.1275598174010282,-1.2438947586878886,-0.7508338723184326
0.11403369978753405,-1.2748117299053572,-0.7281292576357983
0.06894663699063816,-1.2595142698244919,-0.6988225942102918
0.04769130520715024,-1.2554886225532516,-0.6817538793622014
0.03577543677846089,-1.278676351512236,-0.6711261894362128
0.0457590022485162,-1.2735235227131716,-0.6385990193903086
0.08247275648952386,-1.2311737140845376,-0.6385990193903086
0.08327788263233983,-1.2078249626145954,-0.6318359448376849
0.097770152860377,-1.1867305747841006,-0.6350564565119157
0.1298141702816047,-1.1717551705063338,-0.6464892732123226
0.1620192097164725,-1.1857644196487753,-0.6328020983366142
0.20565703303102997,-1.1674074726182702,-0.6297426122664929
0.21016573768704075,-1.1318207624419778,-0.6463282476222099
0.18585093683259427,-1.138744873169129,-0.6505149129909813
0.17522327495736548,-1.1501777074805137,-0.6596933718721307
0.18311350880724056,-1.1447028290281387,-0.6559897831697037
0.1911647676391431,-1.154364379299889,-0.661786704635584
0.20130935348171602,-1.1286002458745237,-0.691737467183815
0.18343555916436804,-1.1139468958920753,-0.6859405451856827
0.15332384938522597,-1.0968781593758181,-0.6862625964050991
0.14414541322627986,-1.099937649818062,-0.7010769528418893
0.16314638603858234,-1.1113704827760582,-0.6809487513253839
0.17248584684199172,-1.0970391851878556,-0.6579220903135489
0.15751050438872735,-1.1076668889572634,-0.6501928618068599
0.15557820208615675,-1.1155571540998692,-0.642302607895234
0.13287364916581926,-1.0931745657207903,-0.6083262105795515
0.11644907797429381,-1.0902761011503994,-0.5720954590498588
0.11966958219524475,-1.0875386624130141,-0.5646882836775158
0.1199916326155759,-1.0831909656418162,-0.5598575172210596
0.09454964842136658,-1.069503772479537,-0.5614677726985864
0.11000806943618054,-1.0933355915310081,-0.5601795683159282
0.12594956533385113,-1.1250576776868642,-0.5624339259889226
0.13094134671599908,-1.1706279895668574,-0.5482636780178167
0.15992588225069748,-1.2004177728402219,-0.5598575172210596
0.1893934907133359,-1.231817817596908,-0.5534164953905409
0.14301823683791737,-1.254844518994434,-0.5735446890337086
0.15042539588950044,-1.2237665237831303,-0.5830451968652363
0.12289008638412373,-1.2295634553091412,-0.6126739010337587
0.09938040506785818,-1.221995239170606,-0.6529302968820292
0.09954143028816541,-1.215554204296564,-0.6547015784135003
0.0919732448470727,-1.211689583432822,-0.6806267001112132
0.0874645385426828,-1.2298855070635883,-0.6968902868241764
0.08440505922891596,-1.203155212519967,-0.6920595184089535
0.08054045373859052,-1.2095962471506327,-0.6928646464731903
0.11113524593961041,-1.1841541610962227,-0.6735415734798974
0.13480595160409187,-1.2163593336489056,-0.6738636246870734
0.13834850604426596,-1.2199019028226756,-0.6761179831462075
0.11290652329420599,-1.190434169495875,-0.6820759305774847
0.08440505922891596,-1.215554204296564,-0.6793384952577101
0.11403369978753405,-1.2105624023561377,-0.6532523480688538
0.1452725896107125,-1.184959290371511,-0.6495487594395711
0.1718417461055931,-1.1833490318229105,-0.6485826058910233
0.15300179899809535,-1.190112117780148,-0.6580831159093862
0.13158544753388887,-1.2015449538820568,-0.6471333755735684
0.13045827110173977,-1.214910100816113,-0.6603374742594547
0.11644907797429381,-1.2168424112612586,-0.6757959319368059
0.10227885902112333,-1.22457165315562,-0.7207220787192892
0.05155591108980748,-1.269497875270165,-0.7017210553109207
0.05960717319711824,-1.2442168104563975,-0.7009159272248301
0.07522662111401633,-1.2401911633727487,-0.7186287455776996
0.08762556376892164,-1.2234444720346875,-0.7092892594172747
0.10614346425174033,-1.1926885315148172,-0.6947969538354651
0.11403369978753405,-1.203155212519967,-0.6935087489260104
0.1505864210843892,-1.1922054539380256,-0.6983395173626902
0.166688940168195,-1.1645090073915794,-0.7408502826889902
0.13689927923252249,-1.1672464467716708,-0.7363415648919021
0.1557392272784788,-1.1627377230989895,-0.7247477194139292
0.15171359744636453,-1.156135663547254,-0.7321548984217967
0.14768796756412042,-1.1384228215041583,-0.7376297699704298
0.13593312802108473,-1.1054125275228341,-0.7365025905264401
0.14156901004710548,-1.0954289270710398,-0.7611395135464687
0.14994232030435298,-1.124896651861062,-0.7785302838563386
0.15751050438872735,-1.1435756481816444,-0.7936666958057651
0.11612702755043477,-1.1794844113385197,-0.8139559299445936
0.11419472500054592,-1.197841359044855,-0.8178205461139043
0.12868699384328106,-1.215554204296564,-0.8402031156601595
0.10727064076863882,-1.1970362297379518,-0.8593651728206454
0.13013622069183262,-1.189790066064737,-0.8374656790146622
0.1483320683486481,-1.1905951953538572,-0.8189477258385642
0.14076388404940302,-1.2163593336489056,-0.7791743864781937
0.1708755949985884,-1.2302075588183514,-0.768546693380034
0.17683352677910752,-1.2645060725093817,-0.7434266928867144
0.1682991920324564,-1.2859225171477189,-0.701399004076246
0.1992160262704401,-1.2886599575405109,-0.6654902934038367
0.2315820839437489,-1.275777885302813,-0.6497097850312741
0.23673488884622484,-1.2740066004096489,-0.6376328658742026
0.2325482348692249,-1.293812786577076,-0.6402092752568466
0.20614010853289788,-1.2957450974866302,-0.6237846657912784
0.17361302312760063,-1.301219978458769,-0.6299036378484151
0.15316282419170077,-1.2844732840078312,-0.6493877338479477
0.12111880908420926,-1.2706250565492319,-0.6748297783105088
0.11741522924394657,-1.2562937520035506,-0.6714482406410041
0.15767152958008687,-1.2432506551518192,-0.6856184939665844
0.14994232030435298,-1.2363265422188943,-0.6534133736623854
0.14430643842429655,-1.243411681035718,-0.6270051773859826
0.113872674574442,-1.224088575531889,-0.6329631239200473
0.11483882585179168,-1.2413183445511937,-0.6561508087645868
0.11403369978753405,-1.2532342601029187,-0.6530913224754018
0.12063573345527605,-1.2740066004096489,-0.6696769590185869
0.11274549808055272,-1.273040445017405,-0.6791774696513798
0.11322857372127201,-1.2287583259244057,-0.6743467014984335
0.13609415322319154,-1.2171644630032223,-0.7110605412547475
0.12192393513082767,-1.2163593336489056,-0.7163743868248499
0.12965314507637046,-1.2066977815511863,-0.7104164387672813
0.12256803596667913,-1.2128167645133787,-0.7175015661993283
0.16717201572831578,-1.2026721349277643,-0.6997887479076408
0.14768796756412042,-1.2017059797454923,-0.7097723362810866
0.11467780063910052,-1.2258598601557118,-0.7110605412547475
0.15429000054469277,-1.203638290112881,-0.683847212267226
0.14623874079424112,-1.2018670056090066,-0.6814318281472359
0.1447895140178654,-1.1959090487116069,-0.685296442747804
0.11226242243911184,-1.203638290112881,-0.7036533627256434
0.12385623763453325,-1.2070198332831938,-0.7026872090168517
0.11870343093232698,-1.231817817596908,-0.7162133612002423
0.1042111616422038,-1.243411681035718,-0.721044129973033
0.0992193798474708,-1.2400301374904297,-0.7437487441628595
0.11000806943618054,-1.245505017533592,-0.7216882324814744
0.08070147896827576,-1.231817817596908,-0.7289343857890259
0.08086250419788087,-1.209113169548947,-0.7318328471570897
0.06991278840216844,-1.224088575531889,-0.6704820870275842
0.05654769361993675,-1.2213511356775129,-0.6450400429041706
0.06105640035516083,-1.2237665237831303,-0.6334462006708241
0.05799692079168103,-1.2216731874239015,-0.6023682644957458
0.03658056303746165,-1.2474373281588627,-0.592062628283571
0.00469756165060023,-1.2300465329409305,-0.5933508327922723
0.0024432078983348286,-1.1975193073218564,-0.576121097909801
-0.002226524924142924,-1.2099182988854849,-0.5788585323629694
-0.017684951299664478,-1.2007398245660652,-0.5709682801779875
0.015164203866221863,-1.1738485065470667,-0.5732226379256294
0.03980106805343766,-1.1628987489433749,-0.5881980147880181
0.03255493172243133,-1.1627377230989895,-0.5864267336178721
0.05026770913404934,-1.1794844113385197,-0.5888421170340945
0.07039586410685174,-1.1891459626348633,-0.59592724182495
0.05976819843722126,-1.1988075142157464,-0.5909354493426343
0.07265021738583745,-1.2163593336489056,-0.6173436426973097
0.07281124261944967,-1.231817817596908,-0.6424636334833588
0.06170050131220752,-1.2418014222002838,-0.6695159334170259
0.07232816691837257,-1.2540393895476891,-0.6662954214024999
0.09873630418582766,-1.2401911633727487,-0.6654902934038367
0.10099065726732313,-1.2295634553091412,-0.6569559367401953
0.09680400153204059,-1.2490475870219433,-0.691737467183815
0.10356706076979295,-1.2580650368011588,-0.7173405405741645
0.10147373292559943,-1.2672435127236394,-0.741494385236515
0.07796405005272677,-1.2609635028542219,-0.7532492569520677
0.05654769361993675,-1.2474373281588627,-0.7588851545000403
0.0528441130404379,-1.2521070788835573,-0.7261969500761546
0.07168406598248117,-1.2587091403662947,-0.7133148999708904
0.11870343093232698,-1.2599973475003576,-0.7345702829172271
0.14575566520283773,-1.2752948076037298,-0.7168574636991497
0.1618581845272788,-1.2451829657638194,-0.7012379784590279
0.1853678613003933,-1.1981634107681693,-0.70317028587089
0.19148681798824674,-1.2305296105734307,-0.7105774643890288
0.18021505557865078,-1.2055706004916495,-0.7253918219296793
0.19068169211488584,-1.1885018592062544,-0.70622977262974
0.19953807661151915,-1.1910782729282778,-0.7270020782246159
0.1992160262704401,-1.1802895406023466,-0.7181456687007781
0.20372473101633543,-1.1633818264770062,-0.6788554184389578
0.20549600786358016,-1.153559250099704,-0.666456447002471
0.19148681798824674,-1.1120145860531638,-0.6667784982026517
0.19052066693997294,-1.154364379299889,-0.6464892732123226
0.16266331047244512,-1.221995239170606,-0.6308697913416185
0.15155257225203728,-1.254844518994434,-0.6289374843580745
0.14414541322627986,-1.2540393895476891,-0.5881980147880181
0.14752694236778796,-1.264022994826882,-0.5637221303804945
0.14559464000554284,-1.244699888109753,-0.5429498351875633
0.14720489197488248,-1.2314957658405647,-0.5521282910397187
0.14720489197488248,-1.2224783167912556,-0.5898082704055959
0.1365772288290307,-1.2308516623288261,-0.6170215915459517
0.11983060740545042,-1.2228003685387503,-0.5991477531444374
0.12933109466566142,-1.2210290839314406,-0.5846554524573534
0.1613751089592164,-1.254522467215499,-0.5951221140000504
0.16684996535498214,-1.2363265422188943,-0.6265221006447489
0.15123052186314206,-1.2046044453008429,-0.6136400544759018
0.14076388404940302,-1.1957480228510164,-0.6138010800498706
0.15042539588950044,-1.1878577557789103,-0.628454407613978
0.18858836483475935,-1.157262844436922,-0.6244287681076743
0.18746118860138208,-1.1353633307027167,-0.609775440724511
0.20887753636317252,-1.116684334850032,-0.6015631366549354
0.22079339841295514,-1.103480217734236,-0.6009190343837191
0.21870007132792613,-1.0931745657207903,-0.6281323564516446
0.22401390159420356,-1.0622576116251126,-0.6464892732123226
0.25943943446853857,-1.0715971078673194,-0.6849743915293414
0.24027744216898986,-1.0498586256459803,-0.6820759305774847
0.253964579641836,-1.0477652903971089,-0.6725754198602774
0.25541380592852625,-0.9946267847144687,-0.682397981793086
0.2607276355907428,-0.9725662561009802,-0.7057466957711724
0.3017890436678592,-0.9611334279884726,-0.7250697706716454
0.2998567422284046,-0.9585570160746043,-0.7205610530925364
0.29905161662521745,-0.9529211150837398,-0.7601733596675221
0.28777985796972333,-0.9430985450174081,-0.7400451545063715
0.2439810206012421,-0.9682185608562022,-0.7864205410615972
0.23641283854222853,-0.9741765136137034,-0.779335412133856
0.20452985685719594,-0.9839990846128742,-0.7640379752004615
0.19261399420758177,-0.9490564973175376,-0.7698348985856321
0.18488478576747017,-0.9224872514106763,-0.7307056677331176
0.1557392272784788,-0.9174954539356487,-0.7007549016078504
0.11258447286681926,-0.8881887735222231,-0.6877118268964064
0.0840830087731521,-0.8762728712480767,-0.6745077271023792
0.0317498054534174,-0.8775610768783986,-0.6463282476222099
0.021927264810204964,-0.8886718506506048,-0.6373108147028034
0.038995941802447746,-0.9020369848188461,-0.6530913224754018
-0.008345485276219344,-0.902520061967686,-0.6302256890124982
0.008079092249568948,-0.9060626277476495,-0.6340903030063064
0.008401142780962186,-0.9052574991579243,-0.6656513190034103
0.013876001765635583,-0.888832876360224,-0.6738636246870734
0.03191083070738039,-0.8925364677033526,-0.675956957541467
0.06798048557622301,-0.8585600443459146,-0.6896441342281636
0.07603174727486485,-0.8688656889722334,-0.6737025990834457
0.13110237192059182,-0.8656451749916071,-0.6872287500652553
0.13979773284951352,-0.8683826118731167,-0.6822369561852456
0.18923246553778106,-0.8936636476856744,-0.6870677244550306
0.18585093683259427,-0.8970451876559531,-0.6659733702027961
0.1903596417649798,-0.9308605892817878,-0.6814318281472359
0.2135472661377559,-0.9377846957601812,-0.6725754198602774
0.21644571906733992,-0.9290893062527164,-0.6621087558311539
0.2315820839437489,-0.9116985279312234,-0.6633969606166135
0.25702405735055367,-0.9290893062527164,-0.6313528680892938
0.22385287643590374,-0.9488954715782698,-0.6102585174409292
0.2129031654832057,-0.9595231705399277,-0.6017241622229385
0.2178949455223799,-0.9497006002754015,-0.5999528809792812
0.24752357384452336,-0.9503447032345334,-0.6075210827240248
0.2641091635120765,-1.0070257686024082,-0.6199200519196265
0.28745780771663976,-1.0179755209977874,-0.5656544369774021
0.25815123334119505,-1.0366545112232106,-0.5530944443023578
0.21097086351185002,-1.0439006715112642,-0.5133211373597115
0.19792782490291402,-1.0208739849284458,-0.5086513971871
0.1765114764154009,-1.005737562462321,-0.501727299813051
0.18134223183730247,-0.9954319135241042,-0.5057529378033012
0.17377404831093815,-0.985126264910322,-0.5741887912508219
0.1650786882959115,-0.9857703679391777,-0.5954441651297716
0.17602840086923935,-0.9770749771565702,-0.617182617121591
0.18778323895417678,-0.971278050096506,-0.625555947164429
0.1884273396588033,-0.9716001015971493,-0.6163774892441902
0.17618942605137342,-0.9501836774946314,-0.6257169727442835
0.14575566520283773,-0.9724052303501437,-0.6725754198602774
0.13400082558954832,-0.984643187639512,-0.6778892648035995
0.15042539588950044,-0.973854462110525,-0.6722533686543732
0.13802645564221766,-0.9925334498186843,-0.6832031098334801
0.1581546051536841,-1.0052544851610952,-0.6865846476248333
0.13158544753388887,-1.0004237121880404,-0.7010769528418893
0.11612702755043477,-1.0123396189838436,-0.70784002883013
0.13802645564221766,-1.0490534967025233,-0.6865846476248333
0.14511156441317702,-1.058231966775243,-0.6891610573941513
0.15155257225203728,-1.0659612049306832,-0.6964072099794357
0.1449505392155613,-1.0667663339156956,-0.6883559293390539
0.1699094438886956,-1.0572658120186351,-0.6603374742594547
0.18504581094519146,-1.0612914568566323,-0.6366667123609594
0.20565703303102997,-1.0591981215347,-0.6224964611623045
0.23625181339010992,-1.0635458179875188,-0.5928677561009127
0.23319233548460339,-1.0583929925682878,-0.5675867435857698
0.27071119411356287,-1.0690206950842558,-0.5559929041074669
0.2686178673520981,-1.058231966775243,-0.5468144481464235
0.25815123334119505,-1.0761058302864313,-0.5215334392050189
0.2868137072095087,-1.0706309530712963,-0.5263642050931168
0.2847203805524569,-1.0467991356713728,-0.5113888310732673
0.25702405735055367,-1.0770719850985986,-0.5150924181323583
0.2592784093279017,-1.1379397440072958,-0.5318390731862503
0.25219330306038207,-1.1717551705063338,-0.5410175287253272
0.25525278078588187,-1.158551051172715,-0.5406954776494022
0.24317589485871324,-1.1424484673390247,-0.549229831268994
0.2328702851770747,-1.1350412790410676,-0.5477806013933026
0.25187125277180106,-1.1310156332971484,-0.5431108607266004
0.24365897030447142,-1.1430925706771902,-0.5617898237950468
0.21258111515544903,-1.138261795671792,-0.5677477691369843
0.23319233548460339,-1.154042327619578,-0.557442134019692
0.2328702851770747,-1.1601613095995724,-0.5482636780178167
0.2328702851770747,-1.1783572303724823,-0.5482636780178167
0.21805597068364965,-1.1666023433860644,-0.5559929041074669
0.25138817733832747,-1.208147014347709,-0.5791805834766187
0.2497779258881963,-1.2234444720346875,-0.5729005868178685
0.22820055568182435,-1.2195798510780256,-0.599630829845105
0.24607434752242346,-1.229724481186325,-0.6165385148195114
0.23496361217027106,-1.2287583259244057,-0.6200810774966975
0.24365897030447142,-1.2485645093621895,-0.6307087657592191
0.22208159968930744,-1.2514629753313744,-0.6361836356054112
0.224980052542317,-1.2637009430389436,-0.6100974918687102
0.21048778801720525,-1.262573761783647,-0.6218523588497261
0.18858836483475935,-1.227309093036859,-0.6379549170459199
0.15412897535164885,-1.2158762560372633,-0.6043005713218046
0.1911647676391431,-1.209757273018019,-0.6100974918687102
0.18649503754107224,-1.1736874806973052,-0.6231405634761552
0.18021505557865078,-1.168051576005458,-0.6176656938489857
0.18375760952117462,-1.1793233854859917,-0.625555947164429
0.1723248216580124,-1.1699838861746101,-0.640048249669835
0.17957095485765612,-1.1717551705063338,-0.6323190215867917
0.20324165551085607,-1.1767469718562908,-0.6310308169240975
0.22820055568182435,-1.2041213677065064,-0.5989867275777072
0.24704049840454603,-1.2176475406167608,-0.5999528809792812
0.26797376680737833,-1.2058926522225506,-0.6249118448458063
0.253964579641836,-1.1558136118652031,-0.6463282476222099
0.24253179426324498,-1.1519489917052645,-0.6629138838214699
0.26443121378845175,-1.1363294856895614,-0.682881058617084
0.263304037819733,-1.1418043640021247,-0.6978564405158038
0.24156564336763395,-1.1335920465675624,-0.7149251562062412
0.25541380592852625,-1.1147520249949834,-0.7186287455776996
0.2697450433022656,-1.1245746002096948,-0.7004328503741293
0.28939010923032155,-1.155974637706189,-0.7142810537111474
0.2591173841871845,-1.1604833612858927,-0.6997887479076408
0.25090510190413123,-1.156457715229621,-0.6873897756755596
0.2457522972277403,-1.1490505266151994,-0.682881058617084
0.27827937536869407,-1.1424484673390247,-0.6505149129909813
0.27650809892062966,-1.1405161573321205,-0.6366667123609594
0.2623378869862708,-1.1503387333187318,-0.6039785201833326
0.27296554599534606,-1.1574238702786195,-0.608648261722319
0.24027744216898986,-1.1305325558111996,-0.6133180033282026
0.23319233548460339,-1.1331089690778176,-0.5833672479830231
0.26620249030277365,-1.1662802916937354,-0.5598575172210596
0.2558968813559776,-1.1633818264770062,-0.5331272774568332
0.2789234758928534,-1.156457715229621,-0.5191180562878418
0.260888660730657,-1.1381007698395043,-0.5204062605081069
0.25525278078588187,-1.0909202043860484,-0.53071189445367
0.27554194812668015,-1.0534011930207003,-0.5395682988861725
0.2831101292685644,-1.0321457893471124,-0.5593744405793534
0.2969582900475317,-1.017009366359936,-0.5849775035767316
0.3075859479168095,-1.000101660659038,-0.5997918554121533
0.28633063182831703,-1.0166873148146192,-0.6242677425284561
0.2631430126810234,-1.0342391244961529,-0.6216913332717804
0.2798896266766828,-1.039391949535411,-0.6577610647177912
0.2834321795259855,-1.0055765366951666,-0.6693549078155444
0.2663635154399574,-0.9709559985961799,-0.6854574683571545
0.22916670661741523,-0.9862534452116513,-0.6983395173626902
0.22739542989995778,-0.9820667755405661,-0.6994666966748732
0.24462512119382004,-0.9893129346205399,-0.6865846476248333
0.24752357384452336,-1.0092801293597569,-0.6777282391979845
0.24510819663741046,-1.020551933379328,-0.68980515983966
0.25009997617886487,-1.000101660659038,-0.6846523403111968
0.22272570032555714,-0.9495395745358166,-0.6774061879869933
0.19808885007413565,-0.9463190597607622,-0.6566338855497134
0.18826631448276704,-0.9503447032345334,-0.6666174726025216
0.19486834663445599,-0.9505057289745142,-0.6811097769325885
0.22626825380197307,-0.959362144795509,-0.6737025990834457
0.21306419064696364,-0.9308605892817878,-0.6861015707953512
0.2385061655124645,-0.9558195784383461,-0.6881949037282729
0.23270926002318995,-0.9598452220290028,-0.685135417138533
0.2280395305256116,-0.9534041923077246,-0.7170184893240752
0.23077695817031127,-0.965803174634061,-0.7102554131456136
0.20614010853289788,-0.956463681409523,-0.7113825924989573
0.21483546744300377,-0.980778569498698,-0.7324769496868214
0.26620249030277365,-0.9893129346205399,-0.755825667247641
0.26507531434023857,-0.9751426681251403,-0.774826693805324
0.24704049840454603,-0.9799734407251053,-0.7938277214685725
0.22659030411608436,-0.9572688101252772,-0.8041333640533561
0.21145393900577245,-0.9411662361866121,-0.790768233888807
0.2343195115584249,-0.9353693097627015,-0.7659702829840838
0.23721796430161723,-0.9308605892817878,-0.7592072057914343
0.2335143857918109,-0.9637098399226256,-0.7501897697524812
0.23947231641722808,-0.9550144497261578,-0.7566307954691771
0.27183837005642214,-0.9538872695324224,-0.7566307954691771
0.2895511343559396,-0.9802954922343048,-0.7864205410615972
0.29889059150433905,-0.9819057497850553,-0.8031672100472209
0.3058146716295661,-0.9885078058259548,-0.8070318260889064
0.3294853630286448,-1.026992964421866,-0.7931836188178193
0.3367314927016242,-1.0234503973327918,-0.7543764364538793
0.33157868939533264,-1.0224842426787866,-0.7693518216329374
0.36426678397458,-1.02312834578114,-0.7983364400594083
0.34301147161989554,-1.018458598317782,-0.8265159326619879
0.31660335431931996,-1.0355273307483668,-0.8653231235952895
0.3320617647087934,-1.0224842426787866,-0.8654841492934086
0.30500954604124175,-0.9872195997587374,-0.849220554183971
0.30307724462106855,-0.9875416512750663,-0.8405251670317254
0.28053372719762937,-0.9736934363590547,-0.8107354165050891
0.26893991762397607,-0.9501836774946314,-0.7877087463376998
0.2547697053574669,-0.9405221332455496,-0.7844882331569698
0.24607434752242346,-0.9294113577118343,-0.7857764384254511
0.2555748310710903,-0.9373016185592586,-0.8075149030973318
0.25525278078588187,-0.9604893250081037,-0.8358554221750811
0.24881177501426346,-0.966286251877063,-0.8641959437106764
0.25283740363658036,-1.0055765366951666,-0.8851292850590456
0.2433369200073796,-1.0199078302820423,-0.8820697966244969
0.22224262484849028,-0.985126264910322,-0.8455169633315821
0.1927750193814515,-0.9915672952559142,-0.8468051688406962
0.19857192558731906,-0.9963980680982805,-0.8593651728206454
0.21258111515544903,-1.011212438592696,-0.8474492715971573
0.1937411704229849,-1.018458598317782,-0.848093374354888
0.15316282419170077,-1.0437396457253434,-0.8315077287478467
0.15928178148927016,-1.0704699272722362,-0.8250667015545706
0.15300179899809535,-1.0669273597129354,-0.8028451587124776
0.16459561273266216,-1.0696647982781224,-0.8046164410574954
0.16443458754475196,-1.0703089014732552,-0.800107722379978
0.1562223028549637,-1.0530791414395972,-0.8084810571163253
0.17248584684199172,-1.0579099151893903,-0.8102523394919015
0.20565703303102997,-1.0767499334942263,-0.8226513163898261
0.21596264358088182,-1.0508247803807405,-0.8337620882954883
0.22336980096052253,-1.0538842703929487,-0.813311827254153
0.22948875692863663,-1.0662832565244507,-0.8070318260889064
0.24704049840454603,-1.0524350382783405,-0.774826693805324
0.2517102276273902,-1.0334339955910923,-0.777725155580806
0.27795732510613247,-1.0466381098840274,-0.7460031031047718
0.2607276355907428,-0.9709559985961799,-0.7191118224553363
0.23544668762831275,-0.9303775120910899,-0.6970513124392491
0.19422424594266827,-0.917173402488263,-0.7144420793348016
0.16813816684639127,-0.9107323736071417,-0.7189507968293779
0.16781611647402034,-0.9176564796594605,-0.7091282337961631
0.15654435323888588,-0.899782624800362,-0.7010769528418893
0.1330346743694497,-0.8996215990853507,-0.6740246502907805
0.12031368303558634,-0.9400390560405849,-0.6708041382317395
0.0955157997564364,-0.9450308538596165,-0.6938308001528972
0.10904191814439967,-0.9257077659511227,-0.6680667030065542
0.11016909465119676,-0.9356913612280018,-0.6962461843646811
0.1356110776166306,-0.956785732895587,-0.7170184893240752
0.1277208426073049,-0.9811006210086898,-0.7526051543813511
0.12884801904899643,-1.0125006447543243,-0.7709620781446992
0.13045827110173977,-1.0313406604471982,-0.7603343853138146
0.14382336283000588,-1.022001165352853,-0.7551815646718417
0.1612140837697018,-1.0432565683680566,-0.741494385236515
0.18778323895417678,-1.044383748869501,-0.7493846415468289
0.16733304091486223,-1.0432565683680566,-0.7495456671878005
0.16153613414865073,-1.04229041365562,-0.7411723339625937
0.1744181490434859,-1.035366304966563,-0.7176625918245716
0.1502643706945315,-1.0382647690511457,-0.69592413313541
0.17506224977475002,-0.9926944755794233,-0.7115436181211815
0.1777996778683017,-0.9947878104762374,-0.68980515983966
0.15670537843072666,-0.9695067668486335,-0.6817538793622014
0.16411253716869084,-0.9334370009775579,-0.6435908126024593
0.16040895782092573,-0.9015539076707199,-0.6373108147028034
0.14801001795654467,-0.8835190279846618,-0.6337682518384062
0.1417300352464054,-0.838914910177069,-0.6408533776056883
0.1275598174010282,-0.8435846550774315,-0.6373108147028034
0.12289008638412373,-0.8244225988422264,-0.6564728599545917
0.13045827110173977,-0.8100913138209977,-0.6566338855497134
0.13673825403081669,-0.7769200273072583,-0.6555067063855311
0.1381874808432819,-0.7864205410615972,-0.6405313264311084
0.14994232030435298,-0.820557982594824,-0.6216913332717804
0.10871986771316468,-0.8046164410574954,-0.5922236538468802
0.0644379303653528,-0.801717979043376,-0.5782144301366255
0.09020196737784247,-0.8160492636972958,-0.5530944443023578
0.07989635281904806,-0.8464831174629417,-0.5709682801779875
0.07973532758896207,-0.8474492715971573,-0.5878759636654574
0.1069485903356401,-0.8555005561600237,-0.6139621056239191
0.09422759797570206,-0.8650010721992891,-0.6241067169493174
0.11741522924394657,-0.9154021195333097,-0.6414974799558023
0.11290652329420599,-0.9413272619220758,-0.6480995291178228
0.11145729636844028,-0.9298944349011052,-0.6328020983366142
0.10598243903471989,-0.9310216150121788,-0.6472944011640788
0.10308398511464308,-0.9300554606310208,-0.6632359350181528
0.10614346425174033,-0.9244195601311392,-0.6778892648035995
0.09535477453412515,-0.9229703285897218,-0.6632359350181528
0.08907479080146444,-0.9342421296366473,-0.6604984998564843
0.10131270770625415,-0.9353693097627015,-0.6598543974688424
0.09438862319857438,-0.9184616082797086,-0.6468113243927865
0.08054045373859052,-0.9137918623098582,-0.648421580299877
0.0840830087731521,-0.9495395745358166,-0.648421580299877
0.10823679206571094,-0.9540482952741469,-0.6677446518051017
0.1282039182256538,-0.9503447032345334,-0.6849743915293414
0.13883158164673692,-0.9477682914056139,-0.6981784917469819
0.1459166904000524,-0.9646759944031627,-0.684169263484576
0.15509512650870932,-0.9722442045993863,-0.70622977262974
0.16459561273266216,-0.9933385786231711,-0.6878728525069491
0.16314638603858234,-0.9920503725369428,-0.6656513190034103
0.17312994757710676,-1.0213570622527166,-0.6928646464731903
0.15493410131606644,-1.0224842426787866,-0.7408502826889902
0.14398438802818297,-1.0358493823122121,-0.7714451550997761
0.20549600786358016,-1.0529181156491643,-0.7859374640843685
0.2106488131821671,-1.0534011930207003,-0.796243106420209
0.21886109648879457,-1.074173520670643,-0.8107354165050891
0.21242008999145032,-1.078843268928305,-0.804938492393985
0.18552888647787383,-1.0833519914471281,-0.8028451587124776
0.17699455196084043,-1.1265069101226433,-0.8142779812902902
0.15879870591735742,-1.1274730650833886,-0.764521052145295
0.11145729636844028,-1.130049478325963,-0.7381128468761884
0.10598243903471989,-1.159034128699942,-0.7220102837361716
0.09857527896511963,-1.1699838861746101,-0.7270020782246159
0.06427690512757353,-1.1947818676891344,-0.7561477185360173
0.08376095831706765,-1.2129777903823455,-0.7434266928867144
0.09438862319857438,-1.201222902155423,-0.7081620800711615
0.10823679206571094,-1.2052485487610647,-0.715569258702606
0.13158544753388887,-1.2112065058280546,-0.6730584966697296
0.1352890272118557,-1.2252157566550337,-0.644717991725456
0.14720489197488248,-1.2517850271073079,-0.6331241495035601
0.17796070304955325,-1.22457165315562,-0.5976985230467301
0.1544510257376565,-1.2115285575644874,-0.6134790289020123
0.15606127766288228,-1.224732679030355,-0.6431077358366535
0.1679771416602459,-1.2099182988854849,-0.6754738807277223
0.16346843641560604,-1.2100793247530295,-0.7191118224553363
0.12949211987105602,-1.1827049284056834,-0.7345702829172271
0.10517731294841508,-1.1685346535466785,-0.7427825903353771
0.12884801904899643,-1.174492609946903,-0.7532492569520677
0.09615990064487977,-1.1335920465675624,-0.7648431034422477
0.07651482297041225,-1.1176504897818276,-0.7832000278935697
0.13754338003854377,-1.1268289617759089,-0.7852933614491753
0.16362946160399758,-1.1289222975298454,-0.7656482316860193
0.192936044555241,-1.1424484673390247,-0.7458420774655475
0.18746118860138208,-1.1421264156704165,-0.7471302825815658
0.21322521581064136,-1.1419653898362312,-0.7358584879887649
0.2111318886765711,-1.1253797293387058,-0.700110799140726
0.1951903969798684,-1.1533982242599041,-0.6733805478764288
0.1734519979441829,-1.161288490503077,-0.7010769528418893
0.14945924471848368,-1.1389058990017327,-0.727485155114646
0.11532190148938418,-1.0983273916870047,-0.7125097718561945
0.14221311084382388,-1.1021920112148331,-0.7410113083257522
0.14575566520283773,-1.0997766240046,-0.7492236159059368
0.13480595160409187,-1.0893099462992992,-0.7445538723546127
0.16411253716869084,-1.0773940367032877,-0.7369856674305305
0.13593312802108473,-1.060003250503091,-0.7247477194139292
0.15461205093054003,-1.0553335025139685,-0.7223323349911868
0.1744181490434859,-1.0598422247092543,-0.7187897712034991
0.21177598933465278,-1.0542063219748434,-0.6978564405158038
0.21483546744300377,-1.0744955722724832,-0.6870677244550306
0.21564059325617513,-1.0761058302864313,-0.7067128494890227
0.2267513292730196,-1.0609694052677718,-0.7054246445325246
0.2547697053574669,-1.0759448044846802,-0.7054246445325246
0.2871357574632349,-1.075300701278468,-0.6861015707953512
0.30903517396277774,-1.0815807075930488,-0.692703620860184
0.29148343585709025,-1.0802925011597324,-0.6606595254535935
0.24993895103357072,-1.0593591473282198,-0.6603374742594547
0.23093798332515933,-1.0471211872463015,-0.6526082456955226
0.22546312801529006,-1.0569437604337324,-0.647938503526915
0.2235308261190632,-1.0451888778014793,-0.6031733923385448
0.2248190273844988,-1.0162042374972378,-0.6166995403949118
0.23238720971517962,-1.0076698716743524,-0.6183097961532924
0.25702405735055367,-0.9482513686219909,-0.5910964749053865
0.2641091635120765,-0.9232923800428153,-0.6102585174409292
0.232226184561054,-0.9327928980517131,-0.6270051773859826
0.21966622229193283,-0.9458359825472382,-0.6334462006708241
0.1728078972097097,-0.9724052303501437,-0.6358615844354435
0.20243652966678544,-1.0126616705248843,-0.6295815866846501
0.22143749905177346,-0.9862534452116513,-0.6366667123609594
0.217089819714827,-0.9669303548688417,-0.6406923520183586
0.2351246373230319,-0.9495395745358166,-0.6627528582232477
0.25637995678270625,-0.9641929171625376,-0.6661343958026082
0.2578291830585561,-1.0060596139968676,-0.6292595355212033
0.2380230900589989,-0.9996185833661282,-0.6408533776056883
0.24108256791874455,-0.9836770331000307,-0.6336072262545753
0.23109900847992712,-0.985609342181845,-0.6339292774223166
0.23270926002318995,-0.9968811453864378,-0.6406923520183586
0.21870007132792613,-1.027959119089174,-0.6118687731674937
0.21386931646454943,-1.044222723083343,-0.6071990315823709
0.1718417461055931,-1.039230923751707,-0.6247508192663495
0.1463997659912152,-1.040841181592309,-0.6221744100058563
0.1697484187034327,-1.0455109293748246,-0.6224964611623045
0.18681708789482981,-1.0538842703929487,-0.6113856964486891
0.20243652966678544,-1.0662832565244507,-0.6105805685856057
0.17763865268696988,-1.0274760417551636,-0.6538964504434572
0.19358014524959657,-1.011051412822849,-0.6588882438897647
0.18858836483475935,-1.0171703921327133,-0.6464892732123226
0.19551244732495984,-0.9802954922343048,-0.6463282476222099
0.18359658434281148,-1.0248996293191446,-0.6505149129909813
0.20308063034220247,-1.0390698979680821,-0.6242677425284561
0.23915026611596135,-1.008797052053304,-0.6179877450009801
0.2639481383737684,-0.9875416512750663,-0.628615433195264
0.25879533390550924,-0.9849652391533061,-0.6123518498870141
0.28230500362360605,-0.9583959903306611,-0.5870708358604477
0.2641091635120765,-0.9603282992632097,-0.5817569923972713
0.24430307089769168,-0.9632267626834269,-0.5598575172210596
0.2504220264692123,-0.9384287986958544,-0.5606626449588281
0.22771748021294522,-0.9633877884297473,-0.5572811084735707
0.18375760952117462,-0.9472852141899502,-0.5901303215300663
0.1893934907133359,-0.9627436854449412,-0.5836892991011283
0.16878226759017054,-0.9754647196295863,-0.5838503246603002
0.18343555916436804,-0.9730493333539654,-0.5944780117415628
0.18359658434281148,-0.9598452220290028,-0.6071990315823709
0.1433402872349934,-0.9382677729618171,-0.5890031425958125
0.17747762750555787,-0.9184616082797086,-0.5901303215300663
0.19438527111573556,-0.9121816050943345,-0.5846554524573534
0.20259755483576009,-0.873696460002661,-0.5746718679144924
0.18762221377781957,-0.8782051796954629,-0.6020462133591831
0.21886109648879457,-0.8791713339234388,-0.6083262105795515
0.21306419064696364,-0.8947908276718819,-0.6220133844277514
0.17747762750555787,-0.9001046762306225,-0.6373108147028034
0.16298536084995013,-0.9092831421263706,-0.6411754287805862
0.18778323895417678,-0.9089610906870714,-0.6374718402884633
0.18923246553778106,-0.9286062290646343,-0.6545405528193328
0.16749406610132847,-0.931343666473199,-0.6622697814290581
0.19229194385960155,-0.9174954539356487,-0.6643631142090471
0.20662318403404348,-0.9147580166429778,-0.6616256790379184
0.20807241053314648,-0.9316657179345362,-0.6579220903135489
0.20404678135292037,-0.9497006002754015,-0.6361836356054112
0.2140303416278258,-0.9630657369371858,-0.6406923520183586
0.1992160262704401,-0.9793293377076571,-0.6102585174409292
0.20372473101633543,-0.9922113982974442,-0.6025292900641465
0.19196989351130034,-0.9996185833661282,-0.6047836480301092
0.18762221377781957,-1.0099242324361362,-0.5646882836775158
0.19132579281373505,-1.0202298818305267,-0.5501959845230369
0.1700704690738783,-1.059681198915497,-0.5745108423598559
0.1557392272784788,-1.075300701278468,-0.5735446890337086
0.12160188471242085,-1.0223232169033962,-0.5793416090335627
0.14350131243341108,-1.0273150159773186,-0.5706462290724548
0.15557820208615675,-1.020551933379328,-0.5690359735495658
0.15590025247072062,-0.9955929392862688,-0.5881980147880181
0.18391863469945757,-0.9762698483920879,-0.6034954434762213
0.17168072092129288,-0.9669303548688417,-0.5637221303804945
0.17731660232406563,-0.9585570160746043,-0.5555098274714912
0.18263043327094755,-0.9793293377076571,-0.5529334187583856
0.16298536084995013,-0.9857703679391777,-0.54391598842298
0.15783255477136615,-0.9946267847144687,-0.5669426413817072
0.17506224977475002,-1.008797052053304,-0.5294236901926406
0.20952163702574875,-1.0360104080942536,-0.5431108607266004
0.20018217729271423,-1.0210350107031236,-0.5671036669326035
0.2053349826960501,-1.0311796346674529,-0.575476995688868
0.19341912007612805,-1.0680545402958308,-0.5727395612641074
0.19196989351130034,-1.0467991356713728,-0.5679087946882785
0.18874939001063512,-1.056299657264877,-0.5566370062898821
0.18407965987766026,-1.0543673477659097,-0.5558318785620622
0.15702742881416756,-1.084801223698497,-0.5336103540596154
0.15461205093054003,-1.0709530046696543,-0.5310339455197234
0.16298536084995013,-1.0883437914510479,-0.5540605975678622
0.1757063505047305,-1.0627406890104212,-0.5680698202396521
0.15557820208615675,-1.0342391244961529,-0.5904523726548547
0.20195345415938004,-1.0319847635669712,-0.6199200519196265
0.20984368735655526,-1.0147550055493695,-0.6245897936869721
0.24124359306845464,-0.9922113982974442,-0.6374718402884633
0.2325482348692249,-0.973854462110525,-0.6704820870275842
0.25009997617886487,-0.9487344458390812,-0.6833641354417974
0.27296554599534606,-0.9392339273672289,-0.6720923430515404
0.27763527484324957,-0.9287672547939156,-0.6629138838214699
0.25138817733832747,-0.9421323906005835,-0.6548626040077475
0.2790845010236924,-0.9740154878620747,-0.655345680790966
0.3091961990785947,-0.9917283210161778,-0.6365056867756972
0.3347991914714089,-1.008152948979142,-0.6295815866846501
0.3520288770323327,-1.0083139747475638,-0.6200810774966975
0.34075712022740173,-1.0229673200054328,-0.6001139065464886
0.3302904885559012,-1.0216791138026264,-0.5782144301366255
0.34880837512825585,-1.0334339955910923,-0.5753159701338338
0.3475201743576225,-1.0400360526710184,-0.5885200659108972
0.3069418474498458,-1.0617745342405163,-0.609775440724511
0.3088741488468804,-1.0646729985587795,-0.6579220903135489
0.3325448400215309,-1.0799704495521945,-0.647938503526915
0.33689251780361973,-1.0823858366164434,-0.6521251689163589
0.3256207604698479,-1.0989714949384783,-0.6432687614251758
0.3038823702142133,-1.1179725414263924,-0.6253949215846539
0.2684568422160386,-1.1474402682428997,-0.6136400544759018
0.22707337958664922,-1.1269899876026601,-0.6216913332717804
0.2203103229329986,-1.117489463959664,-0.601885187791021
0.24349794515596568,-1.0828689140314298,-0.6002749321137756
0.2626599372644128,-1.0622576116251126,-0.5985036508779941
0.27683014918463694,-1.040841181592309,-0.5936728839202432
0.2966362398036058,-1.0282811706455766,-0.5857826313765696
0.3127387516062405,-1.0131447478370392,-0.583528273542036
0.33109561408114857,-0.9955929392862688,-0.5822400690721614
0.33592636719044094,-1.0118565416728766,-0.5914185260311298
0.3246546098229162,-0.9939826816681863,-0.5949610884353091
0.2890680589788445,-0.9889908831024683,-0.6126739010337587
0.23931129126663486,-0.974981642373036,-0.6244287681076743
0.20984368735655526,-0.9870585740006917,-0.6369887635317224
0.19406322076952068,-1.0248996293191446,-0.6672615750035189
0.192936044555241,-1.027637067533088,-0.6737025990834457
0.20791138536690054,-1.0587150441546151,-0.6595323462754985
0.2140303416278258,-1.0849622495046,-0.6294205611028869
0.2083944608653977,-1.0970391851878556,-0.6340903030063064
0.1918088683370294,-1.1108874053190596,-0.6081651850082871
0.20517395752843975,-1.1263458842961291,-0.6138010800498706
0.20195345415938004,-1.121837161185848,-0.6250728704253427
0.19583449766973024,-1.1511438625110098,-0.5852995546964281
0.16411253716869084,-1.1451859065349654,-0.5679087946882785
0.15831563034472276,-1.1666023433860644,-0.5292626646603701
0.15767152958008687,-1.1957480228510164,-0.5297457412574201
0.11725420403253821,-1.1761028684520274,-0.5369918902991522
0.12997519548675876,-1.1421264156704165,-0.501727299813051
0.11950855698495891,-1.149372578290608,-0.513643188408567
0.1385095312451698,-1.1129807409711956,-0.5158975457594738
0.14092490924910392,-1.0928525141005918,-0.5199231839249103
0.1265936661616842,-1.0770719850985986,-0.5073631930133373
0.11548292670175465,-1.050180677223917,-0.5059139633239464
0.13078032151132618,-1.0641899211706214,-0.49013346267923436
0.1447895140178654,-1.0521129866981873,-0.5094565247982896
0.14720489197488248,-1.0762668560882613,-0.5384411201268435
0.10034655638849911,-1.1184556188938326,-0.5274913838106501
0.07796405005272677,-1.112175611872638,-0.5345765072673292
0.11226242243911184,-1.1152351024576774,-0.5154144691829656
0.11258447286681926,-1.1145909991742435,-0.5326442008547676
0.11644907797429381,-1.099937649818062,-0.5386021456636517
0.1257885401266924,-1.0922084108611447,-0.5302288178551868
0.14784899276037264,-1.087377636605645,-0.5344154817325112
0.16105305858010702,-1.0669273597129354,-0.5402124010361119
0.16475663792049217,-1.0674104371051298,-0.5144483160320992
0.12433931325865553,-1.0748176238746396,-0.5236267710810635
0.1417300352464054,-1.0952679012597937,-0.5155754947083887
0.16443458754475196,-1.1181335672487933,-0.5020493508504393
0.19261399420758177,-1.1084720180447458,-0.5078462695779011
0.1682991920324564,-1.1134638184312793,-0.4753191158313419
0.14994232030435298,-1.0989714949384783,-0.4700052741915019
0.15332384938522597,-1.0783601915192536,-0.4748360393150443
0.15396795015852466,-1.0648340243549905,-0.47419193729442954
0.16475663792049217,-1.0545283735570548,-0.5006001211847003
0.17296892239344835,-0.998008325728244,-0.507041141970693
0.1720027712898131,-0.9687016381027698,-0.4819211616259278
0.13883158164673692,-0.9537262437907773,-0.48401449324729257
0.18375760952117462,-0.9649980458973089,-0.49866781497374946
0.1903596417649798,-1.0071867943702755,-0.513965239457741
0.18246940809202272,-1.0348832276216264,-0.49528627913218115
0.17908787931606768,-1.0727242884662807,-0.4946421770711026
0.17312994757710676,-1.116684334850032,-0.5006001211847003
0.17989300521831392,-1.119421773830849,-0.5313559965860953
0.15606127766288228,-1.1192607480078152,-0.48224321264372316
0.17071456981380684,-1.1302105041542962,-0.4431140163143497
0.16556176385843888,-1.1182945930712735,-0.47209860573623413
0.13448390119851505,-1.1131417667911445,-0.4853026973286696
0.1352890272118557,-1.0994545723779139,-0.5031765294838072
0.13754338003854377,-1.112819715151326,-0.4798278300180248
0.1096860190059076,-1.0909202043860484,-0.4753191158313419
0.08311685740393694,-1.1036412435495175,-0.4917437178120192
0.06669228368584858,-1.0646729985587795,-0.48095500857445367
0.051233860601348664,-1.0878607140279903,-0.46952219768309106
0.07103996504530756,-1.0509858061701443,-0.4791837279875321
0.08714248808996465,-1.0253827066493542,-0.48031090654173064
0.12063573345527605,-1.0166873148146192,-0.48514167181821866
0.14076388404940302,-1.010729361283392,-0.45986066766544814
0.12562751491945348,-0.9976862742016177,-0.4308760793336122
0.1447895140178654,-1.0075088459062476,-0.4176719899496404
0.15638332804696486,-1.0337560471528788,-0.4054340539260081
0.15670537843072666,-1.0171703921327133,-0.3812802341780813
0.1526797486106439,-1.0451888778014793,-0.382085361474108
0.14623874079424112,-1.0972002109999723,-0.3704915286036717
0.12949211987105602,-1.0968781593758181,-0.3783817759288923
0.11049114508098867,-1.080131475355924,-0.4197653211576923
0.09358349708341109,-1.0732073658670225,-0.4149345568517452
0.07780302482167908,-1.088504817258892,-0.44858888300738636
0.08198968080287251,-1.0952679012597937,-0.4603437441595184
0.10743166598501792,-1.0577488893965827,-0.4700052741915019
0.08907479080146444,-1.0622576116251126,-0.5146093415570445
0.11000806943618054,-1.067732488700322,-0.5250760008492843
0.1554171768937545,-1.0928525141005918,-0.5281354859367065
0.18053710593866673,-1.0978443142492305,-0.5311949710528695
0.16556176385843888,-1.0785212173221916,-0.5331272774568332
0.16362946160399758,-1.0765889076921589,-0.5545436742016889
0.15976485706046098,-1.087377636605645,-0.5706462290724548
0.15300179899809535,-1.1060566307882316,-0.5791805834766187
0.1723248216580124,-1.1129807409711956,-0.5854605802563957
0.1988939759290401,-1.0928525141005918,-0.600758008816114
0.20517395752843975,-1.0696647982781224,-0.5861046824970617
0.20936061186022506,-1.0707919788704356,-0.6100974918687102
0.21370829130119282,-1.0759448044846802,-0.59592724182495
0.23319233548460339,-1.0856063527298048,-0.5759600723544483
0.21644571906733992,-1.0996155981912175,-0.5815959668391338
0.21080983834704867,-1.103802269364878,-0.5601795683159282
0.19728372421722498,-1.1136248442514656,-0.5495518823533566
0.17796070304955325,-1.1406771831655944,-0.5424667585709296
0.19100374246447094,-1.152432069222766,-0.5355426604779089
0.19422424594266827,-1.1604833612858927,-0.5643662325781903
0.18134223183730247,-1.193332634951646,-0.6176656938489857
0.2111318886765711,-1.1976803331833161,-0.6315138936720114
0.21741187003808893,-1.181255695721547,-0.6210472309607928
0.2140303416278258,-1.1686956793939103,-0.6134790289020123
0.20404678135292037,-1.1253797293387058,-0.6385990193903086
0.17538430013990072,-1.1062176566047788,-0.6604984998564843
0.15879870591735742,-1.119582799653962,-0.6263610750644968
0.14221311084382388,-1.1369735890157062,-0.6347344053430611
0.10936396857531398,-1.1604833612858927,-0.628615433195264
0.07860815097611618,-1.1108874053190596,-0.6146062079209081
0.08923581602690177,-1.129727426669534,-0.6092923640088085
0.08440505922891596,-1.109921250407198,-0.5931898072284062
0.08730351331636378,-1.129727426669534,-0.5526113676706801
0.10501628773091362,-1.138261795671792,-0.545365218281478
0.10904191814439967,-1.169822860326746,-0.5402124010361119
0.11467780063910052,-1.190273143637972,-0.5513231633230418
0.11757625445527474,-1.1922054539380256,-0.54584829490241
0.1370603044341481,-1.181416721575024,-0.5456872693620198
0.14317926203649547,-1.1571018185953035,-0.5382800945901149
0.16073100820067682,-1.157262844436922,-0.5113888310732673
0.17731660232406563,-1.1295664008414381,-0.48224321264372316
0.18005403039852244,-1.1104043278627729,-0.4989898660081115
0.16314638603858234,-1.1094381729523355,-0.5152534436576222
0.12482238888205614,-1.0922084108611447,-0.49270987089551305
0.12256803596667913,-1.0875386624130141,-0.47692937089084503
0.13673825403081669,-1.0619355600353024,-0.4946421770711026
0.12852596863748547,-1.0590370957412591,-0.5279744604050729
0.09696502675363039,-1.1120145860531638,-0.54391598842298
0.12321213680124764,-1.1265069101226433,-0.5489077801849499
0.14382336283000588,-1.1360074340269635,-0.5590523894852806
0.11693215360948099,-1.1269899876026601,-0.5956051906947516
0.07200611645058715,-1.120065877123775,-0.6150892846444852
0.0639548546517746,-1.1435756481816444,-0.5886810914724562
0.04994565864430862,-1.1376176923431163,-0.5989867275777072
0.0311057044367644,-1.1316597366128538,-0.6023682644957458
0.021766239551275837,-1.147601294079774,-0.5901303215300663
0.032715956975993804,-1.1537202759395828,-0.6062328781593185
0.04414874977417512,-1.1447028290281387,-0.5873928869822129
0.0533271887706023,-1.1733654289980195,-0.5803077623768977
0.05574256741060777,-1.1852813420821795,-0.5799857112621345
0.07103996504530756,-1.1762638943029746,-0.5513231633230418
0.09406657275274954,-1.215554204296564,-0.5342544561977728
0.10356706076979295,-1.2192577993336913,-0.5197621583973374
0.09632092586679021,-1.2034772642484974,-0.48755705448334563
0.12385623763453325,-1.2137829197283658,-0.469683223185815
0.13915363204798323,-1.2215121615506677,-0.45309759682375933
0.11934753177459287,-1.2699809529607198,-0.43586786936227323
0.09599887542288915,-1.264022994826882,-0.43715607325307004
0.09422759797570206,-1.2461491210740852,-0.42137557594228336
0.08665941241028627,-1.2323008952320156,-0.42765556967834856
0.06798048557622301,-1.1669243950787094,-0.4067222576962861
0.0552594916840489,-1.157262844436922,-0.41042584356425543
-0.01623572379561387,-1.1223202386589837,-0.39045868547096
-0.029761847418932525,-1.1150740766367004,-0.4249181364964409
-0.007701384181082313,-1.1440587256868102,-0.4390883790988286
-0.0023875501950846602,-1.1350412790410676,-0.46581861114242834
-0.0052860050857283306,-1.1091161213161558,-0.5189570307606669
0.0265969972843079,-1.1294053750134212,-0.5297457412574201
-0.00802343472849069,-1.1419653898362312,-0.5579252106585328
0.00888421857745142,-1.1356853823646818,-0.5577641851121729
0.0414113205494092,-1.1205489545943006,-0.5820790435137851
0.07007381363714302,-1.1028361144739018,-0.5733836634796292
0.09068504305223075,-1.0831909656418162,-0.551162137779945
0.06765843510411021,-1.0907591785770174,-0.5529334187583856
0.06508203131566852,-1.0751396754771128,-0.5537385464790423
0.07007381363714302,-1.0864114817630905,-0.5566370062898821
0.08714248808996465,-1.044383748869501,-0.5748328934692084
0.08054045373859052,-1.0439006715112642,-0.5729005868178685
0.07522662111401633,-1.0282811706455766,-0.5564759807441589
0.07120099027972117,-0.9881857543086752,-0.5366698392272076
0.08521018536692303,-0.9862534452116513,-0.5592134150322772
0.07570969681076586,-0.9943047331911692,-0.5431108607266004
0.05654769361993675,-0.9986524287824473,-0.527813434873519
0.04914053241855471,-0.980617543743821,-0.5073631930133373
0.04350464878219549,-0.9794903634619003,-0.5588913639383636
0.014842153341555826,-0.970311895596478,-0.5740277656964242
-0.0009383227594916994,-0.9923724240580246,-0.5909354493426343
-0.02171058328938584,-0.9901180634171057,-0.5972154463489263
0.002604233166874295,-1.0028390986656577,-0.6176656938489857
0.032715956975993804,-0.9917283210161778,-0.6353785076810882
0.05847999651415352,-0.998008325728244,-0.6229795378975732
0.05316616352729429,-1.0099242324361362,-0.607682108294971
0.0695907379319789,-1.018780649864841,-0.5925457049737374
0.07957430235879596,-1.0202298818305267,-0.6023682644957458
0.09261734574256993,-1.0134667993788715,-0.6055887758788744
0.0958378502008184,-0.9817447240296238,-0.6115467220215445
0.11258447286681926,-0.9931775528621154,-0.601885187791021
0.1272377669882343,-1.001389866776949,-0.5617898237950468
0.12369521242633212,-0.9690236896008775,-0.5674257180346347
0.14350131243341108,-0.928445203335432,-0.5582472617514914
0.14801001795654467,-0.9004267276612002,-0.5389241967375069
0.1463997659912152,-0.8831969765707367,-0.5347375328022268
0.175867375687025,-0.8791713339234388,-0.5120329331674746
0.17699455196084043,-0.8841631308134636,-0.48417551875718595
0.17618942605137342,-0.8984944190824915,-0.4922267943534077
0.19358014524959657,-0.9166903253177789,-0.5086513971871
0.20163140382070852,-0.9395559788363336,-0.4939980750112985
0.20919958669462116,-0.9269959717761793,-0.49689653429045233
0.22224262484849028,-0.934564181100838,-0.4703273251975075
0.21564059325617513,-0.9753036938773236,-0.46630168764534213
0.21370829130119282,-0.9819057497850553,-0.4717765547284759
0.19100374246447094,-0.9685406123538346,-0.46807296816216054
0.14704386677830944,-0.9828719043193082,-0.4777344984235838
0.13126339712510438,-0.9825498528075736,-0.45519092825973895
0.09116811872589764,-0.9783631831838613,-0.46887809567299193
0.0639548546517746,-0.9786852346914764,-0.5006001211847003
0.05477641595676891,-0.9991355060739313,-0.5104226779343451
0.03352108324260461,-0.9901180634171057,-0.49190474332573564
0.015486254390567548,-0.9952708877620187,-0.48562474834981034
0.006790890120792707,-0.9770749771565702,-0.46195399914493124
0.0006719299391155986,-0.976430874144826,-0.44617350063145605
-0.010438813844262188,-0.9575908616121336,-0.43747812422656623
-0.0023875501950846602,-0.9294113577118343,-0.4123581492512412
-0.0023875501950846602,-0.9278011004194159,-0.4316812067524094
-0.0030316512796523367,-0.9128257079795927,-0.42604531486267205
0.06347177893747524,-0.9046133962875715,-0.42201967785835165
0.07603174727486485,-0.8906041591712691,-0.4463345261226269
0.09132914395029297,-0.8468051688406962,-0.43860530263631303
0.10888089292882226,-0.8414913211483277,-0.42604531486267205
0.09857527896511963,-0.888510824941065,-0.46984424868861857
0.10179578336404947,-0.9126646822581592,-0.4878791055067166
0.07699789866523839,-0.9170123767646892,-0.49432012604104125
0.07120099027972117,-0.9110544250481851,-0.5468144481464235
0.08295583217545388,-0.9160462224249102,-0.5616287982467768
0.06717535939534,-0.9430985450174081,-0.6015631366549354
0.018062658573800114,-0.9724052303501437,-0.6112246708759134
0.003248334240231383,-0.9854483164245915,-0.6307087657592191
-0.032177226696821506,-0.9740154878620747,-0.6339292774223166
-0.047474629208346934,-0.9814226725189983,-0.6263610750644968
-0.04232181986062637,-0.9612944537337629,-0.6498708106230564
-0.05874639994220121,-0.9505057289745142,-0.6976954149003339
-0.06567048787313387,-0.9516329091566007,-0.7089672081751308
-0.052788463934020334,-0.9643539429093334,-0.7091282337961631
-0.027829544009589355,-0.9992965318379178,-0.6881949037282729
-0.014142395190100687,-1.0347222018401394,-0.698500542978478
-0.04699155332851657,-1.0823858366164434,-0.7120266949883305
-0.07146739881281744,-1.086572507569985,-0.6877118268964064
-0.031211074983504603,-1.0996155981912175,-0.6691938822141423
-0.02187160857001545,-1.0904371269591928,-0.682397981793086
-0.044737199232165736,-1.1017089337713624,-0.6796605464706089
-0.062288956539542306,-1.1084720180447458,-0.6635579862151537
-0.06647561438633309,-1.1384228215041583,-0.6495487594395711
-0.062288956539542306,-1.1337530723976355,-0.6224964611623045
-0.050051033912940614,-1.1023530370294818,-0.6070380060116634
-0.06083972883594871,-1.0601642762970065,-0.5894862192814438
-0.047474629208346934,-1.050019651434909,-0.5790195579197542
-0.06083972883594871,-1.08045352696362,-0.5783754556930922
-0.06760279150817275,-1.063384792191941,-0.6005969832485883
-0.0630940830443395,-1.0712750562683286,-0.6450400429041706
-0.054881792789275324,-1.0785212173221916,-0.6518031177306473
-0.07694225923995665,-1.039552975319194,-0.6642020886101094
-0.06583151317561367,-1.0321457893471124,-0.6371497891172232
-0.05069513509229033,-1.0675714629026865,-0.6394041473225837
-0.063255108345539,-1.0482483677610457,-0.6508369641754207
-0.060034602336753055,-1.0554945283055888,-0.655023629602074
-0.06905201924201348,-1.0284421964238968,-0.6282933820327714
-0.054881792789275324,-1.0065426912992814,-0.6173436426973097
-0.03475363127975485,-0.9960760165732382,-0.5852995546964281
-0.005447030358191439,-1.0021949956032175,-0.6136400544759018
-0.004802929268819434,-1.0334339955910923,-0.6067159548704867
-0.011243940220189364,-1.0437396457253434,-0.563883155929799
-0.036685934730402485,-1.063062740601023,-0.5910964749053865
-0.02686339230924052,-1.0707919788704356,-0.6165385148195114
0.0016380815544363321,-1.0735294174679129,-0.5988257020110566
-0.00351472709391886,-1.027637067533088,-0.6150892846444852
-0.01671879962957686,-1.0123396189838436,-0.628454407613978
-0.0073793336339942105,-1.018458598317782,-0.6418195311313364
0.024825719457232925,-1.0300524542114526,-0.6315138936720114
0.032715956975993804,-1.0707919788704356,-0.6297426122664929
-0.013015218254274916,-1.0686986434877976,-0.6476164523453378
0.01613035543829785,-1.0554945283055888,-0.6287764587766296
-0.0001331964091871075,-1.0757837786830085,-0.6384379938040922
-0.020261355767321958,-1.0587150441546151,-0.6547015784135003
-0.008989586372637465,-1.0519519609082295,-0.6799825976838257
-0.006574207267675165,-1.0571047862261442,-0.6872287500652553
-0.02477006363503786,-1.0313406604471982,-0.7042974651997604
-0.0205834063272202,-1.0039662790279775,-0.7113825924989573
-0.04827975567633155,-0.9717611273475896,-0.7083231056917965
-0.02187160857001545,-0.9683795866049788,-0.685296442747804
-0.012693167701902416,-0.9838380588564128,-0.6972123380544011
-0.0479577050888976,-1.0020339698378053,-0.6775672135924492
-0.03233825198265449,-0.9841601103694149,-0.6743467014984335
-0.05455974219527886,-1.0009067894821384,-0.6645241398080644
-0.06695869029521284,-1.0133057736079158,-0.6711261894362128
-0.062127931238822924,-1.0324678409076324,-0.6944749026076246
-0.058263324045564675,-1.058554018361412,-0.6693549078155444
-0.03346542898572669,-1.0690206950842558,-0.6737025990834457
-0.023964937225485403,-1.0798094237485445,-0.6767620855659645
-0.037652086460048674,-1.1018699595857737,-0.6727364454633487
-0.02605826589448459,-1.0703089014732552,-0.6611426022453982
-0.03169415083980284,-1.055655554097288,-0.6379549170459199
-0.048118730382574554,-1.0534011930207003,-0.6374718402884633
-0.06019562763643214,-1.0258657839802763,-0.6564728599545917
-0.054398716898400666,-0.9592011190511697,-0.646006196442223
-0.0843494234944772,-0.9303775120910899,-0.6579220903135489
-0.05262743863802246,-0.9385898244299707,-0.6642020886101094
-0.055042818086393594,-0.9543703467578336,-0.6717702918461133
-0.060034602336753055,-0.9373016185592586,-0.6487436314822492
-0.037974137037237746,-0.9232923800428153,-0.6332851750871523
-0.05391564100824626,-0.9050964734402172,-0.6336072262545753
-0.04940693273487141,-0.9173344282119162,-0.639082096149435
-0.02605826589448459,-0.8801374881542697,-0.6049446735997032
-0.004158828180728572,-0.9104103221664155,-0.6065549293000178
0.00018885413037420212,-0.9123426308155302,-0.6197590263426352
0.026758022540834123,-0.9031641648339158,-0.6083262105795515
0.03754671454561902,-0.9088000649675407,-0.5951221140000504
0.02257136584512052,-0.909605193565987,-0.5688749479977147
-0.005447030358191439,-0.8703149202738664,-0.5753159701338338
-0.03652490944240827,-0.8683826118731167,-0.5907744237799616
-0.038296187614746985,-0.8435846550774315,-0.5703241779672403
-0.043126946315805215,-0.8331179855660037,-0.5849775035767316
-0.02847364514475627,-0.8555005561600237,-0.595766216259811
-0.05874639994220121,-0.8717641515819238,-0.569358024653507
-0.06615356378081334,-0.9179785311073219,-0.5706462290724548
-0.047796679795300674,-0.917173402488263,-0.5516452144094738
-0.045703350985823815,-0.931343666473199,-0.5176688265461348
-0.04634745215652991,-0.9793293377076571,-0.5152534436576222
-0.022354684412384602,-0.9975252484384233,-0.503981657081459
-0.06808586741873286,-0.9819057497850553,-0.45019913793463384
-0.0882140309988209,-1.0118565416728766,-0.4625981011413272
-0.08451044880623818,-1.0186196240912722,-0.4363509458207243
-0.10624886662832968,-1.017009366359936,-0.45036016342779683
-0.10254528422968656,-1.0310186088877868,-0.4690391211753972
-0.07935763886956858,-0.9994575576019833,-0.4510042654012458
-0.08724787911841497,-0.9796513892162227,-0.4861078248821188
-0.08064584134605556,-0.9545313724997958,-0.4923878198673632
-0.10447758808456921,-0.95565855269575,-0.50639703988636
-0.09964682846895896,-0.9598452220290028,-0.5092954992758925
-0.11687653809412242,-0.9390729016327956,-0.5212113881483603
-0.07967968948821028,-0.9334370009775579,-0.5162195968108773
-0.04151669340744849,-0.934403155368703,-0.5406954776494022
-0.07339970248242277,-0.92764007469061,-0.5344154817325112
-0.06583151317561367,-0.9239364829499533,-0.5057529378033012
-0.07356072778874329,-0.9134698108661193,-0.498345763939706
-0.0671197155983328,-0.9001046762306225,-0.48465859528734384
-0.1020622082677656,-0.9021980105350467,-0.4954473046476498
-0.11719858875003941,-0.9078339106520216,-0.4685560446684203
-0.09256171449628652,-0.8883497992316044,-0.45969964216758413
-0.1001299044272805,-0.8791713339234388,-0.46130989714980997
-0.08966325882482967,-0.8984944190824915,-0.4764462943721577
-0.10753706921168872,-0.8933415962617574,-0.4787006514654991
-0.16309081048837779,-0.9023590362513267,-0.4883621820423705
-0.16695541893120236,-0.9577518873556806,-0.49882884049089066
-0.1677605456959191,-0.9572688101252772,-0.5086513971871
-0.15954825278956822,-0.9798124149706243,-0.498345763939706
-0.15729389791046963,-1.0023560213687086,-0.501727299813051
-0.14376776896491808,-1.0245775777660675,-0.5197621583973374
-0.13120779259202947,-1.0372986143534346,-0.5361867626198876
-0.09159556260292105,-1.0174924436785056,-0.5187960052335718
-0.10222323358832594,-1.018458598317782,-0.5181519031259872
-0.09900272719231673,-1.002678072899929,-0.5088124227091786
-0.09513811955934008,-1.004771407860582,-0.5120329331674746
-0.10399451211976875,-1.0313406604471982,-0.52088933709202
-0.08322224631439043,-1.0455109293748246,-0.5014052487759811
-0.08885813225402482,-1.0498586256459803,-0.4923878198673632
-0.0964263220985462,-1.0363324596585737,-0.48031090654173064
-0.07662020862403521,-1.0234503973327918,-0.464047330637879
-0.07662020862403521,-1.0390698979680821,-0.4672678406533208
-0.08837505631250188,-1.0476042646092882,-0.48014988103374906
-0.06100075413602791,-1.0390698979680821,-0.4787006514654991
-0.0400674657967708,-1.0479263161850088,-0.46775091715838557
-0.011243940220189364,-1.0182975725443713,-0.4756411668426052
-0.011727016046706461,-0.9857703679391777,-0.5038206315617695
-0.008345485276219344,-1.010085258205429,-0.49818473842280364
0.0106554964917455,-1.013788850921021,-0.54600932044288
0.008240117515305609,-0.9984914030187776,-0.5443990650417628
-0.0052860050857283306,-1.0065426912992814,-0.541178554263409
-0.0009383227594916994,-0.9654811231391224,-0.5241098476697538
0.012587799659923694,-0.9704729213462846,-0.5055919122827356
0.011460622813221246,-0.9687016381027698,-0.5052698612418431
-0.0019044743824996738,-0.928445203335432,-0.5160585712851357
-0.03185517612539568,-0.9600062477736593,-0.5007611467027971
-0.050856160387327834,-0.9538872695324224,-0.512354984215056
-0.022193659131514828,-0.9588790675627284,-0.4949642281014826
-0.03700798530663104,-0.9368185413590493,-0.50639703988636
-0.06728074090153277,-0.889960056329779,-0.5205672860359983
-0.06438228545617607,-0.8838410793989042,-0.4759632178541872
-0.09803657527975307,-0.9020369848188461,-0.45873348918207296
-0.08805300568521991,-0.9075118592141495,-0.5018883253317054
-0.08467147411807915,-0.9191057111773339,-0.5150924181323583
-0.04135566811705303,-0.9245805858583596,-0.5482636780178167
-0.02187160857001545,-0.9168513510411944,-0.5613067471504756
-0.01607469851778633,-0.934564181100838,-0.5566370062898821
-0.033626454272200054,-0.9587180418186269,-0.5392462478116805
-0.020261355767321958,-0.971439075846788,-0.5128380607870254
-0.02589724061177356,-0.9951098620000125,-0.5121939586912255
-0.03185517612539568,-0.9955929392862688,-0.5088124227091786
-0.0400674657967708,-0.9920503725369428,-0.5242708731994765
-0.0630940830443395,-0.9728883076028911,-0.5365088136913546
-0.05552589397822858,-0.965642148886552,-0.5406954776494022
-0.01430342046696748,-0.9595231705399277,-0.5286185625320846
-0.03942336463855066,-0.9503447032345334,-0.564205207028647
-0.04666950274236317,-0.9110544250481851,-0.542627784109728
-0.05198333745483126,-0.9142749394760612,-0.5134821628840994
-0.08869710694010384,-0.9031641648339158,-0.49593038119453386
-0.11011347439376322,-0.9113764764895457,-0.5044647336410057
-0.12444472859274115,-0.9232923800428153,-0.5052698612418431
-0.15423441631389662,-0.8877056963945549,-0.5218554902619961
-0.12106319664599452,-0.8659672263882419,-0.5121939586912255
-0.12895343790992714,-0.8774000511743307,-0.5215334392050189
-0.12476677925617533,-0.8920533905692611,-0.5463313715240586
-0.1233175512732405,-0.911537502210345,-0.5157365202338914
-0.11172372764295718,-0.9057405763115215,-0.4878791055067166
-0.07613713270075309,-0.9260298174069111,-0.48369244222774493
-0.12396165259818964,-0.9044523705701815,-0.4735478352750893
-0.16051440488540666,-0.8935026219736762,-0.43586786936227323
-0.16421798794611234,-0.8624246610427092,-0.41928224472386927
-0.13942008478079218,-0.8675774833761755,-0.39512842394747
-0.08918018288210676,-0.9133087851443686,-0.421858652379215
-0.06744176620481275,-0.9332759752459777,-0.43103710481721225
-0.09884170187335616,-0.9389118758984413,-0.4495550359627787
-0.08579865130320605,-0.9290893062527164,-0.44778375554675076
-0.0994858031496784,-0.9413272619220758,-0.4833703912085158
-0.11156270231767788,-0.9298944349011052,-0.5001170446308875
-0.09417196765829519,-0.9218431485063919,-0.5207283115639694
-0.09046838539763447,-0.9260298174069111,-0.5142872905072335
-0.07823046170684281,-0.9286062290646343,-0.5443990650417628
-0.05810229874684588,-0.9904401149362864,-0.5162195968108773
-0.08128994258621916,-1.0195857787338747,-0.522338566848059
-0.07613713270075309,-1.0604863278850754,-0.5355426604779089
-0.03201620141106857,-1.0662832565244507,-0.4975406363559909
-0.004802929268819434,-1.076910959296373,-0.4944811515560321
-0.017684951299664478,-1.1000986756316027,-0.4890062840910241
-0.01865110297263426,-1.1237694710826611,-0.4761242433600977
-0.004480878724613859,-1.1397110281659382,-0.4896503861409521
0.0299785276545377,-1.1223202386589837,-0.5265252306239541
0.010333445962594607,-1.0809366043757576,-0.5134821628840994
0.005824738520847103,-1.0923694366708878,-0.5542216231123915
0.04044516905278761,-1.0608083794734606,-0.5294236901926406
0.04849643143650946,-1.0511468319596273,-0.49866781497374946
0.049301557663865736,-1.0517909351183505,-0.5086513971871
0.0265969972843079,-1.0179755209977874,-0.5104226779343451
0.015164203866221863,-1.0216791138026264,-0.49673550877426687
-0.013981369913313956,-1.010085258205429,-0.5138042139331142
-0.03942336463855066,-1.015399108636519,-0.5068801164494904
-0.03507568185406234,-1.00686474283462,-0.48031090654173064
-0.005447030358191439,-0.9765918998976432,-0.46775091715838557
0.014359077553956101,-0.9704729213462846,-0.47419193729442954
0.0034093595083704584,-0.9659642003816491,-0.44697862808810734
-0.015430597407276784,-0.9831939558313595,-0.43425761450594985
-0.006091131448844575,-1.0171703921327133,-0.4249181364964409
0.002121157361015662,-1.0542063219748434,-0.4448852967049577
0.008240117515305609,-1.0414852847307667,-0.45036016342779683
0.057191794585957675,-1.0426124652261155,-0.47419193729442954
0.07265021738583745,-1.0340780987149825,-0.507041141970693
0.09342247186013794,-1.0719191594666269,-0.5292626646603701
0.12031368303558634,-1.0472822130338848,-0.5630780281840718
0.13480595160409187,-1.0342391244961529,-0.5844944268977836
0.16362946160399758,-0.9886688315847133,-0.5881980147880181
0.13754338003854377,-0.9741765136137034,-0.6139621056239191
0.1254664897121344,-0.9319877693961904,-0.5976985230467301
0.1613751089592164,-0.8910872363032195,-0.5857826313765696
0.17618942605137342,-0.8490595284938639,-0.5767652001320069
0.16443458754475196,-0.8595261985158296,-0.5748328934692084
0.14720489197488248,-0.8592041471255406,-0.5753159701338338
0.10179578336404947,-0.8682215861735699,-0.601885187791021
0.10276193467747567,-0.879976462448933,-0.593511858356218
0.11145729636844028,-0.8960790333751625,-0.5743498168052991
0.06588715750176022,-0.9166903253177789,-0.554704699746457
0.03464826001249534,-0.9569467586387378,-0.5408565031873248
0.04350464878219549,-0.9790072861994081,-0.5001170446308875
0.007596016451878474,-1.0039662790279775,-0.4862688503930477
-0.01961725464848618,-1.0439006715112642,-0.46597963664332
-0.04232181986062637,-1.0553335025139685,-0.5026934529261717
-0.06679766499217292,-1.027798093311091,-0.5144483160320992
-0.058585374643242344,-1.0150770570927858,-0.49319294743833525
-0.08000174010717201,-1.0385868206176827,-0.5004390956666831
-0.04876283155808272,-1.064028895374727,-0.5371529158352439
-0.024931088917188517,-1.0933355915310081,-0.5596964916737446
-0.03427055541889394,-1.1091161213161558,-0.55840828729809
-0.0275074934424862,-1.0893099462992992,-0.5786975068062641
-0.000777297489270631,-1.077716088308293,-0.599308778711247
0.03625851253410166,-1.0654781275406258,-0.6113856964486891
0.05847999651415352,-1.0485704193373993,-0.6104195430132277
0.04173337104764217,-1.0571047862261442,-0.6107415941580633
0.04865745668214095,-0.9957539650485129,-0.6316749192548083
0.06475998084067092,-0.9754647196295863,-0.6629138838214699
0.08601531150292634,-0.9773970286629176,-0.6532523480688538
0.08215070603183643,-0.9831939558313595,-0.647938503526915
0.06186152655126887,-1.0038052532616943,-0.6183097961532924
0.06105640035516083,-1.029730402653308,-0.5803077623768977
0.0684635612837912,-1.018458598317782,-0.5659764880780008
0.07152304074830797,-1.0519519609082295,-0.5508400866939906
0.05928512271667181,-1.019102701412217,-0.5205672860359983
0.04881848192769232,-1.0195857787338747,-0.5155754947083887
-0.0015824238411767187,-1.027798093311091,-0.5099396013659591
-0.029117746281203994,-1.01459397977778,-0.5305508689207625
-0.01752392602111639,-1.0171703921327133,-0.5567980318356849
-0.015591622684784078,-1.053240167230109,-0.5521282910397187
-0.012854192978048634,-1.0542063219748434,-0.54584829490241
-0.010438813844262188,-1.0725632626661916,-0.541178554263409
0.003248334240231383,-1.0530791414395972,-0.548585729101224
-0.0015824238411767187,-1.0332729698103176,-0.5593744405793534
0.005663713253909218,-1.0405191300235552,-0.5440770139624946
0.008240117515305609,-1.044383748869501,-0.5318390731862503
-0.01365931935998069,-1.0126616705248843,-0.5054308867622496
-0.00351472709391886,-1.0358493823122121,-0.5128380607870254
0.032715956975993804,-1.0463160583095734,-0.5410175287253272
0.02611392151424863,-1.0488924709140695,-0.5118719076438033
0.021122138514758387,-1.050180677223917,-0.5067190909283673
0.009367294373219903,-1.0244165519896475,-0.5199231839249103
-0.009311636921326933,-1.0229673200054328,-0.5249149753191634
0.021605214292266615,-1.022162191128085,-0.5121939586912255
0.02402059316899495,-0.9939826816681863,-0.5210503626201504
0.024825719457232925,-0.9836770331000307,-0.5331272774568332
0.0214441890331773,-1.0004237121880404,-0.5250760008492843
0.05268308779688952,-1.025060655095802,-0.5247539497891224
0.04350464878219549,-1.0411632331613796,-0.5054308867622496
0.05252206255326102,-1.039552975319194,-0.49415910052613005
0.0773199491280551,-1.0464770840967608,-0.5099396013659591
0.059446147956935085,-1.063062740601023,-0.5263642050931168
0.04736925471484573,-1.0400360526710184,-0.5427888096486059
0.04881848192769232,-1.0324678409076324,-0.5408565031873248
0.009206269108043825,-1.0419683620854412,-0.5572811084735707
-0.008828561098412832,-1.0261878355346201,-0.5566370062898821
-0.027990569293261002,-0.9954319135241042,-0.534093430663114
-0.042482845151502066,-0.9952708877620187,-0.5133211373597115
-0.02670236702612923,-0.9885078058259548,-0.5394072733488867
-0.047474629208346934,-0.974820616621011,-0.5556708530167369
-0.07613713270075309,-0.9649980458973089,-0.5508400866939906
-0.058585374643242344,-0.9532431665663171,-0.5463313715240586
-0.08000174010717201,-0.9791683119534931,-0.5497129078956573
-0.07919661356036774,-0.974981642373036,-0.5471364992283982
-0.04876283155808272,-0.9825498528075736,-0.5471364992283982
-0.035880808291231865,-0.9973642226753082,-0.5366698392272076
-0.04038951637636112,-1.0236114231087365,-0.5226606179058324
-0.020744431607289403,-1.039230923751707,-0.5199231839249103
-0.03700798530663104,-1.051629909328551,-0.5279744604050729
0.019189835397517046,-1.0340780987149825,-0.5244318987292789
0.030622628673433572,-1.0331119440296221,-0.5506790611511327
0.03368210849568646,-1.006381665531731,-0.5580862362049723
0.02901237612379085,-1.016365263269619,-0.5413395798015704
0.017901633312948757,-1.0390698979680821,-0.5712903312838385
0.025147769971967437,-1.0513078577491894,-0.5598575172210596
0.03255493172243133,-1.0545283735570548,-0.54391598842298
0.03996209330339531,-1.0258657839802763,-0.5386021456636517
0.02901237612379085,-0.9972031969122722,-0.5373139413714152
-0.0001331964091871075,-0.9872195997587374,-0.5376359924439967
0.00888421857745142,-0.983354981587504,-0.5558318785620622
0.02369854265313908,-0.9720831788487083,-0.5791805834766187
0.02418161842680274,-0.9403611075104822,-0.5469754736873711
0.05831897127340947,-0.9422934163365229,-0.5487467546430471
0.056225643136445534,-0.9522770121195362,-0.5155754947083887
0.015486254390567548,-0.947929317144327,-0.5080072950995816
0.020317012217309458,-0.9583959903306611,-0.5357036860132842
0.03207185596126328,-0.9741765136137034,-0.5207283115639694
0.027885199334274934,-0.9619385567157164,-0.48272628917101346
0.02949545188952473,-0.9617775309701091,-0.4759632178541872
0.03980106805343766,-0.9529211150837398,-0.4556740047468773
0.03786876504769727,-0.9670913806169844,-0.48288731468026963
0.04704720422222076,-0.9611334279884726,-0.49013346267923436
0.0369026135405012,-0.9514718834160648,-0.4611488716512289
0.04495387601234709,-0.9849652391533061,-0.4648524581387518
0.04189439629663849,-1.0055765366951666,-0.49029448819215443
0.03786876504769727,-1.0158821859527127,-0.4675898916566177
0.043665674030310575,-1.03568835653025,-0.4434360672937431
0.049301557663865736,-1.0451888778014793,-0.4431140163143497
0.029334426634360204,-1.0493755482796685,-0.43989350653794823
0.05155591108980748,-1.0867335333769588,-0.41010379261754054
0.07216714168451993,-1.064028895374727,-0.40044226436437363
0.09519374931173376,-1.0857673785363036,-0.4289437735366284
0.10260090945877172,-1.0656391533372325,-0.44102068495606284
0.12321213680124764,-1.0464770840967608,-0.4630811776394608
0.1265936661616842,-1.0274760417551636,-0.4735478352750893
0.08907479080146444,-1.0324678409076324,-0.4532586223183566
0.07007381363714302,-1.0474432388215469,-0.43699504776644155
0.0464031032360094,-1.0208739849284458,-0.4067222576962861
0.05847999651415352,-1.0186196240912722,-0.39528944941337324
0.08456608445667768,-0.9963980680982805,-0.422341728816864
0.09454964842136658,-1.0028390986656577,-0.4323253086888818
0.10356706076979295,-1.0039662790279775,-0.444080169253486
0.10453321207792823,-0.9959149908108358,-0.4344186399912236
0.08939684125225893,-0.9943047331911692,-0.3956115003454189
0.10066860682807144,-1.0007457637173598,-0.36163512877284354
0.08730351331636378,-1.0129837220662417,-0.39432329661914983
0.08987991692784952,-1.001228841011933,-0.38772125260211315
0.12063573345527605,-0.9873806255168623,-0.3920689401104578
0.13255159875831782,-1.0004237121880404,-0.42057044854899145
0.10082963204773737,-1.010729361283392,-0.4183160918583754
0.09245632051881585,-1.0347222018401394,-0.4225027542962398
0.10066860682807144,-1.035366304966563,-0.42765556967834856
0.10115168248682872,-1.011212438592696,-0.422341728816864
0.126754691368442,-0.9989744803100241,-0.41912121924608764
0.11580497712625508,-0.9860924194540809,-0.41300225114945405
0.13319569957299995,-0.9778801059230329,-0.4157396842310877
0.1620192097164725,-0.9793293377076571,-0.45422477528761357
0.15702742881416756,-0.9466411112368412,-0.43248633417319915
0.15106949666857414,-0.9583959903306611,-0.4105868690377325
0.1633074112271343,-0.936013412693619,-0.39158586371777127
0.11644907797429381,-0.9385898244299707,-0.3445664315976802
0.07989635281904806,-0.9084780135287172,-0.34295617719346005
0.06363280417565516,-0.9289282805232764,-0.3682371722602074
0.05976819843722126,-0.9492175230568847,-0.3962556022104669
0.06282767798395425,-0.9603282992632097,-0.43345248708077677
0.06137845083384443,-0.9809395952536543,-0.4508432399077639
0.04414874977417512,-0.9707949728461356,-0.44504632219549106
0.05075078486805954,-0.9928555013402415,-0.444724271214504
0.0311057044367644,-0.9997796091303524,-0.45647913222703485
0.05075078486805954,-1.0403581042392973,-0.45841143818753993
0.06620920797563595,-1.0617745342405163,-0.47580219234835636
0.07909122666781672,-1.05372324460212,-0.441825812399964
0.10501628773091362,-1.064028895374727,-0.43699504776644155
0.1272377669882343,-1.0496975998571305,-0.42475711101586955
0.10775371641753563,-1.061452482651181,-0.42507916197709195
0.09632092586679021,-1.0593591473282198,-0.3991540606189696
0.09390554752971687,-1.0477652903971089,-0.3801530559669932
0.07957430235879596,-1.0152380828646128,-0.4067222576962861
0.07957430235879596,-1.0147550055493695,-0.39239099103931413
0.10147373292559943,-0.9902790891766564,-0.39818790781326513
0.10743166598501792,-1.001389866776949,-0.40124739170784224
0.07635379773864326,-0.9926944755794233,-0.3803140814254809
0.07168406598248117,-0.9862534452116513,-0.377737674099248
0.09293939618983761,-0.9854483164245915,-0.36356743416990145
0.053810264500045606,-0.9635488141761468,-0.3806361323426954
0.04736925471484573,-0.9579129130993068,-0.38095818326022884
0.034487234759894125,-0.9695067668486335,-0.3944843220846544
0.03416518425445137,-0.9706339470961706,-0.36211820512103127
0.04608105274242303,-0.9622606082071686,-0.3671099940943371
0.0312667296910478,-0.9754647196295863,-0.3384474649040852
-0.00126037330017406,-1.0129837220662417,-0.33377772724174276
-0.0019044743824996738,-1.0092801293597569,-0.3473038641031628
-0.027185442875703257,-1.0031611501973532,-0.3611520524253737
-0.03958438992798563,-0.9865754967270299,-0.3547110345277043
-0.03475363127975485,-0.9809395952536543,-0.3630843578195603
-0.03700798530663104,-1.0020339698378053,-0.38224638693355256
-0.011082914944843798,-1.0015508925420442,-0.3960945767440853
0.03239390646878875,-1.015399108636519,-0.4133243020990388
0.0369026135405012,-1.0078308974425365,-0.3888484308394358
0.08247275648952386,-0.9744985651171989,-0.38256843785268085
0.11065217029576437,-0.9862534452116513,-0.37097460496501916
0.1298141702816047,-1.0158821859527127,-0.3949673984816465
0.20452985685719594,-1.0282811706455766,-0.3983489332806832
0.21016573768704075,-1.002678072899929,-0.3896535581542012
0.2077503602005743,-0.9757867711343493,-0.36211820512103127
0.21950519713146568,-0.9893129346205399,-0.36984742678965826
0.20678420920093152,-0.9614554794791323,-0.3933571438277968
0.18874939001063512,-0.929572383441512,-0.41912121924608764
0.16781611647402034,-0.9509888061949331,-0.44359709278355924
0.15171359744636453,-0.9690236896008775,-0.4690391211753972
0.1612140837697018,-0.9683795866049788,-0.4925488453813983
0.1679771416602459,-0.9854483164245915,-0.5121939586912255
0.14607771559718688,-0.9883467800672754,-0.5489077801849499
0.13061929630657307,-1.004771407860582,-0.5577641851121729
0.09487169886671049,-1.006703717066911,-0.576121097909801
0.08472710968435923,-0.9972031969122722,-0.5798246857048721
0.07522662111401633,-1.0298914284323406,-0.5793416090335627
0.06572613226470214,-1.0377816917019338,-0.5824010946306172
0.020317012217309458,-1.0294083510954801,-0.5894862192814438
-0.0030316512796523367,-1.0711140304689517,-0.5878759636654574
-0.020744431607289403,-1.1031581661039107,-0.5661375136284197
-0.011404965495614998,-1.0962340561284587,-0.5567980318356849
-0.011404965495614998,-1.1165233090283426,-0.532483175320905
-0.0020654996532812626,-1.119743825477154,-0.5524503421269468
0.03706363879190081,-1.1108874053190596,-0.5443990650417628
0.06411587988971414,-1.1013868821427777,-0.5415006053398115
0.08424403400107411,-1.0994545723779139,-0.5239488221401107
0.09712605197514003,-1.0815807075930488,-0.5031765294838072
0.08987991692784952,-1.0455109293748246,-0.49673550877426687
0.08440505922891596,-1.0371375885707599,-0.5033375550031783
0.09100709350142216,-1.0253827066493542,-0.48063295755793284
0.06298870322245469,-1.0453499035881124,-0.45986066766544814
0.0692686874614688,-1.0529181156491643,-0.469683223185815
0.07120099027972117,-1.0608083794734606,-0.46887809567299193
0.06492100607820979,-1.08045352696362,-0.4683950191662541
0.07136201551405465,-1.0648340243549905,-0.4906165392182335
0.06878561175510264,-1.056460683056972,-0.4906165392182335
0.04833540619079785,-1.0688596692859873,-0.5292626646603701
0.0343262095072128,-1.064028895374727,-0.5268472816858676
0.019994961697769233,-1.0759448044846802,-0.5015662742944762
0.03142775494525111,-1.089631997916016,-0.5126770352629559
0.0106554964917455,-1.0975222626244432,-0.4997949935954104
0.0106554964917455,-1.0930135399106515,-0.48385346773747895
0.032715956975993804,-1.079165320534735,-0.46742886615492935
0.038190815549455095,-1.0503417030130042,-0.4671068151517918
0.06250562750671299,-1.0876996882204628,-0.4732257842658972
0.05075078486805954,-1.0909202043860484,-0.43425761450594985
0.06057332463653444,-1.0975222626244432,-0.43699504776644155
0.08987991692784952,-1.0762668560882613,-0.4539027242975425
0.10099065726732313,-1.0910812301951587,-0.43667299679342353
0.12562751491945348,-1.069503772479537,-0.4292658245019953
0.12385623763453325,-1.0616135084458092,-0.42588428938154277
0.14060285884962195,-1.0627406890104212,-0.3840176669927056
0.10533833816583639,-1.0566217088491465,-0.39738278047737063
0.08826966467307552,-1.0332729698103176,-0.3965776531434694
0.02369854265313908,-1.0155601344085043,-0.38321253969189445
0.005019612185356881,-1.0083139747475638,-0.38289048877212817
-0.054881792789275324,-0.9909231922156516,-0.3795089541338401
-0.08273917038126755,-0.9883467800672754,-0.3883653544515334
-0.1144611581849418,-0.9788462604454026,-0.39738278047737063
-0.13475034998128332,-0.9487344458390812,-0.41380737852401367
-0.14070828749593828,-0.9429375192810725,-0.39722175501043094
-0.1373267553795935,-0.9600062477736593,-0.40833251241630836
-0.12283447528036831,-0.9630657369371858,-0.41477353137611583
-0.1180037153912314,-0.9546923982418373,-0.40398482469054414
-0.11880884203442268,-0.9445477766479945,-0.40398482469054414
-0.11059655036768164,-0.9374626442928202,-0.3659828159323749
-0.0927227398121274,-0.9440646994370858,-0.3252433792735945
-0.04393207277298501,-0.9612944537337629,-0.3006064892268328
-0.020100330487492928,-0.9754647196295863,-0.29384342169767386
0.00856216804653868,-0.9744985651171989,-0.2993182858770905
0.019189835397517046,-0.9376236700264611,-0.3043100738857954
0.038995941802447746,-0.9197498140762276,-0.3395746429705652
0.06218357702915119,-0.9173344282119162,-0.3801530559669932
0.06894663699063816,-0.9290893062527164,-0.3795089541338401
0.05364923925697796,-0.9306995635514758,-0.3845007433741492
0.027885199334274934,-0.9278011004194159,-0.4112309709324378
0.009689344903331808,-0.9363354641595534,-0.4484278575150999
0.018867784876855528,-0.901070830523307,-0.49657448325816095
0.026758022540834123,-0.8592041471255406,-0.5250760008492843
0.039640042803399896,-0.8569497874024022,-0.5513231633230418
0.03078365392795728,-0.8319908057924607,-0.5605016194111152
0.021927264810204964,-0.8347282423920956,-0.5846554524573534
0.026758022540834123,-0.850186708326279,-0.5819180179554885
0.012909850186832187,-0.8870615935587743,-0.5703241779672403
-0.0006162722191296376,-0.879332359628379,-0.5418226564165325
0.0027652584353336836,-0.9073508334953322,-0.5347375328022268
-0.0031926765509944386,-0.9287672547939156,-0.5508400866939906
-0.008667535824268269,-0.9298944349011052,-0.5540605975678622
-0.005930106176061185,-0.9294113577118343,-0.5827231457477676
0.02611392151424863,-0.922809302863294,-0.5806298134919794
0.04269952254041841,-0.9017149333866825,-0.5956051906947516
0.02369854265313908,-0.9250636630404967,-0.5672646924835792
0.016452405961682463,-0.9100882707260062,-0.5757990467991754
0.02708007305364628,-0.9205549427016285,-0.5447211161213495
0.03996209330339531,-0.947929317144327,-0.5310339455197234
0.08601531150292634,-0.9150800680879851,-0.49625243222618814
0.08714248808996465,-0.8798154367436755,-0.5101006268886747
0.07554867157859615,-0.8817477452119993,-0.5242708731994765
0.07023483887203745,-0.847771322975864,-0.5392462478116805
0.0708789398108138,-0.8426185009546405,-0.573866740142106
0.09116811872589764,-0.8416523468347058,-0.6212082565384204
0.09503272408926221,-0.828287215135338,-0.6419805567192227
0.10952499379065087,-0.8245836245201934,-0.674990803914693
0.11934753177459287,-0.8252277272328552,-0.6909323391223596
0.11145729636844028,-0.8295754205765326,-0.7012379784590279
0.10533833816583639,-0.8323128571559333,-0.6872287500652553
0.08134557988621531,-0.8078369544366788,-0.708484131312511
0.07216714168451993,-0.8046164410574954,-0.6964072099794357
0.07377739401944011,-0.7606564366066381,-0.6857795195760938
0.08955786647753594,-0.7429436159730922,-0.693669774539414
0.09680400153204059,-0.7472913082214254,-0.683847212267226
0.06459895560305193,-0.7422995134227081,-0.6951190050636235
0.08762556376892164,-0.7891579772793886,-0.7023651577812235
0.06991278840216844,-0.8160492636972958,-0.6880338781175712
0.0654040817903456,-0.8076759287669656,-0.6699990102219473
0.09374452230660406,-0.8067097747503531,-0.63892107056298
0.05831897127340947,-0.8033282357147118,-0.6060718525890881
0.008240117515305609,-0.8252277272328552,-0.5864267336178721
0.009367294373219903,-0.8393979872326328,-0.5919016027203414
-0.06808586741873286,-0.8650010721992891,-0.6147672334953543
-0.08515455005408211,-0.8619415839531109,-0.6165385148195114
-0.07162842411817781,-0.9126646822581592,-0.6244287681076743
-0.07919661356036774,-0.9247416115856594,-0.6410144031930975
-0.052144362750509016,-0.9310216150121788,-0.6376328658742026
-0.062288956539542306,-0.9463190597607622,-0.59592724182495
-0.0624499818403417,-0.9464800854987621,-0.5725785357104258
-0.050051033912940614,-0.9579129130993068,-0.577248276799497
-0.030405948557941848,-0.9598452220290028,-0.5595354661265092
-0.013337268806967676,-0.9266739203194395,-0.5595354661265092
-0.017362900742648364,-0.9318267436653236,-0.5501959845230369
-0.04827975567633155,-0.9268349460477697,-0.5336103540596154
-0.04860180626408562,-0.902520061967686,-0.5121939586912255
-0.044254123356417194,-0.8981723676538168,-0.4997949935954104
-0.04940693273487141,-0.9157241709789514,-0.472420656744311
-0.03620285886665998,-0.9661252261293164,-0.4576063107026018
-0.030889024413039357,-0.9986524287824473,-0.4381222261745148
-0.004641903996676611,-0.9906011406959956,-0.435545818390371
-0.00979471274496164,-0.9909231922156516,-0.40156944264578776
0.0035703847764294557,-1.019746804507919,-0.4136463530489423
-0.005930106176061185,-1.0517909351183505,-0.42459608553537787
-0.0001331964091871075,-1.0421293878704911,-0.42974890095064355
-0.0019044743824996738,-1.011212438592696,-0.44971606145562293
-0.005930106176061185,-0.9962370423357196,-0.47725142190370157
-0.01752392602111639,-0.9889908831024683,-0.5088124227091786
-0.022676734974364315,-0.9757867711343493,-0.5091344737535749
-0.01993930520774395,-0.9728883076028911,-0.5184739541796202
-0.01011676329445178,-0.9648370201501961,-0.5408565031873248
-0.030889024413039357,-0.9699898440971024,-0.5216944647334677
-0.032660302554560594,-0.9654811231391224,-0.5320000987197946
-0.07291662656394127,-0.9439036737002746,-0.5236267710810635
-0.08644275255361002,-0.9165292995944428,-0.5313559965860953
-0.11462218351166069,-0.9036472419844208,-0.5282965114684195
-0.13668265402809698,-0.9057405763115215,-0.4985067894566878
-0.1593872274405416,-0.9216821227805191,-0.49158269229838225
-0.16019235418647412,-0.9387508501641663,-0.45551297925108486
-0.17162515419437466,-0.9419713648647235,-0.4408596594675217
-0.15890415139394132,-0.9476072656669801,-0.44874990849975255
-0.14425084498897434,-0.9418103391289427,-0.40221354452263547
-0.12090217131607672,-0.9543703467578336,-0.40092534077021563
-0.1265380579107809,-0.9756257453819281,-0.4189601937683858
-0.11880884203442268,-1.003000124431466,-0.4018914935840522
-0.09256171449628652,-1.027798093311091,-0.40865456336126954
-0.08402737287119524,-1.025060655095802,-0.39593355127778346
-0.07436585432154606,-1.050019651434909,-0.38289048877212817
-0.09513811955934008,-1.0744955722724832,-0.3845007433741492
-0.0882140309988209,-1.0366545112232106,-0.37966997959200877
-0.12219037395765828,-1.031823737786909,-0.3917468891819204
-0.13426727397137897,-1.0488924709140695,-0.40124739170784224
-0.11542731014645474,-1.0210350107031236,-0.4278165951603546
-0.12058012065648104,-0.9872195997587374,-0.43699504776644155
-0.13040266591805091,-0.95565855269575,-0.4548688772687118
-0.133140096617734,-0.9521159863786836,-0.43119813030089205
-0.11687653809412242,-0.9381067472278593,-0.4271724932328087
-0.10190118294728524,-0.9144359651982874,-0.416544811612423
-0.10109605634608328,-0.8860954393074825,-0.4189601937683858
-0.11091860101736047,-0.8933415962617574,-0.42459608553537787
-0.07694225923995665,-0.8798154367436755,-0.4337745380506069
-0.06872996863393321,-0.8774000511743307,-0.4490719594847239
-0.06341613364681851,-0.8774000511743307,-0.4621150246439107
-0.08306122100326946,-0.8609754297760567,-0.4630811776394608
-0.10544374001632971,-0.8495426055644228,-0.46436938163798913
-0.12363960193555512,-0.8482544000445189,-0.4624370756421087
-0.13764880605582147,-0.852602093694544,-0.46372527963808763
-0.14698827580555107,-0.8643569694082405,-0.48852320755441436
-0.13684367936585118,-0.8849682593512505,-0.502210376369253
-0.1020622082677656,-0.8827138994504438,-0.5062360143654758
-0.1144611581849418,-0.8682215861735699,-0.5131601118354032
-0.09771452464287178,-0.8745015885146722,-0.5038206315617695
-0.08692582849225299,-0.896562110515201,-0.5286185625320846
-0.10866424647632691,-0.9179785311073219,-0.5508400866939906
-0.0927227398121274,-0.9430985450174081,-0.5344154817325112
-0.07694225923995665,-0.9525990636014795,-0.5249149753191634
-0.0648653613619351,-0.9324708465892663,-0.5207283115639694
-0.0479577050888976,-0.9445477766479945,-0.46614066214429123
-0.04167771869792399,-0.9476072656669801,-0.464047330637879
-0.02847364514475627,-0.9408441847159223,-0.4807939830661534
-0.015269572129849555,-0.9456749568095554,-0.4833703912085158
-0.0039978029089060355,-0.9429375192810725,-0.45374169880262655
0.003087308972012228,-0.9334370009775579,-0.43892735361124374
0.009528319638315897,-0.9186226340039959,-0.43119813030089205
0.012909850186832187,-0.9310216150121788,-0.4155786587550598
0.03013955290938182,-0.9142749394760612,-0.41300225114945405
0.03239390646878875,-0.888832876360224,-0.42024839759223265
0.0800573780490539,-0.8688656889722334,-0.3991540606189696
0.07619277250679413,-0.8783662053999273,-0.40430687563120027
0.05928512271667181,-0.888832876360224,-0.4052730284550821
0.054615390714182,-0.8764338969515895,-0.3922299655748461
0.024664694199745527,-0.8796544110384973,-0.3817633105554581
-0.01897315353093133,-0.901231856239032,-0.39367919475792895
-0.0039978029089060355,-0.9141139137539143,-0.37516126679343026
0.022088290069053995,-0.9369795670923732,-0.37000845224304196
0.038512866050892484,-0.934564181100838,-0.365338714127294
0.0343262095072128,-0.9353693097627015,-0.3922299655748461
0.0414113205494092,-0.9654811231391224,-0.40124739170784224
0.054615390714182,-0.9342421296366473,-0.4210535249847275
0.053810264500045606,-0.9422934163365229,-0.4133243020990388
0.044792850764872924,-0.9704729213462846,-0.39432329661914983
0.0277241740783094,-0.9782021574301726,-0.40221354452263547
0.003087308972012228,-0.9981693514916762,-0.41300225114945405
0.011943698605145667,-0.9844821618827336,-0.4112309709324378
-0.0072183083605702626,-0.9773970286629176,-0.3999591879592491
-0.023642886662224798,-0.9630657369371858,-0.3944843220846544
-0.016396749073521472,-0.9690236896008775,-0.39303509289798366
-0.018007001857000833,-0.9725662561009802,-0.42298583073484525
-0.028634670428748125,-0.9648370201501961,-0.42846069708917567
-0.0025485754661064694,-0.9517939348972158,-0.45277554583480384
-0.028312619860844462,-0.9511498319352311,-0.44939401047001404
-0.004641903996676611,-0.964031891415821,-0.42636736582516976
-0.029922872703564782,-0.956463681409523,-0.4183160918583754
-0.05407666630488437,-0.9762698483920879,-0.4337745380506069
-0.06438228545617607,-0.9744985651171989,-0.43135915578465145
-0.04683052803539985,-0.9759477968868496,-0.44150376142216446
-0.0329823531267869,-0.998008325728244,-0.44874990849975255
-0.019778279928075036,-1.004288330560782,-0.4381222261745148
-0.017362900742648364,-1.0034832017293653,-0.4352237674187875
-0.015752647962371434,-1.0173314179055697,-0.42604531486267205
-0.02815159457701271,-1.0118565416728766,-0.4600216931633919
-0.01671879962957686,-0.9968811453864378,-0.4848196207975558
-0.020744431607289403,-0.9798124149706243,-0.510744728980334
-0.01832905241465743,-0.9754647196295863,-0.5160585712851357
-0.04827975567633155,-0.972727281851896,-0.50639703988636
-0.07291662656394127,-0.9575908616121336,-0.49093859024463116
-0.10335041083448793,-0.9815836982742714,-0.49866781497374946
-0.11945294335041522,-1.008797052053304,-0.4854637228392001
-0.16051440488540666,-1.0158821859527127,-0.47789552393037055
-0.1511749347461823,-1.02312834578114,-0.4799888555258471
-0.1814477010018193,-1.0038052532616943,-0.48932833511582874
-0.16454003864904163,-1.0302134799906437,-0.5059139633239464
-0.16824362175570834,-1.0324678409076324,-0.4780565494372369
-0.17838821917744802,-1.0319847635669712,-0.4286217225715802
-0.1901430705549146,-1.0147550055493695,-0.39883200968341587
-0.18531230966331494,-1.0369765627881644,-0.38546689613918933
-0.21172047008205483,-1.0371375885707599,-0.382085361474108
-0.18740563937417787,-1.0546893993482793,-0.40028123889591904
-0.1719472049046574,-1.030696557328692,-0.39641662767692826
-0.1849902589397655,-0.9901180634171057,-0.39384022022311455
-0.16389593724350282,-0.982227801296156,-0.41026481809085813
-0.16099748093440505,-0.9798124149706243,-0.4344186399912236
-0.1743625852419683,-0.9691847153500504,-0.45712323421259504
-0.13748778071766748,-0.9670913806169844,-0.45502990276418553
-0.14650519977741744,-0.967574457861888,-0.4761242433600977
-0.1439287943061902,-0.9286062290646343,-0.43280838514207287
-0.11816474071970971,-0.9306995635514758,-0.441825812399964
-0.15391236562119925,-0.9244195601311392,-0.44681760259661774
-0.14650519977741744,-0.9039692934184872,-0.44617350063145605
-0.15101390940131257,-0.9046133962875715,-0.4287827480540644
-0.17516771202506815,-0.917173402488263,-0.41412942947439557
-0.18482923357811068,-0.9298944349011052,-0.3898145836173935
-0.17871026989444427,-0.9587180418186269,-0.34971924574479285
-0.16695541893120236,-1.0158821859527127,-0.34021874472459457
-0.1870835886485507,-0.9912452437356244,-0.3836956160721419
-0.22556865262391945,-1.002678072899929,-0.3883653544515334
-0.24328144510831692,-1.0384257948343747,-0.43280838514207287
-0.23184864257598684,-1.0588760699478976,-0.4580893871933257
-0.2421542673759716,-1.0828689140314298,-0.45519092825973895
-0.22299224652488425,-1.1070227856887014,-0.4785396259583141
-0.23555222645082297,-1.117489463959664,-0.5081683206213418
-0.2194496881721012,-1.1120145860531638,-0.5445600905815163
-0.22540762724213068,-1.0859284043428816,-0.5695190502055969
-0.2617993655570534,-1.0538842703929487,-0.5796636601476894
-0.24891733382874207,-1.0116955159027128,-0.5576031595658927
-0.2075338103601338,-1.0005847379526607,-0.5774093023554862
-0.17597283881016607,-1.0207129591538473,-0.5427888096486059
-0.16454003864904163,-1.0271539901995528,-0.5567980318356849
-0.11784269006283304,-1.027637067533088,-0.5671036669326035
-0.11430013285830289,-1.050180677223917,-0.5252370263794847
-0.07951866417884944,-1.0498586256459803,-0.49657448325816095
-0.06583151317561367,-1.0535622188113707,-0.47821757494418304
-0.06132280473642638,-1.0936576431516811,-0.4638863051379435
-0.04844078097016857,-1.103319191919034,-0.45341964781303357
-0.02686339230924052,-1.1213540837134246,-0.43892735361124374
-0.007540358907498227,-1.112175611872638,-0.43135915578465145
-0.004319853452631179,-1.115396128278734,-0.43425761450594985
-0.03249927726856752,-1.0759448044846802,-0.42298583073484525
-0.035397732428690015,-1.0820637850068482,-0.4434360672937431
-0.04715257862171332,-1.0669273597129354,-0.426206340343881
-0.06293305774322003,-1.0487314451256948,-0.4196042956796715
-0.0920786385492438,-1.0337560471528788,-0.43715607325307004
-0.10077400570616239,-1.0136278251499067,-0.4228248052552304
-0.09674837273414764,-0.9944657589527794,-0.4228248052552304
-0.10673194259648945,-0.9624216339530136,-0.45019913793463384
-0.1051216893720896,-0.9624216339530136,-0.46823399366416746
-0.11752063940627627,-0.928445203335432,-0.4853026973286696
-0.13619957801531415,-0.9229703285897218,-0.4817601361171497
-0.14264059157825176,-0.9089610906870714,-0.4704883507006297
-0.1400641861377256,-0.9402000817754939,-0.4622760501429699
-0.13008061524901923,-0.9463190597607622,-0.44778375554675076
-0.12718215924212734,-0.9583959903306611,-0.4241130090943812
-0.12412267792962683,-0.9477682914056139,-0.40994276714430267
-0.11365603155254703,-0.9629047111910238,-0.39673867861009016
-0.11929191802129713,-0.9620995824614029,-0.36469461232348915
-0.12186832329678307,-0.9664472776248888,-0.35374488185406144
-0.08901915756802581,-0.9828719043193082,-0.35777051801318444
-0.10383348679832857,-0.9885078058259548,-0.3840176669927056
-0.12573293124839705,-0.9815836982742714,-0.39384022022311455
-0.14022521147715883,-0.9862534452116513,-0.38111920871911525
-0.15632774582422365,-0.9981693514916762,-0.3838566415323839
-0.1432846929415814,-1.0340780987149825,-0.3919079146461492
-0.1532682642367638,-1.0519519609082295,-0.3566433398836048
-0.10898629712408624,-1.0661222307275275,-0.3302351676805867
-0.1051216893720896,-1.0785212173221916,-0.3144546755591545
-0.09368889170885264,-1.0876996882204628,-0.3159039043954909
-0.09868067655447554,-1.103480217734236,-0.31896338751564984
-0.10093503102608284,-1.0951068754486262,-0.2874024051341403
-0.10946937309632508,-1.1002597014452227,-0.29609777752508276
-0.11365603155254703,-1.0667663339156956,-0.27226601671259004
-0.09916375251135731,-1.0707919788704356,-0.26469782276635134
-0.0659925384781735,-1.0757837786830085,-0.2413491404266923
-0.028634670428748125,-1.0447058004420549,-0.2540701464587393
-0.008989586372637465,-1.0118565416728766,-0.28112241410766536
-0.0064131819946515655,-0.9717611273475896,-0.25632450201007634
-0.00802343472849069,-0.9400390560405849,-0.24118811503707605
-0.021549558008836293,-0.966286251877063,-0.2645367973651561
-0.044898224524242,-0.9767529256505396,-0.28643625266062595
-0.044737199232165736,-0.984643187639512,-0.3159039043954909
-0.03249927726856752,-1.0208739849284458,-0.3239551758261729
-0.013337268806967676,-1.011534490132628,-0.3413459227972176
-0.008667535824268269,-1.0004237121880404,-0.34810899131504514
-0.02171058328938584,-1.031823737786909,-0.36614384138384454
-0.01059983911928749,-1.02312834578114,-0.40978174167114456
0.011299597549086266,-1.0450278520149252,-0.41090891998492574
0.0162913807000302,-1.0646729985587795,-0.43119813030089205
0.03931799230308405,-1.0893099462992992,-0.4553519537553721
0.020317012217309458,-1.122642290308136,-0.444724271214504
0.006629864854335309,-1.0989714949384783,-0.41316327662420654
0.014037027028489175,-1.0925304624807102,-0.42507916197709195
0.011299597549086266,-1.1063786824214052,-0.4200873721139728
0.002121157361015662,-1.09575097869377,-0.4149345568517452
0.02369854265313908,-1.0817417333975694,-0.3997981624910338
0.024664694199745527,-1.0798094237485445,-0.3619571796715556
-0.002226524924142924,-1.061452482651181,-0.36260128146993686
-0.036846960018476746,-1.0387478464010702,-0.36421153597147304
-0.08177301851718191,-1.0079919232107997,-0.34746488954537974
-0.10093503102608284,-0.9616165052245812,-0.33297260006536183
-0.08451044880623818,-0.95565855269575,-0.34166797367582785
-0.07967968948821028,-0.9794903634619003,-0.3236331249651154
-0.06824689272241292,-0.9754647196295863,-0.31622595524888786
-0.05906845054035903,-0.9754647196295863,-0.3268536335900527
-0.06631458908353322,-0.9672524063652064,-0.3582535943556293
-0.04280489573349357,-0.9722442045993863,-0.3597028233872711
-0.029922872703564782,-1.0084750005160648,-0.3659828159323749
-0.0019044743824996738,-1.0505027288021704,-0.3762884449872135
0.02128316377400789,-1.075300701278468,-0.365338714127294
0.009045243842787664,-1.120065877123775,-0.3445664315976802
0.007918066983752206,-1.128117168392134,-0.33796438859107625
0.03996209330339531,-1.0994545723779139,-0.3495582203014591
0.041250295300172546,-1.0802925011597324,-0.3365151596563574
0.06089537511569883,-1.0836740430579896,-0.3582535943556293
0.07281124261944967,-1.1028361144739018,-0.31767518409312445
0.05896307223590487,-1.119743825477154,-0.34021874472459457
0.07828610051458178,-1.0907591785770174,-0.33265054919536796
0.048174380945006125,-1.0939796947726705,-0.34231207543400577
0.015164203866221863,-1.0939796947726705,-0.32234492152407734
0.010816521756200818,-1.1055735533390647,-0.3039880230442096
-0.003353701822416613,-1.1039632951803175,-0.3076916077417205
-0.00351472709391886,-1.0951068754486262,-0.29529265044206937
-0.023642886662224798,-1.0790042947314804,-0.2890126592630503
-0.036846960018476746,-1.119904851300425,-0.2906229133999427
-0.04344899689843702,-1.1258628068170617,-0.29319932003557336
-0.03427055541889394,-1.170466963718677,-0.3026998196810587
-0.021549558008836293,-1.164347981546403,-0.2883685576105284
-0.02171058328938584,-1.1727213256003963,-0.2898177863304987
-0.027024417592431862,-1.1802895406023466,-0.31461570098509495
-0.03314337841302011,-1.2126557386444907,-0.31896338751564984
-0.011082914944843798,-1.2161983077782792,-0.3386084903419145
-0.015752647962371434,-1.2360044904581269,-0.32540440470488124
0.0005109046696152089,-1.221995239170606,-0.31075109078455104
-0.004158828180728572,-1.2174865147455023,-0.30608135352022386
0.016613431223254635,-1.2213511356775129,-0.29094496422827903
0.03368210849568646,-1.2298855070635883,-0.32427722668754955
0.025791871000475287,-1.190273143637972,-0.3342608035485287
0.029173401379115577,-1.1669243950787094,-0.3511684747383862
0.038834916552009435,-1.1269899876026601,-0.3645335868727374
0.03352108324260461,-1.1276340909104563,-0.3476259149876764
0.03239390646878875,-1.1274730650833886,-0.3495582203014591
0.04962360815424741,-1.1337530723976355,-0.3490751439719365
0.029334426634360204,-1.1318207624419778,-0.34939719485820514
0.014198052291262682,-1.1046073984428673,-0.3830515142319714
0.018384709095262554,-1.0756227528814157,-0.37644947044378724
0.024825719457232925,-1.0625796632152391,-0.3595417979389919
0.012587799659923694,-1.040841181592309,-0.34182899911525266
0.006951915387170024,-1.0004237121880404,-0.3202515909432823
-0.03700798530663104,-1.02312834578114,-0.3237941503956043
-0.031211074983504603,-1.0348832276216264,-0.3382864394663358
-0.052144362750509016,-1.0464770840967608,-0.3384474649040852
-0.07211150003473901,-1.095912004505254,-0.3503633475189255
-0.0843494234944772,-1.1055735533390647,-0.3595417979389919
-0.07935763886956858,-1.0897930237244933,-0.3643725614220653
-0.05745819755277093,-1.0759448044846802,-0.36485563777432073
-0.056653071061977825,-1.0461550325224656,-0.3608300015274592
-0.0928837651280483,-1.0031611501973532,-0.3440833552755765
-0.09578222082830322,-1.0300524542114526,-0.3614741033236072
-0.08145096789646007,-1.0534011930207003,-0.3619571796715556
-0.09674837273414764,-1.0511468319596273,-0.35712641622437463
-0.07935763886956858,-0.9925334498186843,-0.3841786924531071
-0.06969612045913422,-0.9751426681251403,-0.3907807363982217
-0.07919661356036774,-0.9773970286629176,-0.3912638127897123
-0.06663663968921299,-0.9772360029097042,-0.35052437296265815
-0.057941273448207105,-0.9316657179345362,-0.34810899131504514
-0.05745819755277093,-0.9105713478867389,-0.3344218289842836
-0.0009383227594916994,-0.8999436505154527,-0.32073466722996113
0.024825719457232925,-0.9194277626266223,-0.30318289594164166
0.021605214292266615,-0.9451918795969824,-0.3244382521183576
0.04012311855327286,-0.9517939348972158,-0.3392525920940292
0.07200611645058715,-0.9691847153500504,-0.3545500090818977
0.08810863944715729,-0.9891519088614645,-0.34827001675766095
0.11129627115406543,-0.9838380588564128,-0.317353133238291
0.08392198354514994,-0.9835160073437278,-0.32508235384238754
0.08762556376892164,-0.9920503725369428,-0.32218389609430664
0.05976819843722126,-0.9939826816681863,-0.3133274975798062
0.04350464878219549,-0.9817447240296238,-0.372584859508028
0.04269952254041841,-0.9959149908108358,-0.4081714869439474
0.04350464878219549,-0.9970421711493155,-0.42636736582516976
0.05252206255326102,-0.9786852346914764,-0.466623738647683
0.01725753226874242,-0.9527600893425701,-0.4748360393150443
0.0005109046696152089,-0.9162072481480085,-0.4617929736460314
-0.016396749073521472,-0.9166903253177789,-0.49270987089551305
-0.04119464282673762,-0.9076728849330459,-0.5189570307606669
-0.05697512165805499,-0.8857733878910197,-0.5405344521115591
-0.06277203244218056,-0.8780441539910778,-0.5294236901926406
-0.08161199320678099,-0.8804595395651812,-0.5342544561977728
-0.09755349932455112,-0.860009275601858,-0.5006001211847003
-0.10689296791936934,-0.8683826118731167,-0.4601827186614153
-0.11510525949229718,-0.9162072481480085,-0.44134273593338424
-0.09803657527975307,-0.9226482771369455,-0.42266377977569525
-0.08789198037169893,-0.8973672390835177,-0.37371203769287936
-0.06534843726841431,-0.8999436505154527,-0.3711356304189612
-0.05520384338359189,-0.8632297895269591,-0.36131307787445055
-0.044254123356417194,-0.849703631254768,-0.3580925689080679
-0.043610022189872984,-0.8390759358621777,-0.3283028624816872
-0.062288956539542306,-0.8479323486653364,-0.3249213284112603
-0.0703402216775352,-0.8774000511743307,-0.31622595524888786
-0.08306122100326946,-0.8783662053999273,-0.30157264174249176
-0.11735961407811786,-0.8914092877249162,-0.27790190593605973
-0.13797085673236928,-0.888027747812921,-0.29545367585851245
-0.15681082186698692,-0.8827138994504438,-0.2981911079502561
-0.19996561792295284,-0.8926974934148749,-0.3241162012568213
-0.217517383632334,-0.9368185413590493,-0.3202515909432823
-0.2732321691439534,-0.9191057111773339,-0.34537155880278186
-0.28337676984678906,-0.8999436505154527,-0.3780597250139107
-0.28788548137197517,-0.9004267276612002,-0.3696864013363543
-0.28144446492658226,-0.8844851822283405,-0.36002487428406893
-0.2608332131597031,-0.9187836597283626,-0.3490751439719365
-0.23249274411640147,-0.9300554606310208,-0.3553551363117282
-0.22653480491632974,-0.9162072481480085,-0.34182899911525266
-0.19803331349919104,-0.9136308365879492,-0.3184803112316043
-0.16099748093440505,-0.8901210820400326,-0.3112341670571052
-0.17033695135644078,-0.9039692934184872,-0.2922331675448172
-0.19465178078529444,-0.9050964734402172,-0.30173366716204764
-0.18579538574923848,-0.886256465015833,-0.30592032809851316
-0.1500477573337729,-0.9030031391172395,-0.3262095318625119
-0.13426727397137897,-0.9125036565368051,-0.3068864806299746
-0.12927548857783933,-0.9178175053833516,-0.2980300825324562
-0.14247956623761926,-0.9327928980517131,-0.2522988671079544
-0.1833800053268132,-0.9244195601311392,-0.27017268645449616
-0.21687328212163462,-0.917173402488263,-0.28337676984678906
-0.24263734354649757,-0.9559806041810215,-0.28643625266062595
-0.27339319454946004,-0.9408441847159223,-0.29207214212997057
-0.298835209622254,-0.9632267626834269,-0.3033439213619956
-0.3191244129438246,-0.966286251877063,-0.2830547190259563
-0.32234492152407734,-0.917173402488263,-0.284825998544488
-0.32540440470488124,-0.8844851822283405,-0.31010698908892936
-0.34231207543400577,-0.8796544110384973,-0.3099459636652235
-0.32926901507970074,-0.8743405628121114,-0.3236331249651154
-0.3010895654843031,-0.8551785047737012,-0.34939719485820514
-0.28498702395574255,-0.845194911955097,-0.3440833552755765
-0.2721049913076422,-0.8376267046990566,-0.34810899131504514
-0.2940044471133985,-0.8352113194414704,-0.3803140814254809
-0.31880236208755486,-0.8563056846272186,-0.403018671870489
-0.33104029485018577,-0.8735354343004967,-0.3960945767440853
-0.34827001675766095,-0.8635518409212142,-0.3772545977278521
-0.3366761850932293,-0.859687224211093,-0.36807614680770095
-0.28659727807267876,-0.8572718387904701,-0.3643725614220653
-0.2540701464587393,-0.8756287684348194,-0.3461766860098779
-0.2286281348930835,-0.8920533905692611,-0.35744846711862
-0.19223640029694283,-0.9200718655261502,-0.35744846711862
-0.191914349566521,-0.9031641648339158,-0.34649873689327465
-0.187888715463218,-0.9015539076707199,-0.3249213284112603
-0.17516771202506815,-0.8891549277797004,-0.30044546380783566
-0.19094819737717345,-0.8392369615473655,-0.27870703297596744
-0.16695541893120236,-0.8364995249099614,-0.2808003632890679
-0.17790514310255304,-0.877077999766433,-0.28691932889702393
-0.19094819737717345,-0.8707979973758382,-0.28337676984678906
-0.18933794373465354,-0.8711200487775496,-0.2822495919752714
-0.1727523316817629,-0.88078159097641,-0.292877269205002
-0.12637703257814417,-0.911537502210345,-0.30817468400972575
-0.0981976005983137,-0.9226482771369455,-0.3342608035485287
-0.09707042337006908,-0.959362144795509,-0.30221674342119403
-0.09191761323372288,-0.9716001015971493,-0.3104290399365806
-0.09449401829165685,-0.9310216150121788,-0.3303961931143469
-0.12782626057475321,-0.9538872695324224,-0.32073466722996113
-0.15890415139394132,-0.9733713848563514,-0.3361931087828531
-0.15842107534806046,-0.9699898440971024,-0.3461766860098779
-0.1970671612916249,-0.9802954922343048,-0.3378033631535661
-0.2115594447071361,-0.9746595908690653,-0.34649873689327465
-0.20576253126327176,-0.9838380588564128,-0.365338714127294
-0.194490755418845,-0.9819057497850553,-0.340540795602088
-0.200126643292119,-0.9759477968868496,-0.348753093085987
-0.19400767931997606,-1.0178144952246142,-0.3215397943760218
-0.1961010090869353,-1.0239334746608635,-0.32798081161632103
-0.1886938422798831,-1.0527570898588106,-0.32910798964649907
-0.1411913635154373,-1.039552975319194,-0.29207214212997057
-0.12524985525192633,-1.036815537005648,-0.3055982772553311
-0.1126898795963125,-1.035366304966563,-0.3260485064308262
-0.05182231215923354,-1.0455109293748246,-0.3039880230442096
-0.01027778856931695,-1.0688596692859873,-0.31171724333037765
0.02402059316899495,-1.0659612049306832,-0.2940044471133985
0.025791871000475287,-1.0619355600353024,-0.30801365858697755
0.03577543677846089,-1.0155601344085043,-0.33554900703680174
0.044792850764872924,-0.9896349861389286,-0.3342608035485287
0.05896307223590487,-0.9574298358686657,-0.3270146590221374
0.059446147956935085,-0.9484123943609417,-0.3506853984064705
0.038834916552009435,-0.9389118758984413,-0.32427722668754955
0.02611392151424863,-0.9179785311073219,-0.35342283096348526
0.027563148822263774,-0.9099272450059205,-0.3588976961466725
0.019833936437878983,-0.9059016020295458,-0.35358385640873347
-0.0036757523655011797,-0.9147580166429778,-0.3595417979389919
0.0106554964917455,-0.9419713648647235,-0.35438898363617094
0.015969330176485406,-0.9532431665663171,-0.33393875267725825
0.02369854265313908,-0.9761088226394292,-0.3381254140286661
0.07281124261944967,-0.9888298573435512,-0.34939719485820514
0.0692686874614688,-1.015399108636519,-0.37338998678252305
0.04398772452630039,-1.04953657406836,-0.40398482469054414
0.07345534355309719,-1.0572658120186351,-0.42942684998479835
0.07651482297041225,-1.0207129591538473,-0.4476227300548627
0.0607343498761567,-1.0334339955910923,-0.4473006790713257
0.05590359265263381,-1.06515607594765,-0.4754801413369337
0.03754671454561902,-1.0922084108611447,-0.4890062840910241
0.04092824480145891,-1.1120145860531638,-0.4733868097704534
0.03094467918240089,-1.1123366376921913,-0.4767683453845362
0.016774456484746715,-1.103480217734236,-0.47580219234835636
0.02257136584512052,-1.099937649818062,-0.47821757494418304
0.028046224590160363,-1.0880217398355971,-0.4431140163143497
0.054615390714182,-1.083835068863539,-0.40430687563120027
0.06363280417565516,-1.0492145224910565,-0.4292658245019953
0.07844712574538905,-1.027798093311091,-0.4576063107026018
0.08665941241028627,-1.0005847379526607,-0.48288731468026963
0.0955157997564364,-0.9814226725189983,-0.48401449324729257
0.10018553116859269,-0.9828719043193082,-0.47692937089084503
0.10614346425174033,-0.9926944755794233,-0.45374169880262655
0.12466136367433613,-1.01459397977778,-0.46420835613789424
0.08923581602690177,-1.01813654677104,-0.4614709226484708
0.07313329308643371,-1.0496975998571305,-0.46372527963808763
0.0552594916840489,-1.0719191594666269,-0.46372527963808763
0.07699789866523839,-1.0384257948343747,-0.4917437178120192
0.0639548546517746,-1.0319847635669712,-0.48594679937126967
0.026435972027701576,-1.039391949535411,-0.46742886615492935
0.0024432078983348286,-1.0261878355346201,-0.46275912664062546
-0.00126037330017406,-1.0121785932134422,-0.44617350063145605
-0.013820344636607291,-1.0104073097442523,-0.45712323421259504
-0.03314337841302011,-0.9767529256505396,-0.4716155292247163
-0.035719783003637866,-0.9638708656691838,-0.4577673361994301
-0.022676734974364315,-0.9482513686219909,-0.4490719594847239
0.0009939804778761492,-0.9609724022432616,-0.4717765547284759
-0.01865110297263426,-0.9535652180492113,-0.46742886615492935
-0.0001331964091871075,-0.9044523705701815,-0.47902270248010814
0.024664694199745527,-0.8840021051061442,-0.4650134836391654
0.01725753226874242,-0.8728913314926325,-0.46565758564161636
0.046725153729275305,-0.8400420899744954,-0.4669457896503425
0.06089537511569883,-0.8231343934213466,-0.45969964216758413
0.05767487030963206,-0.8287702921751908,-0.4516483673759695
0.05815794603258531,-0.8287702921751908,-0.4569622087160855
0.06878561175510264,-0.8419743982077,-0.4648524581387518
0.07039586410685174,-0.8828749251571288,-0.458250412690393
0.06830253604801527,-0.900748779092095,-0.45341964781303357
0.02418161842680274,-0.9028421134006424,-0.45841143818753993
0.004858586918018595,-0.8786882568090939,-0.45293657132924176
0.008723193312035091,-0.901231856239032,-0.4687170701706663
0.0338431337486882,-0.8894769791994939,-0.46742886615492935
0.039640042803399896,-0.860009275601858,-0.42362993265410187
0.01774060805201731,-0.8381097817527162,-0.41992634663579265
0.004375511115523263,-0.834245165343435,-0.421858652379215
0.015969330176485406,-0.8160492636972958,-0.4239519836142084
-0.007057283087226383,-0.8144390069632576,-0.416544811612423
-0.02686339230924052,-0.8268379840200646,-0.41992634663579265
0.007757041717855381,-0.8131508015817411,-0.45647913222703485
0.014842153341555826,-0.8118625962053044,-0.4624370756421087
-0.0020654996532812626,-0.8195918285401159,-0.45921656567447
0.03754671454561902,-0.8852903107669202,-0.4683950191662541
0.02595289625740201,-0.8699928688729481,-0.46372527963808763
0.04012311855327286,-0.8559836332401026,-0.45036016342779683
0.031588780199374306,-0.8761118455446434,-0.46420835613789424
0.023859567911107063,-0.879976462448933,-0.4703273251975075
0.05413231498594053,-0.9065457049024359,-0.4526145203404456
0.07941327712854969,-0.9508277804547142,-0.4601827186614153
0.08875274035034933,-0.9418103391289427,-0.43602889484834395
0.11081319551045987,-0.9571077843819679,-0.44697862808810734
0.08730351331636378,-0.9488954715782698,-0.4155786587550598
0.04656412848268242,-0.9348862325653455,-0.390619710934551
0.027241098309932214,-0.9121816050943345,-0.36260128146993686
0.020317012217309458,-0.891892364858056,-0.3619571796715556
-0.0039978029089060355,-0.8680605604741023,-0.3859499725227859
0.0016380815544363321,-0.8464831174629417,-0.41106994545864195
-0.014464445743914334,-0.844067732139898,-0.3882043289890587
0.0016380815544363321,-0.843745680764841,-0.37097460496501916
-0.018490077693605812,-0.8659672263882419,-0.378703826844193
-0.015591622684784078,-0.8812646680938477,-0.39158586371777127
-0.03958438992798563,-0.8978503162254593,-0.3933571438277968
-0.04022849108652594,-0.9086390392480894,-0.3798310050502572
-0.03169415083980284,-0.9123426308155302,-0.36936435042998556
-0.036846960018476746,-0.9192667369019384,-0.3671099940943371
-0.07613713270075309,-0.9453529053344275,-0.32798081161632103
-0.1051216893720896,-0.9237754572230499,-0.3397356684089529
-0.10963039842056464,-0.9244195601311392,-0.32170081980547327
-0.12460575392441826,-0.9408441847159223,-0.3122003196043683
-0.14344571828261365,-0.934725206833052,-0.3273367098865461
-0.16067543023499287,-0.9129867337011053,-0.3249213284112603
-0.15181903612646072,-0.8902821077503654,-0.33876951577982345
-0.13942008478079218,-0.9162072481480085,-0.36630486683539387
-0.10367246147696836,-0.9071898077765944,-0.3382864394663358
-0.09835862591695434,-0.8914092877249162,-0.32459927754924534
-0.09449401829165685,-0.8856123621829073,-0.3297520913797847
-0.11526628481933597,-0.9200718655261502,-0.3133274975798062
-0.0964263220985462,-0.9363354641595534,-0.335065930728101
-0.06567048787313387,-0.9390729016327956,-0.3376423377161358
-0.07645918331619449,-0.9366575156258048,-0.29738598086205464
-0.0679248421151328,-0.9266739203194395,-0.3130054467292821
-0.05391564100824626,-0.9226482771369455,-0.3067254552078648
-0.07984071479765115,-0.9116985279312234,-0.28369882066794117
-0.06647561438633309,-0.9097662192859141,-0.2894957355032799
-0.057136146956213614,-0.9002657019458717,-0.31477672641111515
-0.05890742524124012,-0.8846462079358979,-0.32572645556769414
-0.06438228545617607,-0.8582379929565774,-0.32331107410437715
-0.0659925384781735,-0.8331179855660037,-0.320090565514549
-0.07774738578116044,-0.8290923435354896,-0.30865776027844927
-0.0719504747291386,-0.815566186676251,-0.28273266820544285
-0.0829001956922285,-0.8229733677440938,-0.23474709951791656
-0.07372175309514381,-0.8178205461139043,-0.25616347661303324
-0.043610022189872984,-0.8202359312429371,-0.254553222646994
-0.01865110297263426,-0.8170154177415282,-0.22927223642710817
-0.04634745215652991,-0.8041333640533561,-0.23523017567742077
-0.062127931238822924,-0.8071928517583022,-0.20109279550879397
-0.08016276541677289,-0.8223292650358759,-0.20479637903269446
-0.07066227228721576,-0.8313467030664674,-0.24505272440990883
-0.04892385685215984,-0.8593651728206454,-0.25729065439401194
-0.05117821097764294,-0.843745680764841,-0.24070503886870645
-0.0019044743824996738,-0.8245836245201934,-0.2803172870617703
0.007596016451878474,-0.832956959883831,-0.29625880294192486
0.013070875450166304,-0.829736446257039,-0.30704750605216413
0.0681415108121592,-0.8247446501982398,-0.33104029485018577
0.08231173126072022,-0.8208800339470284,-0.3532618055183168
0.08569326104876546,-0.8059046464053589,-0.37822075047136167
0.08955786647753594,-0.8028451587124776,-0.37854280138650276
0.08488813491196065,-0.7889969516188836,-0.4025355954615378
0.0708789398108138,-0.774826693805324,-0.36678794319052055
0.08875274035034933,-0.7790133608226109,-0.3529397546282193
0.08859171512467154,-0.7865815667208321,-0.36131307787445055
0.09632092586679021,-0.7970482347413903,-0.3630843578195603
0.10308398511464308,-0.78786977199757,-0.34843104220035653
0.08392198354514994,-0.7722502833598257,-0.32749773531887016
0.07635379773864326,-0.7569528467583474,-0.3157428789689121
0.06298870322245469,-0.7139590024640773,-0.2978690571147361
0.07635379773864326,-0.71717951494908,-0.27822395675178335
0.09149016917460813,-0.7368246417957542,-0.26904550862880366
0.08247275648952386,-0.7448759236318697,-0.2571296289964897
0.08102352942740583,-0.7593682314372504,-0.2310435156522657
0.08182865557382843,-0.7567918211137225,-0.22234814500332065
0.0992193798474708,-0.7498677184699819,-0.23700145493508631
0.10356706076979295,-0.7754707964198746,-0.20592355663531428
0.07989635281904806,-0.7666143855811655,-0.17468463595496847
0.07216714168451993,-0.7437487441628595,-0.19964356718486018
0.07603174727486485,-0.7139590024640773,-0.19255845102768424
0.05300513828390615,-0.7265190013353008,-0.1936856285877963
0.027241098309932214,-0.7382738725116001,-0.23152659180625876
0.026435972027701576,-0.7555036159595825,-0.27001166105058627
-0.00963368747033667,-0.7529272056665506,-0.29980136213264524
0.011943698605145667,-0.7551815646718417,-0.3009285400650666
0.02901237612379085,-0.7662923342824658,-0.31075109078455104
0.02836827510169093,-0.7480964364219151,-0.3160649298221495
0.045114901259741144,-0.7047805420561826,-0.36614384138384454
0.049301557663865736,-0.735053359818458,-0.34440540615689924
0.03658056303746165,-0.7569528467583474,-0.3522956528489814
0.07570969681076586,-0.7579190006277644,-0.34182899911525266
0.07216714168451993,-0.7791743864781937,-0.32669260815804785
0.07570969681076586,-0.7930225931553295,-0.30817468400972575
0.09374452230660406,-0.7931836188178193,-0.3120392941796249
0.06475998084067092,-0.7865815667208321,-0.3445664315976802
0.06266665274537368,-0.8315077287478467,-0.36469461232348915
0.05976819843722126,-0.8609754297760567,-0.33329465093567484
0.03722466404322033,-0.8712810744785242,-0.3283028624816872
0.018223683834571378,-0.8761118455446434,-0.3374813122787853
-0.038296187614746985,-0.9316657179345362,-0.3381254140286661
-0.03813516232595235,-0.9323098208581617,-0.34810899131504514
-0.04377104748138898,-0.9286062290646343,-0.3819243360147432
-0.06277203244218056,-0.9429375192810725,-0.36630486683539387
-0.08032379072645376,-0.9408441847159223,-0.36356743416990145
-0.052949489230098234,-0.9811006210086898,-0.3878822780643486
-0.0407115669562716,-1.001389866776949,-0.39899303515115286
-0.0213885327283668,-1.0131447478370392,-0.4120360983026131
-0.002226524924142924,-1.0084750005160648,-0.42459608553537787
-0.02171058328938584,-1.004288330560782,-0.426850442269514
-0.028795695712820032,-0.9674134321135077,-0.39947611155484225
-0.024931088917188517,-0.9503447032345334,-0.4115530218802688
-0.020100330487492928,-0.9165292995944428,-0.39158586371777127
0.038351840800213845,-0.8949518533845143,-0.38144125963712716
0.07345534355309719,-0.8878667221036983,-0.3502023220752727
0.055581542168501606,-0.8622636353460972,-0.33297260006536183
0.06427690512757353,-0.8513138881625814,-0.3099459636652235
0.04881848192769232,-0.8147610583094301,-0.3155818535424131
-0.0073793336339942105,-0.8263549069830686,-0.32781978618375757
-0.03314337841302011,-0.8195918285401159,-0.33458285442011826
-0.08451044880623818,-0.7991415683857493,-0.32910798964649907
-0.12927548857783933,-0.7709620781446992,-0.31896338751564984
-0.1474713518344042,-0.781750796978318,-0.32459927754924534
-0.16920977387744482,-0.7711231037963121,-0.31896338751564984
-0.18354103068774882,-0.7577579749826631,-0.3313623457185839
-0.17774411774441456,-0.7786913095116832,-0.3324895237604907
-0.17758309238635603,-0.7920564391820575,-0.31783620952066083
-0.1729133570374238,-0.8013959277100613,-0.3408628464799005
-0.150369808022633,-0.8134728529266441,-0.3445664315976802
-0.1729133570374238,-0.8360164478586821,-0.3617961542221597
-0.187888715463218,-0.8517969652364724,-0.3912638127897123
-0.1875666647371113,-0.8674164576770252,-0.4057561048680992
-0.1700149006477566,-0.9065457049024359,-0.4028576464007589
-0.1484375038942691,-0.8812646680938477,-0.4133243020990388
-0.15487851770025063,-0.8701538945733676,-0.42846069708917567
-0.11510525949229718,-0.8460000403969048,-0.4608268206543057
-0.09980785378831947,-0.8247446501982398,-0.46742886615492935
-0.0964263220985462,-0.8154051610027281,-0.5001170446308875
-0.07951866417884944,-0.8091251597972419,-0.5043037081210773
-0.04876283155808272,-0.8059046464053589,-0.4896503861409521
-0.055042818086393594,-0.7989805427203223,-0.5072021674919754
-0.06937406985041382,-0.8020400303770081,-0.5083293461431816
-0.08853608162626286,-0.820557982594824,-0.4811160340828335
-0.10367246147696836,-0.8336010626129982,-0.46823399366416746
-0.12138524730607003,-0.8258718299467867,-0.43586786936227323
-0.11430013285830289,-0.8445508092030787,-0.4149345568517452
-0.08724787911841497,-0.8585600443459146,-0.4196042956796715
-0.12460575392441826,-0.8745015885146722,-0.44794478103871854
-0.13861495808642435,-0.8939856991099087,-0.4057561048680992
-0.14199649021620137,-0.8962400590884293,-0.4274945441964222
-0.1696928499393921,-0.8941467248221447,-0.4178330154267046
-0.19046512128357843,-0.8941467248221447,-0.4059171303392644
-0.1882107661896443,-0.8951128790972263,-0.3919079146461492
-0.2250855764787927,-0.9324708465892663,-0.39528944941337324
-0.2146189268442525,-0.9342421296366473,-0.3845007433741492
-0.22621275415187347,-0.9179785311073219,-0.4115530218802688
-0.24473067362708248,-0.9334370009775579,-0.39432329661914983
-0.2270178810636132,-0.9232923800428153,-0.39432329661914983
-0.23120454103685018,-0.9100882707260062,-0.422180703337568
-0.24891733382874207,-0.8786882568090939,-0.4249181364964409
-0.23925581036791044,-0.8278041380961993,-0.43989350653794823
-0.22154301810316349,-0.8295754205765326,-0.43828325166170123
-0.19159229883641887,-0.8298974719376249,-0.4292658245019953
-0.16164158233418863,-0.829736446257039,-0.4394104300742373
-0.14779340252070605,-0.858721070040702,-0.43119813030089205
-0.14650519977741744,-0.8571108130963965,-0.46565758564161636
-0.15761594860652448,-0.8650010721992891,-0.4787006514654991
-0.15020878267816298,-0.8765949226551814,-0.4815991106084511
-0.13072471658740245,-0.8556615818533041,-0.504625759161014
-0.12138524730607003,-0.8166933663931333,-0.48562474834981034
-0.09707042337006908,-0.8313467030664674,-0.4402155575141539
-0.07726430985619814,-0.8453559376432999,-0.4286217225715802
-0.07774738578116044,-0.8777221025825457,-0.4062391812818339
-0.09256171449628652,-0.9031641648339158,-0.4035017482801578
-0.08370532224823331,-0.8991385219407925,-0.4155786587550598
-0.08209506913822379,-0.8786882568090939,-0.39786585687866816
-0.0882140309988209,-0.8925364677033526,-0.3654997395784446
-0.10399451211976875,-0.8851292850590456,-0.3778986995565395
-0.11317295557406988,-0.8894769791994939,-0.3928740674331967
-0.11430013285830289,-0.8651620978972496,-0.3949673984816465
-0.11945294335041522,-0.8471272202187682,-0.4241130090943812
-0.11574936080093218,-0.8542123506166373,-0.4292658245019953
-0.08934120819626774,-0.871442100179578,-0.40478995204278245
-0.05890742524124012,-0.8823918480373117,-0.40640020675323824
-0.028956720996971986,-0.8835190279846618,-0.3761274195307195
-0.01945622936897738,-0.9133087851443686,-0.4018914935840522
-0.002870626008390308,-0.9141139137539143,-0.409137639779309
-0.03330440369933338,-0.9308605892817878,-0.4112309709324378
-0.04538130040095098,-0.9373016185592586,-0.4157396842310877
-0.044898224524242,-0.9450308538596165,-0.4006032898329078
-0.04860180626408562,-0.972727281851896,-0.3833735651518972
-0.017362900742648364,-0.9413272619220758,-0.36276230691973155
-0.036846960018476746,-0.9324708465892663,-0.33635413421956534
-0.05810229874684588,-0.9298944349011052,-0.348753093085987
-0.08756992974489695,-0.9395559788363336,-0.3361931087828531
-0.11381705687886601,-0.9566247071525154,-0.3126833958790772
-0.10914732244808587,-0.9468021369749995,-0.33071824398210675
-0.11896986736330087,-0.9377846957601812,-0.3321674728909756
-0.1511749347461823,-0.9373016185592586,-0.3120392941796249
-0.16325183583924294,-0.9129867337011053,-0.3112341670571052
-0.1593872274405416,-0.9245805858583596,-0.30962391281805113
-0.15697184721473456,-0.9068677563393565,-0.302538794261024
-0.15407339096750797,-0.9073508334953322,-0.29497059960942273
-0.1381318820707631,-0.921199045603376,-0.28530907477849116
-0.15262416285360747,-0.9257077659511227,-0.29030086257192556
-0.14312366760062903,-0.9244195601311392,-0.3010895654843031
-0.1460221237500033,-0.9651590716445007,-0.3191244129438246
-0.12219037395765828,-0.9786852346914764,-0.33571003247319486
-0.10496066405008952,-0.9669303548688417,-0.3529397546282193
-0.09401094234173435,-0.9741765136137034,-0.3595417979389919
-0.09127351197243919,-0.9424544420725414,-0.3191244129438246
-0.09191761323372288,-0.9294113577118343,-0.34231207543400577
-0.11848679137690624,-0.8914092877249162,-0.3381254140286661
-0.11945294335041522,-0.900748779092095,-0.3595417979389919
-0.13201291926800704,-0.9031641648339158,-0.3495582203014591
-0.1481154532073277,-0.9160462224249102,-0.37403408860355464
-0.1468272504627599,-0.9213600713290111,-0.38530587067815
-0.1399031607983723,-0.9290893062527164,-0.36807614680770095
-0.1126898795963125,-0.8996215990853507,-0.3489141185289219
-0.12702113390917077,-0.9184616082797086,-0.3559992380970284
-0.1395811101199056,-0.9316657179345362,-0.37033050315004873
-0.1276652352414768,-0.8972062133696957,-0.3925520165038619
-0.1399031607983723,-0.8849682593512505,-0.3919079146461492
-0.14199649021620137,-0.8852903107669202,-0.3893315072280559
-0.13909803410280516,-0.8682215861735699,-0.40768841052734284
-0.10898629712408624,-0.8706369716751016,-0.4155786587550598
-0.1200970446676873,-0.8791713339234388,-0.4059171303392644
-0.09980785378831947,-0.8669333805800502,-0.4189601937683858
-0.08338327162559138,-0.8488985028038363,-0.43313043611126545
-0.07372175309514381,-0.8160492636972958,-0.40028123889591904
-0.052949489230098234,-0.8255497785896623,-0.3864330489071001
-0.032177226696821506,-0.8551785047737012,-0.3801530559669932
-0.04989000861830326,-0.8484154257342292,-0.37548331770554094
-0.06534843726841431,-0.8516359395450961,-0.37371203769287936
-0.10270630955048687,-0.8516359395450961,-0.3799920305085854
-0.11607141145572952,-0.8894769791994939,-0.3864330489071001
-0.09658734741630694,-0.888510824941065,-0.3888484308394358
-0.13201291926800704,-0.8922144162805457,-0.36388948507052776
-0.13491137531807804,-0.9192667369019384,-0.36260128146993686
-0.11752063940627627,-0.9469631627132372,-0.37097460496501916
-0.13491137531807804,-0.9418103391289427,-0.35358385640873347
-0.11107962634231985,-0.9332759752459777,-0.3798310050502572
-0.13684367936585118,-0.935530335495312,-0.37854280138650276
-0.17130310348441166,-0.9207159684269465,-0.3608300015274592
-0.19722818665935285,-0.9303775120910899,-0.3437613043945729
-0.22637377953406168,-0.9128257079795927,-0.3084967348554617
-0.24102708964753966,-0.873696460002661,-0.321056718088146
-0.22122096734365979,-0.8039723383854686,-0.32878593878033496
-0.23925581036791044,-0.7635548982563426,-0.3076916077417205
-0.22653480491632974,-0.741494385236515,-0.3236331249651154
-0.23780658187358364,-0.7149251562062412,-0.295775726691638
-0.26212141635680897,-0.6996277222912173,-0.29191111671520376
-0.25922295917050703,-0.7097723362810866,-0.3026998196810587
-0.2518157909230536,-0.6983395173626902,-0.3273367098865461
-0.244086572062388,-0.6965682355942698,-0.3365151596563574
-0.25600245121606996,-0.68980515983966,-0.3260485064308262
-0.28659727807267876,-0.7059077213906154,-0.32943004051298225
-0.28724137972168834,-0.6975343892849435,-0.3234720995347064
-0.27919010920087006,-0.7067128494890227,-0.30608135352022386
-0.29158906588590955,-0.7175015661993283,-0.3305572185481869
-0.2750034486089176,-0.7281292576357983,-0.3679151213552742
-0.24505272440990883,-0.7268410525947647,-0.41171404735430384
-0.24553580058474736,-0.7202390018392691,-0.4725816822484689
-0.24118811503707605,-0.7260359244467006,-0.5187960052335718
-0.26759628000151897,-0.7366636161610575,-0.5295847157249906
-0.2877244559592837,-0.7321548984217967,-0.5315170221194007
-0.24956143540301975,-0.7136369512173248,-0.5535775209347518
-0.2645367973651561,-0.7208831043461215,-0.5163806223366986
-0.21316969845991812,-0.7402061801427364,-0.5104226779343451
-0.16985387529353438,-0.7406892570523077,-0.5033375550031783
-0.16180260768433435,-0.7516390005276588,-0.5030155039645158
-0.11317295557406988,-0.7377907956056032,-0.4799888555258471
-0.10818117050528779,-0.7249087450427475,-0.47209860573623413
-0.08789198037169893,-0.732799000952164,-0.46565758564161636
-0.04827975567633155,-0.7157302843268959,-0.4883621820423705
-0.06422126015441643,-0.7242646425279506,-0.4906165392182335
-0.07436585432154606,-0.7390790006898502,-0.4704883507006297
-0.054881792789275324,-0.7495456671878005,-0.45905554017692457
-0.058585374643242344,-0.7518000261697423,-0.44037658300237636
-0.07871353763324523,-0.7540543851672504,-0.46356425413831137
-0.09513811955934008,-0.7445538723546127,-0.4419868378889833
-0.11735961407811786,-0.7608174622531688,-0.4638863051379435
-0.1479544278639769,-0.7638769495523424,-0.48820115653040624
-0.14537802238123715,-0.7732164372745055,-0.4864298759040561
-0.12895343790992714,-0.8187867001633747,-0.48433654426715894
-0.07662020862403521,-0.8223292650358759,-0.5092954992758925
-0.07984071479765115,-0.804938492393985,-0.4767683453845362
-0.057941273448207105,-0.7786913095116832,-0.45148734188216905
-0.07871353763324523,-0.7613005391932378,-0.44971606145562293
-0.10898629712408624,-0.7593682314372504,-0.4255622384195233
-0.08547660067848409,-0.7854543871078545,-0.43667299679342353
-0.06583151317561367,-0.7877087463376998,-0.44939401047001404
-0.09143453728764012,-0.754698487740826,-0.4458514496493533
-0.09159556260292105,-0.7055856701518087,-0.41590070970719534
-0.045703350985823815,-0.709450285038466,-0.37934792867575123
-0.015591622684784078,-0.682397981793086,-0.37000845224304196
0.004214485847864659,-0.6654902934038367,-0.3880433035266638
-0.005608055630734616,-0.648421580299877,-0.3940012456883799
-0.002870626008390308,-0.6683887542083248,-0.3798310050502572
-0.02187160857001545,-0.685296442747804,-0.35760949256586233
-0.029922872703564782,-0.7152472074542646,-0.35358385640873347
-0.06808586741873286,-0.7212051556000243,-0.34005771928596756
-0.02171058328938584,-0.7476133595013831,-0.31719210781099405
-0.010438813844262188,-0.7524441287388706,-0.29545367585851245
-0.03910131405992082,-0.7659702829840838,-0.273876270766459
-0.04135566811705303,-0.7719282320555676,-0.26952858483933567
-0.0542376916016025,-0.7880307976575195,-0.27274909292791244
-0.036363884154494104,-0.7780472068907808,-0.2912670150569346
-0.006252156721708035,-0.7917343878582684,-0.2754865248283117
0.010816521756200818,-0.777725155580806,-0.27902908379248936
0.0195118859178582,-0.7356974623545446,-0.2754865248283117
0.0277241740783094,-0.7249087450427475,-0.2856311256015591
0.045275926507055086,-0.6997887479076408,-0.3068864806299746
0.04269952254041841,-0.6772451623816168,-0.33635413421956534
0.04881848192769232,-0.6590492694860789,-0.34231207543400577
0.04897950717316358,-0.6477774779360866,-0.32588748099922027
0.04736925471484573,-0.64826055470881,-0.3410238719189264
0.04012311855327286,-0.6712872150385686,-0.3582535943556293
0.03980106805343766,-0.682397981793086,-0.39367919475792895
0.02434264368453043,-0.7038143883440535,-0.37934792867575123
0.045436951754288905,-0.7070349007289417,-0.393518169292823
0.03996209330339531,-0.6972123380544011,-0.4167058370889292
0.015969330176485406,-0.7421384877853106,-0.4026966209311084
0.011460622813221246,-0.7435877185247473,-0.42765556967834856
-0.008828561098412832,-0.7592072057914343,-0.45454682627800336
-0.02670236702612923,-0.8129897759094088,-0.4574452852058532
-0.02605826589448459,-0.8078369544366788,-0.42604531486267205
-0.0360418335789059,-0.8026841330452249,-0.3917468891819204
-0.03169415083980284,-0.7975313117350518,-0.39239099103931413
-0.03733003588317977,-0.8033282357147118,-0.3682371722602074
-0.02203263385072511,-0.815566186676251,-0.38530587067815
-0.04038951637636112,-0.8337620882954883,-0.388687405376722
-0.042482845151502066,-0.8070318260889064,-0.35760949256586233
-0.06357715894817806,-0.8250667015545706,-0.3761274195307195
-0.07823046170684281,-0.7964041320842866,-0.38659407436869764
-0.1014181069863241,-0.7939887471314593,-0.4033407228101885
-0.0640602348527368,-0.7889969516188836,-0.4059171303392644
-0.010438813844262188,-0.7669364368801829,-0.38514484521719033
-0.0023875501950846602,-0.7537323338809391,-0.3790258777598126
0.0311057044367644,-0.7703179755390416,-0.36888127407103066
0.019672911177908637,-0.7431046416108869,-0.3592197470426726
0.008723193312035091,-0.755825667247641,-0.3532618055183168
-0.011565990771120697,-0.7641990008486599,-0.3637284596201747
-0.015591622684784078,-0.7706400268417116,-0.375644343161716
-0.0006162722191296376,-0.7997856710482508,-0.36131307787445055
0.03706363879190081,-0.8178205461139043,-0.34424438071619795
0.02740212356613804,-0.8319908057924607,-0.3585756452509914
0.034004159001609836,-0.8469661945296926,-0.35052437296265815
0.03674158828902148,-0.8310246517039469,-0.3463377114515364
0.04414874977417512,-0.8556615818533041,-0.34649873689327465
0.034004159001609836,-0.8688656889722334,-0.3548720599735906
0.0162913807000302,-0.8632297895269591,-0.3617961542221597
0.03802979029861624,-0.8811036423879558,-0.36260128146993686
0.00711294065346726,-0.8978503162254593,-0.32846388791449
-0.008184460002314983,-0.8825528737438382,-0.32653158272612276
0.009528319638315897,-0.8608144040801585,-0.3165480061026041
-0.004802929268819434,-0.8592041471255406,-0.2978690571147361
0.016935481746158706,-0.8532461964624293,-0.30640340436388475
0.036097487282301506,-0.834245165343435,-0.29384342169767386
0.05767487030963206,-0.8371436276461112,-0.308979811124664
0.08859171512467154,-0.8410082440896696,-0.3155818535424131
0.08987991692784952,-0.8707979973758382,-0.31976851465732165
0.11483882585179168,-0.8788492825137962,-0.3331336255004784
0.12063573345527605,-0.8743405628121114,-0.3437613043945729
0.09406657275274954,-0.8896380049095095,-0.3590587215946327
0.08504916013948191,-0.8996215990853507,-0.35390590729946914
0.09342247186013794,-0.8877056963945549,-0.35744846711862
0.09793117808148585,-0.8703149202738664,-0.35052437296265815
0.1278818678135014,-0.8893159534895575,-0.3373202868415145
0.11306754850777909,-0.9210380198778203,-0.3244382521183576
0.09374452230660406,-0.9497006002754015,-0.33329465093567484
0.10276193467747567,-0.9448698281223299,-0.3112341670571052
0.07764199959055122,-0.929733409171269,-0.273876270766459
0.026435972027701576,-0.9184616082797086,-0.2886906084366297
0.03223288121506607,-0.8939856991099087,-0.29915726045873187
0.005180637452615085,-0.8944687762468546,-0.27113883887963214
-0.05616999516846228,-0.8485764514240189,-0.2513327147388716
-0.07372175309514381,-0.8265159326619879,-0.232814794887088
-0.09417196765829519,-0.8348892680751412,-0.21961071355093437
-0.12492780458801238,-0.8236174704535812,-0.22927223642710817
-0.15858210069660747,-0.8181425974634103,-0.23523017567742077
-0.17838821917744802,-0.8469661945296926,-0.25761270518929597
-0.18015949812488338,-0.8601703012973595,-0.24730707989863804
-0.19030409591920658,-0.8775610768783986,-0.25020553697857517
-0.1709810527747683,-0.8815867195058695,-0.2429593943272475
-0.1353944513289419,-0.89173133914693,-0.27339319454946004
-0.11107962634231985,-0.869187740372041,-0.2717829404979862
-0.08000174010717201,-0.8946298019593286,-0.30978493824159736
-0.028634670428748125,-0.901070830523307,-0.31091211620865594
-0.012371117149850171,-0.9097662192859141,-0.29545367585851245
0.009528319638315897,-0.8964010848017755,-0.3244382521183576
0.03255493172243133,-0.9165292995944428,-0.3368372105301809
0.01613035543829785,-0.8939856991099087,-0.30302187052136753
0.02611392151424863,-0.8664503034837892,-0.2886906084366297
-0.008667535824268269,-0.8110574678476108,-0.2981911079502561
-0.01365931935998069,-0.8096082368087626,-0.28643625266062595
-0.011082914944843798,-0.8176595204392705,-0.26904550862880366
-0.04280489573349357,-0.8274820867371704,-0.26051116236122507
-0.08805300568521991,-0.8414913211483277,-0.25294296868894006
-0.09304479044404917,-0.8508308110894043,-0.2816054903361604
-0.08998530945371161,-0.855017479080659,-0.2745203723902421
-0.1260549819131107,-0.8466441431517793,-0.2970639300273328
-0.14231854089706666,-0.8360164478586821,-0.3305572185481869
-0.1814477010018193,-0.8255497785896623,-0.3297520913797847
-0.19159229883641887,-0.7975313117350518,-0.333616701806307
-0.23474709951791656,-0.779335412133856,-0.34843104220035653
-0.27564755023493603,-0.7886749002981114,-0.37194075768986745
-0.24263734354649757,-0.8033282357147118,-0.36807614680770095
-0.24891733382874207,-0.8187867001633747,-0.37918690321774207
-0.26695217839146834,-0.8348892680751412,-0.3645335868727374
-0.24489169901845573,-0.8176595204392705,-0.3585756452509914
-0.25358707027120336,-0.832956959883831,-0.3471428386610256
-0.2540701464587393,-0.8181425974634103,-0.3495582203014591
-0.24456964823578908,-0.8067097747503531,-0.36227923057058675
-0.22975531257846535,-0.8126677245649822,-0.36582179048098507
-0.20849996259886044,-0.7736995142329174,-0.3394136175322573
-0.20898303871930235,-0.7769200273072583,-0.3331336255004784
-0.20640663275192125,-0.7741825911920438,-0.26759628000151897
-0.19948254181593372,-0.7691907959821979,-0.27242704211761765
-0.18209180244220524,-0.812345673220873,-0.25036656237266364
-0.16711644428398584,-0.8184646488132339,-0.24940041000933055
-0.17500668666828834,-0.8152441353292845,-0.2550362988359673
-0.15954825278956822,-0.8289313178553005,-0.26099423855906184
-0.16051440488540666,-0.8231343934213466,-0.25310399408438605
-0.1556836444349918,-0.8092861854676694,-0.2785460075678262
-0.17967642204735107,-0.7976923373997643,-0.313810573856191
-0.18466820821653573,-0.7801405404133586,-0.3115562179058737
-0.18096462492236895,-0.7629107956652958,-0.3139715992818122
-0.19932151644708712,-0.7199169505863197,-0.3094628873945846
-0.1906261466480302,-0.7189507968293779,-0.308979811124664
-0.15745492325845709,-0.7120266949883305,-0.32218389609430664
-0.13040266591805091,-0.695602081906457,-0.29529265044206937
-0.08000174010717201,-0.7026872090168517,-0.3075305823192117
-0.04731360391499011,-0.698983619826318,-0.293682396282029
-0.035397732428690015,-0.6980174661313531,-0.2983521333681359
-0.015913673240038853,-0.7020431065459132,-0.3078526331643091
-0.02251570969333443,-0.6981784917469819,-0.29497059960942273
-0.02203263385072511,-0.6859405451856827,-0.3067254552078648
0.003087308972012228,-0.6991446454424236,-0.327658760751274
-0.019134178810199954,-0.6909323391223596,-0.3286249133473726
-0.02348186138071458,-0.6976954149003339,-0.29674187919293016
-0.0017434491117981593,-0.7086451569333047,-0.3057593026768822
-0.022676734974364315,-0.7319938727894035,-0.3213787689466501
-0.06534843726841431,-0.7419774621479925,-0.35197360195984106
-0.08982428413923065,-0.7559866928917893,-0.37097460496501916
-0.09465504360845768,-0.7569528467583474,-0.40317969734029885
-0.06937406985041382,-0.753893359524055,-0.4038237992203356
-0.05359359041521014,-0.7395620775977534,-0.3836956160721419
-0.0432879716070811,-0.7247477194139292,-0.3155818535424131
-0.015591622684784078,-0.723620540014425,-0.2977080316970958
-0.03700798530663104,-0.7616225904870141,-0.2894957355032799
-0.046508477449406525,-0.7435877185247473,-0.31670903152958185
-0.059873577037154,-0.7526051543813511,-0.3490751439719365
-0.046508477449406525,-0.755664641603572,-0.37355101223766135
-0.025414164764120797,-0.7794964377895977,-0.38289048877212817
-0.012693167701902416,-0.7947938754470838,-0.40156944264578776
-0.004802929268819434,-0.7991415683857493,-0.3803140814254809
0.01580830491459288,-0.7914123365347971,-0.36501666322523213
0.01564727965262026,-0.8071928517583022,-0.3704915286036717
-0.013015218254274916,-0.7988195170549748,-0.3102680145127151
-0.04280489573349357,-0.8067097747503531,-0.27468139779638734
-0.04876283155808272,-0.8013959277100613,-0.28724137972168834
-0.07984071479765115,-0.8189477258385642,-0.27661370267635876
-0.06840791802617299,-0.8385928588070899,-0.2743593469841765
-0.0924006891805256,-0.8319908057924607,-0.25616347661303324
-0.1014181069863241,-0.7996246453825064,-0.2679183308070233
-0.09900272719231673,-0.8023620817109578,-0.2555193750256593
-0.08805300568521991,-0.8192697771891813,-0.22927223642710817
-0.09932477783047787,-0.825388752911219,-0.20640663275192125
-0.08901915756802581,-0.8244225988422264,-0.20769483573305517
-0.11413910753174394,-0.7991415683857493,-0.2038302268049934
-0.11430013285830289,-0.8020400303770081,-0.18547333502520955
-0.13024164058349508,-0.790124131244087,-0.16711644428398584
-0.13942008478079218,-0.7577579749826631,-0.18241385316287773
-0.16035337953590043,-0.753893359524055,-0.2308824902677611
-0.1886938422798831,-0.7532492569520677,-0.2376455564857244
-0.21510200297380194,-0.7453590005483512,-0.23877273420241604
-0.19432973005247545,-0.7395620775977534,-0.25052758776683204
-0.1981943388673984,-0.6997887479076408,-0.23828965803764043
-0.1906261466480302,-0.7212051556000243,-0.25342604487551773
-0.1962620344541838,-0.755825667247641,-0.24231529276606706
-0.2115594447071361,-0.7762759246898494,-0.21107636858285939
-0.1782271938190698,-0.801556953376679,-0.22041584044629856
-0.17500668666828834,-0.8210410596232496,-0.21316969845991812
-0.14103033817552435,-0.8284482408152096,-0.21172047008205483
-0.11091860101736047,-0.8278041380961993,-0.21961071355093437
-0.07613713270075309,-0.848737477113888,-0.22218711962312945
-0.08885813225402482,-0.834245165343435,-0.20157587161821008
-0.10657091727368953,-0.8126677245649822,-0.1930415271243957
-0.13426727397137897,-0.8170154177415282,-0.19593998371976667
-0.16615029216848382,-0.7972092604058648,-0.21252559695784662
-0.1629297851375926,-0.7819118226352505,-0.2379676072615227
-0.1463441744348661,-0.7609784878997791,-0.2188055866575673
-0.11526628481933597,-0.7339261803833648,-0.21542405372723436
-0.11607141145572952,-0.6978564405158038,-0.232331718731178
-0.15181903612646072,-0.6621087558311539,-0.2429593943272475
-0.14956468130108233,-0.6287764587766296,-0.24521374980144184
-0.17339643310488598,-0.6590492694860789,-0.2709778134752432
-0.1882107661896443,-0.6263610750644968,-0.31719210781099405
-0.1790323206117602,-0.5973764719147813,-0.3371592614043235
-0.19143127347148764,-0.6216913332717804,-0.318158260375973
-0.2043133029184844,-0.6166995403949118,-0.3303961931143469
-0.18354103068774882,-0.6323190215867917,-0.3410238719189264
-0.18515128430150027,-0.6403703008439378,-0.3471428386610256
-0.20817791185229864,-0.6712872150385686,-0.35551616175793366
-0.1832189799659575,-0.6894831086167467,-0.378703826844193
-0.1975502373950484,-0.7472913082214254,-0.35422795819052394
-0.20238099846883498,-0.792861567492919,-0.3104290399365806
-0.20560150589130913,-0.8421354238943162,-0.27661370267635876
-0.19143127347148764,-0.8709590230766543,-0.26276551795727826
-0.14924263061302168,-0.8725692800891763,-0.2492393846157212
-0.15133596009113198,-0.8926974934148749,-0.21912763741467448
-0.16920977387744482,-0.8846462079358979,-0.22122096734365979
-0.1978722881310636,-0.866289277785194,-0.20769483573305517
-0.1706590020654447,-0.8545344020020079,-0.19207537493169197
-0.15455646700691372,-0.8347282423920956,-0.232331718731178
-0.1677605456959191,-0.8079979801064715,-0.2582568067808222
-0.17452361059842844,-0.7601733596675221,-0.24569682597651996
-0.1811256502821058,-0.7136369512173248,-0.24972246079678884
-0.17307438239316458,-0.6931866976994415,-0.23812863264954162
-0.17999847276562603,-0.6846523403111968,-0.2518157909230536
-0.2207378912050034,-0.671931317448787,-0.2608332131597031
-0.24006093731199846,-0.7059077213906154,-0.28369882066794117
-0.28112241410766536,-0.7107384900108557,-0.2874024051341403
-0.3033439213619956,-0.7195948993336879,-0.321056718088146
-0.34939719485820514,-0.766131308633235,-0.34601566056829913
-0.3558382126505837,-0.7688687446809571,-0.37145768132708445
-0.3659828159323749,-0.7856154127666131,-0.3783817759288923
-0.3529397546282193,-0.792861567492919,-0.39963713702289816
-0.3545500090818977,-0.8070318260889064,-0.3946453475502387
-0.34746488954537974,-0.8187867001633747,-0.3920689401104578
-0.3141326247075132,-0.8084810571163253,-0.3795089541338401
-0.318158260375973,-0.816210289371136,-0.3956115003454189
-0.2816054903361604,-0.7983364400594083,-0.4052730284550821
-0.29384342169767386,-0.7920564391820575,-0.36952537588313006
-0.29191111671520376,-0.7981754143943782,-0.3281418370489642
-0.26840140701587867,-0.8012349020435231,-0.29641982835884684
-0.2674352545988865,-0.8131508015817411,-0.2927162437898361
-0.29207214212997057,-0.7835220792089433,-0.28997881174422785
-0.2838598460786369,-0.7606564366066381,-0.2893347100897902
-0.298996235040453,-0.7736995142329174,-0.29158906588590955
-0.2886906084366297,-0.7780472068907808,-0.24666297832883247
-0.2914280404713822,-0.7732164372745055,-0.23072146488333636
-0.3215397943760218,-0.7659702829840838,-0.2709778134752432
-0.32781978618375757,-0.774826693805324,-0.2981911079502561
-0.31461570098509495,-0.7965651577484434,-0.32749773531887016
-0.3105900653605259,-0.7844882331569698,-0.3395746429705652
-0.2927162437898361,-0.7728943859692947,-0.35712641622437463
-0.2880465067847464,-0.7588851545000403,-0.3440833552755765
-0.2891736846763803,-0.7492236159059368,-0.31316647215450427
-0.2806393378798888,-0.7413333595995146,-0.31284442130413975
-0.258900908373626,-0.735053359818458,-0.2906229133999427
-0.2345860741315749,-0.7166964380743036,-0.27274909292791244
-0.2080168864791376,-0.7218492581087833,-0.2906229133999427
-0.1901430705549146,-0.683847212267226,-0.2816054903361604
-0.165023114704035,-0.6637190118137734,-0.274037296172285
-0.15230211216250894,-0.6803046488973605,-0.28418189690026796
-0.15181903612646072,-0.6906102878983338,-0.2656639751751995
-0.11510525949229718,-0.7015600296935436,-0.2748424232026126
-0.09562119551094245,-0.6867456732348196,-0.2822495919752714
-0.08402737287119524,-0.6672615750035189,-0.29529265044206937
-0.06631458908353322,-0.6809487513253839,-0.2812834395170839
-0.040550541666276335,-0.6794995208641198,-0.29319932003557336
-0.05359359041521014,-0.7213661812270948,-0.27339319454946004
-0.06357715894817806,-0.7572748980478354,-0.25761270518929597
-0.045703350985823815,-0.7492236159059368,-0.24537477519305467
-0.06760279150817275,-0.7564697698247111,-0.2295942871945998
-0.07500995554922847,-0.7728943859692947,-0.21381379996326783
-0.07484893024218786,-0.7532492569520677,-0.19964356718486018
-0.08756992974489695,-0.7588851545000403,-0.22105994196402778
-0.08145096789646007,-0.7445538723546127,-0.2656639751751995
-0.0774253351644389,-0.7431046416108869,-0.26695217839146834
-0.05246641334210461,-0.7606564366066381,-0.2648588481676264
-0.08096789196597734,-0.7466472056624632,-0.25970603536642745
-0.10447758808456921,-0.7432656672487609,-0.28144446492658226
-0.1051216893720896,-0.7617836161340213,-0.2788680583841885
-0.10077400570616239,-0.7630718213129385,-0.30366597220294295
-0.09223966386484471,-0.7799795147572991,-0.2751644740153025
-0.09481606892533849,-0.7725723346644013,-0.26018911156306646
-0.10125708166616369,-0.7461641287440756,-0.2281450587434037
-0.11285090492215165,-0.7501897697524812,-0.1989994657096337
-0.10560476533856973,-0.7553425903156724,-0.17130310348441166
-0.12734318457516386,-0.7376297699704298,-0.15826004999959337
-0.14972570664523258,-0.7426215646977413,-0.11735961407811786
-0.16937079923134732,-0.7511559236018848,-0.11719858875003941
-0.19223640029694283,-0.8075149030973318,-0.09803657527975307
-0.18885486764345583,-0.8249056758763655,-0.14650519977741744
-0.19078717201256185,-0.8583990186512063,-0.17404053452928786
-0.1816087263617959,-0.8579159415675577,-0.19932151644708712
-0.19513485688512228,-0.8405251670317254,-0.2147799522206891
-0.19674511055640875,-0.832956959883831,-0.195778958352678
-0.1883717915529773,-0.8735354343004967,-0.1738795091730675
-0.2308824902677611,-0.8656451749916071,-0.17049797671090278
-0.24022196270105564,-0.8511528624714431,-0.18257487852333387
-0.23603530261152528,-0.8757897941380146,-0.19561793298566924
-0.2555193750256593,-0.8730523571944796,-0.18402410677103512
-0.2518157909230536,-0.8566277360146518,-0.1949738315184331
-0.2207378912050034,-0.8569497874024022,-0.180803599562712
-0.21236457158252847,-0.8516359395450961,-0.16389593724350282
-0.1964230598215122,-0.8471272202187682,-0.1553615937408555
-0.20544048051942643,-0.8474492715971573,-0.18982101982657046
-0.2060845820074367,-0.8289313178553005,-0.1936856285877963
-0.22363634804772595,-0.7915733621964931,-0.2134917492114332
-0.20640663275192125,-0.7529272056665506,-0.19384665395384626
-0.19481280615182384,-0.7543764364538793,-0.18740563937417787
-0.1935246032218263,-0.7418164365107539,-0.19271947639317483
-0.1864394871982553,-0.7667754112306345,-0.2014148462483248
-0.1624467090857166,-0.7516390005276588,-0.20447432828980786
-0.1527851881992766,-0.7516390005276588,-0.18515128430150027
-0.14553904772330875,-0.7474523338613646,-0.1790323206117602
-0.15375134027497048,-0.7551815646718417,-0.16067543023499287
-0.17999847276562603,-0.7662923342824658,-0.1738795091730675
-0.18064257420313498,-0.7472913082214254,-0.19175332420143
-0.162607734436262,-0.7619446417811081,-0.20125382087851945
-0.1870835886485507,-0.8078369544366788,-0.17677796559726203
-0.19143127347148764,-0.8356943964915594,-0.15697184721473456
-0.20044869403069104,-0.8395590129179794,-0.1727523316817629
-0.22105994196402778,-0.8402031156601595,-0.18885486764345583
-0.23265376950170477,-0.8414913211483277,-0.19771126276301604
-0.24054401347940965,-0.8485764514240189,-0.22041584044629856
-0.26115526395850047,-0.8608144040801585,-0.23039941411472653
-0.25439219725082923,-0.8371436276461112,-0.2506886131610802
-0.22830608412655043,-0.83005849761829,-0.26807935620989526
-0.22299224652488425,-0.8286092664951605,-0.24376452128051998
-0.2321706933460344,-0.8257108042681848,-0.24424759745344185
-0.2308824902677611,-0.827965163775833,-0.24360349588970578
-0.22895018565993608,-0.8141169556174023,-0.24489169901845573
-0.21639020598944889,-0.7498677184699819,-0.26228244175680654
-0.195778958352678,-0.762588744370249,-0.22895018565993608
-0.22009378968791324,-0.7764369503440824,-0.23861170881407762
-0.1949738315184331,-0.7844882331569698,-0.258900908373626
-0.17162515419437466,-0.8163713150450558,-0.2506886131610802
-0.1360385526778798,-0.874823639920032,-0.26695217839146834
-0.11735961407811786,-0.8738574857049046,-0.2745203723902421
-0.10399451211976875,-0.89173133914693,-0.3062423789420144
-0.11880884203442268,-0.9112154507688258,-0.32540440470488124
-0.10431656276288909,-0.9128257079795927,-0.31783620952066083
-0.07001817106817468,-0.8962400590884293,-0.32540440470488124
-0.046508477449406525,-0.8952739048100175,-0.33329465093567484
-0.0360418335789059,-0.888832876360224,-0.3218618452350046
-0.045703350985823815,-0.89173133914693,-0.34649873689327465
-0.06985714576361444,-0.9071898077765944,-0.3547110345277043
-0.06615356378081334,-0.9009098048076615,-0.31348852300518804
-0.07581508208563172,-0.8608144040801585,-0.3072085314744335
-0.08789198037169893,-0.8553395304668228,-0.30801365858697755
-0.058585374643242344,-0.8669333805800502,-0.30978493824159736
-0.057780248149648356,-0.8466441431517793,-0.30592032809851316
-0.06438228545617607,-0.816210289371136,-0.31992954008589547
-0.07549303147083039,-0.7859374640843685,-0.3020557180013987
-0.08789198037169893,-0.7811066943513815,-0.29964033671404716
-0.11430013285830289,-0.7814287456646908,-0.295775726691638
-0.14489494635550196,-0.7764369503440824,-0.2914280404713822
-0.1260549819131107,-0.7828779765785135,-0.3001234129700809
-0.1481154532073277,-0.7738605398858801,-0.2803172870617703
-0.1832189799659575,-0.7959210550922922,-0.3057593026768822
-0.19561793298566924,-0.7935056701430372,-0.3104290399365806
-0.20994919096234324,-0.7693518216329374,-0.34199002455475724
-0.23023838873054142,-0.7551815646718417,-0.33458285442011826
-0.23039941411472653,-0.7508338723184326,-0.3112341670571052
-0.2585788575770644,-0.7732164372745055,-0.30511520099115663
-0.27001166105058627,-0.7633938726084618,-0.29046188798589423
-0.27468139779638734,-0.7635548982563426,-0.2679183308070233
-0.2972249554446538,-0.7770810529618091,-0.26421474656300514
-0.29915726045873187,-0.7551815646718417,-0.24714605450606686
-0.31719210781099405,-0.7437487441628595,-0.23474709951791656
-0.33297260006536183,-0.7775641299259377,-0.20769483573305517
-0.3579315434605863,-0.7643600264969377,-0.21558507910407038
-0.3548720599735906,-0.7914123365347971,-0.23877273420241604
-0.3531007800732282,-0.7833610535512169,-0.22347532266689565
-0.32717568445430184,-0.779335412133856,-0.22041584044629856
-0.2808003632890679,-0.7680636164292449,-0.2368404295476265
-0.2550362988359673,-0.7690297703315377,-0.23523017567742077
-0.22170404348303516,-0.7790133608226109,-0.2458578513683724
-0.21719533287682455,-0.7740215655389223,-0.29641982835884684
-0.20817791185229864,-0.7780472068907808,-0.30511520099115663
-0.21059329245930167,-0.7844882331569698,-0.3010895654843031
-0.21365277458731058,-0.7440707954393225,-0.244086572062388
-0.2147799522206891,-0.7603343853138146,-0.21542405372723436
-0.1838630814098598,-0.7854543871078545,-0.2258907033877367
-0.16309081048837779,-0.7698348985856321,-0.2349081249043381
-0.1677605456959191,-0.7918954135201234,-0.25084963855540826
-0.1460221237500033,-0.7806236173820127,-0.22975531257846535
-0.1353944513289419,-0.7609784878997791,-0.18450718285504072
-0.10995244906928373,-0.7851323357905754,-0.1597092781386748
-0.12943651391191538,-0.8034892613822819,-0.14570007306546032
-0.11462218351166069,-0.8144390069632576,-0.14714930114842215
-0.10447758808456921,-0.8286092664951605,-0.162607734436262
-0.12508882991992937,-0.838914910177069,-0.14183546487588866
-0.12718215924212734,-0.8458390147083846,-0.1814477010018193
-0.09690939805206836,-0.8281261894555457,-0.18064257420313498
-0.09143453728764012,-0.815566186676251,-0.16373491189231795
-0.09014633476827257,-0.813311827254153,-0.16035337953590043
-0.06937406985041382,-0.7898020799222034,-0.1556836444349918
-0.08901915756802581,-0.78786977199757,-0.16582824146395592
-0.07452687962834664,-0.790285156905148,-0.19110922274186495
-0.05697512165805499,-0.7846492588152522,-0.20415227754724086
-0.08402737287119524,-0.7782082325458873,-0.24424759745344185
-0.06985714576361444,-0.7741825911920438,-0.26115526395850047
-0.086603777866411,-0.7651651547395182,-0.2664691021847687
-0.09884170187335616,-0.7561477185360173,-0.29030086257192556
-0.14457289567207823,-0.7733774629272301,-0.3072085314744335
-0.15793799930289903,-0.7965651577484434,-0.30914083654789104
-0.13346214728980418,-0.7774031042711487,-0.313810573856191
-0.09626529678086547,-0.7584020775635449,-0.30221674342119403
-0.07951866417884944,-0.7237815656426873,-0.3262095318625119
-0.10045195506656146,-0.7302225908383212,-0.35390590729946914
-0.10093503102608284,-0.7232984887581387,-0.36066897607862164
-0.07356072778874329,-0.7324769496868214,-0.38079715780142226
-0.044737199232165736,-0.760012334021309,-0.37516126679343026
-0.07855251232436442,-0.7332820778507734,-0.3885263799140878
-0.0759761073931524,-0.757596949337641,-0.36485563777432073
-0.09626529678086547,-0.7701569498878257,-0.3687202486182052
-0.1260549819131107,-0.7492236159059368,-0.3588976961466725
-0.1360385526778798,-0.7521220774541476,-0.3643725614220653
-0.1444118703304863,-0.7445538723546127,-0.3674320449984727
-0.15632774582422365,-0.7344092572836424,-0.36388948507052776
-0.15729389791046963,-0.7431046416108869,-0.3682371722602074
-0.18241385316287773,-0.7216882324814744,-0.377737674099248
-0.165023114704035,-0.7431046416108869,-0.36002487428406893
-0.17838821917744802,-0.7614615648400862,-0.32459927754924534
-0.2398999119230211,-0.7590461801456976,-0.2914280404713822
-0.20817791185229864,-0.7492236159059368,-0.3068864806299746
-0.22927223642710817,-0.7698348985856321,-0.32926901507970074
-0.2458578513683724,-0.760012334021309,-0.36211820512103127
-0.21848353590077965,-0.7716061807516272,-0.34859206764313183
-0.2157461044809863,-0.7714451550997761,-0.35873667069879206
-0.19030409591920658,-0.7786913095116832,-0.32202287066461577
-0.18354103068774882,-0.7603343853138146,-0.292877269205002
-0.2276619825944428,-0.7825559252637749,-0.28192754115555624
-0.18772769010012472,-0.8022010560439432,-0.2709778134752432
-0.1827359038838699,-0.8036502870499314,-0.273876270766459
-0.20205894772834532,-0.8112184935189908,-0.2927162437898361
-0.19271947639317483,-0.8410082440896696,-0.31622595524888786
-0.17983744740644858,-0.860009275601858,-0.3130054467292821
-0.21204252083213185,-0.849703631254768,-0.3007675146459098
-0.20544048051942643,-0.8398810642889107,-0.29352137086646396
-0.200126643292119,-0.8305415746607613,-0.26405372116204945
-0.20978816558830335,-0.8071928517583022,-0.25197681631794067
-0.2173563582545393,-0.7579190006277644,-0.2571296289964897
-0.22878916027646987,-0.7218492581087833,-0.2933603454509788
-0.2540701464587393,-0.6957631075208938,-0.30511520099115663
-0.24650195293658073,-0.6392431217359696,-0.317353133238291
-0.25696860359904733,-0.6529302968820292,-0.3204126163720955
-0.27001166105058627,-0.6645241398080644,-0.3524566782936712
-0.25970603536642745,-0.6881949037282729,-0.35760949256586233
-0.2616383401572954,-0.6877118268964064,-0.35744846711862
-0.27967318542649117,-0.6708041382317395,-0.382085361474108
-0.25310399408438605,-0.682397981793086,-0.3898145836173935
-0.2368404295476265,-0.655023629602074,-0.388687405376722
-0.23200966796097067,-0.6292595355212033,-0.40978174167114456
-0.22878916027646987,-0.618631847305923,-0.38095818326022884
-0.19593998371976667,-0.6294205611028869,-0.38659407436869764
-0.1883717915529773,-0.6142841567722546,-0.42459608553537787
-0.1479544278639769,-0.6526082456955226,-0.4228248052552304
-0.12637703257814417,-0.6418195311313364,-0.42636736582516976
-0.12911446324384324,-0.6603374742594547,-0.4448852967049577
-0.12492780458801238,-0.6564728599545917,-0.45148734188216905
-0.11027449971832272,-0.6463282476222099,-0.4402155575141539
-0.10318938551336769,-0.6355395332657938,-0.45986066766544814
-0.10415553744128891,-0.6234626146335578,-0.4526145203404456
-0.09594324614574397,-0.6081651850082871,-0.46549656014088414
-0.11430013285830289,-0.6092923640088085,-0.42588428938154277
-0.14247956623761926,-0.599308778711247,-0.4286217225715802
-0.1516580107812712,-0.5967323696518385,-0.43667299679342353
-0.16357388654121302,-0.6126739010337587,-0.39931508608686606
-0.20366920143398953,-0.6195980007657235,-0.4105868690377325
-0.22411942419069594,-0.6290985099395991,-0.4023745699920468
-0.232331718731178,-0.6572779879309951,-0.38546689613918933
-0.25729065439401194,-0.6492267082564038,-0.41042584356425543
-0.23732350571024566,-0.6440738893689807,-0.4060781558105093
-0.2667911529891553,-0.6374718402884633,-0.39722175501043094
-0.27371524536071284,-0.6413364543681546,-0.38144125963712716
-0.2709778134752432,-0.6704820870275842,-0.36276230691973155
-0.2730711437385266,-0.6455231196728389,-0.3637284596201747
-0.2313655664215145,-0.6435908126024593,-0.3838566415323839
-0.1859564111113728,-0.6189538984588716,-0.37822075047136167
-0.14924263061302168,-0.5901303215300663,-0.37435613951454894
-0.0938499170252535,-0.5695190502055969,-0.37097460496501916
-0.0774253351644389,-0.5534164953905409,-0.35728744167145743
-0.055364868680870226,-0.5538995720234124,-0.3873992016778815
-0.03233825198265449,-0.5379580435168966,-0.40092534077021563
-0.026219291177275672,-0.5498739334380375,-0.3750002413374945
-0.0305669738428943,-0.5299067667899295,-0.3603469251811858
-0.04167771869792399,-0.5276524093420448,-0.3361931087828531
-0.022676734974364315,-0.5295847157249906,-0.3141326247075132
-0.042482845151502066,-0.5498739334380375,-0.29625880294192486
-0.09658734741630694,-0.5885200659108972,-0.2634096195590251
-0.11993601933824932,-0.5820790435137851,-0.24634092754440887
-0.14312366760062903,-0.5938339094843481,-0.2413491404266923
-0.16067543023499287,-0.6023682644957458,-0.23345889642941955
-0.17967642204735107,-0.6028513412011866,-0.22492455109724355
-0.16840464710913125,-0.616860565970392,-0.24328144510831692
-0.17049797671090278,-0.5962492929554668,-0.2709778134752432
-0.1587431260452344,-0.5807908390496395,-0.29980136213264524
-0.14521699703924543,-0.5939949350485324,-0.34247310087374966
-0.14972570664523258,-0.5960882673901686,-0.3672710195463651
-0.12959753924607142,-0.5843334013382934,-0.4014084171767751
-0.09980785378831947,-0.5902913470924207,-0.40656123222472224
-0.07339970248242277,-0.5962492929554668,-0.42137557594228336
-0.10335041083448793,-0.6020462133591831,-0.4271724932328087
-0.09304479044404917,-0.5976985230467301,-0.45873348918207296
-0.04538130040095098,-0.5658154625276618,-0.49190474332573564
-0.0640602348527368,-0.5811128901651985,-0.517346775493298
-0.07114534820233673,-0.6204031286510777,-0.5360257370842735
-0.07726430985619814,-0.618631847305923,-0.512354984215056
-0.1233175512732405,-0.6485826058910233,-0.5165416478625994
-0.14425084498897434,-0.6490656826649395,-0.5084903716651009
-0.1597092781386748,-0.647938503526915,-0.5126770352629559
-0.1819307770819889,-0.6666174726025216,-0.517185749966999
-0.2033471506922215,-0.6812708025398724,-0.5181519031259872
-0.19223640029694283,-0.6740246502907805,-0.49786268738923795
-0.18998204519070258,-0.6814318281472359,-0.46791194266023317
-0.1827359038838699,-0.6712872150385686,-0.4432750418040065
-0.1700149006477566,-0.7023651577812235,-0.4547078517733177
-0.20366920143398953,-0.7229764375021702,-0.4539027242975425
-0.19996561792295284,-0.7100943875240251,-0.429104799019272
-0.19127024810663634,-0.6886779805608545,-0.4522924693519682
-0.15809902465120623,-0.6743467014984335,-0.4408596594675217
-0.1432846929415814,-0.6724143942572856,-0.4295878754676811
-0.118325766048268,-0.6757959319368059,-0.43989350653794823
-0.09964682846895896,-0.6743467014984335,-0.44037658300237636
-0.10496066405008952,-0.6733805478764288,-0.42362993265410187
-0.1516580107812712,-0.6590492694860789,-0.4115530218802688
-0.16131953163413695,-0.6878728525069491,-0.4210535249847275
-0.19384665395384626,-0.69592413313541,-0.4118750728284186
-0.24247631815624235,-0.6983395173626902,-0.3806361323426954
-0.26807935620989526,-0.6906102878983338,-0.3778986995565395
-0.2329758202725511,-0.6960851587500059,-0.3957725258115613
-0.24843425764887234,-0.6946359282215051,-0.43329146159598125
-0.26099423855906184,-0.6815928537546789,-0.44987708694854683
-0.25084963855540826,-0.7051025932941948,-0.45857246368476656
-0.2526209178982875,-0.6819149049698033,-0.46823399366416746
-0.24038298809019273,-0.6456841452625541,-0.46130989714980997
-0.2564855274071993,-0.6059108270189374,-0.452131443857849
-0.2977080316970958,-0.6012410855191682,-0.452131443857849
-0.29996238755132315,-0.5824010946306172,-0.4379612006874081
-0.308979811124664,-0.5775703279115549,-0.4241130090943812
-0.2748424232026126,-0.5532554698464096,-0.4033407228101885
-0.24746810529128907,-0.5244318987292789,-0.3894925326910887
-0.24891733382874207,-0.4936760239818742,-0.3875602271399574
-0.24762913068401998,-0.4751580903258297,-0.378864852301963
-0.22267019576394267,-0.47113245271391546,-0.39094176186197216
-0.2337809472010646,-0.46581861114242834,-0.3783817759288923
-0.24199324198595604,-0.4603437441595184,-0.38144125963712716
-0.2291112110434822,-0.4439191437634308,-0.4084935378887491
-0.2113984193322973,-0.4617929736460314,-0.42298583073484525
-0.20302509995077309,-0.4648524581387518,-0.4395714555620613
-0.1962620344541838,-0.4787006514654991,-0.44214786337808226
-0.2281450587434037,-0.48320936569902073,-0.464047330637879
-0.23925581036791044,-0.48320936569902073,-0.4712934782174361
-0.23313684565809403,-0.49866781497374946,-0.4572842597091843
-0.21075431783374104,-0.5289406135960681,-0.4548688772687118
-0.186922563285857,-0.5110667800266413,-0.466623738647683
-0.18225282780250154,-0.5192790818150963,-0.49415910052613005
-0.1819307770819889,-0.5416616308781322,-0.5117108821202117
-0.20914406409294273,-0.5461703459834295,-0.49882884049089066
-0.1782271938190698,-0.5711293057308733,-0.4785396259583141
-0.15890415139394132,-0.5489077801849499,-0.459377591172095
-0.15375134027497048,-0.5503570100656558,-0.4609878461527274
-0.13861495808642435,-0.5683918713426384,-0.4522924693519682
-0.12444472859274115,-0.5535775209347518,-0.46195399914493124
-0.14264059157825176,-0.5952831395648713,-0.4315201812684906
-0.15648877117173146,-0.5954441651297716,-0.4402155575141539
-0.1180037153912314,-0.626039023904231,-0.48272628917101346
-0.11349500622630798,-0.6403703008439378,-0.4872350034602932
-0.11349500622630798,-0.6440738893689807,-0.49705755980671756
-0.15085288405652275,-0.6418195311313364,-0.5344154817325112
-0.17114207812955,-0.6485826058910233,-0.5579252106585328
-0.17645591488218387,-0.6374718402884633,-0.5778923790239311
-0.20238099846883498,-0.6136400544759018,-0.5843334013382934
-0.2218650688629867,-0.5893251937194872,-0.5846554524573534
-0.25809578138282085,-0.571773407943212,-0.6173436426973097
-0.21767840901020857,-0.5762821234652331,-0.6041395457525288
-0.1875666647371113,-0.5667816158308905,-0.5919016027203414
-0.17210823025991864,-0.5690359735495658,-0.5748328934692084
-0.15616672047679578,-0.5605016194111152,-0.5551877763812388
-0.18064257420313498,-0.5464923970647674,-0.5250760008492843
-0.20624560737963904,-0.5582472617514914,-0.5191180562878418
-0.1981943388673984,-0.5527723932144931,-0.5080072950995816
-0.19432973005247545,-0.5683918713426384,-0.4975406363559909
-0.1928805017587453,-0.5819180179554885,-0.4815991106084511
-0.19964356718486018,-0.5838503246603002,-0.43602889484834395
-0.21204252083213185,-0.5852995546964281,-0.42636736582516976
-0.186922563285857,-0.5899692959677912,-0.4460124751403648
-0.17339643310488598,-0.6047836480301092,-0.44504632219549106
-0.191914349566521,-0.6062328781593185,-0.4376391497134338
-0.21043226708494223,-0.6157333869437015,-0.44874990849975255
-0.23957786114530605,-0.6226574867406478,-0.43860530263631303
-0.22315327190547482,-0.6184708217295679,-0.4476227300548627
-0.21220354620729023,-0.6249118448458063,-0.44971606145562293
-0.20318612532145736,-0.64826055470881,-0.4339355635356415
-0.19465178078529444,-0.6178267194249432,-0.42137557594228336
-0.20109279550879397,-0.607682108294971,-0.39432329661914983
-0.20544048051942643,-0.6244287681076743,-0.4126802002001882
-0.19513485688512228,-0.6535743992559966,-0.41412942947439557
-0.1793543713293958,-0.6511590153601782,-0.3956115003454189
-0.16470106400062615,-0.6519641433234633,-0.3949673984816465
-0.12991958991462332,-0.6506759385831612,-0.3912638127897123
-0.1506918587118129,-0.6315138936720114,-0.3899756090806656
-0.14103033817552435,-0.6394041473225837,-0.4287827480540644
-0.17082002742006655,-0.6651682422049279,-0.4123581492512412
-0.17871026989444427,-0.6418195311313364,-0.4094596907250673
-0.18579538574923848,-0.655023629602074,-0.3880433035266638
-0.17371848381692706,-0.6278103052896292,-0.37129665587298294
-0.1719472049046574,-0.6543795272252446,-0.37548331770554094
-0.17597283881016607,-0.6366667123609594,-0.3933571438277968
-0.1677605456959191,-0.6329631239200473,-0.39689970407679065
-0.1395811101199056,-0.6147672334953543,-0.38546689613918933
-0.13281804594598365,-0.6070380060116634,-0.36260128146993686
-0.1060878413057697,-0.5846554524573534,-0.3730679358724858
-0.11301193024807077,-0.5873928869822129,-0.38917048176510277
-0.09739247400631044,-0.5506790611511327,-0.3806361323426954
-0.08869710694010384,-0.5134821628840994,-0.3746781904258622
-0.06953509515473402,-0.5390852222745539,-0.37065255405737446
-0.08257814507038662,-0.5527723932144931,-0.36421153597147304
-0.12879241257609095,-0.5434329118049134,-0.37741562318490435
-0.15214108681707958,-0.5683918713426384,-0.4060781558105093
-0.1511749347461823,-0.5608236705066205,-0.4088155888338696
-0.1371657300415994,-0.5576031595658927,-0.3864330489071001
-0.12106319664599452,-0.5714513568368835,-0.38289048877212817
-0.12058012065648104,-0.5646882836775158,-0.40688328316792954
-0.11945294335041522,-0.5474585503106912,-0.4018914935840522
-0.08756992974489695,-0.5646882836775158,-0.42379095813411527
-0.07549303147083039,-0.5740277656964242,-0.43667299679342353
-0.05745819755277093,-0.5949610884353091,-0.4448852967049577
-0.058263324045564675,-0.5667816158308905,-0.4427919653352752
-0.04119464282673762,-0.5943169861771398,-0.42314685621453985
-0.07839148701556362,-0.5988257020110566,-0.40768841052734284
-0.059229475839557975,-0.5691969991014966,-0.37966997959200877
-0.05455974219527886,-0.534093430663114,-0.3529397546282193
-0.07420482901482549,-0.5233047200223346,-0.38546689613918933
-0.09159556260292105,-0.48095500857445367,-0.38144125963712716
-0.05359359041521014,-0.4719375802323152,-0.3970607295435709
-0.038457212903621675,-0.45986066766544814,-0.409137639779309
-0.04586437627838028,-0.43280838514207287,-0.39883200968341587
-0.044093098064661086,-0.426206340343881,-0.3907807363982217
-0.04876283155808272,-0.40398482469054414,-0.3883653544515334
-0.0829001956922285,-0.3882043289890587,-0.38466176883478986
-0.09723144868814976,-0.3803140814254809,-0.3977048314114892
-0.1097914237448842,-0.363406408719708,-0.4397324810499649
-0.1200970446676873,-0.388687405376722,-0.4511652908948071
-0.11961396867961328,-0.4321642832046441,-0.4574452852058532
-0.11703756342204093,-0.44649555161387744,-0.4701662996944649
-0.14086931283569132,-0.4725816822484689,-0.48272628917101346
-0.15181903612646072,-0.4999560191131091,-0.5010831977392299
-0.16019235418647412,-0.4975406363559909,-0.48465859528734384
-0.16357388654121302,-0.4954473046476498,-0.4625981011413272
-0.18241385316287773,-0.5076852440563002,-0.4614709226484708
-0.18740563937417787,-0.49593038119453386,-0.4605047696577011
-0.15359031492882166,-0.5086513971871,-0.4444022202338356
-0.18466820821653573,-0.527813434873519,-0.4252401874578227
-0.18917691837084108,-0.5505180356083546,-0.4006032898329078
-0.1843461574936256,-0.5580862362049723,-0.41380737852401367
-0.19916049107832048,-0.5534164953905409,-0.4249181364964409
-0.1886938422798831,-0.5822400690721614,-0.40865456336126954
-0.1593872274405416,-0.6063939037296283,-0.4046289265721753
-0.14489494635550196,-0.6091313384370668,-0.40478995204278245
-0.14264059157825176,-0.5727395612641074,-0.4094596907250673
-0.14151341419550306,-0.5564759807441589,-0.4444022202338356
-0.1344282993079338,-0.5904523726548547,-0.4611488716512289
-0.11285090492215165,-0.6012410855191682,-0.46565758564161636
-0.11574936080093218,-0.6123518498870141,-0.48369244222774493
-0.1392590594417587,-0.6183097961532924,-0.48401449324729257
-0.1395811101199056,-0.6237846657912784,-0.5297457412574201
-0.13233496993895782,-0.6334462006708241,-0.5748328934692084
-0.12363960193555512,-0.6152503102191699,-0.5825621201891527
-0.10689296791936934,-0.6081651850082871,-0.5941559606127963
-0.1371657300415994,-0.5843334013382934,-0.6110636453032171
-0.1416744395356559,-0.607682108294971,-0.6202421030738478
-0.15020878267816298,-0.5917405771571913,-0.6216913332717804
-0.13942008478079218,-0.5890031425958125,-0.6044615968911599
-0.16631131752086767,-0.583528273542036,-0.5965713440863017
-0.19046512128357843,-0.5898082704055959,-0.6071990315823709
-0.15503954304703896,-0.5822400690721614,-0.6142841567722546
-0.15423441631389662,-0.5767652001320069,-0.6184708217295679
-0.15520056839390725,-0.5468144481464235,-0.5973764719147813
-0.13297907128181885,-0.5392462478116805,-0.5703241779672403
-0.13201291926800704,-0.5221775413192917,-0.5558318785620622
-0.13104676725707384,-0.49480320258625277,-0.5530944443023578
-0.14070828749593828,-0.5015662742944762,-0.5667816158308905
-0.1714641288393532,-0.5361867626198876,-0.5989867275777072
-0.17806616846077145,-0.5363477881555813,-0.5609846960544926
-0.14070828749593828,-0.5146093415570445,-0.5630780281840718
-0.13668265402809698,-0.5189570307606669,-0.5976985230467301
-0.13861495808642435,-0.513643188408567,-0.5846554524573534
-0.1450559716973337,-0.5233047200223346,-0.5878759636654574
-0.15359031492882166,-0.5158975457594738,-0.5793416090335627
-0.1447339210137501,-0.5326442008547676,-0.5526113676706801
-0.13974213545909897,-0.5756380212439819,-0.5561539296529514
-0.1506918587118129,-0.5843334013382934,-0.5405344521115591
-0.17452361059842844,-0.6025292900641465,-0.5571200829275292
-0.19529588225189135,-0.6435908126024593,-0.5712903312838385
-0.19803331349919104,-0.6405313264311084,-0.54391598842298
-0.18933794373465354,-0.6437518381912202,-0.5321611242534184
-0.17516771202506815,-0.6307087657592191,-0.5382800945901149
-0.15793799930289903,-0.6134790289020123,-0.5282965114684195
-0.12991958991462332,-0.5567980318356849,-0.5508400866939906
-0.1714641288393532,-0.5057529378033012,-0.5501959845230369
-0.18563436038718406,-0.47709039639723344,-0.5252370263794847
-0.19481280615182384,-0.45502990276418553,-0.5152534436576222
-0.21494097759720557,-0.4476227300548627,-0.5669426413817072
-0.186922563285857,-0.42507916197709195,-0.5838503246603002
-0.20205894772834532,-0.41316327662420654,-0.5856216058164428
-0.2046353536612112,-0.4300709519168075,-0.5989867275777072
-0.1970671612916249,-0.42829967160685084,-0.6152503102191699
-0.1843461574936256,-0.43248633417319915,-0.6464892732123226
-0.19223640029694283,-0.4171889135189261,-0.6290985099395991
-0.1901430705549146,-0.4228248052552304,-0.6154113357939343
-0.17017592600205875,-0.45036016342779683,-0.5840113502195518
-0.19465178078529444,-0.4891673096033866,-0.5600185427684541
-0.20688970886924724,-0.5257201029705636,-0.5403734265737957
-0.20688970886924724,-0.5537385464790423,-0.5215334392050189
-0.232331718731178,-0.5822400690721614,-0.49802371290598096
-0.20093177013914837,-0.6094533895806298,-0.4729037332570237
-0.21445790146789578,-0.6394041473225837,-0.4609878461527274
-0.22444147495307532,-0.6421415823071885,-0.46372527963808763
-0.20914406409294273,-0.6332851750871523,-0.47789552393037055
-0.2128476477087226,-0.5951221140000504,-0.45921656567447
-0.21977173892984744,-0.6010800599514039,-0.474030911789475
-0.23716248032262607,-0.6118687731674937,-0.4543858007827686
-0.2685624324189902,-0.6128349266072504,-0.458250412690393
-0.28643625266062595,-0.6100974918687102,-0.4566401577233054
-0.2862752272486529,-0.6175046682731079,-0.44069863397906023
-0.29915726045873187,-0.6352174820964622,-0.48143808509983227
-0.2911059896425669,-0.6107415941580633,-0.49963396807779137
-0.26212141635680897,-0.5846554524573534,-0.5229826689639243
-0.25696860359904733,-0.5740277656964242,-0.5287795880640365
-0.255680400422383,-0.5701631524147526,-0.526042154031681
-0.25584142581918656,-0.5461703459834295,-0.5192790818150963
-0.2688844832254526,-0.5708072546251813,-0.519601132869844
-0.2564855274071993,-0.5944780117415628,-0.47934475349503586
-0.28643625266062595,-0.5883590403494179,-0.42846069708917567
-0.2914280404713822,-0.5714513568368835,-0.4303930028832903
-0.25809578138282085,-0.5609846960544926,-0.4118750728284186
-0.24666297832883247,-0.5843334013382934,-0.40124739170784224
-0.23748453109794512,-0.5891641681576101,-0.41912121924608764
-0.21075431783374104,-0.601885187791021,-0.4252401874578227
-0.210110216336463,-0.6413364543681546,-0.39947611155484225
-0.18241385316287773,-0.6495487594395711,-0.39738278047737063
-0.18032052348422067,-0.6028513412011866,-0.38514484521719033
-0.19996561792295284,-0.5790195579197542,-0.3588976961466725
-0.20946611484046326,-0.5576031595658927,-0.3568043653304483
-0.23587427722454463,-0.5406954776494022,-0.3944843220846544
-0.22267019576394267,-0.5133211373597115,-0.404467901101648
-0.20447432828980786,-0.5060749888446713,-0.4390883790988286
-0.176938990954921,-0.46887809567299193,-0.44665657710520773
-0.15214108681707958,-0.4667847641489729,-0.4363509458207243
-0.13120779259202947,-0.4830483401896053,-0.4379612006874081
-0.13426727397137897,-0.46436938163798913,-0.4266894167879863
-0.15793799930289903,-0.4518093928698496,-0.4113919964063134
-0.17130310348441166,-0.42362993265410187,-0.41171404735430384
-0.1814477010018193,-0.3745171649701657,-0.3898145836173935
-0.1973892120271607,-0.35213462740437135,-0.39899303515115286
-0.23056043949899152,-0.3218618452350046,-0.3840176669927056
-0.24988348619063772,-0.30318289594164166,-0.3692033249769209
-0.24521374980144184,-0.29255521837474996,-0.3558382126505837
-0.24279836893683257,-0.31316647215450427,-0.3413459227972176
-0.24746810529128907,-0.32669260815804785,-0.3503633475189255
-0.23555222645082297,-0.3579315434605863,-0.3597028233872711
-0.23039941411472653,-0.38530587067815,-0.34988027118820636
-0.19078717201256185,-0.44102068495606284,-0.35551616175793366
-0.15198006147173018,-0.42057044854899145,-0.3898145836173935
-0.1339452232985092,-0.43715607325307004,-0.3965776531434694
-0.10689296791936934,-0.4896503861409521,-0.39367919475792895
-0.07162842411817781,-0.4975406363559909,-0.3956115003454189
-0.06261100714122113,-0.4605047696577011,-0.38289048877212817
-0.03716901059486539,-0.472420656744311,-0.40044226436437363
-0.05552589397822858,-0.44424119474362095,-0.40865456336126954
-0.047474629208346934,-0.44552939866756935,-0.4094596907250673
-0.0624499818403417,-0.4484278575150999,-0.42073147402749045
-0.06905201924201348,-0.43828325166170123,-0.4176719899496404
-0.07903558825124689,-0.40784943599946466,-0.421858652379215
-0.10190118294728524,-0.39367919475792895,-0.4200873721139728
-0.09111248665731825,-0.4118750728284186,-0.426850442269514
-0.08209506913822379,-0.4134853275739507,-0.4257232639004932
-0.06647561438633309,-0.3991540606189696,-0.4128412256747813
-0.0685689433300131,-0.3711356304189612,-0.41380737852401367
-0.06824689272241292,-0.37355101223766135,-0.42040942307057216
-0.11301193024807077,-0.3885263799140878,-0.42765556967834856
-0.13217394460344245,-0.4105868690377325,-0.4508432399077639
-0.14376776896491808,-0.3859499725227859,-0.4601827186614153
-0.1511749347461823,-0.36131307787445055,-0.4539027242975425
-0.17404053452928786,-0.37548331770554094,-0.4848196207975558
-0.18885486764345583,-0.37934792867575123,-0.4890062840910241
-0.20205894772834532,-0.43184223223640794,-0.4910996157579494
-0.18917691837084108,-0.43586786936227323,-0.5073631930133373
-0.18096462492236895,-0.4340965890207559,-0.5300677923225183
-0.19851638960405282,-0.45873348918207296,-0.5286185625320846
-0.13797085673236928,-0.48288731468026963,-0.5495518823533566
-0.1370047047036853,-0.49287089640970744,-0.5437549628835449
-0.1344282993079338,-0.508973448231337,-0.5445600905815163
-0.16920977387744482,-0.49415910052613005,-0.5179908775992901
-0.15906517674272813,-0.48240423815274025,-0.52088933709202
-0.14779340252070605,-0.48320936569902073,-0.4997949935954104
-0.2014148462483248,-0.44874990849975255,-0.5031765294838072
-0.2038302268049934,-0.4580893871933257,-0.4664627131464727
-0.19384665395384626,-0.46775091715838557,-0.45857246368476656
-0.20366920143398953,-0.4777344984235838,-0.42990992643368564
-0.1719472049046574,-0.5018883253317054,-0.4200873721139728
-0.17259130632618194,-0.49029448819215443,-0.4149345568517452
-0.17581181345298663,-0.5147703670820695,-0.4118750728284186
-0.16888772316987963,-0.54391598842298,-0.3772545977278521
-0.19835536423568567,-0.5766041745763361,-0.38772125260211315
-0.21639020598944889,-0.599308778711247,-0.3949673984816465
-0.195778958352678,-0.6009190343837191,-0.39883200968341587
-0.16792157104910227,-0.6142841567722546,-0.40865456336126954
-0.1849902589397655,-0.6199200519196265,-0.40978174167114456
-0.19481280615182384,-0.5906133982173684,-0.41412942947439557
-0.1761338641674254,-0.566459564729496,-0.40430687563120027
-0.22041584044629856,-0.5896472448434801,-0.3949673984816465
-0.22637377953406168,-0.600758008816114,-0.4105868690377325
-0.2159071298579821,-0.6065549293000178,-0.41429045494970607
-0.22379737342863604,-0.5798246857048721,-0.4059171303392644
-0.21912763741467448,-0.5719344334964956,-0.4181550663810721
-0.21800045976619736,-0.5495518823533566,-0.40994276714430267
-0.19513485688512228,-0.539890349960983,-0.43313043611126545
-0.22878916027646987,-0.5377970179804069,-0.43699504776644155
-0.22315327190547482,-0.5477806013933026,-0.4344186399912236
-0.23184864257598684,-0.5658154625276618,-0.4405376084906784
-0.22540762724213068,-0.5402124010361119,-0.4460124751403648
-0.1819307770819889,-0.5400513754985077,-0.42314685621453985
-0.17838821917744802,-0.5832062224240898,-0.42765556967834856
-0.19867741497249988,-0.5972154463489263,-0.4178330154267046
-0.17967642204735107,-0.6129959521808216,-0.4255622384195233
-0.17484566131158844,-0.6487436314822492,-0.39786585687866816
-0.1833800053268132,-0.6606595254535935,-0.3816022850962527
-0.18064257420313498,-0.6722533686543732,-0.3841786924531071
-0.17726104167047865,-0.7044584908184884,-0.4186381428132212
-0.16647234287333143,-0.7379518212408561,-0.44166478691102434
-0.17742206702837737,-0.7139590024640773,-0.4419868378889833
-0.18402410677103512,-0.7179846430752965,-0.424435060054966
-0.1928805017587453,-0.7204000274658631,-0.3840176669927056
-0.22122096734365979,-0.7593682314372504,-0.37516126679343026
-0.21075431783374104,-0.7757928477276262,-0.37081357951115695
-0.2060845820074367,-0.7389179750540413,-0.35744846711862
-0.1970671612916249,-0.7112215668768128,-0.365338714127294
-0.186922563285857,-0.6778892648035995,-0.3717797322355267
-0.1811256502821058,-0.6495487594395711,-0.3780597250139107
-0.17677796559726203,-0.6220133844277514,-0.377737674099248
-0.15085288405652275,-0.5783754556930922,-0.35873667069879206
-0.15793799930289903,-0.5748328934692084,-0.3824074123930768
-0.17339643310488598,-0.5503570100656558,-0.3816022850962527
-0.19384665395384626,-0.5337713795940353,-0.36066897607862164
-0.20511842977590064,-0.5134821628840994,-0.3468207877769906
-0.2173563582545393,-0.5154144691829656,-0.36356743416990145
-0.24972246079678884,-0.5339324051285349,-0.40478995204278245
-0.25471424804323856,-0.5682308457911055,-0.41106994545864195
-0.24811220686269184,-0.6139621056239191,-0.4123581492512412
-0.23828965803764043,-0.6265221006447489,-0.43184223223640794
-0.23732350571024566,-0.639082096149435,-0.42475711101586955
-0.23072146488333636,-0.6801436232905534,-0.45341964781303357
-0.24940041000933055,-0.7194338737074913,-0.46791194266023317
-0.2656639751751995,-0.7234595143862421,-0.47950577900261915
-0.25358707027120336,-0.7344092572836424,-0.4754801413369337
-0.25004451158456653,-0.7455200261873373,-0.5031765294838072
-0.22057686582561103,-0.7582410519182053,-0.5006001211847003
-0.21429687609161896,-0.7012379784590279,-0.5154144691829656
-0.20060971940009692,-0.6856184939665844,-0.49593038119453386
-0.20366920143398953,-0.6458451708523488,-0.4506822144143619
-0.18998204519070258,-0.6107415941580633,-0.433613512565652
-0.1816087263617959,-0.5946390373060654,-0.3997981624910338
-0.17806616846077145,-0.5944780117415628,-0.3861109979841442
-0.18032052348422067,-0.5856216058164428,-0.3619571796715556
-0.19964356718486018,-0.5700021268623442,-0.3692033249769209
-0.2157461044809863,-0.5429498351875633,-0.37065255405737446
-0.22379737342863604,-0.510744728980334,-0.3550330854195567
-0.22975531257846535,-0.49013346267923436,-0.3473038641031628
-0.19658408518892057,-0.46533553464023153,-0.3331336255004784
-0.18933794373465354,-0.4957693556788263,-0.34279515175347686
-0.18547333502520955,-0.503981657081459,-0.3838566415323839
-0.18611743647358703,-0.513965239457741,-0.3778986995565395
-0.1785492445359062,-0.5519672654962241,-0.390619710934551
-0.1978722881310636,-0.5471364992283982,-0.4059171303392644
-0.16373491189231795,-0.5598575172210596,-0.41300225114945405
-0.14103033817552435,-0.5727395612641074,-0.44874990849975255
-0.11784269006283304,-0.5922236538468802,-0.44649555161387744
-0.10463861340632932,-0.6044615968911599,-0.48031090654173064
-0.100290929746881,-0.6268441518054918,-0.5023714018881462
-0.07114534820233673,-0.6100974918687102,-0.48562474834981034
-0.0703402216775352,-0.6051056991693766,-0.4833703912085158
-0.06760279150817275,-0.5648493092272978,-0.4910996157579494
-0.04989000861830326,-0.5088124227091786,-0.45889451467945896
-0.06695869029521284,-0.48707397794888646,-0.4746750138097711
-0.09932477783047787,-0.4712934782174361,-0.48240423815274025
-0.12154627263622775,-0.4775734729168767,-0.4819211616259278
-0.09803657527975307,-0.49190474332573564,-0.4849806463078474
-0.09014633476827257,-0.48014988103374906,-0.49866781497374946
-0.08386634755967427,-0.43425761450594985,-0.5163806223366986
-0.07307765187002176,-0.4395714555620613,-0.5402124010361119
-0.1014181069863241,-0.4225027542962398,-0.569358024653507
-0.0659925384781735,-0.409137639779309,-0.5904523726548547
-0.06728074090153277,-0.4257232639004932,-0.6002749321137756
-0.052305388046266804,-0.4112309709324378,-0.5985036508779941
-0.047474629208346934,-0.38917048176510277,-0.6334462006708241
-0.07082329759217608,-0.38353459061197964,-0.6429467102482105
-0.07774738578116044,-0.39947611155484225,-0.6307087657592191
-0.06132280473642638,-0.3827294633123647,-0.6229795378975732
-0.055364868680870226,-0.35213462740437135,-0.6060718525890881
-0.03942336463855066,-0.35197360195984106,-0.5809518646073792
-0.03974541521750065,-0.36002487428406893,-0.5819180179554885
-0.059712551737634956,-0.35712641622437463,-0.5741887912508219
-0.05810229874684588,-0.3750002413374945,-0.5542216231123915
-0.036363884154494104,-0.39416227115372504,-0.5419836819550123
-0.020100330487492928,-0.40929866525214836,-0.5637221303804945
-0.027024417592431862,-0.41944327020173056,-0.5965713440863017
-0.028795695712820032,-0.4295878754676811,-0.6326410727532604
-0.038296187614746985,-0.4381222261745148,-0.6310308169240975
-0.04103361753650223,-0.43264735965759615,-0.6302256890124982
-0.08128994258621916,-0.42314685621453985,-0.6071990315823709
-0.08257814507038662,-0.4405376084906784,-0.5791805834766187
-0.0759761073931524,-0.44166478691102434,-0.5709682801779875
-0.10496066405008952,-0.46195399914493124,-0.5471364992283982
-0.16389593724350282,-0.4630811776394608,-0.5503570100656558
-0.14875955458153028,-0.4448852967049577,-0.566298539178918
-0.17033695135644078,-0.4434360672937431,-0.592062628283571
-0.17468463595496847,-0.4405376084906784,-0.5727395612641074
-0.19239742566227358,-0.43667299679342353,-0.5886810914724562
-0.2188055866575673,-0.40092534077021563,-0.548585729101224
-0.2398999119230211,-0.3704915286036717,-0.5292626646603701
-0.2817665157458184,-0.390619710934551,-0.5234657455516593
-0.28885163384980006,-0.35841461980327044,-0.5295847157249906
-0.27017268645449616,-0.35197360195984106,-0.5121939586912255
-0.24859528304208242,-0.366948968642389,-0.4844975697772116
-0.24843425764887234,-0.3679151213552742,-0.4716155292247163
-0.2413491404266923,-0.4163837861359966,-0.46420835613789424
-0.25519732423245145,-0.4427919653352752,-0.4320032577204862
-0.1930415271243957,-0.4408596594675217,-0.4196042956796715
-0.17243028097068094,-0.4703273251975075,-0.4535806733077902
-0.15793799930289903,-0.4835314167180905,-0.4408596594675217
-0.12911446324384324,-0.48852320755441436,-0.4539027242975425
-0.11091860101736047,-0.5033375550031783,-0.4729037332570237
-0.0751709808563491,-0.5015662742944762,-0.4693611721804467
-0.05697512165805499,-0.49593038119453386,-0.5047867846811018
-0.08322224631439043,-0.5186349797065561,-0.5477806013933026
-0.08837505631250188,-0.5268472816858676,-0.5720954590498588
-0.1015791323065645,-0.548585729101224,-0.6152503102191699
-0.1255719059161602,-0.5469754736873711,-0.6138010800498706
-0.12267344994957084,-0.5532554698464096,-0.6289374843580745
-0.11156270231767788,-0.5265252306239541,-0.6511590153601782
-0.1279872859081096,-0.49882884049089066,-0.6424636334833588
-0.15922620209159488,-0.4722596312402327,-0.64826055470881
-0.21639020598944889,-0.4453683731767969,-0.6592102950824725
-0.20672868349672532,-0.4255622384195233,-0.6569559367401953
-0.200126643292119,-0.4252401874578227,-0.6249118448458063
-0.18949896909854594,-0.43135915578465145,-0.6096144151525306
-0.16454003864904163,-0.44987708694854683,-0.592062628283571
-0.164379013297537,-0.4315201812684906,-0.5841723757788828
-0.16582824146395592,-0.4508432399077639,-0.5434329118049134
-0.1827359038838699,-0.4257232639004932,-0.5292626646603701
-0.19771126276301604,-0.44665657710520773,-0.5025324274071192
-0.21767840901020857,-0.45309759682375933,-0.4712934782174361
-0.2028640745801687,-0.4761242433600977,-0.4532586223183566
-0.17999847276562603,-0.4854637228392001,-0.43989350653794823
-0.18917691837084108,-0.4989898660081115,-0.4001202134275442
-0.22105994196402778,-0.4849806463078474,-0.3912638127897123
-0.2157461044809863,-0.5014052487759811,-0.41622276065964975
-0.22524660186042175,-0.5067190909283673,-0.4134853275739507
-0.22041584044629856,-0.5062360143654758,-0.41622276065964975
-0.22089891658447566,-0.5207283115639694,-0.42379095813411527
-0.19481280615182384,-0.509778575843323,-0.4395714555620613
-0.18032052348422067,-0.5263642050931168,-0.4448852967049577
-0.1656672161118119,-0.5429498351875633,-0.47499706482039716
-0.12090217131607672,-0.5371529158352439,-0.5084903716651009
-0.12041909532680316,-0.49705755980671756,-0.5162195968108773
-0.09835862591695434,-0.4890062840910241,-0.5163806223366986
-0.08676480317929199,-0.4722596312402327,-0.5337713795940353
-0.08708685380529398,-0.4321642832046441,-0.5530944443023578
-0.08483249943000014,-0.409137639779309,-0.5622729004403343
-0.07484893024218786,-0.4113919964063134,-0.5397293244235379
-0.03910131405992082,-0.40317969734029885,-0.5083293461431816
-0.030244923273069442,-0.3729069104175868,-0.4820821871347856
-0.052949489230098234,-0.3848227942955103,-0.47821757494418304
-0.05455974219527886,-0.37580536861797076,-0.4923878198673632
-0.049728983323745944,-0.3353879816004884,-0.4993119170427921
-0.0640602348527368,-0.34199002455475724,-0.5501959845230369
-0.08579865130320605,-0.3683981977127936,-0.5846554524573534
-0.07066227228721576,-0.3862720234455823,-0.5881980147880181
-0.10431656276288909,-0.42121455046346556,-0.5751549445788791
-0.10399451211976875,-0.4088155888338696,-0.6063939037296283
-0.1001299044272805,-0.4308760793336122,-0.6002749321137756
-0.09884170187335616,-0.43828325166170123,-0.5766041745763361
-0.07066227228721576,-0.4352237674187875,-0.5632390537330582
-0.06293305774322003,-0.44617350063145605,-0.551484188866218
-0.03507568185406234,-0.4756411668426052,-0.5405344521115591
-0.015430597407276784,-0.4426309398458574,-0.5175078010196765
0.012104723868960303,-0.444724271214504,-0.5113888310732673
0.024503668942178026,-0.44665657710520773,-0.48691295243755944
0.024825719457232925,-0.4820821871347856,-0.44150376142216446
-0.01494752157523528,-0.469683223185815,-0.4041458501608323
-0.018490077693605812,-0.4535806733077902,-0.3632453832695942
-0.005124979813345295,-0.48272628917101346,-0.3510074492943345
-0.015430597407276784,-0.48401449324729257,-0.3732289613274646
-0.0679248421151328,-0.4820821871347856,-0.36904229952393586
-0.05407666630488437,-0.47209860573623413,-0.4080104614716662
-0.04151669340744849,-0.4788616769727638,-0.42765556967834856
-0.03459260599272117,-0.4556740047468773,-0.4257232639004932
-0.08032379072645376,-0.456318106730844,-0.4363509458207243
-0.1254108805840033,-0.4402155575141539,-0.441825812399964
-0.15729389791046963,-0.41380737852401367,-0.45889451467945896
-0.19513485688512228,-0.4113919964063134,-0.488684233066538
-0.20624560737963904,-0.3780597250139107,-0.4725816822484689
-0.1973892120271607,-0.41622276065964975,-0.4735478352750893
-0.1949738315184331,-0.43055402836665124,-0.4796668045102821
-0.20946611484046326,-0.4228248052552304,-0.4344186399912236
-0.20125382087851945,-0.4287827480540644,-0.4266894167879863
-0.22927223642710817,-0.42588428938154277,-0.424435060054966
-0.25390912106281416,-0.42073147402749045,-0.42765556967834856
-0.25535834962901544,-0.4434360672937431,-0.4577673361994301
-0.2770967788981479,-0.4189601937683858,-0.47789552393037055
-0.28530907477849116,-0.40784943599946466,-0.4716155292247163
-0.27613062645528813,-0.4041458501608323,-0.472420656744311
-0.295775726691638,-0.3896535581542012,-0.4939980750112985
-0.3302351676805867,-0.3907807363982217,-0.5033375550031783
-0.30495417556992477,-0.39528944941337324,-0.4819211616259278
-0.2977080316970958,-0.3931961183628504,-0.4609878461527274
-0.30801365858697755,-0.39303509289798366,-0.4532586223183566
-0.31107314163284067,-0.38466176883478986,-0.4733868097704534
-0.3014116163230158,-0.35181257651539055,-0.503981657081459
-0.27902908379248936,-0.35213462740437135,-0.5086513971871
-0.2970639300273328,-0.3532618055183168,-0.5287795880640365
-0.27870703297596744,-0.3432782280736659,-0.5220165157906042
-0.2845039477222183,-0.33893054121781224,-0.5302288178551868
-0.28192754115555624,-0.3368372105301809,-0.4973796108394868
-0.24022196270105564,-0.36356743416990145,-0.49319294743833525
-0.2564855274071993,-0.37000845224304196,-0.5014052487759811
-0.2258907033877367,-0.37822075047136167,-0.5073631930133373
-0.176938990954921,-0.38111920871911525,-0.49158269229838225
-0.15697184721473456,-0.38111920871911525,-0.4873960289717796
-0.1742015598855881,-0.3806361323426954,-0.4540637497925382
-0.17243028097068094,-0.3928740674331967,-0.46292015214000326
-0.21220354620729023,-0.3816022850962527,-0.46791194266023317
-0.2345860741315749,-0.3872381762158853,-0.48804013101852156
-0.2444086228445755,-0.36163512877284354,-0.4877180799949913
-0.2514937401335191,-0.36002487428406893,-0.5181519031259872
-0.23748453109794512,-0.33603208334622053,-0.5352206094073972
-0.25986706076522725,-0.31316647215450427,-0.5094565247982896
-0.2564855274071993,-0.34569360968538093,-0.5184739541796202
-0.2339419725870069,-0.3611520524253737,-0.5234657455516593
-0.22798403336033685,-0.35181257651539055,-0.5176688265461348
-0.22750095721161562,-0.3421510499943416,-0.503981657081459
-0.24328144510831692,-0.3204126163720955,-0.5091344737535749
-0.25117168934430395,-0.31960748922882776,-0.5384411201268435
-0.2207378912050034,-0.29980136213264524,-0.5142872905072335
-0.17774411774441456,-0.28885163384980006,-0.4883621820423705
-0.2080168864791376,-0.2854701001899852,-0.4922267943534077
-0.1906261466480302,-0.28112241410766536,-0.489972437166394
-0.1961010090869353,-0.29239419295974367,-0.4854637228392001
-0.20270304920964421,-0.27838498215976487,-0.4722596312402327
-0.217517383632334,-0.3104290399365806,-0.43280838514207287
-0.2286281348930835,-0.340540795602088,-0.421858652379215
-0.232331718731178,-0.327658760751274,-0.38546689613918933
-0.21687328212163462,-0.3020557180013987,-0.3790258777598126
-0.23748453109794512,-0.3247603029802129,-0.39883200968341587
-0.2518157909230536,-0.3225059469539278,-0.3928740674331967
-0.24746810529128907,-0.3062423789420144,-0.40833251241630836
-0.2345860741315749,-0.3273367098865461,-0.44214786337808226
-0.232331718731178,-0.34295617719346005,-0.4271724932328087
-0.24006093731199846,-0.37516126679343026,-0.4539027242975425
-0.2458578513683724,-0.4052730284550821,-0.44069863397906023
-0.24811220686269184,-0.41251917472567484,-0.45841143818753993
-0.2616383401572954,-0.4495550359627787,-0.46581861114242834
-0.25004451158456653,-0.46807296816216054,-0.42314685621453985
-0.2894957355032799,-0.4725816822484689,-0.4225027542962398
-0.3215397943760218,-0.4722596312402327,-0.46066579515596356
-0.3163869806757061,-0.4894893606283506,-0.4518093928698496
-0.3160649298221495,-0.49818473842280364,-0.4857857738605002
-0.2943264979450873,-0.5252370263794847,-0.507524218534779
-0.32508235384238754,-0.5212113881483603,-0.4964134577421348
-0.333616701806307,-0.5233047200223346,-0.5033375550031783
-0.3155818535424131,-0.512354984215056,-0.48820115653040624
-0.31896338751564984,-0.5181519031259872,-0.46775091715838557
-0.3072085314744335,-0.5226606179058324,-0.4303930028832903
-0.29996238755132315,-0.5252370263794847,-0.409137639779309
-0.2754865248283117,-0.510744728980334,-0.41590070970719534
-0.2526209178982875,-0.5012442232575657,-0.44150376142216446
-0.267274229196334,-0.45921656567447,-0.4303930028832903
-0.25245989250308104,-0.45680118321965557,-0.41461250590056625
-0.24054401347940965,-0.4690391211753972,-0.4271724932328087
-0.25036656237266364,-0.4703273251975075,-0.4189601937683858
-0.258900908373626,-0.4576063107026018,-0.4337745380506069
-0.25052758776683204,-0.4703273251975075,-0.401086366238989
-0.2444086228445755,-0.4844975697772116,-0.3845007433741492
-0.24151016581638846,-0.4799888555258471,-0.3975438059443901
-0.25616347661303324,-0.44778375554675076,-0.42990992643368564
-0.28208856656537395,-0.469683223185815,-0.39899303515115286
-0.2978690571147361,-0.48755705448334563,-0.3960945767440853
-0.2877244559592837,-0.5200842094525628,-0.37516126679343026
-0.3023777688410691,-0.5413395798015704,-0.3516515510710198
-0.30318289594164166,-0.5468144481464235,-0.34295617719346005
-0.308979811124664,-0.5495518823533566,-0.3582535943556293
-0.31976851465732165,-0.5587303383915262,-0.3529397546282193
-0.344727457038541,-0.5833672479830231,-0.3674320449984727
-0.3547110345277043,-0.5793416090335627,-0.4059171303392644
-0.35551616175793366,-0.6031733923385448,-0.41042584356425543
-0.3545500090818977,-0.6150892846444852,-0.4052730284550821
-0.3410238719189264,-0.5753159701338338,-0.3931961183628504
-0.34005771928596756,-0.603012366769826,-0.409137639779309
-0.345210533361602,-0.5851385291365401,-0.4292658245019953
-0.3514905256267288,-0.5384411201268435,-0.43055402836665124
-0.3473038641031628,-0.5482636780178167,-0.416544811612423
-0.3432782280736659,-0.5350595838722608,-0.3980268823459268
-0.3202515909432823,-0.5493908568111355,-0.3956115003454189
-0.2874024051341403,-0.5585693128447683,-0.4340965890207559
-0.25423117185474436,-0.5495518823533566,-0.46275912664062546
-0.23072146488333636,-0.5497129078956573,-0.4799888555258471
-0.18450718285504072,-0.5435939373441894,-0.48369244222774493
-0.16196363303456,-0.5001170446308875,-0.4548688772687118
-0.14199649021620137,-0.4873960289717796,-0.42829967160685084
-0.1524631375080182,-0.48320936569902073,-0.4241130090943812
-0.15648877117173146,-0.47902270248010814,-0.40994276714430267
-0.1553615937408555,-0.5014052487759811,-0.3867550998303749
-0.15858210069660747,-0.48465859528734384,-0.3761274195307195
-0.17243028097068094,-0.48063295755793284,-0.3603469251811858
-0.1474713518344042,-0.45969964216758413,-0.3440833552755765
-0.11494423416533837,-0.46791194266023317,-0.3551941108656026
-0.10721501856536905,-0.48594679937126967,-0.34859206764313183
-0.15858210069660747,-0.4949642281014826,-0.3408628464799005
-0.180803599562712,-0.503981657081459,-0.35084642385036263
-0.16389593724350282,-0.510744728980334,-0.3415069482364828
-0.13346214728980418,-0.5218554902619961,-0.35358385640873347
-0.16631131752086767,-0.5245929242591607,-0.335065930728101
-0.16615029216848382,-0.5461703459834295,-0.32878593878033496
-0.19400767931997606,-0.5323221497871218,-0.3344218289842836
-0.19400767931997606,-0.5555098274714912,-0.34166797367582785
-0.18096462492236895,-0.5429498351875633,-0.35873667069879206
-0.1714641288393532,-0.5315170221194007,-0.36952537588313006
-0.16615029216848382,-0.5059139633239464,-0.365338714127294
-0.16131953163413695,-0.459377591172095,-0.3922299655748461
-0.14892057992528082,-0.4595386166697997,-0.41461250590056625
-0.14038623681667203,-0.4848196207975558,-0.4088155888338696
-0.12460575392441826,-0.4630811776394608,-0.40478995204278245
-0.150369808022633,-0.4621150246439107,-0.4062391812818339
-0.15230211216250894,-0.4197653211576923,-0.4167058370889292
-0.14360674362372589,-0.4157396842310877,-0.38079715780142226
-0.1255719059161602,-0.3833735651518972,-0.3748392158816385
-0.11381705687886601,-0.37548331770554094,-0.37338998678252305
-0.13233496993895782,-0.3894925326910887,-0.34295617719346005
-0.1180037153912314,-0.37966997959200877,-0.3461766860098779
-0.12363960193555512,-0.3386084903419145,-0.3473038641031628
-0.14022521147715883,-0.36356743416990145,-0.3675930704506601
-0.1474713518344042,-0.3732289613274646,-0.401086366238989
-0.19690613592397688,-0.3609910269763766,-0.3960945767440853
-0.21832251052250568,-0.33377772724174276,-0.3962556022104669
-0.21848353590077965,-0.34005771928596756,-0.41429045494970607
-0.2389337595908343,-0.36276230691973155,-0.4067222576962861
-0.22411942419069594,-0.38321253969189445,-0.3965776531434694
-0.24247631815624235,-0.3875602271399574,-0.416544811612423
-0.2033471506922215,-0.4163837861359966,-0.4152566078032431
-0.17243028097068094,-0.4395714555620613,-0.433613512565652
-0.14570007306546032,-0.4323253086888818,-0.45019913793463384
-0.15681082186698692,-0.4357068438762823,-0.4397324810499649
-0.13297907128181885,-0.4601827186614153,-0.4505211889210396
-0.09320581576013005,-0.48417551875718595,-0.4395714555620613
-0.06744176620481275,-0.47934475349503586,-0.44037658300237636
-0.06824689272241292,-0.4835314167180905,-0.4208924995060691
-0.0771032845480374,-0.46791194266023317,-0.3848227942955103
-0.07919661356036774,-0.4516483673759695,-0.4105868690377325
-0.11107962634231985,-0.4616319481472113,-0.4490719594847239
-0.12444472859274115,-0.5002780701487455,-0.4484278575150999
-0.1073760438884889,-0.5030155039645158,-0.4363509458207243
-0.1260549819131107,-0.5031765294838072,-0.48272628917101346
-0.12315652594220312,-0.513643188408567,-0.49625243222618814
-0.11768166473451468,-0.5237877966105473,-0.5012442232575657
-0.13362317262595924,-0.5244318987292789,-0.5163806223366986
-0.1450559716973337,-0.5527723932144931,-0.49673550877426687
-0.1444118703304863,-0.5600185427684541,-0.4853026973286696
-0.10560476533856973,-0.5807908390496395,-0.5065580654073238
-0.09159556260292105,-0.5902913470924207,-0.507524218534779
-0.07887456294220607,-0.6022072389274247,-0.5006001211847003
-0.09030736008291351,-0.6157333869437015,-0.49963396807779137
-0.09562119551094245,-0.6170215915459517,-0.4820821871347856
-0.1371657300415994,-0.6189538984588716,-0.4898114116536332
-0.1524631375080182,-0.6142841567722546,-0.45374169880262655
-0.12138524730607003,-0.5981815997452499,-0.44359709278355924
-0.12734318457516386,-0.6010800599514039,-0.46420835613789424
-0.14618314909239474,-0.5688749479977147,-0.43280838514207287
-0.16357388654121302,-0.5579252106585328,-0.41622276065964975
-0.17645591488218387,-0.5503570100656558,-0.39239099103931413
-0.20721175961453073,-0.5392462478116805,-0.37016947769650543
-0.20447432828980786,-0.5158975457594738,-0.3859499725227859
-0.23587427722454463,-0.513643188408567,-0.3819243360147432
-0.22379737342863604,-0.522338566848059,-0.37644947044378724
-0.25278194329357384,-0.5168636989146399,-0.40994276714430267
-0.27564755023493603,-0.48514167181821866,-0.4128412256747813
-0.29319932003557336,-0.472420656744311,-0.43715607325307004
-0.2658250005769537,-0.4785396259583141,-0.4439191437634308
-0.2658250005769537,-0.4675898916566177,-0.44617350063145605
-0.25052758776683204,-0.4553519537553721,-0.4427919653352752
-0.25052758776683204,-0.46533553464023153,-0.4890062840910241
-0.22283122114437354,-0.49190474332573564,-0.4975406363559909
-0.22202609424301814,-0.498345763939706,-0.5052698612418431
-0.19465178078529444,-0.4906165392182335,-0.5031765294838072
-0.1886938422798831,-0.4804719320497919,-0.507041141970693
-0.18257487852333387,-0.4774124474102493,-0.5176688265461348
-0.13797085673236928,-0.4600216931633919,-0.47709039639723344
-0.1474713518344042,-0.44552939866756935,-0.469683223185815
-0.14312366760062903,-0.44069863397906023,-0.46565758564161636
-0.1587431260452344,-0.45293657132924176,-0.4540637497925382
-0.12524985525192633,-0.472420656744311,-0.4732257842658972
-0.11333398090014893,-0.4960914067103212,-0.47692937089084503
-0.13523342599190732,-0.4872350034602932,-0.49657448325816095
-0.16534516540776356,-0.4717765547284759,-0.5110667800266413
-0.217839434388163,-0.45680118321965557,-0.4833703912085158
-0.2745203723902421,-0.4572842597091843,-0.4548688772687118
-0.25906193377202663,-0.48804013101852156,-0.435545818390371
-0.244086572062388,-0.50639703988636,-0.4067222576962861
-0.2339419725870069,-0.5115498565966996,-0.3960945767440853
-0.22975531257846535,-0.5212113881483603,-0.4133243020990388
-0.27355421995504653,-0.5542216231123915,-0.3685592231654595
-0.298835209622254,-0.5265252306239541,-0.3840176669927056
-0.32266697238385805,-0.5150924181323583,-0.3838566415323839
-0.31284442130413975,-0.49480320258625277,-0.39384022022311455
-0.28997881174422785,-0.4807939830661534,-0.4112309709324378
-0.2896567609168494,-0.43586786936227323,-0.40495097751346926
-0.2828936936156597,-0.4094596907250673,-0.422180703337568
-0.2824106173852487,-0.43586786936227323,-0.44617350063145605
-0.2770967788981479,-0.4155786587550598,-0.45036016342779683
-0.2965808537758486,-0.39850995874818107,-0.46742886615492935
-0.2555193750256593,-0.4186381428132212,-0.4799888555258471
-0.22234814500332065,-0.4178330154267046,-0.4804719320497919
-0.1970671612916249,-0.4384442771489673,-0.46130989714980997
-0.17371848381692706,-0.45551297925108486,-0.45019913793463384
-0.17114207812955,-0.4683950191662541,-0.46195399914493124
-0.15906517674272813,-0.44150376142216446,-0.44424119474362095
-0.09690939805206836,-0.46066579515596356,-0.4208924995060691
-0.061805880637624246,-0.4917437178120192,-0.4028576464007589
-0.052144362750509016,-0.5281354859367065,-0.39641662767692826
-0.041999769279115105,-0.5698411013100155,-0.4379612006874081
-0.058585374643242344,-0.5832062224240898,-0.42990992643368564
-0.06953509515473402,-0.6113856964486891,-0.39673867861009016
-0.09884170187335616,-0.5962492929554668,-0.4189601937683858
-0.10802014518176804,-0.6152503102191699,-0.4189601937683858
-0.1447339210137501,-0.6514810665452537,-0.4014084171767751
-0.17355745846086656,-0.6281323564516446,-0.3845007433741492
-0.2242804495718457,-0.648421580299877,-0.3677540959029273
-0.23345889642941955,-0.6651682422049279,-0.3643725614220653
-0.22621275415187347,-0.6421415823071885,-0.35422795819052394
-0.2379676072615227,-0.6616256790379184,-0.31896338751564984
-0.25761270518929597,-0.6368277379463011,-0.34537155880278186
-0.2408660642580831,-0.6129959521808216,-0.34778694043005287
-0.2270178810636132,-0.564205207028647,-0.34488848247948156
-0.20769483573305517,-0.5452041927413265,-0.3358710579096678
-0.195778958352678,-0.5281354859367065,-0.3159039043954909
-0.16904874852362226,-0.5323221497871218,-0.3234720995347064
-0.1989994657096337,-0.5245929242591607,-0.3247603029802129
-0.2225091703835917,-0.49786268738923795,-0.3490751439719365
-0.1849902589397655,-0.45680118321965557,-0.3502023220752727
-0.17307438239316458,-0.44971606145562293,-0.34746488954537974
-0.18354103068774882,-0.48433654426715894,-0.30463212472770046
-0.18579538574923848,-0.49351499846728164,-0.333616701806307
-0.21800045976619736,-0.5102616524114701,-0.35374488185406144
-0.24505272440990883,-0.5297457412574201,-0.3547110345277043
-0.28337676984678906,-0.5529334187583856,-0.35358385640873347
-0.3002844383889184,-0.5551877763812388,-0.3489141185289219
-0.304471099306708,-0.5646882836775158,-0.3579315434605863
-0.2959367521083205,-0.5353816349426133,-0.38111920871911525
-0.28885163384980006,-0.5844944268977836,-0.41171404735430384
-0.2659860259787877,-0.5804687879343987,-0.44134273593338424
-0.2585788575770644,-0.5682308457911055,-0.4323253086888818
-0.22927223642710817,-0.5746718679144924,-0.4126802002001882
-0.1870835886485507,-0.5469754736873711,-0.4522924693519682
-0.18015949812488338,-0.5292626646603701,-0.4754801413369337
-0.17404053452928786,-0.5220165157906042,-0.4844975697772116
-0.15761594860652448,-0.5247539497891224,-0.4922267943534077
-0.16131953163413695,-0.5408565031873248,-0.4865909014151443
-0.1482764785507584,-0.5373139413714152,-0.49013346267923436
-0.19143127347148764,-0.5421447074935719,-0.49689653429045233
-0.20978816558830335,-0.5205672860359983,-0.5018883253317054
-0.17838821917744802,-0.5276524093420448,-0.5142872905072335
-0.21397482533930498,-0.5207283115639694,-0.5183129286527639
-0.20769483573305517,-0.5244318987292789,-0.4957693556788263
-0.2295942871945998,-0.510744728980334,-0.49786268738923795
-0.2619603909568913,-0.5262031795623591,-0.5059139633239464
-0.26840140701587867,-0.49657448325816095,-0.48385346773747895
-0.29352137086646396,-0.4819211616259278,-0.47821757494418304
-0.31139519248144953,-0.4756411668426052,-0.4807939830661534
-0.2978690571147361,-0.4648524581387518,-0.4890062840910241
-0.3184803112316043,-0.4701662996944649,-0.4946421770711026
-0.33297260006536183,-0.4547078517733177,-0.4780565494372369
-0.3440833552755765,-0.4526145203404456,-0.5006001211847003
-0.377737674099248,-0.40156944264578776,-0.5295847157249906
-0.34392232983503485,-0.36662691773873196,-0.49915089152541203
-0.3365151596563574,-0.3817633105554581,-0.5218554902619961
-0.3318454220217795,-0.3795089541338401,-0.5083293461431816
-0.3009285400650666,-0.39110278732580234,-0.4733868097704534
-0.2770967788981479,-0.3817633105554581,-0.48369244222774493
-0.2645367973651561,-0.3568043653304483,-0.46469143263841795
-0.23732350571024566,-0.3624402560202219,-0.4577673361994301
-0.244086572062388,-0.40205251905330397,-0.46984424868861857
-0.22605172876976515,-0.39963713702289816,-0.466623738647683
-0.22540762724213068,-0.3965776531434694,-0.46420835613789424
-0.22267019576394267,-0.39480637301590277,-0.5274913838106501
-0.19658408518892057,-0.40704430863965274,-0.513965239457741
-0.21703430749918964,-0.3991540606189696,-0.5096175503207665
-0.2300773633464362,-0.39850995874818107,-0.5076852440563002
-0.2218650688629867,-0.4084935378887491,-0.502210376369253
-0.24795118146972134,-0.42040942307057216,-0.4936760239818742
-0.28852958302353915,-0.43457966547657695,-0.4804719320497919
-0.2803172870617703,-0.44246991435651933,-0.5049478102012693
-0.29448752336105144,-0.4439191437634308,-0.534093430663114
-0.2687234578221815,-0.43715607325307004,-0.5191180562878418
-0.2906229133999427,-0.43313043611126545,-0.48852320755441436
-0.30044546380783566,-0.4431140163143497,-0.4357068438762823
-0.31171724333037765,-0.4339355635356415,-0.4239519836142084
-0.2898177863304987,-0.4394104300742373,-0.43989350653794823
-0.24762913068401998,-0.39931508608686606,-0.41944327020173056
-0.22170404348303516,-0.39931508608686606,-0.43747812422656623
-0.19996561792295284,-0.40768841052734284,-0.42733351871457564
-0.19948254181593372,-0.4060781558105093,-0.44874990849975255
-0.20527945514762358,-0.4292658245019953,-0.43876632812373856
-0.2146189268442525,-0.4576063107026018,-0.4495550359627787
-0.2073727849872923,-0.4394104300742373,-0.43876632812373856
-0.23056043949899152,-0.44794478103871854,-0.45792836169633805
-0.2421542673759716,-0.4616319481472113,-0.44746170456305434
-0.23571325183764388,-0.46823399366416746,-0.4460124751403648
-0.22556865262391945,-0.49770166187257464,-0.43313043611126545
-0.19867741497249988,-0.4957693556788263,-0.4553519537553721
-0.2102712417106627,-0.49770166187257464,-0.4638863051379435
-0.2039912521760772,-0.5220165157906042,-0.45374169880262655
-0.22363634804772595,-0.5329662519227317,-0.4448852967049577
-0.23909478497933243,-0.5455262438217091,-0.4112309709324378
-0.21655123136676424,-0.5241098476697538,-0.3920689401104578
-0.23361992181520216,-0.5212113881483603,-0.3901366345440173
-0.23700145493508631,-0.5055919122827356,-0.3683981977127936
-0.21333072383563573,-0.4572842597091843,-0.35938077249079237
-0.24102708964753966,-0.4548688772687118,-0.3933571438277968
-0.24360349588970578,-0.46195399914493124,-0.372584859508028
-0.23828965803764043,-0.466623738647683,-0.34166797367582785
-0.24183221659602028,-0.4727427077527065,-0.3340997781128536
-0.255680400422383,-0.4777344984235838,-0.3411848973580321
-0.24263734354649757,-0.4898114116536332,-0.32910798964649907
-0.22476352571577426,-0.45857246368476656,-0.3358710579096678
-0.21300867308428043,-0.4729037332570237,-0.349236169415031
-0.20672868349672532,-0.4645304071381637,-0.34971924574479285
-0.21767840901020857,-0.4692001466778821,-0.33120132028434496
-0.22782300797734992,-0.49415910052613005,-0.33152337115290265
-0.253265019479912,-0.4939980750112985,-0.34649873689327465
-0.28369882066794117,-0.5258811285010825,-0.349236169415031
-0.3102680145127151,-0.5303898433879349,-0.34295617719346005
-0.3218618452350046,-0.5168636989146399,-0.3468207877769906
-0.3236331249651154,-0.532483175320905,-0.35567718720421876
-0.31992954008589547,-0.5176688265461348,-0.3772545977278521
-0.3440833552755765,-0.5126770352629559,-0.3946453475502387
-0.3225059469539278,-0.5323221497871218,-0.3819243360147432
-0.31831928580374874,-0.5302288178551868,-0.3838566415323839
-0.32427722668754955,-0.49270987089551305,-0.37129665587298294
-0.3382864394663358,-0.4853026973286696,-0.3928740674331967
-0.30930186197119797,-0.46952219768309106,-0.4144514804250963
-0.3033439213619956,-0.4614709226484708,-0.44971606145562293
-0.3078526331643091,-0.46469143263841795,-0.4444022202338356
-0.34827001675766095,-0.4725816822484689,-0.43103710481721225
-0.372101783144288,-0.4506822144143619,-0.3997981624910338
-0.3893315072280559,-0.44794478103871854,-0.37226280859878824
-0.3956115003454189,-0.4171889135189261,-0.372101783144288
-0.42266377977569525,-0.41477353137611583,-0.3590587215946327
-0.41010379261754054,-0.4152566078032431,-0.3603469251811858
-0.4115530218802688,-0.39963713702289816,-0.3685592231654595
-0.39239099103931413,-0.40704430863965274,-0.37403408860355464
-0.39094176186197216,-0.4187991682907637,-0.4154176332791116
-0.41928224472386927,-0.4434360672937431,-0.4249181364964409
-0.4234689071741682,-0.4281386461246057,-0.4561570812347328
-0.40205251905330397,-0.4200873721139728,-0.44939401047001404
-0.36952537588313006,-0.46130989714980997,-0.48852320755441436
-0.3830515142319714,-0.4540637497925382,-0.49126064127134744
-0.37644947044378724,-0.4431140163143497,-0.48272628917101346
-0.3692033249769209,-0.44134273593338424,-0.4767683453845362
-0.36501666322523213,-0.43699504776644155,-0.4511652908948071
-0.3588976961466725,-0.46195399914493124,-0.4300709519168075
-0.3352269561642548,-0.48143808509983227,-0.4408596594675217
-0.3654997395784446,-0.4708104017071133,-0.4500381124415505
-0.40028123889591904,-0.46130989714980997,-0.4411817104446837
-0.42379095813411527,-0.4508432399077639,-0.4756411668426052
-0.4490719594847239,-0.44681760259661774,-0.45986066766544814
-0.42990992643368564,-0.441825812399964,-0.4762852688660878
-0.4539027242975425,-0.4252401874578227,-0.49915089152541203
-0.4574452852058532,-0.422180703337568,-0.4898114116536332
-0.4400545320260112,-0.39593355127778346,-0.48594679937126967
-0.43924940458649314,-0.37242383405336826,-0.4807939830661534
-0.4872350034602932,-0.378864852301963,-0.4910996157579494
-0.4923878198673632,-0.36260128146993686,-0.4735478352750893
-0.513965239457741,-0.3588976961466725,-0.4878791055067166
-0.5083293461431816,-0.38530587067815,-0.4807939830661534
-0.4862688503930477,-0.390619710934551,-0.4939980750112985
-0.4925488453813983,-0.40865456336126954,-0.49625243222618814
-0.4799888555258471,-0.40897661430654947,-0.4865909014151443
-0.4155786587550598,-0.3917468891819204,-0.4939980750112985
-0.3790258777598126,-0.3746781904258622,-0.4764462943721577
-0.35873667069879206,-0.4023745699920468,-0.458250412690393
-0.3732289613274646,-0.37403408860355464,-0.44552939866756935
-0.3920689401104578,-0.33699823596721235,-0.421858652379215
-0.3977048314114892,-0.32637055729427744,-0.4270114677511215
-0.44166478691102434,-0.3432782280736659,-0.4228248052552304
-0.42266377977569525,-0.3421510499943416,-0.4136463530489423
-0.4062391812818339,-0.345210533361602,-0.3867550998303749
-0.4215366014211809,-0.33571003247319486,-0.37371203769287936
-0.3980268823459268,-0.3410238719189264,-0.3741951140590119
-0.388687405376722,-0.34424438071619795,-0.3609910269763766
-0.40221354452263547,-0.332811574630325,-0.37435613951454894
-0.40768841052734284,-0.37677152135717396,-0.3529397546282193
-0.39722175501043094,-0.363406408719708,-0.3503633475189255
-0.3896535581542012,-0.3619571796715556,-0.32556543013624784
-0.3980268823459268,-0.3682371722602074,-0.33699823596721235
-0.3933571438277968,-0.4088155888338696,-0.35132950018251763
-0.3836956160721419,-0.3711356304189612,-0.3376423377161358
-0.3803140814254809,-0.3859499725227859,-0.3506853984064705
-0.38256843785268085,-0.4052730284550821,-0.3408628464799005
-0.3717797322355267,-0.36211820512103127,-0.3361931087828531
-0.3960945767440853,-0.38917048176510277,-0.3342608035485287
-0.3806361323426954,-0.386916125292132,-0.32540440470488124
-0.3983489332806832,-0.3893315072280559,-0.3125223704540944
-0.4107478945112893,-0.3962556022104669,-0.34199002455475724
-0.39931508608686606,-0.40398482469054414,-0.33393875267725825
-0.37000845224304196,-0.38353459061197964,-0.31348852300518804
-0.3795089541338401,-0.4014084171767751,-0.30865776027844927
-0.4052730284550821,-0.4395714555620613,-0.29996238755132315
-0.4067222576962861,-0.47660731987830707,-0.30495417556992477
-0.4233078816943142,-0.47113245271391546,-0.2927162437898361
-0.4084935378887491,-0.4405376084906784,-0.28418189690026796
-0.41702788804218077,-0.44971606145562293,-0.2977080316970958
-0.44746170456305434,-0.45647913222703485,-0.26663012758692206
-0.43924940458649314,-0.42379095813411527,-0.2880465067847464
-0.43313043611126545,-0.4308760793336122,-0.30302187052136753
-0.4270114677511215,-0.42201967785835165,-0.2582568067808222
-0.40704430863965274,-0.3975438059443901,-0.2861142018367597
-0.39528944941337324,-0.422341728816864,-0.28015626165283075
-0.39673867861009016,-0.4292658245019953,-0.254875273439563
-0.3619571796715556,-0.43023197740000907,-0.22991633796241084
-0.33989669384742033,-0.4149345568517452,-0.24054401347940965
-0.34810899131504514,-0.3975438059443901,-0.25004451158456653
-0.3136495484306496,-0.3748392158816385,-0.26807935620989526
-0.2914280404713822,-0.4062391812818339,-0.25632450201007634
-0.27629165186223187,-0.4134853275739507,-0.22234814500332065
-0.2693675594357452,-0.444724271214504,-0.20817791185229864
-0.2667911529891553,-0.43474069096201007,-0.21059329245930167
-0.25165476552824645,-0.46533553464023153,-0.2146189268442525
-0.22411942419069594,-0.4439191437634308,-0.23313684565809403
-0.2157461044809863,-0.4241130090943812,-0.2308824902677611
-0.19690613592397688,-0.3980268823459268,-0.2659860259787877
-0.18917691837084108,-0.4136463530489423,-0.25584142581918656
-0.18032052348422067,-0.4622760501429699,-0.23780658187358364
-0.1790323206117602,-0.4849806463078474,-0.22395839880962606
-0.19175332420143,-0.4819211616259278,-0.1875666647371113
-0.20656765812428335,-0.47580219234835636,-0.17355745846086656
-0.1811256502821058,-0.46420835613789424,-0.1870835886485507
-0.16309081048837779,-0.48417551875718595,-0.15648877117173146
-0.187888715463218,-0.5120329331674746,-0.16663336822587513
-0.22830608412655043,-0.5073631930133373,-0.16067543023499287
-0.24392554667141408,-0.5160585712851357,-0.15198006147173018
-0.25165476552824645,-0.5363477881555813,-0.1901430705549146
-0.2513327147388716,-0.5555098274714912,-0.2207378912050034
-0.24569682597651996,-0.5580862362049723,-0.22395839880962606
-0.24730707989863804,-0.6010800599514039,-0.22411942419069594
-0.23877273420241604,-0.6128349266072504,-0.22878916027646987
-0.25439219725082923,-0.6147672334953543,-0.19658408518892057
-0.24279836893683257,-0.6331241495035601,-0.18515128430150027
-0.23023838873054142,-0.6403703008439378,-0.20270304920964421
-0.21639020598944889,-0.6091313384370668,-0.22782300797734992
-0.20624560737963904,-0.5891641681576101,-0.23523017567742077
-0.19867741497249988,-0.5677477691369843,-0.25600245121606996
-0.19964356718486018,-0.5532554698464096,-0.2692065340322345
-0.2308824902677611,-0.5553488019263252,-0.31107314163284067
-0.26985063564675627,-0.5289406135960681,-0.34794796587250915
-0.2912670150569346,-0.5239488221401107,-0.34005771928596756
-0.30640340436388475,-0.5157365202338914,-0.3374813122787853
-0.30930186197119797,-0.4894893606283506,-0.34585463512680015
-0.2875634305466721,-0.4783786004512088,-0.31719210781099405
-0.30962391281805113,-0.48031090654173064,-0.3283028624816872
-0.3411848973580321,-0.48594679937126967,-0.3083357094325538
-0.36131307787445055,-0.5020493508504393,-0.27870703297596744
-0.37532229224944574,-0.5099396013659591,-0.3014116163230158
-0.3711356304189612,-0.5538995720234124,-0.30930186197119797
-0.37129665587298294,-0.5733836634796292,-0.3125223704540944
-0.37403408860355464,-0.5703241779672403,-0.29851315878609547
-0.37644947044378724,-0.5722564846033016,-0.3228279978138682
-0.3830515142319714,-0.5353816349426133,-0.34392232983503485
-0.3745171649701657,-0.5311949710528695,-0.3566433398836048
-0.3674320449984727,-0.5321611242534184,-0.3374813122787853
-0.3727458849627675,-0.5369918902991522,-0.34778694043005287
-0.3569653907773716,-0.551001112236928,-0.3352269561642548
-0.36984742678965826,-0.5593744405793534,-0.30302187052136753
-0.38530587067815,-0.5530944443023578,-0.32717568445430184
-0.3614741033236072,-0.5621118748918256,-0.34440540615689924
-0.3413459227972176,-0.5434329118049134,-0.356321288990157
-0.3469818132189682,-0.5538995720234124,-0.4067222576962861
-0.321056718088146,-0.5408565031873248,-0.4233078816943142
-0.302538794261024,-0.5242708731994765,-0.4513263163884482
-0.3104290399365806,-0.5110667800266413,-0.46195399914493124
-0.3160649298221495,-0.5252370263794847,-0.4672678406533208
-0.3353879816004884,-0.4993119170427921,-0.4985067894566878
-0.3318454220217795,-0.49319294743833525,-0.48063295755793284
-0.3237941503956043,-0.5268472816858676,-0.4754801413369337
-0.3440833552755765,-0.5403734265737957,-0.4993119170427921
-0.3514905256267288,-0.5432718862657171,-0.5150924181323583
-0.33200644745633767,-0.5369918902991522,-0.5026934529261717
-0.3234720995347064,-0.508973448231337,-0.4944811515560321
-0.2785460075678262,-0.50639703988636,-0.4939980750112985
-0.25793475598489934,-0.5059139633239464,-0.5110667800266413
-0.2682403816128471,-0.5121939586912255,-0.52088933709202
-0.25664655280440213,-0.5080072950995816,-0.5221775413192917
-0.28015626165283075,-0.4759632178541872,-0.5131601118354032
-0.3052762264124683,-0.50639703988636,-0.503498580522629
-0.26807935620989526,-0.5276524093420448,-0.49882884049089066
-0.2785460075678262,-0.5392462478116805,-0.5377970179804069
-0.2959367521083205,-0.5144483160320992,-0.5253980519097646
-0.3078526331643091,-0.49689653429045233,-0.5149313926071741
-0.3112341670571052,-0.45422477528761357,-0.5041426826012284
-0.3126833958790772,-0.40994276714430267,-0.503981657081459
-0.3234720995347064,-0.40752738505530073,-0.4906165392182335
-0.33876951577982345,-0.4062391812818339,-0.4975406363559909
-0.32218389609430664,-0.40833251241630836,-0.48272628917101346
-0.317997234948277,-0.3833735651518972,-0.4791837279875321
-0.2907839388140709,-0.36066897607862164,-0.4650134836391654
-0.24006093731199846,-0.3643725614220653,-0.46533553464023153
-0.23909478497933243,-0.3803140814254809,-0.4624370756421087
-0.2389337595908343,-0.39673867861009016,-0.49158269229838225
-0.2634096195590251,-0.4144514804250963,-0.48031090654173064
-0.27162191509327793,-0.4510042654012458,-0.4774124474102493
-0.24972246079678884,-0.4645304071381637,-0.42201967785835165
-0.25793475598489934,-0.4764462943721577,-0.43474069096201007
-0.2777408805283177,-0.4559960557387013,-0.4505211889210396
-0.28643625266062595,-0.4746750138097711,-0.43313043611126545
-0.3150987772633949,-0.4938370494965465,-0.4558350302427495
-0.293682396282029,-0.4762852688660878,-0.4508432399077639
-0.26952858483933567,-0.46791194266023317,-0.44858888300738636
-0.24279836893683257,-0.49158269229838225,-0.44794478103871854
-0.22154301810316349,-0.5004390956666831,-0.41042584356425543
-0.22363634804772595,-0.4799888555258471,-0.41396840399916474
-0.19513485688512228,-0.48691295243755944,-0.43860530263631303
-0.2014148462483248,-0.49625243222618814,-0.4315201812684906
-0.16953182458532975,-0.4857857738605002,-0.4363509458207243
-0.12718215924212734,-0.5081683206213418,-0.4352237674187875
-0.14022521147715883,-0.503498580522629,-0.42427403457463375
-0.18933794373465354,-0.48755705448334563,-0.43989350653794823
-0.19255845102768424,-0.474030911789475,-0.4344186399912236
-0.15584466978217987,-0.48594679937126967,-0.43586786936227323
-0.1450559716973337,-0.4864298759040561,-0.4337745380506069
-0.12991958991462332,-0.46791194266023317,-0.4115530218802688
-0.11687653809412242,-0.45792836169633805,-0.4163837861359966
-0.13152984326218062,-0.463242203138998,-0.4178330154267046
-0.15487851770025063,-0.4427919653352752,-0.4228248052552304
-0.16598926681617993,-0.44134273593338424,-0.43474069096201007
-0.17581181345298663,-0.459377591172095,-0.4115530218802688
-0.2046353536612112,-0.46791194266023317,-0.42201967785835165
-0.20093177013914837,-0.469683223185815,-0.43345248708077677
-0.18547333502520955,-0.48594679937126967,-0.4463345261226269
-0.18982101982657046,-0.49560833016319816,-0.4287827480540644
-0.17404053452928786,-0.5109057545034478,-0.44214786337808226
-0.187888715463218,-0.49915089152541203,-0.4337745380506069
-0.19883844034102685,-0.491421666784825,-0.4337745380506069
-0.16663336822587513,-0.49432012604104125,-0.4452073476861041
-0.16357388654121302,-0.4791837279875321,-0.442308888867261
-0.16631131752086767,-0.4484278575150999,-0.422180703337568
-0.19932151644708712,-0.46195399914493124,-0.3962556022104669
-0.19851638960405282,-0.4954473046476498,-0.37338998678252305
-0.20769483573305517,-0.5121939586912255,-0.37966997959200877
-0.22122096734365979,-0.5228216434348386,-0.36356743416990145
-0.20930508946666307,-0.5096175503207665,-0.3833735651518972
-0.21542405372723436,-0.5060749888446713,-0.37097460496501916
-0.21767840901020857,-0.4833703912085158,-0.3365151596563574
-0.21977173892984744,-0.4510042654012458,-0.3529397546282193
-0.22556865262391945,-0.4115530218802688,-0.34778694043005287
-0.23152659180625876,-0.3940012456883799,-0.32991311681330554
-0.2345860741315749,-0.39158586371777127,-0.3163869806757061
-0.25922295917050703,-0.40768841052734284,-0.3099459636652235
-0.2616383401572954,-0.43506274193311534,-0.32089569265901374
-0.2870803543093162,-0.4295878754676811,-0.34971924574479285
-0.29641982835884684,-0.4363509458207243,-0.34343925351388843
-0.27129986428410086,-0.4553519537553721,-0.34939719485820514
-0.29352137086646396,-0.4281386461246057,-0.35744846711862
-0.3057593026768822,-0.4278165951603546,-0.372584859508028
-0.28434292231120323,-0.44697862808810734,-0.4046289265721753
-0.2345860741315749,-0.463242203138998,-0.372101783144288
-0.2321706933460344,-0.46742886615492935,-0.34810899131504514
-0.22283122114437354,-0.49689653429045233,-0.3609910269763766
-0.2225091703835917,-0.5200842094525628,-0.3468207877769906
-0.23056043949899152,-0.5287795880640365,-0.35342283096348526
-0.23587427722454463,-0.5783754556930922,-0.3490751439719365
-0.22943326181081403,-0.5852995546964281,-0.3039880230442096
-0.2286281348930835,-0.5883590403494179,-0.27129986428410086
-0.25036656237266364,-0.625555947164429,-0.2706557626667049
-0.2408660642580831,-0.616860565970392,-0.24521374980144184
-0.25632450201007634,-0.6041395457525288,-0.24070503886870645
-0.2894957355032799,-0.6081651850082871,-0.232814794887088
-0.2970639300273328,-0.5746718679144924,-0.23635735338572617
-0.27629165186223187,-0.5822400690721614,-0.24537477519305467
-0.26469782276635134,-0.5703241779672403,-0.24231529276606706
-0.27629165186223187,-0.5435939373441894,-0.25664655280440213
-0.26968961024300603,-0.5804687879343987,-0.2468240037211641
-0.30640340436388475,-0.5526113676706801,-0.2777408805283177
-0.334904905292027,-0.5284575370002123,-0.3055982772553311
-0.31461570098509495,-0.5437549628835449,-0.30495417556992477
-0.29207214212997057,-0.4862688503930477,-0.31010698908892936
-0.29529265044206937,-0.4833703912085158,-0.3225059469539278
-0.28144446492658226,-0.4807939830661534,-0.3133274975798062
-0.2854701001899852,-0.48095500857445367,-0.3006064892268328
-0.2906229133999427,-0.4717765547284759,-0.2978690571147361
-0.28997881174422785,-0.4671068151517918,-0.3094628873945846
-0.2809613886983267,-0.4532586223183566,-0.32749773531887016
-0.2816054903361604,-0.4894893606283506,-0.3682371722602074
-0.28997881174422785,-0.4936760239818742,-0.3353879816004884
-0.27001166105058627,-0.4964134577421348,-0.36260128146993686
-0.24698502911357556,-0.503981657081459,-0.34746488954537974
-0.28369882066794117,-0.5593744405793534,-0.33007414224690623
-0.3331336255004784,-0.5619508493433963,-0.3384474649040852
-0.3270146590221374,-0.5795026345905864,-0.3194464638004136
-0.3055982772553311,-0.5822400690721614,-0.31091211620865594
-0.25390912106281416,-0.6194369751888912,-0.3260485064308262
-0.22492455109724355,-0.6031733923385448,-0.3234720995347064
-0.19207537493169197,-0.5968933952174549,-0.317997234948277
-0.15761594860652448,-0.598020574178997,-0.30221674342119403
-0.18370205604876433,-0.6070380060116634,-0.29561470127503525
-0.21333072383563573,-0.6115467220215445,-0.3009285400650666
-0.17645591488218387,-0.6234626146335578,-0.3331336255004784
-0.1875666647371113,-0.6184708217295679,-0.3342608035485287
-0.20946611484046326,-0.6062328781593185,-0.34794796587250915
-0.19465178078529444,-0.572417510156824,-0.3516515510710198
-0.25245989250308104,-0.5448821416612623,-0.34939719485820514
-0.24843425764887234,-0.5645272581278133,-0.33377772724174276
-0.25165476552824645,-0.5632390537330582,-0.30914083654789104
-0.24167119120616443,-0.5849775035767316,-0.3252433792735945
-0.21445790146789578,-0.6128349266072504,-0.33329465093567484
-0.2046353536612112,-0.6194369751888912,-0.3144546755591545
-0.21397482533930498,-0.6025292900641465,-0.2978690571147361
-0.19078717201256185,-0.5931898072284062,-0.2861142018367597
-0.18917691837084108,-0.5864267336178721,-0.2759696010484243
-0.15632774582422365,-0.6083262105795515,-0.28257164279530583
-0.15085288405652275,-0.6068769804410352,-0.28788548137197517
-0.1624467090857166,-0.5851385291365401,-0.3068864806299746
-0.1674384949897926,-0.5740277656964242,-0.3186413366595397
-0.1935246032218263,-0.5448821416612623,-0.32121774351735816
-0.20093177013914837,-0.4917437178120192,-0.34199002455475724
-0.18611743647358703,-0.469683223185815,-0.3426341263135734
-0.1961010090869353,-0.4844975697772116,-0.3331336255004784
-0.164379013297537,-0.4756411668426052,-0.35374488185406144
-0.16454003864904163,-0.46372527963808763,-0.3704915286036717
-0.1531072388908548,-0.49818473842280364,-0.40511200298423583
-0.16840464710913125,-0.5051088357215163,-0.40478995204278245
-0.14553904772330875,-0.517185749966999,-0.3946453475502387
-0.14972570664523258,-0.5194401073424303,-0.4241130090943812
-0.11639346211084677,-0.5068801164494904,-0.40994276714430267
-0.14264059157825176,-0.4767683453845362,-0.38900945630222944
-0.13587752734052538,-0.46597963664332,-0.3875602271399574
-0.1360385526778798,-0.49029448819215443,-0.37065255405737446
-0.164379013297537,-0.49818473842280364,-0.33635413421956534
-0.1928805017587453,-0.49689653429045233,-0.36421153597147304
-0.22685685568110553,-0.4761242433600977,-0.3617961542221597
-0.24118811503707605,-0.4754801413369337,-0.36662691773873196
-0.21977173892984744,-0.463242203138998,-0.34553258424404154
-0.23877273420241604,-0.42974890095064355,-0.32218389609430664
-0.25841783217890335,-0.43828325166170123,-0.3213787689466501
-0.24167119120616443,-0.43474069096201007,-0.2983521333681359
-0.24231529276606706,-0.45197041836380947,-0.31348852300518804
-0.2188055866575673,-0.4754801413369337,-0.3088187857015168
-0.210110216336463,-0.49625243222618814,-0.3094628873945846
-0.21172047008205483,-0.4923878198673632,-0.32170081980547327
-0.1833800053268132,-0.4664627131464727,-0.33297260006536183
-0.16727746963684925,-0.4878791055067166,-0.3249213284112603
-0.15809902465120623,-0.49287089640970744,-0.3378033631535661
-0.1827359038838699,-0.4672678406533208,-0.3532618055183168
-0.16389593724350282,-0.46775091715838557,-0.3368372105301809
-0.14988673198946278,-0.46597963664332,-0.333455676370951
-0.16695541893120236,-0.469683223185815,-0.3125223704540944
-0.1901430705549146,-0.4762852688660878,-0.3075305823192117
-0.2033471506922215,-0.46340322863861483,-0.33393875267725825
-0.22218711962312945,-0.47209860573623413,-0.32669260815804785
-0.232814794887088,-0.502210376369253,-0.36131307787445055
-0.23861170881407762,-0.5215334392050189,-0.3643725614220653
-0.24666297832883247,-0.5118719076438033,-0.3373202868415145
-0.253265019479912,-0.5329662519227317,-0.32669260815804785
-0.24650195293658073,-0.5305508689207625,-0.3204126163720955
-0.253265019479912,-0.541178554263409,-0.32121774351735816
-0.24537477519305467,-0.50639703988636,-0.34585463512680015
-0.25777373058705777,-0.5030155039645158,-0.3373202868415145
-0.25841783217890335,-0.5282965114684195,-0.35648231443684103
-0.2806393378798888,-0.4989898660081115,-0.37822075047136167
-0.3076916077417205,-0.4985067894566878,-0.3730679358724858
-0.3186413366595397,-0.5310339455197234,-0.38111920871911525
-0.32669260815804785,-0.5204062605081069,-0.3907807363982217
-0.3324895237604907,-0.49802371290598096,-0.3957725258115613
-0.3289469642133771,-0.504625759161014,-0.39158586371777127
-0.3115562179058737,-0.5149313926071741,-0.3940012456883799
-0.29738598086205464,-0.5284575370002123,-0.4046289265721753
-0.29915726045873187,-0.5062360143654758,-0.41412942947439557
-0.29352137086646396,-0.48320936569902073,-0.38514484521719033
-0.31622595524888786,-0.5010831977392299,-0.345210533361602
-0.333616701806307,-0.5049478102012693,-0.3215397943760218
-0.37516126679343026,-0.4780565494372369,-0.293682396282029
-0.36566076502967493,-0.45454682627800336,-0.28047831247078964
-0.3450495079205019,-0.4376391497134338,-0.26663012758692206
-0.3421510499943416,-0.42540121293863314,-0.28112241410766536
-0.34005771928596756,-0.44552939866756935,-0.2983521333681359
-0.3609910269763766,-0.4289437735366284,-0.31091211620865594
-0.3559992380970284,-0.40768841052734284,-0.3020557180013987
-0.33329465093567484,-0.43586786936227323,-0.31783620952066083
-0.3088187857015168,-0.42024839759223265,-0.3440833552755765
-0.27902908379248936,-0.4429529908247726,-0.3798310050502572
-0.255680400422383,-0.45680118321965557,-0.3899756090806656
-0.21896661203608095,-0.41928224472386927,-0.39899303515115286
-0.21816148514431158,-0.44504632219549106,-0.3848227942955103
-0.2173563582545393,-0.4617929736460314,-0.3861109979841442
-0.20415227754724086,-0.4434360672937431,-0.409137639779309
-0.18515128430150027,-0.4645304071381637,-0.44134273593338424
-0.19223640029694283,-0.47821757494418304,-0.4762852688660878
-0.19255845102768424,-0.49593038119453386,-0.456318106730844
-0.1901430705549146,-0.5237877966105473,-0.40092534077021563
-0.2207378912050034,-0.5271693327480996,-0.38144125963712716
-0.23635735338572617,-0.5320000987197946,-0.36662691773873196
-0.24360349588970578,-0.5548657252913047,-0.34166797367582785
-0.28321574443633274,-0.5215334392050189,-0.35728744167145743
-0.3035049467824294,-0.5257201029705636,-0.3371592614043235
-0.28466497313331324,-0.4954473046476498,-0.3112341670571052
-0.24489169901845573,-0.4738698862846001,-0.3378033631535661
-0.24634092754440887,-0.4569622087160855,-0.3249213284112603
-0.24601887676030468,-0.44665657710520773,-0.3126833958790772
-0.23168761719108288,-0.4028576464007589,-0.2959367521083205
-0.24360349588970578,-0.4303930028832903,-0.28724137972168834
-0.2537480956669688,-0.4059171303392644,-0.3009285400650666
-0.2721049913076422,-0.42846069708917567,-0.3184803112316043
-0.2867583034848114,-0.4532586223183566,-0.34166797367582785
-0.28112241410766536,-0.4353847929045394,-0.3286249133473726
-0.26099423855906184,-0.4548688772687118,-0.3303961931143469
-0.2429593943272475,-0.46791194266023317,-0.3445664315976802
-0.25471424804323856,-0.4295878754676811,-0.3204126163720955
-0.26469782276635134,-0.45341964781303357,-0.33635413421956534
-0.25052758776683204,-0.44697862808810734,-0.3413459227972176
-0.2793511346093306,-0.44746170456305434,-0.33893054121781224
-0.2721049913076422,-0.4329694106266293,-0.3413459227972176
-0.30463212472770046,-0.4112309709324378,-0.38546689613918933
-0.3159039043954909,-0.39899303515115286,-0.3827294633123647
-0.3088187857015168,-0.42362993265410187,-0.4181550663810721
-0.3084967348554617,-0.42733351871457564,-0.46292015214000326
-0.2867583034848114,-0.4444022202338356,-0.49319294743833525
-0.29158906588590955,-0.4638863051379435,-0.5228216434348386
-0.2912670150569346,-0.45519092825973895,-0.5176688265461348
-0.28112241410766536,-0.44037658300237636,-0.5033375550031783
-0.2914280404713822,-0.44214786337808226,-0.4877180799949913
-0.25841783217890335,-0.46565758564161636,-0.5014052487759811
-0.26840140701587867,-0.4526145203404456,-0.49786268738923795
-0.2977080316970958,-0.4490719594847239,-0.5009221722209737
-0.2894957355032799,-0.4796668045102821,-0.5091344737535749
-0.3130054467292821,-0.49560833016319816,-0.4812770595912931
-0.3204126163720955,-0.4954473046476498,-0.4857857738605002
-0.2785460075678262,-0.49432012604104125,-0.4922267943534077
-0.2816054903361604,-0.46533553464023153,-0.5001170446308875
-0.3155818535424131,-0.4848196207975558,-0.49657448325816095
-0.3262095318625119,-0.4667847641489729,-0.502210376369253
-0.3408628464799005,-0.4738698862846001,-0.5101006268886747
-0.33329465093567484,-0.49158269229838225,-0.5049478102012693
-0.32202287066461577,-0.4917437178120192,-0.4798278300180248
-0.30962391281805113,-0.5014052487759811,-0.4419868378889833
-0.2682403816128471,-0.5006001211847003,-0.4500381124415505
-0.22750095721161562,-0.48852320755441436,-0.42846069708917567
-0.20527945514762358,-0.47821757494418304,-0.4511652908948071
-0.2102712417106627,-0.46614066214429123,-0.4787006514654991
-0.20495740440425758,-0.45245349484616704,-0.5054308867622496
-0.20705073424184903,-0.4452073476861041,-0.5155754947083887
-0.18901589300710847,-0.40640020675323824,-0.4621150246439107
-0.17017592600205875,-0.4144514804250963,-0.4432750418040065
-0.15149698543616164,-0.3965776531434694,-0.4614709226484708
-0.13636060335282846,-0.38772125260211315,-0.4484278575150999
-0.1468272504627599,-0.37548331770554094,-0.46066579515596356
-0.16276875978688735,-0.34843104220035653,-0.4460124751403648
-0.1838630814098598,-0.34746488954537974,-0.4216976269001581
-0.16663336822587513,-0.35938077249079237,-0.4400545320260112
-0.17082002742006655,-0.3732289613274646,-0.45519092825973895
-0.191914349566521,-0.3917468891819204,-0.44681760259661774
-0.22025481506706593,-0.3999591879592491,-0.45680118321965557
-0.23973888653412362,-0.38095818326022884,-0.4381222261745148
-0.2429593943272475,-0.3898145836173935,-0.4368340222798927
-0.2521378417129076,-0.39899303515115286,-0.4490719594847239
-0.21832251052250568,-0.39738278047737063,-0.4476227300548627
-0.1880497408263912,-0.40688328316792954,-0.45374169880262655
-0.18128667564192258,-0.4381222261745148,-0.45422477528761357
-0.1790323206117602,-0.44037658300237636,-0.4877180799949913
-0.20721175961453073,-0.41751096447265595,-0.5199231839249103
-0.20978816558830335,-0.39899303515115286,-0.5155754947083887
-0.19175332420143,-0.39963713702289816,-0.4709714272104746
-0.18531230966331494,-0.4186381428132212,-0.422180703337568
-0.19771126276301604,-0.4505211889210396,-0.3983489332806832
-0.19513485688512228,-0.4376391497134338,-0.37822075047136167
-0.20544048051942643,-0.41251917472567484,-0.3838566415323839
-0.22331429728614532,-0.3867550998303749,-0.4041458501608323
-0.25278194329357384,-0.37548331770554094,-0.3880433035266638
-0.24505272440990883,-0.3840176669927056,-0.37516126679343026
-0.22621275415187347,-0.4057561048680992,-0.37934792867575123
-0.23410299797302908,-0.4337745380506069,-0.35213462740437135
-0.22105994196402778,-0.4759632178541872,-0.31719210781099405
-0.22315327190547482,-0.4431140163143497,-0.31284442130413975
-0.2157461044809863,-0.4395714555620613,-0.29158906588590955
-0.23780658187358364,-0.44746170456305434,-0.27902908379248936
-0.20866098797226118,-0.4511652908948071,-0.2880465067847464
-0.2028640745801687,-0.43313043611126545,-0.28112241410766536
-0.17049797671090278,-0.4316812067524094,-0.2822495919752714
-0.14521699703924543,-0.43329146159598125,-0.29191111671520376
-0.11236782894487415,-0.4266894167879863,-0.29255521837474996
-0.10061298038632195,-0.4144514804250963,-0.31010698908892936
-0.10254528422968656,-0.41380737852401367,-0.3376423377161358
-0.08998530945371161,-0.41992634663579265,-0.37194075768986745
-0.08257814507038662,-0.41992634663579265,-0.4028576464007589
-0.07951866417884944,-0.4187991682907637,-0.4060781558105093
-0.09111248665731825,-0.4234689071741682,-0.388687405376722
-0.08579865130320605,-0.4379612006874081,-0.3780597250139107
-0.1014181069863241,-0.4225027542962398,-0.3762884449872135
-0.11703756342204093,-0.393518169292823,-0.31992954008589547
-0.11381705687886601,-0.41380737852401367,-0.2862752272486529
-0.09674837273414764,-0.41042584356425543,-0.25020553697857517
-0.08451044880623818,-0.41171404735430384,-0.22669583029867768
-0.10592681598328973,-0.43313043611126545,-0.2521378417129076
-0.11752063940627627,-0.4128412256747813,-0.27339319454946004
-0.10898629712408624,-0.43055402836665124,-0.27033371185848587
-0.118325766048268,-0.4857857738605002,-0.28885163384980006
-0.1742015598855881,-0.49351499846728164,-0.317997234948277
-0.17919334597053804,-0.5028544784453038,-0.3551941108656026
-0.18949896909854594,-0.5170247244407796,-0.36614384138384454
-0.20560150589130913,-0.5187960052335718,-0.37000845224304196
-0.2207378912050034,-0.5464923970647674,-0.3527787291832902
-0.22170404348303516,-0.5160585712851357,-0.3239551758261729
-0.2199327643088404,-0.49882884049089066,-0.308979811124664
-0.2035081760630656,-0.4949642281014826,-0.263087568757992
-0.19094819737717345,-0.49689653429045233,-0.22878916027646987
-0.17999847276562603,-0.5271693327480996,-0.19143127347148764
-0.1656672161118119,-0.5400513754985077,-0.14618314909239474
-0.18901589300710847,-0.5252370263794847,-0.14054726215626517
-0.19384665395384626,-0.5596964916737446,-0.12251242461885335
-0.19046512128357843,-0.5814349412810758,-0.11172372764295718
-0.18466820821653573,-0.6216913332717804,-0.1258939565807139
-0.2134917492114332,-0.6405313264311084,-0.16003132883712776
-0.21220354620729023,-0.5975374974807159,-0.19948254181593372
-0.2128476477087226,-0.5978595486128238,-0.2513327147388716
-0.22830608412655043,-0.5727395612641074,-0.27790190593605973
-0.2550362988359673,-0.5476195758519571,-0.2822495919752714
-0.254553222646994,-0.55840828729809,-0.29996238755132315
-0.2650198735689814,-0.5540605975678622,-0.28273266820544285
-0.23539120106408196,-0.5782144301366255,-0.30962391281805113
-0.2188055866575673,-0.5674257180346347,-0.30044546380783566
-0.22009378968791324,-0.5596964916737446,-0.3268536335900527
-0.22878916027646987,-0.5635611048312694,-0.34746488954537974
-0.24714605450606686,-0.5836892991011283,-0.34939719485820514
-0.25841783217890335,-0.5846554524573534,-0.3614741033236072
-0.27242704211761765,-0.5756380212439819,-0.36356743416990145
-0.24392554667141408,-0.5427888096486059,-0.3685592231654595
-0.24247631815624235,-0.5392462478116805,-0.3476259149876764
-0.19996561792295284,-0.5455262438217091,-0.31171724333037765
-0.21397482533930498,-0.534898558337204,-0.31461570098509495
-0.2291112110434822,-0.5440770139624946,-0.34440540615689924
-0.2043133029184844,-0.5472975247695049,-0.3262095318625119
-0.20270304920964421,-0.534898558337204,-0.332811574630325
-0.2134917492114332,-0.5059139633239464,-0.3431172026335231
-0.15697184721473456,-0.5134821628840994,-0.3184803112316043
-0.1474713518344042,-0.5415006053398115,-0.31703108238377686
-0.14280161691896426,-0.5266862561548711,-0.28369882066794117
-0.1727523316817629,-0.526042154031681,-0.27146088968864945
-0.16550619075974776,-0.5495518823533566,-0.2717829404979862
-0.15487851770025063,-0.5579252106585328,-0.2751644740153025
-0.15503954304703896,-0.53683086476314,-0.3033439213619956
-0.15729389791046963,-0.5371529158352439,-0.2917500913005167
-0.13555547666605644,-0.5561539296529514,-0.32637055729427744
-0.12283447528036831,-0.5843334013382934,-0.32218389609430664
-0.12782626057475321,-0.5729005868178685,-0.33458285442011826
-0.10866424647632691,-0.5445600905815163,-0.35551616175793366
-0.11011347439376322,-0.5394072733488867,-0.33635413421956534
-0.1051216893720896,-0.5448821416612623,-0.29980136213264524
-0.0774253351644389,-0.513643188408567,-0.3068864806299746
-0.047474629208346934,-0.5125160097389662,-0.29980136213264524
-0.05681409635997639,-0.4878791055067166,-0.2643757719640407
-0.05117821097764294,-0.4796668045102821,-0.2917500913005167
-0.03813516232595235,-0.5271693327480996,-0.2854701001899852
-0.024125962507235785,-0.5302288178551868,-0.2653419243719307
-0.02428698778906622,-0.49866781497374946,-0.24505272440990883
-0.0717894494236182,-0.4729037332570237,-0.26985063564675627
-0.12669908324349755,-0.463242203138998,-0.3112341670571052
-0.15616672047679578,-0.47902270248010814,-0.33393875267725825
-0.16792157104910227,-0.5009221722209737,-0.33297260006536183
-0.19384665395384626,-0.5186349797065561,-0.30173366716204764
-0.1811256502821058,-0.5410175287253272,-0.3118782687549614
-0.17790514310255304,-0.5419836819550123,-0.2777408805283177
-0.17516771202506815,-0.5500349589804974,-0.3028608451011732
-0.15922620209159488,-0.5691969991014966,-0.32588748099922027
-0.14199649021620137,-0.5780534045802386,-0.3020557180013987
-0.13024164058349508,-0.5519672654962241,-0.292877269205002
-0.1468272504627599,-0.5321611242534184,-0.2816054903361604
-0.11091860101736047,-0.5311949710528695,-0.26759628000151897
-0.10335041083448793,-0.5170247244407796,-0.28418189690026796
-0.0751709808563491,-0.5155754947083887,-0.27725780430557057
-0.07114534820233673,-0.46436938163798913,-0.25745167979161404
-0.1060878413057697,-0.42733351871457564,-0.25761270518929597
-0.10399451211976875,-0.41429045494970607,-0.25036656237266364
-0.08982428413923065,-0.4014084171767751,-0.26051116236122507
-0.09223966386484471,-0.4241130090943812,-0.31284442130413975
-0.10238425890896627,-0.4650134836391654,-0.31767518409312445
-0.11285090492215165,-0.4891673096033866,-0.334904905292027
-0.11880884203442268,-0.49093859024463116,-0.37516126679343026
-0.08950223351050872,-0.49705755980671756,-0.3548720599735906
-0.09546017019366167,-0.5031765294838072,-0.33635413421956534
-0.07259457595202032,-0.5051088357215163,-0.3241162012568213
-0.056492045764059286,-0.5018883253317054,-0.292877269205002
-0.04151669340744849,-0.5299067667899295,-0.2912670150569346
-0.04827975567633155,-0.5289406135960681,-0.26002808616410694
-0.04457617394016952,-0.5390852222745539,-0.23700145493508631
-0.028795695712820032,-0.5387631712005395,-0.2258907033877367
-0.01897315353093133,-0.5332883029910143,-0.20592355663531428
-0.05101718568244538,-0.532483175320905,-0.19722818665935285
-0.06824689272241292,-0.5157365202338914,-0.18949896909854594
-0.09111248665731825,-0.48433654426715894,-0.18885486764345583
-0.113978082205265,-0.46436938163798913,-0.1727523316817629
-0.1097914237448842,-0.4675898916566177,-0.18772769010012472
-0.10721501856536905,-0.49206576883953185,-0.21172047008205483
-0.10753706921168872,-0.4798278300180248,-0.23700145493508631
-0.1207411459862389,-0.4548688772687118,-0.2308824902677611
-0.12879241257609095,-0.4444022202338356,-0.21848353590077965
-0.15713287256256211,-0.48562474834981034,-0.23410299797302908
-0.1753287373819279,-0.5115498565966996,-0.24795118146972134
-0.1981943388673984,-0.5121939586912255,-0.24328144510831692
-0.18450718285504072,-0.5026934529261717,-0.23184864257598684
-0.20205894772834532,-0.4989898660081115,-0.24956143540301975
-0.1961010090869353,-0.5204062605081069,-0.26840140701587867
-0.1964230598215122,-0.5212113881483603,-0.3001234129700809
-0.18740563937417787,-0.5006001211847003,-0.30463212472770046
-0.17516771202506815,-0.474030911789475,-0.2803172870617703
-0.16454003864904163,-0.45454682627800336,-0.27468139779638734
-0.14312366760062903,-0.4729037332570237,-0.28530907477849116
-0.16228568373525115,-0.5068801164494904,-0.2906229133999427
-0.15697184721473456,-0.48320936569902073,-0.30592032809851316
-0.12299550061124574,-0.4957693556788263,-0.3408628464799005
-0.09674837273414764,-0.5043037081210773,-0.3495582203014591
-0.059873577037154,-0.5205672860359983,-0.35616026354355285
-0.028634670428748125,-0.5212113881483603,-0.38707715075396876
-0.020905456887438667,-0.5170247244407796,-0.3704915286036717
-0.016396749073521472,-0.5126770352629559,-0.3772545977278521
-0.011082914944843798,-0.5236267710810635,-0.37532229224944574
-0.0017434491117981593,-0.5229826689639243,-0.37065255405737446
0.011943698605145667,-0.5534164953905409,-0.377737674099248
0.01580830491459288,-0.5526113676706801,-0.3550330854195567
0.03561441152642041,-0.564205207028647,-0.3489141185289219
0.00711294065346726,-0.5653323858771216,-0.3511684747383862
0.020639062736529313,-0.5683918713426384,-0.32459927754924534
0.019189835397517046,-0.5339324051285349,-0.3149377518372151
0.006468839587797831,-0.5339324051285349,-0.2927162437898361
0.01452010281656943,-0.5096175503207665,-0.31107314163284067
0.027885199334274934,-0.507041141970693,-0.28112241410766536
-0.004802929268819434,-0.5018883253317054,-0.27113883887963214
-0.027829544009589355,-0.48804013101852156,-0.27371524536071284
-0.06663663968921299,-0.510744728980334,-0.2822495919752714
-0.08644275255361002,-0.5204062605081069,-0.3120392941796249
-0.10431656276288909,-0.5068801164494904,-0.3489141185289219
-0.13217394460344245,-0.5361867626198876,-0.3608300015274592
-0.14521699703924543,-0.5252370263794847,-0.36582179048098507
-0.1556836444349918,-0.5357036860132842,-0.32943004051298225
-0.15954825278956822,-0.5530944443023578,-0.3139715992818122
-0.17114207812955,-0.5521282910397187,-0.3126833958790772
-0.1875666647371113,-0.53683086476314,-0.3102680145127151
-0.1484375038942691,-0.5204062605081069,-0.31992954008589547
-0.09658734741630694,-0.5047867846811018,-0.36662691773873196
-0.08112891727605824,-0.4812770595912931,-0.344727457038541
-0.07146739881281744,-0.4616319481472113,-0.33699823596721235
-0.07935763886956858,-0.4513263163884482,-0.3055982772553311
-0.0659925384781735,-0.4178330154267046,-0.2970639300273328
-0.04827975567633155,-0.3983489332806832,-0.2861142018367597
-0.04538130040095098,-0.37226280859878824,-0.2867583034848114
-0.05150026156827819,-0.37532229224944574,-0.31880236208755486
-0.10898629712408624,-0.35390590729946914,-0.3035049467824294
-0.13555547666605644,-0.36002487428406893,-0.2898177863304987
-0.13587752734052538,-0.3729069104175868,-0.2883685576105284
-0.15053083336718298,-0.3381254140286661,-0.317353133238291
-0.13040266591805091,-0.32781978618375757,-0.3184803112316043
-0.1073760438884889,-0.3489141185289219,-0.2867583034848114
-0.12138524730607003,-0.3426341263135734,-0.26147731475761726
-0.1381318820707631,-0.34601566056829913,-0.23426402335913116
-0.18563436038718406,-0.3529397546282193,-0.22943326181081403
-0.217517383632334,-0.3790258777598126,-0.25793475598489934
-0.210110216336463,-0.3790258777598126,-0.26324859415846863
-0.2339419725870069,-0.356321288990157,-0.24827323225574216
-0.2218650688629867,-0.3390915666558808,-0.2593839845690673
-0.19143127347148764,-0.3228279978138682,-0.2692065340322345
-0.24022196270105564,-0.31719210781099405,-0.27081678807093407
-0.2313655664215145,-0.34295617719346005,-0.2729101183331796
-0.21365277458731058,-0.34859206764313183,-0.26099423855906184
-0.2073727849872923,-0.36614384138384454,-0.23700145493508631
-0.1864394871982553,-0.3677540959029273,-0.24827323225574216
-0.1989994657096337,-0.3729069104175868,-0.2540701464587393
-0.1935246032218263,-0.3547110345277043,-0.2468240037211641
-0.1830579546051817,-0.3408628464799005,-0.2337809472010646
-0.1790323206117602,-0.3527787291832902,-0.2300773633464362
-0.18611743647358703,-0.37644947044378724,-0.2721049913076422
-0.1413523888554302,-0.40768841052734284,-0.31880236208755486
-0.14231854089706666,-0.409137639779309,-0.3194464638004136
-0.15359031492882166,-0.4001202134275442,-0.3130054467292821
-0.1624467090857166,-0.424435060054966,-0.2799952362439711
-0.17581181345298663,-0.43313043611126545,-0.2518157909230536
-0.17581181345298663,-0.4094596907250673,-0.2258907033877367
-0.15262416285360747,-0.38562792160030845,-0.24102708964753966
-0.14425084498897434,-0.37242383405336826,-0.26695217839146834
-0.11510525949229718,-0.34005771928596756,-0.24859528304208242
-0.11558833547365346,-0.317353133238291,-0.2537480956669688
-0.100290929746881,-0.2943264979450873,-0.27339319454946004
-0.10061298038632195,-0.3105900653605259,-0.2824106173852487
-0.09368889170885264,-0.31687005695663945,-0.32073466722996113
-0.07259457595202032,-0.31091211620865594,-0.36485563777432073
-0.09320581576013005,-0.2993182858770905,-0.37934792867575123
-0.10866424647632691,-0.29384342169767386,-0.375644343161716
-0.12959753924607142,-0.2664691021847687,-0.35728744167145743
-0.14956468130108233,-0.2867583034848114,-0.36485563777432073
-0.1353944513289419,-0.28369882066794117,-0.34939719485820514
-0.1849902589397655,-0.3057593026768822,-0.3141326247075132
-0.22057686582561103,-0.34021874472459457,-0.31751415866566784
-0.20302509995077309,-0.35213462740437135,-0.3068864806299746
-0.22363634804772595,-0.39963713702289816,-0.2828936936156597
-0.22299224652488425,-0.4574452852058532,-0.3228279978138682
-0.24167119120616443,-0.46436938163798913,-0.31429365013329397
-0.2754865248283117,-0.49287089640970744,-0.3215397943760218
-0.3102680145127151,-0.4616319481472113,-0.31896338751564984
-0.27967318542649117,-0.46340322863861483,-0.3136495484306496
-0.27902908379248936,-0.4419868378889833,-0.3139715992818122
-0.27017268645449616,-0.42846069708917567,-0.31992954008589547
-0.25535834962901544,-0.4339355635356415,-0.28273266820544285
-0.25873988297530526,-0.44569042415842147,-0.28369882066794117
-0.24054401347940965,-0.42765556967834856,-0.2994793112955289
-0.25793475598489934,-0.41992634663579265,-0.29867418420413483
-0.25084963855540826,-0.41396840399916474,-0.2719439659027743
-0.2368404295476265,-0.36630486683539387,-0.21800045976619736
-0.24827323225574216,-0.3608300015274592,-0.19400767931997606
-0.2510106639498162,-0.3672710195463651,-0.22991633796241084
-0.24489169901845573,-0.36662691773873196,-0.24617990215231686
-0.22991633796241084,-0.3819243360147432,-0.3115562179058737
-0.2637316703603776,-0.37709357227087964,-0.37435613951454894
-0.25471424804323856,-0.3917468891819204,-0.3922299655748461
-0.24344247049897141,-0.40865456336126954,-0.4228248052552304
-0.25745167979161404,-0.3885263799140878,-0.4171889135189261
-0.25922295917050703,-0.40221354452263547,-0.4023745699920468
-0.2687234578221815,-0.426206340343881,-0.4271724932328087
-0.32073466722996113,-0.4033407228101885,-0.4561570812347328
-0.3150987772633949,-0.4340965890207559,-0.4321642832046441
-0.3067254552078648,-0.42475711101586955,-0.4703273251975075
-0.3344218289842836,-0.4408596594675217,-0.4667847641489729
-0.3163869806757061,-0.44971606145562293,-0.44746170456305434
-0.3099459636652235,-0.45277554583480384,-0.4482668320228931
-0.3152598026896545,-0.44746170456305434,-0.43924940458649314
-0.29094496422827903,-0.4722596312402327,-0.3960945767440853
-0.2619603909568913,-0.4719375802323152,-0.4073663595833384
-0.2366794041602465,-0.43989350653794823,-0.39641662767692826
-0.23442504874531309,-0.4107478945112893,-0.3833735651518972
-0.24891733382874207,-0.4186381428132212,-0.39367919475792895
-0.23120454103685018,-0.40317969734029885,-0.42588428938154277
-0.20495740440425758,-0.4196042956796715,-0.4208924995060691
-0.19094819737717345,-0.43731709873977825,-0.4123581492512412
-0.17178617954947606,-0.43892735361124374,-0.3975438059443901
-0.13426727397137897,-0.42540121293863314,-0.3585756452509914
-0.1073760438884889,-0.39384022022311455,-0.35616026354355285
-0.09079043602731637,-0.3859499725227859,-0.3803140814254809
-0.09481606892533849,-0.3592197470426726,-0.3885263799140878
-0.12138524730607003,-0.3614741033236072,-0.3946453475502387
-0.12444472859274115,-0.375644343161716,-0.4123581492512412
-0.15600569512944787,-0.40559507939701384,-0.39641662767692826
-0.16083645558465898,-0.4249181364964409,-0.33893054121781224
-0.1833800053268132,-0.43345248708077677,-0.3313623457185839
-0.16309081048837779,-0.38079715780142226,-0.3386084903419145
-0.15085288405652275,-0.4023745699920468,-0.3527787291832902
-0.1484375038942691,-0.401086366238989,-0.37226280859878824
-0.1656672161118119,-0.388687405376722,-0.3732289613274646
-0.1531072388908548,-0.40495097751346926,-0.38353459061197964
-0.1700149006477566,-0.40076431530152185,-0.39899303515115286
-0.17404053452928786,-0.43699504776644155,-0.3975438059443901
-0.13136881792706506,-0.48562474834981034,-0.37371203769287936
-0.1233175512732405,-0.49351499846728164,-0.41042584356425543
-0.11252885427055334,-0.5067190909283673,-0.39110278732580234
-0.11542731014645474,-0.5295847157249906,-0.3675930704506601
-0.11172372764295718,-0.517185749966999,-0.3920689401104578
-0.10850322115256723,-0.5564759807441589,-0.41702788804218077
-0.0938499170252535,-0.5685528968942509,-0.4150955823274543
-0.10657091727368953,-0.5516452144094738,-0.44746170456305434
-0.09014633476827257,-0.5688749479977147,-0.45148734188216905
-0.08805300568521991,-0.5828841713064621,-0.44874990849975255
-0.0329823531267869,-0.5912575004682183,-0.4576063107026018
-0.0275074934424862,-0.5994698042781361,-0.4708104017071133
-0.01623572379561387,-0.5782144301366255,-0.517185749966999
0.0009939804778761492,-0.5687139224459429,-0.5183129286527639
-0.004158828180728572,-0.5585693128447683,-0.48401449324729257
-0.0432879716070811,-0.5395682988861725,-0.43876632812373856
-0.06422126015441643,-0.5191180562878418,-0.4025355954615378
-0.07967968948821028,-0.47821757494418304,-0.3637284596201747
-0.11430013285830289,-0.45792836169633805,-0.34971924574479285
-0.09046838539763447,-0.42507916197709195,-0.3378033631535661
-0.1254108805840033,-0.42540121293863314,-0.31976851465732165
-0.1553615937408555,-0.4344186399912236,-0.31010698908892936
-0.15681082186698692,-0.41799404090384845,-0.3318454220217795
-0.16550619075974776,-0.42604531486267205,-0.3679151213552742
-0.1473103264913732,-0.44134273593338424,-0.38079715780142226
-0.12508882991992937,-0.4532586223183566,-0.3803140814254809
-0.10560476533856973,-0.4787006514654991,-0.39689970407679065
-0.08467147411807915,-0.5099396013659591,-0.404467901101648
-0.07323867717618225,-0.5265252306239541,-0.4321642832046441
-0.06373818424961762,-0.5168636989146399,-0.42475711101586955
-0.01365931935998069,-0.5083293461431816,-0.39818790781326513
-0.0019044743824996738,-0.4835314167180905,-0.42024839759223265
0.0016380815544363321,-0.48594679937126967,-0.459377591172095
0.034004159001609836,-0.4761242433600977,-0.45680118321965557
0.019350860657727672,-0.45551297925108486,-0.4574452852058532
0.06363280417565516,-0.43329146159598125,-0.42990992643368564
0.09036299260271873,-0.39883200968341587,-0.422180703337568
0.05075078486805954,-0.4014084171767751,-0.4257232639004932
0.0708789398108138,-0.39367919475792895,-0.39528944941337324
0.0753876463463463,-0.42540121293863314,-0.3692033249769209
0.055581542168501606,-0.3944843220846544,-0.3679151213552742
0.05815794603258531,-0.40656123222472224,-0.3643725614220653
0.04914053241855471,-0.40897661430654947,-0.37000845224304196
0.029817502399613477,-0.40478995204278245,-0.41702788804218077
0.010816521756200818,-0.4426309398458574,-0.421858652379215
-0.03620285886665998,-0.43860530263631303,-0.4292658245019953
-0.02670236702612923,-0.4286217225715802,-0.4601827186614153
-0.013176243530581264,-0.4476227300548627,-0.48433654426715894
-0.0205834063272202,-0.4460124751403648,-0.4936760239818742
-0.029117746281203994,-0.4160617351833827,-0.4877180799949913
-0.036363884154494104,-0.43892735361124374,-0.4999560191131091
-0.020100330487492928,-0.4405376084906784,-0.5308729199866569
-0.0010993480297928424,-0.4432750418040065,-0.4989898660081115
-0.0019044743824996738,-0.4672678406533208,-0.4862688503930477
-0.012210091873944147,-0.45857246368476656,-0.4844975697772116
-0.015752647962371434,-0.44665657710520773,-0.4439191437634308
-0.036363884154494104,-0.44858888300738636,-0.4300709519168075
-0.024448013070976715,-0.4437581182734551,-0.4490719594847239
-0.03185517612539568,-0.4292658245019953,-0.4548688772687118
-0.049084882146317,-0.39593355127778346,-0.47725142190370157
-0.08708685380529398,-0.35422795819052394,-0.4729037332570237
-0.09465504360845768,-0.3798310050502572,-0.49415910052613005
-0.06647561438633309,-0.38144125963712716,-0.4923878198673632
-0.06776381681161277,-0.40720533411145565,-0.48385346773747895
-0.07468790493522724,-0.3962556022104669,-0.4722596312402327
-0.05359359041521014,-0.36421153597147304,-0.47660731987830707
-0.008345485276219344,-0.36888127407103066,-0.48433654426715894
0.012104723868960303,-0.4120360983026131,-0.48820115653040624
0.018706759616404625,-0.37822075047136167,-0.48562474834981034
0.01580830491459288,-0.3949673984816465,-0.4648524581387518
0.022893416362097734,-0.3873992016778815,-0.46292015214000326
-0.009311636921326933,-0.38353459061197964,-0.4352237674187875
-0.005608055630734616,-0.40897661430654947,-0.4234689071741682
-0.0305669738428943,-0.4434360672937431,-0.43184223223640794
-0.03249927726856752,-0.45873348918207296,-0.4123581492512412
-0.040872592246346894,-0.46066579515596356,-0.37693254681398697
-0.030405948557941848,-0.4732257842658972,-0.3527787291832902
-0.058263324045564675,-0.46066579515596356,-0.33989669384742033
-0.06051767823603038,-0.45374169880262655,-0.3289469642133771
-0.08145096789646007,-0.45986066766544814,-0.31075109078455104
-0.07017919637281493,-0.4703273251975075,-0.30221674342119403
-0.057780248149648356,-0.4687170701706663,-0.2898177863304987
-0.07130637350753707,-0.4745139883045776,-0.2661470513807015
-0.04731360391499011,-0.463242203138998,-0.25970603536642745
-0.050051033912940614,-0.4368340222798927,-0.24730707989863804
-0.028956720996971986,-0.41090891998492574,-0.25036656237266364
-0.031050049698231958,-0.4163837861359966,-0.2732321691439534
-0.037652086460048674,-0.4233078816943142,-0.26968961024300603
-0.03201620141106857,-0.4321642832046441,-0.25841783217890335
-0.004158828180728572,-0.4171889135189261,-0.28208856656537395
-0.0305669738428943,-0.38546689613918933,-0.32170081980547327
-0.043126946315805215,-0.39899303515115286,-0.33796438859107625
-0.04956795802926865,-0.34392232983503485,-0.3582535943556293
-0.05745819755277093,-0.3105900653605259,-0.36066897607862164
-0.09481606892533849,-0.2835377952573252,-0.3672710195463651
-0.10753706921168872,-0.258900908373626,-0.3977048314114892
-0.11703756342204093,-0.042965921024609374,-0.36630486683539387
-0.1104355250429622,-0.07066227228721576,-0.3675930704506601
-0.11494423416533837,-0.06728074090153277,-0.3819243360147432
-0.12686010857629418,-0.07629815800843379,-0.38546689613918933
-0.12959753924607142,-0.08853608162626286,-0.39883200968341587
-0.11236782894487415,-0.0717894494236182,-0.3970607295435709
-0.08708685380529398,-0.06631458908353322,-0.42201967785835165
-0.0751709808563491,-0.06422126015441643,-0.4384442771489673
-0.036363884154494104,-0.08273917038126755,-0.45889451467945896
-0.01607469851778633,-0.07903558825124689,-0.4506822144143619
-0.038296187614746985,-0.09932477783047787,-0.4419868378889833
-0.05600896987078381,-0.09658734741630694,-0.4473006790713257
-0.05246641334210461,-0.0853155753662431,-0.44649555161387744
-0.07678123393195592,-0.07887456294220607,-0.43828325166170123
-0.05182231215923354,-0.08096789196597734,-0.4381222261745148
-0.05810229874684588,-0.07758636047275967,-0.44037658300237636
-0.059712551737634956,-0.08773095505825794,-0.43586786936227323
-0.07758636047275967,-0.07967968948821028,-0.4460124751403648
-0.06905201924201348,-0.0650263866640148,-0.444724271214504
-0.08354429693687235,-0.07806943639820202,-0.4510042654012458
-0.09884170187335616,-0.11494423416533837,-0.4419868378889833
-0.11333398090014893,-0.11929191802129713,-0.4408596594675217
-0.11252885427055334,-0.14972570664523258,-0.43425761450594985
-0.10963039842056464,-0.1849902589397655,-0.416544811612423
-0.1112406516673592,-0.20866098797226118,-0.4183160918583754
-0.1200970446676873,-0.1975502373950484,-0.4149345568517452
-0.15826004999959337,-0.17919334597053804,-0.3873992016778815
-0.1795153966883335,-0.19980459255386654,-0.3762884449872135
-0.17323540774898533,-0.1981943388673984,-0.34585463512680015
-0.2379676072615227,-0.19255845102768424,-0.3273367098865461
-0.23619632799858578,-0.19964356718486018,-0.33393875267725825
-0.23716248032262607,-0.18547333502520955,-0.35648231443684103
-0.23700145493508631,-0.1875666647371113,-0.377737674099248
-0.2281450587434037,-0.17323540774898533,-0.39673867861009016
-0.20849996259886044,-0.16373491189231795,-0.3861109979841442
-0.19964356718486018,-0.15793799930289903,-0.39045868547096
-0.17871026989444427,-0.11365603155254703,-0.4126802002001882
-0.1593872274405416,-0.10254528422968656,-0.4178330154267046
-0.16953182458532975,-0.11381705687886601,-0.47419193729442954
-0.14376776896491808,-0.10447758808456921,-0.4764462943721577
-0.12251242461885335,-0.09594324614574397,-0.4737088607798049
-0.124283703261144,-0.08628172724088902,-0.4709714272104746
-0.10061298038632195,-0.08934120819626774,-0.4664627131464727
-0.061805880637624246,-0.07339970248242277,-0.42636736582516976
-0.04860180626408562,-0.0407115669562716,-0.42362993265410187
-0.03700798530663104,-0.035880808291231865,-0.401086366238989
-0.07130637350753707,-0.07356072778874329,-0.3841786924531071
-0.07259457595202032,-0.03716901059486539,-0.38514484521719033
-0.13040266591805091,-0.048118730382574554,-0.34939719485820514
-0.1761338641674254,-0.0679248421151328,-0.33297260006536183
-0.18418513213229043,-0.06277203244218056,-0.3411848973580321
-0.18563436038718406,-0.0685689433300131,-0.33393875267725825
-0.18370205604876433,-0.10447758808456921,-0.34988027118820636
-0.20366920143398953,-0.1200970446676873,-0.3468207877769906
-0.22170404348303516,-0.14859852923785974,-0.3463377114515364
-0.26115526395850047,-0.12573293124839705,-0.38079715780142226
-0.2721049913076422,-0.13152984326218062,-0.3893315072280559
-0.2709778134752432,-0.12251242461885335,-0.4184771173357585
-0.258900908373626,-0.12991958991462332,-0.44069863397906023
-0.25004451158456653,-0.1555226190878837,-0.42765556967834856
-0.25664655280440213,-0.14956468130108233,-0.4295878754676811
-0.23555222645082297,-0.15520056839390725,-0.422341728816864
-0.22975531257846535,-0.17806616846077145,-0.3840176669927056
-0.24054401347940965,-0.18370205604876433,-0.3816022850962527
-0.22347532266689565,-0.18949896909854594,-0.3940012456883799
-0.20817791185229864,-0.23039941411472653,-0.3980268823459268
-0.1964230598215122,-0.23828965803764043,-0.39850995874818107
-0.20318612532145736,-0.2492393846157212,-0.40221354452263547
-0.19851638960405282,-0.2408660642580831,-0.4080104614716662
-0.20511842977590064,-0.21316969845991812,-0.4054340539260081
-0.18482923357811068,-0.22299224652488425,-0.39512842394747
-0.20077074476958268,-0.23410299797302908,-0.378703826844193
-0.21316969845991812,-0.23023838873054142,-0.4018914935840522
-0.23056043949899152,-0.2510106639498162,-0.4353847929045394
-0.2207378912050034,-0.2709778134752432,-0.4339355635356415
-0.24505272440990883,-0.26840140701587867,-0.46614066214429123
-0.26807935620989526,-0.24988348619063772,-0.4448852967049577
-0.2653419243719307,-0.21043226708494223,-0.4344186399912236
-0.24795118146972134,-0.17581181345298663,-0.40044226436437363
-0.24746810529128907,-0.1880497408263912,-0.3962556022104669
-0.24601887676030468,-0.16309081048837779,-0.41622276065964975
-0.22444147495307532,-0.15391236562119925,-0.3901366345440173
-0.21494097759720557,-0.10351143615568816,-0.35744846711862
-0.21526302835047822,-0.10866424647632691,-0.34988027118820636
-0.2258907033877367,-0.10335041083448793,-0.32170081980547327
-0.2518157909230536,-0.08724787911841497,-0.3192854383720792
-0.23345889642941955,-0.07452687962834664,-0.31075109078455104
-0.2321706933460344,-0.08370532224823331,-0.2959367521083205
-0.24505272440990883,-0.0920786385492438,-0.3152598026896545
-0.24199324198595604,-0.08145096789646007,-0.3139715992818122
-0.2281450587434037,-0.09191761323372288,-0.30414904846496255
-0.21928866279334788,-0.07050124698233548,-0.3473038641031628
-0.19690613592397688,-0.07806943639820202,-0.38772125260211315
-0.1709810527747683,-0.061644855337144935,-0.3894925326910887
-0.13555547666605644,-0.03233825198265449,-0.41429045494970607
-0.11880884203442268,-0.04232181986062637,-0.4107478945112893
-0.11896986736330087,-0.040872592246346894,-0.3898145836173935
-0.12508882991992937,-0.04183874398847953,-0.37918690321774207
-0.0964263220985462,-0.025414164764120797,-0.3783817759288923
-0.07323867717618225,-0.0001331964091871075,-0.366948968642389
-0.058585374643242344,-0.00963368747033667,-0.35422795819052394
-0.0647043360599354,-0.020100330487492928,-0.32540440470488124
-0.06663663968921299,-0.022193659131514828,-0.33297260006536183
-0.06132280473642638,0.016935481746158706,-0.3205736418009884
-0.03314337841302011,0.05847999651415352,-0.30221674342119403
-0.03877926348161117,0.05542051692631531,-0.30414904846496255
-0.04441514864825334,0.0753876463463463,-0.29641982835884684
-0.05262743863802246,0.10147373292559943,-0.2856311256015591
-0.08016276541677289,0.11210139722513787,-0.27081678807093407
-0.07839148701556362,0.11918650656414666,-0.2911059896425669
-0.07662020862403521,0.10034655638849911,-0.3026998196810587
-0.05407666630488437,0.13013622069183262,-0.30495417556992477
-0.05842434934436349,0.12514443929725566,-0.2688844832254526
-0.08612070192824803,0.1502643706945315,-0.25664655280440213
-0.09046838539763447,0.1852068361228325,-0.25439219725082923
-0.06422126015441643,0.2014703786512524,-0.25970603536642745
-0.07050124698233548,0.1987329507582197,-0.25986706076522725
-0.06889099393793335,0.1557392272784788,-0.25906193377202663
-0.08708685380529398,0.11161832158273494,-0.276935753490805
-0.10238425890896627,0.07893020143733001,-0.28885163384980006
-0.08563762599080506,0.058641021754817425,-0.2948095741932192
-0.08032379072645376,0.03738568929445973,-0.3112341670571052
-0.07211150003473901,0.0573528198272626,-0.32556543013624784
-0.044254123356417194,0.08521018536692303,-0.32653158272612276
-0.043610022189872984,0.10308398511464308,-0.349236169415031
-0.0709843228972164,0.08875274035034933,-0.3511684747383862
-0.08241711975958567,0.06604818273873815,-0.3159039043954909
-0.08273917038126755,0.07957430235879596,-0.2838598460786369
-0.11188475296831646,0.08521018536692303,-0.2537480956669688
-0.12702113390917077,0.0931004214133512,-0.2389337595908343
-0.13169086859737614,0.038512866050892484,-0.22138199272337172
-0.11896986736330087,0.044792850764872924,-0.2376455564857244
-0.12235139928821584,0.02708007305364628,-0.23200966796097067
-0.11140167699247856,0.019833936437878983,-0.23056043949899152
-0.10834219582888753,0.05316616352729429,-0.24956143540301975
-0.09336684107629092,0.05252206255326102,-0.23732350571024566
-0.05906845054035903,0.042216446794390794,-0.2685624324189902
-0.05939050113883694,0.009689344903331808,-0.2830547190259563
-0.06631458908353322,0.0024432078983348286,-0.2917500913005167
-0.063255108345539,-0.02251570969333443,-0.31896338751564984
-0.05939050113883694,0.0195118859178582,-0.32798081161632103
-0.0640602348527368,2.782886063358494e-05,-0.33876951577982345
-0.04989000861830326,-0.009955738019666677,-0.36936435042998556
-0.04151669340744849,-0.02348186138071458,-0.36066897607862164
-0.036846960018476746,0.012104723868960303,-0.3619571796715556
-0.02203263385072511,0.01741855752991414,-0.35213462740437135
-0.010438813844262188,0.028851350868386017,-0.3352269561642548
-0.023964937225485403,0.0552594916840489,-0.34939719485820514
-0.029761847418932525,0.029334426634360204,-0.3437613043945729
-0.037652086460048674,0.04608105274242303,-0.34424438071619795
-0.03974541521750065,0.038673891301491015,-0.3783817759288923
-0.05600896987078381,0.025630845743468474,-0.37548331770554094
-0.044093098064661086,0.019672911177908637,-0.3799920305085854
-0.03233825198265449,0.014842153341555826,-0.3830515142319714
-0.04666950274236317,0.01613035543829785,-0.3885263799140878
-0.06019562763643214,0.028207249845965694,-0.4402155575141539
-0.06647561438633309,0.012265749132694855,-0.4617929736460314
-0.11333398090014893,0.016774456484746715,-0.46533553464023153
-0.12702113390917077,0.035131335769818355,-0.44665657710520773
-0.12090217131607672,0.034004159001609836,-0.40028123889591904
-0.1112406516673592,0.07442149495116428,-0.3836956160721419
-0.12170729796646543,0.09261734574256993,-0.4303930028832903
-0.14054726215626517,0.07925225189822328,-0.4408596594675217
-0.18466820821653573,0.08762556376892164,-0.45712323421259504
-0.14376776896491808,0.1043721868601061,-0.45197041836380947
-0.11156270231767788,0.08939684125225893,-0.4473006790713257
-0.11929191802129713,0.11902548135362027,-0.45921656567447
-0.1001299044272805,0.09503272408926221,-0.44665657710520773
-0.09658734741630694,0.12079675866500063,-0.4580893871933257
-0.11172372764295718,0.16395151198053998,-0.4577673361994301
-0.1318518939326516,0.17039251944400302,-0.44697862808810734
-0.12782626057475321,0.15332384938522597,-0.43715607325307004
-0.1265380579107809,0.15316282419170077,-0.45422477528761357
-0.08145096789646007,0.10147373292559943,-0.459377591172095
-0.046508477449406525,0.09680400153204059,-0.4638863051379435
-0.03475363127975485,0.11177934679694942,-0.4569622087160855
-0.01365931935998069,0.10405013642422134,-0.44858888300738636
-0.0031926765509944386,0.11741522924394657,-0.45245349484616704
0.02949545188952473,0.08778658899508034,-0.44134273593338424
0.045275926507055086,0.08359993308890519,-0.46292015214000326
0.03706363879190081,0.10340603555148983,-0.4566401577233054
0.043182598285724995,0.0771589238966868,-0.4426309398458574
0.057030769344572636,0.08778658899508034,-0.4105868690377325
0.06186152655126887,0.07619277250679413,-0.3919079146461492
0.08021840327897957,0.04382669927834554,-0.378703826844193
0.07216714168451993,0.039156967052805955,-0.36936435042998556
0.036097487282301506,0.06121742559454269,-0.36662691773873196
0.027885199334274934,0.08665941241028627,-0.34199002455475724
0.0059857637877049055,0.09696502675363039,-0.3141326247075132
0.013070875450166304,0.10855884249742694,-0.3105900653605259
0.018706759616404625,0.12240701075783653,-0.31687005695663945
0.024825719457232925,0.15155257225203728,-0.31075109078455104
0.032715956975993804,0.13883158164673692,-0.298996235040453
0.04012311855327286,0.12111880908420926,-0.3067254552078648
0.05686974410310746,0.13078032151132618,-0.3392525920940292
0.07748097435934323,0.11194037201108373,-0.31139519248144953
0.0552594916840489,0.04173337104764217,-0.3228279978138682
0.04704720422222076,0.022088290069053995,-0.3601858997325875
0.030461603418829752,0.03947901755328202,-0.3780597250139107
0.03078365392795728,0.06620920797563595,-0.36582179048098507
0.036097487282301506,0.07039586410685174,-0.37065255405737446
0.04688617897578809,0.08875274035034933,-0.39384022022311455
0.04044516905278761,0.1240172628426542,-0.4489109339921984
0.05107283535699907,0.09954143028816541,-0.456318106730844
0.054615390714182,0.10131270770625415,-0.48417551875718595
0.053810264500045606,0.0855322358215648,-0.4949642281014826
0.08730351331636378,0.05203898682189479,-0.5038206315617695
0.05542051692631531,0.0654040817903456,-0.5320000987197946
0.04897950717316358,0.08102352942740583,-0.5336103540596154
0.05091181011256937,0.09149016917460813,-0.569358024653507
0.03013955290938182,0.11242344765300563,-0.6047836480301092
-0.0020654996532812626,0.08472710968435923,-0.6262000494843242
-0.02251570969333443,0.08987991692784952,-0.6228185123190707
-0.009150611646942164,0.08440505922891596,-0.6458451708523488
-0.03346542898572669,0.05880204699540121,-0.6205641542283872
-0.03346542898572669,0.07587072204285542,-0.6081651850082871
-0.0010993480297928424,0.06137845083384443,-0.5914185260311298
0.004858586918018595,0.03207185596126328,-0.5815959668391338
-0.004641903996676611,0.013553951239688132,-0.5727395612641074
0.028046224590160363,0.01580830491459288,-0.5474585503106912
0.03078365392795728,0.04092824480145891,-0.49560833016319816
0.08054045373859052,0.06508203131566852,-0.4925488453813983
0.06186152655126887,0.09809220330251454,-0.4625981011413272
0.060251274157049554,0.12530546450473512,-0.44794478103871854
0.10807576684973268,0.12015265782562122,-0.4693611721804467
0.1042111616422038,0.1167711283978321,-0.47580219234835636
0.1282039182256538,0.10727064076863882,-0.45889451467945896
0.14350131243341108,0.10791474163367425,-0.45277554583480384
0.1459166904000524,0.1417300352464054,-0.4411817104446837
0.14543361480816777,0.15670537843072666,-0.4489109339921984
0.11854240572156005,0.16910431796157882,-0.44150376142216446
0.12031368303558634,0.16266331047244512,-0.4506822144143619
0.09116811872589764,0.14978129510914343,-0.4548688772687118
0.07458252018389497,0.14414541322627986,-0.46823399366416746
0.07426046971835344,0.12643264095484621,-0.4709714272104746
0.06556510702756393,0.13673825403081669,-0.4872350034602932
0.05509846644170236,0.1594428066797473,-0.49560833016319816
0.08424403400107411,0.13722132963569353,-0.5289406135960681
0.0816676303447042,0.11918650656414666,-0.5353816349426133
0.10952499379065087,0.12852596863748547,-0.5576031595658927
0.11065217029576437,0.1024398842399876,-0.5872318614212906
0.12562751491945348,0.09245632051881585,-0.6033344179073433
0.1433402872349934,0.08907479080146444,-0.601885187791021
0.13158544753388887,0.09728707719656952,-0.5643662325781903
0.1280428930196177,0.12240701075783653,-0.5482636780178167
0.13448390119851505,0.16443458754475196,-0.5419836819550123
0.12144085950309716,0.1589597311080752,-0.5154144691829656
0.10871986771316468,0.17103662018328974,-0.46469143263841795
0.09181221962299799,0.17312994757710676,-0.44987708694854683
0.09229529529498162,0.19535142215245424,-0.4300709519168075
0.08070147896827576,0.21483546744300377,-0.4437581182734551
0.07103996504530756,0.2166067442293321,-0.45454682627800336
0.05107283535699907,0.22642927895906884,-0.4321642832046441
0.027885199334274934,0.22642927895906884,-0.42942684998479835
0.013714976502701901,0.2069452343677393,-0.43313043611126545
-0.0014213985706353523,0.18987656623951893,-0.40994276714430267
-0.007057283087226383,0.17940992967720687,-0.4353847929045394
-0.011404965495614998,0.1637904867923089,-0.43184223223640794
-0.0038367776371635715,0.16169715933800485,-0.4308760793336122
0.00856216804653868,0.15235769822287162,-0.421858652379215
0.00888421857745142,0.13689927923252249,-0.3946453475502387
-0.006091131448844575,0.12466136367433613,-0.41590070970719534
0.0162913807000302,0.12739879219467132,-0.40752738505530073
0.035131335769818355,0.11451677542632917,-0.42990992643368564
0.04801335569913427,0.1043721868601061,-0.44617350063145605
0.04495387601234709,0.11741522924394657,-0.4448852967049577
0.039640042803399896,0.11000806943618054,-0.45293657132924176
0.067014334158923,0.07893020143733001,-0.45712323421259504
0.0681415108121592,0.08327788263233983,-0.44939401047001404
0.07426046971835344,0.0708789398108138,-0.42797762064244027
0.11983060740545042,0.06202255179025009,-0.43135915578465145
0.14720489197488248,0.0855322358215648,-0.3962556022104669
0.12369521242633212,0.10147373292559943,-0.41622276065964975
0.11596600233838503,0.10533833816583639,-0.41380737852401367
0.08537121059428399,0.08923581602690177,-0.41010379261754054
0.06347177893747524,0.10308398511464308,-0.4315201812684906
0.02691904779728025,0.08504916013948191,-0.4737088607798049
-0.002226524924142924,0.07152304074830797,-0.46823399366416746
0.02595289625740201,0.08440505922891596,-0.48288731468026963
0.03754671454561902,0.10614346425174033,-0.47660731987830707
0.01613035543829785,0.10839781728160901,-0.448105806530766
0.02418161842680274,0.07554867157859615,-0.4176719899496404
-0.020261355767321958,0.054293340228767806,-0.4458514496493533
-0.015108546852502387,0.08762556376892164,-0.4609878461527274
0.015969330176485406,0.07587072204285542,-0.4614709226484708
0.018545734355873637,0.0705568893415859,-0.4511652908948071
0.027563148822263774,0.06991278840216844,-0.43119813030089205
0.039640042803399896,0.04173337104764217,-0.4349017164475229
0.016613431223254635,0.057191794585957675,-0.4804719320497919
0.05397128974303313,0.067014334158923,-0.47950577900261915
0.06604818273873815,0.06556510702756393,-0.4785396259583141
0.03529236102209914,0.06572613226470214,-0.49158269229838225
0.04688617897578809,0.06733638463167686,-0.48014988103374906
0.02611392151424863,0.03947901755328202,-0.4898114116536332
0.014198052291262682,0.002282182629715284,-0.5076852440563002
0.0299785276545377,-0.035719783003637866,-0.5176688265461348
0.014037027028489175,-0.05021205920765799,-0.5184739541796202
0.01725753226874242,-0.03475363127975485,-0.526042154031681
0.007596016451878474,-0.04554232569334738,-0.5353816349426133
-0.002870626008390308,-0.04731360391499011,-0.5250760008492843
-0.02477006363503786,-0.03990644050709571,-0.507041141970693
-0.020744431607289403,-0.004963954541042329,-0.5179908775992901
-0.05053410979733285,0.051233860601348664,-0.503981657081459
-0.04457617394016952,0.05203898682189479,-0.5068801164494904
-0.04344899689843702,0.07039586410685174,-0.5118719076438033
-0.04715257862171332,0.11065217029576437,-0.5266862561548711
-0.05150026156827819,0.10147373292559943,-0.5284575370002123
-0.05939050113883694,0.10614346425174033,-0.5250760008492843
-0.04022849108652594,0.13738235483715874,-0.5012442232575657
-0.014142395190100687,0.1370603044341481,-0.4861078248821188
0.014198052291262682,0.14076388404940302,-0.4788616769727638
0.04962360815424741,0.14301823683791737,-0.48256526366183705
0.06121742559454269,0.15171359744636453,-0.46436938163798913
0.0633107536992152,0.14317926203649547,-0.463242203138998
0.0563866683782312,0.1356110776166306,-0.4774124474102493
0.038834916552009435,0.10485526251333199,-0.46436938163798913
0.02836827510169093,0.12884801904899643,-0.4777344984235838
0.019833936437878983,0.12095778387464504,-0.4722596312402327
-0.0038367776371635715,0.10614346425174033,-0.5194401073424303
-0.0073793336339942105,0.07683687343370982,-0.5347375328022268
0.016452405961682463,0.03754671454561902,-0.5241098476697538
-0.000455246949068719,0.026758022540834123,-0.534093430663114
-0.0036757523655011797,-0.0073793336339942105,-0.5281354859367065
0.003087308972012228,0.004536536383101786,-0.5323221497871218
0.012587799659923694,0.003087308972012228,-0.5233047200223346
0.027563148822263774,-0.020100330487492928,-0.519601132869844
0.022732391103649174,-0.01865110297263426,-0.4737088607798049
0.013876001765635583,-0.03459260599272117,-0.463242203138998
-0.01059983911928749,-0.04038951637636112,-0.43457966547657695
-0.03700798530663104,-0.01623572379561387,-0.4233078816943142
-0.0400674657967708,-0.01704085018595249,-0.4255622384195233
-0.03443158070576753,-0.0036757523655011797,-0.42846069708917567
-0.05166128686371584,0.0265969972843079,-0.46130989714980997
-0.07694225923995665,0.03094467918240089,-0.4664627131464727
-0.08563762599080506,0.06170050131220752,-0.4505211889210396
-0.09191761323372288,0.06089537511569883,-0.4861078248821188
-0.11993601933824932,0.04994565864430862,-0.48804013101852156
-0.15584466978217987,0.05992922367724415,-0.4777344984235838
-0.1629297851375926,0.07522662111401633,-0.4431140163143497
-0.1297585645803074,0.08150660511549981,-0.4200873721139728
-0.09529914487646089,0.07474354541654551,-0.4060781558105093
-0.08209506913822379,0.07458252018389497,-0.40833251241630836
-0.0964263220985462,0.07651482297041225,-0.38144125963712716
-0.09851965123567494,0.10485526251333199,-0.34778694043005287
-0.12122422197599231,0.11580497712625508,-0.332811574630325
-0.11156270231767788,0.11194037201108373,-0.35374488185406144
-0.12041909532680316,0.11822035529978565,-0.37403408860355464
-0.11188475296831646,0.12643264095484621,-0.39883200968341587
-0.06293305774322003,0.12127983429369331,-0.42073147402749045
-0.0638992095511372,0.12015265782562122,-0.4408596594675217
-0.08145096789646007,0.17135867055245177,-0.4361899203344943
-0.08322224631439043,0.1821473577339324,-0.47692937089084503
-0.09980785378831947,0.20630113370002667,-0.46742886615492935
-0.13008061524901923,0.22868363114998103,-0.46807296816216054
-0.11848679137690624,0.20324165551085607,-0.44424119474362095
-0.08193404382766285,0.1911647676391431,-0.42797762064244027
-0.07339970248242277,0.19341912007612805,-0.4080104614716662
-0.09433299297493603,0.2050129323607492,-0.4173499389957512
-0.09062941071243544,0.18246940809202272,-0.43989350653794823
-0.08257814507038662,0.18391863469945757,-0.46130989714980997
-0.07871353763324523,0.16411253716869084,-0.4572842597091843
-0.07645918331619449,0.21258111515544903,-0.46420835613789424
-0.05584794457318537,0.26056661045074836,-0.43924940458649314
-0.08193404382766285,0.27119426951812725,-0.4216976269001581
-0.07452687962834664,0.3101623497718093,-0.38530587067815
-0.058263324045564675,0.3304515136611114,-0.3902976600074488
-0.0426438704424578,0.3127387516062405,-0.36131307787445055
-0.034109530132100406,0.30500954604124175,-0.32926901507970074
-0.035397732428690015,0.2634650629583623,-0.3421510499943416
-0.03555875771612392,0.2731265711291568,-0.34939719485820514
-0.04860180626408562,0.2480066492837781,-0.34279515175347686
-0.0630940830443395,0.2083944608653977,-0.3386084903419145
-0.05729717225445226,0.17667250159729433,-0.3365151596563574
-0.049728983323745944,0.11371164936126976,-0.3569653907773716
-0.057136146956213614,0.08247275648952386,-0.390619710934551
-0.013981369913313956,0.04398772452630039,-0.3899756090806656
0.01757958279100577,0.04269952254041841,-0.3980268823459268
0.02434264368453043,0.06105640035516083,-0.39528944941337324
0.027563148822263774,0.08617633672988653,-0.39512842394747
0.01725753226874242,0.11886445614301372,-0.37516126679343026
0.012587799659923694,0.12739879219467132,-0.378703826844193
0.006146789054482628,0.14994232030435298,-0.372584859508028
0.0006719299391155986,0.19712269904560212,-0.34005771928596756
0.011943698605145667,0.21483546744300377,-0.32669260815804785
0.018384709095262554,0.2315820839437489,-0.3394136175322573
-0.014142395190100687,0.22192057453004435,-0.31719210781099405
0.01613035543829785,0.23335336063824727,-0.3130054467292821
0.023054441620466194,0.2592784093279017,-0.3150987772633949
0.018545734355873637,0.25154920248289897,-0.2994793112955289
0.007273965919684413,0.23915026611596135,-0.3236331249651154
0.008401142780962186,0.2111318886765711,-0.3302351676805867
0.022893416362097734,0.19052066693997294,-0.3619571796715556
0.029334426634360204,0.20436883168918432,-0.3896535581542012
0.010011395433123375,0.192936044555241,-0.3928740674331967
-0.002226524924142924,0.1697484187034327,-0.38353459061197964
-0.027346468159054706,0.1467218163849227,-0.39512842394747
-0.017845976578292625,0.1280428930196177,-0.38707715075396876
-0.02815159457701271,0.08923581602690177,-0.39045868547096
-0.009150611646942164,0.09084606827686655,-0.41106994545864195
-0.038296187614746985,0.09374452230660406,-0.4239519836142084
-0.027990569293261002,0.07345534355309719,-0.46887809567299193
-0.027346468159054706,0.0265969972843079,-0.4692001466778821
-0.04715257862171332,0.005824738520847103,-0.4511652908948071
-0.0329823531267869,0.0016380815544363321,-0.4700052741915019
-0.0205834063272202,-0.01865110297263426,-0.46356425413831137
0.0008329552085359121,-0.011888041322372292,-0.4761242433600977
0.004375511115523263,-0.01430342046696748,-0.4621150246439107
-0.002870626008390308,-0.0009383227594916994,-0.39931508608686606
0.01564727965262026,0.016935481746158706,-0.3468207877769906
0.030461603418829752,0.020639062736529313,-0.32218389609430664
0.014842153341555826,0.0533271887706023,-0.30173366716204764
0.007434991185821484,0.08150660511549981,-0.274037296172285
-0.01961725464848618,0.09970245550839248,-0.2550362988359673
-0.028956720996971986,0.16475663792049217,-0.25873988297530526
0.003087308972012228,0.17490122459205434,-0.26759628000151897
-0.009472662195791768,0.17747762750555787,-0.24473067362708248
-0.045703350985823815,0.18681708789482981,-0.29513162502570617
-0.07887456294220607,0.1650786882959115,-0.28112241410766536
-0.10673194259648945,0.16411253716869084,-0.27001166105058627
-0.11478320883845955,0.13045827110173977,-0.3068864806299746
-0.09964682846895896,0.09181221962299799,-0.3112341670571052
-0.10222323358832594,0.08263378171824735,-0.32234492152407734
-0.09690939805206836,0.06572613226470214,-0.3150987772633949
-0.10898629712408624,0.018706759616404625,-0.3204126163720955
-0.10914732244808587,0.021122138514758387,-0.3126833958790772
-0.09030736008291351,-0.005447030358191439,-0.313810573856191
-0.11220680361927493,-0.008506510550203772,-0.32943004051298225
-0.09497709424229929,-0.007540358907498227,-0.3510074492943345
-0.08901915756802581,-0.006735232540778836,-0.345210533361602
-0.052305388046266804,-0.004480878724613859,-0.37966997959200877
-0.002226524924142924,-0.023159810817934307,-0.416544811612423
0.018223683834571378,-0.024448013070976715,-0.4426309398458574
0.039156967052805955,-0.012371117149850171,-0.4683950191662541
0.03545338627429983,-0.018007001857000833,-0.5007611467027971
0.08939684125225893,-0.03330440369933338,-0.504625759161014
0.08762556376892164,-0.019134178810199954,-0.5421447074935719
0.09406657275274954,-0.008828561098412832,-0.5369918902991522
0.09841425374433142,-0.0010993480297928424,-0.50639703988636
0.10260090945877172,-0.02589724061177356,-0.5142872905072335
0.08021840327897957,-0.05842434934436349,-0.4960914067103212
0.03996209330339531,-0.07420482901482549,-0.46984424868861857
0.030461603418829752,-0.08982428413923065,-0.4535806733077902
0.002282182629715284,-0.10447758808456921,-0.40044226436437363
-0.01623572379561387,-0.1255719059161602,-0.404467901101648
-0.0213885327283668,-0.12444472859274115,-0.39528944941337324
-0.030405948557941848,-0.1413523888554302,-0.3679151213552742
-0.03330440369933338,-0.13555547666605644,-0.33635413421956534
-0.05552589397822858,-0.1238006272668324,-0.32218389609430664
-0.038457212903621675,-0.13684367936585118,-0.2803172870617703
0.010333445962594607,-0.1345893246445686,-0.2803172870617703
0.012748824923417983,-0.13909803410280516,-0.2906229133999427
0.04076721955198192,-0.1297585645803074,-0.27419832157819085
0.06170050131220752,-0.11896986736330087,-0.2824106173852487
0.04060619430242482,-0.1260549819131107,-0.2793511346093306
0.008240117515305609,-0.10769809453496851,-0.2838598460786369
0.0106554964917455,-0.09980785378831947,-0.2948095741932192
-0.003353701822416613,-0.12814831124154594,-0.3076916077417205
0.0019601320922359626,-0.09433299297493603,-0.30914083654789104
-0.045703350985823815,-0.07919661356036774,-0.3083357094325538
-0.05037308450245541,-0.02251570969333443,-0.29448752336105144
-0.04860180626408562,0.012426774396349316,-0.317997234948277
-0.05359359041521014,0.0552594916840489,-0.33571003247319486
-0.03813516232595235,0.0766758482021011,-0.3381254140286661
-0.05568691927566696,0.06363280417565516,-0.34440540615689924
-0.07839148701556362,0.0377077397966982,-0.35406693274495665
-0.08966325882482967,0.013231900713420335,-0.363406408719708
-0.11365603155254703,0.008240117515305609,-0.3738730631481771
-0.14972570664523258,0.019833936437878983,-0.3845007433741492
-0.15407339096750797,-0.018007001857000833,-0.3514905256267288
-0.1648620893522906,-0.004641903996676611,-0.3228279978138682
-0.13040266591805091,-0.017684951299664478,-0.29980136213264524
-0.12025806999720523,-0.031050049698231958,-0.3023777688410691
-0.09320581576013005,-0.026219291177275672,-0.25841783217890335
-0.057780248149648356,-0.02283776025547426,-0.26099423855906184
-0.0400674657967708,-0.02171058328938584,-0.24489169901845573
-0.03330440369933338,-0.044093098064661086,-0.22669583029867768
-0.01623572379561387,-0.04602540157101679,-0.24779015607683075
-0.01027778856931695,-0.05198333745483126,-0.25036656237266364
0.006790890120792707,-0.03330440369933338,-0.25423117185474436
0.003087308972012228,-0.03523670714133616,-0.24843425764887234
0.012587799659923694,-0.00979471274496164,-0.24988348619063772
0.004214485847864659,-0.011888041322372292,-0.26147731475761726
-0.014464445743914334,-0.008989586372637465,-0.24505272440990883
-0.038457212903621675,0.02257136584512052,-0.19143127347148764
-0.035880808291231865,0.016452405961682463,-0.17710001631265987
-0.029761847418932525,-0.013820344636607291,-0.15648877117173146
-0.04280489573349357,-0.02460903835296726,-0.11285090492215165
-0.018490077693605812,-0.06647561438633309,-0.1020622082677656
0.02965647714460915,-0.08177301851718191,-0.10866424647632691
0.01613035543829785,-0.047474629208346934,-0.13169086859737614
0.03786876504769727,-0.01027778856931695,-0.13861495808642435
0.024825719457232925,0.02321546687875456,-0.1531072388908548
0.020961113255428786,0.028046224590160363,-0.1276652352414768
-0.0015824238411767187,0.04302157303736957,-0.12879241257609095
-0.015430597407276784,0.06669228368584858,-0.12814831124154594
-0.037652086460048674,0.04881848192769232,-0.16115850628423103
-0.05021205920765799,0.060090248917186916,-0.2046353536612112
-0.06357715894817806,0.05203898682189479,-0.21413585071542202
-0.07565405677819105,0.03013955290938182,-0.19143127347148764
-0.1051216893720896,0.03722466404322033,-0.17710001631265987
-0.113978082205265,0.04704720422222076,-0.17677796559726203
-0.11719858875003941,0.02546982048638156,-0.17565078809588713
-0.1233175512732405,0.05477641595676891,-0.23748453109794512
-0.15664979651931923,0.07764199959055122,-0.28530907477849116
-0.12138524730607003,0.09149016917460813,-0.29030086257192556
-0.12847036190865854,0.07764199959055122,-0.3268536335900527
-0.11961396867961328,0.08021840327897957,-0.3431172026335231
-0.1015791323065645,0.03722466404322033,-0.3378033631535661
-0.06808586741873286,0.06733638463167686,-0.3270146590221374
-0.028956720996971986,0.04897950717316358,-0.3262095318625119
0.004214485847864659,0.0552594916840489,-0.3273367098865461
0.05413231498594053,0.053810264500045606,-0.3347438798560327
0.08971889170273281,0.030300578164145837,-0.34182899911525266
0.0992193798474708,0.03561441152642041,-0.333455676370951
0.09406657275274954,0.03223288121506607,-0.32089569265901374
0.08295583217545388,0.02369854265313908,-0.2817665157458184
0.05928512271667181,0.004053460580125977,-0.25841783217890335
0.0338431337486882,-0.04022849108652594,-0.2365183787729464
0.01774060805201731,-0.05391564100824626,-0.22669583029867768
0.006951915387170024,-0.04715257862171332,-0.24167119120616443
0.008723193312035091,-0.06116177943618714,-0.2487563084353723
0.008401142780962186,-0.033787479558753455,-0.24038298809019273
0.007757041717855381,-0.007057283087226383,-0.2667911529891553
0.030300578164145837,-0.0426438704424578,-0.26985063564675627
0.005341662719793211,-0.028634670428748125,-0.26405372116204945
0.0027652584353336836,0.0019601320922359626,-0.2719439659027743
-0.005124979813345295,-0.007701384181082313,-0.27613062645528813
-0.0305669738428943,0.034487234759894125,-0.27838498215976487
-0.022676734974364315,0.011138572284871204,-0.27226601671259004
-0.038296187614746985,0.002282182629715284,-0.24328144510831692
-0.053271539822494135,0.0009939804778761492,-0.2619603909568913
-0.043610022189872984,-0.0407115669562716,-0.2394168357565683
-0.03942336463855066,-0.0426438704424578,-0.22556865262391945
-0.03475363127975485,-0.005124979813345295,-0.24328144510831692
-0.00802343472849069,-0.011565990771120697,-0.253265019479912
-0.01365931935998069,0.007273965919684413,-0.23700145493508631
-0.04393207277298501,-0.0030316512796523367,-0.2270178810636132
-0.061805880637624246,0.0059857637877049055,-0.2413491404266923
-0.05890742524124012,0.0009939804778761492,-0.2663080767826952
-0.02654134174309799,2.782886063358494e-05,-0.2745203723902421
-0.02477006363503786,-0.0213885327283668,-0.3028608451011732
-0.030083897988277087,-0.021227507447977367,-0.3067254552078648
-0.011727016046706461,-0.04393207277298501,-0.317353133238291
-0.008506510550203772,-0.0709843228972164,-0.3120392941796249
-0.005124979813345295,-0.036846960018476746,-0.29529265044206937
-0.027185442875703257,-0.03330440369933338,-0.3009285400650666
-0.04699155332851657,0.0003498794000347434,-0.274037296172285
-0.04377104748138898,-0.018812128251742766,-0.24698502911357556
-0.02847364514475627,-0.025736215329142588,-0.22444147495307532
-0.01832905241465743,-0.03700798530663104,-0.2308824902677611
-0.002870626008390308,-0.022193659131514828,-0.23442504874531309
-0.015108546852502387,0.010333445962594607,-0.2421542673759716
-0.004641903996676611,0.035131335769818355,-0.25873988297530526
0.0008329552085359121,0.049301557663865736,-0.27049473726255546
-0.005769080903357866,0.06218357702915119,-0.27919010920087006
-0.008989586372637465,0.09438862319857438,-0.31960748922882776
-0.017684951299664478,0.08198968080287251,-0.3047931501487727
-0.050051033912940614,0.09245632051881585,-0.31075109078455104
-0.03153312555429005,0.0863373619567666,-0.3395746429705652
-0.04344899689843702,0.06685330892242584,-0.33377772724174276
-0.03926233934919572,0.04656412848268242,-0.35390590729946914
-0.04119464282673762,0.04269952254041841,-0.33699823596721235
-0.05246641334210461,0.0692686874614688,-0.33007414224690623
-0.04038951637636112,0.09487169886671049,-0.3766104959004407
-0.04666950274236317,0.08021840327897957,-0.39271304196848944
-0.040550541666276335,0.1280428930196177,-0.3845007433741492
-0.036363884154494104,0.1272377669882343,-0.39094176186197216
-0.0479577050888976,0.12933109466566142,-0.36501666322523213
-0.07001817106817468,0.1370603044341481,-0.34971924574479285
-0.07726430985619814,0.1584766555356812,-0.33104029485018577
-0.05455974219527886,0.14028080844981916,-0.30656442978583487
-0.0400674657967708,0.1291700694601866,-0.3228279978138682
-0.061805880637624246,0.10388911120615872,-0.3213787689466501
-0.08451044880623818,0.09744810241791885,-0.3368372105301809
-0.10367246147696836,0.08859171512467154,-0.31767518409312445
-0.10689296791936934,0.04994565864430862,-0.2637316703603776
-0.1097914237448842,0.04736925471484573,-0.22750095721161562
-0.10431656276288909,0.014359077553956101,-0.24553580058474736
-0.11816474071970971,-0.0030316512796523367,-0.25084963855540826
-0.1265380579107809,0.0195118859178582,-0.2656639751751995
-0.1381318820707631,0.0009939804778761492,-0.253265019479912
-0.14875955458153028,-0.0019044743824996738,-0.26952858483933567
-0.14924263061302168,0.0106554964917455,-0.2656639751751995
-0.14247956623761926,0.02836827510169093,-0.27822395675178335
-0.12524985525192633,0.009367294373219903,-0.28498702395574255
-0.12299550061124574,0.06137845083384443,-0.30962391281805113
-0.16180260768433435,0.09068504305223075,-0.31461570098509495
-0.1742015598855881,0.11757625445527474,-0.3144546755591545
-0.16421798794611234,0.17763865268696988,-0.31976851465732165
-0.1339452232985092,0.24414204574950701,-0.32202287066461577
-0.11687653809412242,0.2636260880969113,-0.32588748099922027
-0.09111248665731825,0.26910094275979457,-0.3352269561642548
-0.0624499818403417,0.25992250988996746,-0.31751415866566784
-0.08032379072645376,0.2699060684376826,-0.3236331249651154
-0.11542731014645474,0.27071119411356287,-0.3202515909432823
-0.08853608162626286,0.2665245405770609,-0.3410238719189264
-0.09417196765829519,0.25283740363658036,-0.3645335868727374
-0.08483249943000014,0.23625181339010992,-0.3514905256267288
-0.05343256511881212,0.21225906482737128,-0.3502023220752727
-0.03459260599272117,0.22175954937070097,-0.36002487428406893
-0.029278771565516053,0.22610722864479701,-0.3247603029802129
-0.03394850484538691,0.24043846731910137,-0.3023777688410691
-0.0386182381925764,0.23383643609869736,-0.30318289594164166
-0.03958438992798563,0.23190413425256204,-0.28852958302353915
-0.03700798530663104,0.20597908336568885,-0.27017268645449616
-0.042482845151502066,0.19358014524959657,-0.279512160017871
-0.030083897988277087,0.1821473577339324,-0.2751644740153025
-0.027024417592431862,0.1757063505047305,-0.2721049913076422
-0.00979471274496164,0.15879870591735742,-0.2634096195590251
0.005341662719793211,0.17618942605137342,-0.27870703297596744
0.007918066983752206,0.17763865268696988,-0.3347438798560327
0.02595289625740201,0.16282433566123775,-0.36276230691973155
0.032715956975993804,0.1357721028188978,-0.39045868547096
0.045275926507055086,0.13061929630657307,-0.44150376142216446
0.0552594916840489,0.13110237192059182,-0.47419193729442954
0.06749740986793361,0.15734947919728764,-0.4621150246439107
0.054293340228767806,0.14462848882008933,-0.46630168764534213
0.02901237612379085,0.14768796756412042,-0.4535806733077902
0.0055026879868912545,0.1381874808432819,-0.42137557594228336
-0.012210091873944147,0.14398438802818297,-0.42362993265410187
0.011943698605145667,0.1291700694601866,-0.3830515142319714
0.021766239551275837,0.13464492640134357,-0.37129665587298294
0.018384709095262554,0.12933109466566142,-0.3624402560202219
0.04769130520715024,0.1399587580496956,-0.3353879816004884
0.0695907379319789,0.17135867055245177,-0.28337676984678906
0.07651482297041225,0.1911647676391431,-0.26147731475761726
0.08762556376892164,0.203885756184668,-0.25841783217890335
0.08150660511549981,0.2111318886765711,-0.26035013696210585
0.07200611645058715,0.19486834663445599,-0.28015626165283075
0.09760912763918801,0.20517395752843975,-0.2917500913005167
0.11725420403253821,0.17860480377375718,-0.2948095741932192
0.11274549808055272,0.16958739351808955,-0.27242704211761765
0.12321213680124764,0.18552888647787383,-0.2882075321975975
0.13158544753388887,0.17119764536791085,-0.3150987772633949
0.10340603555148983,0.1625022852835723,-0.3157428789689121
0.06186152655126887,0.16362946160399758,-0.30817468400972575
0.06105640035516083,0.16878226759017054,-0.302538794261024
0.04382669927834554,0.1323905735544468,-0.30801365858697755
0.02627494677101515,0.11210139722513787,-0.32073466722996113
0.012748824923417983,0.12305111159272579,-0.32170081980547327
-0.01671879962957686,0.113872674574442,-0.3381254140286661
-0.03781311174860319,0.1452725896107125,-0.35197360195984106
-0.02348186138071458,0.14446746362223303,-0.3495582203014591
-0.031211074983504603,0.14945924471848368,-0.3679151213552742
-0.029278771565516053,0.14350131243341108,-0.3611520524253737
0.004375511115523263,0.12852596863748547,-0.34182899911525266
-0.0305669738428943,0.11934753177459287,-0.31670903152958185
-0.029117746281203994,0.1024398842399876,-0.3078526331643091
-0.027990569293261002,0.08939684125225893,-0.2946485487770954
-0.019295204089548636,0.10566038860043846,-0.29497059960942273
0.009045243842787664,0.11338959893468477,-0.29319932003557336
0.0035703847764294557,0.12433931325865553,-0.2653419243719307
-0.020100330487492928,0.14044183364976062,-0.27242704211761765
-0.0023875501950846602,0.15493410131606644,-0.28337676984678906
-0.022998785536664255,0.14623874079424112,-0.2943264979450873
-0.006735232540778836,0.12594956533385113,-0.29239419295974367
0.012104723868960303,0.09422759797570206,-0.2861142018367597
0.01468112807910267,0.09100709350142216,-0.2993182858770905
0.0369026135405012,0.08907479080146444,-0.3236331249651154
0.04012311855327286,0.09744810241791885,-0.32572645556769414
0.03931799230308405,0.11516087627693353,-0.3316843965873012
0.044792850764872924,0.12949211987105602,-0.3262095318625119
-0.01349829408343415,0.14382336283000588,-0.3236331249651154
-0.03716901059486539,0.1581546051536841,-0.3237941503956043
-0.024125962507235785,0.13319569957299995,-0.3186413366595397
-0.031372100268857304,0.1414079848477254,-0.3028608451011732
-0.036363884154494104,0.13287364916581926,-0.2914280404713822
-0.030889024413039357,0.09728707719656952,-0.2759696010484243
-0.017201875464260396,0.10292295989609947,-0.2927162437898361
0.009367294373219903,0.0931004214133512,-0.30592032809851316
-0.0017434491117981593,0.10356706076979295,-0.33796438859107625
0.02740212356613804,0.11870343093232698,-0.34553258424404154
0.054615390714182,0.09068504305223075,-0.344727457038541
0.07635379773864326,0.0874645385426828,-0.3473038641031628
0.09905835462700324,0.07071791457623992,-0.34601566056829913
0.12160188471242085,0.022893416362097734,-0.3750002413374945
0.1199916326155759,0.011460622813221246,-0.366948968642389
0.12739879219467132,-0.012049066598118188,-0.3888484308394358
0.12836494343160976,-0.03314337841302011,-0.36485563777432073
0.13126339712510438,0.005663713253909218,-0.39303509289798366
0.14704386677830944,0.009528319638315897,-0.40076431530152185
0.13045827110173977,0.009206269108043825,-0.3931961183628504
0.13319569957299995,0.01709650700749061,-0.3762884449872135
0.11757625445527474,0.007918066983752206,-0.36276230691973155
0.12739879219467132,0.04286054778893405,-0.32331107410437715
0.12208496033991081,0.07265021738583745,-0.3141326247075132
0.11177934679694942,0.06427690512757353,-0.3001234129700809
0.11516087627693353,0.08134557988621531,-0.28724137972168834
0.13802645564221766,0.1042111616422038,-0.27242704211761765
0.14736591717137532,0.12643264095484621,-0.25084963855540826
0.1323905735544468,0.13400082558954832,-0.2444086228445755
0.13464492640134357,0.14575566520283773,-0.22830608412655043
0.1272377669882343,0.14285721163925907,-0.20447432828980786
0.1069485903356401,0.1562223028549637,-0.21671225674415948
0.08086250419788087,0.14784899276037264,-0.20946611484046326
0.06057332463653444,0.17216379647395288,-0.20044869403069104
0.0575138450684874,0.20404678135292037,-0.22830608412655043
0.021605214292266615,0.2096826621911921,-0.22331429728614532
0.007596016451878474,0.23576873793327247,-0.24151016581638846
0.002282182629715284,0.2083944608653977,-0.25117168934430395
-0.01430342046696748,0.1700704690738783,-0.22750095721161562
-0.0181680271357891,0.1584766555356812,-0.22556865262391945
0.0037314100444083755,0.1815032570167889,-0.2115594447071361
0.0011550057471363098,0.165883814233056,-0.19722818665935285
-0.019134178810199954,0.15928178148927016,-0.21413585071542202
-0.011727016046706461,0.1821473577339324,-0.22218711962312945
0.018706759616404625,0.18649503754107224,-0.20093177013914837
0.030461603418829752,0.14736591717137532,-0.20769483573305517
0.03013955290938182,0.15316282419170077,-0.2199327643088404
0.04237747204314678,0.1317464727381608,-0.22025481506706593
0.03368210849568646,0.11564395191404495,-0.22267019576394267
0.06475998084067092,0.1167711283978321,-0.22830608412655043
0.07281124261944967,0.1314244223295367,-0.2258907033877367
0.06057332463653444,0.1581546051536841,-0.2188055866575673
0.010494471227210096,0.1618581845272788,-0.25358707027120336
-0.014142395190100687,0.14317926203649547,-0.2764526772692554
-0.014464445743914334,0.12111880908420926,-0.308979811124664
-0.019134178810199954,0.07474354541654551,-0.3234720995347064
-0.030244923273069442,0.045114901259741144,-0.3313623457185839
-0.03169415083980284,0.07683687343370982,-0.36662691773873196
-0.016557774351509135,0.08504916013948191,-0.39384022022311455
-0.011243940220189364,0.07393841925249137,-0.3883653544515334
0.022410340586511777,0.055581542168501606,-0.39528944941337324
0.028690325612901087,0.030300578164145837,-0.41251917472567484
0.05590359265263381,0.039156967052805955,-0.43860530263631303
0.06057332463653444,0.04994565864430862,-0.393518169292823
0.06314972846087501,0.06669228368584858,-0.3687202486182052
0.09052401782751482,0.07860815097611618,-0.34182899911525266
0.11596600233838503,0.10582141381761925,-0.3218618452350046
0.08762556376892164,0.12208496033991081,-0.32749773531887016
0.06910766222609355,0.14656079118810908,-0.2893347100897902
0.058641021754817425,0.17103662018328974,-0.2677573054042312
0.0369026135405012,0.18375760952117462,-0.30608135352022386
0.030461603418829752,0.15074744627919773,-0.2994793112955289
0.016452405961682463,0.12466136367433613,-0.302538794261024
0.036097487282301506,0.11129627115406543,-0.26807935620989526
0.05880204699540121,0.1199916326155759,-0.28498702395574255
0.07409944448546248,0.15412897535164885,-0.27757985512065547
0.05896307223590487,0.1600869074408538,-0.279512160017871
0.07893020143733001,0.12031368303558634,-0.30221674342119403
0.07635379773864326,0.08698146286348533,-0.3062423789420144
0.06894663699063816,0.08504916013948191,-0.2940044471133985
0.03980106805343766,0.11049114508098867,-0.28691932889702393
0.04028414380307029,0.11516087627693353,-0.279512160017871
0.04495387601234709,0.11838138051071294,-0.2816054903361604
0.048174380945006125,0.13722132963569353,-0.2750034486089176
0.0575138450684874,0.14945924471848368,-0.28466497313331324
0.0816676303447042,0.12240701075783653,-0.3133274975798062
0.10582141381761925,0.11693215360948099,-0.3215397943760218
0.10099065726732313,0.11081319551045987,-0.32073466722996113
0.11194037201108373,0.11950855698495891,-0.333455676370951
0.11290652329420599,0.11338959893468477,-0.333616701806307
0.14124695964826509,0.12256803596667913,-0.38546689613918933
0.15509512650870932,0.10485526251333199,-0.39158586371777127
0.1526797486106439,0.08939684125225893,-0.4023745699920468
0.16314638603858234,0.08215070603183643,-0.3862720234455823
0.15364589977203574,0.0644379303653528,-0.3761274195307195
0.11693215360948099,0.07265021738583745,-0.41171404735430384
0.08907479080146444,0.11129627115406543,-0.42846069708917567
0.09245632051881585,0.10211783380217887,-0.42846069708917567
0.07168406598248117,0.11322857372127201,-0.45647913222703485
0.056064617894579734,0.10485526251333199,-0.4692001466778821
0.07812507528369435,0.1708755949985884,-0.45551297925108486
0.06057332463653444,0.21757289519959952,-0.48288731468026963
0.08859171512467154,0.22159852421127732,-0.5036596060421594
0.09664297631037062,0.2143523919541378,-0.5125160097389662
0.11757625445527474,0.22787850536931858,-0.5105837034572996
0.1365772288290307,0.2335143857918109,-0.5228216434348386
0.1180593300887782,0.23866719066345915,-0.5311949710528695
0.14044183364976062,0.2567020070667905,-0.5506790611511327
0.1463997659912152,0.24832869957621312,-0.5339324051285349
0.14865411874043075,0.2660414651655096,-0.5250760008492843
0.160892033390432,0.24543024693273596,-0.5104226779343451
0.11661010318610304,0.1853678613003933,-0.5086513971871
0.11822035529978565,0.18037608075869888,-0.501727299813051
0.12933109466566142,0.12353418721805082,-0.4894893606283506
0.13078032151132618,0.10759269120131686,-0.46340322863861483
0.13786543044107324,0.08440505922891596,-0.43457966547657695
0.11854240572156005,0.03287698222947617,-0.4154176332791116
0.09503272408926221,0.03142775494525111,-0.40640020675323824
0.08537121059428399,0.03336005798944266,-0.4006032898329078
0.06604818273873815,0.05348821401383019,-0.3704915286036717
0.044792850764872924,0.07248919215214507,-0.37371203769287936
0.0692686874614688,0.06186152655126887,-0.39110278732580234
0.051394885845618125,0.11097422072507523,-0.38659407436869764
0.05397128974303313,0.15879870591735742,-0.36904229952393586
0.05509846644170236,0.18085915629836172,-0.3679151213552742
0.057835895550696605,0.23061593301538288,-0.37677152135717396
0.06749740986793361,0.2409215427689542,-0.3833735651518972
0.08810863944715729,0.24720152355128544,-0.3949673984816465
0.08247275648952386,0.2422097439650291,-0.3780597250139107
0.1272377669882343,0.22964978208412692,-0.38079715780142226
0.1357721028188978,0.23544668762831275,-0.3585756452509914
0.14768796756412042,0.23979436671817364,-0.3679151213552742
0.1625022852835723,0.2014703786512524,-0.4160617351833827
0.15332384938522597,0.19551244732495984,-0.4134853275739507
0.15316282419170077,0.18858836483475935,-0.4397324810499649
0.17151969573691242,0.15670537843072666,-0.48401449324729257
0.19486834663445599,0.19486834663445599,-0.503981657081459
0.22449697706862154,0.20919958669462116,-0.507041141970693
0.22336980096052253,0.2433369200073796,-0.5213724136766498
0.21596264358088182,0.24108256791874455,-0.4975406363559909
0.22659030411608436,0.25493073050035214,-0.4877180799949913
0.2520322779161317,0.25621893164054366,-0.4558350302427495
0.22771748021294522,0.26716864112467176,-0.4112309709324378
0.22175954937070097,0.3333499655411527,-0.41316327662420654
0.20549600786358016,0.3687754864152009,-0.433613512565652
0.18230838291301768,0.3702247121863003,-0.4208924995060691
0.16813816684639127,0.3736062389602064,-0.3907807363982217
0.14076388404940302,0.3842338943045019,-0.34971924574479285
0.13689927923252249,0.3745723894605243,-0.3286249133473726
0.13722132963569353,0.3760216152055739,-0.2767747280835419
0.126754691368442,0.3700636871009441,-0.25584142581918656
0.09825322852346305,0.3484863249360797,-0.28192754115555624
0.06781946034020668,0.3608852571027519,-0.2785460075678262
0.08939684125225893,0.3475201743576225,-0.2648588481676264
0.11435575021347763,0.3365704675995483,-0.24956143540301975
0.12852596863748547,0.3370535429055349,-0.2468240037211641
0.11161832158273494,0.3154761785327859,-0.2822495919752714
0.08569326104876546,0.30597569674698993,-0.2912670150569346
0.12176290992166434,0.3280361370745203,-0.26099423855906184
0.11628805276240438,0.3410791704272939,-0.26952858483933567
0.15670537843072666,0.3605632069226335,-0.2568075782016848
0.19325809490257928,0.3745723894605243,-0.23845068342581907
0.21837802100594844,0.37859801651402597,-0.25165476552824645
0.21467444228012872,0.33496021657436886,-0.25841783217890335
0.18713913824826642,0.32610383579222885,-0.27017268645449616
0.20404678135292037,0.3520288770323327,-0.25584142581918656
0.21596264358088182,0.3687754864152009,-0.2616383401572954
0.18327453398584445,0.35959705638034917,-0.24263734354649757
0.14688284158165618,0.3797251920800011,-0.24859528304208242
0.1496202699138537,0.3555714290896805,-0.2568075782016848
0.1586376807265594,0.33898584412224814,-0.2753254994217671
0.1481710431526365,0.31209465114956103,-0.2880465067847464
0.16266331047244512,0.29293266197536205,-0.3133274975798062
0.15171359744636453,0.2480066492837781,-0.3286249133473726
0.1452725896107125,0.21950519713146568,-0.31703108238377686
0.10147373292559943,0.23657386369426683,-0.3297520913797847
0.07893020143733001,0.2665245405770609,-0.33329465093567484
0.07522662111401633,0.2641091635120765,-0.31719210781099405
0.07361636878630873,0.2818219282356672,-0.33007414224690623
0.06685330892242584,0.31595925387035406,-0.344727457038541
0.04189439629663849,0.3141879776290689,-0.3550330854195567
0.05107283535699907,0.3347991914714089,-0.35551616175793366
0.09245632051881585,0.34091814532738796,-0.3692033249769209
0.10018553116859269,0.35267297740928977,-0.39593355127778346
0.097770152860377,0.36281755817670913,-0.4060781558105093
0.11773727966652274,0.35041862608431334,-0.3912638127897123
0.11338959893468477,0.35621552945956375,-0.3675930704506601
0.13899260684740017,0.3623344829093051,-0.37000845224304196
0.16620586460735226,0.3570206549201091,-0.3558382126505837
0.192936044555241,0.372479063372844,-0.34537155880278186
0.20565703303102997,0.3536391279723138,-0.3411848973580321
0.1927750193814515,0.35541040399700874,-0.3440833552755765
0.1961565480141797,0.3547663036255178,-0.363406408719708
0.20018217729271423,0.348647350032208,-0.4023745699920468
0.20372473101633543,0.3140269525157427,-0.40688328316792954
0.20066525280276792,0.31128952557690387,-0.3830515142319714
0.2077503602005743,0.30017879246911705,-0.41300225114945405
0.2083944608653977,0.28584755644640236,-0.4208924995060691
0.2141913667910219,0.3032382697398582,-0.40994276714430267
0.2111318886765711,0.2945429132102549,-0.39367919475792895
0.19937705144101975,0.24881177501426346,-0.37000845224304196
0.20163140382070852,0.23898924096520754,-0.38289048877212817
0.18552888647787383,0.20936061186022506,-0.3790258777598126
0.18085915629836172,0.20919958669462116,-0.375644343161716
0.14656079118810908,0.2359297630856319,-0.3550330854195567
0.16395151198053998,0.23528566247571248,-0.3373202868415145
0.17554532532235573,0.24913382530589562,-0.3262095318625119
0.16540073867100996,0.22369185127752358,-0.33007414224690623
0.15123052186314206,0.24832869957621312,-0.3281418370489642
0.14076388404940302,0.2405994924691326,-0.3260485064308262
0.14784899276037264,0.2748978475957742,-0.32991311681330554
0.12498341408969597,0.2702281187082757,-0.3502023220752727
0.10260090945877172,0.2380230900589989,-0.3630843578195603
0.14784899276037264,0.2405994924691326,-0.3384474649040852
0.14656079118810908,0.2178949455223799,-0.3010895654843031
0.12933109466566142,0.2145134171171734,-0.313810573856191
0.1357721028188978,0.17860480377375718,-0.30962391281805113
0.09615990064487977,0.16411253716869084,-0.3018946925816833
0.10952499379065087,0.1708755949985884,-0.31429365013329397
0.1054993633831775,0.13400082558954832,-0.34166797367582785
0.07587072204285542,0.14350131243341108,-0.35438898363617094
0.09680400153204059,0.1633074112271343,-0.3659828159323749
0.08617633672988653,0.15638332804696486,-0.37677152135717396
0.039156967052805955,0.1815032570167889,-0.39384022022311455
0.02595289625740201,0.18585093683259427,-0.4200873721139728
-0.007057283087226383,0.17151969573691242,-0.40221354452263547
-0.044254123356417194,0.17715557714249314,-0.4189601937683858
-0.03974541521750065,0.18375760952117462,-0.4255622384195233
-0.03201620141106857,0.2140303416278258,-0.46066579515596356
-0.01494752157523528,0.2377010397562871,-0.4754801413369337
-0.01704085018595249,0.2259462034875407,-0.4787006514654991
-0.01430342046696748,0.2578291830585561,-0.4853026973286696
-0.012532142425836262,0.23093798332515933,-0.4873960289717796
0.016774456484746715,0.21628469390526747,-0.47145450372103637
0.02836827510169093,0.2497779258881963,-0.43280838514207287
0.03078365392795728,0.23705693914990006,-0.40688328316792954
0.02691904779728025,0.2248190273844988,-0.3880433035266638
0.02965647714460915,0.23061593301538288,-0.3778986995565395
0.05976819843722126,0.21193701449897254,-0.36066897607862164
0.0816676303447042,0.20275858000465444,-0.335065930728101
0.11242344765300563,0.2003432024628124,-0.3366761850932293
0.10485526251333199,0.20919958669462116,-0.33265054919536796
0.10340603555148983,0.24655742296384606,-0.3215397943760218
0.10533833816583639,0.2596004596090951,-0.3094628873945846
0.11129627115406543,0.24607434752242346,-0.3411848973580321
0.09857527896511963,0.232226184561054,-0.33635413421956534
0.13206852314646422,0.23866719066345915,-0.3550330854195567
0.14189106044562508,0.23142105878922192,-0.377737674099248
0.15718845400576772,0.22981080723953695,-0.3614741033236072
0.18166428219619513,0.2418876936664921,-0.33007414224690623
0.22079339841295514,0.28568653131893684,-0.29851315878609547
0.24784562413744016,0.2497779258881963,-0.2901398371580368
0.22256467516661513,0.2480066492837781,-0.2656639751751995
0.1996991017819383,0.2676517165345366,-0.25197681631794067
0.18923246553778106,0.27844040049985436,-0.25519732423245145
0.18375760952117462,0.3008228929495779,-0.2617993655570534
0.16813816684639127,0.30517057115906726,-0.2682403816128471
0.14398438802818297,0.3277140868616087,-0.28530907477849116
0.10034655638849911,0.3162813040949977,-0.2808003632890679
0.10533833816583639,0.3835897939905757,-0.29561470127503525
0.11403369978753405,0.400980502014971,-0.308979811124664
0.13029724589682629,0.39276822334256034,-0.29448752336105144
0.13722132963569353,0.39148002274751675,-0.32846388791449
0.14623874079424112,0.3882595212373914,-0.32781978618375757
0.1526797486106439,0.3782759663515951,-0.31703108238377686
0.14945924471848368,0.34317249671875655,-0.313810573856191
0.17071456981380684,0.34590992338709675,-0.2927162437898361
0.15348487457867097,0.3454268480943717,-0.32669260815804785
0.14156901004710548,0.3710298376118749,-0.35374488185406144
0.13464492640134357,0.3442996724085333,-0.3160649298221495
0.11950855698495891,0.3420453210250414,-0.34988027118820636
0.10598243903471989,0.3376976433123919,-0.37242383405336826
0.07023483887203745,0.30823004838248774,-0.38772125260211315
0.0633107536992152,0.30500954604124175,-0.4233078816943142
0.05107283535699907,0.30871312373090276,-0.44552939866756935
0.008079092249568948,0.2811778277172909,-0.45986066766544814
-0.005447030358191439,0.2592784093279017,-0.46130989714980997
0.014359077553956101,0.2740927219303346,-0.46533553464023153
-0.00351472709391886,0.29132241073243614,-0.4543858007827686
-0.032177226696821506,0.32481563493093907,-0.4308760793336122
-0.03249927726856752,0.30710287256670726,-0.3944843220846544
-0.050051033912940614,0.3141879776290689,-0.36517768867622313
-0.053271539822494135,0.3148320780815702,-0.33200644745633767
-0.03700798530663104,0.3236884591730917,-0.34440540615689924
-0.047796679795300674,0.33592636719044094,-0.3445664315976802
-0.02187160857001545,0.36539395959064425,-0.3302351676805867
-0.02605826589448459,0.37714879078055447,-0.30414904846496255
-0.03233825198265449,0.35991910656143217,-0.30801365858697755
-0.02654134174309799,0.3647498592390899,-0.32781978618375757
0.007596016451878474,0.35991910656143217,-0.3373202868415145
0.021927264810204964,0.3763436653702561,-0.34649873689327465
0.0684635612837912,0.3426894214219323,-0.33377772724174276
0.07426046971835344,0.35524937890425656,-0.3321674728909756
0.06717535939534,0.3576647552870984,-0.3436002789541908
0.046725153729275305,0.3587919309262348,-0.33200644745633767
0.05574256741060777,0.41482865773386934,-0.3344218289842836
0.0692686874614688,0.4492880193823893,-0.3084967348554617
0.0816676303447042,0.4837473773458305,-0.30511520099115663
0.08778658899508034,0.49501912915061824,-0.29319932003557336
0.09229529529498162,0.5066129305954185,-0.2977080316970958
0.08971889170273281,0.5325379573158523,-0.30543725183385984
0.054293340228767806,0.5694126811662801,-0.2816054903361604
0.020639062736529313,0.5478353323516881,-0.2743593469841765
-0.016879824907724644,0.5246477320132164,-0.27564755023493603
-0.05037308450245541,0.5136980312728752,-0.27129986428410086
-0.086603777866411,0.5099944559381957,-0.2634096195590251
-0.09030736008291351,0.5101554809536327,-0.22846710950977706
-0.13072471658740245,0.5235205569541979,-0.21397482533930498
-0.16405696259476762,0.5148252063662793,-0.20994919096234324
-0.17404053452928786,0.492764778821218,-0.20849996259886044
-0.1811256502821058,0.4571782465311327,-0.2313655664215145
-0.1614805569841228,0.4555679961083055,-0.22234814500332065
-0.12702113390917077,0.4513813449712941,-0.25809578138282085
-0.0853155753662431,0.4507372447915411,-0.3139715992818122
-0.09401094234173435,0.45122031992647654,-0.3075305823192117
-0.0927227398121274,0.45766132165641166,-0.29980136213264524
-0.07758636047275967,0.46120387255299283,-0.31622595524888786
-0.0843494234944772,0.49679040439836303,-0.36936435042998556
-0.07420482901482549,0.4985616796363663,-0.40317969734029885
-0.07017919637281493,0.5021042300831474,-0.4150955823274543
-0.0630940830443395,0.49421400403478666,-0.3977048314114892
-0.050856160387327834,0.47569612581520176,-0.3801530559669932
-0.036363884154494104,0.4695771745173431,-0.363406408719708
-0.060034602336753055,0.480204826697146,-0.3827294633123647
-0.05584794457318537,0.4887391531937571,-0.3999591879592491
-0.04892385685215984,0.46877204933792,-0.40929866525214836
-0.02460903835296726,0.4739248504514583,-0.40044226436437363
-0.015591622684784078,0.4594325971095711,-0.41944327020173056
-0.0073793336339942105,0.44027061669010975,-0.36952537588313006
0.007434991185821484,0.44300804253408227,-0.34746488954537974
-0.00802343472849069,0.44300804253408227,-0.3231500486741277
-0.03153312555429005,0.46426334829596705,-0.31670903152958185
-0.012532142425836262,0.469899224588549,-0.29497059960942273
-0.009311636921326933,0.47939970154428424,-0.2637316703603776
-0.020100330487492928,0.5270631071263967,-0.2147799522206891
-0.0181680271357891,0.5550814571149278,-0.17871026989444427
-0.04731360391499011,0.5539542821624713,-0.19143127347148764
-0.03620285886665998,0.5851931293834166,-0.1833800053268132
2.782886063358494e-05,0.5671583313578034,-0.16373491189231795
0.011621648077276139,0.5644209065691371,-0.17452361059842844
0.016613431223254635,0.5975920524396554,-0.17871026989444427
0.028851350868386017,0.5650650065215064,-0.2159071298579821
0.03480928526501645,0.5531491571940141,-0.2379676072615227
0.03416518425445137,0.5038755052919248,-0.27629165186223187
0.054615390714182,0.471187424870153,-0.28047831247078964
0.029173401379115577,0.4876119780090518,-0.2894957355032799
0.0265969972843079,0.48084892681798647,-0.2764526772692554
0.01774060805201731,0.4684499992655873,-0.2634096195590251
-0.018812128251742766,0.4692551244458153,-0.255680400422383
0.0024432078983348286,0.45669517140512955,-0.2753254994217671
0.005663713253909218,0.44912699433652564,-0.28885163384980006
0.011460622813221246,0.4362449904067326,-0.2808003632890679
0.01709650700749061,0.3842338943045019,-0.27822395675178335
0.02530879522921455,0.39131899767277445,-0.2679183308070233
0.03142775494525111,0.41611685823561684,-0.2513327147388716
0.046242077989256274,0.39228514812002213,-0.2300773633464362
0.05670871886156217,0.39470052422547547,-0.22492455109724355
0.07957430235879596,0.4143455825443868,-0.23635735338572617
0.08134557988621531,0.4203035098307421,-0.24102708964753966
0.08810863944715729,0.4236850360794146,-0.23539120106408196
0.12884801904899643,0.4249732365457678,-0.2134917492114332
0.1254664897121344,0.43077013858064284,-0.21767840901020857
0.12176290992166434,0.4359229403018901,-0.2281450587434037
0.13915363204798323,0.409353805544011,-0.18128667564192258
0.14398438802818297,0.39937025131137704,-0.1882107661896443
0.1467218163849227,0.3824626184381091,-0.19078717201256185
0.12562751491945348,0.3608852571027519,-0.19948254181593372
0.11966958219524475,0.3521899021266925,-0.20479637903269446
0.12530546450473512,0.3633006334433896,-0.20479637903269446
0.14607771559718688,0.3719959881199112,-0.16196363303456
0.13383980038639903,0.3713518877815419,-0.1648620893522906
0.13722132963569353,0.34526582299663594,-0.1795153966883335
0.1452725896107125,0.36378370870934656,-0.13571650200325092
0.14784899276037264,0.3454268480943717,-0.14425084498897434
0.14656079118810908,0.3536391279723138,-0.14264059157825176
0.1381874808432819,0.3747334145436292,-0.13169086859737614
0.1481710431526365,0.3850390196951004,-0.15987030348786127
0.15879870591735742,0.38310671875428676,-0.16985387529353438
0.13496697680676,0.39566667466259037,-0.17049797671090278
0.13319569957299995,0.38970874692092844,-0.18241385316287773
0.14382336283000588,0.4194983845282104,-0.1933635778559362
0.1385095312451698,0.4267445121785968,-0.25036656237266364
0.18633401236407313,0.4507372447915411,-0.30608135352022386
0.2140303416278258,0.4483218691060004,-0.2965808537758486
0.22369185127752358,0.4339906396660768,-0.28369882066794117
0.21209803966321206,0.4417198421398153,-0.29352137086646396
0.18987656623951893,0.43688909061545217,-0.26035013696210585
0.1961565480141797,0.4029128028486676,-0.2537480956669688
0.16411253716869084,0.4032348529864911,-0.2225091703835917
0.16427356235676152,0.3832677438331301,-0.21172047008205483
0.14801001795654467,0.409836880740974,-0.232814794887088
0.1502643706945315,0.4513813449712941,-0.21896661203608095
0.1586376807265594,0.466839748899095,-0.20624560737963904
0.19486834663445599,0.47650125097732005,-0.2199327643088404
0.20324165551085607,0.4858407027108311,-0.2118814954570534
0.17860480377375718,0.4695771745173431,-0.21542405372723436
0.20662318403404348,0.45605107123599864,-0.2271789064462008
0.2615327612895106,0.4383383160803644,-0.20125382087851945
0.29357676247028314,0.4203035098307421,-0.21429687609161896
0.3573427051037645,0.4206255599511917,-0.2043133029184844
0.35911398110812176,0.4489659692905815,-0.22798403336033685
0.344621722604889,0.47666227600950223,-0.26018911156306646
0.3433335218175372,0.47215357507797573,-0.22299224652488425
0.3288412626053931,0.47344177535056525,-0.2046353536612112
0.30146699342875344,0.46023772231233356,-0.2014148462483248
0.32062898209622903,0.44300804253408227,-0.16631131752086767
0.3154761785327859,0.39309027349051706,-0.19143127347148764
0.2716773449219689,0.36313960835457654,-0.17581181345298663
0.24607434752242346,0.3670042104639026,-0.17565078809588713
0.23142105878922192,0.4008194769449735,-0.18724461401132433
0.24237076911417718,0.3723180382886135,-0.16792157104910227
0.21499649260579856,0.3972769253846816,-0.1439287943061902
0.19647859835830817,0.45089826983660003,-0.133140096617734
0.19599552284199512,0.43527884009123957,-0.1073760438884889
0.17312994757710676,0.4365670405112532,-0.11188475296831646
0.19744474938876763,0.4457454683548014,-0.10431656276288909
0.23109900847992712,0.4356008901967257,-0.08241711975958567
0.24043846731910137,0.4362449904067326,-0.08966325882482967
0.24704049840454603,0.44381316777788415,-0.10335041083448793
0.2628209624033633,0.4594325971095711,-0.12058012065648104
0.2596004596090951,0.462170022790755,-0.13909803410280516
0.27264349572748364,0.46893307437396553,-0.162607734436262
0.28552550619139105,0.4755351007825366,-0.17871026989444427
0.29148343585709025,0.46329719806448233,-0.2038302268049934
0.2811778277172909,0.45154237001603115,-0.21413585071542202
0.2771521994483229,0.42738861240630305,-0.23732350571024566
0.2510661270489436,0.4016246022941567,-0.24199324198595604
0.2586343087645511,0.39969230145273926,-0.22218711962312945
0.23126003363461467,0.40774355488223973,-0.24038298809019273
0.2140303416278258,0.4138625073541803,-0.24762913068401998
0.2077503602005743,0.394861549298529,-0.24199324198595604
0.1853678613003933,0.39470052422547547,-0.25358707027120336
0.1818253073755211,0.4312532137455095,-0.2645367973651561
0.14881514393620174,0.4338296146125694,-0.2911059896425669
0.16073100820067682,0.4684499992655873,-0.32588748099922027
0.16604483942024423,0.491959653699751,-0.3463377114515364
0.13094134671599908,0.4932478538931321,-0.34601566056829913
0.11242344765300563,0.5378517824106989,-0.3503633475189255
0.11177934679694942,0.5523440322235431,-0.36984742678965826
0.10614346425174033,0.562649631693475,-0.34859206764313183
0.11516087627693353,0.5536322321753301,-0.3585756452509914
0.11564395191404495,0.538656907417418,-0.3559992380970284
0.1381874808432819,0.5682855062640157,-0.3469818132189682
0.1538069249653203,0.5964648776361062,-0.35181257651539055
0.16475663792049217,0.5618445067467697,-0.32943004051298225
0.1879442641304538,0.575531630566825,-0.3281418370489642
0.21225906482737128,0.585837229294208,-0.31236134502919144
0.1992160262704401,0.5922782283312054,-0.2901398371580368
0.20549600786358016,0.6099909750180372,-0.2617993655570534
0.19760577456022999,0.6019397266449225,-0.25954500996770746
0.15670537843072666,0.5682855062640157,-0.24666297832883247
0.16395151198053998,0.5362415323912199,-0.24811220686269184
0.17747762750555787,0.5273851571401182,-0.26276551795727826
0.1554171768937545,0.5075790806969781,-0.28788548137197517
0.18665606271799112,0.5165964815050852,-0.3215397943760218
0.18585093683259427,0.4916376036506007,-0.34231207543400577
0.1692653431471626,0.4718315250090234,-0.34939719485820514
0.2145134171171734,0.4376942158745413,-0.3630843578195603
0.22964978208412692,0.4346347398793018,-0.3949673984816465
0.19824987524527704,0.45975464719091746,-0.388687405376722
0.20565703303102997,0.3992092262405753,-0.3630843578195603
0.20678420920093152,0.3856831200061318,-0.37065255405737446
0.209038561528937,0.3893866967695942,-0.35712641622437463
0.20211447932859544,0.39566667466259037,-0.3231500486741277
0.20871651119732784,0.42126966019112566,-0.31783620952066083
0.244464096045796,0.4475167438734635,-0.28369882066794117
0.28826293334874625,0.42803271263272213,-0.27274909292791244
0.28005065180704,0.4636192481419658,-0.26807935620989526
0.2921275363549032,0.5072570306634469,-0.2764526772692554
0.2658804400281652,0.5194949317112048,-0.24746810529128907
0.29293266197536205,0.546225082382149,-0.27790190593605973
0.31805258032479267,0.5302836072491164,-0.2785460075678262
0.2969582900475317,0.5454199573943587,-0.28691932889702393
0.30017879246911705,0.554115307155921,-0.3006064892268328
0.3054926213944774,0.5415553574249339,-0.29867418420413483
0.2742537470635832,0.5510558322666004,-0.302538794261024
0.2747368224628469,0.561683481757187,-0.2816054903361604
0.2861696067010925,0.5634547566381664,-0.3007675146459098
0.2740927219303346,0.620779647522067,-0.3289469642133771
0.2560579064983008,0.6098299500525497,-0.3529397546282193
0.25315945392419775,0.6141776240924178,-0.34827001675766095
0.2560579064983008,0.611279174739035,-0.3729069104175868
0.27119426951812725,0.5839049295579656,-0.35181257651539055
0.2932547122229832,0.5882526039481925,-0.3463377114515364
0.33012946345061067,0.600007427005391,-0.3413459227972176
0.3760216152055739,0.6033889513669545,-0.3303961931143469
0.4000143515937797,0.6159488986844054,-0.29980136213264524
0.40307382791761953,0.6241611716652602,-0.31880236208755486
0.42771066251967343,0.6352718935997063,-0.3297520913797847
0.41837120910128744,0.6143386490557288,-0.29851315878609547
0.4164389083602493,0.5735993307686964,-0.25197681631794067
0.4182101840399767,0.5587850319309203,-0.21413585071542202
0.40822663008161564,0.5343092323572134,-0.195778958352678
0.4061333042124253,0.45750029661473246,-0.21381379996326783
0.4265834871214691,0.460076697271942,-0.1941687046861858
0.45814439678096625,0.4555679961083055,-0.22846710950977706
0.42899886296993717,0.4209476100713196,-0.2564855274071993
0.43238038912738247,0.43221936407307054,-0.2514937401335191
0.43431268977285026,0.45315262045897625,-0.2754865248283117
0.42883783791393576,0.46587359867533645,-0.2729101183331796
0.4128963569715956,0.4821371270558037,-0.2745203723902421
0.41450660760762803,0.49791757955094684,-0.292877269205002
0.40645535434703156,0.5554035071006189,-0.3001234129700809
0.38020826732135576,0.5726331808652808,-0.3115562179058737
0.3412401955271194,0.5866423541808842,-0.35712641622437463
0.29889059150433905,0.5900238786829236,-0.33554900703680174
0.28697473233641196,0.5942105280171601,-0.34247310087374966
0.2887460087270462,0.5782690552609783,-0.3524566782936712
0.30710287256670726,0.5454199573943587,-0.3281418370489642
0.3283581872871105,0.538656907417418,-0.33603208334622053
0.34188429592561775,0.494375029058114,-0.33104029485018577
0.36861446132912123,0.45621209627840215,-0.2816054903361604
0.393573348711849,0.45427979576424976,-0.2750034486089176
0.3895477218453015,0.4396265164881486,-0.24972246079678884
0.4206255599511917,0.4256173367770137,-0.2608332131597031
0.43978754153875954,0.3975989755281348,-0.26099423855906184
0.4679669241564847,0.4061333042124253,-0.2339419725870069
0.4520254451497597,0.43817729102902936,-0.24617990215231686
0.4554069710655802,0.4549238959369215,-0.26002808616410694
0.43254141418161396,0.45395774567743113,-0.24424759745344185
0.4304480884703295,0.470221274659433,-0.25165476552824645
0.4185322341625178,0.49485810412761294,-0.25922295917050703
0.40242972764132917,0.5157913564431994,-0.3125223704540944
0.38890362154198976,0.5459030323872744,-0.32170081980547327
0.3869713206243348,0.5459030323872744,-0.35084642385036263
0.38117441780189415,0.5542763321492903,-0.37580536861797076
0.35380015306586987,0.5560476070710345,-0.35728744167145743
0.3447827477029463,0.5516999322457162,-0.362923332369606
0.3346381663683686,0.5336651323433005,-0.3883653544515334
0.3207900072062608,0.5153082814051018,-0.3893315072280559
0.33496021657436886,0.5116047060889424,-0.3748392158816385
0.3232053838470945,0.5021042300831474,-0.3928740674331967
0.32626486089952844,0.501299104985028,-0.3489141185289219
0.3494524755116434,0.5066129305954185,-0.34988027118820636
0.3750554647095978,0.4834253272884691,-0.3732289613274646
0.3934123236381521,0.4420418922388648,-0.36276230691973155
0.40468407860271555,0.43849934113161904,-0.34988027118820636
0.40709945461527913,0.4359229403018901,-0.35374488185406144
0.4362449904067326,0.4154727579853866,-0.33393875267725825
0.4191763344066346,0.4256173367770137,-0.32508235384238754
0.42610041194960346,0.4233629859620218,-0.31783620952066083
0.4133794321632499,0.44590649340235483,-0.3076916077417205
0.3967938501688986,0.46072079743302535,-0.32926901507970074
0.410642006067637,0.48664582784759347,-0.3469818132189682
0.4016246022941567,0.472475625146606,-0.3683981977127936
0.36426678397458,0.46313617302561977,-0.36984742678965826
0.3373755931091242,0.490993503551334,-0.40092534077021563
0.32288333362936134,0.4914765786259047,-0.42733351871457564
0.29083933535799195,0.539139982420483,-0.46614066214429123
0.26137173614991766,0.5376907574091134,-0.4999560191131091
0.24124359306845464,0.5592681069037775,-0.5160585712851357
0.23190413425256204,0.5819726298101189,-0.512354984215056
0.22385287643590374,0.5603952818376243,-0.49528627913218115
0.22256467516661513,0.5415553574249339,-0.47209860573623413
0.20758933503416782,0.5341482073538559,-0.4669457896503425
0.21966622229193283,0.5488014823295451,-0.44971606145562293
0.2368959139981026,0.5558865820785515,-0.42588428938154277
0.25847328362351274,0.5782690552609783,-0.4363509458207243
0.2901952348576084,0.6167540234957207,-0.4234689071741682
0.3177305301019167,0.6132114743108589,-0.4057561048680992
0.35605450436721353,0.621745797280893,-0.37580536861797076
0.38487799461714145,0.6381703427368656,-0.3812802341780813
0.4132184070994456,0.6562051367810466,-0.3746781904258622
0.42899886296993717,0.6554000120685032,-0.34939719485820514
0.44671161863891495,0.6684430321634631,-0.3390915666558808
0.4341516647195038,0.6645784336719752,-0.35052437296265815
0.4000143515937797,0.6499251639697398,-0.3469818132189682
0.33914686922311854,0.6758501791422866,-0.3397356684089529
0.29776341565594067,0.6803588772197416,-0.3603469251811858
0.2592784093279017,0.6793927276370396,-0.3679151213552742
0.23109900847992712,0.6777824783260827,-0.39641662767692826
0.22659030411608436,0.6835793758077746,-0.41380737852401367
0.19728372421722498,0.6489590142955749,-0.42040942307057216
0.14559464000554284,0.6731127552786914,-0.4448852967049577
0.14945924471848368,0.6525015630866531,-0.4608268206543057
0.1637904867923089,0.6772994035312228,-0.49093859024463116
0.16491766310824194,0.6903424227376078,-0.5009221722209737
0.15284077380440972,0.6431621161896218,-0.47902270248010814
0.12369521242633212,0.6314072947095234,-0.49689653429045233
0.15686640362248722,0.5998464020349061,-0.48433654426715894
0.160892033390432,0.575531630566825,-0.4898114116536332
0.15590025247072062,0.5926002782796703,-0.4811160340828335
0.17361302312760063,0.575209580601276,-0.4888452585787412
0.16684996535498214,0.571989080928059,-0.517346775493298
0.16153613414865073,0.5930833532017635,-0.5144483160320992
0.16105305858010702,0.5729552308334084,-0.5228216434348386
0.20275858000465444,0.610635074879181,-0.47209860573623413
0.2607276355907428,0.6326954943447446,-0.43474069096201007
0.2831101292685644,0.6240001467068668,-0.3859499725227859
0.26056661045074836,0.628830895423601,-0.3838566415323839
0.2620158367078076,0.6396195672956485,-0.3611520524253737
0.2634650629583623,0.6671548326714625,-0.34231207543400577
0.2692619678955328,0.7365565729486917,-0.3529397546282193
0.3170864296552007,0.8000003780883955,-0.3215397943760218
0.29776341565594067,0.8225438591293368,-0.32202287066461577
0.2818219282356672,0.8215777099743438,-0.345210533361602
0.2861696067010925,0.8123992928568528,-0.34537155880278186
0.26797376680737833,0.822221809411329,-0.3386084903419145
0.2623378869862708,0.8001614029585877,-0.35374488185406144
0.25943943446853857,0.8038649749507178,-0.35213462740437135
0.2626599372644128,0.7969409055393943,-0.3273367098865461
0.2806947523276653,0.7719820494452825,-0.3014116163230158
0.2623378869862708,0.7349463239241918,-0.3009285400650666
0.23818411521023442,0.7317258258509772,-0.2845039477222183
0.25509175564315717,0.7272171284942377,-0.3039880230442096
0.26797376680737833,0.7049956905973468,-0.31091211620865594
0.29937366686673333,0.7201320325200897,-0.3331336255004784
0.3224002583021589,0.6806809270799971,-0.3569653907773716
0.32304435873826814,0.6190083729566821,-0.3745171649701657
0.34236737122364763,0.6001684519757953,-0.37194075768986745
0.374411364377339,0.5707008810497479,-0.3893315072280559
0.3835897939905757,0.5562086320634371,-0.38144125963712716
0.39325129856437474,0.5289954072038943,-0.40317969734029885
0.37183496303543945,0.5455809823920779,-0.3827294633123647
0.347681199454233,0.5895408037562366,-0.34988027118820636
0.35589347927478293,0.6069315006599916,-0.3637284596201747
0.3319007396043869,0.6365600932194468,-0.34971924574479285
0.3190187309914919,0.6595866605517121,-0.3611520524253737
0.29567008906990006,0.670375331391785,-0.4168668625655152
0.3207900072062608,0.7043515909252437,-0.39883200968341587
0.33222278981311965,0.7004869928655141,-0.378703826844193
0.3172474547670002,0.7049956905973468,-0.3711356304189612
0.31289977672020947,0.7133689862171981,-0.3553551363117282
0.3153151534201025,0.7367175978506978,-0.3682371722602074
0.2631430126810234,0.7268950786806206,-0.3843397179135883
0.24623537266964463,0.7227084310742218,-0.3671099940943371
0.21628469390526747,0.7256068794229242,-0.3609910269763766
0.20871651119732784,0.73108172623246,-0.3382864394663358
0.2143523919541378,0.7062838899376797,-0.3469818132189682
0.20549600786358016,0.6642563837955875,-0.33796438859107625
0.21644571906733992,0.6539507875808442,-0.3381254140286661
0.20984368735655526,0.6677989324181082,-0.32653158272612276
0.19406322076952068,0.6438062159843331,-0.3321674728909756
0.22079339841295514,0.599363327122968,-0.30865776027844927
0.2328702851770747,0.6104740499140159,-0.3006064892268328
0.25364252935502163,0.573921380735857,-0.31091211620865594
0.2449471714896273,0.6006515268865243,-0.34859206764313183
0.22256467516661513,0.6183642731123055,-0.37516126679343026
0.24526922178511334,0.6072535505937877,-0.3762884449872135
0.22385287643590374,0.5877695290188462,-0.3617961542221597
0.2143523919541378,0.5906679785840444,-0.3640505105209605
0.2769911743165201,0.5829387796854927,-0.37081357951115695
0.2457522972277403,0.6033889513669545,-0.37338998678252305
0.2476845989910219,0.6286698704675456,-0.36904229952393586
0.26620249030277365,0.6476708147255059,-0.3643725614220653
0.2618548115684556,0.6951731704575007,-0.37065255405737446
0.26443121378845175,0.6996818682638871,-0.3738730631481771
0.2700670935730193,0.6922747218342783,-0.39593355127778346
0.25315945392419775,0.7090213135187402,-0.3894925326910887
0.232226184561054,0.7566846850738393,-0.36066897607862164
0.22369185127752358,0.7502436893310289,-0.36952537588313006
0.244464096045796,0.7140130858712257,-0.3729069104175868
0.23399746125202017,0.7038685161703192,-0.3745171649701657
0.21145393900577245,0.7051567155151708,-0.3827294633123647
0.18021505557865078,0.6777824783260827,-0.3746781904258622
0.17103662018328974,0.6739178799468746,-0.37065255405737446
0.1447895140178654,0.7074110643562347,-0.3845007433741492
0.13206852314646422,0.6830963010216268,-0.3812802341780813
0.14430643842429655,0.689215248259185,-0.37097460496501916
0.14656079118810908,0.7008090427056,-0.3526177037384408
0.1449505392155613,0.7054787653505769,-0.3378033631535661
0.1280428930196177,0.693401896301971,-0.31316647215450427
0.11693215360948099,0.6610358850139666,-0.3039880230442096
0.12836494343160976,0.6067704756929726,-0.3035049467824294
0.12176290992166434,0.6318903695733361,-0.2753254994217671
0.09889732940645553,0.6349498436939649,-0.2650198735689814
0.10807576684973268,0.6201355476812376,-0.23909478497933243
0.13045827110173977,0.6212627224018428,-0.21333072383563573
0.14382336283000588,0.6476708147255059,-0.2017368969881753
0.12514443929725566,0.6595866605517121,-0.1790323206117602
0.15654435323888588,0.6727907054108536,-0.17082002742006655
0.15251872341679784,0.6769773536675794,-0.2194496881721012
0.18697811307158824,0.6827742511637915,-0.21043226708494223
0.2141913667910219,0.6927577966066307,-0.19400767931997606
0.2343195115584249,0.6983936688970886,-0.21800045976619736
0.253320479067886,0.6805199021499097,-0.22975531257846535
0.23270926002318995,0.6771383785994414,-0.25439219725082923
0.2161236687431148,0.6421959664951359,-0.26051116236122507
0.19068169211488584,0.6529846379187759,-0.26051116236122507
0.19470732146162942,0.6254493713295058,-0.2732321691439534
0.16846021721844134,0.660552810193941,-0.23039941411472653
0.1377044052398486,0.6948511206117668,-0.2635706449596614
0.14656079118810908,0.7064449148548582,-0.2606721877604241
0.1399587580496956,0.7046736407614566,-0.22637377953406168
0.1357721028188978,0.7159453848255616,-0.1833800053268132
0.14382336283000588,0.7149792353498462,-0.15053083336718298
0.1581546051536841,0.7280222530268677,-0.13330112195372912
0.17296892239344835,0.718038708679645,-0.12750420990828035
0.19583449766973024,0.6974275193686009,-0.12025806999720523
0.18730016342486439,0.6816470766588271,-0.12154627263622775
0.17248584684199172,0.6465436400974618,-0.1318518939326516
0.1939021955962929,0.6457385153607254,-0.10528271469416965
0.20469088202512728,0.6362380433149954,-0.0685689433300131
0.21950519713146568,0.6518574633093601,-0.09368889170885264
0.23335336063824727,0.6772994035312228,-0.0774253351644389
0.21676776939124398,0.7161064097378983,-0.13217394460344245
0.2077503602005743,0.7143351356977553,-0.15149698543616164
0.16395151198053998,0.70580081518566,-0.1382929074092369
0.13545005241428323,0.7334970997952407,-0.1624467090857166
0.1254664897121344,0.7344632492152678,-0.18096462492236895
0.12289008638412373,0.743802693459051,-0.1843461574936256
0.12095778387464504,0.7072500394395403,-0.2014148462483248
0.14720489197488248,0.670375331391785,-0.18724461401132433
0.15171359744636453,0.7000039181047799,-0.19432973005247545
0.14559464000554284,0.7162674346501543,-0.22943326181081403
0.13738235483715874,0.7130469363897001,-0.2506886131610802
0.10614346425174033,0.7040295410887081,-0.22927223642710817
0.12643264095484621,0.7111146374179336,-0.22315327190547482
0.11854240572156005,0.6990377685811333,-0.22492455109724355
0.13609415322319154,0.7006480177855973,-0.23700145493508631
0.15879870591735742,0.6853506500174382,-0.21510200297380194
0.1589597311080752,0.6682820072272454,-0.22315327190547482
0.19019861658990642,0.6549169372400093,-0.27113883887963214
0.1945462962887226,0.6768163287356367,-0.2880465067847464
0.20758933503416782,0.6690871319075277,-0.2886906084366297
0.21209803966321206,0.6306021699348899,-0.2706557626667049
0.23142105878922192,0.6233560468724866,-0.2637316703603776
0.22948875692863663,0.62319502191369,-0.25986706076522725
0.21467444228012872,0.6249662964560184,-0.24843425764887234
0.17940992967720687,0.6285088455114096,-0.24054401347940965
0.1744181490434859,0.6396195672956485,-0.20962714021434337
0.1821473577339324,0.6212627224018428,-0.22202609424301814
0.18955451588881045,0.6124063494906763,-0.21365277458731058
0.20919958669462116,0.6162709486091734,-0.2250855764787927
0.21129291384121188,0.5905069536088852,-0.22331429728614532
0.20597908336568885,0.6072535505937877,-0.22122096734365979
0.2288446563058727,0.6046771511143908,-0.21091534320826028
0.22964978208412692,0.5861592792491204,-0.16083645558465898
0.2547697053574669,0.5663532064223774,-0.12750420990828035
0.28826293334874625,0.581489554871344,-0.12524985525192633
0.30597569674698993,0.621745797280893,-0.11896986736330087
0.30967927442556353,0.6251273214139281,-0.10657091727368953
0.3109674753472786,0.6318903695733361,-0.12492780458801238
0.31434900274231475,0.6154658237966488,-0.11993601933824932
0.2916444609816639,0.591634128433308,-0.12170729796646543
0.2971193151693742,0.5731162558173513,-0.13233496993895782
0.28697473233641196,0.5793962301282727,-0.11011347439376322
0.3062977469815966,0.5698957561231848,-0.1344282993079338
0.28166090310619357,0.5549204321219614,-0.13169086859737614
0.29244958660332776,0.5289954072038943,-0.15503954304703896
0.28262705388183035,0.5571747820161601,-0.1432846929415814
0.28198295336506046,0.5800403300506682,-0.12782626057475321
0.3008228929495779,0.5764977804615382,-0.12702113390917077
0.30967927442556353,0.5850321044055172,-0.1341062486349041
0.33399406595540354,0.6067704756929726,-0.14940365595701205
0.33415509105876534,0.633661644067774,-0.15294621354502577
0.3101623497718093,0.6384923926393818,-0.16904874852362226
0.3095182493099876,0.6335006191141374,-0.13861495808642435
0.3285192123932851,0.6412298167977472,-0.17017592600205875
0.3294853630286448,0.6426790413427418,-0.19223640029694283
0.3439776222118561,0.6053212509861745,-0.2300773633464362
0.33544329188276656,0.5647429565454829,-0.23812863264954162
0.35541040399700874,0.5557255570859879,-0.2337809472010646
0.31048440000223804,0.5357584573838056,-0.22444147495307532
0.3222392331929307,0.5317328322938301,-0.195778958352678
0.32304435873826814,0.5309277072697945,-0.18660051256070925
0.3153151534201025,0.5098334309226782,-0.21912763741467448
0.3402740449269607,0.5211051818144418,-0.2339419725870069
0.3500965758937449,0.5434876574154457,-0.23828965803764043
0.3546052785324441,0.558140931965983,-0.24151016581638846
0.38681029554734087,0.5742434307026951,-0.25245989250308104
0.41466763267078893,0.5805234049916188,-0.25632450201007634
0.4075825298156202,0.6165929985336188,-0.2616383401572954
0.4510592948815785,0.6365600932194468,-0.23909478497933243
0.45975464719091746,0.632051394527779,-0.23410299797302908
0.46619564875024455,0.6729517303448129,-0.24183221659602028
0.48165405196722594,0.722869455983169,-0.2389337595908343
0.4420418922388648,0.7499216395404977,-0.2487563084353723
0.46410232325758743,0.7653800291217255,-0.2521378417129076
0.43849934113161904,0.7764907461736116,-0.22653480491632974
0.42577836183462403,0.7958137314350439,-0.20415227754724086
0.4365670405112532,0.7983901293820297,-0.2039912521760772
0.4138625073541803,0.7956527065626706,-0.19851638960405282
0.4016246022941567,0.7673123277670602,-0.19481280615182384
0.3747334145436292,0.7504047142261735,-0.18933794373465354
0.37070778744188626,0.721903306528275,-0.2022199730985502
0.3748944396266537,0.6753671043445226,-0.17162515419437466
0.39937025131137704,0.629636020202669,-0.16615029216848382
0.3919630979712613,0.6033889513669545,-0.16550619075974776
0.38664927047026654,0.575531630566825,-0.16904874852362226
0.38664927047026654,0.5811675049117581,-0.15407339096750797
0.40854868021413077,0.6317293446188125,-0.17838821917744802
0.46426334829596705,0.6283478205551929,-0.18402410677103512
0.480204826697146,0.628830895423601,-0.18515128430150027
0.497595529507754,0.6272206458594185,-0.22315327190547482
0.5053247304554965,0.6214237473616068,-0.2585788575770644
0.48648480282040196,0.6083807253595351,-0.2717829404979862
0.4837473773458305,0.6096689250869816,-0.29996238755132315
0.469899224588549,0.6257714212447609,-0.34392232983503485
0.44139779204044394,0.6438062159843331,-0.35422795819052394
0.40242972764132917,0.6708584061970506,-0.3671099940943371
0.35975808147093086,0.6748840295460327,-0.3883653544515334
0.34639299867909845,0.6919526719856401,-0.40478995204278245
0.3694195867587158,0.6644174087338217,-0.422180703337568
0.34381659711339696,0.6682820072272454,-0.40768841052734284
0.3140269525157427,0.6677989324181082,-0.42427403457463375
0.28584755644640236,0.6816470766588271,-0.4255622384195233
0.28971215948147727,0.6837404007363291,-0.41042584356425543
0.27956757641572766,0.6977495692117528,-0.4054340539260081
0.3019500687872915,0.7064449148548582,-0.3848227942955103
0.3394689194246181,0.7077331141893815,-0.34971924574479285
0.34301147161989554,0.7140130858712257,-0.332811574630325
0.3251376851467436,0.7344632492152678,-0.32991311681330554
0.32723101154163853,0.7375227223595173,-0.333616701806307
0.3381807186166908,0.7384888717674368,-0.30414904846496255
0.3283581872871105,0.7297935269915514,-0.31783620952066083
0.33077356387129075,0.7056397902681587,-0.2817665157458184
0.3434945469162375,0.6956562452254963,-0.28112241410766536
0.3436555720148574,0.7070890145227653,-0.2585788575770644
0.3750554647095978,0.7072500394395403,-0.24972246079678884
0.4016246022941567,0.6719855807398472,-0.23845068342581907
0.36265653308765483,0.6821301514471529,-0.25197681631794067
0.3776318660257686,0.6903424227376078,-0.24762913068401998
0.39663282509681014,0.693401896301971,-0.2571296289964897
0.40355690312399284,0.7159453848255616,-0.24569682597651996
0.4185322341625178,0.7085382387708358,-0.26469782276635134
0.40114152708488804,0.7198099826993706,-0.2874024051341403
0.38616619523856105,0.7458960171316114,-0.31091211620865594
0.4101589308718805,0.7305986515177246,-0.32170081980547327
0.3816574930410778,0.7690836015150695,-0.35841461980327044
0.32304435873826814,0.7779399701085579,-0.36356743416990145
0.32497666003888154,0.7359124733398603,-0.39738278047737063
0.3062977469815966,0.7132079613034894,-0.4239519836142084
0.2966362398036058,0.693401896301971,-0.4281386461246057
0.29518701370196265,0.6591035857295089,-0.43135915578465145
0.27360964653010716,0.6420349415457727,-0.3999591879592491
0.2686178673520981,0.6450944155698848,-0.40784943599946466
0.260888660730657,0.6341447189282003,-0.3933571438277968
0.27747424971168766,0.671824555805404,-0.3940012456883799
0.3056536465120619,0.6370431680755191,-0.39963713702289816
0.3195018063237568,0.6088638002579321,-0.4134853275739507
0.3222392331929307,0.621745797280893,-0.43828325166170123
0.34639299867909845,0.6095079001213329,-0.4352237674187875
0.3442996724085333,0.6159488986844054,-0.4041458501608323
0.3715129128662549,0.5932443781756334,-0.3672710195463651
0.3834287689118931,0.5774639303533506,-0.3321674728909756
0.39309027349051706,0.5673193563446468,-0.3324895237604907
0.392446173194282,0.5689296062086503,-0.3413459227972176
0.38922567169380645,0.5821336547895494,-0.3440833552755765
0.409836880740974,0.5992023021521607,-0.3780597250139107
0.4230409358443073,0.5967869275803803,-0.3899756090806656
0.45299159541504386,0.620940672482073,-0.3977048314114892
0.4789166264516013,0.6260934711596937,-0.375644343161716
0.47730637613742605,0.6420349415457727,-0.34488848247948156
0.492764778821218,0.6439672409328092,-0.3112341670571052
0.5238426069714628,0.6375262429308657,-0.27661370267635876
0.5438097074127367,0.6273816708161996,-0.2658250005769537
0.5083842057793969,0.6510523385859296,-0.217839434388163
0.5199780067430214,0.6425180163936204,-0.19948254181593372
0.48149302693753904,0.6053212509861745,-0.21928866279334788
0.4982396295938175,0.5774639303533506,-0.23700145493508631
0.4826202021436569,0.5447758574026765,-0.25004451158456653
0.4489659692905815,0.553793257168941,-0.28208856656537395
0.44606751844982784,0.5758536805320518,-0.29561470127503525
0.41450660760762803,0.5787521302045879,-0.3160649298221495
0.3587919309262348,0.5793962301282727,-0.3043100738857954
0.35380015306586987,0.5793962301282727,-0.3331336255004784
0.34639299867909845,0.5700567811086587,-0.37033050315004873
0.34188429592561775,0.5457420073897165,-0.3674320449984727
0.3320617647087934,0.533021032328099,-0.3790258777598126
0.313543877175282,0.5442927824080691,-0.3836956160721419
0.3270699864348211,0.5312497572796504,-0.3511684747383862
0.3492914504159171,0.5314107822844575,-0.3231500486741277
0.35074067627456024,0.5405892074253282,-0.253265019479912
0.3911579725979517,0.5562086320634371,-0.24151016581638846
0.3964718000246413,0.5676414063180921,-0.24811220686269184
0.42126966019112566,0.5964648776361062,-0.23877273420241604
0.4346347398793018,0.5850321044055172,-0.24263734354649757
0.41595583317317997,0.5774639303533506,-0.26051116236122507
0.4294819381374587,0.5877695290188462,-0.24795118146972134
0.45830542182232353,0.5584629819486129,-0.2822495919752714
0.5101554809536327,0.5441317574097055,-0.2901398371580368
0.512731881189674,0.5697347311376305,-0.2770967788981479
0.4831032772307858,0.5668362813838747,-0.30495417556992477
0.49984987980334084,0.6056433009215827,-0.31783620952066083
0.49083247852631606,0.6220678471998565,-0.33329465093567484
0.4774674011692059,0.5845490294713358,-0.34424438071619795
0.5107995810145756,0.5824557047481684,-0.33007414224690623
0.48503557757205623,0.5979141023828012,-0.33329465093567484
0.48149302693753904,0.6001684519757953,-0.3421510499943416
0.5141811063133886,0.5906679785840444,-0.34488848247948156
0.5122488061469864,0.5935664281231314,-0.3471428386610256
0.5236815819628705,0.5615224567675235,-0.3347438798560327
0.50355345525469,0.5687685812226124,-0.30414904846496255
0.4620089977513291,0.5534712071816388,-0.29513162502570617
0.43221936407307054,0.5299615572382941,-0.2638926957611736
0.437372165771147,0.5220713318725185,-0.29915726045873187
0.40774355488223973,0.5008160299251903,-0.32943004051298225
0.3876154209315064,0.4674838490466577,-0.35213462740437135
0.3824626184381091,0.42610041194960346,-0.365338714127294
0.38874259646596077,0.4203035098307421,-0.37145768132708445
0.377470840944111,0.4217527353702314,-0.3605079506298638
0.36780933589751685,0.41692198354659477,-0.3489141185289219
0.35782578037864476,0.40693842954833787,-0.2906229133999427
0.3536391279723138,0.38616619523856105,-0.24456964823578908
0.3676483108109548,0.39470052422547547,-0.25278194329357384
0.36668216028989403,0.40709945461527913,-0.25906193377202663
0.3813354428817024,0.4061333042124253,-0.2398999119230211
0.370385737271576,0.401785627363752,-0.22975531257846535
0.3929292484165789,0.4013025521547247,-0.2159071298579821
0.36780933589751685,0.4013025521547247,-0.20415227754724086
0.37714879078055447,0.4122522567149304,-0.20447432828980786
0.36265653308765483,0.45701722148921214,-0.21816148514431158
0.39099694752304864,0.46651769882483074,-0.25439219725082923
0.3942174490058324,0.49775655452939066,-0.23861170881407762
0.38439491938278236,0.5075790806969781,-0.24666297832883247
0.3852000447729788,0.5109606060296099,-0.2793511346093306
0.38471696953910217,0.5124098311612962,-0.30543725183385984
0.3386637939202663,0.5362415323912199,-0.3062423789420144
0.3154761785327859,0.5425215074216396,-0.3125223704540944
0.29100036048288697,0.5618445067467697,-0.32121774351735816
0.29937366686673333,0.5637768066154789,-0.32926901507970074
0.3074249228001891,0.5644209065691371,-0.34037977016330145
0.29744136541281807,0.536885632399978,-0.3503633475189255
0.3053315962768125,0.5425215074216396,-0.3729069104175868
0.3058146716295661,0.5024262801218315,-0.3885263799140878
0.2890680589788445,0.4930868288692412,-0.35084642385036263
0.3054926213944774,0.4605597723928752,-0.3139715992818122
0.3140269525157427,0.45395774567743113,-0.29497059960942273
0.32900228771132656,0.471187424870153,-0.27242704211761765
0.3428504465209541,0.43447371482611624,-0.25439219725082923
0.3428504465209541,0.44977109451949737,-0.2487563084353723
0.33318894043738906,0.44816084405965395,-0.232331718731178
0.3325448400215309,0.4240070861964855,-0.23023838873054142
0.3465540237762716,0.3918020728967602,-0.20205894772834532
0.33351099064483597,0.3969548752409067,-0.1870835886485507
0.3426894214219323,0.40355690312399284,-0.19658408518892057
0.3273920366483756,0.4217527353702314,-0.1978722881310636
0.29953469198737076,0.4412367669906376,-0.21220354620729023
0.3140269525157427,0.46426334829596705,-0.25245989250308104
0.31966283143435104,0.4761792009127142,-0.2564855274071993
0.34075712022740173,0.5070960056465607,-0.2540701464587393
0.37666571553461664,0.47376382541790774,-0.2751644740153025
0.3810133927220054,0.46168694767223606,-0.2948095741932192
0.3839118441476996,0.5061298555435516,-0.2817665157458184
0.4127353319075499,0.4853576276278077,-0.26807935620989526
0.3893866967695942,0.5167575065172207,-0.254875273439563
0.41756608379392923,0.5430045824189051,-0.24907835922219174
0.4127353319075499,0.5513778822563193,-0.2492393846157212
0.3842338943045019,0.5964648776361062,-0.27274909292791244
0.38681029554734087,0.6103130249487703,-0.2959367521083205
0.374411364377339,0.6481538895648865,-0.30801365858697755
0.3541222032527407,0.6814860517292237,-0.27226601671259004
0.37714879078055447,0.6921136969099996,-0.2721049913076422
0.3520288770323327,0.7095043882659182,-0.24779015607683075
0.31370490228884923,0.684223475521509,-0.25970603536642745
0.29180548610615736,0.6694091817790759,-0.284825998544488
0.2636260880969113,0.6896983230361361,-0.2706557626667049
0.2447861463417638,0.670214306456535,-0.28047831247078964
0.23061593301538288,0.6549169372400093,-0.2730711437385266
0.2185390461669774,0.6507302886959928,-0.2550362988359673
0.2505830516142656,0.6452554405177159,-0.2379676072615227
0.260888660730657,0.6679599573545679,-0.1870835886485507
0.2769911743165201,0.6665107329235265,-0.18289692924448583
0.29035625998282477,0.6367211181715515,-0.20898303871930235
0.24881177501426346,0.6399416171967134,-0.1964230598215122
0.21773392036102981,0.6434841660871388,-0.20302509995077309
0.21982724745231966,0.6206186225619805,-0.18853281691639023
0.23560771278083276,0.600007427005391,-0.1883717915529773
0.2512271521936757,0.5877695290188462,-0.17468463595496847
0.2607276355907428,0.6090248252239032,-0.18354103068774882
0.26732966626137367,0.6360770183626488,-0.1656672161118119
0.3069418474498458,0.6297970451582408,-0.16953182458532975
0.28568653131893684,0.6335006191141374,-0.18901589300710847
0.2919665112305705,0.6753671043445226,-0.24827323225574216
0.2847203805524569,0.6621630595912037,-0.24811220686269184
0.29728034029113626,0.6692481568433422,-0.26035013696210585
0.3161202789827161,0.6591035857295089,-0.2692065340322345
0.3306125387662413,0.6333395941604201,-0.3231500486741277
0.3347991914714089,0.6438062159843331,-0.28337676984678906
0.34913042532011035,0.6587815358476367,-0.3043100738857954
0.3240105093900213,0.6687650820356568,-0.32170081980547327
0.3333499655411527,0.658459485965442,-0.3241162012568213
0.3623344829093051,0.6528236129748156,-0.35374488185406144
0.3449437728009232,0.6397805922462212,-0.34247310087374966
0.33560431698540505,0.6054822759539189,-0.2981911079502561
0.30967927442556353,0.6159488986844054,-0.32234492152407734
0.2811778277172909,0.5921172033568518,-0.3072085314744335
0.2940598378406305,0.5678024313046939,-0.2730711437385266
0.30710287256670726,0.5673193563446468,-0.2774188297130731
0.31595925387035406,0.5568527320322414,-0.2656639751751995
0.352834002503328,0.5959818027190904,-0.2767747280835419
0.34832529983987115,0.624322196623573,-0.3055982772553311
0.3447827477029463,0.6694091817790759,-0.30044546380783566
0.3689365115012002,0.6579764111415451,-0.2717829404979862
0.37714879078055447,0.6768163287356367,-0.254875273439563
0.3835897939905757,0.6782655531202167,-0.24247631815624235
0.3779539161888427,0.6760112040747133,-0.21671225674415948
0.38681029554734087,0.6611969099538139,-0.24247631815624235
0.3715129128662549,0.668120982290947,-0.2693675594357452
0.3647498592390899,0.6502472138604829,-0.28369882066794117
0.36539395959064425,0.6399416171967134,-0.27580857564164024
0.37408931421072716,0.6450944155698848,-0.2983521333681359
0.37859801651402597,0.6629681842868106,-0.28788548137197517
0.3827846685963587,0.6381703427368656,-0.27226601671259004
0.3484863249360797,0.6433231411384205,-0.27113883887963214
0.3370535429055349,0.6309242198449853,-0.2661470513807015
0.3246546098229162,0.6116012246684784,-0.2663080767826952
0.313543877175282,0.6173981233433219,-0.25004451158456653
0.3178915552133949,0.6069315006599916,-0.24650195293658073
0.2958311141923852,0.5703788310793645,-0.23265376950170477
0.2829491041397334,0.5492845573173861,-0.20898303871930235
0.31386592740233615,0.5296395072271496,-0.19883844034102685
0.3182136054361101,0.5207831317944386,-0.23023838873054142
0.3426894214219323,0.5251308070373021,-0.22685685568110553
0.3668431853769385,0.5373687074057009,-0.2157461044809863
0.36346165853212237,0.5636157816268629,-0.2286281348930835
0.3726400884569941,0.5657091064725864,-0.22444147495307532
0.3302904885559012,0.6130504493469835,-0.20882201334574182
0.2748978475957742,0.6093468751556037,-0.17677796559726203
0.2647532640645058,0.5839049295579656,-0.16405696259476762
0.24784562413744016,0.6012956267663683,-0.1832189799659575
0.22642927895906884,0.6151437738710748,-0.1742015598855881
0.21821699584483917,0.6069315006599916,-0.15359031492882166
0.20259755483576009,0.6318903695733361,-0.17226925561525983
0.22739542989995778,0.6523405381424507,-0.2112373939575384
0.22320877580190157,0.6323734444364231,-0.21703430749918964
0.21048778801720525,0.6734348051462067,-0.25390912106281416
0.2541256047851228,0.6890542233333734,-0.25873988297530526
0.25090510190413123,0.6677989324181082,-0.25922295917050703
0.24832869957621312,0.6314072947095234,-0.2102712417106627
0.27119426951812725,0.6167540234957207,-0.20833893722553962
0.26893991762397607,0.6244832215818052,-0.2308824902677611
0.28053372719762937,0.6093468751556037,-0.23506915029083952
0.30211109390664354,0.6030669014292893,-0.2376455564857244
0.3053315962768125,0.6212627224018428,-0.24118811503707605
0.3146710529685654,0.6078976504604127,-0.2750034486089176
0.2848814056804044,0.6133724992746535,-0.28466497313331324
0.24027744216898986,0.6476708147255059,-0.2780629313438816
0.24365897030447142,0.6471877398853993,-0.3002844383889184
0.2663635154399574,0.6317293446188125,-0.3241162012568213
0.25718508249231475,0.62319502191369,-0.30221674342119403
0.25943943446853857,0.6531456628626556,-0.2568075782016848
0.23464156186450857,0.6658666331742998,-0.19465178078529444
0.21628469390526747,0.6935629212256044,-0.15890415139394132
0.21547956809370142,0.6950121455346742,-0.1344282993079338
0.20420780652109247,0.6744009547468166,-0.0703402216775352
0.21644571906733992,0.6346277937879009,-0.07050124698233548
0.21950519713146568,0.5966259026082835,-0.046508477449406525
0.20195345415938004,0.5935664281231314,-0.04151669340744849
0.2135472661377559,0.6006515268865243,-0.034109530132100406
0.19808885007413565,0.6017787016754049,-0.04666950274236317
0.19100374246447094,0.5905069536088852,-0.032177226696821506
0.19551244732495984,0.5950156528828828,-0.057941273448207105
0.20324165551085607,0.6204575976018135,-0.07645918331619449
0.19792782490291402,0.6399416171967134,-0.09143453728764012
0.1911647676391431,0.6579764111415451,-0.08338327162559138
0.20130935348171602,0.6930798464544622,-0.10222323358832594
0.19647859835830817,0.6819691265177916,-0.11864781670562448
0.2257851783302041,0.6853506500174382,-0.14103033817552435
0.22546312801529006,0.6853506500174382,-0.17049797671090278
0.26169378642902325,0.6747230046130412,-0.16792157104910227
0.26893991762397607,0.6544338624107897,-0.17307438239316458
0.24317589485871324,0.6929188215305869,-0.16454003864904163
0.2684568422160386,0.6811640018697751,-0.17339643310488598
0.25154920248289897,0.6914695972120776,-0.165023114704035
0.2480066492837781,0.6971054695251262,-0.13523342599190732
0.27360964653010716,0.6407467419479643,-0.14086931283569132
0.2905172851079608,0.6554000120685032,-0.15181903612646072
0.263304037819733,0.6692481568433422,-0.15987030348786127
0.2586343087645511,0.6508913136410016,-0.13217394460344245
0.25815123334119505,0.6431621161896218,-0.14521699703924543
0.2737706716635966,0.6349498436939649,-0.15342928958275276
0.24961690074274157,0.6252883463717572,-0.16325183583924294
0.2476845989910219,0.628830895423601,-0.15600569512944787
0.31322182694790646,0.6309242198449853,-0.1547174923535422
0.34301147161989554,0.6368821431235756,-0.14425084498897434
0.35444425343929,0.6254493713295058,-0.15053083336718298
0.3874543958548341,0.6093468751556037,-0.14247956623761926
0.36909753658711913,0.6394585423449952,-0.11236782894487415
0.39373437378546544,0.6412298167977472,-0.1014181069863241
0.3708688125269208,0.631246269754758,-0.12830933657506224
0.3106454251173319,0.6566882116076049,-0.14199649021620137
0.3146710529685654,0.6607138351340301,-0.15053083336718298
0.3101623497718093,0.6611969099538139,-0.1468272504627599
0.27570297325920584,0.670375331391785,-0.11752063940627627
0.3291633128171797,0.6903424227376078,-0.10560476533856973
0.35396117815934547,0.7106315626731764,-0.10447758808456921
0.35605450436721353,0.7111146374179336,-0.07549303147083039
0.35653757964402305,0.6729517303448129,-0.037652086460048674
0.3146710529685654,0.6850286001618617,-0.03169415083980284
0.3217561578647639,0.653467712750173,-0.06083972883594871
0.3347991914714089,0.6193304228783867,-0.06921304454617365
0.3291633128171797,0.6201355476812376,-0.0432879716070811
0.3587919309262348,0.5777859803166434,-0.05633102046622077
0.3719959881199112,0.5818116048306079,-0.07420482901482549
0.4027517777796353,0.5744044556859933,-0.08402737287119524
0.4223968356079129,0.5533101821878667,-0.13104676725707384
0.4301260383596944,0.5574968319997566,-0.15987030348786127
0.4328634642898355,0.5579799069745472,-0.17758309238635603
0.46635667378757795,0.5647429565454829,-0.18354103068774882
0.48664582784759347,0.5806844299717744,-0.17597283881016607
0.4982396295938175,0.6040330512413175,-0.18949896909854594
0.490993503551334,0.6351108686468759,-0.19932151644708712
0.478755601420546,0.6573323113752202,-0.19529588225189135
0.45701722148921214,0.6816470766588271,-0.19867741497249988
0.46619564875024455,0.686638849436517,-0.1793543713293958
0.45395774567743113,0.7194879328783286,-0.1656672161118119
0.4351178150383759,0.7212592068900647,-0.17887129525306228
0.39019182214732656,0.7069279896059096,-0.13748778071766748
0.3618514076411775,0.6959782950704233,-0.10463861340632932
0.33157868939533264,0.7049956905973468,-0.09191761323372288
0.30162801854834653,0.6969444446032679,-0.0709843228972164
0.29840751614122174,0.7072500394395403,-0.07790841108964122
0.27119426951812725,0.6737568550133993,-0.08386634755967427
0.2773132245800455,0.657654361258544,-0.11301193024807077
0.28777985796972333,0.6460605652556618,-0.12315652594220312
0.29180548610615736,0.6259324462022676,-0.12508882991992937
0.2697450433022656,0.6193304228783867,-0.1371657300415994
0.2992126417460156,0.5977530774112686,-0.16228568373525115
0.3557324541822719,0.6054822759539189,-0.1389370087639316
0.36619908502827836,0.5917951534079032,-0.1516580107812712
0.377470840944111,0.6120842995620389,-0.16164158233418863
0.4230409358443073,0.6059653508566686,-0.13748778071766748
0.41450660760762803,0.6148217239451782,-0.1516580107812712
0.41112508126266956,0.6220678471998565,-0.16164158233418863
0.3992092262405753,0.6457385153607254,-0.15359031492882166
0.400980502014971,0.6861557746549675,-0.1555226190878837
0.45444082080753845,0.683901425664803,-0.1382929074092369
0.4415588170901698,0.7125638616478479,-0.1516580107812712
0.4281937376891257,0.7214202317997382,-0.1344282993079338
0.4174050587322163,0.7000039181047799,-0.13056369125268671
0.4000143515937797,0.685672699872692,-0.12702113390917077
0.4185322341625178,0.696622394759309,-0.11735961407811786
0.41901530934572606,0.6760112040747133,-0.12283447528036831
0.41611685823561684,0.6927577966066307,-0.1326570206102284
0.4119302065861152,0.706605939771956,-0.15648877117173146
0.39309027349051706,0.7075720892728483,-0.15616672047679578
0.36249550799852015,0.7177166588568274,-0.14586109840769185
0.34671504887336435,0.7024192919011885,-0.09223966386484471
0.3525119523151711,0.7196489577888899,-0.13104676725707384
0.3095182493099876,0.7161064097378983,-0.15262416285360747
0.30903517396277774,0.7149792353498462,-0.15020878267816298
0.315637203645389,0.7091823384345469,-0.13587752734052538
0.311450550691596,0.7256068794229242,-0.13764880605582147
0.3125777264921911,0.7104705377580958,-0.11510525949229718
0.30500954604124175,0.6971054695251262,-0.1207411459862389
0.30790799814980935,0.6758501791422866,-0.10657091727368953
0.31128952557690387,0.6967834196813287,-0.10222323358832594
0.31322182694790646,0.7067669646889732,-0.06985714576361444
0.33270586512561595,0.6785876029825696,-0.029761847418932525
0.36362268362077466,0.6686040570996001,-0.018812128251742766
0.3587919309262348,0.6328565192987844,-0.00802343472849069
0.3273920366483756,0.6072535505937877,-0.01059983911928749
0.2940598378406305,0.6170760734196826,-0.030889024413039357
0.281016802587496,0.6302801200244721,-0.04457617394016952
0.26137173614991766,0.6460605652556618,-0.05117821097764294
0.2476845989910219,0.6706973812620427,-0.06132280473642638
0.27441477219675137,0.7112756623326912,-0.09562119551094245
0.2631430126810234,0.7597441580064227,-0.11156270231767788
0.25992250988996746,0.7929152837199693,-0.12782626057475321
0.2573461076339955,0.7681174521991847,-0.16840464710913125
0.3162813040949977,0.7652190042340894,-0.1880497408263912
0.31209465114956103,0.7581339090981698,-0.20688970886924724
0.3157982287579117,0.7510488138059443,-0.23909478497933243
0.29889059150433905,0.7737533231675333,-0.24489169901845573
0.28600858157378756,0.7932373334673809,-0.2857921510132128
0.27924552615445114,0.7694056512863852,-0.31075109078455104
0.2927716368514309,0.7367175978506978,-0.26115526395850047
0.27328759626288723,0.6834183508791393,-0.22057686582561103
0.2713552946528215,0.6632902341644886,-0.18965999446251827
0.25525278078588187,0.6874439740708194,-0.1935246032218263
0.24269281941223247,0.6763332539393246,-0.18611743647358703
0.22208159968930744,0.6589425607886131,-0.195778958352678
0.20324165551085607,0.6570102614915738,-0.16920977387744482
0.2077503602005743,0.6343057438815145,-0.16180260768433435
0.17055354462894504,0.6090248252239032,-0.1674384949897926
0.14317926203649547,0.5892187538047091,-0.1587431260452344
0.14913719432750314,0.5753706055840908,-0.1677605456959191
0.12256803596667913,0.5711839560047189,-0.15922620209159488
0.13206852314646422,0.5818116048306079,-0.16019235418647412
0.175867375687025,0.5668362813838747,-0.1648620893522906
0.16636688979438008,0.5943715529904658,-0.17371848381692706
0.21564059325617513,0.6153047988339022,-0.17468463595496847
0.24526922178511334,0.5771418803897355,-0.17404053452928786
0.25364252935502163,0.5729552308334084,-0.17404053452928786
0.2789234758928534,0.5457420073897165,-0.1859564111113728
0.2715163197874353,0.5608783568080645,-0.15793799930289903
0.2832711543973151,0.594532577963691,-0.16357388654121302
0.2969582900475317,0.6169150484577419,-0.13330112195372912
0.27634707378850554,0.6380093177854865,-0.150369808022633
0.2864916569554613,0.6439672409328092,-0.1447339210137501
0.33286689022962074,0.644450315777754,-0.10415553744128891
0.32529871025452545,0.6785876029825696,-0.07855251232436442
0.3494524755116434,0.6772994035312228,-0.07291662656394127
0.37875904159512075,0.6724686555426931,-0.13024164058349508
0.37586059012311224,0.6990377685811333,-0.11687653809412242
0.3877764460080983,0.6946900956887789,-0.13201291926800704
0.3441386473102349,0.7054787653505769,-0.11703756342204093
0.3533170777849607,0.7206151072505632,-0.1258939565807139
0.34526582299663594,0.7109536125030952,-0.13555547666605644
0.32207820808362214,0.7172335841219961,-0.11349500622630798
0.33286689022962074,0.7512098387006851,-0.14875955458153028
0.3536391279723138,0.7492775399584665,-0.15294621354502577
0.33850276881915486,0.7663461784458463,-0.1553615937408555
0.33850276881915486,0.7185217834132659,-0.19143127347148764
0.3410791704272939,0.7367175978506978,-0.21510200297380194
0.3520288770323327,0.7566846850738393,-0.24022196270105564
0.3281971621808556,0.7399380958738677,-0.2540701464587393
0.3380196935153382,0.7616764566856686,-0.29529265044206937
0.35975808147093086,0.7541082867922159,-0.27902908379248936
0.4127353319075499,0.7790671442756606,-0.28257164279530583
0.40114152708488804,0.8190013122134765,-0.2793511346093306
0.4043620284663398,0.8483078355227941,-0.25020553697857517
0.44510136816378304,0.8884030196697519,-0.2663080767826952
0.44494034311582736,0.932523818921923,-0.26952858483933567
0.4364060154590331,0.9384817366037853,-0.2606721877604241
0.4127353319075499,0.9481432245011311,-0.2429593943272475
0.3747334145436292,0.920607983225996,-0.21107636858285939
0.3734452138765387,0.9130398170810345,-0.23056043949899152
0.35508835381142406,0.9239895042117432,-0.2112373939575384
0.36104628219269047,0.8816399769120226,-0.1970671612916249
0.3547663036255178,0.8565201025634102,-0.19513485688512228
0.3330279153335451,0.8336545742026975,-0.18257487852333387
0.3386637939202663,0.7879235125937768,-0.18096462492236895
0.32868023749937925,0.7922711842241767,-0.16888772316987963
0.32449358471481304,0.7750415222321243,-0.16953182458532975
0.3185356556585039,0.78341481602599,-0.16631131752086767
0.28214397849437345,0.7415483448733448,-0.15439544166036517
0.26137173614991766,0.7209371570704755,-0.13072471658740245
0.23705693914990006,0.7549134112574433,-0.11333398090014893
0.21902212164958273,0.7565236601818434,-0.07130637350753707
0.22111544873252484,0.7597441580064227,-0.03958438992798563
0.22079339841295514,0.7294714771805172,-0.057780248149648356
0.22546312801529006,0.726734053773691,-0.04167771869792399
0.2380230900589989,0.7579728842069005,-0.03233825198265449
0.21242008999145032,0.7579728842069005,-0.04022849108652594
0.22820055568182435,0.7365565729486917,-0.04103361753650223
0.22465800222660032,0.7317258258509772,-0.024931088917188517
0.24430307089769168,0.7357514484374507,-0.025253139481729983
0.25509175564315717,0.7605492824575214,-0.03813516232595235
0.2560579064983008,0.7764907461736116,-0.034109530132100406
0.2542866299283293,0.8016106267866839,0.006790890120792707
0.2615327612895106,0.8185182376310114,0.025791871000475287
0.23947231641722808,0.8339766239092321,0.03078365392795728
0.24317589485871324,0.823187958564383,0.05880204699540121
0.2405994924691326,0.8267305054340297,0.06266665274537368
0.23641283854222853,0.8178741381865934,0.07168406598248117
0.2668465908510269,0.7971019304111213,0.06798048557622301
0.27216042032508764,0.7979070547685448,0.06137845083384443
0.3042044204509089,0.7908219603539187,0.03013955290938182
0.32481563493093907,0.7785840696331011,0.045275926507055086
0.3304515136611114,0.7618374815750809,0.012748824923417983
0.36104628219269047,0.7330140250841375,-0.009311636921326933
0.372479063372844,0.7029023666582915,-0.03716901059486539
0.3834287689118931,0.6748840295460327,-0.01897315353093133
0.3800472422409846,0.6991987935019428,0.0035703847764294557
0.3639447337978381,0.7075720892728483,0.01741855752991414
0.3921241230456819,0.6935629212256044,0.020317012217309458
0.4027517777796353,0.6737568550133993,0.031588780199374306
0.3921241230456819,0.6608748600740387,0.06041229939683206
0.394861549298529,0.6695702067147291,0.0563866683782312
0.3990482011696932,0.6744009547468166,0.05091181011256937
0.39373437378546544,0.6740789048802693,0.0420554215455547
0.3699026620155077,0.6760112040747133,0.028690325612901087
0.3517068268433719,0.6421959664951359,0.016452405961682463
0.31869668076958024,0.653467712750173,-0.002709600737208352
0.29728034029113626,0.6634512591032069,0.003087308972012228
0.3011449431893264,0.6906644725878598,0.015486254390567548
0.2887460087270462,0.6840624505931964,0.04914053241855471
0.29438188808712706,0.693884971072629,0.03223288121506607
0.3103233748870638,0.7297935269915514,0.01902881013722633
0.3388248190212974,0.7186828083243114,0.02337649213696283
0.3270699864348211,0.6945290707657102,0.019994961697769233
0.35090170136956317,0.7000039181047799,0.013392925976594278
0.3670042104639026,0.70580081518566,0.005180637452615085
0.35444425343929,0.6837404007363291,-0.011565990771120697
0.3745723894605243,0.6758501791422866,-0.01027778856931695
0.38552209492849454,0.6508913136410016,-0.025092114199419223
0.3918020728967602,0.6256103962871736,-0.03974541521750065
0.4341516647195038,0.5663532064223774,-0.05150026156827819
0.4446182930196744,0.5526660822119732,-0.028956720996971986
0.45444082080753845,0.5475132823584248,-0.01671879962957686
0.46909409940993074,0.5412333074253874,-0.008345485276219344
0.45814439678096625,0.5563696570557589,-0.0400674657967708
0.48455250248782533,0.5165964815050852,-0.056492045764059286
0.46281412294765345,0.48455250248782533,-0.06051767823603038
0.45701722148921214,0.50355345525469,-0.07388277840162435
0.4117691815215869,0.5479963573481991,-0.05890742524124012
0.38552209492849454,0.5686075562364942,-0.06647561438633309
0.35541040399700874,0.6090248252239032,-0.07533200616354975
0.32626486089952844,0.6246442465399569,-0.08708685380529398
0.3302904885559012,0.6727907054108536,-0.10866424647632691
0.3240105093900213,0.7130469363897001,-0.11494423416533837
0.30050084270950816,0.7080551640222053,-0.11365603155254703
0.30871312373090276,0.7040295410887081,-0.10657091727368953
0.2940598378406305,0.6876049989974378,-0.10657091727368953
0.28005065180704,0.7053177404329141,-0.10528271469416965
0.3098402995410591,0.6816470766588271,-0.16003132883712776
0.3040433953326013,0.6640953588572728,-0.17983744740644858
0.33689251780361973,0.6454164654654664,-0.19094819737717345
0.3217561578647639,0.6929188215305869,-0.19400767931997606
0.3449437728009232,0.6935629212256044,-0.19593998371976667
0.35959705638034917,0.6600697353731895,-0.2157461044809863
0.3525119523151711,0.6885711485554543,-0.21268662233324467
0.34832529983987115,0.6557220619537625,-0.2046353536612112
0.36780933589751685,0.651213363530777,-0.20785586110605644
0.3547663036255178,0.6566882116076049,-0.20849996259886044
0.3824626184381091,0.6729517303448129,-0.19851638960405282
0.394861549298529,0.7111146374179336,-0.165023114704035
0.3542832283460555,0.7425144942691562,-0.14779340252070605
0.3426894214219323,0.7634477304647639,-0.1593872274405416
0.3211120574260833,0.7694056512863852,-0.1341062486349041
0.3009839180694924,0.7937204080878928,-0.10544374001632971
0.31241670137806143,0.7805163681989783,-0.07629815800843379
0.32143410764558433,0.7661851535586947,-0.06647561438633309
0.3373755931091242,0.749760614645111,-0.059712551737634956
0.3465540237762716,0.7119197619909152,-0.06293305774322003
0.34880837512825585,0.6620020346518403,-0.08273917038126755
0.4072604796821399,0.6368821431235756,-0.08467147411807915
0.43688909061545217,0.6484759394574038,-0.05552589397822858
0.44687264368598567,0.6378482928340269,-0.0432879716070811
0.4716704999744266,0.6557220619537625,-0.04699155332851657
0.478755601420546,0.6729517303448129,-0.01671879962957686
0.47730637613742605,0.65411181252424,-0.020905456887438667
0.4951801541735431,0.6244832215818052,-0.008345485276219344
0.480204826697146,0.6367211181715515,0.007918066983752206
0.47730637613742605,0.6433231411384205,0.012265749132694855
0.4926037537970856,0.6417128916468045,0.015003178603928885
0.4926037537970856,0.66312920922569,0.0009939804778761492
0.4863237777931301,0.6805199021499097,-0.011243940220189364
0.48406942740286996,0.6830963010216268,-0.00029422167908787567
0.49888372967859296,0.683901425664803,-0.012371117149850171
0.5217492818534817,0.6771383785994414,-0.023320836099284415
0.5388179324185202,0.6687650820356568,-0.030889024413039357
0.5231985069366105,0.6566882116076049,-0.040550541666276335
0.5059688305261015,0.6413908417475136,-0.07855251232436442
0.49904475469958554,0.6467046650445671,-0.0685689433300131
0.508867280827882,0.624322196623573,-0.05681409635997639
0.5128929062037422,0.6486369644035415,-0.07919661356036774
0.4980786045724224,0.6029058764603359,-0.052144362750509016
0.46716179897303733,0.6024228015529919,-0.057941273448207105
0.4789166264516013,0.611279174739035,-0.06840791802617299
0.489383253297532,0.5856762043166311,-0.0305669738428943
0.5022652551025297,0.5602342568473164,-0.059712551737634956
0.4673228240098878,0.5460640573847519,-0.01752392602111639
0.469899224588549,0.5302836072491164,0.007273965919684413
0.4906714535012176,0.5307666822647459,0.022893416362097734
0.5016211550245173,0.5642598815808434,0.03706363879190081
0.4887391531937571,0.5531491571940141,0.02418161842680274
0.4571782465311327,0.5562086320634371,-0.014625471020941253
0.4417198421398153,0.5808454549518495,0.007918066983752206
0.490993503551334,0.5935664281231314,0.01757958279100577
0.48358635231719005,0.6122453245263979,0.0006719299391155986
0.47907765148257614,0.6492810641872858,-0.004641903996676611
0.4837473773458305,0.6624851094696884,-0.04602540157101679
0.462170022790755,0.6721466056742098,-0.07307765187002176
0.4462285434972203,0.67166353087088,-0.09465504360845768
0.43527884009123957,0.6639343339188772,-0.11413910753174394
0.4351178150383759,0.6834183508791393,-0.10930834777216547
0.4133794321632499,0.6953341953802465,-0.11993601933824932
0.40854868021413077,0.7032244164959568,-0.13201291926800704
0.4203035098307421,0.6779435032575415,-0.15407339096750797
0.3826236435172741,0.6363990682672614,-0.14956468130108233
0.35911398110812176,0.6017787016754049,-0.14344571828261365
0.3715129128662549,0.6363990682672614,-0.14280161691896426
0.3541222032527407,0.6309242198449853,-0.10657091727368953
0.34832529983987115,0.6315683196642082,-0.10077400570616239
0.344621722604889,0.5964648776361062,-0.10560476533856973
0.3484863249360797,0.5839049295579656,-0.1265380579107809
0.35991910656143217,0.5748875306354047,-0.14988673198946278
0.370385737271576,0.5476743073550967,-0.16711644428398584
0.38890362154198976,0.5504117322861958,-0.18998204519070258
0.4172440336704229,0.5499286573000464,-0.19980459255386654
0.44510136816378304,0.5468691823709313,-0.24392554667141408
0.4565341463629676,0.533504107339621,-0.2619603909568913
0.43817729102902936,0.5262579820906832,-0.2679183308070233
0.4101589308718805,0.5349533323698376,-0.27838498215976487
0.4101589308718805,0.5647429565454829,-0.26276551795727826
0.40468407860271555,0.5682855062640157,-0.2413491404266923
0.39969230145273926,0.5864813292037101,-0.26212141635680897
0.42545631171932285,0.6032279263981621,-0.258900908373626
0.3961497498800622,0.6359159934102215,-0.25278194329357384
0.35508835381142406,0.6473487648321822,-0.23474709951791656
0.34317249671875655,0.6756891542097792,-0.20302509995077309
0.3684534362429612,0.6945290707657102,-0.18354103068774882
0.372479063372844,0.718038708679645,-0.15890415139394132
0.36539395959064425,0.7368786227526231,-0.1577769739546718
0.3151541283073388,0.7528200876436537,-0.16373491189231795
0.31451002785548027,0.7690836015150695,-0.1859564111113728
0.3154761785327859,0.7645749046827378,-0.17548976273886754
0.3091961990785947,0.7713379499074962,-0.16985387529353438
0.3127387516062405,0.7640918300183763,-0.1577769739546718
0.2840762800398638,0.7246407299762623,-0.11687653809412242
0.3032382697398582,0.7165894844744244,-0.11430013285830289
0.30372134509574505,0.7107925875881761,-0.11591038612829085
0.27924552615445114,0.7370396476544677,-0.08982428413923065
0.29180548610615736,0.7230304808920355,-0.08402737287119524
0.3106454251173319,0.7241576552518416,-0.07082329759217608
0.3473591492609316,0.7478283158941735,-0.04135566811705303
0.3478422245507631,0.7439637183574247,-0.024448013070976715
0.34075712022740173,0.7682784770853673,-0.02670236702612923
0.31434900274231475,0.7948475821995933,-0.025253139481729983
0.31740847987871945,0.8299510025543195,-0.07082329759217608
0.30823004838248774,0.8508842330483615,-0.05133923627292055
0.33109561408114857,0.8500791088238442,-0.05150026156827819
0.31241670137806143,0.807729571766513,-0.03813516232595235
0.3294853630286448,0.8165859392938799,-0.04699155332851657
0.3122556762638514,0.800966527308338,-0.05745819755277093
0.3444606975067514,0.8125603177208253,-0.05069513509229033
0.34703709906730873,0.8000003780883955,-0.06454331075801573
0.3273920366483756,0.7869573633345812,-0.08193404382766285
0.3100013246564744,0.795330656817682,-0.09368889170885264
0.3291633128171797,0.8152977403959958,-0.12412267792962683
0.36523293450287625,0.8363919966979391,-0.12879241257609095
0.37425033929407325,0.8359089221416522,-0.1326570206102284
0.33979096962579625,0.8570031770886647,-0.1260549819131107
0.3512237515593278,0.8774533313238662,-0.12718215924212734
0.3494524755116434,0.8727836111802985,-0.12219037395765828
0.3380196935153382,0.8668256922777352,-0.12267344994957084
0.34832529983987115,0.8645713445560163,-0.09980785378831947
0.3402740449269607,0.8537826802398948,-0.07855251232436442
0.3386637939202663,0.794525532453797,-0.07549303147083039
0.3319007396043869,0.8177131133252871,-0.05182231215923354
0.29889059150433905,0.8685969654765429,-0.04586437627838028
0.33512124167724844,0.8486298852146215,-0.03942336463855066
0.28133885284700544,0.8611898229437333,-0.02251570969333443
0.2557358562135741,0.829306903132847,-0.002226524924142924
0.23995539186852602,0.814170566356106,-0.036363884154494104
0.23142105878922192,0.8326884250811546,-0.03990644050709571
0.24043846731910137,0.8370360961051904,-0.0360418335789059
0.25637995678270625,0.8412227422208093,-0.020905456887438667
0.272804520861455,0.8859876472726488,0.018223683834571378
0.29148343585709025,0.8853435479636823,0.024664694199745527
0.3246546098229162,0.9112685441276918,0.0377077397966982
0.36249550799852015,0.9270489755490655,0.032715956975993804
0.4304480884703295,0.9436345301852788,0.02691904779728025
0.4331855143977353,0.9452447781625071,2.782886063358494e-05
0.42738861240630305,0.9502365468405024,-0.016879824907724644
0.4346347398793018,0.928981273220751,-0.04505924981639829
0.43978754153875954,0.9152941644620455,-0.044898224524242
0.45331364550282816,0.8739107850142808,-0.03507568185406234
0.45025416965588133,0.8917845409951346,-0.0360418335789059
0.4320583390186782,0.894038888525581,-0.04715257862171332
0.4109640561977391,0.8811569024238706,-0.05343256511881212
0.41933735946746276,0.8731056608475547,-0.06679766499217292
0.4075825298156202,0.8692410648191389,-0.07114534820233673
0.40774355488223973,0.852977556022651,-0.09610427146326474
0.372479063372844,0.8631221210122596,-0.09723144868814976
0.3475201743576225,0.8486298852146215,-0.11107962634231985
0.34091814532738796,0.8351037978795579,-0.15648877117173146
0.30726389768348833,0.8296289528437448,-0.17516771202506815
0.3062977469815966,0.7898558111034456,-0.1973892120271607
0.313543877175282,0.7827707165111374,-0.20544048051942643
0.3330279153335451,0.7792281691563523,-0.1989994657096337
0.34590992338709675,0.7489554901669665,-0.21220354620729023
0.34880837512825585,0.7753635719974645,-0.20270304920964421
0.3428504465209541,0.791627084727092,-0.1719472049046574
0.35541040399700874,0.771821024560957,-0.16405696259476762
0.3919630979712613,0.7922711842241767,-0.12138524730607003
0.4182101840399767,0.8165859392938799,-0.09030736008291351
0.4130573820355608,0.8238320579981363,-0.11896986736330087
0.39518359944439485,0.8214166851148955,-0.11929191802129713
0.36732626063758944,0.8426719658634886,-0.10431656276288909
0.3776318660257686,0.856842152246994,-0.09578222082830322
0.3852000447729788,0.8756820581739643,-0.07565405677819105
0.37425033929407325,0.8570031770886647,-0.09465504360845768
0.3776318660257686,0.8355868724370569,-0.113978082205265
0.36120730728254863,0.8624780216573774,-0.11752063940627627
0.35621552945956375,0.8417058167690964,-0.12573293124839705
0.33496021657436886,0.8235100082814213,-0.11285090492215165
0.31756950499035824,0.8299510025543195,-0.0981976005983137
0.2966362398036058,0.8304340771195754,-0.1432846929415814
0.2636260880969113,0.8173910636024317,-0.1399031607983723
0.27747424971168766,0.7811604677183531,-0.1553615937408555
0.300017767348801,0.7642528549065776,-0.15681082186698692
0.3058146716295661,0.7684395019714693,-0.1742015598855881
0.32964638813425684,0.7731092236332999,-0.22154301810316349
0.36024115674219365,0.7661851535586947,-0.1880497408263912
0.39148002274751675,0.7763297212915471,-0.16212465838486562
0.379886217160533,0.8014496019172186,-0.1928805017587453
0.3856831200061318,0.8468586119055707,-0.17082002742006655
0.35074067627456024,0.8760041078383103,-0.13684367936585118
0.331256639185957,0.8779364058175965,-0.10399451211976875
0.29341573734667337,0.8892081437980769,-0.11607141145572952
0.2620158367078076,0.9225402809365049,-0.09562119551094245
0.24414204574950701,0.8880809700178557,-0.08402737287119524
0.26024456017051845,0.8929117147623388,-0.06277203244218056
0.2921275363549032,0.928820248415222,-0.04876283155808272
0.3108064502323454,0.8723005366788077,-0.047796679795300674
0.31048440000223804,0.8481468106767592,-0.07533200616354975
0.28939010923032155,0.8439601646514862,-0.09223966386484471
0.29840751614122174,0.8236710331398193,-0.09787554996127244
0.331417664290685,0.8288238285658943,-0.062127931238822924
0.36426678397458,0.8140095414929414,-0.04924590744055418
0.36861446132912123,0.7951696319450664,-0.0882140309988209
0.3265869111138866,0.7914660598526188,-0.11301193024807077
0.3172474547670002,0.756040585505371,-0.10769809453496851
0.30517057115906726,0.7314037760418801,-0.09723144868814976
0.3670042104639026,0.7207761321605597,-0.06872996863393321
0.3781149412702591,0.7107925875881761,-0.05520384338359189
0.37183496303543945,0.7012921174651237,-0.029117746281203994
0.3525119523151711,0.701936217143359,-0.03443158070576753
0.3623344829093051,0.731564800946469,-0.018007001857000833
0.35154580174877087,0.7346242741183232,-0.02348186138071458
0.34381659711339696,0.7504047142261735,-0.0400674657967708
0.3402740449269607,0.7314037760418801,-0.047796679795300674
0.32304435873826814,0.747989340790529,-0.07984071479765115
0.2864916569554613,0.791949134475796,-0.08676480317929199
0.2853644810637649,0.8030598506082376,-0.09111248665731825
0.2620158367078076,0.8167469641557518,-0.11220680361927493
0.27683014918463694,0.8101449447527571,-0.10254528422968656
0.2676517165345366,0.7937204080878928,-0.0843494234944772
0.21306419064696364,0.7940424578344967,-0.09690939805206836
0.20066525280276792,0.7629646557987069,-0.11719858875003941
0.2449471714896273,0.781482517477556,-0.10657091727368953
0.26040558531067354,0.7558795606130522,-0.0964263220985462
0.28745780771663976,0.7711769250228476,-0.0853155753662431
0.28359320465457555,0.759905182896804,-0.08338327162559138
0.2932547122229832,0.7566846850738393,-0.07017919637281493
0.29518701370196265,0.7711769250228476,-0.08901915756802581
0.3169254045433208,0.788567612098292,-0.05359359041521014
0.31370490228884923,0.7721430743295272,-0.05375461571168819
0.3056536465120619,0.7579728842069005,-0.05681409635997639
0.30372134509574505,0.7657020788967555,-0.028795695712820032
0.3006618678295832,0.7674733526536466,-0.03716901059486539
0.27055016897854745,0.7898558111034456,-0.018007001857000833
0.2742537470635832,0.7896947862280841,-0.006896257813962575
0.26507531434023857,0.8041870246871446,-0.01365931935998069
0.24881177501426346,0.8206115608164423,-0.032660302554560594
0.23109900847992712,0.8217387348337113,-0.044093098064661086
0.20308063034220247,0.8500791088238442,-0.06631458908353322
0.1757063505047305,0.878258455479679,-0.05600896987078381
0.20597908336568885,0.896132211218234,-0.04860180626408562
0.21692879455307562,0.9347781661659214,-0.06567048787313387
0.1987329507582197,0.9259218019018701,-0.06277203244218056
0.19712269904560212,0.9003188565625452,-0.06518741196617454
0.2077503602005743,0.892428640291165,-0.06534843726841431
0.20243652966678544,0.8665036426041739,-0.025736215329142588
0.22014929777285258,0.829306903132847,-0.0038367776371635715
0.22417492675242318,0.8437991398032693,0.0024432078983348286
0.2697450433022656,0.8628000713349802,-0.0001331964091871075
0.27683014918463694,0.8421888913166561,0.0016380815544363321
0.2618548115684556,0.8684359406406919,0.038351840800213845
0.24832869957621312,0.8210946353957567,0.04559797700144261
0.23560771278083276,0.8043480495552368,0.05042873437879953
0.23657386369426683,0.817230038740883,0.05815794603258531
0.24011641701879807,0.8130433923122576,0.04769130520715024
0.2290056814616841,0.8259253811489073,0.06637023321245362
0.2555748310710903,0.8497570591334715,0.03593646203042125
0.27956757641572766,0.8371971209568012,-0.0073793336339942105
0.2652363394779845,0.8272135800041334,-0.0020654996532812626
0.27103324438335274,0.816907989017543,-0.026219291177275672
0.28262705388183035,0.8198064365159694,-0.07613713270075309
0.2703891438434517,0.819323361934716,-0.06261100714122113
0.27296554599534606,0.8151367155333968,-0.07790841108964122
0.25541380592852625,0.8227048839882196,-0.07823046170684281
0.22642927895906884,0.8602236739051053,-0.08579865130320605
0.24381999545289695,0.8718174621765896,-0.09562119551094245
0.2541256047851228,0.8956491367519116,-0.10963039842056464
0.253320479067886,0.870207213830608,-0.11011347439376322
0.24349794515596568,0.8624780216573774,-0.10834219582888753
0.2628209624033633,0.8392904440203883,-0.11929191802129713
0.2742537470635832,0.8599016242249161,-0.10995244906928373
0.24285384456113968,0.8317222759567028,-0.11156270231767788
0.24655742296384606,0.8326884250811546,-0.0882140309988209
0.2771521994483229,0.8305951019744992,-0.04103361753650223
0.3024331441451066,0.8489519349061255,-0.03475363127975485
0.3032382697398582,0.8544267796122351,-0.03475363127975485
0.3032382697398582,0.8486298852146215,-0.06083972883594871
0.31241670137806143,0.8697241393252372,-0.049728983323745944
0.34188429592561775,0.8740718098473834,-0.03169415083980284
0.3360873922928383,0.8576472764545392,-0.013015218254274916
0.30500954604124175,0.8842163741698785,-0.017201875464260396
0.2969582900475317,0.892428640291165,0.003248334240231383
0.3074249228001891,0.9059547252089527,-0.019778279928075036
0.29486496345626945,0.9022511543953297,-0.030083897988277087
0.313543877175282,0.9339730421520277,-0.02348186138071458
0.3141879776290689,0.9423463317976715,-0.059712551737634956
0.32352743406450635,0.9579657368981962,-0.10335041083448793
0.3434945469162375,0.9539401170997415,-0.1416744395356559
0.3586309058351708,0.9711697694821605,-0.13120779259202947
0.3728011135410638,0.9706866951289213,-0.1360385526778798
0.40919278047819585,0.9521688443724017,-0.15101390940131257
0.44671161863891495,0.913844941147501,-0.15745492325845709
0.4409147168907835,0.9169044125816342,-0.16373491189231795
0.4483218691060004,0.8814789520827195,-0.1339452232985092
0.45009314461050054,0.8571642019302546,-0.10705399324232921
0.44027061669010975,0.8494350094427756,-0.0927227398121274
0.4291598880258581,0.8545878044551181,-0.1060878413057697
0.41595583317317997,0.8185182376310114,-0.13249599527455314
0.4310921886906344,0.8133654420394755,-0.13104676725707384
0.45894952198694783,0.8481468106767592,-0.13475034998128332
0.45444082080753845,0.8644103197181443,-0.10560476533856973
0.460076697271942,0.8682749158047599,-0.08193404382766285
0.44880494424455697,0.8983865587181168,-0.042965921024609374
0.42980398824873745,0.9051496011226735,-0.01961725464848618
0.40500612873876957,0.8904963423991932,-0.03877926348161117
0.4194983845282104,0.9207690080356499,-0.05939050113883694
0.3988871760987306,0.9632795549547245,-0.05697512165805499
0.40194665243326694,0.952973968340588,-0.05150026156827819
0.4236850360794146,0.8966152856838286,-0.02283776025547426
0.410642006067637,0.9302694716620705,-0.06132280473642638
0.400980502014971,0.9347781661659214,-0.10093503102608284
0.40629432927976866,0.9658559515564743,-0.150369808022633
0.39276822334256034,0.9652118524079789,-0.15391236562119925
0.395988724807652,0.9473381005208092,-0.15391236562119925
0.4133794321632499,0.9890435200399815,-0.15455646700691372
0.41837120910128744,0.9721359181864538,-0.16212465838486562
0.43238038912738247,0.9850179006319782,-0.15181903612646072
0.4162778832979733,0.9739071908034254,-0.12750420990828035
0.41901530934572606,0.9471770757245023,-0.14054726215626517
0.3967938501688986,0.9351002157709126,-0.11494423416533837
0.3963107749523919,0.9396089102068155,-0.1258939565807139
0.39550564958993895,0.9396089102068155,-0.12106319664599452
0.38970874692092844,0.9629575053780494,-0.11848679137690624
0.3570206549201091,0.9722969429702196,-0.10415553744128891
0.3494524755116434,1.0001542293435826,-0.08918018288210676
0.3293243379229524,1.0138413344776327,-0.08322224631439043
0.34526582299663594,1.0210874487235637,-0.05262743863802246
0.35830885565280157,1.019960275407187,-0.0329823531267869
0.3618514076411775,1.0157736316259114,-0.01752392602111639
0.3649108843270991,0.9996711550340484,-0.03153312555429005
0.3858441450836886,0.9996711550340484,-0.023964937225485403
0.39019182214732656,0.9842127767443073,-0.022676734974364315
0.3827846685963587,0.9486262988883534,-0.06067870353594954
0.36909753658711913,0.9173874870159338,-0.09787554996127244
0.3618514076411775,0.8834112500290218,-0.12315652594220312
0.3236884591730917,0.878258455479679,-0.1463441744348661
0.29486496345626945,0.8871148210602273,-0.15745492325845709
0.2576681579171162,0.8755210333416699,-0.1819307770819889
0.281016802587496,0.8874368707130935,-0.1961010090869353
0.2750588727286212,0.8985475835389305,-0.18611743647358703
0.2600835350302831,0.8872758458867008,-0.18772769010012472
0.2567020070667905,0.8875978955394053,-0.1719472049046574
0.25219330306038207,0.8690800399836112,-0.15101390940131257
0.24993895103357072,0.8587744503417079,-0.12363960193555512
0.2497779258881963,0.8706902883352512,-0.08756992974489695
0.2658804400281652,0.8703682386655698,-0.059712551737634956
0.2600835350302831,0.8716564373423552,-0.06019562763643214
0.27650809892062966,0.860706748424783,-0.0014213985706353523
0.31048440000223804,0.8697241393252372,0.014359077553956101
0.3236884591730917,0.9125567426401843,-0.008506510550203772
0.35653757964402305,0.8972593849701563,-0.01752392602111639
0.3842338943045019,0.9148110900245919,-0.045703350985823815
0.4174050587322163,0.9307525460762307,-0.09449401829165685
0.4194983845282104,0.9194808095561541,-0.10045195506656146
0.4185322341625178,0.9054716507574277,-0.11816474071970971
0.39534462451720714,0.9210910576547151,-0.10335041083448793
0.40822663008161564,0.9239895042117432,-0.09513811955934008
0.43350756450531325,0.935261240573287,-0.13120779259202947
0.43431268977285026,0.9315576700982133,-0.15359031492882166
0.42126966019112566,0.9344561165606067,-0.1827359038838699
0.42110863513126284,0.9347781661659214,-0.1936856285877963
0.4178881339171139,0.9817974050691548,-0.1597092781386748
0.4185322341625178,1.0260792162198284,-0.17726104167047865
0.39792102567126625,1.0164177306727469,-0.16309081048837779
0.35541040399700874,1.0320371321618964,-0.15584466978217987
0.3277140868616087,1.0169008049570236,-0.16373491189231795
0.30211109390664354,1.0597333885991884,-0.13426727397137897
0.3075859479168095,1.1025659665101533,-0.10431656276288909
0.2884239584749265,1.091455260760601,-0.10769809453496851
0.25815123334119505,1.1315504144754422,-0.10109605634608328
0.25621893164054366,1.1387965260564197,-0.10270630955048687
0.27344862139653736,1.1072356833042347,-0.0774253351644389
0.27328759626288723,1.092099359655167,-0.04022849108652594
0.2921275363549032,1.0706830707158064,-0.022193659131514828
0.28262705388183035,1.0763189363651084,-0.009955738019666677
0.24832869957621312,1.056673918529068,0.04430977502196975
0.29067831023301655,1.0323591816691204,0.051394885845618125
0.2964752146815223,1.0154515821020078,0.05316616352729429
0.29422086296391897,0.9948404118986361,0.06218357702915119
0.3019500687872915,0.9407360838058816,0.0265969972843079
0.31048440000223804,0.926404876322582,0.030622628673433572
0.32868023749937925,0.9038614025804219,0.025791871000475287
0.34188429592561775,0.9077259981916507,0.011299597549086266
0.34075712022740173,0.9270489755490655,-0.009955738019666677
0.372479063372844,0.9436345301852788,-0.00802343472849069
0.3745723894605243,0.9458888773511331,-0.02766851872599775
0.38375081906917785,0.9313966452939785,-0.03813516232595235
0.3797251920800011,0.9491093732748476,-0.07114534820233673
0.3618514076411775,0.9598980343834924,-0.07806943639820202
0.3752164897924615,0.9718138686186798,-0.09658734741630694
0.4066163794142141,0.9333289429394568,-0.118325766048268
0.4217527353702314,0.9244725786353669,-0.13217394460344245
0.43431268977285026,0.9360663645839451,-0.1350724006549527
0.4446182930196744,0.9512026956079083,-0.13491137531807804
0.4356008901967257,0.9447617037701881,-0.09159556260292105
0.4153117329226279,0.9201249087965491,-0.058263324045564675
0.3845559444609825,0.9351002157709126,-0.04522027510863462
0.36346165853212237,0.9330068933326859,-0.07452687962834664
0.3428504465209541,0.9162603133347692,-0.057941273448207105
0.3185356556585039,0.9215741320827062,-0.05037308450245541
0.3199848816552984,0.9294643476368525,-0.010921889669578296
0.32497666003888154,0.9505585964299613,-0.02187160857001545
0.3365704675995483,0.977771785570102,-0.014786496298048235
0.33415509105876534,0.9795430581559168,-0.007057283087226383
0.34236737122364763,0.9768056368828029,-0.03894028877072598
0.3162813040949977,0.9755174386285388,-0.009150611646942164
0.298246491020022,0.9629575053780494,-0.012210091873944147
0.30050084270950816,0.9400919846069007,-0.05117821097764294
0.3319007396043869,0.926404876322582,-0.04538130040095098
0.34043507002718804,0.8874368707130935,-0.03346542898572669
0.33447714126524786,0.8935558140561052,-0.044093098064661086
0.3246546098229162,0.9441176045792967,-0.04538130040095098
0.30017879246911705,0.9402530094067673,-0.07984071479765115
0.32062898209622903,0.931718694902367,-0.09417196765829519
0.30726389768348833,0.9410581334048868,-0.1180037153912314
0.3154761785327859,0.9442786293771409,-0.1350724006549527
0.31177260092073916,0.9336509925459041,-0.11236782894487415
0.28697473233641196,0.9148110900245919,-0.08193404382766285
0.28262705388183035,0.9003188565625452,-0.056492045764059286
0.28166090310619357,0.8797076789550489,-0.03249927726856752
0.27940655128512953,0.8999968069226156,-0.036846960018476746
0.26249891212538196,0.9268879507425659,-0.023642886662224798
0.2573461076339955,0.9065988244765205,-0.020744431607289403
0.23931129126663486,0.8797076789550489,-0.033787479558753455
0.2520322779161317,0.8711733628391669,-0.01365931935998069
0.25637995678270625,0.8698851641604417,-0.03652490944240827
0.2781183502374534,0.8974204097915361,-0.05262743863802246
0.3064587720987794,0.8809958775943248,-0.06776381681161277
0.33351099064483597,0.8879199451917865,-0.06824689272241292
0.37843699143285076,0.8729446360139669,-0.07436585432154606
0.4013025521547247,0.8779364058175965,-0.059229475839557975
0.4170830086085491,0.9056326755746837,-0.06840791802617299
0.4265834871214691,0.9143280155864103,-0.07774738578116044
0.40452305353456786,0.9146500652119456,-0.0843494234944772
0.39969230145273926,0.8846994486534224,-0.0928837651280483
0.37714879078055447,0.8520114069592916,-0.09674837273414764
0.3863272203158766,0.8793856292944215,-0.08193404382766285
0.3776318660257686,0.8900132679243808,-0.07533200616354975
0.3824626184381091,0.8824451010573259,-0.07001817106817468
0.3670042104639026,0.8560370280374281,-0.04699155332851657
0.36120730728254863,0.8378412203624364,-0.02589724061177356
0.3587919309262348,0.8547488292979202,-0.04103361753650223
0.3705467623567713,0.8452483634343118,-0.03910131405992082
0.3810133927220054,0.8315612511023447,-0.008506510550203772
0.3684534362429612,0.8452483634343118,-0.028956720996971986
0.36410575888624924,0.8507232082036198,-0.015430597407276784
0.36072423201273285,0.8489519349061255,-0.0023875501950846602
0.3650719094150279,0.8449263137390902,-0.01365931935998069
0.4006584518748956,0.842349916165681,-0.029600822134380318
0.4153117329226279,0.8652154439066955,-0.032177226696821506
0.395988724807652,0.8694020896545858,-0.029117746281203994
0.39019182214732656,0.8628000713349802,-0.021549558008836293
0.3710298376118749,0.861028798104164,-0.023320836099284415
0.3623344829093051,0.861672897461956,-0.011888041322372292
0.3702247121863003,0.8679528661326535,-0.006574207267675165
0.38874259646596077,0.8661815929302892,-0.030405948557941848
0.38197954320013155,0.8719784870107431,-0.031050049698231958
0.409353805544011,0.883733299685607,-0.011727016046706461
0.4657125736377617,0.885021498308714,-0.002226524924142924
0.48358635231719005,0.8903353175743366,-0.02477006363503786
0.4822981520851686,0.8673087667874709,-0.03652490944240827
0.5050026804197109,0.8916235161709248,-0.014625471020941253
0.5054857554732686,0.8813179272533354,-0.00029422167908787567
0.4843914774595874,0.9009629558414338,-0.023642886662224798
0.4971124544423609,0.8763261575023331,-0.028634670428748125
0.5050026804197109,0.8599016242249161,-0.04441514864825334
0.5161134064681954,0.8283407539982145,-0.08145096789646007
0.5454199573943587,0.8618339223012019,-0.06083972883594871
0.536885632399978,0.8587744503417079,-0.05101718568244538
0.48455250248782533,0.8492739845973064,-0.0407115669562716
0.4876119780090518,0.853299605709791,-0.04538130040095098
0.44027061669010975,0.8674697916238877,-0.0479577050888976
0.4235240110207585,0.8785805051414382,-0.020100330487492928
0.41837120910128744,0.8777753809864338,-0.017201875464260396
0.4021076775027015,0.8771312816609752,-0.03942336463855066
0.394861549298529,0.876809231997761,-0.03877926348161117
0.4058112540774972,0.8723005366788077,-0.03894028877072598
0.42803271263272213,0.9024121792142028,-0.005447030358191439
0.4225578606671322,0.8900132679243808,0.03464826001249534
0.4185322341625178,0.8866317465803216,0.060251274157049554
0.40452305353456786,0.8732666856810616,0.057835895550696605
0.4138625073541803,0.8764871823342232,0.05187796157794581
0.44139779204044394,0.8719784870107431,0.01757958279100577
0.4328634642898355,0.8898522430992818,-0.0030316512796523367
0.4396265164881486,0.8859876472726488,-0.053271539822494135
0.4898663283745179,0.8750379588443019,-0.10963039842056464
0.482459177114453,0.9078870230077744,-0.10721501856536905
0.48149302693753904,0.9228623305537906,-0.11333398090014893
0.4740858754849283,0.9555503650251915,-0.10109605634608328
0.4681279491929327,0.9735851412374317,-0.07420482901482549
0.497595529507754,0.9779328103510352,-0.049084882146317
0.48455250248782533,0.9990270559535358,-0.029278771565516053
0.469899224588549,1.0146464582908323,-0.01059983911928749
0.460076697271942,1.0038577990258095,-0.023964937225485403
0.42465118642966215,1.0156126068640001,-0.03958438992798563
0.39792102567126625,1.0094936658513802,-0.035719783003637866
0.4021076775027015,1.0468514091589478,-0.028634670428748125
0.3715129128662549,1.0813107030001845,-0.021066482167667988
0.3760216152055739,1.1014387934806815,-0.026380316460146803
0.3481642747435822,1.113032573022759,0.023054441620466194
0.3447827477029463,1.1107782270335915,0.04753027996103804
0.37376726404379373,1.089361939344308,0.06105640035516083
0.3884205463136616,1.099023422689871,0.07812507528369435
0.39437847407912713,1.0951588293866508,0.05960717319711824
0.4328634642898355,1.064725155492926,0.0457590022485162
0.4442962429231997,1.0779291836752525,0.0549374411992757
0.4364060154590331,1.0597333885991884,0.05026770913404934
0.43721114071932915,1.0312320083924191,0.0331990327362006
0.4103199559372131,1.0111039134976143,0.04028414380307029
0.4346347398793018,1.0194772011275255,0.0024432078983348286
0.45621209627840215,0.9980609073303388,-0.02460903835296726
0.4647464234106229,1.0033747247218605,-0.04167771869792399
0.46651769882483074,1.0136803097147495,-0.05616999516846228
0.45250852028276384,1.0141633840031552,-0.04232181986062637
0.44397419282640316,1.039444270746101,-0.04119464282673762
0.45959362215028454,1.0349355777152527,-0.008506510550203772
0.4591105470279027,1.0154515821020078,0.0034093595083704584
0.4644243733342661,0.9864671236246867,-0.01832905241465743
0.46893307437396553,0.9880773713866742,-0.021549558008836293
0.46587359867533645,1.001764477036769,0.010172420697899033
0.46861102430179385,0.9909758173378552,-0.00979471274496164
0.48197610202635827,1.0019255018056425,-0.04119464282673762
0.4620089977513291,1.0057900962343196,-0.057941273448207105
0.4520254451497597,0.9864671236246867,-0.06776381681161277
0.4703822996947542,0.989848643915512,-0.09079043602731637
0.4781115012955199,0.9743902651518092,-0.10963039842056464
0.4781115012955199,0.9726189925375082,-0.13909803410280516
0.4926037537970856,0.9763225625380608,-0.16051440488540666
0.4851966025999722,0.9869501979541327,-0.15681082186698692
0.46539052356237065,0.9561944641931062,-0.13362317262595924
0.4475167438734635,0.9571606129425507,-0.13636060335282846
0.4191763344066346,0.9500755220456515,-0.17468463595496847
0.4228799107853294,0.9455668277569819,-0.1859564111113728
0.4393044663866853,0.9452447781625071,-0.1727523316817629
0.4526695453269377,0.9215741320827062,-0.16824362175570834
0.4736028003842767,0.8879199451917865,-0.12508882991992937
0.4483218691060004,0.8626390464962193,-0.11011347439376322
0.41370148229061726,0.8932337644093836,-0.09916375251135731
0.39325129856437474,0.9045055018521946,-0.03475363127975485
0.3842338943045019,0.9057937003918586,-0.024448013070976715
0.3869713206243348,0.911751618570483,-0.04956795802926865
0.4124132817792174,0.8859876472726488,-0.023964937225485403
0.38020826732135576,0.8682749158047599,-0.01671879962957686
0.3972769253846816,0.876809231997761,0.0037314100444083755
0.3808523676420363,0.8747159091789859,-0.0010993480297928424
0.3990482011696932,0.8531385808662616,-0.022998785536664255
0.4119302065861152,0.8336545742026975,-0.01059983911928749
0.43882139123388697,0.8347817481741545,0.015003178603928885
0.4644243733342661,0.822221809411329,0.04092824480145891
0.489383253297532,0.8286628037100818,0.020639062736529313
0.5053247304554965,0.8378412203624364,0.0277241740783094
0.5209441568044804,0.8481468106767592,0.022249315327822934
0.5244867070050266,0.8740718098473834,0.020961113255428786
0.5106385559994606,0.8877589203656362,-0.024125962507235785
0.4922817037485793,0.9053106259400912,-0.012371117149850171
0.482459177114453,0.9191587599354715,-0.020905456887438667
0.4647464234106229,0.9281761491922974,-0.04103361753650223
0.47505202568405824,0.9347781661659214,-0.044737199232165736
0.48181507699683235,0.947821174909245,-0.08064584134605556
0.5125708561755254,0.9349391909684576,-0.08579865130320605
0.5381738324136282,0.8991916828213768,-0.06953509515473402
0.5489625073255726,0.8904963423991932,-0.08579865130320605
0.560073231856928,0.8946829878170834,-0.10399451211976875
0.5700567811086587,0.8929117147623388,-0.11156270231767788
0.5721501059124854,0.8818010017412449,-0.10415553744128891
0.5639378316040143,0.8539437050831011,-0.12090217131607672
0.5515389072510581,0.8336545742026975,-0.09690939805206836
0.5399451074239803,0.8526555063351879,-0.06840791802617299
0.5805234049916188,0.8305951019744992,-0.05842434934436349
0.5848710794275374,0.8305951019744992,-0.08563762599080506
0.5871254291119229,0.8309171516841042,-0.09320581576013005
0.6257714212447609,0.8460534876709515,-0.05745819755277093
0.6713414810015902,0.8843773989978072,-0.04151669340744849
0.6971054695251262,0.9035393529440503,-0.06438228545617607
0.6858337248001978,0.9067598492932102,-0.08402737287119524
0.6434841660871388,0.9128787922674987,-0.08483249943000014
0.6473487648321822,0.912717767453882,-0.06341613364681851
0.618686323034655,0.9125567426401843,-0.026380316460146803
0.6117622496330792,0.9479821997052286,-0.01752392602111639
0.6196524727997689,0.9344561165606067,-0.018007001857000833
0.6075756005272613,0.9645677532581888,-0.008989586372637465
0.619491447839118,0.9835686776327138,-0.01027778856931695
0.618686323034655,1.0001542293435826,-0.0329823531267869
0.6130504493469835,1.0086885420252276,-0.048118730382574554
0.6338226690213301,1.0054680467003774,-0.0717894494236182
0.631246269754758,1.02446896864889,-0.11333398090014893
0.6338226690213301,1.0202823249265567,-0.09095146134227731
0.6006515268865243,1.0228587210698545,-0.09980785378831947
0.6335006191141374,1.0185110525660162,-0.09046838539763447
0.62319502191369,1.0386391469952485,-0.08273917038126755
0.6117622496330792,1.041537592488842,-0.08998530945371161
0.5983971772969154,1.0571569927526097,-0.1260549819131107
0.6056433009215827,1.0706830707158064,-0.12154627263622775
0.5956597527740102,1.078412257866716,-0.10769809453496851
0.5758536805320518,1.0837260739246897,-0.11719858875003941
0.592761303253782,1.0658523286517063,-0.11607141145572952
0.6027448514913019,1.0753527879751332,-0.12637703257814417
0.6014566517361277,1.0578010917161984,-0.13024164058349508
0.5834218546220918,1.047173458651271,-0.14215751555659403
0.5842269795148118,1.0634369575923168,-0.13346214728980418
0.583582879600797,1.0792173815175345,-0.12041909532680316
0.6116012246684784,1.0716492191198774,-0.15230211216250894
0.6141776240924178,1.074708689046863,-0.16003132883712776
0.6061263758240906,1.0743866395822415,-0.16003132883712776
0.6119232745975994,1.0631149081163545,-0.15359031492882166
0.6254493713295058,1.0999895710083831,-0.15761594860652448
0.6629681842868106,1.075191763243187,-0.14763237717751515
0.6922747218342783,1.083242999741247,-0.15053083336718298
0.6813250267995397,1.0998285462888338,-0.1360385526778798
0.6900203728870333,1.0993454721296991,-0.11333398090014893
0.71288591147583,1.113032573022759,-0.06196690593818358
0.7138520609578398,1.0946757552204665,-0.04554232569334738
0.7317258258509772,1.058445190678491,-0.036363884154494104
0.6853506500174382,1.052648299971203,-0.027990569293261002
0.6781045281889195,1.0241469191337307,0.0014770562854164017
0.641873916596329,1.0146464582908323,-0.0064131819946515655
0.6080586754268675,1.0181890030448653,-0.010438813844262188
0.6003294769461189,0.9958065605315466,-0.029278771565516053
0.6165929985336188,1.007239319133052,-0.05150026156827819
0.5959818027190904,1.0007983284218287,-0.02605826589448459
0.5980751273542533,0.9848568758546058,-0.0019044743824996738
0.5879305539953754,0.9864671236246867,0.029817502399613477
0.5595901568852794,1.0276894637826701,0.038995941802447746
0.5673193563446468,1.0437919389657186,0.04269952254041841
0.5508948072716201,1.0441139884611195,0.01725753226874242
0.5555645320933437,1.0312320083924191,0.010333445962594607
0.5869644041349905,1.0217315477597122,-0.004319853452631179
0.619491447839118,1.0439529637134595,-0.04618642686373333
0.6515354134202299,1.047656532889149,-0.07484893024218786
0.6610358850139666,1.0235028201024403,-0.0648653613619351
0.6694091817790759,1.0009593531911876,-0.06985714576361444
0.6781045281889195,0.9806702316145187,-0.08451044880623818
0.6753671043445226,0.9872722475066922,-0.10769809453496851
0.67166353087088,0.9700425959901362,-0.09626529678086547
0.6855116749451055,0.9779328103510352,-0.08177301851718191
0.6586205109065797,1.001281402729663,-0.09401094234173435
0.641873916596329,1.0169008049570236,-0.08177301851718191
0.6533066878064546,1.0140023592404344,-0.06422126015441643
0.6265765460314879,1.0212484734827223,-0.04892385685215984
0.6107960998442654,1.0088495667906199,-0.027829544009589355
0.6138555741655539,1.0148074830532292,-0.038457212903621675
0.6008125518566063,1.0378340232423717,-0.02187160857001545
0.6008125518566063,1.0181890030448653,-0.013981369913313956
0.6029058764603359,1.0207653992050039,-0.029761847418932525
0.6119232745975994,1.0035357494899244,-0.00963368747033667
0.6038720262728476,0.9748733394994645,0.014037027028489175
0.6190083729566821,0.973746166020469,0.018384709095262554
0.6149827489081668,0.9867891731777318,0.028207249845965694
0.6165929985336188,1.0057900962343196,0.00888421857745142
0.6626461344088098,1.0264012657330446,0.002926283703712995
0.6785876029825696,1.038317097494341,0.012748824923417983
0.6858337248001978,1.031554057900453,0.012104723868960303
0.683901425664803,1.0191551516073463,-0.01961725464848618
0.6909865224377889,1.0053070219332847,-0.019134178810199954
0.7064449148548582,1.0148074830532292,-0.07919661356036774
0.7202930574303283,0.9837297024107337,-0.056492045764059286
0.7294714771805172,0.9922640155299622,-0.0374910611715742
0.7093433633502729,1.0215705230007965,-0.036846960018476746
0.7193269079676866,0.9925860650771796,-0.02042238104723105
0.7260899541451658,0.9845348262996185,-0.04022849108652594
0.7107925875881761,0.9956455357595971,-0.048118730382574554
0.6945290707657102,0.9642457036828082,-0.052144362750509016
0.6816470766588271,0.9735851412374317,-0.04827975567633155
0.6987157187392723,0.9645677532581888,-0.05166128686371584
0.6748840295460327,0.9238284794037069,-0.037974137037237746
0.6735958300798434,0.9177095366383958,-0.058263324045564675
0.6560441118386993,0.9062767748428984,-0.035719783003637866
0.6286698704675456,0.9080480478238173,0.007273965919684413
0.6111181497741924,0.896132211218234,0.019189835397517046
0.5613614317777796,0.9006409062021512,0.021605214292266615
0.5436486824141316,0.9227013057451882,0.0013160310163163943
0.5647429565454829,0.9339730421520277,-0.010438813844262188
0.5876085040422362,0.9555503650251915,-0.012693167701902416
0.6185252980735205,0.968432348137509,0.008401142780962186
0.6325344693906242,1.0178669535233906,0.0317498054534174
0.6281867955988956,1.0331643054357635,0.0528441130404379
0.6220678471998565,1.0341304539530631,0.08054045373859052
0.6380093177854865,1.025918191463099,0.08569326104876546
0.6335006191141374,1.0294607360924435,0.06765843510411021
0.633661644067774,1.041537592488842,0.039640042803399896
0.6122453245263979,1.058445190678491,0.038190815549455095
0.6107960998442654,1.0349355777152527,-0.00963368747033667
0.6014566517361277,0.9824415041843093,-0.01671879962957686
0.576980855407807,0.9632795549547245,-0.007862409454746467
0.5599122068664592,0.9544231914782262,-0.000455246949068719
0.5442927824080691,0.9342950917578278,-0.01011676329445178
0.5003329548646278,0.9328458685291792,0.0013160310163163943
0.49373092896432164,0.9336509925459041,0.01468112807910267
0.4547628708938743,0.9140059659605516,0.00888421857745142
0.42754963746302843,0.9363884141876421,0.026435972027701576
0.43173628890965204,0.9674661994220486,0.020639062736529313
0.4365670405112532,1.0062731705346255,-0.016396749073521472
0.40468407860271555,1.038317097494341,-0.010921889669578296
0.4135404572269738,1.056190844304797,0.02337649213696283
0.422718885726271,1.0689117986341015,0.013553951239688132
0.3842338943045019,1.0900060382430874,-0.002226524924142924
0.40693842954833787,1.0888788651693726,0.004375511115523263
0.4272275873494972,1.1014387934806815,0.0024432078983348286
0.4174050587322163,1.1091679798887464,0.02949545188952473
0.4431690675830036,1.0851752964706425,0.02530879522921455
0.4378552409261178,1.0631149081163545,0.010977547020576054
0.4644243733342661,1.0697169223088188,0.024664694199745527
0.4834253272884691,1.05699596801151,0.018867784876855528
0.4890612032458056,1.0173838792405714,-0.015269572129849555
0.46861102430179385,1.0243079438913507,-0.03620285886665998
0.4982396295938175,0.9975778330176474,-0.03233825198265449
0.5149862313793006,1.002086526574435,-0.03555875771612392
0.5059688305261015,0.9598980343834924,-0.05939050113883694
0.5077401057136229,0.956999588151179,-0.08338327162559138
0.4900273534000188,0.9386427614044609,-0.07484893024218786
0.46909409940993074,0.9713307942664118,-0.11011347439376322
0.4454234182594532,0.9866281484012497,-0.09803657527975307
0.451864420105264,0.9925860650771796,-0.07114534820233673
0.42610041194960346,0.9846958510771525,-0.038296187614746985
0.4058112540774972,1.0257571667062886,-0.034109530132100406
0.409353805544011,1.042986815225799,-0.0479577050888976
0.40049742680473727,1.0330032806825968,-0.05729717225445226
0.41901530934572606,1.036706849984943,-0.0432879716070811
0.41466763267078893,1.0317150826543484,-0.044254123356417194
0.4283547627454489,1.024629993406348,-0.05246641334210461
0.46828897422930027,1.038317097494341,-0.02460903835296726
0.5079011307301872,1.054097522657866,-0.002226524924142924
0.5120877811325962,1.0529703494576952,0.029173401379115577
0.557818881983031,1.0396052954960284,0.04914053241855471
0.5550814571149278,1.0542585474004236,0.07570969681076586
0.5842269795148118,1.0449191121982044,0.08070147896827576
0.6201355476812376,1.0304268846209175,0.04382669927834554
0.6141776240924178,1.0486226813627175,0.02691904779728025
0.6170760734196826,1.049266780343477,0.01709650700749061
0.6318903695733361,1.0270453647585052,-0.016396749073521472
0.6180422231896334,1.0813107030001845,0.011621648077276139
0.6091858501897938,1.0650472049672681,0.0195118859178582
0.6103130249487703,1.0639200318056528,0.044792850764872924
0.5914731034586322,1.069072823369207,0.0573528198272626
0.6182032481510097,1.0408934934925331,0.07039586410685174
0.6146606989821091,1.041537592488842,0.0549374411992757
0.5740824057193163,1.025113067678237,0.041572345798565745
0.5476743073550967,1.0284945875610545,0.024825719457232925
0.5355974323811731,1.0392832459960923,0.03529236102209914
0.5608783568080645,1.0122310868451614,0.020317012217309458
0.5861592792491204,1.0283335628055392,0.02627494677101515
0.5758536805320518,1.024629993406348,0.03223288121506607
0.611440199703797,1.002086526574435,0.032715956975993804
0.6175591483050208,0.9845348262996185,0.003248334240231383
0.6001684519757953,0.9474991253170355,0.012909850186832187
0.5979141023828012,0.9331679181361118,0.04382669927834554
0.6053212509861745,0.9495924476606136,0.02627494677101515
0.6236780967898379,0.9864671236246867,0.04430977502196975
0.6417128916468045,0.9974168082465885,0.0633107536992152
0.6547559122970168,1.0019255018056425,0.0644379303653528
0.6766553038036134,0.9787379342544876,0.04253849729182265
0.6969444446032679,1.0041798485613707,0.03368210849568646
0.7114366872473683,1.036706849984943,0.028851350868386017
0.7305986515177246,1.0666574523341192,0.014037027028489175
0.73108172623246,1.051682151509783,-0.0073793336339942105
0.7307596764227172,1.0399273449956403,-0.016557774351509135
0.7246407299762623,1.0112649382617924,-0.03330440369933338
0.714496160610899,1.0144854335283542,-0.07372175309514381
0.68696089929048,1.0146464582908323,-0.08145096789646007
0.6428400662917824,1.0193161763674763,-0.06534843726841431
0.6302801200244721,1.060377487557593,-0.0679248421151328
0.6291529453354702,1.043147839973945,0.0059857637877049055
0.6235170718312025,1.049266780343477,-0.0025485754661064694
0.594532577963691,1.057962116456893,0.010011395433123375
0.6119232745975994,1.0350966024674475,0.02015598695757939
0.6017787016754049,1.022375646794565,0.028851350868386017
0.6117622496330792,1.0148074830532292,0.049301557663865736
0.620940672482073,1.0363848004820917,0.07844712574538905
0.6188473479957088,1.07503073851116,0.08037942850882511
0.6428400662917824,1.1392796001559813,0.10276193467747567
0.6756891542097792,1.1539328474959374,0.1356110776166306
0.6927577966066307,1.2078761148841064,0.126754691368442
0.6851896250896903,1.1924177466526003,0.13255159875831782
0.6946900956887789,1.1856547103162371,0.12884801904899643
0.7095043882659182,1.1629502301406465,0.09841425374433142
0.7173946090336872,1.1405677977512456,0.12224598554891376
0.7008090427056,1.1323555379925463,0.07683687343370982
0.6458995403082339,1.1289740192070914,0.04173337104764217
0.6056433009215827,1.1032100653823544,0.04592002749550967
0.5839049295579656,1.1152869189960415,0.013392925976594278
0.5528271072060674,1.1397626742548135,-0.01961725464848618
0.5277072071535177,1.147169810345538,-0.02348186138071458
0.5307666822647459,1.1436272670192034,-0.035397732428690015
0.5533101821878667,1.1540938721882512,-0.013337268806967676
0.5674803813314098,1.137669353154605,-0.008184460002314983
0.5924392533054781,1.1191515120561395,-0.008345485276219344
0.5674803813314098,1.126558648624166,-0.014142395190100687
0.5979141023828012,1.1392796001559813,-0.049728983323745944
0.5898628537074418,1.173899908724489,-0.07629815800843379
0.5961428276915096,1.1732558099946435,-0.028795695712820032
0.6157878737219005,1.147169810345538,0.006951915387170024
0.6141776240924178,1.1358980814437276,0.00469756165060023
0.6149827489081668,1.1107782270335915,0.013392925976594278
0.6025838265221872,1.0795394309772952,0.021766239551275837
0.5963038526638481,1.0574790422345661,0.0549374411992757
0.6227119470368165,1.0792173815175345,0.045275926507055086
0.6603917852537712,1.0763189363651084,0.053810264500045606
0.6394585423449952,1.07503073851116,0.016935481746158706
0.6359159934102215,1.0597333885991884,0.0038924353123072153
0.6640953588572728,1.051682151509783,0.039640042803399896
0.6283478205551929,1.0710051201841542,0.06653125844919118
0.6275426957729,1.0940316563310861,0.04253849729182265
0.6191693979175747,1.1122274494570228,0.03641953778582171
0.6164319735714364,1.1186684379261804,0.034487234759894125
0.621906822240415,1.121888932112129,0.02949545188952473
0.6124063494906763,1.152644649954507,0.04865745668214095
0.6201355476812376,1.1532887487258707,0.038673891301491015
0.6508913136410016,1.1787306491569716,0.025791871000475287
0.624322196623573,1.210613534180515,0.021927264810204964
0.6268985959456145,1.198214634827026,0.0059857637877049055
0.6025838265221872,1.206748942225829,-0.016557774351509135
0.6035499763356661,1.2378267012048594,-0.015913673240038853
0.5940495030437739,1.2130289041284632,-0.027346468159054706
0.591634128433308,1.1877480311023056,0.01468112807910267
0.5724721558810963,1.174060933406748,0.003087308972012228
0.5713449809895481,1.158119489469747,0.007434991185821484
0.5307666822647459,1.1515174771014989,-0.02251570969333443
0.536080507388829,1.121888932112129,-0.026380316460146803
0.5135370062592096,1.0978962496479199,-0.015269572129849555
0.5169185315292757,1.09370960688591,-0.019134178810199954
0.46152592263256875,1.1175412649534389,-0.03169415083980284
0.4624920728693651,1.1339657850206746,-0.006735232540778836
0.50355345525469,1.1247873768517629,0.03786876504769727
0.5154693064178815,1.1209227838597486,0.04447080026968426
0.5188508316676551,1.082598900828856,0.038190815549455095
0.5235205569541979,1.0626318339018035,0.04865745668214095
0.5346312823636865,1.0782512331363092,0.025630845743468474
0.5520219822347907,1.0420206667352232,0.020639062736529313
0.5592681069037775,1.0320371321618964,-0.003353701822416613
0.5724721558810963,1.0169008049570236,-0.008989586372637465
0.5793962301282727,0.9929081146240732,-0.0017434491117981593
0.5771418803897355,1.0053070219332847,-0.007701384181082313
0.5892187538047091,1.038317097494341,-0.028795695712820032
0.5909900285341213,1.040088369745325,-0.05182231215923354
0.5734383057849952,0.9999932045738188,-0.03459260599272117
0.5615224567675235,0.9985439816423016,0.010011395433123375
0.5504117322861958,0.9885604457136922,0.029334426634360204
0.5182067316228172,1.0122310868451614,0.029334426634360204
0.5170795565412503,1.0312320083924191,0.002121157361015662
0.5093503558756425,1.049266780343477,0.027885199334274934
0.5077401057136229,1.058445190678491,0.028207249845965694
0.5003329548646278,1.0510380525338832,0.04189439629663849
0.516435456492869,1.050877027789706,0.05912409747632841
0.548640457333437,1.0283335628055392,0.05026770913404934
0.5436486824141316,1.0444360379561963,0.044792850764872924
0.5473522573616721,1.0065952200677584,0.01725753226874242
0.5599122068664592,1.0004762788828676,0.004375511115523263
0.5692516561804841,0.9950014366709902,0.002282182629715284
0.5996853770643408,0.9573216377338417,0.006629864854335309
0.6037110013042971,0.9867891731777318,-0.005447030358191439
0.6035499763356661,0.9703646455596907,-0.027990569293261002
0.6347888187409731,1.0151295325777805,-0.028312619860844462
0.6558830868962713,1.0191551516073463,-0.01607469851778633
0.6814860517292237,1.02446896864889,-0.029922872703564782
0.6903424227376078,1.0122310868451614,-0.0426438704424578
0.6916306221366791,1.0112649382617924,-0.01607469851778633
0.6956562452254963,1.025113067678237,-0.0064131819946515655
0.7025803168203034,1.060377487557593,0.008240117515305609
0.7352683737297375,1.065530279178174,0.004536536383101786
0.7636087553532881,1.0785732825970418,0.01613035543829785
0.7384888717674368,1.078412257866716,-0.000455246949068719
0.7338191496022393,1.084209148107403,0.024664694199745527
0.7396160460730038,1.0851752964706425,0.0633107536992152
0.7125638616478479,1.1032100653823544,0.07120099027972117
0.6781045281889195,1.095802928273762,0.09342247186013794
0.6473487648321822,1.1133546224484863,0.09889732940645553
0.6235170718312025,1.1036931395356544,0.09422759797570206
0.6317293446188125,1.065208229704318,0.07860815097611618
0.6233560468724866,1.063759007067955,0.06202255179025009
0.6214237473616068,1.0495888298333707,0.08730351331636378
0.6428400662917824,1.038800171745581,0.113872674574442
0.5951766778557855,1.0495888298333707,0.10356706076979295
0.5715060059742967,1.0529703494576952,0.09342247186013794
0.5629716816715933,1.0644031060182597,0.09471067364407862
0.5628106566825745,1.0903280876919907,0.1370603044341481
0.5707008810497479,1.1125494988835603,0.1330346743694497
0.5859982542717045,1.130262216843861,0.09149016917460813
0.6012956267663683,1.1112613011754646,0.0800573780490539
0.6008125518566063,1.1206007344416402,0.08311685740393694
0.6046771511143908,1.1289740192070914,0.0552594916840489
0.6355939435051252,1.1143207707237228,0.06765843510411021
0.6491200392414707,1.123177129777431,0.04849643143650946
0.6473487648321822,1.1062695350076028,0.026758022540834123
0.6735958300798434,1.115125894284191,0.03641953778582171
0.7241576552518416,1.1561871931809535,0.038190815549455095
0.7278612281205031,1.1784085997970768,0.012587799659923694
0.7202930574303283,1.1724506865805115,0.045114901259741144
0.7238356054351577,1.1745440074530373,0.03786876504769727
0.756040585505371,1.2136730027781664,0.03464826001249534
0.759422108225418,1.2028843502244135,0.013714976502701901
0.7774568954643026,1.1924177466526003,-0.01365931935998069
0.7552354610429692,1.177120402354254,0.038995941802447746
0.7436416685605968,1.1682640447943433,0.03674158828902148
0.7140130858712257,1.1457205880804167,0.00888421857745142
0.7080551640222053,1.1334827109130872,0.007596016451878474
0.7146571855239622,1.1600517857468644,0.010816521756200818
0.6851896250896903,1.1787306491569716,0.01564727965262026
0.6508913136410016,1.2048166462309626,0.03287698222947617
0.6626461344088098,1.2268770248109895,-0.020261355767321958
0.671824555805404,1.2553783875827431,-0.02428698778906622
0.6795537525676917,1.274057245421034,-0.01897315353093133
0.6942070209193311,1.2790490089687065,-0.002870626008390308
0.7289884024633605,1.2555394122239478,-0.01961725464848618
0.7307596764227172,1.2152832493967447,0.007918066983752206
0.7436416685605968,1.1957992647671245,0.024503668942178026
0.7262509790524181,1.2057827942298562,0.04447080026968426
0.7381668219651198,1.229131369981578,0.0338431337486882
0.7628036309098596,1.1970874621346768,0.04559797700144261
0.7591000584440905,1.1909685245925676,0.05992922367724415
0.7832537911473979,1.188714179152791,0.04302157303736957
0.7880845374700267,1.198858733506584,0.057030769344572636
0.7677954024265771,1.1861377843450078,0.08939684125225893
0.7460570420289356,1.1719676125310592,0.10533833816583639
0.7510488138059443,1.1674589213676414,0.10018553116859269
0.7628036309098596,1.1777645010763143,0.12643264095484621
0.7623205562428337,1.1874259817514952,0.11741522924394657
0.7929152837199693,1.1932228700164458,0.10727064076863882
0.7927542588461424,1.198858733506584,0.09744810241791885
0.7895337613526419,1.1726117112635002,0.07941327712854969
0.7637697802417316,1.1882311051279133,0.051394885845618125
0.7373616974579148,1.1748660568168248,0.02402059316899495
0.7396160460730038,1.1759932295875266,0.014842153341555826
0.7268950786806206,1.204494596897349,0.018062658573800114
0.7169115342983716,1.2117407068251627,0.01452010281656943
0.693240871378257,1.1909685245925676,-0.01059983911928749
0.6753671043445226,1.2028843502244135,-0.0213885327283668
0.6721466056742098,1.2119017314883591,-0.030083897988277087
0.653467712750173,1.2043335722304205,0.01468112807910267
0.6797147774982629,1.1972484868052558,0.028207249845965694
0.6876049989974378,1.2157663233807359,0.02402059316899495
0.6698922565857933,1.1874259817514952,0.021605214292266615
0.6623240845304863,1.17035736569428,-0.00963368747033667
0.6969444446032679,1.1523226005683387,-0.027185442875703257
0.7296325020860747,1.1482969832138699,-0.007701384181082313
0.7602272326773241,1.1679419954239059,-0.01349829408343415
0.7618374815750809,1.1829172908060799,-0.007057283087226383
0.7418703946722713,1.1780865504368578,0.02530879522921455
0.770210775713261,1.1727727359464075,0.030461603418829752
0.7705328254834463,1.1914515986133085,0.028046224590160363
0.7785840696331011,1.2052997202307743,0.01468112807910267
0.7853471145627945,1.1914515986133085,0.016452405961682463
0.7753635719974645,1.1611789585697905,-0.009311636921326933
0.7895337613526419,1.162628180764857,-0.00979471274496164
0.7515318884899247,1.1790526985165417,-0.03652490944240827
0.7463790918233417,1.2098084108604759,-0.05633102046622077
0.7302766017074975,1.2524799440271805,-0.10592681598328973
0.7064449148548582,1.2732521222608766,-0.11220680361927493
0.6768163287356367,1.2962786438402483,-0.08612070192824803
0.6822911763764337,1.2864561418311404,-0.09062941071243544
0.684545525377892,1.285328969450114,-0.11494423416533837
0.6834183508791393,1.275184417841844,-0.07790841108964122
0.6942070209193311,1.2982109392818828,-0.08306122100326946
0.6766553038036134,1.2806592552577636,-0.10914732244808587
0.7103095128429346,1.266006013728129,-0.0647043360599354
0.7288273775574801,1.2526409686698463,-0.07243355064617987
0.7805163681989783,1.2418523174317948,-0.06872996863393321
0.8162638895698936,1.263268594906309,-0.05745819755277093
0.8637662203658486,1.2925750775444307,-0.048118730382574554
0.855553953510719,1.3007873331858715,-0.029922872703564782
0.8537826802398948,1.3040078255366219,-0.058263324045564675
0.8629610961736603,1.2930581514115385,-0.04892385685215984
0.8421888913166561,1.2972447915625271,-0.027185442875703257
0.8497570591334715,1.281947452283163,-0.01865110297263426
0.8576472764545392,1.3213984836693051,-0.01704085018595249
0.8465365622119654,1.3073893424699479,-0.017201875464260396
0.8586134255009262,1.3107708593674579,-0.00351472709391886
0.8586134255009262,1.299821185474312,-0.027346468159054706
0.8779364058175965,1.2648788412749266,-0.011727016046706461
0.8608677732645139,1.2685824078919403,-0.007540358907498227
0.8436381149549715,1.2344451835350354,-0.00126037330017406
0.8317222759567028,1.2165714466857656,-0.018490077693605812
0.8170690138792533,1.225749852219731,0.010172420697899033
0.8090177706947718,1.2550563383000903,0.019350860657727672
0.827535629717132,1.2808202798862225,0.05203898682189479
0.8283407539982145,1.292253028299286,0.05203898682189479
0.8637662203658486,1.2737351961572145,0.07587072204285542
0.8880809700178557,1.2917699544309598,0.08891376557594696
0.8964542608620446,1.3052960224678265,0.12144085950309716
0.9048275514875959,1.286295117205523,0.13094134671599908
0.8988696331803155,1.284040772438355,0.13013622069183262
0.8764871823342232,1.2804982306292232,0.09986348072853937
0.8975814346128351,1.2713198266682182,0.09261734574256993
0.892428640291165,1.266328062999742,0.05155591108980748
0.9233454049791127,1.270353678867505,0.010494471227210096
0.9499144972507199,1.2988550377598291,-0.03507568185406234
0.9489483484794304,1.2962786438402483,-0.03346542898572669
0.9576436873161808,1.2724469990986897,-0.011404965495614998
0.9558724146093108,1.2621414224434464,-0.025414164764120797
0.9349391909684576,1.2418523174317948,-0.05697512165805499
0.906115750025966,1.2181816932897396,-0.07356072778874329
0.8938778637025032,1.2260719015319248,-0.10592681598328973
0.8711733628391669,1.226393950843794,-0.09159556260292105
0.8594185497040261,1.2119017314883591,-0.10818117050528779
0.8133654420394755,1.2259108768758684,-0.13362317262595924
0.7921101593500267,1.213350953453477,-0.12863138724233475
0.8048311241590287,1.2423353913756185,-0.1381318820707631
0.7951696319450664,1.2817864276552724,-0.1597092781386748
0.7998393532181224,1.2692265064296457,-0.1370047047036853
0.8053141987620936,1.2856510187022419,-0.1700149006477566
0.7971019304111213,1.293863274521761,-0.15793799930289903
0.7758466466448691,1.2671331861773536,-0.1474713518344042
0.778262019870991,1.246522032191493,-0.16792157104910227
0.7784230447520865,1.2394369477017202,-0.1729133570374238
0.7969409055393943,1.2233344823679309,-0.1674384949897926
0.7837368657829316,1.2154442740581561,-0.195778958352678
0.764413879794698,1.220758087839221,-0.18370205604876433
0.757006734857589,1.2175375946491236,-0.19030409591920658
0.7487944652710954,1.2373436272542184,-0.19159229883641887
0.7592610833347945,1.2682603586226002,-0.1714641288393532
0.7988732039947875,1.292253028299286,-0.15664979651931923
0.8260864060060934,1.3025586039828043,-0.13764880605582147
0.8531385808662616,1.2969227423220926,-0.12524985525192633
0.841383767070319,1.2867781910821317,-0.09723144868814976
0.8268915302908116,1.284684870944884,-0.08869710694010384
0.8173910636024317,1.3051349978517102,-0.11107962634231985
0.8177131133252871,1.2680993339878086,-0.10270630955048687
0.7792281691563523,1.2371826026038426,-0.09932477783047787
0.7458960171316114,1.2565055600694708,-0.10657091727368953
0.7194879328783286,1.287744338833156,-0.13281804594598365
0.693884971072629,1.2985329885210182,-0.14666622512004868
0.6953341953802465,1.3038468009198558,-0.15020878267816298
0.6919526719856401,1.293863274521761,-0.16824362175570834
0.6924357467584765,1.2732521222608766,-0.15407339096750797
0.6903424227376078,1.2724469990986897,-0.1373267553795935
0.688088073776809,1.3078724163146422,-0.1381318820707631
0.6980716190545821,1.284201797065109,-0.09095146134227731
0.7054787653505769,1.2951514714938948,-0.08193404382766285
0.7111146374179336,1.2526409686698463,-0.07855251232436442
0.7275391783075319,1.220113989203798,-0.07484893024218786
0.744929867745971,1.2199529645447396,-0.08515455005408211
0.7534641872185806,1.2181816932897396,-0.056492045764059286
0.7669902779936452,1.2157663233807359,-0.048118730382574554
0.7740753729341656,1.2197919398855999,-0.052788463934020334
0.7821266169949929,1.234606208186791,-0.026380316460146803
0.7903388857290455,1.232673912360369,-0.023803911943815075
0.7785840696331011,1.220919112497874,-0.012854192978048634
0.7784230447520865,1.2156052987194867,0.002604233166874295
0.7991952537362221,1.230580591868558,0.021122138514758387
0.8016106267866839,1.25843785575175,0.030300578164145837
0.810950069077466,1.242979489966247,0.027885199334274934
0.8067634225669263,1.2458779336080064,0.015969330176485406
0.7676343775401523,1.2555394122239478,0.046725153729275305
0.757489809532608,1.243623588555577,0.03980106805343766
0.7634477304647639,1.2117407068251627,0.015486254390567548
0.7410652701743491,1.1906464752450012,-0.01607469851778633
0.7597441580064227,1.1967654127932754,-0.038296187614746985
0.7616764566856686,1.2054607448972159,-0.0638992095511372
0.7475062661012205,1.199824881523487,-0.0751709808563491
0.7053177404329141,1.1759932295875266,-0.10335041083448793
0.7051567155151708,1.1842054882255444,-0.11542731014645474
0.7404211705745584,1.1867818830489003,-0.09739247400631044
0.7526590627497202,1.2104525095166696,-0.08901915756802581
0.7259289292378326,1.183078315483797,-0.1015791323065645
0.7090213135187402,1.1756711802248745,-0.10946937309632508
0.7146571855239622,1.1718065878477462,-0.1392590594417587
0.693884971072629,1.2064268928941626,-0.13152984326218062
0.6747230046130412,1.2072320162227206,-0.14425084498897434
0.6595866605517121,1.2054607448972159,-0.11880884203442268
0.6657056082367916,1.2186647672693494,-0.10657091727368953
0.6740789048802693,1.2325128877076394,-0.06808586741873286
0.6525015630866531,1.2833966739305267,-0.06293305774322003
0.660552810193941,1.3242969265993116,-0.05101718568244538
0.693401896301971,1.3415265590288736,-0.06454331075801573
0.7085382387708358,1.3252630742367986,-0.08789198037169893
0.7080551640222053,1.3070672932397456,-0.12058012065648104
0.6731127552786914,1.2796931074853035,-0.12927548857783933
0.6832573259504233,1.246522032191493,-0.14070828749593828
0.7210981819803104,1.232995961665584,-0.14875955458153028
0.7452519175415074,1.226393950843794,-0.16840464710913125
0.7613544069066016,1.228648296017791,-0.1709810527747683
0.7858301891951786,1.230741616522261,-0.16131953163413695
0.7906609354790417,1.230741616522261,-0.15101390940131257
0.7795502189174932,1.2333180109704747,-0.13120779259202947
0.7513708635953452,1.2420133420798172,-0.12219037395765828
0.7531421374312786,1.2668111369065524,-0.12524985525192633
0.735107348827005,1.2705147035011601,-0.08789198037169893
0.7515318884899247,1.2605311760610287,-0.10818117050528779
0.7360734982421893,1.25843785575175,-0.07887456294220607
0.7202930574303283,1.2516748208126351,-0.07629815800843379
0.6948511206117668,1.2500645743774563,-0.09449401829165685
0.6653835583615332,1.2524799440271805,-0.09900272719231673
0.6885711485554543,1.2539291658082492,-0.0853155753662431
0.6990377685811333,1.2637516688177466,-0.08998530945371161
0.6727907054108536,1.2410471941904655,-0.09449401829165685
0.6853506500174382,1.2521578947416059,-0.08692582849225299
0.6822911763764337,1.2809813045146006,-0.06840791802617299
0.6935629212256044,1.2829136000488028,-0.05343256511881212
0.7062838899376797,1.2571496586315292,-0.03990644050709571
0.6840624505931964,1.2692265064296457,-0.002709600737208352
0.7078941391058337,1.266006013728129,0.04302157303736957
0.6851896250896903,1.230741616522261,0.05654769361993675
0.679231702706307,1.1940279933782638,0.06266665274537368
0.688088073776809,1.171645563164352,0.08569326104876546
0.6694091817790759,1.2038504982291482,0.08263378171824735
0.631246269754758,1.1924177466526003,0.10308398511464308
0.6302801200244721,1.1589246129199648,0.10018553116859269
0.6331785692066221,1.154737970956696,0.0955157997564364
0.638331367688164,1.1814680687029777,0.10807576684973268
0.6447723656739807,1.2062658682282077,0.08440505922891596
0.6518574633093601,1.259081954309912,0.07136201551405465
0.6647394586100482,1.247166130773681,0.03529236102209914
0.6832573259504233,1.2848458955713133,-0.02815159457701271
0.7064449148548582,1.3207543852368406,-0.03201620141106857
0.7125638616478479,1.3152795485084219,-0.05633102046622077
0.7259289292378326,1.3075503670849271,-0.08805300568521991
0.7251238046999565,1.3159236469519326,-0.08547660067848409
0.7373616974579148,1.3154405731194212,-0.09111248665731825
0.721903306528275,1.2949904468726623,-0.09868067655447554
0.7400991207741787,1.268421383257311,-0.09562119551094245
0.7481503656868037,1.232673912360369,-0.12573293124839705
0.7198099826993706,1.2093253368674788,-0.1112406516673592
0.7115977121619647,1.1959602894383525,-0.09900272719231673
0.730920701327629,1.1862988090211026,-0.047474629208346934
0.7085382387708358,1.1747050321349717,-0.04280489573349357
0.7272171284942377,1.152161575875133,-0.00979471274496164
0.709665413181483,1.1431441929262083,0.003087308972012228
0.6806809270799971,1.1523226005683387,0.005824738520847103
0.6695702067147291,1.1706794150622843,0.006951915387170024
0.6502472138604829,1.1756711802248745,0.006951915387170024
0.6033889513669545,1.1640774029533554,0.015969330176485406
0.6143386490557288,1.1708404397461651,0.018223683834571378
0.6326954943447446,1.184044463548395,0.02128316377400789
0.6214237473616068,1.1983756594970372,-0.005124979813345295
0.6505692637509035,1.2117407068251627,-0.0407115669562716
0.6600697353731895,1.214800175412023,-0.04634745215652991
0.7000039181047799,1.210935583507963,-0.010921889669578296
0.7120807869052693,1.2247837042812018,-0.04167771869792399
0.6971054695251262,1.2318687890959106,-0.027024417592431862
0.7114366872473683,1.202562300888853,-0.0360418335789059
0.7336581246987803,1.192095697306494,-0.03910131405992082
0.73784477216248,1.1806629453095268,-0.004319853452631179
0.7742363978173605,1.1922567219795877,0.0009939804778761492
0.7922711842241767,1.186620858373049,-0.024448013070976715
0.8148146658079564,1.1909685245925676,-0.007540358907498227
0.817230038740883,1.2125458301403338,-0.02187160857001545
0.8347817481741545,1.232834937013017,-0.014786496298048235
0.8470196367522521,1.252963017954934,0.010494471227210096
0.8565201025634102,1.271158802034969,-0.023803911943815075
0.8457314379765379,1.273574171525183,-0.014625471020941253
0.842349916165681,1.2587599050309934,-0.011404965495614998
0.820933610536066,1.2671331861773536,-0.02815159457701271
0.7979070547685448,1.214800175412023,-0.026380316460146803
0.794525532453797,1.1834003648389875,-0.04216079456983072
0.7892117116015149,1.1962823387805652,-0.0638992095511372
0.791305034978065,1.2479712539995897,-0.07823046170684281
0.7706938503684176,1.2643957673651938,-0.06953509515473402
0.730920701327629,1.228809320672468,-0.07935763886956858
0.6919526719856401,1.2212411618149366,-0.03910131405992082
0.7114366872473683,1.1935449193614163,-0.019134178810199954
0.7101484879276928,1.1909685245925676,0.015003178603928885
0.7301155768022628,1.1531277240331514,0.02418161842680274
0.7373616974579148,1.1481359585186373,0.030461603418829752
0.7473452412046229,1.1658486745081558,0.008401142780962186
0.7721430743295272,1.182756266128282,0.015325229128434752
0.7911440101034303,1.2503866236651413,0.013876001765635583
0.748472415479111,1.3147964746749357,0.027241098309932214
0.7623205562428337,1.315762622341177,0.0019601320922359626
0.7708548752533084,1.342009632821905,-0.028956720996971986
0.7692446264007677,1.368417665728289,-0.030405948557941848
0.7660241286714623,1.3185000407129808,-0.038296187614746985
0.7969409055393943,1.3307379107939867,-0.05262743863802246
0.7842199404177383,1.334280452045656,-0.04505924981639829
0.7830927662687251,1.3304158615873398,-0.06341613364681851
0.7613544069066016,1.3088385640018378,-0.09304479044404917
0.7645749046827378,1.3308989353971885,-0.10254528422968656
0.7674733526536466,1.32204258210047,-0.1353944513289419
0.7781009949898148,1.317211843835056,-0.1233175512732405
0.7847030150518185,1.3265512710822323,-0.12621600724558746
0.818357212770028,1.3118980316586684,-0.14650519977741744
0.7942034827076775,1.3437809033900987,-0.13652162869042275
0.774880497349333,1.351349059343456,-0.1370047047036853
0.7756856217624817,1.3610105347677666,-0.11172372764295718
0.7979070547685448,1.369544837815902,-0.09996887910776
0.8254423065768645,1.3734094278003435,-0.08853608162626286
0.8378412203624364,1.3521541823066547,-0.08451044880623818
0.8489519349061255,1.3400773376453914,-0.08467147411807915
0.8565201025634102,1.3110929085939242,-0.047474629208346934
0.8431550404095937,1.2920920036765917,-0.04151669340744849
0.843477090106593,1.2534460918819568,-0.04103361753650223
0.8642492948801918,1.2014351282118358,-0.05262743863802246
0.8426719658634886,1.1817901180597903,-0.07823046170684281
0.8278576794298074,1.1714845384808767,-0.058263324045564675
0.7884065872222844,1.1811460193458405,-0.07645918331619449
0.7475062661012205,1.2189868165886837,-0.08257814507038662
0.744929867745971,1.228809320672468,-0.09449401829165685
0.7029023666582915,1.2539291658082492,-0.09079043602731637
0.6748840295460327,1.277116713411121,-0.08193404382766285
0.6753671043445226,1.2782438858211334,-0.0759761073931524
0.6942070209193311,1.2803372060006015,-0.07356072778874329
0.7326919752763316,1.2748623685791616,-0.06921304454617365
0.7078941391058337,1.271641875934473,-0.045703350985823815
0.6900203728870333,1.280176181371899,-0.07678123393195592
0.7120807869052693,1.2949904468726623,-0.06728074090153277
0.686638849436517,1.3339584028425835,-0.053271539822494135
0.6829352760927494,1.345069100160792,-0.04602540157101679
0.70580081518566,1.3133472531700916,-0.018007001857000833
0.7188438332352762,1.3160846715626076,-0.030405948557941848
0.7360734982421893,1.3278394679224672,-0.018007001857000833
0.7687615517434309,1.3017534808945075,0.008401142780962186
0.7410652701743491,1.2903207328215969,0.02708007305364628
0.7412262950740951,1.3083554901586056,0.021766239551275837
0.736395548046605,1.3106098347541029,0.03996209330339531
0.72399663034354,1.3418486082243093,0.04801335569913427
0.7420314195716137,1.3133472531700916,0.04092824480145891
0.7463790918233417,1.3003042593304572,0.03303800748287844
0.6639343339188772,1.2924140529218988,0.04302157303736957
0.6547559122970168,1.2508696975960603,0.013714976502701901
0.6476708147255059,1.2392759230523993,0.018545734355873637
0.657654361258544,1.234606208186791,0.04914053241855471
0.6562051367810466,1.2222073097641764,0.0639548546517746
0.6586205109065797,1.2313857151362622,0.08472710968435923
0.6496031140786741,1.2183427179496908,0.07265021738583745
0.6711804560668244,1.220113989203798,0.08247275648952386
0.6855116749451055,1.2376656765547267,0.06798048557622301
0.6816470766588271,1.2320298137489647,0.08472710968435923
0.6776214533945435,1.2342841588831988,0.053810264500045606
0.6421959664951359,1.2521578947416059,0.0277241740783094
0.6611969099538139,1.2721249498332465,-0.0015824238411767187
0.6528236129748156,1.2978888900424224,0.00888421857745142
0.6735958300798434,1.3109318839807316,0.0575138450684874
0.7075720892728483,1.313991351617501,0.05992922367724415
0.7159453848255616,1.350060862598113,0.06105640035516083
0.7177166588568274,1.367773567390722,0.06749740986793361
0.7030633915771646,1.3711550836484416,0.08086250419788087
0.6810029769399297,1.3764688948381596,0.11033011986613278
0.7101484879276928,1.3436198787933964,0.1275598174010282
0.7012921174651237,1.348933690441672,0.11886445614301372
0.6909865224377889,1.3371788948586847,0.13464492640134357
0.683901425664803,1.3048129486192337,0.1518746226406116
0.6494420891330202,1.2832356493033668,0.16862124240434606
0.6376872678824865,1.2727690483638079,0.18456273541178692
0.6502472138604829,1.2539291658082492,0.21080983834704867
0.6478318396720467,1.2539291658082492,0.23576873793327247
0.6170760734196826,1.2162493973639972,0.2504220264692123
0.6628071593478505,1.2051386955642513,0.2127421403193675
0.6808419520100036,1.210935583507963,0.20195345415938004
0.704834665679442,1.2199529645447396,0.23415848640526268
0.6987157187392723,1.2420133420798172,0.20614010853289788
0.6721466056742098,1.2441066624967225,0.18568991165527418
0.6539507875808442,1.2521578947416059,0.17039251944400302
0.6355939435051252,1.254412239733811,0.16540073867100996
0.6478318396720467,1.2719639252004031,0.17393507349419543
0.651213363530777,1.2830746246761253,0.15509512650870932
0.6763332539393246,1.2864561418311404,0.1272377669882343
0.6917916470611999,1.2890325358299748,0.1240172628426542
0.6909865224377889,1.329288689361517,0.11934753177459287
0.6760112040747133,1.3373399194586368,0.10904191814439967
0.6732737802124894,1.3341194274441601,0.11644907797429381
0.7059618401030806,1.3740535261265325,0.08971889170273281
0.693401896301971,1.3569849200431876,0.0874645385426828
0.7030633915771646,1.3507049609714346,0.0464031032360094
0.6877660239239756,1.3329922552314164,0.04430977502196975
0.6721466056742098,1.3048129486192337,-0.02670236702612923
0.6690871319075277,1.2872612649580093,-0.058585374643242344
0.6446113407259076,1.2925750775444307,-0.09497709424229929
0.627864745686059,1.2629465456316114,-0.08918018288210676
0.633661644067774,1.2510307222395376,-0.1126898795963125
0.6410687918479002,1.2387928491039497,-0.09835862591695434
0.6618410097123962,1.2273600987774544,-0.13297907128181885
0.6529846379187759,1.2143171014265712,-0.14103033817552435
0.6776214533945435,1.2571496586315292,-0.1685656724626341
0.7159453848255616,1.2945073730084775,-0.1830579546051817
0.7334970997952407,1.2909648313154591,-0.1830579546051817
0.7555575108281721,1.319305163759044,-0.16325183583924294
0.7940424578344967,1.3260681972658037,-0.17114207812955
0.794525532453797,1.3146354500636113,-0.17548976273886754
0.7948475821995933,1.340238362243881,-0.16019235418647412
0.8057972733644314,1.322686680530335,-0.1587431260452344
0.8341376487623782,1.3381450424571784,-0.1447339210137501
0.8218997596929979,1.3175338930550247,-0.13942008478079218
0.8111110939421655,1.2875833142081883,-0.138775983425138
0.8243151325726032,1.298049914662193,-0.13024164058349508
0.8040259998189716,1.2999822100931082,-0.13104676725707384
0.827535629717132,1.2851679448239284,-0.1318518939326516
0.8437991398032693,1.2672942108126326,-0.13491137531807804
0.8621559719794513,1.2222073097641764,-0.15181903612646072
0.8579693261369914,1.220436038521672,-0.14988673198946278
0.8528165311789598,1.2402420709471071,-0.1719472049046574
0.8484688603687481,1.2502255990213393,-0.1696928499393921
0.842832990712271,1.2276821480880253,-0.19771126276301604
0.8425109410146252,1.2170545206678096,-0.1930415271243957
0.8433160652581337,1.2247837042812018,-0.20576253126327176
0.8597405993847003,1.2581158064721818,-0.17226925561525983
0.8900132679243808,1.2428184653187118,-0.16663336822587513
0.9159382637108515,1.2478102293545703,-0.18418513213229043
0.9162603133347692,1.2804982306292232,-0.18515128430150027
0.928981273220751,1.2901597081979281,-0.17597283881016607
0.9357443149799245,1.3268733202927785,-0.18370205604876433
0.9111075193132664,1.315118523897341,-0.1481154532073277
0.8962932360401797,1.336856845658537,-0.16164158233418863
0.8578083012958058,1.3449080755647396,-0.16920977387744482
0.8557149783530361,1.3518321331216188,-0.1593872274405416
0.8901742927493993,1.3497388134109647,-0.14457289567207823
0.8898522430992818,1.3479675428758395,-0.13636060335282846
0.8946829878170834,1.344263977179718,-0.15181903612646072
0.9019291047573409,1.3297717631730714,-0.15809902465120623
0.8977424594340532,1.3160846715626076,-0.17548976273886754
0.8755210333416699,1.2838797478115196,-0.16663336822587513
0.8867927714070376,1.292253028299286,-0.16792157104910227
0.8827671507148812,1.30271962860022,-0.16373491189231795
0.8880809700178557,1.304651924002874,-0.14892057992528082
0.878902554802874,1.347162419902078,-0.14698827580555107
0.8838943245137784,1.314957499286179,-0.17581181345298663
0.8922676154672787,1.3118980316586684,-0.16808259640236534
0.8780974306486781,1.313669302393959,-0.1667943935784988
0.8642492948801918,1.2594040035885061,-0.14940365595701205
0.8723005366788077,1.2553783875827431,-0.14247956623761926
0.8602236739051053,1.2747013439476984,-0.14521699703924543
0.8710123380046091,1.294024299143562,-0.10576579066088973
0.8703682386655698,1.3537644282269579,-0.10818117050528779
0.8611898229437333,1.3732484032185932,-0.11494423416533837
0.8479857858306434,1.3492557396296327,-0.11236782894487415
0.8600626490650511,1.3511880347505725,-0.12251242461885335
0.8328494499349471,1.3260681972658037,-0.10335041083448793
0.8272135800041334,1.3566628708630273,-0.07388277840162435
0.8437991398032693,1.3225256559229905,-0.04119464282673762
0.8363919966979391,1.3273563941079882,-0.028634670428748125
0.8776143561551905,1.345230124756763,-0.05182231215923354
0.8692410648191389,1.3352465996529235,-0.042965921024609374
0.8642492948801918,1.3020755301300697,-0.01494752157523528
0.876809231997761,1.2850069201976615,-0.016557774351509135
0.8476637361381696,1.2606922006996357,0.001799106823376186
0.8133654420394755,1.2402420709471071,0.009367294373219903
0.8125603177208253,1.2325128877076394,0.03593646203042125
0.7743974227004748,1.202562300888853,0.049301557663865736
0.7460570420289356,1.1685860941644561,0.05896307223590487
0.7212592068900647,1.1447544399000207,0.042216446794390794
0.6954952203029118,1.1520005511818459,0.04350464878219549
0.7183607585021395,1.1449154645969561,0.057030769344572636
0.7181997335909326,1.1453985386872756,0.043665674030310575
0.6988767436602432,1.1643994523276853,0.022088290069053995
0.7181997335909326,1.1386355013564036,-0.015752647962371434
0.7124028367337358,1.1528056746474697,-0.03475363127975485
0.7114366872473683,1.1500682548560792,-0.02605826589448459
0.7030633915771646,1.1666537979389122,-0.05359359041521014
0.6595866605517121,1.152644649954507,-0.060034602336753055
0.6426790413427418,1.1473308350412572,-0.07420482901482549
0.6616799847728717,1.1333216862103959,-0.0994858031496784
0.6637733089804011,1.1202786850232074,-0.13330112195372912
0.6861557746549675,1.1384744766563066,-0.12492780458801238
0.7225474061651938,1.1759932295875266,-0.1392590594417587
0.7193269079676866,1.2032063995596496,-0.1381318820707631
0.7244797050682028,1.220919112497874,-0.13233496993895782
0.7103095128429346,1.2375046519045132,-0.14070828749593828
0.7183607585021395,1.2249447289378261,-0.10109605634608328
0.7194879328783286,1.2325128877076394,-0.08177301851718191
0.759905182896804,1.2468440814827493,-0.08499352474200113
0.746701141617425,1.2449117857303418,-0.059712551737634956
0.7508877889111227,1.2747013439476984,-0.04940693273487141
0.7476672909977374,1.2775997873016134,-0.052305388046266804
0.7777789452272202,1.2555394122239478,-0.0630940830443395
0.7772958705827226,1.2759895409971305,-0.07017919637281493
0.7676343775401523,1.2859730679540449,-0.05568691927566696
0.7727871738656987,1.2888715112056566,-0.016879824907724644
0.7706938503684176,1.2737351961572145,0.0027652584353336836
0.7591000584440905,1.2790490089687065,0.04237747204314678
0.7381668219651198,1.2904817574451841,0.05155591108980748
0.6953341953802465,1.288388437332215,0.015164203866221863
0.6671548326714625,1.2769556887807945,0.04076721955198192
0.6265765460314879,1.2990160623791125,0.049301557663865736
0.622872971995855,1.2830746246761253,0.04173337104764217
0.6430010912407425,1.3022365547477293,0.07764199959055122
0.6632902341644886,1.3096436870722674,0.0633107536992152
0.688088073776809,1.3078724163146422,0.03641953778582171
0.7059618401030806,1.2859730679540449,0.0523610373095524
0.7305986515177246,1.3035247516860804,0.05413231498594053
0.7465401167204236,1.3128641793336815,0.05847999651415352
0.748472415479111,1.3370178702586515,0.04189439629663849
0.7679564273129212,1.328966640153408,0.02128316377400789
0.811433143671322,1.3305768861907041,0.0633107536992152
0.8380022452136432,1.3444250017760953,0.05799692079168103
0.8648933942315175,1.3523152068990507,0.05831897127340947
0.8648933942315175,1.3312209846033478,0.07651482297041225
0.8378412203624364,1.3531203298598118,0.0840830087731521
0.8165859392938799,1.3196272129769009,0.06250562750671299
0.8075685469001171,1.319305163759044,0.08440505922891596
0.80257677600178,1.3006263085674812,0.06556510702756393
0.8061193230989195,1.287422289583139,0.07200611645058715
0.8066023977000458,1.2500645743774563,0.06798048557622301
0.7694056512863852,1.2151222247352518,0.046242077989256274
0.7285053277454773,1.202562300888853,0.0277241740783094
0.726734053773691,1.204494596897349,0.011299597549086266
0.7304376266126514,1.2186647672693494,0.0464031032360094
0.7212592068900647,1.220919112497874,0.07699789866523839
0.7202930574303283,1.2453948596695392,0.05847999651415352
0.7330140250841375,1.2734131468930705,0.06492100607820979
0.7370396476544677,1.2569886339911363,0.07184509121657423
0.764413879794698,1.2906427820686905,0.09696502675363039
0.757006734857589,1.3207543852368406,0.13094134671599908
0.7455739673367209,1.3344414766470705,0.1167711283978321
0.7447688428480819,1.3539254528185414,0.11644907797429381
0.7349463239241918,1.3252630742367986,0.11403369978753405
0.7563626352897667,1.2972447915625271,0.0563866683782312
0.7776179203458018,1.2990160623791125,0.0457590022485162
0.7735922982840961,1.2911258559387215,0.028529300357336057
0.7987121791239489,1.2669721615419935,-0.014625471020941253
0.8280187042860239,1.2798541321142498,-0.03877926348161117
0.8296289528437448,1.239920021649196,-0.03555875771612392
0.8552319038258419,1.2136730027781664,-0.01865110297263426
0.8528165311789598,1.232673912360369,-0.0009383227594916994
0.8450873385867413,1.2415302681355065,0.01774060805201731
0.8510452578930225,1.2375046519045132,0.0277241740783094
0.8455704131292101,1.2400810462981922,0.04463182551731865
0.8280187042860239,1.2774387626715304,0.046725153729275305
0.7803553433189326,1.283718723184603,0.045275926507055086
0.7677954024265771,1.3001432347118236,0.06685330892242584
0.7740753729341656,1.30271962860022,0.05654769361993675
0.7658631037841492,1.281303353771113,0.08859171512467154
0.7571677597493428,1.2384707998045774,0.11709317882104969
0.7457349922342065,1.229775468598825,0.1240172628426542
0.7357514484374507,1.2502255990213393,0.10839781728160901
0.7181997335909326,1.2194698905670769,0.08665941241028627
0.7032244164959568,1.2090032875384085,0.06942971269676393
0.6929188215305869,1.1985366841669671,0.057191794585957675
0.6818081015883496,1.1655266251352856,0.05960717319711824
0.7006480177855973,1.1891972531769386,0.0800573780490539
0.7243186801600625,1.2046556215641961,0.07619277250679413
0.7428365440671143,1.2408861695419562,0.08859171512467154
0.7167505093864384,1.2408861695419562,0.07136201551405465
0.7278612281205031,1.2338010849272019,0.05880204699540121
0.7049956905973468,1.2085202135441944,0.055581542168501606
0.7231915058008214,1.2056217695635765,0.038834916552009435
0.7227084310742218,1.203367424227146,0.03191083070738039
0.7518539382788413,1.200952054206183,0.028529300357336057
0.7721430743295272,1.2276821480880253,0.013553951239688132
0.7471842163079444,1.2397589970001184,0.0299785276545377
0.7481503656868037,1.2479712539995897,0.0312667296910478
0.7280222530268677,1.246522032191493,0.028851350868386017
0.7125638616478479,1.2424964160233973,0.04656412848268242
0.7162674346501543,1.229775468598825,0.0369026135405012
0.6927577966066307,1.2510307222395376,0.05847999651415352
0.7143351356977553,1.232995961665584,0.07796405005272677
0.7272171284942377,1.2402420709471071,0.0705568893415859
0.7333360748916203,1.2925750775444307,0.07442149495116428
0.7357514484374507,1.2996601608554346,0.10501628773091362
0.7508877889111227,1.2943463483869202,0.1505864210843892
0.737683747261039,1.3141523762291507,0.1586376807265594
0.7826096916322224,1.3098047116861098,0.1365772288290307
0.7892117116015149,1.2803372060006015,0.1278818678135014
0.8196454116556323,1.221402186473346,0.11773727966652274
0.8257643562916406,1.2402420709471071,0.11322857372127201
0.8394514688708679,1.229775468598825,0.13883158164673692
0.8708513131699707,1.2112576328350861,0.13625517842521812
0.8875978955394053,1.2115796821618847,0.11435575021347763
0.8826061258861438,1.2170545206678096,0.07377739401944011
0.9072429237427944,1.246038958254,0.04286054778893405
0.8787415299721966,1.257954781832276,-0.0064131819946515655
0.8777753809864338,1.240403095595941,-0.02815159457701271
0.8917845409951346,1.2383097751547696,-0.007701384181082313
0.8574862516131918,1.2387928491039497,-0.03394850484538691
0.8260864060060934,1.2695485556980113,-0.008506510550203772
0.794525532453797,1.2906427820686905,0.022088290069053995
0.7855081394403366,1.2690654817953413,0.06556510702756393
0.7971019304111213,1.2793710582271676,0.09760912763918801
0.7964578309237287,1.3268733202927785,0.12498341408969597
0.8146536409451148,1.3083554901586056,0.13738235483715874
0.8367140464017264,1.2508696975960603,0.14350131243341108
0.8342986736154436,1.228648296017791,0.15799357996256522
0.8636051955275726,1.1969264374640165,0.1612140837697018
0.8685969654765429,1.1964433634515497,0.15219667302886516
0.8748769340116843,1.1834003648389875,0.12594956533385113
0.8640882700421583,1.1780865504368578,0.11789830487769055
0.8410617173712187,1.1809849946671505,0.09938040506785818
0.8384853197667786,1.1693912175883199,0.07136201551405465
0.8758430830061777,1.1714845384808767,0.08037942850882511
0.8766482071660324,1.1961213141094993,0.08987991692784952
0.8797076789550489,1.2006300048686753,0.12256803596667913
0.8904963423991932,1.2119017314883591,0.11338959893468477
0.8640882700421583,1.216410422024922,0.09036299260271873
0.8494350094427756,1.2064268928941626,0.09293939618983761
0.8236710331398193,1.183561389516461,0.0931004214133512
0.818196187908964,1.1993418075154003,0.08682043763692587
0.7943645075807776,1.213511978115862,0.06524305655304713
0.7473452412046229,1.2127068548031248,0.04736925471484573
0.7454129424391545,1.2271990741220473,0.036097487282301506
0.7623205562428337,1.2078761148841064,0.054454365471514964
0.73784477216248,1.2152832493967447,0.045275926507055086
0.7159453848255616,1.2363774793507456,0.03722466404322033
0.7143351356977553,1.2631075702690007,0.07442149495116428
0.7125638616478479,1.2682603586226002,0.12031368303558634
0.7220643314376257,1.256344535428753,0.1637904867923089
0.7499216395404977,1.2371826026038426,0.18134223183730247
0.7434806436620617,1.2049776708976474,0.15219667302886516
0.759905182896804,1.2210801371564457,0.1637904867923089
0.7260899541451658,1.219630915226379,0.14060285884962195
0.7199710076097705,1.2185037426095606,0.13915363204798323
0.7489554901669665,1.2402420709471071,0.15928178148927016
0.7346242741183232,1.216410422024922,0.13802645564221766
0.7343022243121319,1.2127068548031248,0.13979773284951352
0.757006734857589,1.199985906192687,0.13915363204798323
0.7639308051300943,1.2115796821618847,0.10775371641753563
0.7446078179501118,1.198858733506584,0.11838138051071294
0.7523370129616108,1.187587006426941,0.06363280417565516
0.7407432203746153,1.1882311051279133,0.0338431337486882
0.7283443028393549,1.1674589213676414,0.07120099027972117
0.7159453848255616,1.1848495869333298,0.10115168248682872
0.7099874630123701,1.1972484868052558,0.1282039182256538
0.7103095128429346,1.2075540655535757,0.16024793263092985
0.7542693116854228,1.2244616549677096,0.16894329277591477
0.7772958705827226,1.232834937013017,0.15606127766288228
0.763286705576159,1.2416912927836912,0.1718417461055931
0.800966527308338,1.2280041973982718,0.19551244732495984
0.800966527308338,1.2383097751547696,0.24011641701879807
0.8161028647077793,1.2217242357899216,0.2463963978167855
0.7956527065626706,1.2151222247352518,0.2418876936664921
0.8320443256651765,1.1898413518746667,0.27795732510613247
0.8523334566474013,1.1779255257566266,0.28633063182831703
0.8623169968184548,1.1808239699883791,0.2596004596090951
0.8745548843462065,1.15650924256323,0.25154920248289897
0.9085311222714606,1.1152869189960415,0.2660414651655096
0.9143280155864103,1.1197956108949503,0.2517102276273902
0.9273710251618218,1.097735224927317,0.22175954937070097
0.9396089102068155,1.095963952995337,0.22401390159420356
0.9328458685291792,1.108040806882533,0.2069452343677393
0.9220572065099695,1.132033488585948,0.20114832831209933
0.9170654373931483,1.1378303778551075,0.17216379647395288
0.9132008418944897,1.1785696244770647,0.1699094438886956
0.9378376374002743,1.2052997202307743,0.11403369978753405
0.9497534724557072,1.211096608171565,0.09422759797570206
0.9421853069988565,1.2342841588831988,0.0964819510886205
0.9692374720648341,1.2513527715262487,0.08521018536692303
0.9652118524079789,1.287422289583139,0.06459895560305193
0.9425073565964056,1.2811423291428974,0.10260090945877172
0.9209300328452229,1.277760811931615,0.11789830487769055
0.9098193207949513,1.280015156743115,0.13722132963569353
0.8929117147623388,1.2503866236651413,0.11934753177459287
0.9019291047573409,1.2548953136586425,0.13754338003854377
0.9051496011226735,1.263268594906309,0.1591207562987128
0.9041834522164701,1.2891935604542117,0.18762221377781957
0.9114295689420365,1.3127031547213823,0.20179242899008443
0.9209300328452229,1.3553746741391357,0.21580161841856862
0.9331679181361118,1.3608495101797584,0.20871651119732784
0.978576909473959,1.3555356987299065,0.20871651119732784
1.002891650417183,1.3729263540548484,0.23383643609869736
1.0323591816691204,1.3734094278003435,0.21564059325617513
1.0218925725185468,1.3742145507078765,0.2135472661377559
1.0441139884611195,1.3647141002695224,0.21338624097423875
1.039766320245875,1.3750196736133777,0.21531854293114738
1.0276894637826701,1.3618156577065876,0.18746118860138208
1.0264012657330446,1.3629428298175243,0.16894329277591477
0.9966116843900793,1.3540864774100434,0.1612140837697018
0.9532960179272961,1.367129469051855,0.18826631448276704
0.902573204032995,1.3701889361498931,0.22449697706862154
0.8687579903123132,1.3605274610034988,0.23496361217027106
0.8336545742026975,1.3362127472572665,0.2715163197874353
0.8138485166296962,1.3606884855916692,0.3062977469815966
0.8273746048606732,1.3606884855916692,0.3257817855773885
0.814170566356106,1.3700279115665175,0.34639299867909845
0.818357212770028,1.3832319271334272,0.3570206549201091
0.8140095414929414,1.3938595490220131,0.3665211352027692
0.8508842330483615,1.4262254862284933,0.37586059012311224
0.878258455479679,1.4447433095208764,0.35154580174877087
0.8790635796334706,1.438463352177031,0.3381807186166908
0.8787415299721966,1.4250983143411882,0.31660335431931996
0.9009629558414338,1.4114112268202568,0.3195018063237568
0.8937168388793446,1.3925713524483159,0.306780822332904
0.9307525460762307,1.37743504231769,0.3024331441451066
0.9384817366037853,1.3729263540548484,0.300017767348801
0.9399309598069532,1.3234918035658387,0.2895511343559396
0.9693984968500565,1.3202713114116396,0.26040558531067354
0.957804712107229,1.3713161082312488,0.23496361217027106
0.977771785570102,1.3387891408545491,0.2257851783302041
0.9653728771952241,1.359722338061427,0.21676776939124398
0.9431514557905328,1.3804945093169,0.21322521581064136
0.9491093732748476,1.3494167642234913,0.22224262484849028
0.9130398170810345,1.369705862399522,0.23947231641722808
0.8541047299262265,1.3602054118269138,0.2380230900589989
0.8244761574305971,1.3507049609714346,0.23174310909819562
0.7880845374700267,1.3441029525832595,0.24237076911417718
0.7983901293820297,1.3403993868422894,0.2439810206012421
0.817230038740883,1.3692227886484192,0.23319233548460339
0.8157808149833083,1.3600443872384993,0.2670076159878895
0.8243151325726032,1.3585951659391138,0.2837542297830853
0.8067634225669263,1.3771129931581716,0.2618548115684556
0.7824486667532267,1.3548916003663356,0.2565409819247886
0.7930763085937156,1.2951514714938948,0.26620249030277365
0.7911440101034303,1.3189831145408626,0.24816767443003576
0.803381900345472,1.3436198787933964,0.2742537470635832
0.8417058167690964,1.3635869281648432,0.25267637849265123
0.8512062827376028,1.393215450735815,0.28005065180704
0.853299605709791,1.3782401652150638,0.278762450761934
0.8753600085092947,1.416564012779442,0.26378711323538
0.8748769340116843,1.4548878557380625,0.2731265711291568
0.8623169968184548,1.4508622421984505,0.272804520861455
0.8861486720996882,1.488380958416298,0.27055016897854745
0.8603846987450787,1.4969152580551959,0.29905161662521745
0.848790910060414,1.51124643995343,0.32755306175503235
0.8444432391956518,1.5060936555249196,0.34719812416416035
0.8589354751824086,1.5073818516398607,0.3639447337978381
0.8716564373423552,1.5070598026116138,0.3541222032527407
0.8582913758191204,1.5109243909290901,0.35653757964402305
0.8586134255009262,1.522035082080678,0.3393078943239085
0.8370360961051904,1.5287981112875506,0.33979096962579625
0.8475027112918114,1.4919234979167975,0.304526470687283
0.8689190151480025,1.4801687076045749,0.3058146716295661
0.8780974306486781,1.4631001072012237,0.2760250235240163
0.8801907534453837,1.429607001866501,0.29728034029113626
0.8731056608475547,1.386452418652208,0.3169254045433208
0.835747897289395,1.3883847135478704,0.28278807901082204
0.8437991398032693,1.3529593052678222,0.27924552615445114
0.827052555147513,1.371799181979182,0.2700670935730193
0.8283407539982145,1.3991733598335203,0.2204713480930644
0.840417617972048,1.4284798299911499,0.2064621588670752
0.8653764687441632,1.4201065530780836,0.20259755483576009
0.8913014665222629,1.4202675776361777,0.17474019940927843
0.9030562784888865,1.4189793811691485,0.19808885007413565
0.9069208741098191,1.4308951982905946,0.20678420920093152
0.9313966452939785,1.4204286021941903,0.22546312801529006
0.9412191582042679,1.4574642483767335,0.2703891438434517
0.9444396541749042,1.4571421992980385,0.24961690074274157
0.9523298691662008,1.4445822849751435,0.260888660730657
0.9362273893858339,1.4342767138790766,0.26443121378845175
0.9249556530582627,1.464066254418273,0.25750713277559606
0.9220572065099695,1.4783974377939082,0.2565409819247886
0.8985475835389305,1.4532776103283183,0.2418876936664921
0.8729446360139669,1.4445822849751435,0.24510819663741046
0.8656985184188561,1.4717954320492341,0.23480258701742995
0.8780974306486781,1.470990309388088,0.22079339841295514
0.8492739845973064,1.4803297321323294,0.19422424594266827
0.8235100082814213,1.4901522281714707,0.17554532532235573
0.8070854723004449,1.4938557921731965,0.14446746362223303
0.7893727364771188,1.4806517811875939,0.10791474163367425
0.806924447433726,1.475982069854405,0.113872674574442
0.806924447433726,1.4358869593847963,0.10211783380217887
0.8220607845522039,1.4278357317748744,0.08118455465685064
0.8632831458507781,1.417047086458847,0.04978463339931807
0.872139511844816,1.4320223701574069,0.0299785276545377
0.866342617767272,1.4315392965006895,0.08762556376892164
0.9030562784888865,1.4149537671761405,0.0692686874614688
0.9149721148371572,1.3766299194182845,0.07860815097611618
0.9075649733754462,1.356823895453148,0.12466136367433613
0.9012850054803929,1.3498998380045795,0.14575566520283773
0.8723005366788077,1.3413655344310338,0.1765114764154009
0.8653764687441632,1.2993381116174358,0.1723248216580124
0.8283407539982145,1.3114149578200656,0.17618942605137342
0.835425847584638,1.3288056155492314,0.17425712386046932
0.8244761574305971,1.3089995886160863,0.16491766310824194
0.8504011585138936,1.313991351617501,0.17796070304955325
0.8640882700421583,1.332509181424736,0.20469088202512728
0.8908183920486636,1.2901597081979281,0.17618942605137342
0.8842163741698785,1.2961176192195845,0.17538430013990072
0.8829281755435376,1.322686680530335,0.2172508448764981
0.8739107850142808,1.3242969265993116,0.25541380592852625
0.8903353175743366,1.3482895920647753,0.25283740363658036
0.8846994486534224,1.375502747355703,0.2628209624033633
0.9009629558414338,1.380655533894993,0.23673488884622484
0.9215741320827062,1.368417665728289,0.21870007132792613
0.9189977351250087,1.3801724601604701,0.21258111515544903
0.9383207118030289,1.421555774098003,0.21805597068364965
0.9466940013350956,1.4294459773131234,0.19422424594266827
0.9563554889848824,1.4109281531323146,0.21966622229193283
0.9521688443724017,1.3999784826760255,0.20597908336568885
0.966500050703675,1.4138265952489917,0.18069813111855434
0.9590929104327016,1.3935374998790766,0.16169715933800485
0.966500050703675,1.4085127846816272,0.11757625445527474
0.9375155877980333,1.3906390575780154,0.1069485903356401
0.93187971970644,1.3732484032185932,0.11210139722513787
0.9027342288517065,1.3594002888840293,0.11435575021347763
0.9062767748428984,1.3424927066142058,0.12433931325865553
0.8919455658192635,1.3602054118269138,0.12031368303558634
0.8937168388793446,1.3486116412533862,0.11049114508098867
0.8964542608620446,1.323169754351881,0.1043721868601061
0.9114295689420365,1.3160846715626076,0.1042111616422038
0.9135228915211571,1.2969227423220926,0.10517731294841508
0.8975814346128351,1.2814643783992472,0.13287364916581926
0.8959711863962073,1.2928971267892506,0.13593312802108473
0.9146500652119456,1.3275174187128957,0.13013622069183262
0.8999968069226156,1.3486116412533862,0.14736591717137532
0.894844012639757,1.304651924002874,0.17023149425898076
0.9074039485591608,1.270031629599951,0.16878226759017054
0.9309135708807889,1.3004652839490098,0.16684996535498214
0.9284981988039216,1.2962786438402483,0.15702742881416756
0.9363884141876421,1.3020755301300697,0.1385095312451698
0.9474991253170355,1.3030416778348077,0.12482238888205614
0.9367104637910154,1.293702249899879,0.08665941241028627
0.9484652740926937,1.260209126783571,0.10646551468554073
0.9610252079112012,1.2444287117904138,0.12031368303558634
0.931718694902367,1.2576327325522207,0.13367877518316953
0.9136839163343694,1.2637516688177466,0.15251872341679784
0.9028952536703369,1.2772777380413662,0.15235769822287162
0.8790635796334706,1.274057245421034,0.15348487457867097
0.9056326755746837,1.2693875310638691,0.14398438802818297
0.9106244448695048,1.299821185474312,0.1518746226406116
0.9109464944987601,1.30271962860022,0.15590025247072062
0.9156162140866103,1.3049739732355126,0.1633074112271343
0.9136839163343694,1.3357296734554607,0.1937411704229849
0.9537790923067515,1.344263977179718,0.23061593301538288
0.9648898028332457,1.3537644282269579,0.24591332237512203
0.973102066887834,1.3270343448979296,0.24687947325772633
0.9846958510771525,1.3381450424571784,0.2409215427689542
0.9748733394994645,1.368900739480611,0.22707337958664922
0.9347781661659214,1.3759858210972973,0.23270926002318995
0.951041670813543,1.3917662295871132,0.25026100132407875
0.9415412078027878,1.3714771328139743,0.263304037819733
0.932523818921923,1.3590782397063068,0.2769911743165201
0.9629575053780494,1.3594002888840293,0.28922908410462317
0.9333289429394568,1.3486116412533862,0.2771521994483229
0.9431514557905328,1.3223646313155648,0.2834321795259855
0.9310745956852663,1.3273563941079882,0.2798896266766828
0.9278540995803499,1.2901597081979281,0.27956757641572766
0.9223792561277405,1.2866171664566766,0.2663635154399574
0.9273710251618218,1.3038468009198558,0.2737706716635966
0.9111075193132664,1.3449080755647396,0.28745780771663976
0.9056326755746837,1.3397552884481683,0.2881019082224856
0.8803517782753337,1.3418486082243093,0.3042044204509089
0.8732666856810616,1.332831230629271,0.30967927442556353
0.9006409062021512,1.3059401209314794,0.2739316967970058
0.9267269259359856,1.2732521222608766,0.23544668762831275
0.910302395239926,1.2637516688177466,0.21242008999145032
0.8858266224455283,1.277116713411121,0.2085554860314029
0.8954881119296423,1.288066388082848,0.18037608075869888
0.8797076789550489,1.2518358454557064,0.1842406850557827
0.8975814346128351,1.2384707998045774,0.1757063505047305
0.9088531719028186,1.2234955070252858,0.1728078972097097
0.899513732462115,1.206748942225829,0.1937411704229849
0.8648933942315175,1.199824881523487,0.1744181490434859
0.878258455479679,1.1779255257566266,0.2145134171171734
0.8903353175743366,1.1909685245925676,0.2439810206012421
0.8954881119296423,1.2107745588442795,0.22465800222660032
0.9083700974556604,1.2513527715262487,0.2383451403613896
0.9054716507574277,1.2568276093506623,0.21982724745231966
0.9130398170810345,1.242979489966247,0.2129031654832057
0.9743902651518092,1.2289703453270635,0.1988939759290401
0.9780938351318875,1.2476492047094698,0.15461205093054003
0.9652118524079789,1.2685824078919403,0.14253516124170187
0.968593372923136,1.2930581514115385,0.14028080844981916
0.9655339019823884,1.3133472531700916,0.11822035529978565
0.9718138686186798,1.329288689361517,0.15235769822287162
0.9597370095934962,1.3341194274441601,0.1728078972097097
0.9471770757245023,1.3463572969262851,0.1821473577339324
0.9458888773511331,1.3180169668843682,0.19052066693997294
0.9085311222714606,1.3118980316586684,0.21531854293114738
0.9301084468571886,1.2904817574451841,0.22707337958664922
0.9375155877980333,1.2908038066921153,0.23190413425256204
0.9209300328452229,1.2824305261663485,0.24156564336763395
0.9458888773511331,1.2574717079120712,0.25090510190413123
0.9523298691662008,1.2605311760610287,0.2380230900589989
0.9175485118272052,1.275184417841844,0.23383643609869736
0.8884030196697519,1.2999822100931082,0.25702405735055367
0.9017680799382253,1.2978888900424224,0.2697450433022656
0.9254387274804303,1.3101267609135507,0.24526922178511334
0.9004798813823885,1.2949904468726623,0.2520322779161317
0.8946829878170834,1.2898376589503475,0.2409215427689542
0.9101413704250153,1.2824305261663485,0.22546312801529006
0.9379986622012735,1.2273600987774544,0.21097086351185002
0.9581267616890826,1.1978925854867604,0.17522327495736548
0.960381108752996,1.2059438188960543,0.16717201572831578
0.9787379342544876,1.2072320162227206,0.15686640362248722
0.9805092068349612,1.2718029005674787,0.11725420403253821
0.967144149849581,1.2737351961572145,0.10743166598501792
0.9748733394994645,1.3085165147730975,0.1054993633831775
0.956999588151179,1.317694917664887,0.10453321207792823
0.9299474220522259,1.2867781910821317,0.08665941241028627
0.9310745956852663,1.280015156743115,0.08537121059428399
0.910302395239926,1.3122200808839977,0.10002450594860611
0.9130398170810345,1.3334753290373655,0.15074744627919773
0.9123957178264058,1.354408526592804,0.1586376807265594
0.9091752215338529,1.3569849200431876,0.18633401236407313
0.9107854696841728,1.3375009440585077,0.21209803966321206
0.9207690080356499,1.2974058161826227,0.21596264358088182
0.9177095366383958,1.2964396684608313,0.22723440474334367
0.9077259981916507,1.2671331861773536,0.23528566247571248
0.926404876322582,1.270675728134734,0.2235308261190632
0.9681102985660126,1.2769556887807945,0.2405994924691326
1.0304268846209175,1.2582768311120063,0.22385287643590374
1.0573180174936283,1.2616583485295734,0.19052066693997294
1.0785732825970418,1.2672942108126326,0.18552888647787383
1.0949978046646702,1.26745523544783,0.18021505557865078
1.1188294626362476,1.2608532253381617,0.18778323895417678
1.1191515120561395,1.2566665847101068,0.20469088202512728
1.1251094262656567,1.2194698905670769,0.20340268067942943
1.1036931395356544,1.1978925854867604,0.21370829130119282
1.097735224927317,1.2156052987194867,0.20936061186022506
1.0948367799426089,1.2127068548031248,0.1945462962887226
1.0616656854705147,1.1959602894383525,0.1720027712898131
1.0954808788303683,1.1299401674351548,0.1723248216580124
1.0896839887938596,1.1334827109130872,0.20130935348171602
1.0813107030001845,1.1441103411114688,0.21886109648879457
1.091938334931647,1.1742219580889255,0.2620158367078076
1.0924214091019637,1.1879090557775893,0.2665245405770609
1.092099359655167,1.201113078874815,0.2555748310710903
1.070844095450021,1.2373436272542184,0.24881177501426346
1.0644031060182597,1.2402420709471071,0.21242008999145032
1.0547416216276102,1.2318687890959106,0.18826631448276704
1.0882347662683245,1.2521578947416059,0.17940992967720687
1.1078797821670352,1.2775997873016134,0.16910431796157882
1.117380240242723,1.2747013439476984,0.14801001795654467
1.1014387934806815,1.2676162600829466,0.16475663792049217
1.0864634942837579,1.2804982306292232,0.1544510257376565
1.0658523286517063,1.2769556887807945,0.1502643706945315
1.0721322933208195,1.2856510187022419,0.14575566520283773
1.0837260739246897,1.260209126783571,0.18923246553778106
1.0864634942837579,1.2350892821415707,0.22997183239486668
1.058445190678491,1.199985906192687,0.22385287643590374
1.0869465684623392,1.222368334422099,0.23544668762831275
1.093226532717538,1.2532850672396971,0.24832869957621312
1.0879127168173144,1.2474881800642879,0.23544668762831275
1.1139987212989682,1.2318687890959106,0.26040558531067354
1.1594076869891226,1.2423353913756185,0.28053372719762937
1.1495851807728135,1.2521578947416059,0.24961690074274157
1.1518395264884782,1.2350892821415707,0.25525278078588187
1.1444323905059068,1.2386318244543042,0.24124359306845464
1.1349319332336603,1.2384707998045774,0.2489728001601197
1.1228550803615915,1.2545732643755028,0.24736254869794452
1.1204397097324643,1.3003042593304572,0.25154920248289897
1.1136766718738893,1.2914479051850032,0.2612107110102444
1.1222109815289407,1.291608929808022,0.24865074986832697
1.099023422689871,1.2814643783992472,0.25702405735055367
1.1011167440429601,1.2893545850783676,0.2969582900475317
1.0929044832715513,1.2991770869983148,0.29180548610615736
1.0586062154188618,1.266006013728129,0.30017879246911705
1.067784625486095,1.2518358454557064,0.2911613856077017
1.0682676996928695,1.270353678867505,0.29422086296391897
1.0854973459244075,1.2507086729525017,0.2861696067010925
1.08807374154286,1.2511917468829337,0.272804520861455
1.0788953320574501,1.274540319316154,0.26056661045074836
1.0674625760145071,1.2964396684608313,0.24816767443003576
1.077285084752167,1.2970837669423505,0.22964978208412692
1.0782512331363092,1.3154405731194212,0.23415848640526268
1.0951588293866508,1.3183390161035244,0.25750713277559606
1.0900060382430874,1.3257461480544455,0.232226184561054
1.0924214091019637,1.329288689361517,0.2457522972277403
1.1006336698857706,1.3412045098331127,0.24848972472231023
1.099023422689871,1.3647141002695224,0.2652363394779845
1.049266780343477,1.3515100839362582,0.2900342097323117
1.0450801369453784,1.3635869281648432,0.2715163197874353
1.0257571667062886,1.3441029525832595,0.253803554498469
1.025918191463099,1.3197882375857075,0.224980052542317
1.0309099588840616,1.3334753290373655,0.17796070304955325
0.9893655695904365,1.3336363536391862,0.16684996535498214
0.9972557834754486,1.3400773376453914,0.13673825403081669
1.0238248696182475,1.32204258210047,0.08343890786066259
1.0006373036523886,1.342009632821905,0.08086250419788087
1.0140023592404344,1.3635869281648432,0.1069485903356401
1.0439529637134595,1.3800114355821336,0.07860815097611618
1.056673918529068,1.3648751248555802,0.05026770913404934
1.0563518690463014,1.3737314769636004,0.023537517395091002
1.0521652257408576,1.3701889361498931,-0.006896257813962575
1.05892826489936,1.299821185474312,-0.011404965495614998
1.033486354941854,1.3156015977303397,-0.006574207267675165
1.0389611964958323,1.2941853237652816,-0.007540358907498227
1.041376567739886,1.2788879843393544,-0.00979471274496164
1.0140023592404344,1.283718723184603,-0.02251570969333443
1.0006373036523886,1.26391269345473,0.013714976502701901
0.981958429848065,1.2379877258549103,0.07216714168451993
0.9840517519665304,1.2614973238914533,0.08859171512467154
0.9703646455596907,1.2951514714938948,0.07925225189822328
0.9782548599126589,1.2901597081979281,0.0607343498761567
0.9850179006319782,1.2990160623791125,0.041250295300172546
0.9864671236246867,1.2991770869983148,0.05316616352729429
0.978576909473959,1.3397552884481683,0.06379382941375494
0.9885604457136922,1.3587561905282595,0.08054045373859052
1.004501898096608,1.339594263849435,0.09068504305223075
0.978576909473959,1.3052960224678265,0.09825322852346305
0.9974168082465885,1.2809813045146006,0.0840830087731521
0.9743902651518092,1.2966006930813327,0.10614346425174033
1.0019255018056425,1.3147964746749357,0.1352890272118557
1.0083664924941995,1.3531203298598118,0.1272377669882343
0.982119454626894,1.3772740177379716,0.14189106044562508
0.9829245785198255,1.3909611067238785,0.13480595160409187
0.978576909473959,1.3758247965168473,0.14559464000554284
0.9970947587042277,1.360366436415247,0.18746118860138208
1.0019255018056425,1.3787232389525128,0.18005403039852244
0.9788989590349353,1.3848421728968818,0.18021505557865078
0.9851789254092695,1.413343521564708,0.19760577456022999
0.9924250403036114,1.4772702660910848,0.1763504512334273
0.9817974050691548,1.5033562387633748,0.15686640362248722
1.0059511210011691,1.4961101354575181,0.1884273396588033
0.9999932045738188,1.5141448811578406,0.2106488131821671
0.981958429848065,1.5033562387633748,0.19728372421722498
0.9904927430144793,1.465193426167796,0.20243652966678544
0.9787379342544876,1.462939082664764,0.21161496417025275
0.9636016045310761,1.5004577974608082,0.21000471252183814
0.9714918190505819,1.5015849690816063,0.2151575177685131
0.9458888773511331,1.4993306258360224,0.21177598933465278
0.9328458685291792,1.5125346360475351,0.17876582895460758
0.9313966452939785,1.53169655233225,0.18730016342486439
0.9067598492932102,1.5564943246363894,0.20887753636317252
0.9003188565625452,1.5687321855812884,0.20130935348171602
0.9004798813823885,1.5642235000247364,0.20098730314240246
0.9032173033073554,1.5693762835127263,0.21564059325617513
0.9254387274804303,1.5940130284119645,0.23673488884622484
0.9033783281257433,1.5862838537468842,0.2686178673520981
0.9239895042117432,1.5819361929152989,0.2626599372644128
0.9239895042117432,1.5616471082494685,0.26169378642902325
0.9331679181361118,1.5748511158773357,0.27683014918463694
0.92833717399815,1.5811310705325625,0.27554194812668015
0.9230233553623123,1.5785546788941234,0.25364252935502163
0.9130398170810345,1.5845125845263694,0.2542866299283293
0.9148110900245919,1.5990047869500756,0.2380230900589989
0.9405750590062577,1.5980386401423579,0.2610496858704908
0.9611862327005503,1.6168785023638006,0.2612107110102444
0.9735851412374317,1.6366845101631038,0.23464156186450857
0.979221008595588,1.6229974317342204,0.21499649260579856
0.9969337339329258,1.56889321006427,0.1927750193814515
0.9970947587042277,1.5796818502385064,0.15106949666857414
0.9908147925634775,1.543451340743117,0.15557820208615675
0.9835686776327138,1.5368493363465872,0.18279145844979208
1.0086885420252276,1.5486041245672606,0.21628469390526747
1.0292997113374143,1.5685711610982254,0.19937705144101975
1.0207653992050039,1.5896653676859513,0.23754001460481078
1.019799250647381,1.5899874166306556,0.2541256047851228
1.0193161763674763,1.5429682672553289,0.253320479067886
1.0036967742579075,1.5360442138498422,0.24929485045159122
1.0043408733290298,1.514627954689345,0.25943943446853857
1.0172228544794697,1.4982034542072489,0.2504220264692123
1.0272063895146677,1.4957880864178772,0.2678127416709976
1.0220535972773006,1.500779846495729,0.2881019082224856
0.9980609073303388,1.498042429688527,0.29518701370196265
0.9716528438346714,1.5080259496953778,0.2834321795259855
0.9610252079112012,1.5292811847968324,0.24124359306845464
0.9763225625380608,1.5355611403508185,0.25621893164054366
0.9780938351318875,1.564867597965296,0.2591173841871845
0.952973968340588,1.5418410957809736,0.24011641701879807
0.9710087446978284,1.5461887571600748,0.20404678135292037
0.9549062658559825,1.5300863073106736,0.20066525280276792
0.9460499021480876,1.5167212733173991,0.18713913824826642
0.9611862327005503,1.5197807389798104,0.18263043327094755
0.9479821997052286,1.51172951348933,0.19583449766973024
0.9618303318571373,1.5104413173919693,0.18134223183730247
0.9924250403036114,1.524128400660055,0.17618942605137342
0.995967585303415,1.5139838566471764,0.15702742881416756
1.0304268846209175,1.5143059056684234,0.18311350880724056
1.0495888298333707,1.5217130330672453,0.1903596417649798
1.0648861802301377,1.5172043468449967,0.1961565480141797
1.117380240242723,1.5017459935985378,0.24108256791874455
1.1139987212989682,1.5046444348893846,0.25976148474957145
1.1481359585186373,1.4555319538996823,0.24285384456113968
1.167136871996393,1.4292849527596645,0.2096826621911921
1.141372921245651,1.4205896267521219,0.209038561528937
1.1455595633838866,1.433954664776957,0.22723440474334367
1.1466867362578939,1.429607001866501,0.22691235442987454
1.0809886535422064,1.4856435415025728,0.21129291384121188
1.0858193953778486,1.506415704554143,0.23109900847992712
1.0542585474004236,1.5566553491255604,0.2670076159878895
1.054097522657866,1.5772664830670844,0.31048440000223804
1.0439529637134595,1.5886992208498836,0.28552550619139105
1.073098441720516,1.606733961306231,0.27650809892062966
1.0985403485295209,1.5743680424371869,0.3095182493099876
1.0904891124163212,1.5840295111008822,0.300017767348801
1.0879127168173144,1.591919710292038,0.29357676247028314
1.108040806882533,1.597555566737399,0.300017767348801
1.115769993131107,1.6059288389862234,0.3125777264921911
1.110134128176626,1.597072493331707,0.2636260880969113
1.113032573022759,1.5452226101920707,0.25815123334119505
1.1006336698857706,1.5250945476920506,0.2457522972277403
1.0885568157190106,1.4935337431312772,0.23415848640526268
1.083887098652342,1.4680918677911217,0.21225906482737128
1.074869713779052,1.4457094567935649,0.2064621588670752
1.0676236007503415,1.4302511000791982,0.1937411704229849
1.0698779470435194,1.4468366286080006,0.17602840086923935
1.083242999741247,1.4602016655325036,0.1903596417649798
1.0534534236868258,1.4708292848556148,0.23544668762831275
1.0861414448309652,1.4737277264276858,0.263304037819733
1.0722933180543048,1.475982069854405,0.2457522972277403
1.064242081280805,1.4315392965006895,0.27956757641572766
1.064725155492926,1.4439381867913994,0.30726389768348833
1.0484616566173253,1.4523114630785672,0.2987295663833803
1.0389611964958323,1.4647103525613456,0.30613672186433344
1.0273674142707496,1.4853214924523532,0.2926106117274195
1.0231807705863094,1.4846773943509375,0.3062977469815966
1.0296217608473917,1.4909573507842036,0.33286689022962074
1.011586987789906,1.5210689350394029,0.3195018063237568
0.998221932101074,1.496593209016369,0.28745780771663976
0.974551289934442,1.4925675960035658,0.30291621950219855
0.9602200839632423,1.4800076830767395,0.31660335431931996
0.9653728771952241,1.4978814051697238,0.34091814532738796
0.9826025289628956,1.522035082080678,0.3489694002242233
1.0074003438991732,1.5122125870244973,0.3111285004621314
1.0230197458281225,1.539908801815654,0.2840762800398638
1.0592503143795344,1.5304083563156403,0.2739316967970058
1.0586062154188618,1.4933727186101955,0.25541380592852625
1.0869465684623392,1.4977203806508392,0.24285384456113968
1.108040806882533,1.4854825169775039,0.2368959139981026
1.1243043027303141,1.4519894139946663,0.24140461821808443
1.1352539826373402,1.4722785056449452,0.26797376680737833
1.1426611188324836,1.4754989962643075,0.2612107110102444
1.137669353154605,1.4663205979133325,0.2600835350302831
1.1384744766563066,1.4585914201496035,0.281016802587496
1.116736141399049,1.4827451000388792,0.30726389768348833
1.114803844860247,1.4827451000388792,0.36281755817670913
1.1119054000301607,1.4896691546028547,0.3734452138765387
1.0763189363651084,1.4540827330342072,0.3587919309262348
1.057962116456893,1.456337076599877,0.3393078943239085
1.0581231411975067,1.4535996594109177,0.3069418474498458
1.0658523286517063,1.4168860618991266,0.31241670137806143
1.0602164628181134,1.424293191562102,0.3178915552133949
1.0740645901172963,1.444904334066528,0.28552550619139105
1.0866245190100328,1.4241321670060407,0.26716864112467176
1.09370960688591,1.439590524017087,0.24848972472231023
1.1292960686167701,1.4439381867913994,0.23995539186852602
1.1202786850232074,1.4690580149930392,0.25992250988996746
1.1189904873462342,1.4746938736125181,0.24961690074274157
1.104659287840066,1.4793635849645832,0.23270926002318995
1.1152869189960415,1.507542876153862,0.217089819714827
1.1096510540330509,1.5033562387633748,0.21596264358088182
1.0854973459244075,1.5178484448806537,0.2111318886765711
1.0903280876919907,1.5046444348893846,0.22175954937070097
1.1069136338723482,1.4982034542072489,0.2257851783302041
1.1603738351252484,1.4935337431312772,0.23077695817031127
1.1425000941344132,1.5004577974608082,0.25493073050035214
1.138152427255869,1.5059326310101857,0.2789234758928534
1.1402457483529158,1.4927286205250545,0.25847328362351274
1.141050871848132,1.5115684889774448,0.26249891212538196
1.1177022896640738,1.4930506695677879,0.27248247059343195
1.091938334931647,1.5017459935985378,0.2663635154399574
1.0830819750132707,1.5189756164399197,0.24736254869794452
1.064725155492926,1.5199417634875443,0.23657386369426683
1.0537754731725077,1.5511805164480652,0.25718508249231475
1.0618267102092653,1.5508584674641046,0.2290056814616841
1.0402493944949285,1.534111919849351,0.24253179426324498
1.0735815159192708,1.516077175279463,0.2359297630856319
1.0734204911864336,1.5110854154413007,0.20018217729271423
1.073098441720516,1.5006188219783094,0.20549600786358016
1.0764799610964872,1.496754233535823,0.2641091635120765
1.0734204911864336,1.4717954320492341,0.2831101292685644
1.0726153675210324,1.4537606839520958,0.30372134509574505
1.08807374154286,1.4471586776971073,0.3098402995410591
1.0856583706511684,1.4566591256793855,0.3127387516062405
1.1086849057437125,1.465998548843586,0.321273082535874
1.1094900293183638,1.4692190395264073,0.32996843834523976
1.0945147304982428,1.500779846495729,0.3439776222118561
1.0829209502852133,1.4962711599772163,0.3840728692261409
1.084209148107403,1.472117481113123,0.3747334145436292
1.0843701728348123,1.469702113126024,0.38681029554734087
1.0961249777168314,1.512051562512856,0.3945394991523415
1.0635979823301764,1.5452226101920707,0.43447371482611624
1.067784625486095,1.5188145919316973,0.41498968279686926
1.0739035653847022,1.4703462112577068,0.3863272203158766
1.0606995370363095,1.455692978439884,0.38439491938278236
1.0719712685872531,1.465676499773514,0.37070778744188626
1.0829209502852133,1.4837112471963732,0.36362268362077466
1.0755138127069983,1.4582693710720473,0.3447827477029463
1.112871548309774,1.456498101139672,0.34236737122364763
1.0956419035521057,1.4466756040633253,0.33012946345061067
1.0718102438536057,1.4518283894525938,0.33447714126524786
1.08807374154286,1.4355649102843029,0.32868023749937925
1.0929044832715513,1.4357259348345903,0.34011301982665293
1.108845930458805,1.3912831558694163,0.31209465114956103
1.1217279074036017,1.3412045098331127,0.3083910734987064
1.0885568157190106,1.3392722146517242,0.3146710529685654
1.038800171745581,1.3418486082243093,0.3217561578647639
1.0486226813627175,1.346679346116846,0.29905161662521745
1.0338084044476206,1.317855942274668,0.28053372719762937
1.041376567739886,1.3052960224678265,0.2885849836010266
1.0407324687432533,1.3337973782409254,0.29422086296391897
1.026240240976477,1.3622987314689052,0.27248247059343195
1.0206043744456024,1.372443280308622,0.2257851783302041
1.0011203779604658,1.380655533894993,0.2143523919541378
0.9703646455596907,1.3621377068815472,0.24704049840454603
0.9742292403690955,1.3431368050028023,0.22433595191056246
0.9402530094067673,1.3536034036352933,0.22336980096052253
0.9431514557905328,1.332509181424736,0.20791138536690054
0.9706866951289213,1.3304158615873398,0.20614010853289788
0.9532960179272961,1.3358906980561438,0.18713913824826642
0.956999588151179,1.313991351617501,0.18279145844979208
0.947821174909245,1.332348156822347,0.18681708789482981
0.9429904309921223,1.3403993868422894,0.19084271728971852
0.9724579677539044,1.4019107774897461,0.17296892239344835
1.0016034522678146,1.4566591256793855,0.20308063034220247
0.9805092068349612,1.444904334066528,0.2235308261190632
0.9987050064127939,1.447963800418451,0.20179242899008443
0.9999932045738188,1.442327941326345,0.20791138536690054
1.0167397801956788,1.4040040968580663,0.2351246373230319
0.9883994209381003,1.3964359421537995,0.2151575177685131
0.973102066887834,1.3690617640645555,0.2328702851770747
0.9553893402330107,1.3841980745924753,0.23560771278083276
0.9454058029597849,1.401588728354939,0.24124359306845464
0.9273710251618218,1.3830709025566346,0.24140461821808443
0.9090141967183761,1.3824268042486518,0.25460868021450134
0.8863096969266469,1.4009446300843493,0.2557358562135741
0.8481468106767592,1.3877406152506169,0.2463963978167855
0.8648933942315175,1.3576290184025332,0.22836158083795688
0.899513732462115,1.350060862598113,0.21129291384121188
0.9156162140866103,1.3439419279867197,0.21306419064696364
0.9267269259359856,1.3457131985441886,0.2166067442293321
0.9437955549833656,1.3613325839435388,0.20082627797262534
0.9503975716352723,1.3875795906761001,0.21531854293114738
0.9447617037701881,1.3824268042486518,0.20919958669462116
0.9676272242081609,1.3592392642952087,0.20597908336568885
0.9938742632628117,1.3590782397063068,0.23367541094529432
0.989848643915512,1.3294497139654495,0.23496361217027106
1.005629071467389,1.3030416778348077,0.19744474938876763
0.999349105493954,1.340238362243881,0.21097086351185002
1.0057900962343196,1.3698668869830604,0.20436883168918432
1.0264012657330446,1.375502747355703,0.23737898945325414
1.0059511210011691,1.370672009899533,0.2628209624033633
1.0127141611357526,1.3445860263723912,0.27570297325920584
0.9933911889438067,1.3613325839435388,0.2992126417460156
0.9774497360079926,1.3735704523820127,0.33431611616204676
0.9640846788949965,1.3933764753074864,0.35991910656143217
0.9661780011302364,1.4389464258232572,0.3840728692261409
0.9663390259169963,1.444904334066528,0.4167609584845601
0.9486262988883534,1.4122163496318676,0.4230409358443073
0.9273710251618218,1.4415228185907678,0.44961006947387516
0.9426683813950587,1.4366920821346063,0.42626143700697244
0.9326848437255916,1.4320223701574069,0.3723180382886135
0.9297863972471824,1.439751548565341,0.3557324541822719
0.9545842162708924,1.4452263831575867,0.3038823702142133
0.9590929104327016,1.4605237146081074,0.28198295336506046
0.9735851412374317,1.4973983316128259,0.2890680589788445
0.9904927430144793,1.5722747241880712,0.29341573734667337
0.989848643915512,1.5572994470814296,0.2953480388246888
1.0011203779604658,1.5354001158509811,0.29357676247028314
0.9922640155299622,1.5159161507697756,0.300017767348801
0.9788989590349353,1.5167212733173991,0.33318894043738906
0.9961286100752025,1.5022290671488434,0.3513847766540895
0.9718138686186798,1.5358831893502491,0.3570206549201091
0.9706866951289213,1.5183315184065418,0.35605450436721353
0.9608641831217714,1.5052885329504364,0.34317249671875655
0.9636016045310761,1.5015849690816063,0.36636011011556396
0.9645677532581888,1.4930506695677879,0.386005170161165
0.9555503650251915,1.4869317377001965,0.4104809810024653
0.955067290648406,1.4632611317376019,0.4095148306097458
0.9589318856423008,1.4386243767258544,0.40307382791761953
0.935261240573287,1.4352428611834842,0.3777928911073458
0.9236674545955897,1.405453317951162,0.35589347927478293
0.906115750025966,1.3817827059393684,0.3513847766540895
0.909658295979798,1.3896729101384755,0.35830885565280157
0.8898522430992818,1.4159199145390973,0.3330279153335451
0.8943609381714939,1.4023938511913474,0.315637203645389
0.8840553493418689,1.4183352829336822,0.3224002583021589
0.8808348527646984,1.4189793811691485,0.31660335431931996
0.8901742927493993,1.4405566713053914,0.2871357574632349
0.8919455658192635,1.4415228185907678,0.28777985796972333
0.899513732462115,1.4426499904200067,0.27956757641572766
0.9281761491922974,1.4312172473958047,0.2629819875422335
0.9639236541071039,1.4341156893280576,0.22739542989995778
0.9832466280764316,1.448285849506419,0.203885756184668
0.9808312563939953,1.4445822849751435,0.19422424594266827
0.9940352880356514,1.4310562228432402,0.1998601269522772
0.9962896348469089,1.448446874050281,0.17135867055245177
1.026240240976477,1.4210727004254282,0.17296892239344835
1.0210874487235637,1.4151147917368365,0.20163140382070852
0.9817974050691548,1.4180132338154612,0.19792782490291402
0.974551289934442,1.3962749175836726,0.1987329507582197
0.9613472574898184,1.3716381573966188,0.23013285755011614
0.9152941644620455,1.359722338061427,0.2335143857918109
0.8689190151480025,1.3722822557263836,0.22836158083795688
0.8375191706597804,1.3651971740274518,0.2660414651655096
0.8146536409451148,1.3903170084318273,0.27924552615445114
0.8133654420394755,1.4014277037874137,0.2921275363549032
0.8204505359565093,1.4003005318124586,0.28697473233641196
0.8239930828563727,1.407707661860666,0.28423730516813256
0.835747897289395,1.4189793811691485,0.28890703385298555
0.8320443256651765,1.4439381867913994,0.30211109390664354
0.7982291045109488,1.4566591256793855,0.29808546589874185
0.7732702485169795,1.4627780581282228,0.28278807901082204
0.8074075220336405,1.4292849527596645,0.2666855657140841
0.8273746048606732,1.4352428611834842,0.27248247059343195
0.8682749158047599,1.4439381867913994,0.2439810206012421
0.8835722748573548,1.465998548843586,0.1945462962887226
0.8801907534453837,1.477753339678497,0.18085915629836172
0.9312356204896629,1.4893471055567038,0.1763504512334273
0.9296253724420578,1.474049775489622,0.16684996535498214
0.928981273220751,1.496754233535823,0.18907144036214596
0.9194808095561541,1.5210689350394029,0.21966622229193283
0.9115905937563001,1.5188145919316973,0.2359297630856319
0.9610252079112012,1.525255572197098,0.28745780771663976
0.9711697694821605,1.5785546788941234,0.3251376851467436
0.9476601501131807,1.5598758388918783,0.3623344829093051
0.9586098360612562,1.5228402046128358,0.3729621386250531
0.9309135708807889,1.5180094693893644,0.4096758556754001
0.9020901295763757,1.4874148112729624,0.42899886296993717
0.9122346930125464,1.492889645046462,0.4410757419407507
0.8953270871072923,1.4771092415617846,0.4174050587322163
0.8751989836768388,1.463422156273899,0.4109640561977391
0.8808348527646984,1.4515063403682047,0.4265834871214691
0.8560370280374281,1.4193014302863936,0.4731197252829008
0.855553953510719,1.412377374193946,0.45605107123599864
0.8534606305532398,1.404970244254195,0.43270243923576496
0.8637662203658486,1.3790452881104054,0.42706656229261086
0.8962932360401797,1.345069100160792,0.42610041194960346
0.8887250693213244,1.3566628708630273,0.4265834871214691
0.911912643384585,1.3352465996529235,0.43882139123388697
0.9070818989263473,1.347162419902078,0.42320196090320483
0.8671477419509731,1.3510270101576078,0.45894952198694783
0.8557149783530361,1.3268733202927785,0.44880494424455697
0.8565201025634102,1.3832319271334272,0.4203035098307421
0.8803517782753337,1.3816216813618443,0.3750554647095978
0.8723005366788077,1.4072245881671137,0.34526582299663594
0.8502401336689093,1.4069025390376724,0.30517057115906726
0.8217387348337113,1.416725037339325,0.28745780771663976
0.8090177706947718,1.4412007694959676,0.2660414651655096
0.7896947862280841,1.4903132526941802,0.25026100132407875
0.7676343775401523,1.4748548981430387,0.25895635904638703
0.7613544069066016,1.488058909368845,0.26024456017051845
0.7727871738656987,1.4858045660275607,0.25799020819991575
0.7795502189174932,1.475982069854405,0.24945587559720656
0.7623205562428337,1.4548878557380625,0.2676517165345366
0.7727871738656987,1.463422156273899,0.29776341565594067
0.8281797291421596,1.4763041189140633,0.29599213931478996
0.861672897461956,1.467125720586275,0.340596095127335
0.8685969654765429,1.465032401632394,0.3393078943239085
0.8895301934488411,1.4412007694959676,0.3732841887927906
0.8582913758191204,1.449413021311745,0.39566667466259037
0.8867927714070376,1.4471586776971073,0.41933735946746276
0.9049885763051752,1.452472487620396,0.4042010033980313
0.9223792561277405,1.4626170335916007,0.3840728692261409
0.942829406193631,1.4848384188764137,0.38616619523856105
0.9199638839865716,1.4846773943509375,0.3747334145436292
0.9294643476368525,1.4930506695677879,0.3338330408519614
0.9539401170997415,1.4837112471963732,0.3439776222118561
0.9553893402330107,1.4653544507031167,0.32626486089952844
0.9371935381954688,1.472117481113123,0.3233664089558406
0.9101413704250153,1.4616508863701583,0.3251376851467436
0.8917845409951346,1.4717954320492341,0.29293266197536205
0.8932337644093836,1.4845163698253805,0.30484852092333586
0.9078870230077744,1.4830671490917027,0.3273920366483756
0.9065988244765205,1.4611678127583387,0.29856854126234117
0.9057937003918586,1.4602016655325036,0.2852034559360584
0.9177095366383958,1.4593965428420703,0.29567008906990006
0.9410581334048868,1.4626170335916007,0.32095103231621225
0.9626354558010504,1.4658375243085908,0.3510627264644856
0.981958429848065,1.4714733829850197,0.3850390196951004
0.9874332722828504,1.4439381867913994,0.40114152708488804
1.0069172696005673,1.4508622421984505,0.4061333042124253
1.0328422559293493,1.4444212604293296,0.3905138722978566
1.0131972354256154,1.4429720395133427,0.379886217160533
1.0309099588840616,1.4389464258232572,0.362978583265683
1.005629071467389,1.4545658066567642,0.362978583265683
1.0156126068640001,1.4486078985940618,0.3971159003128344
1.0167397801956788,1.470024162192028,0.3776318660257686
0.998221932101074,1.4827451000388792,0.3728011135410638
0.9842127767443073,1.4421669167793922,0.4135404572269738
0.9581267616890826,1.4445822849751435,0.4185322341625178
0.9541011418926506,1.457625272915959,0.4016246022941567
0.9255997522876578,1.4292849527596645,0.4174050587322163
0.8953270871072923,1.4209116758677407,0.39743795045644836
0.8985475835389305,1.4334715911231672,0.3967938501688986
0.8621559719794513,1.4653544507031167,0.4241681112549004
0.8674697916238877,1.4593965428420703,0.46152592263256875
0.8941999133485778,1.4490909722249157,0.49984987980334084
0.93187971970644,1.491279399828727,0.5067739556125463
0.9523298691662008,1.51929766545612,0.49421400403478666
0.9505585964299613,1.5107633664167979,0.48197610202635827
0.9636016045310761,1.5104413173919693,0.4727976752149144
0.9555503650251915,1.4990085767996368,0.4470336687329758
0.9136839163343694,1.4858045660275607,0.4454234182594532
0.9054716507574277,1.464388303489972,0.44816084405965395
0.8829281755435376,1.449413021311745,0.4354398651440229
0.9032173033073554,1.4204286021941903,0.45830542182232353
0.9413801830035683,1.3953087701612037,0.4320583390186782
0.9375155877980333,1.3445860263723912,0.40822663008161564
0.9523298691662008,1.311737007045882,0.401785627363752
0.958770860851819,1.266006013728129,0.393573348711849
0.9484652740926937,1.2433015392610745,0.4008194769449735
0.9586098360612562,1.2412082188388935,0.3921241230456819
0.9528129435471125,1.255700436865071,0.3984041008853603
0.9368714885925807,1.2774387626715304,0.4328634642898355
0.9835686776327138,1.2966006930813327,0.4241681112549004
0.9602200839632423,1.3363737718577058,0.422074785489233
0.9370325133940652,1.3566628708630273,0.4000143515937797
0.9417022326019262,1.3602054118269138,0.3863272203158766
0.9227013057451882,1.3608495101797584,0.3502576009890693
0.9227013057451882,1.3672904936366936,0.3285192123932851
0.9075649733754462,1.37920631268923,0.2945429132102549
0.9069208741098191,1.4019107774897461,0.28198295336506046
0.9294643476368525,1.4418448676852427,0.29244958660332776
0.9280151243863642,1.4585914201496035,0.2876188328432217
0.9082090726397793,1.4342767138790766,0.28922908410462317
0.913844941147501,1.457625272915959,0.30130596830908013
0.9183536358823492,1.4674477696548827,0.3116115758062078
0.9186756855038407,1.4434551131527371,0.33496021657436886
0.9280151243863642,1.4247762652297975,0.3671652355507862
0.9508806460190966,1.4143096689325434,0.38197954320013155
0.9400919846069007,1.405131268819932,0.4153117329226279
0.9373545629967917,1.3850031974727803,0.42449016137148865
0.9056326755746837,1.369544837815902,0.4415588170901698
0.8687579903123132,1.336856845658537,0.5017821800441412
0.8570031770886647,1.2901597081979281,0.502909355179254
0.8368750712534987,1.2911258559387215,0.4961463043094011
0.8650544190691469,1.3059401209314794,0.4993668047413292
0.8581303509780963,1.3254240988427621,0.506290880560921
0.8869537962336729,1.3386281162553282,0.5153082814051018
0.9375155877980333,1.3737314769636004,0.5248087570213253
0.9339730421520277,1.424293191562102,0.48165405196722594
0.9254387274804303,1.4378192539809243,0.4739248504514583
0.9850179006319782,1.4355649102843029,0.46072079743302535
0.9555503650251915,1.3927323770203126,0.4478387939667197
0.9652118524079789,1.3569849200431876,0.4674838490466577
0.9631185301664275,1.3721212311440643,0.45444082080753845
0.9547452410634779,1.3565018462728253,0.4249732365457678
0.9682713233518012,1.3547305757752397,0.44284701748508054
0.9751953890641635,1.3764688948381596,0.4230409358443073
1.0090105915559313,1.3771129931581716,0.42690553723564406
1.0574790422345661,1.3771129931581716,0.43077013858064284
1.063759007067955,1.3999784826760255,0.4238460611379903
1.0674625760145071,1.3793673372679733,0.44912699433652564
1.0797004557070538,1.3693838132322014,0.462170022790755
1.064725155492926,1.3441029525832595,0.4679669241564847
1.0574790422345661,1.35505262495735,0.4887391531937571
1.0578010917161984,1.389189836417608,0.49743450448603677
1.0462073101733291,1.3872575415268231,0.512731881189674
1.0743866395822415,1.399817458107687,0.5267410571123529
1.0777681589446026,1.4355649102843029,0.5328600073240973
1.065530279178174,1.381943730516811,0.5000109048238504
1.0518431762535556,1.3841980745924753,0.4555679961083055
0.9943573375810881,1.3804945093169,0.46313617302561977
0.9711697694821605,1.4035210231589041,0.4546018458507466
0.9491093732748476,1.404970244254195,0.4170830086085491
0.9259218019018701,1.3941815981646246,0.39228514812002213
0.9120736681986061,1.4035210231589041,0.38375081906917785
0.9391258358060022,1.4374972048823826,0.38874259646596077
0.9293033228315661,1.4366920821346063,0.3736062389602064
0.9489483484794304,1.4428110149667153,0.33592636719044094
0.9322017693143433,1.416564012779442,0.33157868939533264
0.9563554889848824,1.3645530756833835,0.3146710529685654
0.9714918190505819,1.3664853707116873,0.32352743406450635
0.9864671236246867,1.3410434852351105,0.32159513275521434
0.986306098848043,1.304651924002874,0.3278751119681047
0.9962896348469089,1.3286445909449738,0.35267297740928977
1.0189941268471352,1.315762622341177,0.36136833237232646
1.0111039134976143,1.295312496115046,0.37408931421072716
1.022375646794565,1.2899986835741786,0.4127353319075499
1.0264012657330446,1.2974058161826227,0.42964296319313827
1.037995047993109,1.335568648854696,0.45299159541504386
1.048300631871852,1.3413655344310338,0.4114471313922891
1.0344525034581817,1.372443280308622,0.40500612873876957
1.0122310868451614,1.3745365998703207,0.4080656050152374
1.0354186519715944,1.4146317180545047,0.36136833237232646
1.0434698894699936,1.429123928206124,0.35396117815934547
1.0090105915559313,1.4463535549737307,0.32449358471481304
1.0120700620814689,1.4257424125629934,0.30597569674698993
1.0486226813627175,1.4429720395133427,0.30597569674698993
1.061987734947935,1.500779846495729,0.2937377875938126
1.0534534236868258,1.4885419829399023,0.2831101292685644
1.0254351171924245,1.5028731652147782,0.2773132245800455
1.0207653992050039,1.528476062280956,0.24736254869794452
1.0189941268471352,1.5250945476920506,0.2449471714896273
1.0355796767235466,1.5268658172430973,0.21499649260579856
1.052326250484387,1.51929766545612,0.17908787931606768
1.0798614804367315,1.512695660558932,0.16604483942024423
1.0819548019151684,1.5135007831146952,0.13979773284951352
1.1056254361415607,1.5002967729432257,0.1291700694601866
1.0454021864394836,1.4957880864178772,0.13255159875831782
1.0402493944949285,1.4756600207944215,0.13722132963569353
1.0632759328543762,1.4830671490917027,0.14978129510914343
1.064242081280805,1.4632611317376019,0.14269618644052057
1.070522045981511,1.4220388477698458,0.17168072092129288
1.0861414448309652,1.4573032238374264,0.19567347249738515
1.068106674957359,1.4627780581282228,0.21886109648879457
1.0673015512785913,1.4614898618329666,0.2161236687431148
1.080827628813096,1.4581083465331472,0.24559127208027826
1.073098441720516,1.4342767138790766,0.2328702851770747
1.0600554380785527,1.4515063403682047,0.1937411704229849
1.0460462854267218,1.436047983934921,0.21998827261262624
1.0344525034581817,1.4571421992980385,0.22964978208412692
1.0178669535233906,1.507542876153862,0.23077695817031127
1.0165787554342534,1.4819399774053967,0.2773132245800455
1.004501898096608,1.4440992113374576,0.2758639983916512
0.986306098848043,1.465676499773514,0.2845593554244291
0.9912978668863676,1.4618119109072687,0.347681199454233
1.0222146220359731,1.4529555612453935,0.336409442497392
1.0138413344776327,1.4893471055567038,0.3449437728009232
1.0144854335283542,1.4841943207740216,0.3750554647095978
0.9956455357595971,1.5030341897310584,0.3782759663515951
0.9697205464202582,1.5139838566471764,0.3765046904524766
0.9505585964299613,1.5249335231869212,0.36780933589751685
0.9755174386285388,1.5138228321364309,0.37714879078055447
0.9758394881925904,1.4903132526941802,0.40033640173449847
0.9964506596185346,1.4904742772168083,0.37924211683792275
1.0119090373176955,1.4635831808101145,0.3699026620155077
1.0027306256487953,1.4613288372956932,0.3903528472226318
0.9827635537414011,1.4527945367038089,0.4053281788745019
0.9497534724557072,1.4184963074926709,0.38310671875428676
0.9243115538275731,1.3735704523820127,0.3832677438331301
0.9144890403992184,1.3817827059393684,0.38552209492849454
0.8872758458867008,1.3788842635314997,0.3756995650405702
0.883733299685607,1.387901639825052,0.38020826732135576
