index,name,val_Freq,amp_Freq,amp_Time,num_burst,passage
0,HFocusing_5_10_4um_0_1001.npy729.npy,32.8,80.81776936213893,0.3833385136195971,14.0,0.457
0,HFocusing_5_10_4um_0_1004.npy730.npy,34.4,79.55287811574993,0.3944786328250407,13.0,0.388
0,HFocusing_5_10_4um_0_1004.npy731.npy,32.8,100.37126268126259,0.4549050425140372,13.0,0.4345
0,HFocusing_5_10_4um_0_1008.npy732.npy,34.4,50.48264183239546,0.2695991042526194,14.0,0.4095
0,HFocusing_5_10_4um_0_1008.npy733.npy,29.6,114.34722326810147,0.39628393598043943,17.0,0.5760000000000001
0,HFocusing_5_10_4um_0_1011.npy736.npy,27.2,123.40653856848706,0.47216752373210363,13.0,0.44949999999999996
0,HFocusing_5_10_4um_0_1014.npy737.npy,33.6,101.40716603035062,0.4689363035228621,15.0,0.422
0,HFocusing_5_10_4um_0_1014.npy738.npy,20.0,174.95957383492717,0.4083780213234703,16.0,0.8744999999999999
0,HFocusing_5_10_4um_0_1014.npy739.npy,33.6,101.42622634464036,0.41961320447612743,15.0,0.422
0,HFocusing_5_10_4um_0_1014.npy740.npy,35.2,70.72426114181789,0.3206529541583756,12.0,0.34299999999999997
0,HFocusing_5_10_4um_0_1016.npy741.npy,34.4,88.88596794181862,0.43338539627709016,14.0,0.386
0,HFocusing_5_10_4um_0_1016.npy742.npy,34.4,87.22964430337578,0.3768947175246284,18.0,0.5670000000000001
0,HFocusing_5_10_4um_0_1019.npy743.npy,34.4,140.24944257125327,0.5676973076568242,16.0,0.501
0,HFocusing_5_10_4um_0_1023.npy745.npy,33.6,90.26227113445123,0.41724766965501464,14.0,0.44949999999999996
0,HFocusing_5_10_4um_0_1023.npy746.npy,35.2,66.57186445602154,0.32717824368181814,13.0,0.34400000000000003
0,HFocusing_5_10_4um_0_1026.npy749.npy,34.4,72.18371874653836,0.32656658125398774,15.0,0.442
0,HFocusing_5_10_4um_0_1026.npy750.npy,32.8,90.21671983770818,0.4252147111249419,14.0,0.437
0,HFocusing_5_10_4um_0_1026.npy751.npy,30.4,99.45865014735054,0.42577091694202546,15.0,0.512
0,HFocusing_5_10_4um_0_1029.npy752.npy,23.2,141.58024114187634,0.702911774263891,15.0,0.6415000000000001
0,HFocusing_5_10_4um_0_1033.npy753.npy,32.0,116.59136014156076,0.5087980883863515,12.0,0.41
0,HFocusing_5_10_4um_0_1036.npy755.npy,37.6,47.789413340667515,0.2634659315389353,15.0,0.41100000000000003
0,HFocusing_5_10_4um_0_1039.npy756.npy,34.4,81.76020165059579,0.42353619663613173,14.0,0.3865
0,HFocusing_5_10_4um_0_1042.npy757.npy,32.8,97.39411596190212,0.3821351016646787,17.0,0.535
0,HFocusing_5_10_4um_0_1042.npy758.npy,32.8,87.77237381067076,0.42387412031983107,13.0,0.3725
0,HFocusing_5_10_4um_0_1042.npy759.npy,34.4,76.74745766623361,0.38711029230463007,14.0,0.442
0,HFocusing_5_10_4um_0_1046.npy760.npy,35.2,88.34152530200018,0.39887791989006405,18.0,0.5145
0,HFocusing_5_10_4um_0_1049.npy761.npy,32.8,68.67278544814981,0.34653790301651544,20.0,0.6445
0,HFocusing_5_10_4um_0_1049.npy762.npy,30.4,110.01770820625113,0.5018982245790988,19.0,0.628
0,HFocusing_5_10_4um_0_1052.npy764.npy,31.2,119.3176932941274,0.49648365565440084,14.0,0.479
0,HFocusing_5_10_4um_0_1055.npy767.npy,35.2,81.1782655041542,0.2842214621153659,18.0,0.5445
0,HFocusing_5_10_4um_0_1058.npy769.npy,35.2,60.762234692264705,0.3265389412042235,14.0,0.4365
0,HFocusing_5_10_4um_0_1058.npy770.npy,29.6,94.40559124641382,0.42806165686915665,14.0,0.516
0,HFocusing_5_10_4um_0_1066.npy773.npy,34.4,116.59144688376055,0.4767446696222906,14.0,0.4455
0,HFocusing_5_10_4um_0_1066.npy774.npy,34.4,116.59144688376055,0.4767446696222906,14.0,0.4455
0,HFocusing_5_10_4um_0_1069.npy775.npy,33.6,99.88459049346763,0.42191010005245516,16.0,0.477
0,HFocusing_5_10_4um_0_1072.npy777.npy,21.6,176.38226787580143,0.529897797560215,14.0,0.6945
0,HFocusing_5_10_4um_0_1075.npy778.npy,26.4,154.06163282967904,0.5297139713184098,13.0,0.501
0,HFocusing_5_10_4um_0_1075.npy779.npy,30.4,89.8844888294923,0.3055077539566318,18.0,0.6325000000000001
0,HFocusing_5_10_4um_0_1078.npy780.npy,17.6,217.84868854141402,0.5215575327301176,17.0,0.9075
0,HFocusing_5_10_4um_0_1081.npy782.npy,28.0,119.61421130043014,0.4001175277442508,21.0,0.758
0,HFocusing_5_10_4um_0_1084.npy783.npy,20.0,173.36495869569248,0.4536998516876353,17.0,0.8445
0,HFocusing_5_10_4um_0_1084.npy784.npy,34.4,167.10996447208532,0.7551883644285402,15.0,0.472
0,HFocusing_5_10_4um_0_1084.npy785.npy,27.2,138.38974364476695,0.49814211020550897,15.0,0.5894999999999999
0,HFocusing_5_10_4um_0_1084.npy786.npy,27.2,118.795481589576,0.4172672855473678,14.0,0.5605
0,HFocusing_5_10_4um_0_1084.npy787.npy,31.2,52.39813429107268,0.23361553216771463,15.0,0.49050000000000005
0,HFocusing_5_10_4um_0_1087.npy789.npy,29.6,121.17369283583749,0.40736563662652797,16.0,0.5785
0,HFocusing_5_10_4um_0_1087.npy790.npy,21.6,181.49162934782004,0.4350799239653575,15.0,0.7555
0,HFocusing_5_10_4um_0_1087.npy791.npy,18.4,215.04779274282438,0.5341018488170147,14.0,0.8180000000000001
0,HFocusing_5_10_4um_0_1090.npy793.npy,16.0,260.18152925720955,0.5066832161551218,13.0,0.8815000000000001
0,HFocusing_5_10_4um_0_1090.npy794.npy,31.2,121.9936295657193,0.4933122378058946,15.0,0.5165000000000001
0,HFocusing_5_10_4um_0_1096.npy797.npy,34.4,94.65557867453403,0.411984716883514,13.0,0.384
0,HFocusing_5_10_4um_0_1099.npy800.npy,35.2,77.80336790499635,0.33767200593425867,16.0,0.484
0,HFocusing_5_10_4um_0_1099.npy801.npy,32.0,88.27747554412355,0.38263002332430235,15.0,0.4765
0,HFocusing_5_10_4um_0_1099.npy802.npy,29.6,125.23827044769276,0.5071561506463752,13.0,0.47600000000000003
0,HFocusing_5_10_4um_0_1105.npy806.npy,35.2,93.69878746374188,0.37761873006334346,18.0,0.5205000000000001
0,HFocusing_5_10_4um_0_1112.npy809.npy,34.4,77.03734484205766,0.38584263446217737,13.0,0.38699999999999996
0,HFocusing_5_10_4um_0_1112.npy810.npy,26.4,121.3296655349337,0.43858758611421317,15.0,0.6195
0,HFocusing_5_10_4um_0_1115.npy812.npy,25.6,103.24455061325865,0.4050491611728989,17.0,0.6970000000000001
0,HFocusing_5_10_4um_0_1118.npy813.npy,35.2,59.65034449682721,0.29072916307883556,18.0,0.5095
0,HFocusing_5_10_4um_0_1118.npy814.npy,27.2,169.50755510030103,0.5295138203899453,13.0,0.486
0,HFocusing_5_10_4um_0_1118.npy815.npy,28.0,134.92244975413223,0.4964437350591357,20.0,0.8019999999999999
0,HFocusing_5_10_4um_0_112.npy816.npy,27.2,138.0563322238056,0.5156511425990916,13.0,0.4815
0,HFocusing_5_10_4um_0_1121.npy818.npy,20.8,62.44831837973195,0.19852206299457562,19.0,0.9380000000000001
0,HFocusing_5_10_4um_0_1121.npy819.npy,33.6,99.8778909982758,0.4046390724305573,13.0,0.4255
0,HFocusing_5_10_4um_0_1124.npy820.npy,36.0,96.07667654701908,0.3928762747570204,16.0,0.48500000000000004
0,HFocusing_5_10_4um_0_1127.npy821.npy,32.8,117.33625335089114,0.4822771617412657,15.0,0.46799999999999997
0,HFocusing_5_10_4um_0_1127.npy822.npy,35.2,105.29134841915482,0.463883143485763,15.0,0.4365
0,HFocusing_5_10_4um_0_1127.npy823.npy,35.2,94.85872064154462,0.42238587083577245,16.0,0.4355
0,HFocusing_5_10_4um_0_1130.npy824.npy,35.2,81.55537889471537,0.40168479444094196,21.0,0.6295
0,HFocusing_5_10_4um_0_1133.npy826.npy,34.4,89.12840750934927,0.42859140981972443,14.0,0.4165
0,HFocusing_5_10_4um_0_1133.npy827.npy,29.6,94.99768929669513,0.40023216157506547,15.0,0.5055
0,HFocusing_5_10_4um_0_1133.npy828.npy,35.2,96.5353853412001,0.41886608466090625,16.0,0.48899999999999993
0,HFocusing_5_10_4um_0_1133.npy829.npy,29.6,84.19886320461117,0.3331712985330416,15.0,0.5379999999999999
0,HFocusing_5_10_4um_0_1133.npy830.npy,21.6,171.82231295426118,0.5359887952071845,14.0,0.683
0,HFocusing_5_10_4um_0_1136.npy832.npy,36.8,73.08102670876625,0.30188230722429654,16.0,0.4425
0,HFocusing_5_10_4um_0_1136.npy833.npy,33.6,102.14344817668182,0.4835109714442517,13.0,0.42450000000000004
0,HFocusing_5_10_4um_0_1136.npy834.npy,32.0,114.07083838165525,0.46270445943769545,15.0,0.5015
0,HFocusing_5_10_4um_0_1139.npy836.npy,33.6,69.19830681733089,0.28488404759289615,15.0,0.48700000000000004
0,HFocusing_5_10_4um_0_1139.npy838.npy,35.2,75.41250947856312,0.34339378863749725,15.0,0.4365
0,HFocusing_5_10_4um_0_1139.npy840.npy,32.0,82.85085050015846,0.33396349561678673,15.0,0.4475
0,HFocusing_5_10_4um_0_1142.npy841.npy,36.8,68.33401846812595,0.34007341727480106,14.0,0.417
0,HFocusing_5_10_4um_0_1146.npy850.npy,28.8,113.93487508470672,0.40567749886167315,17.0,0.5945
0,HFocusing_5_10_4um_0_1152.npy853.npy,32.0,96.59219243402765,0.44659555165331466,13.0,0.4385
0,HFocusing_5_10_4um_0_1152.npy854.npy,36.0,90.59336423093461,0.4068581807091634,14.0,0.4235
0,HFocusing_5_10_4um_0_1152.npy855.npy,36.0,83.08078474255817,0.35545060545900753,21.0,0.6155
0,HFocusing_5_10_4um_0_1152.npy856.npy,32.0,71.9608673882309,0.3260904841044827,14.0,0.447
0,HFocusing_5_10_4um_0_1152.npy857.npy,22.4,153.25839357733165,0.44276020982579783,17.0,0.8059999999999999
0,HFocusing_5_10_4um_0_1155.npy858.npy,19.2,188.94734459187774,0.4465626001991456,14.0,0.7885
0,HFocusing_5_10_4um_0_1155.npy859.npy,21.6,154.06488934104894,0.48142573697565544,13.0,0.6579999999999999
0,HFocusing_5_10_4um_0_1158.npy860.npy,36.0,48.947825301833085,0.221986704240224,30.0,0.8495
0,HFocusing_5_10_4um_0_1158.npy861.npy,32.0,83.81390607024898,0.357837246787529,16.0,0.5015
0,HFocusing_5_10_4um_0_1158.npy862.npy,32.0,110.5219960408981,0.46863343687451614,14.0,0.44949999999999996
0,HFocusing_5_10_4um_0_1158.npy863.npy,30.4,93.71291735392559,0.3927828662616073,35.0,1.116
0,HFocusing_5_10_4um_0_116.npy864.npy,32.0,86.63994703681912,0.3766152896885556,16.0,0.505
0,HFocusing_5_10_4um_0_1162.npy866.npy,33.6,104.89814862306775,0.4278758214216259,15.0,0.4235
0,HFocusing_5_10_4um_0_1162.npy867.npy,33.6,105.00335158147331,0.40387888010019746,15.0,0.4235
0,HFocusing_5_10_4um_0_1164.npy869.npy,33.6,96.68710139791388,0.45956428964851886,14.0,0.423
0,HFocusing_5_10_4um_0_1164.npy870.npy,31.2,143.15513838148158,0.5151972303391223,16.0,0.5245
0,HFocusing_5_10_4um_0_1167.npy872.npy,25.6,110.51402987165191,0.3611943506531096,16.0,0.6769999999999999
0,HFocusing_5_10_4um_0_1171.npy874.npy,35.2,95.70137274013092,0.41101582828772965,16.0,0.4605
0,HFocusing_5_10_4um_0_1171.npy875.npy,35.2,84.74861156435666,0.3370176504558465,18.0,0.516
0,HFocusing_5_10_4um_0_1174.npy877.npy,34.4,104.45123999035799,0.35709373782577386,18.0,0.5505
0,HFocusing_5_10_4um_0_1177.npy878.npy,33.6,91.17016236200406,0.4101738000269027,18.0,0.5635
0,HFocusing_5_10_4um_0_1177.npy879.npy,30.4,115.302825097126,0.38750699065676864,17.0,0.603
0,HFocusing_5_10_4um_0_1177.npy880.npy,28.0,112.12728318327133,0.43407048088661665,14.0,0.5429999999999999
0,HFocusing_5_10_4um_0_1180.npy883.npy,30.4,35.14648716601677,0.18316665622695819,12.0,0.36900000000000005
0,HFocusing_5_10_4um_0_1180.npy884.npy,32.8,115.11862695360472,0.4965863135837278,15.0,0.4665
0,HFocusing_5_10_4um_0_1180.npy885.npy,18.4,173.7405908475994,0.3720524778443939,14.0,0.8270000000000001
0,HFocusing_5_10_4um_0_1183.npy886.npy,34.4,117.32442904229352,0.47393850919468444,15.0,0.443
0,HFocusing_5_10_4um_0_1183.npy887.npy,36.0,84.76811586365623,0.3815110768261012,13.0,0.3635
0,HFocusing_5_10_4um_0_1183.npy888.npy,28.8,132.05962275831027,0.5192007853687048,14.0,0.4935
0,HFocusing_5_10_4um_0_1189.npy890.npy,14.4,92.59800413676257,0.1551564456766056,15.0,1.0835000000000001
0,HFocusing_5_10_4um_0_1195.npy893.npy,17.6,216.43467741209878,0.5342597498123595,14.0,0.856
0,HFocusing_5_10_4um_0_1197.npy894.npy,34.4,98.27124896173314,0.4290668919772172,16.0,0.508
0,HFocusing_5_10_4um_0_1197.npy896.npy,30.4,225.32360454552563,0.5862050201610678,20.0,0.6669999999999999
0,HFocusing_5_10_4um_0_120.npy897.npy,15.2,214.10508226111975,0.39907343872345546,12.0,0.8065
0,HFocusing_5_10_4um_0_1200.npy898.npy,36.0,78.06842690788463,0.379035815071482,14.0,0.425
0,HFocusing_5_10_4um_0_1200.npy899.npy,32.8,82.95167896251839,0.3064129243251676,18.0,0.589
0,HFocusing_5_10_4um_0_1203.npy900.npy,34.4,93.34448862881705,0.46238830241812406,15.0,0.4185
0,HFocusing_5_10_4um_0_1203.npy901.npy,36.8,60.94033799115592,0.34391743991535545,17.0,0.47550000000000003
0,HFocusing_5_10_4um_0_1203.npy902.npy,36.8,53.13397103634966,0.2556037627701945,23.0,0.65
0,HFocusing_5_10_4um_0_1207.npy904.npy,16.8,199.93708254123862,0.49458493857478103,14.0,0.8180000000000001
0,HFocusing_5_10_4um_0_1207.npy905.npy,31.2,95.88830577903369,0.46480912288743537,13.0,0.3975
0,HFocusing_5_10_4um_0_1212.npy908.npy,26.4,136.690872859288,0.4534448997522215,16.0,0.642
0,HFocusing_5_10_4um_0_1212.npy911.npy,26.4,137.17428376562344,0.41361644276082893,16.0,0.642
0,HFocusing_5_10_4um_0_1215.npy912.npy,34.4,100.23746196707596,0.41967562127049673,16.0,0.4965
0,HFocusing_5_10_4um_0_1221.npy915.npy,35.2,83.38067972434526,0.37536234593436346,16.0,0.46
0,HFocusing_5_10_4um_0_1221.npy917.npy,26.4,134.49468368638478,0.5283345201160318,12.0,0.4575
0,HFocusing_5_10_4um_0_1224.npy920.npy,36.0,57.63095147004096,0.2650769508284937,20.0,0.585
0,HFocusing_5_10_4um_0_1227.npy921.npy,31.2,52.4459081470964,0.26678581596400586,18.0,0.5905
0,HFocusing_5_10_4um_0_1227.npy922.npy,32.8,53.67148651079458,0.2669514280875867,19.0,0.615
0,HFocusing_5_10_4um_0_1227.npy923.npy,34.4,66.44229517527587,0.24584966053557067,17.0,0.537
0,HFocusing_5_10_4um_0_1230.npy925.npy,34.4,63.68652633102307,0.3208336907377873,16.0,0.46
0,HFocusing_5_10_4um_0_1231.npy926.npy,19.2,183.73772660517565,0.5199060532165619,17.0,0.887
0,HFocusing_5_10_4um_0_1233.npy927.npy,35.2,80.08065538159147,0.33267783025254066,18.0,0.54
0,HFocusing_5_10_4um_0_1233.npy928.npy,25.6,158.32858050998843,0.4702085273120538,19.0,0.7919999999999999
0,HFocusing_5_10_4um_0_1233.npy929.npy,28.8,108.91518498188987,0.40004047043040636,16.0,0.5505
0,HFocusing_5_10_4um_0_1236.npy931.npy,31.2,83.337577902909,0.2700125771142394,18.0,0.5754999999999999
0,HFocusing_5_10_4um_0_1236.npy932.npy,33.6,139.03988901303853,0.43839999932457074,26.0,0.8455
0,HFocusing_5_10_4um_0_1236.npy933.npy,29.6,127.50068392328129,0.4742722224273508,26.0,0.825
0,HFocusing_5_10_4um_0_1236.npy934.npy,26.4,142.30342019783424,0.7113041969756496,15.0,0.57
0,HFocusing_5_10_4um_0_1243.npy935.npy,29.6,107.56063554738033,0.36045340734428527,17.0,0.5860000000000001
0,HFocusing_5_10_4um_0_1246.npy938.npy,33.6,109.84431951283192,0.3839942841964113,16.0,0.4845
0,HFocusing_5_10_4um_0_1246.npy939.npy,30.4,133.1170367665986,0.5017132005462195,15.0,0.5315
0,HFocusing_5_10_4um_0_1249.npy941.npy,33.6,106.8067315094771,0.39570482196793166,15.0,0.483
0,HFocusing_5_10_4um_0_1249.npy942.npy,34.4,66.22294514803674,0.2764442656513366,17.0,0.4975
0,HFocusing_5_10_4um_0_1252.npy943.npy,35.2,77.07510700331343,0.35999866968143596,14.0,0.431
0,HFocusing_5_10_4um_0_1252.npy944.npy,31.2,122.05136103571773,0.5030207256286577,14.0,0.488
0,HFocusing_5_10_4um_0_1255.npy945.npy,26.4,89.107559802031,0.3058594386220778,17.0,0.6809999999999999
0,HFocusing_5_10_4um_0_1255.npy946.npy,33.6,102.00725042257564,0.42559872067396104,15.0,0.4525
0,HFocusing_5_10_4um_0_1258.npy948.npy,32.0,66.02513753133123,0.2444170474531179,16.0,0.5045
0,HFocusing_5_10_4um_0_1258.npy949.npy,32.8,82.69937759591987,0.39213800719038144,16.0,0.526
0,HFocusing_5_10_4um_0_1261.npy950.npy,29.6,98.45759995872585,0.3285225969025754,22.0,0.894
0,HFocusing_5_10_4um_0_1261.npy952.npy,35.2,70.18538325008119,0.30844515004024614,16.0,0.49450000000000005
0,HFocusing_5_10_4um_0_1264.npy954.npy,26.4,125.51153446317184,0.4436073965811702,16.0,0.643
0,HFocusing_5_10_4um_0_1264.npy955.npy,33.6,79.15622088962405,0.39687799816766867,16.0,0.507
0,HFocusing_5_10_4um_0_1270.npy958.npy,34.4,56.673592922341086,0.2709379909008415,17.0,0.5199999999999999
0,HFocusing_5_10_4um_0_1273.npy960.npy,36.0,54.1516349476857,0.27465254263335664,17.0,0.504
0,HFocusing_5_10_4um_0_1273.npy961.npy,34.4,76.03217137720794,0.34497277085491296,17.0,0.5215000000000001
0,HFocusing_5_10_4um_0_1273.npy962.npy,34.4,161.16427374751055,0.4124687485048031,22.0,0.6705
0,HFocusing_5_10_4um_0_1276.npy966.npy,33.6,59.99291646740494,0.28585720482612903,14.0,0.393
0,HFocusing_5_10_4um_0_1279.npy967.npy,35.2,68.14740480899461,0.28714804150628753,16.0,0.46599999999999997
0,HFocusing_5_10_4um_0_1279.npy968.npy,33.6,86.80045480640943,0.4108639536853294,13.0,0.393
0,HFocusing_5_10_4um_0_1285.npy972.npy,33.6,87.29125940137638,0.3331727361944462,18.0,0.5595
0,HFocusing_5_10_4um_0_1285.npy973.npy,33.6,91.0647513450713,0.31698883333587213,17.0,0.541
0,HFocusing_5_10_4um_0_1288.npy974.npy,32.8,194.60041041565717,0.7047342797261125,16.0,0.496
0,HFocusing_5_10_4um_0_1291.npy976.npy,36.0,84.44692132313318,0.3339745861738876,19.0,0.537
0,HFocusing_5_10_4um_0_1294.npy978.npy,17.6,165.4204992440102,0.39765980352190855,13.0,0.734
0,HFocusing_5_10_4um_0_1294.npy979.npy,36.0,77.1564235972833,0.3195529558779428,15.0,0.456
0,HFocusing_5_10_4um_0_1297.npy981.npy,34.4,77.94887732499006,0.3597708057668342,14.0,0.414
0,HFocusing_5_10_4um_0_1297.npy982.npy,34.4,66.173632964742,0.3417964181347722,14.0,0.41100000000000003
0,HFocusing_5_10_4um_0_1300.npy983.npy,28.0,108.5677257272469,0.35916564195737655,19.0,0.6925
0,HFocusing_5_10_4um_0_1300.npy984.npy,31.2,68.04700056569058,0.34179844550483124,17.0,0.5425
0,HFocusing_5_10_4um_0_1309.npy988.npy,34.4,96.78992399647206,0.43576773694185855,12.0,0.3535
0,HFocusing_5_10_4um_0_1312.npy990.npy,34.4,79.84979275915427,0.36244825619306015,16.0,0.4475
0,HFocusing_5_10_4um_0_1312.npy991.npy,35.2,62.62348493908154,0.30343455140410247,14.0,0.4015
0,HFocusing_5_10_4um_0_1312.npy992.npy,32.0,95.70471453280187,0.4637131704715992,13.0,0.41100000000000003
0,HFocusing_5_10_4um_0_1315.npy995.npy,31.2,108.35314826129664,0.41647008393014323,14.0,0.488
0,HFocusing_5_10_4um_0_1315.npy996.npy,37.6,57.323843819989165,0.2703476880825759,18.0,0.5165000000000001
0,HFocusing_5_10_4um_0_1318.npy998.npy,31.2,98.44650605943923,0.4208879853004477,14.0,0.45649999999999996
0,HFocusing_5_10_4um_0_1318.npy999.npy,30.4,103.78021337161641,0.4834279717346033,16.0,0.549
0,HFocusing_5_10_4um_0_1320.npy1003.npy,32.0,109.04671211699709,0.44783175713898554,19.0,0.6325000000000001
0,HFocusing_5_10_4um_0_1320.npy1004.npy,33.6,124.4847657357657,0.5203572238548523,14.0,0.4555
0,HFocusing_5_10_4um_0_1320.npy1005.npy,35.2,97.79385447352551,0.3687739049969154,17.0,0.518
0,HFocusing_5_10_4um_0_1320.npy1006.npy,33.6,100.80618612595863,0.45963491750574725,16.0,0.4765
0,HFocusing_5_10_4um_0_1324.npy1009.npy,28.8,119.4151298722783,0.46316568894874877,14.0,0.49850000000000005
0,HFocusing_5_10_4um_0_1324.npy1010.npy,36.0,53.22882967247732,0.2197460280580982,19.0,0.5429999999999999
0,HFocusing_5_10_4um_0_1326.npy1011.npy,35.2,81.33323101436598,0.37113253439865185,22.0,0.661
0,HFocusing_5_10_4um_0_1326.npy1012.npy,30.4,74.00068375405003,0.2767271805953199,17.0,0.588
0,HFocusing_5_10_4um_0_1330.npy1015.npy,36.0,72.78918842018645,0.31438246956169313,16.0,0.4575
0,HFocusing_5_10_4um_0_1330.npy1016.npy,29.6,99.48764597853526,0.35254187289381184,14.0,0.513
0,HFocusing_5_10_4um_0_1330.npy1017.npy,28.8,118.56627467744296,0.3876927286425262,15.0,0.5295
0,HFocusing_5_10_4um_0_1339.npy1022.npy,34.4,88.62523539118298,0.3680721750540403,17.0,0.49950000000000006
0,HFocusing_5_10_4um_0_1339.npy1023.npy,32.8,82.20636929410375,0.3222736488266107,17.0,0.5555
0,HFocusing_5_10_4um_0_1345.npy1028.npy,32.0,76.85018325480794,0.4780926384099202,19.0,0.6365000000000001
0,HFocusing_5_10_4um_0_1345.npy1029.npy,34.4,99.89620672680262,0.38374607334742733,16.0,0.4965
0,HFocusing_5_10_4um_0_1345.npy1030.npy,25.6,148.3956190991177,0.5277819613481456,13.0,0.474
0,HFocusing_5_10_4um_0_1345.npy1031.npy,31.2,113.18254491962001,0.4766476621503723,14.0,0.4475
0,HFocusing_5_10_4um_0_1348.npy1033.npy,36.0,83.52447319618865,0.38093800847384424,12.0,0.33849999999999997
0,HFocusing_5_10_4um_0_1351.npy1034.npy,35.2,67.81453236893275,0.26556636978919934,17.0,0.509
0,HFocusing_5_10_4um_0_1351.npy1035.npy,31.2,105.67564864824415,0.3764982933659061,17.0,0.5495
0,HFocusing_5_10_4um_0_1351.npy1036.npy,34.4,87.1726212792558,0.39804687996864035,15.0,0.435
0,HFocusing_5_10_4um_0_1351.npy1037.npy,28.0,71.49852428292412,0.3202772176461828,12.0,0.4615
0,HFocusing_5_10_4um_0_1354.npy1038.npy,33.6,66.87847087215451,0.31109711698260817,14.0,0.457
0,HFocusing_5_10_4um_0_1354.npy1039.npy,33.6,112.42083235711613,0.468616331691072,27.0,0.8630000000000001
0,HFocusing_5_10_4um_0_1354.npy1040.npy,36.0,68.34894737283912,0.3177930882014718,20.0,0.554
0,HFocusing_5_10_4um_0_1354.npy1041.npy,35.2,79.19732628034227,0.3607764010023313,18.0,0.5405
0,HFocusing_5_10_4um_0_1357.npy1043.npy,34.4,81.73114386550107,0.35049000028775085,14.0,0.388
0,HFocusing_5_10_4um_0_1360.npy1044.npy,24.0,159.38779622141948,0.8425654867023376,15.0,0.6315000000000001
0,HFocusing_5_10_4um_0_1363.npy1045.npy,29.6,108.7038492290646,0.39455222859326045,16.0,0.5435
0,HFocusing_5_10_4um_0_1363.npy1046.npy,33.6,62.215518695590156,0.30555077025645416,22.0,0.6705
0,HFocusing_5_10_4um_0_1366.npy1048.npy,26.4,114.75640415585858,0.37231952394579343,18.0,0.7290000000000001
0,HFocusing_5_10_4um_0_1366.npy1049.npy,28.0,98.70948010997786,0.5206501205402019,18.0,0.643
0,HFocusing_5_10_4um_0_1366.npy1050.npy,28.0,111.35041245377163,0.5206688826270931,23.0,0.856
0,HFocusing_5_10_4um_0_1366.npy1054.npy,23.2,125.03303478367165,0.5812684320524744,15.0,0.6985
0,HFocusing_5_10_4um_0_1369.npy1055.npy,32.0,91.26627566499276,0.41707826283637167,13.0,0.4375
0,HFocusing_5_10_4um_0_1369.npy1056.npy,32.8,87.80602994795967,0.3713839131249104,15.0,0.484
0,HFocusing_5_10_4um_0_1369.npy1057.npy,32.0,85.51669612108316,0.3616761663621596,18.0,0.6005
0,HFocusing_5_10_4um_0_1372.npy1059.npy,36.0,96.16536512734733,0.33352422325398157,26.0,0.7535000000000001
0,HFocusing_5_10_4um_0_1372.npy1060.npy,36.0,61.42518496524398,0.24205628592328954,28.0,0.785
0,HFocusing_5_10_4um_0_1375.npy1061.npy,35.2,52.57455938834076,0.29541379740343066,14.0,0.3755
0,HFocusing_5_10_4um_0_1375.npy1062.npy,31.2,105.31421720179192,0.4300353584647747,14.0,0.4555
0,HFocusing_5_10_4um_0_1375.npy1063.npy,33.6,90.44589225681752,0.42037177955820054,14.0,0.4515
0,HFocusing_5_10_4um_0_1378.npy1064.npy,33.6,77.45488289537032,0.3863551895032618,18.0,0.566
0,HFocusing_5_10_4um_0_1378.npy1065.npy,25.6,97.54777498942737,0.3768401280833095,15.0,0.629
0,HFocusing_5_10_4um_0_1378.npy1066.npy,27.2,104.27850721646294,0.4499809599945446,15.0,0.58
0,HFocusing_5_10_4um_0_138.npy1067.npy,31.2,108.6687496768778,0.399576322637239,15.0,0.525
0,HFocusing_5_10_4um_0_1381.npy1070.npy,34.4,85.42191602942805,0.31478079729093494,16.0,0.47550000000000003
0,HFocusing_5_10_4um_0_1381.npy1071.npy,34.4,84.58122650068096,0.31286169513307155,19.0,0.5810000000000001
0,HFocusing_5_10_4um_0_1385.npy1073.npy,35.2,88.2023885325511,0.354465359297037,17.0,0.5105
0,HFocusing_5_10_4um_0_1385.npy1074.npy,34.4,82.33183932893586,0.38666025311750196,14.0,0.3875
0,HFocusing_5_10_4um_0_1394.npy1077.npy,36.0,58.903447552135994,0.28734667515884565,16.0,0.444
0,HFocusing_5_10_4um_0_1394.npy1078.npy,34.4,73.43393579849128,0.3774897296548458,18.0,0.527
0,HFocusing_5_10_4um_0_1397.npy1079.npy,29.6,104.09508131321527,0.4996240230536625,12.0,0.4415
0,HFocusing_5_10_4um_0_1397.npy1080.npy,35.2,84.47675663325504,0.34922849019613894,18.0,0.5419999999999999
0,HFocusing_5_10_4um_0_1397.npy1081.npy,32.8,116.29268531957173,0.45814634334023224,15.0,0.4925
0,HFocusing_5_10_4um_0_1397.npy1082.npy,29.6,116.36091660547861,0.4509614878200017,14.0,0.48700000000000004
0,HFocusing_5_10_4um_0_140.npy1083.npy,17.6,76.13774233839526,0.25575244991674295,14.0,0.857
0,HFocusing_5_10_4um_0_1400.npy1084.npy,34.4,83.25516403827153,0.40447814796282083,14.0,0.38699999999999996
0,HFocusing_5_10_4um_0_1400.npy1085.npy,34.4,56.61606213620516,0.27766638617246897,17.0,0.518
0,HFocusing_5_10_4um_0_1403.npy1086.npy,31.2,107.18552490681103,0.48566369913188395,13.0,0.391
0,HFocusing_5_10_4um_0_1403.npy1087.npy,31.2,93.36250944108146,0.3622002081989385,14.0,0.45849999999999996
0,HFocusing_5_10_4um_0_1403.npy1088.npy,35.2,80.56410368457585,0.34359988839577144,15.0,0.433
0,HFocusing_5_10_4um_0_1407.npy1089.npy,23.2,161.9815884949194,0.49052790290057924,14.0,0.648
0,HFocusing_5_10_4um_0_1407.npy1091.npy,32.0,89.54884622610736,0.3328779752156223,19.0,0.6295
0,HFocusing_5_10_4um_0_1407.npy1092.npy,32.0,91.1422729971489,0.3329102379446694,19.0,0.6285000000000001
0,HFocusing_5_10_4um_0_1407.npy1093.npy,23.2,161.51571179004273,0.46160081059592867,14.0,0.6485
0,HFocusing_5_10_4um_0_1410.npy1095.npy,35.2,54.22559742366403,0.24647008457930578,19.0,0.569
0,HFocusing_5_10_4um_0_1412.npy1097.npy,30.4,102.22893638302914,0.37796358328565216,16.0,0.5565
0,HFocusing_5_10_4um_0_1416.npy1098.npy,21.6,173.2627513168756,0.5354932640897296,13.0,0.6415000000000001
0,HFocusing_5_10_4um_0_1416.npy1099.npy,23.2,79.71964983614893,0.21279325071451888,19.0,0.8315
0,HFocusing_5_10_4um_0_1416.npy1100.npy,23.2,81.42202782589418,0.2127787431161483,20.0,0.877
0,HFocusing_5_10_4um_0_1416.npy1101.npy,34.4,76.67670036510302,0.34122902274726935,17.0,0.4915
0,HFocusing_5_10_4um_0_1419.npy1103.npy,35.2,64.63702980698176,0.28872283496456874,15.0,0.4345
0,HFocusing_5_10_4um_0_1419.npy1104.npy,35.2,50.00031204162886,0.2067944740651698,18.0,0.54
0,HFocusing_5_10_4um_0_1419.npy1105.npy,34.4,80.57807399854576,0.2825281431004933,18.0,0.5565
0,HFocusing_5_10_4um_0_1419.npy1106.npy,36.0,76.01608122110994,0.342438602999281,19.0,0.5585
0,HFocusing_5_10_4um_0_1422.npy1107.npy,21.6,166.4815718746702,0.5134824759614878,13.0,0.6525
0,HFocusing_5_10_4um_0_1425.npy1111.npy,34.4,76.86285761353992,0.3681205680282368,14.0,0.41
0,HFocusing_5_10_4um_0_1425.npy1112.npy,35.2,68.39303813966988,0.3730213982599226,13.0,0.404
0,HFocusing_5_10_4um_0_1435.npy1116.npy,31.2,116.69381722801333,0.4617821825756894,12.0,0.4235
0,HFocusing_5_10_4um_0_1435.npy1117.npy,26.4,116.1269403946375,0.4900774236530899,12.0,0.49299999999999994
0,HFocusing_5_10_4um_0_1435.npy1118.npy,26.4,108.75731155975477,0.38054867106885837,12.0,0.4965
0,HFocusing_5_10_4um_0_1438.npy1119.npy,20.8,189.74954613201817,0.7076925959634919,13.0,0.618
0,HFocusing_5_10_4um_0_1438.npy1120.npy,32.8,143.36777384896368,0.6108569603913591,14.0,0.4335
0,HFocusing_5_10_4um_0_1441.npy1122.npy,22.4,149.1290841261809,0.47307315225632923,16.0,0.7165
0,HFocusing_5_10_4um_0_1441.npy1123.npy,20.0,143.43610647777493,0.5493689867455273,12.0,0.627
0,HFocusing_5_10_4um_0_1441.npy1124.npy,16.0,102.08595187920909,0.26154800763529096,15.0,1.0035
0,HFocusing_5_10_4um_0_1444.npy1126.npy,33.6,103.4770079663255,0.5235620664557725,13.0,0.422
0,HFocusing_5_10_4um_0_1449.npy1129.npy,33.6,105.57019730587922,0.4901648903358247,14.0,0.426
0,HFocusing_5_10_4um_0_1452.npy1131.npy,32.0,99.30282515218273,0.518436421819697,15.0,0.465
0,HFocusing_5_10_4um_0_1452.npy1132.npy,28.0,114.53492462681211,0.3458999559934076,15.0,0.5475
0,HFocusing_5_10_4um_0_1455.npy1133.npy,23.2,116.90292209424523,0.3886153249074696,13.0,0.605
0,HFocusing_5_10_4um_0_1455.npy1134.npy,33.6,101.35187646206728,0.4431172827492892,13.0,0.393
0,HFocusing_5_10_4um_0_1455.npy1135.npy,33.6,107.7048079778715,0.4687449343572368,15.0,0.451
0,HFocusing_5_10_4um_0_1458.npy1136.npy,34.4,89.19608101173843,0.44713205825663,15.0,0.4195
0,HFocusing_5_10_4um_0_1458.npy1137.npy,35.2,83.20884222961705,0.3490834660320294,20.0,0.601
0,HFocusing_5_10_4um_0_1464.npy1143.npy,32.0,81.17316187573842,0.41255254597822766,13.0,0.4395
0,HFocusing_5_10_4um_0_1464.npy1144.npy,33.6,100.53861380604366,0.44840689472768686,15.0,0.4485
0,HFocusing_5_10_4um_0_1464.npy1145.npy,34.4,93.91387627037581,0.45312802881985126,15.0,0.43600000000000005
0,HFocusing_5_10_4um_0_1464.npy1146.npy,32.0,118.87326977663706,0.5075167072597734,21.0,0.6579999999999999
0,HFocusing_5_10_4um_0_1467.npy1147.npy,16.0,251.91429613201456,0.5301861641889163,12.0,0.8099999999999999
0,HFocusing_5_10_4um_0_1470.npy1149.npy,27.2,97.53399669831003,0.36505748647310265,13.0,0.5215000000000001
0,HFocusing_5_10_4um_0_1470.npy1151.npy,34.4,72.39268684054083,0.26270146469230937,18.0,0.5265
0,HFocusing_5_10_4um_0_1470.npy1152.npy,32.0,67.80977978782255,0.34312291910599124,14.0,0.443
0,HFocusing_5_10_4um_0_1476.npy1155.npy,29.6,117.40994404169734,0.5572405872476648,12.0,0.4125
0,HFocusing_5_10_4um_0_1476.npy1158.npy,33.6,93.96435585730285,0.39579085746564036,17.0,0.5415
0,HFocusing_5_10_4um_0_1479.npy1160.npy,36.0,71.19634181715873,0.3037479586471077,18.0,0.5275
0,HFocusing_5_10_4um_0_1479.npy1161.npy,33.6,100.14497689391023,0.46593419509752754,13.0,0.3975
0,HFocusing_5_10_4um_0_1479.npy1162.npy,34.4,91.45531189066561,0.4085060282255505,19.0,0.5770000000000001
0,HFocusing_5_10_4um_0_148.npy1163.npy,35.2,75.018230302585,0.2849996816331209,18.0,0.5175
0,HFocusing_5_10_4um_0_148.npy1164.npy,35.2,74.76183918174424,0.284815229763025,20.0,0.5975
0,HFocusing_5_10_4um_0_1481.npy1165.npy,36.0,60.693173647597625,0.3262076571938204,15.0,0.4435
0,HFocusing_5_10_4um_0_1484.npy1166.npy,32.8,82.96198514498354,0.4035627050078129,17.0,0.5505
0,HFocusing_5_10_4um_0_1487.npy1168.npy,28.8,135.1377873919927,0.42100041265239907,16.0,0.5910000000000001
0,HFocusing_5_10_4um_0_1490.npy1170.npy,31.2,96.06015758466248,0.4077377682465879,14.0,0.451
0,HFocusing_5_10_4um_0_1493.npy1172.npy,34.4,103.96134648810562,0.37378227206772996,17.0,0.5045
0,HFocusing_5_10_4um_0_1493.npy1173.npy,27.2,119.8255348274073,0.40179827324039824,13.0,0.4855
0,HFocusing_5_10_4um_0_1497.npy1174.npy,32.8,159.36436881542772,0.7577948022009782,11.0,0.34249999999999997
0,HFocusing_5_10_4um_0_1497.npy1175.npy,27.2,83.67835799775243,0.31691021512056183,15.0,0.5680000000000001
0,HFocusing_5_10_4um_0_1497.npy1176.npy,31.2,58.45697711846829,0.25953233354740535,15.0,0.49050000000000005
0,HFocusing_5_10_4um_0_1502.npy1178.npy,35.2,86.99803458710547,0.3699389093253678,18.0,0.5435
0,HFocusing_5_10_4um_0_1506.npy1179.npy,23.2,266.79085486002487,0.800149552479813,16.0,0.691
0,HFocusing_5_10_4um_0_1509.npy1180.npy,21.6,155.59697042272708,0.49946201134459384,13.0,0.6395
0,HFocusing_5_10_4um_0_1515.npy1183.npy,32.0,98.48284870491948,0.4169232705148061,13.0,0.417
0,HFocusing_5_10_4um_0_1515.npy1184.npy,29.6,95.97674224594758,0.4101598547747316,27.0,1.0455
0,HFocusing_5_10_4um_0_1515.npy1185.npy,32.8,98.98084071464777,0.47557990518657295,18.0,0.583
0,HFocusing_5_10_4um_0_1515.npy1186.npy,28.8,111.9680801084305,0.49769352383544463,13.0,0.4515
0,HFocusing_5_10_4um_0_1515.npy1187.npy,29.6,94.7330180359881,0.419428969091939,19.0,0.6755
0,HFocusing_5_10_4um_0_1518.npy1189.npy,28.0,102.56285747580408,0.5910971293747921,23.0,0.805
0,HFocusing_5_10_4um_0_1518.npy1190.npy,31.2,115.37850719045646,0.4200238631690538,14.0,0.488
0,HFocusing_5_10_4um_0_1521.npy1192.npy,22.4,158.07711401134026,0.5039663283701649,13.0,0.5745
0,HFocusing_5_10_4um_0_1521.npy1194.npy,32.0,100.30605192129201,0.3855285177897431,15.0,0.47
0,HFocusing_5_10_4um_0_1521.npy1195.npy,23.2,148.70330418437612,0.43664403686240877,16.0,0.7315
0,HFocusing_5_10_4um_0_1524.npy1196.npy,28.8,165.81341224080964,0.6084558407354138,23.0,0.821
0,HFocusing_5_10_4um_0_1524.npy1197.npy,28.8,170.7798578613287,0.6080529200018108,21.0,0.758
0,HFocusing_5_10_4um_0_1527.npy1198.npy,35.2,82.95359771922668,0.3725579256683052,15.0,0.4545
0,HFocusing_5_10_4um_0_1527.npy1199.npy,34.4,83.25002843266402,0.3876086333402293,14.0,0.4105
0,HFocusing_5_10_4um_0_1527.npy1200.npy,25.6,92.50053849822055,0.34717369716373697,15.0,0.624
0,HFocusing_5_10_4um_0_1533.npy1203.npy,30.4,105.51612667697897,0.46974015414737913,15.0,0.5055
0,HFocusing_5_10_4um_0_1533.npy1204.npy,33.6,104.16228008644362,0.4317904014747995,17.0,0.5225
0,HFocusing_5_10_4um_0_1533.npy1205.npy,32.0,117.84848115741919,0.5589151260902407,14.0,0.449
0,HFocusing_5_10_4um_0_1536.npy1206.npy,34.4,87.52416930749045,0.34128491866863964,18.0,0.5555
0,HFocusing_5_10_4um_0_1539.npy1207.npy,34.4,58.75451139751651,0.311920750747636,14.0,0.4355
0,HFocusing_5_10_4um_0_1539.npy1208.npy,34.4,104.04817475140987,0.4289715379278156,16.0,0.4765
0,HFocusing_5_10_4um_0_1542.npy1209.npy,29.6,111.63924337638618,0.39006176642828255,17.0,0.6055
0,HFocusing_5_10_4um_0_1542.npy1210.npy,36.0,87.46094310749861,0.3665130619022394,20.0,0.592
0,HFocusing_5_10_4um_0_1545.npy1211.npy,30.4,115.3013333220874,0.43982956077324015,17.0,0.588
0,HFocusing_5_10_4um_0_1545.npy1212.npy,30.4,107.15807674455019,0.5627144525446655,29.0,0.9825
0,HFocusing_5_10_4um_0_1545.npy1213.npy,32.0,79.32147229788694,0.3709834418638792,13.0,0.446
0,HFocusing_5_10_4um_0_1548.npy1214.npy,33.6,55.582463151133865,0.3659328864012717,12.0,0.389
0,HFocusing_5_10_4um_0_1548.npy1215.npy,32.8,98.80009517413698,0.3608019791832741,16.0,0.5255000000000001
0,HFocusing_5_10_4um_0_1551.npy1216.npy,33.6,98.34658972556295,0.4648627468093988,14.0,0.4255
0,HFocusing_5_10_4um_0_1551.npy1217.npy,33.6,79.1691359239796,0.3329369418723337,18.0,0.5645
0,HFocusing_5_10_4um_0_1554.npy1218.npy,29.6,116.61328745660487,0.3841914593999483,18.0,0.6435
0,HFocusing_5_10_4um_0_1558.npy1219.npy,23.2,147.5799765637659,0.45600727033440536,17.0,0.7925
0,HFocusing_5_10_4um_0_156.npy1220.npy,36.0,95.40559303670048,0.4125693862390295,18.0,0.504
0,HFocusing_5_10_4um_0_1561.npy1222.npy,36.0,80.47310021590293,0.30267252321186633,17.0,0.483
0,HFocusing_5_10_4um_0_1561.npy1223.npy,35.2,67.09735806161584,0.3701349742369331,31.0,0.8685
0,HFocusing_5_10_4um_0_1561.npy1224.npy,35.2,68.76693114712424,0.3139500310101205,17.0,0.5055
0,HFocusing_5_10_4um_0_1564.npy1226.npy,31.2,105.86116723870757,0.4341627419286147,14.0,0.45649999999999996
0,HFocusing_5_10_4um_0_1564.npy1227.npy,30.4,114.9586464334703,0.47794247391206834,14.0,0.4965
0,HFocusing_5_10_4um_0_1564.npy1228.npy,29.6,68.76618080162375,0.30393402289481364,15.0,0.537
0,HFocusing_5_10_4um_0_1567.npy1229.npy,20.8,173.97205908080497,0.5406897088561056,14.0,0.7150000000000001
0,HFocusing_5_10_4um_0_1575.npy1236.npy,34.4,75.99074731431855,0.33905242322516194,14.0,0.38499999999999995
0,HFocusing_5_10_4um_0_1575.npy1237.npy,32.8,101.75641146678079,0.4251033321346268,15.0,0.4625
0,HFocusing_5_10_4um_0_1578.npy1238.npy,35.2,82.07355053512384,0.4045625613999329,14.0,0.4095
0,HFocusing_5_10_4um_0_1578.npy1239.npy,36.0,50.87527025006081,0.2789256044633703,17.0,0.503
0,HFocusing_5_10_4um_0_1581.npy1241.npy,24.0,126.65845358245751,0.3392611873242582,15.0,0.637
0,HFocusing_5_10_4um_0_1586.npy1245.npy,21.6,177.36358421579845,0.7830919632889628,13.0,0.596
0,HFocusing_5_10_4um_0_1586.npy1246.npy,28.0,133.89588658841257,0.5195644511951084,13.0,0.51
0,HFocusing_5_10_4um_0_1586.npy1247.npy,21.6,184.61957394542887,0.7831479487088873,13.0,0.6475
0,HFocusing_5_10_4um_0_1589.npy1248.npy,28.0,67.98208896861458,0.26055156594440293,15.0,0.57
0,HFocusing_5_10_4um_0_1589.npy1249.npy,28.8,95.67209040217261,0.36182796294585107,13.0,0.457
0,HFocusing_5_10_4um_0_159.npy1250.npy,35.2,93.82802380479446,0.3828311683613629,16.0,0.457
0,HFocusing_5_10_4um_0_1592.npy1251.npy,24.0,144.44263492979562,0.6563686406271041,14.0,0.632
0,HFocusing_5_10_4um_0_1595.npy1253.npy,30.4,38.68229136314174,0.204726284939969,25.0,0.8484999999999999
0,HFocusing_5_10_4um_0_1595.npy1256.npy,30.4,38.75588480999015,0.17129877502835908,25.0,0.8484999999999999
0,HFocusing_5_10_4um_0_16.npy1258.npy,31.2,90.95959349829555,0.41784191209594285,13.0,0.426
0,HFocusing_5_10_4um_0_1601.npy1259.npy,33.6,78.06943139239519,0.3833673639990378,14.0,0.392
0,HFocusing_5_10_4um_0_1601.npy1260.npy,28.0,123.68461408119798,0.4168578880241798,17.0,0.6465000000000001
0,HFocusing_5_10_4um_0_1607.npy1262.npy,32.8,88.30195947793186,0.434578967079451,13.0,0.40349999999999997
0,HFocusing_5_10_4um_0_1607.npy1263.npy,32.8,80.65057500349458,0.3552430170727411,14.0,0.433
0,HFocusing_5_10_4um_0_1607.npy1265.npy,32.0,94.3173076469551,0.39502988514087706,15.0,0.4795
0,HFocusing_5_10_4um_0_1610.npy1268.npy,27.2,58.89600593913272,0.27488775409821636,13.0,0.494
0,HFocusing_5_10_4um_0_1610.npy1269.npy,27.2,58.89600593913272,0.27488775409821636,13.0,0.494
0,HFocusing_5_10_4um_0_1613.npy1271.npy,33.6,99.83570108616846,0.3982326083887594,14.0,0.444
0,HFocusing_5_10_4um_0_1613.npy1272.npy,29.6,124.47339173912628,0.41440207379264565,17.0,0.5805
0,HFocusing_5_10_4um_0_1613.npy1273.npy,33.6,88.59350898267246,0.347722932479835,18.0,0.5725
0,HFocusing_5_10_4um_0_1616.npy1274.npy,32.8,71.61513598897366,0.32648459478858294,14.0,0.44049999999999995
0,HFocusing_5_10_4um_0_1617.npy1276.npy,35.2,46.109873873438666,0.22893459514312464,13.0,0.40499999999999997
0,HFocusing_5_10_4um_0_1617.npy1277.npy,24.0,129.78421392992138,0.39844916287098875,20.0,0.905
0,HFocusing_5_10_4um_0_1617.npy1278.npy,27.2,89.83677340229659,0.30048142259458327,15.0,0.5655
0,HFocusing_5_10_4um_0_1617.npy1279.npy,32.0,111.65810751847413,0.46522327561931,13.0,0.443
0,HFocusing_5_10_4um_0_1623.npy1281.npy,36.0,80.60228354020938,0.3690515775379967,16.0,0.45849999999999996
0,HFocusing_5_10_4um_0_1626.npy1282.npy,33.6,84.21641468281182,0.4068272885746562,16.0,0.5055
0,HFocusing_5_10_4um_0_1630.npy1284.npy,32.0,52.20176746298517,0.2726019774897543,17.0,0.57
0,HFocusing_5_10_4um_0_1630.npy1285.npy,34.4,89.58811737254632,0.36347282095957134,18.0,0.5475
0,HFocusing_5_10_4um_0_1630.npy1286.npy,23.2,144.5959787601211,0.44489921375678076,12.0,0.562
0,HFocusing_5_10_4um_0_1630.npy1287.npy,31.2,103.60967216052735,0.4069183884953185,17.0,0.5495
0,HFocusing_5_10_4um_0_1633.npy1288.npy,14.4,187.24954307654497,0.42487330230003323,13.0,0.993
0,HFocusing_5_10_4um_0_1633.npy1290.npy,35.2,82.55979040941854,0.3113913216325012,15.0,0.4375
0,HFocusing_5_10_4um_0_1633.npy1291.npy,28.8,93.45134342569453,0.3429815887569944,16.0,0.603
0,HFocusing_5_10_4um_0_1636.npy1292.npy,32.0,65.15120302231982,0.3454512416948311,15.0,0.46549999999999997
0,HFocusing_5_10_4um_0_1636.npy1296.npy,32.0,63.86405753136334,0.3347645028899641,15.0,0.465
0,HFocusing_5_10_4um_0_1636.npy1298.npy,24.8,65.20136361071313,0.17553581110733746,23.0,0.95
0,HFocusing_5_10_4um_0_1639.npy1300.npy,28.0,132.7070091344274,0.4574873989208486,15.0,0.5745
0,HFocusing_5_10_4um_0_1642.npy1301.npy,32.8,82.08667443436792,0.3831458891049668,14.0,0.44
0,HFocusing_5_10_4um_0_1642.npy1302.npy,24.0,157.44245369272895,0.521312875263796,12.0,0.5435
0,HFocusing_5_10_4um_0_1645.npy1304.npy,16.8,220.70502802312356,0.5333284294775442,14.0,0.8445
0,HFocusing_5_10_4um_0_1648.npy1305.npy,32.8,103.94643068352546,0.44313809550083944,15.0,0.484
0,HFocusing_5_10_4um_0_1648.npy1306.npy,26.4,124.47536731424796,0.46398681593753915,17.0,0.6769999999999999
0,HFocusing_5_10_4um_0_1648.npy1307.npy,31.2,108.0233263912934,0.3923265713704361,16.0,0.5465
0,HFocusing_5_10_4um_0_1651.npy1309.npy,34.4,88.66437591766234,0.3374518578840742,13.0,0.41
0,HFocusing_5_10_4um_0_1651.npy1310.npy,32.8,101.34138564065657,0.45379590633217504,14.0,0.465
0,HFocusing_5_10_4um_0_1654.npy1311.npy,32.8,84.28754108484681,0.3463405921290899,15.0,0.441
0,HFocusing_5_10_4um_0_1654.npy1313.npy,30.4,126.93791259665578,0.48965258500451,15.0,0.5275
0,HFocusing_5_10_4um_0_1657.npy1315.npy,29.6,107.72843735579129,0.4077970929542525,19.0,0.6825
0,HFocusing_5_10_4um_0_1657.npy1316.npy,28.0,75.67159053917709,0.3030256787573263,15.0,0.5820000000000001
0,HFocusing_5_10_4um_0_1660.npy1317.npy,34.4,105.93341063608018,0.4559909252362995,15.0,0.417
0,HFocusing_5_10_4um_0_1660.npy1318.npy,36.8,76.6647169890023,0.3161596468966847,17.0,0.47550000000000003
0,HFocusing_5_10_4um_0_1660.npy1319.npy,32.0,116.60573281820147,0.5802998528790994,18.0,0.5945
0,HFocusing_5_10_4um_0_1660.npy1320.npy,32.0,107.74367947437455,0.459915776578474,16.0,0.512
0,HFocusing_5_10_4um_0_1660.npy1321.npy,16.8,202.23674159647018,0.43894423860451726,12.0,0.7835
0,HFocusing_5_10_4um_0_1663.npy1323.npy,31.2,96.30617007390357,0.4128713293233525,17.0,0.5695
0,HFocusing_5_10_4um_0_1666.npy1324.npy,31.2,77.64441772694964,0.3512087808224141,14.0,0.4855
0,HFocusing_5_10_4um_0_1666.npy1325.npy,32.8,85.00970335814164,0.402170120475285,15.0,0.45849999999999996
0,HFocusing_5_10_4um_0_1666.npy1326.npy,28.0,111.88873357609815,0.4686982056606338,12.0,0.46299999999999997
0,HFocusing_5_10_4um_0_1669.npy1329.npy,27.2,188.2060006945157,0.8517315547042215,14.0,0.5754999999999999
0,HFocusing_5_10_4um_0_167.npy1330.npy,17.6,180.51982667338123,0.390570429760145,15.0,0.9065
0,HFocusing_5_10_4um_0_167.npy1331.npy,13.6,124.86418744059195,0.23943134912978936,11.0,0.9115
0,HFocusing_5_10_4um_0_167.npy1332.npy,33.6,81.9550134210561,0.39823362809751195,15.0,0.45
0,HFocusing_5_10_4um_0_1672.npy1333.npy,17.6,198.54864336392077,0.5194836628428267,12.0,0.673
0,HFocusing_5_10_4um_0_1672.npy1334.npy,32.8,59.65368494477205,0.25446880719899134,15.0,0.4625
0,HFocusing_5_10_4um_0_1672.npy1335.npy,33.6,94.89728896369282,0.42683238036616805,14.0,0.4555
0,HFocusing_5_10_4um_0_1675.npy1337.npy,33.6,104.09315425631746,0.41960754658257055,16.0,0.5045
0,HFocusing_5_10_4um_0_1681.npy1342.npy,31.2,89.0560993174765,0.42658264876086627,13.0,0.4235
0,HFocusing_5_10_4um_0_1681.npy1343.npy,33.6,130.98226447444551,0.4325040668373694,28.0,0.812
0,HFocusing_5_10_4um_0_1684.npy1344.npy,31.2,111.03733212793875,0.3740607998398781,17.0,0.5815
0,HFocusing_5_10_4um_0_1684.npy1345.npy,32.8,105.85076632062797,0.4006852184011343,16.0,0.5205000000000001
0,HFocusing_5_10_4um_0_1687.npy1349.npy,32.0,118.2068286281735,0.4599476573786627,14.0,0.41800000000000004
0,HFocusing_5_10_4um_0_169.npy1350.npy,32.0,100.28579739573279,0.4926424885688951,13.0,0.384
0,HFocusing_5_10_4um_0_169.npy1352.npy,32.0,99.85650983072891,0.4616105986370186,13.0,0.3845
0,HFocusing_5_10_4um_0_1690.npy1353.npy,33.6,79.17860476417034,0.40056755255435855,14.0,0.4185
0,HFocusing_5_10_4um_0_1690.npy1354.npy,32.8,73.24302471433114,0.2901247997885061,21.0,0.675
0,HFocusing_5_10_4um_0_1690.npy1355.npy,25.6,142.878175728189,0.5973697399430806,13.0,0.5185
0,HFocusing_5_10_4um_0_1693.npy1357.npy,33.6,68.5114171132385,0.36068214243657637,13.0,0.39599999999999996
0,HFocusing_5_10_4um_0_1693.npy1358.npy,33.6,68.5114171132385,0.36068214243657637,13.0,0.39599999999999996
0,HFocusing_5_10_4um_0_1693.npy1359.npy,25.6,147.53429937127402,0.5199271558203274,13.0,0.5505
0,HFocusing_5_10_4um_0_1698.npy1362.npy,29.6,104.9658842686175,0.41415741391130734,14.0,0.506
0,HFocusing_5_10_4um_0_1698.npy1363.npy,30.4,104.1678869715266,0.4139663342627013,16.0,0.5375
0,HFocusing_5_10_4um_0_1698.npy1364.npy,16.0,93.48125057120708,0.25354634574499096,12.0,0.7935000000000001
0,HFocusing_5_10_4um_0_1698.npy1365.npy,28.8,35.36314103316983,0.17191788157340804,14.0,0.5325
0,HFocusing_5_10_4um_0_1698.npy1366.npy,28.0,36.87928469879443,0.1719158568310144,16.0,0.618
0,HFocusing_5_10_4um_0_1698.npy1367.npy,16.0,94.01904887386411,0.2505407407785311,12.0,0.7935000000000001
0,HFocusing_5_10_4um_0_1704.npy1369.npy,30.4,112.96553277030743,0.5155916998658865,13.0,0.4365
0,HFocusing_5_10_4um_0_1704.npy1370.npy,32.8,112.79365400939076,0.4691587830258564,14.0,0.4665
0,HFocusing_5_10_4um_0_1704.npy1371.npy,22.4,208.6833501350215,0.7283361427583557,14.0,0.6579999999999999
0,HFocusing_5_10_4um_0_1707.npy1372.npy,31.2,71.60694175794093,0.3873385964094022,14.0,0.4515
0,HFocusing_5_10_4um_0_1707.npy1373.npy,24.0,107.8947343255995,0.3304050151005003,18.0,0.7935000000000001
0,HFocusing_5_10_4um_0_1707.npy1374.npy,25.6,160.82317813640168,0.5244198535651634,12.0,0.5125000000000001
0,HFocusing_5_10_4um_0_1710.npy1377.npy,33.6,49.84839346378706,0.20762259988638987,16.0,0.4865
0,HFocusing_5_10_4um_0_1713.npy1378.npy,35.2,66.24775527348059,0.26624783292420034,18.0,0.5165000000000001
0,HFocusing_5_10_4um_0_1713.npy1379.npy,36.0,62.858868325087606,0.2662604800135651,22.0,0.6465000000000001
0,HFocusing_5_10_4um_0_1714.npy1380.npy,36.0,84.19826971361702,0.32512073185628676,18.0,0.5325
0,HFocusing_5_10_4um_0_1714.npy1381.npy,36.8,70.92930763871918,0.2958147570105972,17.0,0.46900000000000003
0,HFocusing_5_10_4um_0_1716.npy1383.npy,21.6,114.81373807472647,0.3664408394305041,15.0,0.656
0,HFocusing_5_10_4um_0_172.npy1384.npy,32.8,87.74674202251327,0.4074358741396362,14.0,0.4295
0,HFocusing_5_10_4um_0_172.npy1385.npy,25.6,137.9179477835478,0.4129560746470796,16.0,0.6365000000000001
0,HFocusing_5_10_4um_0_1720.npy1386.npy,34.4,117.78377486754971,0.4378578619793639,26.0,0.7935000000000001
0,HFocusing_5_10_4um_0_1722.npy1388.npy,30.4,87.64290470004191,0.4188351226784164,16.0,0.524
0,HFocusing_5_10_4um_0_1725.npy1389.npy,14.4,250.852225427142,0.808204421238501,14.0,1.031
0,HFocusing_5_10_4um_0_1725.npy1390.npy,32.8,72.4127552701656,0.397256558978529,13.0,0.377
0,HFocusing_5_10_4um_0_1725.npy1391.npy,28.0,117.85007285125631,0.46643944377747076,13.0,0.4335
0,HFocusing_5_10_4um_0_1725.npy1392.npy,33.6,109.54180803766155,0.43870859775445475,15.0,0.422
0,HFocusing_5_10_4um_0_1728.npy1393.npy,34.4,46.09771319216165,0.2790509490942738,17.0,0.49200000000000005
0,HFocusing_5_10_4um_0_1728.npy1394.npy,34.4,45.62190670101232,0.2787210407490833,17.0,0.521
0,HFocusing_5_10_4um_0_1729.npy1395.npy,24.8,109.4605346314439,0.4023700792252018,14.0,0.571
0,HFocusing_5_10_4um_0_1729.npy1397.npy,33.6,31.53237818822306,0.18194010408866484,13.0,0.364
0,HFocusing_5_10_4um_0_1729.npy1398.npy,24.8,111.12136521947536,0.3658256469036296,14.0,0.571
0,HFocusing_5_10_4um_0_1732.npy1399.npy,33.6,92.48021336420882,0.41419825908699,14.0,0.448
0,HFocusing_5_10_4um_0_1735.npy1403.npy,36.0,67.29769796754157,0.33493323918494167,22.0,0.639
0,HFocusing_5_10_4um_0_1735.npy1404.npy,34.4,90.89819565486118,0.4039601448824044,18.0,0.55
0,HFocusing_5_10_4um_0_1738.npy1406.npy,32.8,109.471244667861,0.4791944723342325,24.0,0.8725
0,HFocusing_5_10_4um_0_1738.npy1408.npy,31.2,93.87366052986076,0.40887678958908763,14.0,0.455
0,HFocusing_5_10_4um_0_1741.npy1410.npy,33.6,79.95422884292304,0.29856112110068667,18.0,0.5609999999999999
0,HFocusing_5_10_4um_0_1744.npy1412.npy,31.2,105.64034150286452,0.45258605845924155,14.0,0.45649999999999996
0,HFocusing_5_10_4um_0_1744.npy1413.npy,37.6,48.03342881852354,0.2080019853339682,22.0,0.618
0,HFocusing_5_10_4um_0_175.npy1418.npy,33.6,104.70917604866636,0.4101440352304515,14.0,0.425
0,HFocusing_5_10_4um_0_1750.npy1420.npy,32.0,110.28288281772136,0.4362157640942466,16.0,0.5365
0,HFocusing_5_10_4um_0_1753.npy1421.npy,31.2,92.45953993965264,0.46907449407689594,13.0,0.4575
0,HFocusing_5_10_4um_0_1753.npy1423.npy,31.2,96.88376784679534,0.41616967417586914,13.0,0.43
0,HFocusing_5_10_4um_0_1756.npy1424.npy,36.0,86.36753182281534,0.34137174964360023,16.0,0.449
0,HFocusing_5_10_4um_0_1756.npy1425.npy,29.6,120.41655523988909,0.5040888304032085,12.0,0.4455
0,HFocusing_5_10_4um_0_1759.npy1426.npy,28.0,117.19344192525158,0.44751033651122596,12.0,0.4705
0,HFocusing_5_10_4um_0_1759.npy1427.npy,33.6,93.69473392110743,0.4350235518880374,13.0,0.4205
0,HFocusing_5_10_4um_0_1762.npy1431.npy,34.4,77.55687673889334,0.3276660230368858,14.0,0.4415
0,HFocusing_5_10_4um_0_1762.npy1432.npy,24.0,160.78900312478106,0.4984047156369593,13.0,0.5475
0,HFocusing_5_10_4um_0_1765.npy1433.npy,36.8,64.15552676971191,0.23384714344009824,18.0,0.502
0,HFocusing_5_10_4um_0_1765.npy1434.npy,36.8,62.81920466219452,0.2339188672072928,18.0,0.501
0,HFocusing_5_10_4um_0_1769.npy1437.npy,35.2,49.329947370978616,0.21989976058222868,15.0,0.435
0,HFocusing_5_10_4um_0_1769.npy1438.npy,31.2,101.59429233945518,0.49714809315434516,13.0,0.4475
0,HFocusing_5_10_4um_0_1772.npy1440.npy,33.6,100.37335989687892,0.43172822106057646,17.0,0.544
0,HFocusing_5_10_4um_0_1775.npy1442.npy,36.0,70.7993063498789,0.3739152089718409,15.0,0.4205
0,HFocusing_5_10_4um_0_1788.npy1452.npy,34.4,64.6530242926325,0.3482607704164894,17.0,0.5335
0,HFocusing_5_10_4um_0_1788.npy1453.npy,24.0,81.21198640811183,0.2004874277026973,15.0,0.6795
0,HFocusing_5_10_4um_0_1791.npy1454.npy,19.2,148.79786813968977,0.3777286093894313,14.0,0.7295
0,HFocusing_5_10_4um_0_1791.npy1455.npy,33.6,63.98335571028067,0.25186999750439104,17.0,0.513
0,HFocusing_5_10_4um_0_1791.npy1456.npy,35.2,68.94946115996395,0.2928029459663164,15.0,0.4595
0,HFocusing_5_10_4um_0_1794.npy1457.npy,35.2,68.1578672309911,0.3208170819712851,14.0,0.4345
0,HFocusing_5_10_4um_0_1797.npy1460.npy,31.2,138.61303708352494,0.47402068122014934,18.0,0.5815
0,HFocusing_5_10_4um_0_1797.npy1461.npy,34.4,93.77387542287431,0.4084635878907677,16.0,0.46349999999999997
0,HFocusing_5_10_4um_0_1800.npy1462.npy,30.4,118.10651365560028,0.45068586685180495,16.0,0.5285
0,HFocusing_5_10_4um_0_1800.npy1463.npy,32.0,95.57244421935671,0.38002309287452907,15.0,0.509
0,HFocusing_5_10_4um_0_1803.npy1464.npy,32.8,58.44556226872681,0.21633181733447712,17.0,0.5630000000000001
0,HFocusing_5_10_4um_0_1803.npy1465.npy,34.4,74.20599621889514,0.3798898687868456,28.0,0.9055
0,HFocusing_5_10_4um_0_1806.npy1466.npy,28.8,113.01630212020875,0.43927972951797417,16.0,0.592
0,HFocusing_5_10_4um_0_1806.npy1467.npy,17.6,139.31807674681235,0.8218012627896661,13.0,0.7435
0,HFocusing_5_10_4um_0_1806.npy1468.npy,28.0,70.34513316393218,0.29617486291431466,15.0,0.5715
0,HFocusing_5_10_4um_0_1806.npy1469.npy,17.6,133.8388200392259,0.3443438639354594,13.0,0.7995
0,HFocusing_5_10_4um_0_1809.npy1470.npy,32.0,102.98084495988756,0.38076917573316255,19.0,0.6255
0,HFocusing_5_10_4um_0_1809.npy1471.npy,27.2,116.94928546898517,0.34402962338820525,17.0,0.64
0,HFocusing_5_10_4um_0_181.npy1472.npy,34.4,68.4379233060844,0.3497435967540096,14.0,0.384
0,HFocusing_5_10_4um_0_1812.npy1473.npy,33.6,91.89747550362624,0.4189150608142306,14.0,0.4275
0,HFocusing_5_10_4um_0_1812.npy1475.npy,31.2,71.02134670237983,0.3519243484608239,14.0,0.4775
0,HFocusing_5_10_4um_0_1815.npy1477.npy,32.8,79.16439453864335,0.3249223520671288,18.0,0.5775
0,HFocusing_5_10_4um_0_1815.npy1478.npy,28.8,112.21729817746991,0.45038650436931205,13.0,0.4855
0,HFocusing_5_10_4um_0_1818.npy1479.npy,20.8,104.01233989886104,0.5890645844551815,15.0,0.768
0,HFocusing_5_10_4um_0_1818.npy1481.npy,20.8,102.4138018452283,0.32523054519088224,15.0,0.7184999999999999
0,HFocusing_5_10_4um_0_1821.npy1482.npy,31.2,103.79390242530806,0.45297003866363755,15.0,0.4555
0,HFocusing_5_10_4um_0_1839.npy1492.npy,16.0,249.6933104797436,0.5756534061076424,14.0,0.874
0,HFocusing_5_10_4um_0_1839.npy1494.npy,28.0,103.1145123719088,0.3496728854596828,17.0,0.61
0,HFocusing_5_10_4um_0_1842.npy1498.npy,34.4,97.52933025759698,0.4659056837042171,14.0,0.4185
0,HFocusing_5_10_4um_0_1842.npy1499.npy,34.4,97.8832898709385,0.39274875586764796,14.0,0.4185
0,HFocusing_5_10_4um_0_1842.npy1500.npy,28.8,83.23524966325839,0.2653937659715963,19.0,0.6315000000000001
0,HFocusing_5_10_4um_0_1845.npy1501.npy,31.2,118.41441354510313,0.4886145160010018,14.0,0.4855
0,HFocusing_5_10_4um_0_1845.npy1502.npy,29.6,72.73530892030949,0.29781836809758483,17.0,0.6105
0,HFocusing_5_10_4um_0_1848.npy1503.npy,34.4,58.76461856210129,0.2817299529944458,14.0,0.41
0,HFocusing_5_10_4um_0_1848.npy1505.npy,28.0,88.70069556129162,0.32510215973998,10.0,0.3625
0,HFocusing_5_10_4um_0_1851.npy1506.npy,14.4,267.6508202124041,0.4445769135763729,14.0,0.919
0,HFocusing_5_10_4um_0_1854.npy1509.npy,16.0,252.57707558235865,0.5071957047802041,12.0,0.8165
0,HFocusing_5_10_4um_0_1854.npy1510.npy,16.0,251.9364475939127,0.4745657993126627,12.0,0.8170000000000001
0,HFocusing_5_10_4um_0_1857.npy1511.npy,32.8,83.51835558539211,0.39365419525159173,14.0,0.4395
0,HFocusing_5_10_4um_0_1857.npy1512.npy,24.8,128.00600831643618,0.4976533272053421,14.0,0.565
0,HFocusing_5_10_4um_0_1860.npy1513.npy,28.8,86.1173759234809,0.5241923013224157,15.0,0.536
0,HFocusing_5_10_4um_0_1860.npy1514.npy,32.8,101.00075160062048,0.3927870415400381,16.0,0.5215000000000001
0,HFocusing_5_10_4um_0_1860.npy1515.npy,31.2,90.06985219881011,0.5240190458941778,21.0,0.716
0,HFocusing_5_10_4um_0_1863.npy1516.npy,31.2,138.90386340729472,0.43451782105150977,24.0,0.8055
0,HFocusing_5_10_4um_0_1863.npy1518.npy,31.2,138.90386340729472,0.43451782105150977,24.0,0.8055
0,HFocusing_5_10_4um_0_1863.npy1519.npy,24.8,122.82323338467413,0.4652564740378482,14.0,0.6040000000000001
0,HFocusing_5_10_4um_0_1866.npy1520.npy,18.4,152.684797051051,0.37798850610799783,12.0,0.7234999999999999
0,HFocusing_5_10_4um_0_1866.npy1521.npy,34.4,89.77136162628899,0.3647128946165486,16.0,0.47
0,HFocusing_5_10_4um_0_1869.npy1522.npy,35.2,99.61320258320579,0.4593290743684627,15.0,0.46549999999999997
0,HFocusing_5_10_4um_0_1869.npy1523.npy,34.4,96.71918915421313,0.4229715791784203,15.0,0.4665
0,HFocusing_5_10_4um_0_1872.npy1527.npy,34.4,67.20003333619987,0.2677134890161426,16.0,0.49850000000000005
0,HFocusing_5_10_4um_0_1872.npy1528.npy,15.2,235.28036955707293,0.7400031352442621,15.0,0.9700000000000001
0,HFocusing_5_10_4um_0_1872.npy1529.npy,35.2,162.72152932160276,0.5171255246931105,23.0,0.683
0,HFocusing_5_10_4um_0_1872.npy1530.npy,33.6,100.59071233405473,0.437644746337454,14.0,0.448
0,HFocusing_5_10_4um_0_1875.npy1532.npy,24.0,122.89797972455332,0.5521786745647241,13.0,0.5125000000000001
0,HFocusing_5_10_4um_0_1875.npy1534.npy,24.8,116.42648618551826,0.524153222098971,17.0,0.6930000000000001
0,HFocusing_5_10_4um_0_1875.npy1535.npy,34.4,70.16229196777758,0.3288528749849402,14.0,0.435
0,HFocusing_5_10_4um_0_1875.npy1536.npy,30.4,75.79336256945001,0.3018505132839344,14.0,0.4395
0,HFocusing_5_10_4um_0_1881.npy1540.npy,34.4,75.6611108149112,0.3081172924606381,15.0,0.474
0,HFocusing_5_10_4um_0_1884.npy1541.npy,28.0,133.14815941485713,0.5079528924975989,12.0,0.4695
0,HFocusing_5_10_4um_0_1887.npy1542.npy,28.0,123.0392565802172,0.7423831242754119,17.0,0.65
0,HFocusing_5_10_4um_0_1890.npy1544.npy,22.4,162.14110658701497,0.5558247566220914,13.0,0.6305
0,HFocusing_5_10_4um_0_1893.npy1546.npy,33.6,105.42848071212676,0.5333169944399774,14.0,0.45199999999999996
0,HFocusing_5_10_4um_0_1893.npy1547.npy,33.6,40.20861457210129,0.17261830722791827,16.0,0.4795
0,HFocusing_5_10_4um_0_1893.npy1548.npy,15.2,99.46443782427097,0.2135328569410789,13.0,0.8645
0,HFocusing_5_10_4um_0_1896.npy1551.npy,35.2,66.26322836387627,0.29526775395770866,15.0,0.406
0,HFocusing_5_10_4um_0_1896.npy1552.npy,32.0,112.41900359711235,0.49210155691588764,14.0,0.4415
0,HFocusing_5_10_4um_0_1896.npy1553.npy,31.2,99.01171557316776,0.4328524066809906,13.0,0.458
0,HFocusing_5_10_4um_0_1896.npy1554.npy,28.8,102.5460249079007,0.5017736436311554,13.0,0.49
0,HFocusing_5_10_4um_0_1899.npy1556.npy,32.8,69.05228459984467,0.3332568878135591,14.0,0.428
0,HFocusing_5_10_4um_0_1899.npy1558.npy,31.2,104.08824509971603,0.4875846362166291,15.0,0.5075000000000001
0,HFocusing_5_10_4um_0_1899.npy1559.npy,29.6,119.0292650062723,0.39212090564302815,20.0,0.7175
0,HFocusing_5_10_4um_0_190.npy1560.npy,29.6,91.70498470530444,0.38867421621254905,15.0,0.499
0,HFocusing_5_10_4um_0_1902.npy1561.npy,28.8,116.71791954417375,0.38018839700231283,17.0,0.5664999999999999
0,HFocusing_5_10_4um_0_1905.npy1562.npy,27.2,121.42703630680252,0.4642634473989531,13.0,0.479
0,HFocusing_5_10_4um_0_1905.npy1563.npy,21.6,139.98051895630294,0.437329771949383,12.0,0.5599999999999999
0,HFocusing_5_10_4um_0_1908.npy1564.npy,14.4,258.2401947558969,0.7014069199052534,12.0,0.7739999999999999
0,HFocusing_5_10_4um_0_1908.npy1565.npy,33.6,125.25749924374293,0.423574025153554,26.0,0.8180000000000001
0,HFocusing_5_10_4um_0_1908.npy1566.npy,23.2,112.49671364640035,0.34018360660296637,17.0,0.778
0,HFocusing_5_10_4um_0_1908.npy1567.npy,24.8,80.66963888916463,0.2342949189310793,16.0,0.683
0,HFocusing_5_10_4um_0_1911.npy1568.npy,35.2,70.49638828522603,0.32996148196554165,14.0,0.4045
0,HFocusing_5_10_4um_0_1911.npy1569.npy,35.2,75.14142873865607,0.25841836407759644,17.0,0.513
0,HFocusing_5_10_4um_0_1911.npy1570.npy,30.4,101.05492280918118,0.3694239952580482,17.0,0.587
0,HFocusing_5_10_4um_0_1914.npy1571.npy,14.4,185.09907689188108,0.39253249409695434,14.0,0.9825
0,HFocusing_5_10_4um_0_1917.npy1572.npy,34.4,72.40426791749331,0.32096284872786435,14.0,0.414
0,HFocusing_5_10_4um_0_1917.npy1573.npy,30.4,60.98368268656086,0.25635329091479375,19.0,0.669
0,HFocusing_5_10_4um_0_1922.npy1578.npy,20.8,117.83703783275915,0.3813350933401596,14.0,0.728
0,HFocusing_5_10_4um_0_1922.npy1579.npy,21.6,68.10351289007676,0.16560789945643253,18.0,0.876
0,HFocusing_5_10_4um_0_1922.npy1580.npy,33.6,82.74756436084931,0.318622463147968,19.0,0.603
0,HFocusing_5_10_4um_0_1925.npy1581.npy,30.4,106.43216797045609,0.40775446813587257,17.0,0.5900000000000001
0,HFocusing_5_10_4um_0_1925.npy1582.npy,33.6,108.03315936856575,0.5099790667891403,15.0,0.45899999999999996
0,HFocusing_5_10_4um_0_1925.npy1583.npy,20.0,186.87257641609898,0.43587212317887997,15.0,0.8175
0,HFocusing_5_10_4um_0_1925.npy1584.npy,30.4,68.74425005938316,0.29124825611074984,17.0,0.594
0,HFocusing_5_10_4um_0_1925.npy1585.npy,20.0,186.95577120651203,0.42846447861058445,15.0,0.8175
0,HFocusing_5_10_4um_0_1928.npy1586.npy,27.2,130.02808615731544,0.6421983239618598,13.0,0.51
0,HFocusing_5_10_4um_0_1928.npy1587.npy,21.6,172.5425182151117,0.5266715124137052,13.0,0.641
0,HFocusing_5_10_4um_0_193.npy1588.npy,32.8,89.54520130320654,0.37948122471434226,14.0,0.46299999999999997
0,HFocusing_5_10_4um_0_1933.npy1589.npy,36.0,72.5105006390806,0.3464201119173529,21.0,0.6155
0,HFocusing_5_10_4um_0_1933.npy1591.npy,25.6,137.43898914663083,0.4055774069815777,16.0,0.6695
0,HFocusing_5_10_4um_0_1936.npy1594.npy,31.2,98.31138369715497,0.3910191981698152,17.0,0.5685
0,HFocusing_5_10_4um_0_1939.npy1595.npy,35.2,94.34656647384634,0.3989827339548765,17.0,0.5195
0,HFocusing_5_10_4um_0_1939.npy1596.npy,33.6,96.40685351082274,0.42378644260160925,16.0,0.508
0,HFocusing_5_10_4um_0_1939.npy1597.npy,23.2,87.18832685057784,0.29258677366827024,16.0,0.7345
0,HFocusing_5_10_4um_0_1942.npy1598.npy,27.2,137.25844503846687,0.41892466690578867,16.0,0.632
0,HFocusing_5_10_4um_0_1942.npy1599.npy,34.4,105.83193225855587,0.6895889772275493,14.0,0.441
0,HFocusing_5_10_4um_0_1942.npy1601.npy,27.2,137.95902958663098,0.3864648466442332,16.0,0.6315000000000001
0,HFocusing_5_10_4um_0_1942.npy1602.npy,34.4,107.67364509857697,0.6716295242156362,14.0,0.441
0,HFocusing_5_10_4um_0_1948.npy1604.npy,36.0,57.15470249705043,0.28338156786601587,14.0,0.4205
0,HFocusing_5_10_4um_0_1948.npy1605.npy,36.0,80.48084932111458,0.3466322495886337,19.0,0.558
0,HFocusing_5_10_4um_0_1951.npy1606.npy,32.8,143.6332760557679,0.743045144385247,13.0,0.428
0,HFocusing_5_10_4um_0_1954.npy1609.npy,36.0,59.65195375213018,0.2541887565908988,16.0,0.458
0,HFocusing_5_10_4um_0_1954.npy1610.npy,36.8,70.98995913833102,0.28107161209768317,17.0,0.4705
0,HFocusing_5_10_4um_0_1957.npy1611.npy,24.8,65.643751840838,0.29923865534735955,11.0,0.456
0,HFocusing_5_10_4um_0_1957.npy1612.npy,25.6,125.9592370781907,0.45489786335922916,13.0,0.5135
0,HFocusing_5_10_4um_0_196.npy1613.npy,34.4,94.63243135543111,0.42295202364780143,14.0,0.4125
0,HFocusing_5_10_4um_0_1960.npy1614.npy,32.0,85.88368636438888,0.3822920424330165,17.0,0.555
0,HFocusing_5_10_4um_0_1960.npy1616.npy,32.8,99.87848884999492,0.4735152155944635,13.0,0.3995
0,HFocusing_5_10_4um_0_1963.npy1620.npy,24.0,98.2037678451559,0.3406922825824141,13.0,0.545
0,HFocusing_5_10_4um_0_1963.npy1622.npy,24.0,97.28251331136,0.3140539370202799,13.0,0.544
0,HFocusing_5_10_4um_0_1963.npy1623.npy,32.8,118.57695278912516,0.4906615871711837,13.0,0.40549999999999997
0,HFocusing_5_10_4um_0_1966.npy1624.npy,32.0,95.34006607923057,0.3927197501485307,16.0,0.49850000000000005
0,HFocusing_5_10_4um_0_1966.npy1625.npy,34.4,90.75638917125558,0.4073741073846304,15.0,0.46749999999999997
0,HFocusing_5_10_4um_0_1966.npy1626.npy,36.0,76.10789112595721,0.35597490969666323,16.0,0.4575
0,HFocusing_5_10_4um_0_1966.npy1627.npy,25.6,116.60172244099141,0.4202870770821725,13.0,0.5109999999999999
0,HFocusing_5_10_4um_0_1969.npy1628.npy,32.0,119.47118121253804,0.504132190022852,15.0,0.47100000000000003
0,HFocusing_5_10_4um_0_1969.npy1629.npy,28.8,80.06041800499493,0.3091032652643862,16.0,0.5950000000000001
0,HFocusing_5_10_4um_0_1972.npy1631.npy,29.6,91.61287196872256,0.3615938033369722,20.0,0.725
0,HFocusing_5_10_4um_0_1975.npy1632.npy,35.2,90.32738595908063,0.3879260186687314,16.0,0.4925
0,HFocusing_5_10_4um_0_1975.npy1633.npy,17.6,208.68411986223663,0.7513073786610189,15.0,0.8455
0,HFocusing_5_10_4um_0_1978.npy1635.npy,34.4,104.96421879167552,0.4863538519885538,14.0,0.4415
0,HFocusing_5_10_4um_0_1978.npy1636.npy,24.0,136.7075286559454,0.4683026833759738,12.0,0.47300000000000003
0,HFocusing_5_10_4um_0_1981.npy1637.npy,35.2,153.17077631530805,0.5488633133762553,21.0,0.626
0,HFocusing_5_10_4um_0_1981.npy1638.npy,36.8,59.261078781099236,0.27141042718810016,19.0,0.5429999999999999
0,HFocusing_5_10_4um_0_1984.npy1640.npy,16.8,230.8349915092664,0.5249275990178484,15.0,0.884
0,HFocusing_5_10_4um_0_1987.npy1641.npy,28.0,41.00702367777081,0.20336860280023,15.0,0.5339999999999999
0,HFocusing_5_10_4um_0_1987.npy1642.npy,35.2,86.67660491815863,0.4687628531837762,15.0,0.4325
0,HFocusing_5_10_4um_0_1987.npy1643.npy,35.2,91.47055143499568,0.3594710555176415,18.0,0.5429999999999999
0,HFocusing_5_10_4um_0_199.npy1644.npy,26.4,127.1436877457926,0.4682237692683016,13.0,0.532
0,HFocusing_5_10_4um_0_199.npy1645.npy,32.0,89.44852620773844,0.32105457249007496,19.0,0.631
0,HFocusing_5_10_4um_0_1990.npy1646.npy,36.8,70.70052676986941,0.3228992818447263,13.0,0.359
0,HFocusing_5_10_4um_0_1990.npy1647.npy,36.0,65.74384885440506,0.3228231327924306,15.0,0.41800000000000004
0,HFocusing_5_10_4um_0_1991.npy1648.npy,35.2,79.53656165484371,0.31134337144298124,15.0,0.45399999999999996
0,HFocusing_5_10_4um_0_1991.npy1649.npy,26.4,101.78407582934575,0.39032339439102104,18.0,0.721
0,HFocusing_5_10_4um_0_1994.npy1650.npy,29.6,97.72541630042565,0.38609756396543654,14.0,0.5195
0,HFocusing_5_10_4um_0_1997.npy1651.npy,27.2,110.17657128783519,0.4446911549180215,15.0,0.594
0,HFocusing_5_10_4um_0_1997.npy1652.npy,30.4,127.16575413873711,0.5591915012749793,15.0,0.5255000000000001
0,HFocusing_5_10_4um_0_20.npy1653.npy,31.2,107.34495551517658,0.4193565505995206,19.0,0.6455000000000001
0,HFocusing_5_10_4um_0_2000.npy1655.npy,33.6,96.4851160780326,0.46006235235132636,13.0,0.4195
0,HFocusing_5_10_4um_0_2000.npy1656.npy,34.4,102.08340495510866,0.3949431359506258,16.0,0.49549999999999994
0,HFocusing_5_10_4um_0_2000.npy1657.npy,30.4,96.22007113802822,0.4277768049664766,17.0,0.5910000000000001
0,HFocusing_5_10_4um_0_2003.npy1658.npy,33.6,104.83104663053732,0.4621119992050943,15.0,0.48250000000000004
0,HFocusing_5_10_4um_0_2003.npy1659.npy,33.6,85.22429876479649,0.3797665753720553,15.0,0.4775
0,HFocusing_5_10_4um_0_2003.npy1660.npy,36.0,57.67839797738834,0.25117918551273793,15.0,0.45
0,HFocusing_5_10_4um_0_2006.npy1662.npy,33.6,89.25100371082681,0.3708995484914332,15.0,0.451
0,HFocusing_5_10_4um_0_2012.npy1665.npy,21.6,159.91852820965778,0.5113663629126627,14.0,0.6015
0,HFocusing_5_10_4um_0_2015.npy1667.npy,34.4,109.46189820432512,0.5088139331221232,14.0,0.435
0,HFocusing_5_10_4um_0_2018.npy1668.npy,36.0,72.9545745567278,0.3349328721591469,15.0,0.4445
0,HFocusing_5_10_4um_0_2018.npy1669.npy,28.8,73.53143993873901,0.3862628773182288,16.0,0.5745
0,HFocusing_5_10_4um_0_2018.npy1670.npy,28.8,64.24409392407442,0.2696971250425039,14.0,0.486
0,HFocusing_5_10_4um_0_202.npy1671.npy,27.2,144.64973306524666,0.48946384355622774,14.0,0.5569999999999999
0,HFocusing_5_10_4um_0_202.npy1672.npy,21.6,164.50101034790987,0.5110568369318415,13.0,0.615
0,HFocusing_5_10_4um_0_2021.npy1675.npy,32.8,84.63625971400451,0.37770793400448177,19.0,0.6074999999999999
0,HFocusing_5_10_4um_0_2024.npy1677.npy,33.6,73.62224609183932,0.31427827558088206,19.0,0.57
0,HFocusing_5_10_4um_0_2030.npy1678.npy,35.2,77.41342980346853,0.37287322013488106,13.0,0.40349999999999997
0,HFocusing_5_10_4um_0_2033.npy1679.npy,33.6,98.32484003530548,0.36758140646889537,17.0,0.5365
0,HFocusing_5_10_4um_0_2033.npy1680.npy,36.0,85.18478541309916,0.38878926175395495,20.0,0.5795
0,HFocusing_5_10_4um_0_2033.npy1681.npy,34.4,98.31364441752564,0.43652631985643164,15.0,0.4745
0,HFocusing_5_10_4um_0_2036.npy1683.npy,29.6,82.66340105241538,0.4017765411065587,17.0,0.609
0,HFocusing_5_10_4um_0_2039.npy1685.npy,33.6,102.3916881152159,0.4206845239428441,14.0,0.45399999999999996
0,HFocusing_5_10_4um_0_2039.npy1686.npy,20.0,164.37782511429265,0.3995266355080014,15.0,0.82
0,HFocusing_5_10_4um_0_2039.npy1687.npy,20.0,164.6091358806491,0.3748061922401295,15.0,0.82
0,HFocusing_5_10_4um_0_2042.npy1688.npy,16.8,212.73561358944255,0.4690801726356642,15.0,0.8865000000000001
0,HFocusing_5_10_4um_0_2042.npy1690.npy,35.2,89.83050985286435,0.34444342607413064,17.0,0.5095
0,HFocusing_5_10_4um_0_2045.npy1692.npy,36.0,68.50000868064758,0.3194758794431674,18.0,0.5075000000000001
0,HFocusing_5_10_4um_0_2049.npy1695.npy,27.2,94.15564091932983,0.33079499030911536,15.0,0.5670000000000001
0,HFocusing_5_10_4um_0_2049.npy1697.npy,27.2,94.252710870527,0.27844270475154687,15.0,0.5664999999999999
0,HFocusing_5_10_4um_0_2055.npy1700.npy,22.4,181.0664701155028,0.47072205810434065,15.0,0.6759999999999999
0,HFocusing_5_10_4um_0_2055.npy1702.npy,23.2,71.2898812077808,0.18456815408682098,16.0,0.7364999999999999
0,HFocusing_5_10_4um_0_2055.npy1703.npy,35.2,63.964483582799346,0.304254917570616,14.0,0.4
0,HFocusing_5_10_4um_0_209.npy1705.npy,31.2,111.88392476011745,0.5069212442360419,13.0,0.425
0,HFocusing_5_10_4um_0_209.npy1706.npy,31.2,112.47451812008745,0.46009182169013946,14.0,0.4605
0,HFocusing_5_10_4um_0_215.npy1709.npy,25.6,145.81820802578764,0.47109547313533734,14.0,0.5585
0,HFocusing_5_10_4um_0_222.npy1710.npy,34.4,58.47201225848497,0.31005838261829255,13.0,0.3835
0,HFocusing_5_10_4um_0_223.npy1711.npy,29.6,102.27714068209386,0.42941201111799004,17.0,0.602
0,HFocusing_5_10_4um_0_226.npy1713.npy,33.6,103.61561576983645,0.4115483659717348,15.0,0.45
0,HFocusing_5_10_4um_0_229.npy1714.npy,28.0,142.2934453361318,0.5631740768355219,15.0,0.5675
0,HFocusing_5_10_4um_0_231.npy1718.npy,32.8,107.8948829491996,0.4927196058896276,14.0,0.4325
0,HFocusing_5_10_4um_0_234.npy1719.npy,28.0,136.14214912222687,0.5086197895859509,13.0,0.47600000000000003
0,HFocusing_5_10_4um_0_234.npy1720.npy,30.4,119.9927663511283,0.49677177788750054,13.0,0.46549999999999997
0,HFocusing_5_10_4um_0_236.npy1721.npy,24.8,133.89898808533508,0.44139240537168634,16.0,0.6895
0,HFocusing_5_10_4um_0_239.npy1722.npy,35.2,46.86269129067253,0.2783010318953929,14.0,0.4265
0,HFocusing_5_10_4um_0_239.npy1723.npy,22.4,179.1807638153905,0.5800371352901562,12.0,0.5825
0,HFocusing_5_10_4um_0_239.npy1724.npy,33.6,193.4192402226403,0.4541970145342238,25.0,0.7755000000000001
0,HFocusing_5_10_4um_0_24.npy1725.npy,23.2,151.55503279345808,0.3974165960043875,16.0,0.6575
0,HFocusing_5_10_4um_0_242.npy1726.npy,34.4,98.75572218666927,0.40637224964782304,17.0,0.523
0,HFocusing_5_10_4um_0_245.npy1728.npy,32.8,94.6302619586014,0.34832172021349805,18.0,0.5865
0,HFocusing_5_10_4um_0_247.npy1729.npy,31.2,105.87074283393484,0.45691510230623084,13.0,0.42700000000000005
0,HFocusing_5_10_4um_0_247.npy1730.npy,33.6,96.50837594432149,0.4116741530007214,13.0,0.42000000000000004
0,HFocusing_5_10_4um_0_250.npy1731.npy,33.6,91.31555603898191,0.36505435420968574,19.0,0.5915
0,HFocusing_5_10_4um_0_252.npy1734.npy,28.8,131.92517927329214,0.5099226515066886,13.0,0.46099999999999997
0,HFocusing_5_10_4um_0_252.npy1735.npy,29.6,98.95009178207923,0.34242537240355186,15.0,0.483
0,HFocusing_5_10_4um_0_255.npy1736.npy,31.2,113.88989357226845,0.41884045993402663,15.0,0.49
0,HFocusing_5_10_4um_0_255.npy1737.npy,33.6,101.17236495579094,0.4992633819433497,14.0,0.4265
0,HFocusing_5_10_4um_0_258.npy1738.npy,30.4,146.8150993624661,0.6290554622295026,17.0,0.5635
0,HFocusing_5_10_4um_0_258.npy1739.npy,34.4,102.29796531462839,0.41747579632725557,16.0,0.49450000000000005
0,HFocusing_5_10_4um_0_261.npy1740.npy,32.8,131.62298004063152,0.5529667828433616,23.0,0.727
0,HFocusing_5_10_4um_0_261.npy1741.npy,32.8,131.17184929280393,0.5529665334926427,23.0,0.7265
0,HFocusing_5_10_4um_0_261.npy1742.npy,31.2,108.71494085692339,0.3777376101442122,18.0,0.619
0,HFocusing_5_10_4um_0_264.npy1743.npy,32.8,80.49368023553582,0.39468187245572267,12.0,0.373
0,HFocusing_5_10_4um_0_264.npy1744.npy,24.0,157.26837655261517,0.41477806117838245,16.0,0.7135
0,HFocusing_5_10_4um_0_264.npy1745.npy,31.2,132.1155193618216,0.5303988533911201,16.0,0.5245
0,HFocusing_5_10_4um_0_264.npy1746.npy,35.2,92.82446219701293,0.46827935594685915,15.0,0.432
0,HFocusing_5_10_4um_0_267.npy1747.npy,35.2,86.19344251547093,0.38159846471507947,16.0,0.4835
0,HFocusing_5_10_4um_0_267.npy1748.npy,34.4,83.96315026068369,0.3978768991986621,17.0,0.5265
0,HFocusing_5_10_4um_0_271.npy1750.npy,28.8,97.15069406449395,0.4585649894667044,16.0,0.554
0,HFocusing_5_10_4um_0_271.npy1751.npy,24.8,140.6053213734063,0.5123073145974917,12.0,0.48500000000000004
0,HFocusing_5_10_4um_0_273.npy1752.npy,28.8,60.39641675852199,0.25720455459684705,18.0,0.737
0,HFocusing_5_10_4um_0_273.npy1753.npy,32.8,81.5957830474975,0.3401182554203907,18.0,0.5415
0,HFocusing_5_10_4um_0_273.npy1754.npy,36.0,74.91514035776873,0.32155615016380074,15.0,0.4205
0,HFocusing_5_10_4um_0_276.npy1755.npy,35.2,77.74464103122692,0.3398683351294739,19.0,0.5680000000000001
0,HFocusing_5_10_4um_0_276.npy1756.npy,30.4,108.60181778272194,0.5290109453393067,17.0,0.5955
0,HFocusing_5_10_4um_0_276.npy1757.npy,29.6,115.09947107063826,0.4281734464544593,14.0,0.482
0,HFocusing_5_10_4um_0_279.npy1758.npy,14.4,66.72241332875215,0.181656452096495,15.0,0.993
0,HFocusing_5_10_4um_0_279.npy1761.npy,36.0,81.52815679387412,0.3357499926530172,23.0,0.6725
0,HFocusing_5_10_4um_0_283.npy1763.npy,36.0,86.62225962596966,0.3991926289182667,18.0,0.541
0,HFocusing_5_10_4um_0_283.npy1764.npy,32.0,90.35262055885927,0.4228800607765706,14.0,0.43600000000000005
0,HFocusing_5_10_4um_0_286.npy1765.npy,26.4,119.47539311445955,0.4902519069064939,15.0,0.6045
0,HFocusing_5_10_4um_0_289.npy1766.npy,24.8,160.51085801662626,0.498528293732472,14.0,0.53
0,HFocusing_5_10_4um_0_292.npy1768.npy,31.2,103.44073549676081,0.38644237254742836,17.0,0.5810000000000001
0,HFocusing_5_10_4um_0_295.npy1769.npy,34.4,133.57335535376458,0.5464536415667005,17.0,0.5055
0,HFocusing_5_10_4um_0_299.npy1771.npy,21.6,176.07318454927554,0.4853741967447148,13.0,0.6164999999999999
0,HFocusing_5_10_4um_0_302.npy1772.npy,18.4,183.84188031212886,0.39207981004885606,14.0,0.83
0,HFocusing_5_10_4um_0_302.npy1774.npy,32.8,97.50489579073351,0.39090068622693547,15.0,0.4275
0,HFocusing_5_10_4um_0_308.npy1775.npy,33.6,96.3861168958453,0.49161064079723427,13.0,0.3975
0,HFocusing_5_10_4um_0_31.npy1776.npy,33.6,87.11100157872636,0.3921149672475249,20.0,0.6275000000000001
0,HFocusing_5_10_4um_0_311.npy1778.npy,34.4,84.82919152655131,0.3733746348478746,13.0,0.41350000000000003
0,HFocusing_5_10_4um_0_317.npy1780.npy,35.2,86.17299465300532,0.40782408047513574,14.0,0.433
0,HFocusing_5_10_4um_0_320.npy1781.npy,15.2,86.78438548667722,0.18297495238243136,13.0,0.855
0,HFocusing_5_10_4um_0_323.npy1783.npy,32.0,92.14126854526583,0.37367875545599727,16.0,0.5305000000000001
0,HFocusing_5_10_4um_0_326.npy1784.npy,26.4,147.28249829997148,0.4938230677338775,14.0,0.5025000000000001
0,HFocusing_5_10_4um_0_329.npy1785.npy,17.6,54.64730832076138,0.1762771474623212,18.0,1.0835000000000001
0,HFocusing_5_10_4um_0_332.npy1787.npy,35.2,66.71778298032774,0.323778633907507,20.0,0.6005
0,HFocusing_5_10_4um_0_336.npy1788.npy,35.2,92.27242110313689,0.3535265473644087,18.0,0.5455
0,HFocusing_5_10_4um_0_339.npy1789.npy,32.8,90.57066187115632,0.42062532309851847,17.0,0.546
0,HFocusing_5_10_4um_0_339.npy1790.npy,35.2,88.28480274947913,0.34721917460163243,20.0,0.603
0,HFocusing_5_10_4um_0_339.npy1791.npy,32.8,78.16316481077865,0.4188937812682848,13.0,0.3725
0,HFocusing_5_10_4um_0_342.npy1793.npy,34.4,84.20267202258447,0.4178818632341739,14.0,0.41350000000000003
0,HFocusing_5_10_4um_0_342.npy1794.npy,32.8,77.11092887639404,0.364479541989823,16.0,0.483
0,HFocusing_5_10_4um_0_345.npy1795.npy,21.6,153.84545938018445,0.4548324422144635,16.0,0.7905
0,HFocusing_5_10_4um_0_347.npy1796.npy,35.2,57.987741376087165,0.3045605357283449,17.0,0.515
0,HFocusing_5_10_4um_0_347.npy1797.npy,32.8,104.4105037918091,0.43438813902490203,14.0,0.4385
0,HFocusing_5_10_4um_0_347.npy1798.npy,30.4,76.68924924367064,0.3268698960553837,14.0,0.474
0,HFocusing_5_10_4um_0_353.npy1802.npy,32.0,102.63376075042183,0.4210582430294077,18.0,0.601
0,HFocusing_5_10_4um_0_362.npy1807.npy,33.6,105.29897408012388,0.4820360553484892,14.0,0.3925
0,HFocusing_5_10_4um_0_364.npy1808.npy,32.8,91.23933363074981,0.42552672838274497,13.0,0.399
0,HFocusing_5_10_4um_0_364.npy1809.npy,31.2,105.34877916641668,0.4648007684982559,13.0,0.423
0,HFocusing_5_10_4um_0_370.npy1812.npy,36.0,66.29973441296166,0.3133089191406503,15.0,0.456
0,HFocusing_5_10_4um_0_370.npy1813.npy,36.8,67.67446030338274,0.43547680201770655,23.0,0.6545
0,HFocusing_5_10_4um_0_373.npy1814.npy,24.8,113.26076610705222,0.3230943628394136,16.0,0.6605
0,HFocusing_5_10_4um_0_373.npy1815.npy,29.6,124.40227429529838,0.45844141261742616,14.0,0.488
0,HFocusing_5_10_4um_0_376.npy1818.npy,34.4,86.0885545541624,0.3821191827191986,14.0,0.446
0,HFocusing_5_10_4um_0_376.npy1819.npy,26.4,126.80028421549407,0.4590924393975544,13.0,0.4935
0,HFocusing_5_10_4um_0_38.npy1821.npy,28.8,87.27207376037656,0.370507460942211,14.0,0.49
0,HFocusing_5_10_4um_0_381.npy1823.npy,33.6,89.41891201986158,0.3964277714729546,13.0,0.3935
0,HFocusing_5_10_4um_0_384.npy1825.npy,35.2,100.52716370568668,0.3958636650887946,13.0,0.40299999999999997
0,HFocusing_5_10_4um_0_390.npy1828.npy,35.2,66.20059802621259,0.33722868131648265,16.0,0.4295
0,HFocusing_5_10_4um_0_390.npy1829.npy,35.2,96.9109300286156,0.36966053432658164,16.0,0.48050000000000004
0,HFocusing_5_10_4um_0_390.npy1830.npy,33.6,97.15613078014273,0.4203706599724848,15.0,0.47550000000000003
0,HFocusing_5_10_4um_0_393.npy1831.npy,18.4,201.19616132161963,0.595668106588453,14.0,0.74
0,HFocusing_5_10_4um_0_393.npy1832.npy,17.6,214.8938806377635,0.41751918164913127,15.0,0.8664999999999999
0,HFocusing_5_10_4um_0_396.npy1834.npy,15.2,269.4836481632942,0.5092960610732628,13.0,0.8065
0,HFocusing_5_10_4um_0_398.npy1837.npy,29.6,129.2717314283811,0.521934078694984,14.0,0.483
0,HFocusing_5_10_4um_0_4.npy1838.npy,36.0,63.31793404192525,0.2988606099336454,21.0,0.6155
0,HFocusing_5_10_4um_0_401.npy1839.npy,22.4,52.17227698307979,0.23268736551639282,10.0,0.44499999999999995
0,HFocusing_5_10_4um_0_401.npy1840.npy,32.0,101.25567287753782,0.4594848922333665,18.0,0.5955
0,HFocusing_5_10_4um_0_401.npy1841.npy,32.0,101.69334816718988,0.4544898594372563,19.0,0.6275000000000001
0,HFocusing_5_10_4um_0_404.npy1842.npy,36.8,75.23901977804405,0.32351981881277625,17.0,0.4965
0,HFocusing_5_10_4um_0_407.npy1843.npy,31.2,104.84939277789822,0.48398759213829484,13.0,0.42000000000000004
0,HFocusing_5_10_4um_0_410.npy1844.npy,36.8,73.61216662369564,0.3496102469187378,16.0,0.4705
0,HFocusing_5_10_4um_0_413.npy1845.npy,28.0,135.28031551682554,0.5321073547377514,13.0,0.5045
0,HFocusing_5_10_4um_0_419.npy1848.npy,33.6,116.28702230475007,0.7931838830232366,19.0,0.598
0,HFocusing_5_10_4um_0_419.npy1849.npy,33.6,100.62287525431384,0.3680714577132273,18.0,0.565
0,HFocusing_5_10_4um_0_42.npy1850.npy,32.8,87.97283473269917,0.37758215456583427,18.0,0.5745
0,HFocusing_5_10_4um_0_42.npy1851.npy,17.6,84.74497401680212,0.18472131559616145,16.0,0.967
0,HFocusing_5_10_4um_0_422.npy1852.npy,33.6,81.00006533975572,0.4271761428490868,13.0,0.397
0,HFocusing_5_10_4um_0_422.npy1854.npy,33.6,79.26457297242698,0.3919212818019697,13.0,0.3975
0,HFocusing_5_10_4um_0_422.npy1855.npy,33.6,94.87818287614613,0.4407863970740757,13.0,0.4185
0,HFocusing_5_10_4um_0_428.npy1860.npy,35.2,87.60465003922036,0.4158096031559912,30.0,0.87
0,HFocusing_5_10_4um_0_428.npy1862.npy,33.6,100.53730969329342,0.42438116708569473,15.0,0.42450000000000004
0,HFocusing_5_10_4um_0_431.npy1863.npy,28.8,117.81295641062519,0.5003452524385051,13.0,0.4255
0,HFocusing_5_10_4um_0_431.npy1864.npy,31.2,121.71724477476266,0.4988108825842541,14.0,0.449
0,HFocusing_5_10_4um_0_437.npy1867.npy,34.4,92.65484087306206,0.3426520963784369,18.0,0.5515
0,HFocusing_5_10_4um_0_437.npy1868.npy,32.8,84.54998039661956,0.36328906348079104,14.0,0.4615
0,HFocusing_5_10_4um_0_440.npy1869.npy,28.0,122.60315145751144,0.4503971077151059,13.0,0.5075000000000001
0,HFocusing_5_10_4um_0_444.npy1871.npy,34.4,81.88087044872904,0.3543338316756907,12.0,0.3795
0,HFocusing_5_10_4um_0_444.npy1872.npy,34.4,81.70856977337948,0.35430680173438295,13.0,0.4115
0,HFocusing_5_10_4um_0_447.npy1873.npy,24.8,140.38604524008954,0.40410612344502805,16.0,0.699
0,HFocusing_5_10_4um_0_450.npy1878.npy,34.4,94.77758803820632,0.38218484192203,16.0,0.499
0,HFocusing_5_10_4um_0_450.npy1879.npy,33.6,82.82934635463548,0.35150969982825997,18.0,0.5395000000000001
0,HFocusing_5_10_4um_0_454.npy1880.npy,35.2,80.14976703663453,0.37493790764063994,15.0,0.44
0,HFocusing_5_10_4um_0_457.npy1881.npy,22.4,175.18614079288122,0.5498045788030543,13.0,0.6335
0,HFocusing_5_10_4um_0_460.npy1882.npy,34.4,87.28427706744743,0.36470142421720275,20.0,0.6185
0,HFocusing_5_10_4um_0_460.npy1883.npy,31.2,89.08361402840573,0.40300094203917397,13.0,0.422
0,HFocusing_5_10_4um_0_463.npy1884.npy,33.6,96.69421969377042,0.4474556039240791,14.0,0.42450000000000004
0,HFocusing_5_10_4um_0_466.npy1885.npy,32.8,95.63393688280217,0.4476243555140742,13.0,0.40099999999999997
0,HFocusing_5_10_4um_0_466.npy1886.npy,32.8,98.04482290469745,0.47129927553946516,14.0,0.4095
0,HFocusing_5_10_4um_0_466.npy1887.npy,32.8,109.61402080932565,0.4667721991078378,15.0,0.48950000000000005
0,HFocusing_5_10_4um_0_469.npy1888.npy,36.0,63.34757971051375,0.33376935174665806,21.0,0.5995
0,HFocusing_5_10_4um_0_469.npy1889.npy,35.2,97.81823997727021,0.40328866395507457,15.0,0.4595
0,HFocusing_5_10_4um_0_469.npy1891.npy,20.8,97.9480614698709,0.24759756334679203,19.0,0.9305
0,HFocusing_5_10_4um_0_474.npy1894.npy,31.2,98.05675455832667,0.43214979413046106,14.0,0.451
0,HFocusing_5_10_4um_0_474.npy1895.npy,34.4,88.5653398363044,0.4402769610549728,14.0,0.434
0,HFocusing_5_10_4um_0_48.npy1896.npy,35.2,99.0954851239876,0.3781000311901913,16.0,0.488
0,HFocusing_5_10_4um_0_480.npy1897.npy,30.4,116.94487987228169,0.5359137682175655,13.0,0.4345
0,HFocusing_5_10_4um_0_480.npy1898.npy,34.4,100.25828575236415,0.4623066254899171,16.0,0.4785
0,HFocusing_5_10_4um_0_480.npy1899.npy,33.6,101.60302890819554,0.3755148788421029,16.0,0.5085
0,HFocusing_5_10_4um_0_483.npy1900.npy,33.6,48.05219050859277,0.23477981936102119,14.0,0.4515
0,HFocusing_5_10_4um_0_483.npy1901.npy,32.8,50.01707011608043,0.23504575008211473,16.0,0.5155
0,HFocusing_5_10_4um_0_484.npy1902.npy,31.2,93.09615685410556,0.4051948350230916,14.0,0.425
0,HFocusing_5_10_4um_0_484.npy1903.npy,21.6,178.09519884760002,0.5429327056474159,12.0,0.5664999999999999
0,HFocusing_5_10_4um_0_486.npy1904.npy,29.6,118.64487330947374,0.6609674316265728,18.0,0.6445
0,HFocusing_5_10_4um_0_489.npy1906.npy,21.6,168.45467741167397,0.49324098776491887,13.0,0.6174999999999999
0,HFocusing_5_10_4um_0_492.npy1907.npy,35.2,82.00091785896447,0.3496269684907881,16.0,0.4885
0,HFocusing_5_10_4um_0_492.npy1908.npy,34.4,71.64030636772114,0.36245455517665837,14.0,0.382
0,HFocusing_5_10_4um_0_492.npy1909.npy,32.0,111.77693038784996,0.4995120217058635,14.0,0.4115
0,HFocusing_5_10_4um_0_494.npy1910.npy,33.6,83.6077078464632,0.3769719321140468,18.0,0.5655
0,HFocusing_5_10_4um_0_494.npy1911.npy,29.6,143.93126529487017,0.6632770051291484,18.0,0.6114999999999999
0,HFocusing_5_10_4um_0_500.npy1914.npy,35.2,76.0590470810928,0.34506108508161787,19.0,0.5675
0,HFocusing_5_10_4um_0_500.npy1915.npy,35.2,77.6540564550042,0.34508587169331906,19.0,0.5670000000000001
0,HFocusing_5_10_4um_0_500.npy1916.npy,24.8,156.08083288106002,0.521683353893187,12.0,0.5305000000000001
0,HFocusing_5_10_4um_0_503.npy1917.npy,35.2,79.8383534024744,0.35148979868840724,19.0,0.5730000000000001
0,HFocusing_5_10_4um_0_507.npy1918.npy,16.8,239.10116480537684,0.5167884170439954,14.0,0.838
0,HFocusing_5_10_4um_0_509.npy1920.npy,35.2,85.75640082592899,0.4159901961435524,13.0,0.40349999999999997
0,HFocusing_5_10_4um_0_509.npy1921.npy,25.6,80.857776272964,0.28578511759973935,13.0,0.47100000000000003
0,HFocusing_5_10_4um_0_513.npy1922.npy,21.6,168.37745427829526,0.8386812305604492,13.0,0.6565
0,HFocusing_5_10_4um_0_515.npy1923.npy,34.4,97.86404616399415,0.4186580306692055,14.0,0.41750000000000004
0,HFocusing_5_10_4um_0_515.npy1926.npy,33.6,96.5138973644542,0.4397333747768083,14.0,0.3975
0,HFocusing_5_10_4um_0_515.npy1927.npy,32.8,91.78023986911656,0.4229980682029655,13.0,0.428
0,HFocusing_5_10_4um_0_518.npy1928.npy,33.6,87.37818088143823,0.3856620959990704,18.0,0.5285
0,HFocusing_5_10_4um_0_518.npy1929.npy,34.4,105.9263558389001,0.5319541674511205,15.0,0.4375
0,HFocusing_5_10_4um_0_52.npy1930.npy,32.0,96.21201451302301,0.3326133736784759,16.0,0.531
0,HFocusing_5_10_4um_0_521.npy1931.npy,18.4,168.96263211721148,0.4643854697383365,16.0,0.8704999999999999
0,HFocusing_5_10_4um_0_525.npy1934.npy,34.4,78.20926400789433,0.3408210790775539,13.0,0.3855
0,HFocusing_5_10_4um_0_525.npy1935.npy,34.4,93.96742086186944,0.37132301918337596,17.0,0.5289999999999999
0,HFocusing_5_10_4um_0_528.npy1937.npy,32.0,97.89196586546478,0.43661824770473723,13.0,0.3815
0,HFocusing_5_10_4um_0_534.npy1940.npy,33.6,81.11759384627632,0.3926962332862435,20.0,0.6305
0,HFocusing_5_10_4um_0_534.npy1941.npy,34.4,99.04590888519331,0.42066274826223377,15.0,0.47
0,HFocusing_5_10_4um_0_537.npy1943.npy,35.2,109.56129478634993,0.40415189085773645,16.0,0.491
0,HFocusing_5_10_4um_0_537.npy1944.npy,34.4,85.89720276244901,0.33062806099779013,20.0,0.612
0,HFocusing_5_10_4um_0_537.npy1945.npy,35.2,109.56129478634993,0.40415189085773645,16.0,0.491
0,HFocusing_5_10_4um_0_540.npy1946.npy,29.6,117.25452695408593,0.4056935523398476,17.0,0.6135
0,HFocusing_5_10_4um_0_543.npy1948.npy,29.6,118.08249288744335,0.5331684800732959,14.0,0.44499999999999995
0,HFocusing_5_10_4um_0_543.npy1949.npy,32.0,93.48176762445419,0.35154477090299135,19.0,0.608
0,HFocusing_5_10_4um_0_546.npy1951.npy,32.8,85.87521957989914,0.3830146642586186,13.0,0.4045
0,HFocusing_5_10_4um_0_549.npy1952.npy,34.4,93.44816969757872,0.44177310493925526,14.0,0.416
0,HFocusing_5_10_4um_0_549.npy1953.npy,23.2,150.49384124280763,0.727929593537705,12.0,0.5215000000000001
0,HFocusing_5_10_4um_0_549.npy1954.npy,34.4,102.17242507757477,0.4481360907258251,14.0,0.44049999999999995
0,HFocusing_5_10_4um_0_55.npy1955.npy,35.2,72.6103501941329,0.3448085274701013,15.0,0.457
0,HFocusing_5_10_4um_0_552.npy1956.npy,36.0,82.4147003376923,0.3826569715687633,16.0,0.4555
0,HFocusing_5_10_4um_0_555.npy1957.npy,35.2,79.41720418145478,0.40587530157817486,14.0,0.40700000000000003
0,HFocusing_5_10_4um_0_555.npy1958.npy,30.4,110.19021425549262,0.42535972820327156,14.0,0.475
0,HFocusing_5_10_4um_0_564.npy1961.npy,33.6,82.50740365750595,0.40973216162847054,17.0,0.5335
0,HFocusing_5_10_4um_0_564.npy1962.npy,36.0,79.64821488293857,0.3366061557752719,16.0,0.48050000000000004
0,HFocusing_5_10_4um_0_567.npy1963.npy,31.2,116.88085617528967,0.37936283977298974,17.0,0.5894999999999999
0,HFocusing_5_10_4um_0_570.npy1964.npy,35.2,95.68528397266518,0.4238684702837395,15.0,0.4395
0,HFocusing_5_10_4um_0_573.npy1965.npy,28.0,114.36206501892143,0.39973887469547387,17.0,0.6395
0,HFocusing_5_10_4um_0_576.npy1966.npy,14.4,278.9925291009395,0.48950927551529533,11.0,0.8474999999999999
0,HFocusing_5_10_4um_0_579.npy1967.npy,32.8,163.4756603730432,0.6841766016930836,18.0,0.583
0,HFocusing_5_10_4um_0_585.npy1971.npy,32.8,87.85036196926448,0.4261940031366311,13.0,0.40049999999999997
0,HFocusing_5_10_4um_0_588.npy1973.npy,28.8,109.5319391326528,0.4073078689227064,13.0,0.499
0,HFocusing_5_10_4um_0_588.npy1974.npy,33.6,84.32751012979651,0.38034532407462307,14.0,0.41800000000000004
0,HFocusing_5_10_4um_0_591.npy1975.npy,34.4,87.1236669253014,0.34341422455221277,19.0,0.5844999999999999
0,HFocusing_5_10_4um_0_591.npy1978.npy,33.6,109.24795757204859,0.4535913292094919,15.0,0.47550000000000003
0,HFocusing_5_10_4um_0_591.npy1979.npy,12.0,233.43464369311567,0.3894380619006706,11.0,0.9315
0,HFocusing_5_10_4um_0_596.npy1982.npy,36.8,75.96121371162437,0.3187276249896613,17.0,0.49799999999999994
0,HFocusing_5_10_4um_0_597.npy1983.npy,23.2,121.38776260129704,0.38591637471508655,16.0,0.745
0,HFocusing_5_10_4um_0_597.npy1984.npy,32.8,99.35892333629975,0.37998389723491904,17.0,0.5575000000000001
0,HFocusing_5_10_4um_0_600.npy1988.npy,36.0,73.32138960444425,0.2938049903301625,16.0,0.4725
0,HFocusing_5_10_4um_0_600.npy1990.npy,34.4,101.97586962831095,0.4122999921003596,14.0,0.4415
0,HFocusing_5_10_4um_0_600.npy1991.npy,32.8,111.12505124223105,0.4279526595127094,13.0,0.4345
0,HFocusing_5_10_4um_0_603.npy1993.npy,28.8,123.52874121231906,0.42647679218598744,14.0,0.5335
0,HFocusing_5_10_4um_0_609.npy1997.npy,26.4,142.66586716046888,0.5490887368837408,13.0,0.5345000000000001
0,HFocusing_5_10_4um_0_609.npy1998.npy,33.6,103.62249872438252,0.44401579454421386,14.0,0.456
0,HFocusing_5_10_4um_0_609.npy1999.npy,32.8,93.43239553735218,0.36888326436941754,16.0,0.526
0,HFocusing_5_10_4um_0_61.npy2000.npy,27.2,143.18829424080303,0.4832190103773648,15.0,0.5569999999999999
0,HFocusing_5_10_4um_0_618.npy2005.npy,33.6,86.8587105189866,0.43185076755001445,17.0,0.503
0,HFocusing_5_10_4um_0_621.npy2006.npy,32.0,129.68449510387015,0.5201605141835549,16.0,0.5095
0,HFocusing_5_10_4um_0_621.npy2007.npy,32.0,70.30308226477362,0.3239179189554355,14.0,0.4455
0,HFocusing_5_10_4um_0_621.npy2008.npy,32.8,79.03671942770244,0.3099064594036243,19.0,0.6145
0,HFocusing_5_10_4um_0_624.npy2009.npy,33.6,84.37454419880315,0.378581596588367,14.0,0.419
0,HFocusing_5_10_4um_0_624.npy2010.npy,20.0,169.66430314687366,0.4647264266867476,16.0,0.7965
0,HFocusing_5_10_4um_0_624.npy2011.npy,33.6,85.50392684549439,0.3577040178086428,14.0,0.4185
0,HFocusing_5_10_4um_0_627.npy2012.npy,20.8,169.91957827863467,0.49096857997488474,21.0,1.0265
0,HFocusing_5_10_4um_0_629.npy2013.npy,33.6,97.56165697912996,0.4218514111568972,17.0,0.536
0,HFocusing_5_10_4um_0_632.npy2014.npy,31.2,103.10071909650603,0.36363819068854036,18.0,0.6164999999999999
0,HFocusing_5_10_4um_0_639.npy2016.npy,34.4,85.04836135311692,0.38944995046354697,17.0,0.5199999999999999
0,HFocusing_5_10_4um_0_639.npy2017.npy,23.2,147.04839648032467,0.4935091213988144,15.0,0.646
0,HFocusing_5_10_4um_0_642.npy2018.npy,33.6,114.90323073256722,0.4957615492976551,15.0,0.45649999999999996
0,HFocusing_5_10_4um_0_642.npy2019.npy,28.8,94.97650533349919,0.3876564305990638,12.0,0.4555
0,HFocusing_5_10_4um_0_642.npy2020.npy,34.4,76.42727582760733,0.3420183906302394,15.0,0.447
0,HFocusing_5_10_4um_0_645.npy2022.npy,33.6,82.19354655650851,0.38928755267204224,17.0,0.5325
0,HFocusing_5_10_4um_0_645.npy2024.npy,20.8,171.4247332354156,0.45517894699024136,15.0,0.7765
0,HFocusing_5_10_4um_0_648.npy2025.npy,23.2,144.26056454307496,0.4650028736565253,16.0,0.7464999999999999
0,HFocusing_5_10_4um_0_651.npy2027.npy,30.4,120.91496183229772,0.5193007784907573,14.0,0.4725
0,HFocusing_5_10_4um_0_651.npy2028.npy,32.8,106.40732804323967,0.5260373759482366,15.0,0.501
0,HFocusing_5_10_4um_0_654.npy2029.npy,23.2,96.99404156123798,0.30560739346982746,17.0,0.773
0,HFocusing_5_10_4um_0_657.npy2030.npy,32.8,81.71747429363667,0.30036706721784556,14.0,0.4535
0,HFocusing_5_10_4um_0_657.npy2031.npy,29.6,96.61082396621872,0.42426280186557375,17.0,0.603
0,HFocusing_5_10_4um_0_657.npy2032.npy,31.2,142.47254435257767,0.5203239251609181,27.0,0.9015
0,HFocusing_5_10_4um_0_657.npy2033.npy,12.0,176.94321390550056,0.273164980837338,11.0,0.9305
0,HFocusing_5_10_4um_0_660.npy2034.npy,26.4,127.18392951056161,0.49715009151040923,15.0,0.6045
0,HFocusing_5_10_4um_0_660.npy2035.npy,32.0,158.22381263833384,0.6504305856515167,14.0,0.443
0,HFocusing_5_10_4um_0_663.npy2036.npy,32.8,109.53300907983632,0.4797023701043466,14.0,0.4365
0,HFocusing_5_10_4um_0_666.npy2038.npy,20.0,156.71665673642994,0.4312964953140137,15.0,0.8165
0,HFocusing_5_10_4um_0_670.npy2040.npy,21.6,152.3370825266557,0.42666407987114596,16.0,0.785
0,HFocusing_5_10_4um_0_673.npy2042.npy,32.8,102.09986961861973,0.5283200998873293,14.0,0.43600000000000005
0,HFocusing_5_10_4um_0_676.npy2043.npy,33.6,97.78379583154165,0.3616360722993531,18.0,0.5685
0,HFocusing_5_10_4um_0_676.npy2044.npy,30.4,130.84851240576333,0.4697339911277378,16.0,0.5345000000000001
0,HFocusing_5_10_4um_0_682.npy2048.npy,34.4,82.67829389403607,0.3497069909110728,21.0,0.639
0,HFocusing_5_10_4um_0_682.npy2049.npy,33.6,104.47199286494931,0.4505751587221506,14.0,0.4525
0,HFocusing_5_10_4um_0_685.npy2050.npy,16.0,96.41837269749088,0.4299965316931292,14.0,0.909
0,HFocusing_5_10_4um_0_685.npy2052.npy,33.6,68.54454786857475,0.3109223589898776,18.0,0.5765
0,HFocusing_5_10_4um_0_685.npy2053.npy,33.6,87.17932033202466,0.36011926015850393,14.0,0.4555
0,HFocusing_5_10_4um_0_685.npy2054.npy,32.8,78.71937026190125,0.2714674869779678,20.0,0.638
0,HFocusing_5_10_4um_0_69.npy2057.npy,29.6,77.34669874618504,0.3574877988897908,15.0,0.509
0,HFocusing_5_10_4um_0_692.npy2059.npy,28.8,107.28951438936232,0.44596025300897835,15.0,0.527
0,HFocusing_5_10_4um_0_694.npy2060.npy,24.8,167.91709019355608,0.545203140193326,13.0,0.574
0,HFocusing_5_10_4um_0_707.npy2066.npy,32.0,88.083873207225,0.37722329625297424,15.0,0.4765
0,HFocusing_5_10_4um_0_709.npy2068.npy,31.2,145.42909818067415,0.5171025317448391,21.0,0.6725
0,HFocusing_5_10_4um_0_712.npy2069.npy,32.8,100.49632697128824,0.36434946086697106,17.0,0.55
0,HFocusing_5_10_4um_0_716.npy2071.npy,27.2,65.35682606158706,0.2659828303966927,16.0,0.625
0,HFocusing_5_10_4um_0_718.npy2072.npy,32.0,91.52675922956102,0.4061164766065564,14.0,0.4125
0,HFocusing_5_10_4um_0_721.npy2073.npy,32.8,87.93428850523318,0.4537052899173945,14.0,0.4385
0,HFocusing_5_10_4um_0_721.npy2074.npy,32.0,86.03408819264916,0.29949431735258936,17.0,0.5609999999999999
0,HFocusing_5_10_4um_0_724.npy2075.npy,33.6,76.33248127533514,0.3583427442223501,13.0,0.42450000000000004
0,HFocusing_5_10_4um_0_724.npy2076.npy,32.0,110.22683193386416,0.4107641845892101,14.0,0.475
0,HFocusing_5_10_4um_0_724.npy2077.npy,32.0,112.68747012447962,0.4502128603792403,13.0,0.4145
0,HFocusing_5_10_4um_0_727.npy2079.npy,27.2,123.88431782583662,0.37069651707933066,18.0,0.7094999999999999
0,HFocusing_5_10_4um_0_730.npy2081.npy,30.4,113.34258657992781,0.4627438016296175,13.0,0.4025
0,HFocusing_5_10_4um_0_733.npy2082.npy,17.6,209.17434663458863,0.4477712049822674,16.0,0.9420000000000001
0,HFocusing_5_10_4um_0_733.npy2086.npy,32.0,109.16109492711442,0.4572298229608208,24.0,0.79
0,HFocusing_5_10_4um_0_736.npy2087.npy,31.2,55.59750407445211,0.2864208328793953,15.0,0.5165000000000001
0,HFocusing_5_10_4um_0_736.npy2088.npy,25.6,138.8586759785828,0.4617724245667484,16.0,0.642
0,HFocusing_5_10_4um_0_739.npy2089.npy,30.4,109.13494890238029,0.4922484368956197,13.0,0.434
0,HFocusing_5_10_4um_0_739.npy2090.npy,31.2,95.95620239258726,0.40918368070682215,15.0,0.4845
0,HFocusing_5_10_4um_0_745.npy2092.npy,27.2,101.95897271424354,0.4492434315973743,12.0,0.4815
0,HFocusing_5_10_4um_0_754.npy2096.npy,29.6,112.96944947316157,0.5375355604047387,13.0,0.446
0,HFocusing_5_10_4um_0_754.npy2097.npy,31.2,96.59174239122834,0.4088336728833597,18.0,0.612
0,HFocusing_5_10_4um_0_757.npy2098.npy,26.4,143.0651200987918,0.6339061781645485,15.0,0.562
0,HFocusing_5_10_4um_0_760.npy2099.npy,17.6,208.847254219801,0.5355522987813566,12.0,0.6795
0,HFocusing_5_10_4um_0_767.npy2103.npy,32.0,118.79752302765706,0.4730302372926982,15.0,0.4725
0,HFocusing_5_10_4um_0_767.npy2104.npy,34.4,93.59046792421744,0.38011509733899124,14.0,0.41350000000000003
0,HFocusing_5_10_4um_0_77.npy2105.npy,18.4,183.68680322723412,0.4292698255772723,12.0,0.726
0,HFocusing_5_10_4um_0_770.npy2106.npy,32.8,80.49061231051118,0.31084552760636913,17.0,0.558
0,HFocusing_5_10_4um_0_770.npy2107.npy,31.2,121.89507925317913,0.4023862809440358,18.0,0.6174999999999999
0,HFocusing_5_10_4um_0_770.npy2108.npy,33.6,90.56579011288595,0.40737260633658195,20.0,0.6295
0,HFocusing_5_10_4um_0_773.npy2109.npy,34.4,95.62885565644218,0.510006046472067,17.0,0.5165000000000001
0,HFocusing_5_10_4um_0_773.npy2110.npy,17.6,220.9192357273828,0.5307875568296709,14.0,0.7955
0,HFocusing_5_10_4um_0_773.npy2111.npy,35.2,97.23035786668697,0.3702554913062627,16.0,0.49200000000000005
0,HFocusing_5_10_4um_0_773.npy2112.npy,35.2,121.85492017709528,0.501833715382494,17.0,0.4915
0,HFocusing_5_10_4um_0_776.npy2114.npy,34.4,101.31266063412166,0.46896583915374196,15.0,0.467
0,HFocusing_5_10_4um_0_779.npy2115.npy,16.0,226.10329923554036,0.506360061485412,15.0,0.9575
0,HFocusing_5_10_4um_0_779.npy2116.npy,28.0,117.26002980240578,0.43281185255122046,14.0,0.47600000000000003
0,HFocusing_5_10_4um_0_779.npy2117.npy,35.2,75.29679572904908,0.2981743256055713,18.0,0.537
0,HFocusing_5_10_4um_0_785.npy2120.npy,36.8,77.98706655667036,0.391540139811704,14.0,0.382
0,HFocusing_5_10_4um_0_788.npy2121.npy,27.2,126.87298788418597,0.7658398879389847,14.0,0.5495
0,HFocusing_5_10_4um_0_788.npy2122.npy,16.8,218.81444812600142,0.4152975397885311,16.0,0.901
0,HFocusing_5_10_4um_0_788.npy2123.npy,33.6,86.63092978052342,0.34941103154149566,15.0,0.48700000000000004
0,HFocusing_5_10_4um_0_788.npy2124.npy,27.2,131.93763650228283,0.7219357421685672,14.0,0.549
0,HFocusing_5_10_4um_0_791.npy2125.npy,18.4,233.39350591091053,0.5836561498474816,13.0,0.661
0,HFocusing_5_10_4um_0_791.npy2126.npy,36.0,91.06233052254026,0.3508523622662485,16.0,0.4775
0,HFocusing_5_10_4um_0_794.npy2128.npy,35.2,75.97658541875686,0.313052593075402,17.0,0.5115000000000001
0,HFocusing_5_10_4um_0_794.npy2129.npy,32.0,112.2383271738243,0.4476713156160811,14.0,0.446
0,HFocusing_5_10_4um_0_794.npy2130.npy,26.4,141.23875492289787,0.4519585091942535,14.0,0.536
0,HFocusing_5_10_4um_0_797.npy2131.npy,32.0,98.06511476643693,0.3554277416285978,17.0,0.5635
0,HFocusing_5_10_4um_0_797.npy2132.npy,29.6,111.78698042096705,0.5195635522068963,12.0,0.4425
0,HFocusing_5_10_4um_0_797.npy2133.npy,32.8,100.16117784765063,0.4276856478348987,16.0,0.5145
0,HFocusing_5_10_4um_0_800.npy2135.npy,32.8,67.38667959692938,0.3396366924414323,13.0,0.40049999999999997
0,HFocusing_5_10_4um_0_800.npy2136.npy,28.8,122.28955548462794,0.5062555706952799,13.0,0.46099999999999997
0,HFocusing_5_10_4um_0_803.npy2137.npy,26.4,132.7021252693334,0.6161960589119613,18.0,0.737
0,HFocusing_5_10_4um_0_806.npy2140.npy,14.4,152.72245162558193,0.32138331946265725,12.0,0.799
0,HFocusing_5_10_4um_0_809.npy2142.npy,32.8,92.18697731574598,0.4023462996928368,17.0,0.5479999999999999
0,HFocusing_5_10_4um_0_809.npy2143.npy,33.6,96.18614601703891,0.45575282966993513,13.0,0.391
0,HFocusing_5_10_4um_0_815.npy2147.npy,34.4,81.69199458167405,0.3074580174997579,20.0,0.6174999999999999
0,HFocusing_5_10_4um_0_815.npy2148.npy,32.0,102.57110456149525,0.4241468998084245,13.0,0.4475
0,HFocusing_5_10_4um_0_818.npy2149.npy,33.6,99.70739315420896,0.3988266862152413,14.0,0.4525
0,HFocusing_5_10_4um_0_821.npy2150.npy,33.6,34.91761884779216,0.1686405461988781,15.0,0.4525
0,HFocusing_5_10_4um_0_821.npy2151.npy,32.0,92.36201211225425,0.37967587175278283,13.0,0.38249999999999995
0,HFocusing_5_10_4um_0_821.npy2152.npy,32.0,108.96078128888176,0.4943327340624354,14.0,0.41350000000000003
0,HFocusing_5_10_4um_0_821.npy2153.npy,15.2,84.0338511823816,0.21579677717953713,14.0,0.9245
0,HFocusing_5_10_4um_0_824.npy2154.npy,22.4,72.41105370320572,0.26277936212335884,17.0,0.808
0,HFocusing_5_10_4um_0_824.npy2155.npy,26.4,120.42111257276875,0.46648306254560545,17.0,0.637
0,HFocusing_5_10_4um_0_824.npy2156.npy,32.8,149.1163008318524,0.531931130082884,20.0,0.621
0,HFocusing_5_10_4um_0_827.npy2157.npy,16.0,208.2233044015902,0.46461104521805696,13.0,0.8545
0,HFocusing_5_10_4um_0_830.npy2158.npy,35.2,79.87181255222579,0.3796280103354449,20.0,0.603
0,HFocusing_5_10_4um_0_830.npy2159.npy,28.8,85.49219761052358,0.3662346158594258,13.0,0.48700000000000004
0,HFocusing_5_10_4um_0_830.npy2160.npy,26.4,112.99668783092677,0.37486787374449204,18.0,0.65
0,HFocusing_5_10_4um_0_833.npy2161.npy,35.2,65.15649270870277,0.33741243937772936,13.0,0.376
0,HFocusing_5_10_4um_0_833.npy2162.npy,31.2,75.26490301877122,0.2844849264122047,15.0,0.5175
0,HFocusing_5_10_4um_0_839.npy2163.npy,32.8,111.41944747557572,0.44286522672644363,14.0,0.4615
0,HFocusing_5_10_4um_0_84.npy2164.npy,20.0,158.43973631674055,0.3927630049581419,15.0,0.763
0,HFocusing_5_10_4um_0_845.npy2167.npy,36.0,78.3548575550828,0.3346132678839662,19.0,0.558
0,HFocusing_5_10_4um_0_845.npy2168.npy,32.0,101.373119436701,0.37046814406123557,20.0,0.6625
0,HFocusing_5_10_4um_0_848.npy2170.npy,33.6,80.58396545208966,0.44038519723705866,19.0,0.5984999999999999
0,HFocusing_5_10_4um_0_848.npy2171.npy,36.0,85.3577033857224,0.40769673053169936,15.0,0.453
0,HFocusing_5_10_4um_0_851.npy2172.npy,26.4,127.16523011610131,0.4779217520083542,14.0,0.5455
0,HFocusing_5_10_4um_0_851.npy2173.npy,25.6,42.675383736439045,0.1658404206338431,15.0,0.6034999999999999
0,HFocusing_5_10_4um_0_851.npy2174.npy,25.6,43.28063952354248,0.16594330496059898,15.0,0.605
0,HFocusing_5_10_4um_0_853.npy2176.npy,36.8,84.73814145932394,0.376155338918455,15.0,0.4465
0,HFocusing_5_10_4um_0_853.npy2177.npy,34.4,84.77092102280906,0.3775206154527799,15.0,0.41100000000000003
0,HFocusing_5_10_4um_0_853.npy2178.npy,36.8,84.73814145932394,0.376155338918455,15.0,0.4465
0,HFocusing_5_10_4um_0_856.npy2181.npy,32.8,108.80462396431508,0.4897468680712362,14.0,0.431
0,HFocusing_5_10_4um_0_856.npy2182.npy,29.6,74.63537923691267,0.28298299383117326,15.0,0.47800000000000004
0,HFocusing_5_10_4um_0_859.npy2183.npy,34.4,90.81766578522155,0.3441246134919268,20.0,0.6204999999999999
0,HFocusing_5_10_4um_0_859.npy2184.npy,28.0,110.91599518677452,0.3657513117287342,15.0,0.5730000000000001
0,HFocusing_5_10_4um_0_859.npy2185.npy,29.6,91.22156306805913,0.35046906837289504,18.0,0.6535
0,HFocusing_5_10_4um_0_865.npy2188.npy,24.8,120.18944871867792,0.44453627006853524,13.0,0.5625
0,HFocusing_5_10_4um_0_865.npy2190.npy,29.6,94.11834279450756,0.3621193528851109,23.0,0.7955
0,HFocusing_5_10_4um_0_865.npy2191.npy,33.6,69.86953597870908,0.33924053356851874,15.0,0.449
0,HFocusing_5_10_4um_0_868.npy2192.npy,32.0,77.23629065157274,0.378378228965138,17.0,0.5215000000000001
0,HFocusing_5_10_4um_0_87.npy2193.npy,34.4,98.27197416108251,0.3733281953566341,17.0,0.5295
0,HFocusing_5_10_4um_0_871.npy2194.npy,32.8,91.75509394487115,0.4027407270523442,14.0,0.438
0,HFocusing_5_10_4um_0_874.npy2196.npy,32.0,105.75001614874287,0.34724071516589317,20.0,0.631
0,HFocusing_5_10_4um_0_878.npy2197.npy,22.4,156.13304376784242,0.4247904795811278,17.0,0.8185
0,HFocusing_5_10_4um_0_881.npy2198.npy,20.8,138.499031303474,0.3747566424352902,16.0,0.7735
0,HFocusing_5_10_4um_0_886.npy2200.npy,32.8,120.81578297756215,0.5108190911503573,15.0,0.48950000000000005
0,HFocusing_5_10_4um_0_886.npy2201.npy,30.4,115.95799940086825,0.5026786989355897,13.0,0.4305
0,HFocusing_5_10_4um_0_886.npy2202.npy,23.2,152.02696988275434,0.45201117284198544,11.0,0.5235
0,HFocusing_5_10_4um_0_889.npy2203.npy,24.8,149.67729316670048,0.6820212953894234,13.0,0.524
0,HFocusing_5_10_4um_0_889.npy2204.npy,34.4,85.20070279743443,0.3982904370200544,18.0,0.521
0,HFocusing_5_10_4um_0_889.npy2205.npy,24.8,114.47853383665222,0.4694769139921092,12.0,0.49799999999999994
0,HFocusing_5_10_4um_0_893.npy2206.npy,17.6,202.96651337387945,0.4690439927520464,13.0,0.7414999999999999
0,HFocusing_5_10_4um_0_896.npy2208.npy,22.4,191.58892779336503,0.5576486525414082,12.0,0.594
0,HFocusing_5_10_4um_0_896.npy2209.npy,14.4,216.5488696912982,0.40271849215324973,13.0,0.8704999999999999
0,HFocusing_5_10_4um_0_899.npy2210.npy,34.4,93.09368666142204,0.39530987984909954,15.0,0.46900000000000003
0,HFocusing_5_10_4um_0_899.npy2211.npy,32.0,98.48250713917191,0.43808121102725944,14.0,0.44949999999999996
0,HFocusing_5_10_4um_0_903.npy2213.npy,20.0,195.03841275386114,0.5590940224524933,14.0,0.7525000000000001
0,HFocusing_5_10_4um_0_903.npy2214.npy,20.8,102.52785332321874,0.248288022012593,18.0,0.873
0,HFocusing_5_10_4um_0_906.npy2216.npy,16.8,232.1879931514387,0.47412358037165814,16.0,0.8989999999999999
0,HFocusing_5_10_4um_0_906.npy2217.npy,36.0,86.55571998817315,0.35634128947484695,17.0,0.504
0,HFocusing_5_10_4um_0_909.npy2219.npy,35.2,75.66610902293364,0.3398340475779761,14.0,0.3795
0,HFocusing_5_10_4um_0_912.npy2220.npy,35.2,82.85224806638884,0.3101031754681852,17.0,0.512
0,HFocusing_5_10_4um_0_912.npy2221.npy,35.2,94.410970250182,0.3587109030002746,17.0,0.516
0,HFocusing_5_10_4um_0_915.npy2222.npy,33.6,84.90634960115082,0.39923042045809215,19.0,0.5955
0,HFocusing_5_10_4um_0_915.npy2223.npy,30.4,109.22286607435096,0.4501539241392747,14.0,0.43600000000000005
0,HFocusing_5_10_4um_0_915.npy2224.npy,35.2,84.12931772322742,0.3951290647650274,15.0,0.426
0,HFocusing_5_10_4um_0_918.npy2225.npy,33.6,71.39784943406667,0.3509418740603662,16.0,0.518
0,HFocusing_5_10_4um_0_918.npy2226.npy,31.2,132.7032793375818,0.5488008177451649,25.0,0.8085
0,HFocusing_5_10_4um_0_921.npy2227.npy,18.4,180.2071734230627,0.44410840208635827,15.0,0.804
0,HFocusing_5_10_4um_0_921.npy2228.npy,36.8,73.21787811663889,0.3283939437179583,15.0,0.419
0,HFocusing_5_10_4um_0_921.npy2229.npy,33.6,89.6402935316494,0.41043133852001484,19.0,0.588
0,HFocusing_5_10_4um_0_921.npy2230.npy,18.4,176.6106776637931,0.439767062931694,14.0,0.804
0,HFocusing_5_10_4um_0_924.npy2232.npy,33.6,94.59409120528588,0.4167281982859274,14.0,0.456
0,HFocusing_5_10_4um_0_924.npy2234.npy,27.2,128.7520808981505,0.4292769952609162,17.0,0.6675
0,HFocusing_5_10_4um_0_924.npy2235.npy,24.0,164.22199370494909,0.53683838643099,12.0,0.544
0,HFocusing_5_10_4um_0_927.npy2237.npy,28.0,133.29867371319102,0.48676089378281584,14.0,0.5175
0,HFocusing_5_10_4um_0_927.npy2238.npy,33.6,87.38070697263858,0.34886040619064856,18.0,0.5655
0,HFocusing_5_10_4um_0_927.npy2239.npy,32.0,90.88514843082005,0.47981391248153704,13.0,0.412
0,HFocusing_5_10_4um_0_930.npy2242.npy,31.2,136.8001876813806,0.5391082594428319,15.0,0.517
0,HFocusing_5_10_4um_0_930.npy2243.npy,22.4,138.22646312835025,0.8627067213380776,14.0,0.679
0,HFocusing_5_10_4um_0_933.npy2245.npy,32.0,70.33520462669402,0.2762869422579734,17.0,0.5735
0,HFocusing_5_10_4um_0_933.npy2246.npy,36.0,66.77346373583978,0.305705126935391,14.0,0.42000000000000004
0,HFocusing_5_10_4um_0_936.npy2247.npy,23.2,157.8576814041789,0.5473225962455756,13.0,0.5609999999999999
0,HFocusing_5_10_4um_0_939.npy2249.npy,34.4,93.13338961387193,0.40053626707195655,15.0,0.4705
0,HFocusing_5_10_4um_0_942.npy2251.npy,36.0,82.63865842398401,0.3757665187447816,16.0,0.4525
0,HFocusing_5_10_4um_0_942.npy2252.npy,27.2,138.50982025783958,0.5238654087068337,15.0,0.5934999999999999
0,HFocusing_5_10_4um_0_942.npy2253.npy,24.8,160.9397437713493,0.4765528467986773,15.0,0.6085
0,HFocusing_5_10_4um_0_945.npy2254.npy,34.4,75.99059179760222,0.37778204466562204,14.0,0.3875
0,HFocusing_5_10_4um_0_945.npy2255.npy,35.2,89.65003800657604,0.3938153672907159,11.0,0.3435
0,HFocusing_5_10_4um_0_948.npy2256.npy,36.0,87.91990835464453,0.4040727634203366,16.0,0.45399999999999996
0,HFocusing_5_10_4um_0_951.npy2259.npy,30.4,111.02563773338211,0.5101245420565751,12.0,0.4045
0,HFocusing_5_10_4um_0_951.npy2260.npy,25.6,81.63819512634713,0.34167012933029745,13.0,0.519
0,HFocusing_5_10_4um_0_951.npy2261.npy,22.4,173.1035141137469,0.5340299256939366,12.0,0.503
0,HFocusing_5_10_4um_0_954.npy2264.npy,31.2,116.31790406323978,0.6135688880396097,16.0,0.5555
0,HFocusing_5_10_4um_0_954.npy2265.npy,32.8,61.82581903119096,0.2434994352111257,17.0,0.531
0,HFocusing_5_10_4um_0_954.npy2266.npy,31.2,119.41583984008862,0.6138061721604816,16.0,0.5585
0,HFocusing_5_10_4um_0_954.npy2267.npy,32.8,86.11643077771214,0.39371671344781445,14.0,0.43150000000000005
0,HFocusing_5_10_4um_0_957.npy2268.npy,35.2,69.74736903090628,0.28778131621887365,20.0,0.599
0,HFocusing_5_10_4um_0_957.npy2269.npy,35.2,92.15112761996424,0.39035628359422847,16.0,0.4555
0,HFocusing_5_10_4um_0_960.npy2270.npy,35.2,68.69277151658177,0.3368162764383477,20.0,0.5995
0,HFocusing_5_10_4um_0_963.npy2272.npy,33.6,95.54969368546904,0.47464184952251054,13.0,0.4235
0,HFocusing_5_10_4um_0_963.npy2273.npy,35.2,75.10094752379052,0.3377003313582411,17.0,0.481
0,HFocusing_5_10_4um_0_963.npy2274.npy,28.8,87.51129443633327,0.42771315530562715,12.0,0.44049999999999995
0,HFocusing_5_10_4um_0_966.npy2276.npy,28.8,144.62495588224246,0.5178741914894169,27.0,0.9165
0,HFocusing_5_10_4um_0_966.npy2277.npy,28.0,58.499365631245276,0.21410433425313552,13.0,0.443
0,HFocusing_5_10_4um_0_966.npy2278.npy,16.0,91.59200590686467,0.1902753963774364,15.0,0.9855
0,HFocusing_5_10_4um_0_969.npy2279.npy,30.4,124.41844886473785,0.43173625373131,16.0,0.5445
0,HFocusing_5_10_4um_0_969.npy2280.npy,31.2,104.32101992805505,0.4930118654510338,13.0,0.4525
0,HFocusing_5_10_4um_0_972.npy2282.npy,27.2,118.04365655743966,0.3440531170303018,20.0,0.7464999999999999
0,HFocusing_5_10_4um_0_972.npy2283.npy,36.0,93.13030405962785,0.3666220928528757,17.0,0.484
0,HFocusing_5_10_4um_0_975.npy2284.npy,22.4,179.6214949951823,0.5375354581915239,13.0,0.587
0,HFocusing_5_10_4um_0_977.npy2285.npy,31.2,89.58643995970228,0.4516181939306383,14.0,0.4485
0,HFocusing_5_10_4um_0_977.npy2286.npy,30.4,93.89501421720527,0.40612426628697085,14.0,0.48899999999999993
0,HFocusing_5_10_4um_0_977.npy2287.npy,36.0,65.1544951801173,0.2898749961436463,16.0,0.4455
0,HFocusing_5_10_4um_0_980.npy2289.npy,33.6,91.94486414457538,0.39665286981455,22.0,0.6955
0,HFocusing_5_10_4um_0_980.npy2290.npy,29.6,91.9473403060984,0.3692991870373582,15.0,0.48500000000000004
0,HFocusing_5_10_4um_0_983.npy2291.npy,35.2,75.65745915261306,0.3202352070925049,19.0,0.5685
0,HFocusing_5_10_4um_0_983.npy2292.npy,30.4,111.29743673635927,0.36147339448107557,16.0,0.539
0,HFocusing_5_10_4um_0_986.npy2293.npy,29.6,76.3221830909243,0.3331978652767088,13.0,0.448
0,HFocusing_5_10_4um_0_986.npy2294.npy,32.8,96.55660041419165,0.43021795921756995,14.0,0.4355
0,HFocusing_5_10_4um_0_989.npy2295.npy,32.8,98.42534819502724,0.4201976653521977,15.0,0.49
0,HFocusing_5_10_4um_0_989.npy2296.npy,23.2,129.72121680636502,0.41113693542207264,13.0,0.565
0,HFocusing_5_10_4um_0_989.npy2297.npy,21.6,129.53074894984286,0.35653697225919057,15.0,0.7555
0,HFocusing_5_10_4um_0_992.npy2298.npy,32.0,106.0509147745224,0.4296346261875718,15.0,0.507
0,HFocusing_5_10_4um_0_992.npy2299.npy,34.4,140.00181405656872,0.4992955913534055,20.0,0.618
0,HFocusing_5_10_4um_0_995.npy2300.npy,35.2,92.14960159149342,0.36989481239375377,19.0,0.574
0,HFocusing_5_10_4um_0_995.npy2302.npy,35.2,92.334252157805,0.33836488015372246,19.0,0.574
